amount,lag_1,lag_2,lag_3,rolling_mean_3,year,month,day,weekday,user_transaction_count
5394.0,27587.0,679.0,4178.0,10814.666666666666,2021,10,6,2,3
9376.0,5394.0,27587.0,679.0,11220.0,2021,10,8,4,4
9484.0,9376.0,5394.0,27587.0,14119.0,2021,10,26,1,5
5385.0,9484.0,9376.0,5394.0,8084.666666666667,2021,12,22,2,6
5881.0,5385.0,9484.0,9376.0,8081.666666666667,2022,2,12,5,7
3404.0,5881.0,5385.0,9484.0,6916.666666666667,2022,2,26,5,8
7698.0,3404.0,5881.0,5385.0,4890.0,2022,5,18,2,9
459.0,7698.0,3404.0,5881.0,5661.0,2022,5,25,2,10
17529.0,459.0,7698.0,3404.0,3853.6666666666665,2022,7,12,1,11
7554.0,17529.0,459.0,7698.0,8562.0,2022,8,15,0,12
9440.0,7554.0,17529.0,459.0,8514.0,2022,10,8,5,13
3926.0,9440.0,7554.0,17529.0,11507.666666666666,2022,10,22,5,14
8348.0,3926.0,9440.0,7554.0,6973.333333333333,2023,1,11,2,15
3885.0,8348.0,3926.0,9440.0,7238.0,2023,2,8,2,16
8735.0,3885.0,8348.0,3926.0,5386.333333333333,2023,2,16,3,17
7959.0,8735.0,3885.0,8348.0,6989.333333333333,2023,2,21,1,18
3076.0,7959.0,8735.0,3885.0,6859.666666666667,2023,2,22,2,19
73568.0,3076.0,7959.0,8735.0,6590.0,2023,2,26,6,20
42053.0,73568.0,3076.0,7959.0,28201.0,2023,3,7,1,21
69892.0,42053.0,73568.0,3076.0,39565.666666666664,2023,4,6,3,22
1575.0,69892.0,42053.0,73568.0,61837.666666666664,2023,5,25,3,23
262.0,1575.0,69892.0,42053.0,37840.0,2023,6,25,6,24
882.0,262.0,1575.0,69892.0,23909.666666666668,2023,7,12,2,25
7321.0,882.0,262.0,1575.0,906.3333333333334,2023,8,24,3,26
4839.0,7321.0,882.0,262.0,2821.6666666666665,2023,11,10,4,27
34793.0,4839.0,7321.0,882.0,4347.333333333333,2023,11,13,0,28
2100.0,34793.0,4839.0,7321.0,15651.0,2023,12,2,5,29
4103.0,2100.0,34793.0,4839.0,13910.666666666666,2024,2,1,3,30
49068.0,4103.0,2100.0,34793.0,13665.333333333334,2024,2,11,6,31
3907.0,49068.0,4103.0,2100.0,18423.666666666668,2024,4,11,3,32
8174.0,3907.0,49068.0,4103.0,19026.0,2024,5,24,4,33
1413.0,8174.0,3907.0,49068.0,20383.0,2024,5,25,5,34
25294.0,1413.0,8174.0,3907.0,4498.0,2024,7,15,0,35
6258.0,25294.0,1413.0,8174.0,11627.0,2024,11,20,2,36
36001.0,6258.0,25294.0,1413.0,10988.333333333334,2024,11,22,4,37
8193.0,1012.0,32675.0,6785.0,13490.666666666666,2021,11,29,0,3
56818.0,8193.0,1012.0,32675.0,13960.0,2021,12,14,1,4
71558.0,56818.0,8193.0,1012.0,22007.666666666668,2021,12,22,2,5
4750.0,71558.0,56818.0,8193.0,45523.0,2022,1,12,2,6
5654.0,4750.0,71558.0,56818.0,44375.333333333336,2022,1,31,0,7
1735.0,5654.0,4750.0,71558.0,27320.666666666668,2022,2,28,0,8
8005.0,1735.0,5654.0,4750.0,4046.3333333333335,2022,5,21,5,9
9771.0,8005.0,1735.0,5654.0,5131.333333333333,2022,6,18,5,10
13927.0,9771.0,8005.0,1735.0,6503.666666666667,2022,7,22,4,11
9892.0,13927.0,9771.0,8005.0,10567.666666666666,2022,11,17,3,12
4312.0,9892.0,13927.0,9771.0,11196.666666666666,2022,11,23,2,13
5150.0,4312.0,9892.0,13927.0,9377.0,2022,12,8,3,14
5292.0,5150.0,4312.0,9892.0,6451.333333333333,2022,12,21,2,15
4359.0,5292.0,5150.0,4312.0,4918.0,2023,5,8,0,16
46947.0,4359.0,5292.0,5150.0,4933.666666666667,2023,8,11,4,17
3203.0,46947.0,4359.0,5292.0,18866.0,2023,11,6,0,18
676.0,3203.0,46947.0,4359.0,18169.666666666668,2024,2,27,1,19
1443.0,676.0,3203.0,46947.0,16942.0,2024,4,30,1,20
18922.0,1443.0,676.0,3203.0,1774.0,2024,6,21,4,21
3150.0,18922.0,1443.0,676.0,7013.666666666667,2024,6,28,4,22
5919.0,3150.0,18922.0,1443.0,7838.333333333333,2024,9,8,6,23
9538.0,5919.0,3150.0,18922.0,9330.333333333334,2024,9,12,3,24
2324.0,9538.0,5919.0,3150.0,6202.333333333333,2024,9,21,5,25
7550.0,2324.0,9538.0,5919.0,5927.0,2024,9,21,5,26
11162.0,169.0,8374.0,3829.0,4124.0,2022,2,6,6,3
5996.0,11162.0,169.0,8374.0,6568.333333333333,2022,3,22,1,4
9508.0,5996.0,11162.0,169.0,5775.666666666667,2022,4,4,0,5
8157.0,9508.0,5996.0,11162.0,8888.666666666666,2022,4,14,3,6
1258.0,8157.0,9508.0,5996.0,7887.0,2022,6,14,1,7
2121.0,1258.0,8157.0,9508.0,6307.666666666667,2022,10,14,4,8
3946.0,2121.0,1258.0,8157.0,3845.3333333333335,2022,12,18,6,9
7824.0,3946.0,2121.0,1258.0,2441.6666666666665,2023,1,2,0,10
1550.0,7824.0,3946.0,2121.0,4630.333333333333,2023,1,9,0,11
1986.0,1550.0,7824.0,3946.0,4440.0,2023,1,20,4,12
9361.0,1986.0,1550.0,7824.0,3786.6666666666665,2023,3,9,3,13
7880.0,9361.0,1986.0,1550.0,4299.0,2023,3,20,0,14
1974.0,7880.0,9361.0,1986.0,6409.0,2023,3,21,1,15
5749.0,1974.0,7880.0,9361.0,6405.0,2023,3,25,5,16
57294.0,5749.0,1974.0,7880.0,5201.0,2023,5,14,6,17
2278.0,57294.0,5749.0,1974.0,21672.333333333332,2023,5,16,1,18
45251.0,2278.0,57294.0,5749.0,21773.666666666668,2023,5,31,2,19
8751.0,45251.0,2278.0,57294.0,34941.0,2023,6,4,6,20
9682.0,8751.0,45251.0,2278.0,18760.0,2023,7,17,0,21
987.0,9682.0,8751.0,45251.0,21228.0,2023,8,12,5,22
41293.0,987.0,9682.0,8751.0,6473.333333333333,2023,9,19,1,23
3397.0,41293.0,987.0,9682.0,17320.666666666668,2024,1,3,2,24
291.0,3397.0,41293.0,987.0,15225.666666666666,2024,3,7,3,25
7693.0,291.0,3397.0,41293.0,14993.666666666666,2024,5,20,0,26
1006.0,7693.0,291.0,3397.0,3793.6666666666665,2024,5,21,1,27
1495.0,1006.0,7693.0,291.0,2996.6666666666665,2024,5,31,4,28
1623.0,1495.0,1006.0,7693.0,3398.0,2024,6,6,3,29
3144.0,1623.0,1495.0,1006.0,1374.6666666666667,2024,6,19,2,30
134.0,3144.0,1623.0,1495.0,2087.3333333333335,2024,7,18,3,31
41460.0,134.0,3144.0,1623.0,1633.6666666666667,2024,8,12,0,32
2791.0,41460.0,134.0,3144.0,14912.666666666666,2024,8,24,5,33
1818.0,2791.0,41460.0,134.0,14795.0,2024,9,17,1,34
6002.0,1818.0,2791.0,41460.0,15356.333333333334,2024,9,24,1,35
6437.0,6002.0,1818.0,2791.0,3537.0,2024,10,8,1,36
4991.0,6437.0,6002.0,1818.0,4752.333333333333,2024,10,15,1,37
7717.0,4991.0,6437.0,6002.0,5810.0,2024,12,1,6,38
37667.0,23537.0,2391.0,2668.0,9532.0,2021,6,27,6,3
8704.0,37667.0,23537.0,2391.0,21198.333333333332,2021,8,30,0,4
1044.0,8704.0,37667.0,23537.0,23302.666666666668,2021,9,17,4,5
5795.0,1044.0,8704.0,37667.0,15805.0,2021,11,11,3,6
7667.0,5795.0,1044.0,8704.0,5181.0,2022,1,20,3,7
10800.0,7667.0,5795.0,1044.0,4835.333333333333,2022,2,4,4,8
3122.0,10800.0,7667.0,5795.0,8087.333333333333,2022,2,21,0,9
4005.0,3122.0,10800.0,7667.0,7196.333333333333,2022,4,5,1,10
1783.0,4005.0,3122.0,10800.0,5975.666666666667,2022,4,14,3,11
5439.0,1783.0,4005.0,3122.0,2970.0,2022,5,15,6,12
76282.0,5439.0,1783.0,4005.0,3742.3333333333335,2022,6,30,3,13
7668.0,76282.0,5439.0,1783.0,27834.666666666668,2022,8,25,3,14
1547.0,7668.0,76282.0,5439.0,29796.333333333332,2022,10,13,3,15
4890.0,1547.0,7668.0,76282.0,28499.0,2022,12,3,5,16
4330.0,4890.0,1547.0,7668.0,4701.666666666667,2023,2,13,0,17
3006.0,4330.0,4890.0,1547.0,3589.0,2023,2,14,1,18
2759.0,3006.0,4330.0,4890.0,4075.3333333333335,2023,2,21,1,19
1765.0,2759.0,3006.0,4330.0,3365.0,2023,4,21,4,20
24628.0,1765.0,2759.0,3006.0,2510.0,2023,5,3,2,21
1034.0,24628.0,1765.0,2759.0,9717.333333333334,2023,5,10,2,22
76991.0,1034.0,24628.0,1765.0,9142.333333333334,2023,8,4,4,23
5649.0,76991.0,1034.0,24628.0,34217.666666666664,2023,9,24,6,24
8926.0,5649.0,76991.0,1034.0,27891.333333333332,2023,11,2,3,25
1794.0,8926.0,5649.0,76991.0,30522.0,2023,12,3,6,26
6854.0,1794.0,8926.0,5649.0,5456.333333333333,2023,12,6,2,27
2970.0,6854.0,1794.0,8926.0,5858.0,2023,12,23,5,28
35494.0,2970.0,6854.0,1794.0,3872.6666666666665,2024,2,21,2,29
4616.0,35494.0,2970.0,6854.0,15106.0,2024,3,14,3,30
7649.0,4616.0,35494.0,2970.0,14360.0,2024,3,21,3,31
7119.0,7649.0,4616.0,35494.0,15919.666666666666,2024,3,31,6,32
2511.0,7119.0,7649.0,4616.0,6461.333333333333,2024,4,7,6,33
4983.0,2511.0,7119.0,7649.0,5759.666666666667,2024,4,22,0,34
709506.0,4983.0,2511.0,7119.0,4871.0,2024,5,10,4,35
37025.0,709506.0,4983.0,2511.0,239000.0,2024,7,2,1,36
3986.0,37025.0,709506.0,4983.0,250504.66666666666,2024,7,6,5,37
7543.0,3986.0,37025.0,709506.0,250172.33333333334,2024,9,5,3,38
2508.0,7543.0,3986.0,37025.0,16184.666666666666,2024,9,25,2,39
4701.0,2508.0,7543.0,3986.0,4679.0,2024,10,1,1,40
54771.0,4701.0,2508.0,7543.0,4917.333333333333,2024,10,12,5,41
8765.0,54771.0,4701.0,2508.0,20660.0,2024,10,25,4,42
3527.0,7366.0,7406.0,7762.0,7511.333333333333,2021,5,18,1,3
2374.0,3527.0,7366.0,7406.0,6099.666666666667,2021,6,15,1,4
72722.0,2374.0,3527.0,7366.0,4422.333333333333,2022,1,22,5,5
34966.0,72722.0,2374.0,3527.0,26207.666666666668,2022,3,8,1,6
9852.0,34966.0,72722.0,2374.0,36687.333333333336,2022,3,29,1,7
7238.0,9852.0,34966.0,72722.0,39180.0,2022,5,18,2,8
2059.0,7238.0,9852.0,34966.0,17352.0,2022,7,30,5,9
4698.0,2059.0,7238.0,9852.0,6383.0,2022,9,3,5,10
8001.0,4698.0,2059.0,7238.0,4665.0,2022,11,3,3,11
4279.0,8001.0,4698.0,2059.0,4919.333333333333,2023,7,18,1,12
9875.0,4279.0,8001.0,4698.0,5659.333333333333,2023,8,12,5,13
1364.0,9875.0,4279.0,8001.0,7385.0,2024,3,31,6,14
5749.0,1364.0,9875.0,4279.0,5172.666666666667,2024,6,13,3,15
7263.0,5749.0,1364.0,9875.0,5662.666666666667,2024,10,13,6,16
9998.0,7263.0,5749.0,1364.0,4792.0,2024,10,15,1,17
1754.0,9998.0,7263.0,5749.0,7670.0,2024,11,16,5,18
1520.0,5625.0,4546.0,52179.0,20783.333333333332,2021,4,15,3,3
70160.0,1520.0,5625.0,4546.0,3897.0,2021,7,13,1,4
9685.0,70160.0,1520.0,5625.0,25768.333333333332,2021,8,21,5,5
2017.0,9685.0,70160.0,1520.0,27121.666666666668,2021,10,9,5,6
1597.0,2017.0,9685.0,70160.0,27287.333333333332,2021,12,3,4,7
79219.0,1597.0,2017.0,9685.0,4433.0,2022,6,24,4,8
2971.0,79219.0,1597.0,2017.0,27611.0,2022,7,3,6,9
9794.0,2971.0,79219.0,1597.0,27929.0,2022,7,12,1,10
50581.0,9794.0,2971.0,79219.0,30661.333333333332,2022,7,29,4,11
7548.0,50581.0,9794.0,2971.0,21115.333333333332,2023,1,12,3,12
6769.0,7548.0,50581.0,9794.0,22641.0,2023,2,4,5,13
5721.0,6769.0,7548.0,50581.0,21632.666666666668,2023,2,7,1,14
1121.0,5721.0,6769.0,7548.0,6679.333333333333,2023,6,3,5,15
8886.0,1121.0,5721.0,6769.0,4537.0,2023,8,10,3,16
6599.0,8886.0,1121.0,5721.0,5242.666666666667,2023,10,5,3,17
6471.0,6599.0,8886.0,1121.0,5535.333333333333,2023,12,5,1,18
5789.0,6471.0,6599.0,8886.0,7318.666666666667,2023,12,7,3,19
140.0,5789.0,6471.0,6599.0,6286.333333333333,2023,12,11,0,20
8801.0,140.0,5789.0,6471.0,4133.333333333333,2023,12,12,1,21
2415.0,8801.0,140.0,5789.0,4910.0,2024,1,7,6,22
35496.0,2415.0,8801.0,140.0,3785.3333333333335,2024,1,8,0,23
32666.0,35496.0,2415.0,8801.0,15570.666666666666,2024,3,30,5,24
2965.0,32666.0,35496.0,2415.0,23525.666666666668,2024,4,3,2,25
50616.0,2965.0,32666.0,35496.0,23709.0,2024,5,3,4,26
7495.0,50616.0,2965.0,32666.0,28749.0,2024,5,12,6,27
2104.0,7495.0,50616.0,2965.0,20358.666666666668,2024,5,14,1,28
1531.0,2104.0,7495.0,50616.0,20071.666666666668,2024,5,27,0,29
7040.0,1531.0,2104.0,7495.0,3710.0,2024,5,29,2,30
69207.0,7040.0,1531.0,2104.0,3558.3333333333335,2024,7,5,4,31
7394.0,69207.0,7040.0,1531.0,25926.0,2024,7,16,1,32
11115.0,7394.0,69207.0,7040.0,27880.333333333332,2024,8,3,5,33
3791.0,11115.0,7394.0,69207.0,29238.666666666668,2024,8,13,1,34
1077.0,3791.0,11115.0,7394.0,7433.333333333333,2024,8,25,6,35
4020.0,1077.0,3791.0,11115.0,5327.666666666667,2024,9,1,6,36
28847.0,4020.0,1077.0,3791.0,2962.6666666666665,2024,9,23,0,37
6823.0,28847.0,4020.0,1077.0,11314.666666666666,2024,9,28,5,38
6696.0,6004.0,3219.0,6664.0,5295.666666666667,2021,7,21,2,3
5005.0,6696.0,6004.0,3219.0,5306.333333333333,2021,8,16,0,4
40706.0,5005.0,6696.0,6004.0,5901.666666666667,2021,10,1,4,5
224.0,40706.0,5005.0,6696.0,17469.0,2021,12,16,3,6
2493.0,224.0,40706.0,5005.0,15311.666666666666,2022,1,2,6,7
711.0,2493.0,224.0,40706.0,14474.333333333334,2022,1,11,1,8
54309.0,711.0,2493.0,224.0,1142.6666666666667,2022,2,28,0,9
1380.0,54309.0,711.0,2493.0,19171.0,2022,4,23,5,10
32651.0,1380.0,54309.0,711.0,18800.0,2022,5,17,1,11
7222.0,32651.0,1380.0,54309.0,29446.666666666668,2022,6,3,4,12
4042.0,7222.0,32651.0,1380.0,13751.0,2022,10,13,3,13
8832.0,4042.0,7222.0,32651.0,14638.333333333334,2022,11,4,4,14
100.0,8832.0,4042.0,7222.0,6698.666666666667,2022,11,6,6,15
2788.0,100.0,8832.0,4042.0,4324.666666666667,2022,11,20,6,16
4873.0,2788.0,100.0,8832.0,3906.6666666666665,2022,12,1,3,17
9871.0,4873.0,2788.0,100.0,2587.0,2022,12,25,6,18
36864.0,9871.0,4873.0,2788.0,5844.0,2023,5,31,2,19
63888.0,36864.0,9871.0,4873.0,17202.666666666668,2023,6,8,3,20
63645.0,63888.0,36864.0,9871.0,36874.333333333336,2023,8,10,3,21
31837.0,63645.0,63888.0,36864.0,54799.0,2023,8,24,3,22
1491.0,31837.0,63645.0,63888.0,53123.333333333336,2023,9,7,3,23
978324.0,1491.0,31837.0,63645.0,32324.333333333332,2023,9,24,6,24
3307.0,978324.0,1491.0,31837.0,337217.3333333333,2024,1,22,0,25
2061.0,3307.0,978324.0,1491.0,327707.3333333333,2024,2,20,1,26
9916.0,2061.0,3307.0,978324.0,327897.3333333333,2024,5,31,4,27
982.0,9916.0,2061.0,3307.0,5094.666666666667,2024,6,24,0,28
4861.0,982.0,9916.0,2061.0,4319.666666666667,2024,8,20,1,29
59046.0,4861.0,982.0,9916.0,5253.0,2024,9,16,0,30
3826.0,59046.0,4861.0,982.0,21629.666666666668,2024,10,2,2,31
4973.0,3826.0,59046.0,4861.0,22577.666666666668,2024,10,19,5,32
1709.0,4973.0,3826.0,59046.0,22615.0,2024,12,17,1,33
47094.0,1222.0,8813.0,4013.0,4682.666666666667,2022,2,7,0,3
26749.0,47094.0,1222.0,8813.0,19043.0,2022,4,17,6,4
74525.0,26749.0,47094.0,1222.0,25021.666666666668,2022,5,20,4,5
59047.0,74525.0,26749.0,47094.0,49456.0,2022,8,22,0,6
1060.0,59047.0,74525.0,26749.0,53440.333333333336,2022,9,5,0,7
4320.0,1060.0,59047.0,74525.0,44877.333333333336,2022,10,8,5,8
49835.0,4320.0,1060.0,59047.0,21475.666666666668,2022,11,27,6,9
5138.0,49835.0,4320.0,1060.0,18405.0,2023,2,26,6,10
36978.0,5138.0,49835.0,4320.0,19764.333333333332,2023,3,1,2,11
3989.0,36978.0,5138.0,49835.0,30650.333333333332,2023,3,11,5,12
8630.0,3989.0,36978.0,5138.0,15368.333333333334,2023,4,7,4,13
55241.0,8630.0,3989.0,36978.0,16532.333333333332,2023,4,11,1,14
12856.0,55241.0,8630.0,3989.0,22620.0,2023,4,27,3,15
23603.0,12856.0,55241.0,8630.0,25575.666666666668,2023,6,27,1,16
8876.0,23603.0,12856.0,55241.0,30566.666666666668,2023,6,30,4,17
6978.0,8876.0,23603.0,12856.0,15111.666666666666,2023,7,19,2,18
6281.0,6978.0,8876.0,23603.0,13152.333333333334,2023,8,5,5,19
15177.0,6281.0,6978.0,8876.0,7378.333333333333,2023,10,2,0,20
2264.0,15177.0,6281.0,6978.0,9478.666666666666,2023,11,28,1,21
2814.0,2264.0,15177.0,6281.0,7907.333333333333,2024,2,11,6,22
25841.0,2814.0,2264.0,15177.0,6751.666666666667,2024,3,1,4,23
7929.0,25841.0,2814.0,2264.0,10306.333333333334,2024,3,8,4,24
10183.0,7929.0,25841.0,2814.0,12194.666666666666,2024,6,27,3,25
2092.0,10183.0,7929.0,25841.0,14651.0,2024,6,30,6,26
9264.0,2092.0,10183.0,7929.0,6734.666666666667,2024,9,27,4,27
7966.0,9264.0,2092.0,10183.0,7179.666666666667,2024,10,3,3,28
40318.0,5934.0,5519.0,4085.0,5179.333333333333,2021,6,9,2,3
3209.0,40318.0,5934.0,5519.0,17257.0,2021,7,11,6,4
6831.0,3209.0,40318.0,5934.0,16487.0,2021,8,24,1,5
8444.0,6831.0,3209.0,40318.0,16786.0,2021,12,18,5,6
60202.0,8444.0,6831.0,3209.0,6161.333333333333,2022,3,23,2,7
1745.0,60202.0,8444.0,6831.0,25159.0,2022,3,30,2,8
40813.0,1745.0,60202.0,8444.0,23463.666666666668,2022,7,19,1,9
6325.0,40813.0,1745.0,60202.0,34253.333333333336,2022,8,17,2,10
597.0,6325.0,40813.0,1745.0,16294.333333333334,2022,9,11,6,11
5237.0,597.0,6325.0,40813.0,15911.666666666666,2022,9,24,5,12
1193.0,5237.0,597.0,6325.0,4053.0,2022,9,27,1,13
1687.0,1193.0,5237.0,597.0,2342.3333333333335,2022,10,1,5,14
22632.0,1687.0,1193.0,5237.0,2705.6666666666665,2022,12,29,3,15
3838.0,22632.0,1687.0,1193.0,8504.0,2023,1,19,3,16
4039.0,3838.0,22632.0,1687.0,9385.666666666666,2023,1,30,0,17
8382.0,4039.0,3838.0,22632.0,10169.666666666666,2023,2,15,2,18
48330.0,8382.0,4039.0,3838.0,5419.666666666667,2023,4,15,5,19
2800.0,48330.0,8382.0,4039.0,20250.333333333332,2023,4,25,1,20
7768.0,2800.0,48330.0,8382.0,19837.333333333332,2023,4,28,4,21
6358.0,7768.0,2800.0,48330.0,19632.666666666668,2023,5,10,2,22
67808.0,6358.0,7768.0,2800.0,5642.0,2023,6,5,0,23
145.0,67808.0,6358.0,7768.0,27311.333333333332,2023,6,9,4,24
35465.0,145.0,67808.0,6358.0,24770.333333333332,2023,6,27,1,25
1751.0,35465.0,145.0,67808.0,34472.666666666664,2023,7,2,6,26
13682.0,1751.0,35465.0,145.0,12453.666666666666,2023,7,3,0,27
41429.0,13682.0,1751.0,35465.0,16966.0,2023,9,30,5,28
7602.0,41429.0,13682.0,1751.0,18954.0,2023,10,1,6,29
3790.0,7602.0,41429.0,13682.0,20904.333333333332,2023,12,7,3,30
7945.0,3790.0,7602.0,41429.0,17607.0,2023,12,9,5,31
5425.0,7945.0,3790.0,7602.0,6445.666666666667,2024,1,31,2,32
3700.0,5425.0,7945.0,3790.0,5720.0,2024,4,6,5,33
2721.0,3700.0,5425.0,7945.0,5690.0,2024,5,13,0,34
1680.0,2721.0,3700.0,5425.0,3948.6666666666665,2024,6,30,6,35
1846.0,1680.0,2721.0,3700.0,2700.3333333333335,2024,7,30,1,36
6031.0,1846.0,1680.0,2721.0,2082.3333333333335,2024,8,16,4,37
5534.0,6031.0,1846.0,1680.0,3185.6666666666665,2024,11,11,0,38
2166.0,5534.0,6031.0,1846.0,4470.333333333333,2024,11,24,6,39
7801.0,2166.0,5534.0,6031.0,4577.0,2024,11,28,3,40
7937.0,7801.0,2166.0,5534.0,5167.0,2024,12,30,0,41
5002.0,2758.0,63910.0,27805.0,31491.0,2021,8,14,5,3
48888.0,5002.0,2758.0,63910.0,23890.0,2021,8,18,2,4
5811.0,48888.0,5002.0,2758.0,18882.666666666668,2021,9,12,6,5
329642.0,5811.0,48888.0,5002.0,19900.333333333332,2021,9,29,2,6
48000.0,329642.0,5811.0,48888.0,128113.66666666667,2022,4,22,4,7
4960.0,48000.0,329642.0,5811.0,127817.66666666667,2022,7,12,1,8
791.0,4960.0,48000.0,329642.0,127534.0,2022,7,13,2,9
8250.0,791.0,4960.0,48000.0,17917.0,2022,8,28,6,10
6772.0,8250.0,791.0,4960.0,4667.0,2022,9,22,3,11
5470.0,6772.0,8250.0,791.0,5271.0,2023,1,16,0,12
8132.0,5470.0,6772.0,8250.0,6830.666666666667,2023,1,26,3,13
365282.0,8132.0,5470.0,6772.0,6791.333333333333,2023,5,12,4,14
6607.0,365282.0,8132.0,5470.0,126294.66666666667,2023,6,2,4,15
324.0,6607.0,365282.0,8132.0,126673.66666666667,2023,6,4,6,16
35688.0,324.0,6607.0,365282.0,124071.0,2023,6,23,4,17
48313.0,35688.0,324.0,6607.0,14206.333333333334,2023,7,1,5,18
1996.0,48313.0,35688.0,324.0,28108.333333333332,2023,8,7,0,19
6882.0,1996.0,48313.0,35688.0,28665.666666666668,2023,9,14,3,20
4836.0,6882.0,1996.0,48313.0,19063.666666666668,2023,9,27,2,21
555.0,4836.0,6882.0,1996.0,4571.333333333333,2023,10,30,0,22
24749.0,555.0,4836.0,6882.0,4091.0,2023,11,18,5,23
1426.0,24749.0,555.0,4836.0,10046.666666666666,2024,1,3,2,24
2704.0,1426.0,24749.0,555.0,8910.0,2024,4,23,1,25
8293.0,2704.0,1426.0,24749.0,9626.333333333334,2024,5,12,6,26
4380.0,8293.0,2704.0,1426.0,4141.0,2024,6,20,3,27
49647.0,4380.0,8293.0,2704.0,5125.666666666667,2024,6,26,2,28
1566.0,49647.0,4380.0,8293.0,20773.333333333332,2024,7,15,0,29
211.0,1566.0,49647.0,4380.0,18531.0,2024,8,4,6,30
57012.0,211.0,1566.0,49647.0,17141.333333333332,2024,8,23,4,31
11027.0,57012.0,211.0,1566.0,19596.333333333332,2024,9,1,6,32
540.0,11027.0,57012.0,211.0,22750.0,2024,9,13,4,33
4995.0,995.0,6658.0,59567.0,22406.666666666668,2021,2,24,2,3
7316.0,4995.0,995.0,6658.0,4216.0,2021,3,18,3,4
9386.0,7316.0,4995.0,995.0,4435.333333333333,2021,4,19,0,5
4890.0,9386.0,7316.0,4995.0,7232.333333333333,2021,4,19,0,6
7037.0,4890.0,9386.0,7316.0,7197.333333333333,2021,5,26,2,7
8223.0,7037.0,4890.0,9386.0,7104.333333333333,2021,8,26,3,8
1397.0,8223.0,7037.0,4890.0,6716.666666666667,2021,11,13,5,9
13042.0,1397.0,8223.0,7037.0,5552.333333333333,2022,1,26,2,10
9207.0,13042.0,1397.0,8223.0,7554.0,2022,2,9,2,11
1844.0,9207.0,13042.0,1397.0,7882.0,2022,3,22,1,12
59348.0,1844.0,9207.0,13042.0,8031.0,2022,4,18,0,13
1587.0,59348.0,1844.0,9207.0,23466.333333333332,2022,5,2,0,14
3566.0,1587.0,59348.0,1844.0,20926.333333333332,2022,6,4,5,15
12344.0,3566.0,1587.0,59348.0,21500.333333333332,2022,9,30,4,16
5720.0,12344.0,3566.0,1587.0,5832.333333333333,2022,10,7,4,17
8149.0,5720.0,12344.0,3566.0,7210.0,2022,10,28,4,18
9416.0,8149.0,5720.0,12344.0,8737.666666666666,2022,11,4,4,19
79544.0,9416.0,8149.0,5720.0,7761.666666666667,2022,11,16,2,20
6313.0,79544.0,9416.0,8149.0,32369.666666666668,2022,12,21,2,21
67211.0,6313.0,79544.0,9416.0,31757.666666666668,2023,1,17,1,22
293.0,67211.0,6313.0,79544.0,51022.666666666664,2023,4,9,6,23
9289.0,293.0,67211.0,6313.0,24605.666666666668,2023,5,15,0,24
6907.0,9289.0,293.0,67211.0,25597.666666666668,2023,6,22,3,25
9767.0,6907.0,9289.0,293.0,5496.333333333333,2023,8,29,1,26
4311.0,9767.0,6907.0,9289.0,8654.333333333334,2023,10,7,5,27
11610.0,4311.0,9767.0,6907.0,6995.0,2023,10,26,3,28
1199.0,11610.0,4311.0,9767.0,8562.666666666666,2023,11,18,5,29
5284.0,1199.0,11610.0,4311.0,5706.666666666667,2023,11,28,1,30
9034.0,5284.0,1199.0,11610.0,6031.0,2024,1,17,2,31
6536.0,9034.0,5284.0,1199.0,5172.333333333333,2024,3,2,5,32
8617.0,6536.0,9034.0,5284.0,6951.333333333333,2024,3,9,5,33
8255.0,8617.0,6536.0,9034.0,8062.333333333333,2024,3,31,6,34
48387.0,8255.0,8617.0,6536.0,7802.666666666667,2024,4,16,1,35
1588.0,48387.0,8255.0,8617.0,21753.0,2024,4,19,4,36
4811.0,1588.0,48387.0,8255.0,19410.0,2024,7,31,2,37
30889.0,4811.0,1588.0,48387.0,18262.0,2024,8,12,0,38
23463.0,30889.0,4811.0,1588.0,12429.333333333334,2024,8,21,2,39
327.0,23463.0,30889.0,4811.0,19721.0,2024,9,24,1,40
2728.0,327.0,23463.0,30889.0,18226.333333333332,2024,11,8,4,41
79605.0,40590.0,30717.0,5056.0,25454.333333333332,2021,5,24,0,3
824.0,79605.0,40590.0,30717.0,50304.0,2021,6,26,5,4
1504.0,824.0,79605.0,40590.0,40339.666666666664,2021,7,22,3,5
3820.0,1504.0,824.0,79605.0,27311.0,2021,7,28,2,6
2114.0,3820.0,1504.0,824.0,2049.3333333333335,2021,9,11,5,7
8301.0,2114.0,3820.0,1504.0,2479.3333333333335,2022,2,27,6,8
8897.0,8301.0,2114.0,3820.0,4745.0,2022,4,14,3,9
8928.0,8897.0,8301.0,2114.0,6437.333333333333,2022,4,24,6,10
17856.0,8928.0,8897.0,8301.0,8708.666666666666,2022,5,6,4,11
78356.0,17856.0,8928.0,8897.0,11893.666666666666,2022,5,23,0,12
20067.0,78356.0,17856.0,8928.0,35046.666666666664,2022,8,3,2,13
3512.0,20067.0,78356.0,17856.0,38759.666666666664,2022,9,23,4,14
1130.0,3512.0,20067.0,78356.0,33978.333333333336,2023,1,27,4,15
1675.0,1130.0,3512.0,20067.0,8236.333333333334,2023,4,10,0,16
4457.0,1675.0,1130.0,3512.0,2105.6666666666665,2023,5,28,6,17
3525.0,4457.0,1675.0,1130.0,2420.6666666666665,2023,6,29,3,18
4750.0,3525.0,4457.0,1675.0,3219.0,2023,7,1,5,19
44154.0,4750.0,3525.0,4457.0,4244.0,2023,7,26,2,20
4073.0,44154.0,4750.0,3525.0,17476.333333333332,2023,8,15,1,21
8794.0,4073.0,44154.0,4750.0,17659.0,2023,8,24,3,22
846.0,8794.0,4073.0,44154.0,19007.0,2023,10,23,0,23
3227.0,846.0,8794.0,4073.0,4571.0,2024,4,19,4,24
45070.0,3227.0,846.0,8794.0,4289.0,2024,5,13,0,25
1363.0,45070.0,3227.0,846.0,16381.0,2024,6,10,0,26
779.0,1363.0,45070.0,3227.0,16553.333333333332,2024,10,25,4,27
4640.0,779.0,1363.0,45070.0,15737.333333333334,2024,11,7,3,28
9422.0,23907.0,2819.0,61820.0,29515.333333333332,2021,5,17,0,3
3959.0,9422.0,23907.0,2819.0,12049.333333333334,2021,8,29,6,4
2966.0,3959.0,9422.0,23907.0,12429.333333333334,2021,9,15,2,5
2310.0,2966.0,3959.0,9422.0,5449.0,2021,10,26,1,6
79300.0,2310.0,2966.0,3959.0,3078.3333333333335,2021,11,30,1,7
17011.0,79300.0,2310.0,2966.0,28192.0,2021,12,19,6,8
71333.0,17011.0,79300.0,2310.0,32873.666666666664,2022,1,11,1,9
2845.0,71333.0,17011.0,79300.0,55881.333333333336,2022,3,29,1,10
9199.0,2845.0,71333.0,17011.0,30396.333333333332,2022,5,3,1,11
8242.0,9199.0,2845.0,71333.0,27792.333333333332,2022,7,19,1,12
29767.0,8242.0,9199.0,2845.0,6762.0,2022,9,3,5,13
2440.0,29767.0,8242.0,9199.0,15736.0,2022,9,22,3,14
9497.0,2440.0,29767.0,8242.0,13483.0,2022,12,24,5,15
5020.0,9497.0,2440.0,29767.0,13901.333333333334,2023,1,12,3,16
7626.0,5020.0,9497.0,2440.0,5652.333333333333,2023,3,29,2,17
6271.0,7626.0,5020.0,9497.0,7381.0,2023,5,3,2,18
4489.0,6271.0,7626.0,5020.0,6305.666666666667,2023,7,1,5,19
2695.0,4489.0,6271.0,7626.0,6128.666666666667,2023,7,30,6,20
7329.0,2695.0,4489.0,6271.0,4485.0,2023,9,9,5,21
367.0,7329.0,2695.0,4489.0,4837.666666666667,2023,10,25,2,22
4324.0,367.0,7329.0,2695.0,3463.6666666666665,2023,11,18,5,23
6798.0,4324.0,367.0,7329.0,4006.6666666666665,2024,2,20,1,24
4447.0,6798.0,4324.0,367.0,3829.6666666666665,2024,3,1,4,25
341.0,4447.0,6798.0,4324.0,5189.666666666667,2024,3,1,4,26
1295.0,341.0,4447.0,6798.0,3862.0,2024,3,10,6,27
312.0,1295.0,341.0,4447.0,2027.6666666666667,2024,4,19,4,28
778.0,312.0,1295.0,341.0,649.3333333333334,2024,4,19,4,29
7038.0,778.0,312.0,1295.0,795.0,2024,4,20,5,30
4210.0,7038.0,778.0,312.0,2709.3333333333335,2024,5,29,2,31
4136.0,4210.0,7038.0,778.0,4008.6666666666665,2024,6,10,0,32
2771.0,4136.0,4210.0,7038.0,5128.0,2024,8,10,5,33
4778.0,2771.0,4136.0,4210.0,3705.6666666666665,2024,10,8,1,34
7661.0,4778.0,2771.0,4136.0,3895.0,2024,12,12,3,35
6328.0,581.0,1226.0,409.0,738.6666666666666,2021,7,6,1,3
6356.0,6328.0,581.0,1226.0,2711.6666666666665,2021,8,9,0,4
3768.0,6356.0,6328.0,581.0,4421.666666666667,2021,12,27,0,5
45085.0,3768.0,6356.0,6328.0,5484.0,2022,1,6,3,6
3625.0,45085.0,3768.0,6356.0,18403.0,2022,1,20,3,7
4213.0,3625.0,45085.0,3768.0,17492.666666666668,2022,2,9,2,8
2459.0,4213.0,3625.0,45085.0,17641.0,2022,2,21,0,9
3176.0,2459.0,4213.0,3625.0,3432.3333333333335,2022,3,14,0,10
2828.0,3176.0,2459.0,4213.0,3282.6666666666665,2022,3,25,4,11
14080.0,2828.0,3176.0,2459.0,2821.0,2022,4,21,3,12
314.0,14080.0,2828.0,3176.0,6694.666666666667,2022,6,23,3,13
142875.0,314.0,14080.0,2828.0,5740.666666666667,2022,7,6,2,14
28374.0,142875.0,314.0,14080.0,52423.0,2022,10,3,0,15
1845.0,28374.0,142875.0,314.0,57187.666666666664,2022,10,6,3,16
9262.0,1845.0,28374.0,142875.0,57698.0,2022,11,9,2,17
8863.0,9262.0,1845.0,28374.0,13160.333333333334,2023,1,1,6,18
35978.0,8863.0,9262.0,1845.0,6656.666666666667,2023,1,31,1,19
5219.0,35978.0,8863.0,9262.0,18034.333333333332,2023,3,14,1,20
47132.0,5219.0,35978.0,8863.0,16686.666666666668,2023,4,16,6,21
3714.0,47132.0,5219.0,35978.0,29443.0,2023,5,5,4,22
8956.0,3714.0,47132.0,5219.0,18688.333333333332,2023,6,6,1,23
8035.0,8956.0,3714.0,47132.0,19934.0,2023,8,18,4,24
6574.0,8035.0,8956.0,3714.0,6901.666666666667,2023,9,10,6,25
36134.0,6574.0,8035.0,8956.0,7855.0,2023,9,22,4,26
5157.0,36134.0,6574.0,8035.0,16914.333333333332,2023,10,1,6,27
6619.0,5157.0,36134.0,6574.0,15955.0,2023,10,12,3,28
4292.0,6619.0,5157.0,36134.0,15970.0,2023,10,28,5,29
4278.0,4292.0,6619.0,5157.0,5356.0,2024,1,3,2,30
5072.0,4278.0,4292.0,6619.0,5063.0,2024,1,21,6,31
8100.0,5072.0,4278.0,4292.0,4547.333333333333,2024,4,30,1,32
9348.0,8100.0,5072.0,4278.0,5816.666666666667,2024,10,4,4,33
2453.0,9348.0,8100.0,5072.0,7506.666666666667,2024,10,8,1,34
45422.0,2453.0,9348.0,8100.0,6633.666666666667,2024,10,12,5,35
707.0,45422.0,2453.0,9348.0,19074.333333333332,2024,11,12,1,36
16678.0,707.0,45422.0,2453.0,16194.0,2024,11,22,4,37
3643.0,3409.0,55263.0,1849.0,20173.666666666668,2021,8,28,5,3
4828.0,3643.0,3409.0,55263.0,20771.666666666668,2021,9,16,3,4
7185.0,4828.0,3643.0,3409.0,3960.0,2021,10,14,3,5
1536.0,7185.0,4828.0,3643.0,5218.666666666667,2021,11,4,3,6
42608.0,1536.0,7185.0,4828.0,4516.333333333333,2021,12,9,3,7
6311.0,42608.0,1536.0,7185.0,17109.666666666668,2022,1,18,1,8
6296.0,6311.0,42608.0,1536.0,16818.333333333332,2022,1,22,5,9
6926.0,6296.0,6311.0,42608.0,18405.0,2022,2,20,6,10
2269.0,6926.0,6296.0,6311.0,6511.0,2022,4,10,6,11
6001.0,2269.0,6926.0,6296.0,5163.666666666667,2022,4,16,5,12
1506.0,6001.0,2269.0,6926.0,5065.333333333333,2022,6,22,2,13
3802.0,1506.0,6001.0,2269.0,3258.6666666666665,2022,7,2,5,14
60720.0,3802.0,1506.0,6001.0,3769.6666666666665,2022,9,1,3,15
12479.0,60720.0,3802.0,1506.0,22009.333333333332,2023,5,9,1,16
2301.0,12479.0,60720.0,3802.0,25667.0,2023,7,30,6,17
2997.0,2301.0,12479.0,60720.0,25166.666666666668,2023,8,7,0,18
1211.0,2997.0,2301.0,12479.0,5925.666666666667,2023,8,19,5,19
43520.0,1211.0,2997.0,2301.0,2169.6666666666665,2023,11,7,1,20
4299.0,43520.0,1211.0,2997.0,15909.333333333334,2023,12,24,6,21
9428.0,4299.0,43520.0,1211.0,16343.333333333334,2023,12,27,2,22
22772.0,9428.0,4299.0,43520.0,19082.333333333332,2024,1,2,1,23
7251.0,22772.0,9428.0,4299.0,12166.333333333334,2024,2,7,2,24
5052.0,7251.0,22772.0,9428.0,13150.333333333334,2024,3,15,4,25
176.0,5052.0,7251.0,22772.0,11691.666666666666,2024,3,21,3,26
5990.0,176.0,5052.0,7251.0,4159.666666666667,2024,4,19,4,27
5302.0,5990.0,176.0,5052.0,3739.3333333333335,2024,5,4,5,28
1971.0,5302.0,5990.0,176.0,3822.6666666666665,2024,5,12,6,29
6219.0,1971.0,5302.0,5990.0,4421.0,2024,5,21,1,30
6226.0,6219.0,1971.0,5302.0,4497.333333333333,2024,5,22,2,31
5394.0,6226.0,6219.0,1971.0,4805.333333333333,2024,6,5,2,32
3966.0,5394.0,6226.0,6219.0,5946.333333333333,2024,8,1,3,33
5782.0,3966.0,5394.0,6226.0,5195.333333333333,2024,8,25,6,34
25583.0,5782.0,3966.0,5394.0,5047.333333333333,2024,8,26,0,35
1483.0,31110.0,7845.0,4687.0,14547.333333333334,2021,6,11,4,3
759.0,1483.0,31110.0,7845.0,13479.333333333334,2021,6,27,6,4
8731.0,759.0,1483.0,31110.0,11117.333333333334,2021,9,29,2,5
5132.0,8731.0,759.0,1483.0,3657.6666666666665,2021,10,13,2,6
7694.0,5132.0,8731.0,759.0,4874.0,2021,12,10,4,7
1466.0,7694.0,5132.0,8731.0,7185.666666666667,2021,12,24,4,8
6837.0,1466.0,7694.0,5132.0,4764.0,2022,2,2,2,9
1515.0,6837.0,1466.0,7694.0,5332.333333333333,2022,2,27,6,10
4880.0,1515.0,6837.0,1466.0,3272.6666666666665,2022,3,2,2,11
5656.0,4880.0,1515.0,6837.0,4410.666666666667,2022,3,11,4,12
4125.0,5656.0,4880.0,1515.0,4017.0,2022,3,22,1,13
5533.0,4125.0,5656.0,4880.0,4887.0,2022,5,5,3,14
45702.0,5533.0,4125.0,5656.0,5104.666666666667,2022,6,24,4,15
56804.0,45702.0,5533.0,4125.0,18453.333333333332,2022,7,22,4,16
4372.0,56804.0,45702.0,5533.0,36013.0,2022,8,29,0,17
1319.0,4372.0,56804.0,45702.0,35626.0,2022,9,11,6,18
45417.0,1319.0,4372.0,56804.0,20831.666666666668,2022,12,18,6,19
5947.0,45417.0,1319.0,4372.0,17036.0,2023,1,23,0,20
4827.0,5947.0,45417.0,1319.0,17561.0,2023,2,1,2,21
6076.0,4827.0,5947.0,45417.0,18730.333333333332,2023,2,9,3,22
4523.0,6076.0,4827.0,5947.0,5616.666666666667,2023,2,21,1,23
333.0,4523.0,6076.0,4827.0,5142.0,2023,4,9,6,24
3783.0,333.0,4523.0,6076.0,3644.0,2023,4,9,6,25
44732.0,3783.0,333.0,4523.0,2879.6666666666665,2023,5,2,1,26
1857.0,44732.0,3783.0,333.0,16282.666666666666,2023,5,22,0,27
6951.0,1857.0,44732.0,3783.0,16790.666666666668,2023,9,6,2,28
8147.0,6951.0,1857.0,44732.0,17846.666666666668,2023,10,12,3,29
353.0,8147.0,6951.0,1857.0,5651.666666666667,2023,10,14,5,30
9527.0,353.0,8147.0,6951.0,5150.333333333333,2023,11,6,0,31
64931.0,9527.0,353.0,8147.0,6009.0,2023,11,23,3,32
13000.0,64931.0,9527.0,353.0,24937.0,2023,11,29,2,33
4480.0,13000.0,64931.0,9527.0,29152.666666666668,2023,12,27,2,34
6666.0,4480.0,13000.0,64931.0,27470.333333333332,2024,1,8,0,35
289.0,6666.0,4480.0,13000.0,8048.666666666667,2024,1,12,4,36
5063.0,289.0,6666.0,4480.0,3811.6666666666665,2024,4,29,0,37
9086.0,5063.0,289.0,6666.0,4006.0,2024,6,4,1,38
3644.0,9086.0,5063.0,289.0,4812.666666666667,2024,7,10,2,39
2491.0,3644.0,9086.0,5063.0,5931.0,2024,11,10,6,40
6771.0,9655.0,62348.0,5052.0,25685.0,2021,6,9,2,3
637.0,6771.0,9655.0,62348.0,26258.0,2021,7,14,2,4
3500.0,637.0,6771.0,9655.0,5687.666666666667,2021,7,26,0,5
4797.0,3500.0,637.0,6771.0,3636.0,2021,9,23,3,6
43387.0,4797.0,3500.0,637.0,2978.0,2022,2,6,6,7
7935.0,43387.0,4797.0,3500.0,17228.0,2022,2,27,6,8
7939.0,7935.0,43387.0,4797.0,18706.333333333332,2022,5,1,6,9
8671.0,7939.0,7935.0,43387.0,19753.666666666668,2022,6,28,1,10
229.0,8671.0,7939.0,7935.0,8181.666666666667,2022,7,29,4,11
8324.0,229.0,8671.0,7939.0,5613.0,2022,9,12,0,12
5391.0,8324.0,229.0,8671.0,5741.333333333333,2022,9,20,1,13
1897.0,5391.0,8324.0,229.0,4648.0,2022,11,21,0,14
634.0,1897.0,5391.0,8324.0,5204.0,2022,11,26,5,15
29115.0,634.0,1897.0,5391.0,2640.6666666666665,2023,1,27,4,16
5126.0,29115.0,634.0,1897.0,10548.666666666666,2023,2,7,1,17
4169.0,5126.0,29115.0,634.0,11625.0,2023,2,17,4,18
9671.0,4169.0,5126.0,29115.0,12803.333333333334,2023,2,17,4,19
363110.0,9671.0,4169.0,5126.0,6322.0,2023,3,2,3,20
877.0,363110.0,9671.0,4169.0,125650.0,2023,3,10,4,21
4949.0,877.0,363110.0,9671.0,124552.66666666667,2023,4,4,1,22
2074.0,4949.0,877.0,363110.0,122978.66666666667,2023,4,12,2,23
258.0,2074.0,4949.0,877.0,2633.3333333333335,2023,4,20,3,24
7597.0,258.0,2074.0,4949.0,2427.0,2023,4,25,1,25
20629.0,7597.0,258.0,2074.0,3309.6666666666665,2023,4,25,1,26
71361.0,20629.0,7597.0,258.0,9494.666666666666,2023,6,28,2,27
1629.0,71361.0,20629.0,7597.0,33195.666666666664,2023,8,16,2,28
2901.0,1629.0,71361.0,20629.0,31206.333333333332,2023,10,7,5,29
1542.0,2901.0,1629.0,71361.0,25297.0,2023,11,18,5,30
7393.0,1542.0,2901.0,1629.0,2024.0,2024,1,23,1,31
5566.0,7393.0,1542.0,2901.0,3945.3333333333335,2024,2,6,1,32
45482.0,5566.0,7393.0,1542.0,4833.666666666667,2024,3,12,1,33
7677.0,45482.0,5566.0,7393.0,19480.333333333332,2024,3,18,0,34
65636.0,7677.0,45482.0,5566.0,19575.0,2024,4,15,0,35
9110.0,65636.0,7677.0,45482.0,39598.333333333336,2024,5,18,5,36
923.0,9110.0,65636.0,7677.0,27474.333333333332,2024,6,5,2,37
1763.0,923.0,9110.0,65636.0,25223.0,2024,8,17,5,38
1501.0,1763.0,923.0,9110.0,3932.0,2024,9,1,6,39
8067.0,9132.0,5980.0,3054.0,6055.333333333333,2021,3,16,1,3
26564.0,8067.0,9132.0,5980.0,7726.333333333333,2021,4,15,3,4
2966.0,26564.0,8067.0,9132.0,14587.666666666666,2021,7,11,6,5
9301.0,2966.0,26564.0,8067.0,12532.333333333334,2022,2,1,1,6
552.0,9301.0,2966.0,26564.0,12943.666666666666,2022,7,26,1,7
1588.0,552.0,9301.0,2966.0,4273.0,2022,8,17,2,8
22033.0,1588.0,552.0,9301.0,3813.6666666666665,2022,10,13,3,9
363983.0,22033.0,1588.0,552.0,8057.666666666667,2022,11,3,3,10
4758.0,363983.0,22033.0,1588.0,129201.33333333333,2022,11,15,1,11
4684.0,4758.0,363983.0,22033.0,130258.0,2022,12,25,6,12
9622.0,4684.0,4758.0,363983.0,124475.0,2022,12,31,5,13
1356.0,9622.0,4684.0,4758.0,6354.666666666667,2023,4,21,4,14
3888.0,1356.0,9622.0,4684.0,5220.666666666667,2023,4,25,1,15
4022.0,3888.0,1356.0,9622.0,4955.333333333333,2023,5,15,0,16
75684.0,4022.0,3888.0,1356.0,3088.6666666666665,2023,5,30,1,17
6377.0,75684.0,4022.0,3888.0,27864.666666666668,2023,6,16,4,18
2217.0,6377.0,75684.0,4022.0,28694.333333333332,2023,8,20,6,19
1575.0,2217.0,6377.0,75684.0,28092.666666666668,2024,3,8,4,20
7116.0,1575.0,2217.0,6377.0,3389.6666666666665,2024,9,3,1,21
3929.0,7116.0,1575.0,2217.0,3636.0,2024,9,29,6,22
5042.0,22666.0,3125.0,31824.0,19205.0,2021,5,18,1,3
4286.0,5042.0,22666.0,3125.0,10277.666666666666,2021,8,15,6,4
396.0,4286.0,5042.0,22666.0,10664.666666666666,2021,9,22,2,5
1749.0,396.0,4286.0,5042.0,3241.3333333333335,2021,11,1,0,6
10018.0,1749.0,396.0,4286.0,2143.6666666666665,2022,3,2,2,7
8759.0,10018.0,1749.0,396.0,4054.3333333333335,2022,3,20,6,8
3722.0,8759.0,10018.0,1749.0,6842.0,2022,5,16,0,9
7259.0,3722.0,8759.0,10018.0,7499.666666666667,2022,9,15,3,10
2847.0,7259.0,3722.0,8759.0,6580.0,2022,10,5,2,11
1673.0,2847.0,7259.0,3722.0,4609.333333333333,2023,1,8,6,12
4864.0,1673.0,2847.0,7259.0,3926.3333333333335,2023,1,10,1,13
17355.0,4864.0,1673.0,2847.0,3128.0,2023,1,22,6,14
37094.0,17355.0,4864.0,1673.0,7964.0,2023,1,23,0,15
8159.0,37094.0,17355.0,4864.0,19771.0,2023,2,8,2,16
8172.0,8159.0,37094.0,17355.0,20869.333333333332,2023,2,13,0,17
709.0,8172.0,8159.0,37094.0,17808.333333333332,2023,3,11,5,18
5711.0,709.0,8172.0,8159.0,5680.0,2023,3,18,5,19
8682.0,5711.0,709.0,8172.0,4864.0,2023,4,22,5,20
2561.0,8682.0,5711.0,709.0,5034.0,2023,7,25,1,21
18710.0,2561.0,8682.0,5711.0,5651.333333333333,2023,7,31,0,22
40517.0,18710.0,2561.0,8682.0,9984.333333333334,2023,8,14,0,23
9151.0,40517.0,18710.0,2561.0,20596.0,2023,10,7,5,24
2956.0,9151.0,40517.0,18710.0,22792.666666666668,2023,12,25,0,25
6787.0,2956.0,9151.0,40517.0,17541.333333333332,2024,3,18,0,26
1183.0,6787.0,2956.0,9151.0,6298.0,2024,5,6,0,27
9112.0,1183.0,6787.0,2956.0,3642.0,2024,6,10,0,28
1233.0,9112.0,1183.0,6787.0,5694.0,2024,8,20,1,29
3301.0,1233.0,9112.0,1183.0,3842.6666666666665,2024,9,18,2,30
562.0,3301.0,1233.0,9112.0,4548.666666666667,2024,10,21,0,31
3841.0,4801.0,4398.0,7062.0,5420.333333333333,2021,4,5,0,3
54123.0,3841.0,4801.0,4398.0,4346.666666666667,2021,7,20,1,4
3611.0,54123.0,3841.0,4801.0,20921.666666666668,2021,8,28,5,5
6385.0,3611.0,54123.0,3841.0,20525.0,2021,9,12,6,6
3663.0,6385.0,3611.0,54123.0,21373.0,2021,10,14,3,7
3452.0,3663.0,6385.0,3611.0,4553.0,2021,12,7,1,8
2199.0,3452.0,3663.0,6385.0,4500.0,2022,1,14,4,9
7378.0,2199.0,3452.0,3663.0,3104.6666666666665,2022,1,17,0,10
1190.0,7378.0,2199.0,3452.0,4343.0,2022,3,15,1,11
638.0,1190.0,7378.0,2199.0,3589.0,2022,5,7,5,12
41429.0,638.0,1190.0,7378.0,3068.6666666666665,2022,7,6,2,13
3605.0,41429.0,638.0,1190.0,14419.0,2022,8,26,4,14
1862.0,3605.0,41429.0,638.0,15224.0,2022,9,8,3,15
9237.0,1862.0,3605.0,41429.0,15632.0,2022,10,14,4,16
6316.0,9237.0,1862.0,3605.0,4901.333333333333,2022,12,5,0,17
7165.0,6316.0,9237.0,1862.0,5805.0,2022,12,5,0,18
5988.0,7165.0,6316.0,9237.0,7572.666666666667,2023,5,15,0,19
2827.0,5988.0,7165.0,6316.0,6489.666666666667,2023,6,16,4,20
47146.0,2827.0,5988.0,7165.0,5326.666666666667,2023,9,8,4,21
3800.0,47146.0,2827.0,5988.0,18653.666666666668,2024,1,3,2,22
8394.0,3800.0,47146.0,2827.0,17924.333333333332,2024,3,20,2,23
7279.0,8394.0,3800.0,47146.0,19780.0,2024,5,16,3,24
5953.0,7279.0,8394.0,3800.0,6491.0,2024,5,30,3,25
4871.0,5953.0,7279.0,8394.0,7208.666666666667,2024,9,28,5,26
4435.0,4871.0,5953.0,7279.0,6034.333333333333,2024,10,5,5,27
518.0,4435.0,4871.0,5953.0,5086.333333333333,2024,10,7,0,28
42897.0,518.0,4435.0,4871.0,3274.6666666666665,2024,11,22,4,29
60194.0,8736.0,4450.0,8006.0,7064.0,2021,10,7,3,3
14576.0,60194.0,8736.0,4450.0,24460.0,2021,10,8,4,4
3460.0,14576.0,60194.0,8736.0,27835.333333333332,2022,4,20,2,5
17241.0,3460.0,14576.0,60194.0,26076.666666666668,2022,6,5,6,6
2478.0,17241.0,3460.0,14576.0,11759.0,2022,7,5,1,7
8386.0,2478.0,17241.0,3460.0,7726.333333333333,2022,7,5,1,8
8183.0,8386.0,2478.0,17241.0,9368.333333333334,2022,8,4,3,9
67581.0,8183.0,8386.0,2478.0,6349.0,2022,9,1,3,10
3917.0,67581.0,8183.0,8386.0,28050.0,2023,4,15,5,11
6907.0,3917.0,67581.0,8183.0,26560.333333333332,2023,4,15,5,12
7396.0,6907.0,3917.0,67581.0,26135.0,2023,4,16,6,13
4698.0,7396.0,6907.0,3917.0,6073.333333333333,2023,5,22,0,14
37979.0,4698.0,7396.0,6907.0,6333.666666666667,2023,6,25,6,15
5838.0,37979.0,4698.0,7396.0,16691.0,2023,6,25,6,16
62035.0,5838.0,37979.0,4698.0,16171.666666666666,2023,10,5,3,17
3064.0,62035.0,5838.0,37979.0,35284.0,2023,10,20,4,18
5097.0,3064.0,62035.0,5838.0,23645.666666666668,2023,12,6,2,19
79600.0,5097.0,3064.0,62035.0,23398.666666666668,2023,12,17,6,20
10082.0,79600.0,5097.0,3064.0,29253.666666666668,2024,2,21,2,21
54642.0,10082.0,79600.0,5097.0,31593.0,2024,4,6,5,22
162.0,54642.0,10082.0,79600.0,48108.0,2024,5,1,2,23
1263.0,162.0,54642.0,10082.0,21628.666666666668,2024,5,21,1,24
8934.0,1263.0,162.0,54642.0,18689.0,2024,6,3,0,25
4414.0,8934.0,1263.0,162.0,3453.0,2024,7,11,3,26
5593.0,4414.0,8934.0,1263.0,4870.333333333333,2024,9,14,5,27
6149.0,493.0,9500.0,8687.0,6226.666666666667,2021,3,31,2,3
9157.0,6149.0,493.0,9500.0,5380.666666666667,2021,4,7,2,4
2539.0,9157.0,6149.0,493.0,5266.333333333333,2021,5,11,1,5
23141.0,2539.0,9157.0,6149.0,5948.333333333333,2021,5,21,4,6
6856.0,23141.0,2539.0,9157.0,11612.333333333334,2021,6,13,6,7
32634.0,6856.0,23141.0,2539.0,10845.333333333334,2021,7,1,3,8
539.0,32634.0,6856.0,23141.0,20877.0,2021,8,16,0,9
1115.0,539.0,32634.0,6856.0,13343.0,2021,9,7,1,10
7901.0,1115.0,539.0,32634.0,11429.333333333334,2021,10,18,0,11
22214.0,7901.0,1115.0,539.0,3185.0,2022,1,18,1,12
22891.0,22214.0,7901.0,1115.0,10410.0,2022,4,10,6,13
1817.0,22891.0,22214.0,7901.0,17668.666666666668,2022,6,7,1,14
6826.0,1817.0,22891.0,22214.0,15640.666666666666,2022,8,4,3,15
9558.0,6826.0,1817.0,22891.0,10511.333333333334,2022,8,12,4,16
3503.0,9558.0,6826.0,1817.0,6067.0,2022,8,21,6,17
56876.0,3503.0,9558.0,6826.0,6629.0,2022,9,1,3,18
8898.0,56876.0,3503.0,9558.0,23312.333333333332,2022,10,1,5,19
2363.0,8898.0,56876.0,3503.0,23092.333333333332,2022,10,25,1,20
9615.0,2363.0,8898.0,56876.0,22712.333333333332,2022,10,28,4,21
5125.0,9615.0,2363.0,8898.0,6958.666666666667,2022,11,2,2,22
4751.0,5125.0,9615.0,2363.0,5701.0,2022,11,17,3,23
302.0,4751.0,5125.0,9615.0,6497.0,2022,11,19,5,24
46512.0,302.0,4751.0,5125.0,3392.6666666666665,2022,11,25,4,25
41744.0,46512.0,302.0,4751.0,17188.333333333332,2022,12,3,5,26
7288.0,41744.0,46512.0,302.0,29519.333333333332,2023,2,18,5,27
1335.0,7288.0,41744.0,46512.0,31848.0,2023,8,4,4,28
2134.0,1335.0,7288.0,41744.0,16789.0,2023,8,9,2,29
9413.0,2134.0,1335.0,7288.0,3585.6666666666665,2023,10,20,4,30
384.0,9413.0,2134.0,1335.0,4294.0,2023,10,21,5,31
24773.0,384.0,9413.0,2134.0,3977.0,2023,12,18,0,32
1684.0,24773.0,384.0,9413.0,11523.333333333334,2024,1,6,5,33
35167.0,1684.0,24773.0,384.0,8947.0,2024,1,21,6,34
75836.0,35167.0,1684.0,24773.0,20541.333333333332,2024,2,14,2,35
2612.0,75836.0,35167.0,1684.0,37562.333333333336,2024,2,14,2,36
42655.0,2612.0,75836.0,35167.0,37871.666666666664,2024,6,17,0,37
30535.0,42655.0,2612.0,75836.0,40367.666666666664,2024,6,27,3,38
57757.0,30535.0,42655.0,2612.0,25267.333333333332,2024,7,22,0,39
45368.0,57757.0,30535.0,42655.0,43649.0,2024,7,23,1,40
1467.0,45368.0,57757.0,30535.0,44553.333333333336,2024,8,1,3,41
5455.0,1467.0,45368.0,57757.0,34864.0,2024,9,18,2,42
5107.0,2273.0,4398.0,2601.0,3090.6666666666665,2021,5,22,5,3
30431.0,5107.0,2273.0,4398.0,3926.0,2021,6,10,3,4
4469.0,30431.0,5107.0,2273.0,12603.666666666666,2021,6,20,6,5
999999.0,4469.0,30431.0,5107.0,13335.666666666666,2021,8,13,4,6
990.0,999999.0,4469.0,30431.0,344966.3333333333,2021,8,25,2,7
7719.0,990.0,999999.0,4469.0,335152.6666666667,2021,9,9,3,8
3654.0,7719.0,990.0,999999.0,336236.0,2021,11,30,1,9
2342.0,3654.0,7719.0,990.0,4121.0,2021,12,13,0,10
47374.0,2342.0,3654.0,7719.0,4571.666666666667,2022,2,11,4,11
571.0,47374.0,2342.0,3654.0,17790.0,2022,3,21,0,12
47491.0,571.0,47374.0,2342.0,16762.333333333332,2022,5,28,5,13
820.0,47491.0,571.0,47374.0,31812.0,2022,7,9,5,14
9609.0,820.0,47491.0,571.0,16294.0,2022,8,9,1,15
409.0,9609.0,820.0,47491.0,19306.666666666668,2022,11,8,1,16
6220.0,409.0,9609.0,820.0,3612.6666666666665,2022,11,18,4,17
8115.0,6220.0,409.0,9609.0,5412.666666666667,2022,11,20,6,18
8005.0,8115.0,6220.0,409.0,4914.666666666667,2022,12,20,1,19
4039.0,8005.0,8115.0,6220.0,7446.666666666667,2022,12,27,1,20
8631.0,4039.0,8005.0,8115.0,6719.666666666667,2023,1,27,4,21
1301.0,8631.0,4039.0,8005.0,6891.666666666667,2023,4,6,3,22
5071.0,1301.0,8631.0,4039.0,4657.0,2023,5,10,2,23
8641.0,5071.0,1301.0,8631.0,5001.0,2023,7,12,2,24
3692.0,8641.0,5071.0,1301.0,5004.333333333333,2023,8,2,2,25
15696.0,3692.0,8641.0,5071.0,5801.333333333333,2023,8,29,1,26
7858.0,15696.0,3692.0,8641.0,9343.0,2023,9,24,6,27
4781.0,7858.0,15696.0,3692.0,9082.0,2023,10,22,6,28
5887.0,4781.0,7858.0,15696.0,9445.0,2023,10,29,6,29
14729.0,5887.0,4781.0,7858.0,6175.333333333333,2023,11,10,4,30
9662.0,14729.0,5887.0,4781.0,8465.666666666666,2023,12,14,3,31
9650.0,9662.0,14729.0,5887.0,10092.666666666666,2024,1,18,3,32
7702.0,9650.0,9662.0,14729.0,11347.0,2024,2,14,2,33
4946.0,7702.0,9650.0,9662.0,9004.666666666666,2024,3,1,4,34
5254.0,4946.0,7702.0,9650.0,7432.666666666667,2024,5,15,2,35
9095.0,5254.0,4946.0,7702.0,5967.333333333333,2024,6,15,5,36
39567.0,9095.0,5254.0,4946.0,6431.666666666667,2024,7,9,1,37
8548.0,39567.0,9095.0,5254.0,17972.0,2024,9,20,4,38
1783.0,8548.0,39567.0,9095.0,19070.0,2024,10,18,4,39
7882.0,7829.0,1716.0,7691.0,5745.333333333333,2021,4,21,2,3
7809.0,7882.0,7829.0,1716.0,5809.0,2021,5,16,6,4
8810.0,7809.0,7882.0,7829.0,7840.0,2021,6,2,2,5
35836.0,8810.0,7809.0,7882.0,8167.0,2021,6,29,1,6
2708.0,35836.0,8810.0,7809.0,17485.0,2021,8,1,6,7
27796.0,2708.0,35836.0,8810.0,15784.666666666666,2021,8,25,2,8
5311.0,27796.0,2708.0,35836.0,22113.333333333332,2021,8,26,3,9
7894.0,5311.0,27796.0,2708.0,11938.333333333334,2021,9,6,0,10
77882.0,7894.0,5311.0,27796.0,13667.0,2021,9,23,3,11
4280.0,77882.0,7894.0,5311.0,30362.333333333332,2021,11,22,0,12
5992.0,4280.0,77882.0,7894.0,30018.666666666668,2021,11,28,6,13
3937.0,5992.0,4280.0,77882.0,29384.666666666668,2022,1,31,0,14
8428.0,3937.0,5992.0,4280.0,4736.333333333333,2022,4,4,0,15
4453.0,8428.0,3937.0,5992.0,6119.0,2022,6,2,3,16
5844.0,4453.0,8428.0,3937.0,5606.0,2022,8,14,6,17
4813.0,5844.0,4453.0,8428.0,6241.666666666667,2022,9,6,1,18
262.0,4813.0,5844.0,4453.0,5036.666666666667,2022,10,4,1,19
5958.0,262.0,4813.0,5844.0,3639.6666666666665,2022,10,19,2,20
2214.0,5958.0,262.0,4813.0,3677.6666666666665,2022,11,8,1,21
11386.0,2214.0,5958.0,262.0,2811.3333333333335,2023,1,10,1,22
62527.0,11386.0,2214.0,5958.0,6519.333333333333,2023,6,17,5,23
5172.0,62527.0,11386.0,2214.0,25375.666666666668,2023,6,23,4,24
1891.0,5172.0,62527.0,11386.0,26361.666666666668,2023,8,6,6,25
7493.0,1891.0,5172.0,62527.0,23196.666666666668,2023,9,15,4,26
40858.0,7493.0,1891.0,5172.0,4852.0,2023,12,17,6,27
31389.0,40858.0,7493.0,1891.0,16747.333333333332,2024,1,11,3,28
5181.0,31389.0,40858.0,7493.0,26580.0,2024,2,15,3,29
12001.0,5181.0,31389.0,40858.0,25809.333333333332,2024,3,24,6,30
8781.0,12001.0,5181.0,31389.0,16190.333333333334,2024,3,25,0,31
9616.0,8781.0,12001.0,5181.0,8654.333333333334,2024,4,16,1,32
9635.0,9616.0,8781.0,12001.0,10132.666666666666,2024,7,9,1,33
2768.0,9635.0,9616.0,8781.0,9344.0,2024,8,2,4,34
3234.0,2768.0,9635.0,9616.0,7339.666666666667,2024,8,4,6,35
2265.0,3234.0,2768.0,9635.0,5212.333333333333,2024,9,30,0,36
8882.0,2265.0,3234.0,2768.0,2755.6666666666665,2024,10,17,3,37
43241.0,8882.0,2265.0,3234.0,4793.666666666667,2024,10,20,6,38
2657.0,43241.0,8882.0,2265.0,18129.333333333332,2024,11,19,1,39
5556.0,5502.0,7271.0,1125.0,4632.666666666667,2021,10,29,4,3
8362.0,5556.0,5502.0,7271.0,6109.666666666667,2021,11,15,0,4
9989.0,8362.0,5556.0,5502.0,6473.333333333333,2021,12,19,6,5
1107.0,9989.0,8362.0,5556.0,7969.0,2021,12,27,0,6
26260.0,1107.0,9989.0,8362.0,6486.0,2022,1,4,1,7
4633.0,26260.0,1107.0,9989.0,12452.0,2022,3,28,0,8
1568.0,4633.0,26260.0,1107.0,10666.666666666666,2022,4,5,1,9
23778.0,1568.0,4633.0,26260.0,10820.333333333334,2022,4,6,2,10
9976.0,23778.0,1568.0,4633.0,9993.0,2022,6,3,4,11
48760.0,9976.0,23778.0,1568.0,11774.0,2022,9,6,1,12
7698.0,48760.0,9976.0,23778.0,27504.666666666668,2022,9,18,6,13
3560.0,7698.0,48760.0,9976.0,22144.666666666668,2022,9,29,3,14
2292.0,3560.0,7698.0,48760.0,20006.0,2022,12,29,3,15
4766.0,2292.0,3560.0,7698.0,4516.666666666667,2023,2,8,2,16
4329.0,4766.0,2292.0,3560.0,3539.3333333333335,2023,2,15,2,17
8254.0,4329.0,4766.0,2292.0,3795.6666666666665,2023,2,26,6,18
10557.0,8254.0,4329.0,4766.0,5783.0,2023,3,6,0,19
4600.0,10557.0,8254.0,4329.0,7713.333333333333,2023,3,7,1,20
6779.0,4600.0,10557.0,8254.0,7803.666666666667,2023,5,1,0,21
723.0,6779.0,4600.0,10557.0,7312.0,2023,8,7,0,22
1372.0,723.0,6779.0,4600.0,4034.0,2023,9,23,5,23
8479.0,1372.0,723.0,6779.0,2958.0,2023,10,12,3,24
6555.0,8479.0,1372.0,723.0,3524.6666666666665,2023,10,21,5,25
7914.0,6555.0,8479.0,1372.0,5468.666666666667,2023,10,29,6,26
7031.0,7914.0,6555.0,8479.0,7649.333333333333,2023,11,16,3,27
7195.0,7031.0,7914.0,6555.0,7166.666666666667,2024,1,14,6,28
1014.0,7195.0,7031.0,7914.0,7380.0,2024,1,29,0,29
3838.0,1014.0,7195.0,7031.0,5080.0,2024,2,11,6,30
33351.0,3838.0,1014.0,7195.0,4015.6666666666665,2024,3,7,3,31
2932.0,33351.0,3838.0,1014.0,12734.333333333334,2024,3,20,2,32
28581.0,2932.0,33351.0,3838.0,13373.666666666666,2024,4,20,5,33
3925.0,28581.0,2932.0,33351.0,21621.333333333332,2024,6,15,5,34
3161.0,3925.0,28581.0,2932.0,11812.666666666666,2024,9,10,1,35
324.0,10361.0,6915.0,6970.0,8082.0,2021,6,1,1,3
34515.0,324.0,10361.0,6915.0,5866.666666666667,2021,6,4,4,4
2766.0,34515.0,324.0,10361.0,15066.666666666666,2021,7,12,0,5
8484.0,2766.0,34515.0,324.0,12535.0,2021,7,30,4,6
4512.0,8484.0,2766.0,34515.0,15255.0,2021,8,1,6,7
8138.0,4512.0,8484.0,2766.0,5254.0,2021,8,21,5,8
6343.0,8138.0,4512.0,8484.0,7044.666666666667,2021,8,23,0,9
62237.0,6343.0,8138.0,4512.0,6331.0,2021,11,29,0,10
6666.0,62237.0,6343.0,8138.0,25572.666666666668,2022,1,6,3,11
4670.0,6666.0,62237.0,6343.0,25082.0,2022,1,8,5,12
8643.0,4670.0,6666.0,62237.0,24524.333333333332,2022,1,15,5,13
9089.0,8643.0,4670.0,6666.0,6659.666666666667,2022,2,2,2,14
3463.0,9089.0,8643.0,4670.0,7467.333333333333,2022,3,30,2,15
5122.0,3463.0,9089.0,8643.0,7065.0,2022,4,1,4,16
74036.0,5122.0,3463.0,9089.0,5891.333333333333,2022,4,10,6,17
3699.0,74036.0,5122.0,3463.0,27540.333333333332,2022,4,21,3,18
1590.0,3699.0,74036.0,5122.0,27619.0,2022,5,12,3,19
604.0,1590.0,3699.0,74036.0,26441.666666666668,2022,9,27,1,20
7109.0,604.0,1590.0,3699.0,1964.3333333333333,2022,11,20,6,21
3213.0,7109.0,604.0,1590.0,3101.0,2022,12,22,3,22
207.0,3213.0,7109.0,604.0,3642.0,2023,1,15,6,23
6766.0,207.0,3213.0,7109.0,3509.6666666666665,2023,2,2,3,24
2305.0,6766.0,207.0,3213.0,3395.3333333333335,2023,2,18,5,25
6497.0,2305.0,6766.0,207.0,3092.6666666666665,2023,3,26,6,26
48918.0,6497.0,2305.0,6766.0,5189.333333333333,2023,7,8,5,27
7230.0,48918.0,6497.0,2305.0,19240.0,2023,7,20,3,28
2748.0,7230.0,48918.0,6497.0,20881.666666666668,2023,8,17,3,29
7734.0,2748.0,7230.0,48918.0,19632.0,2023,9,11,0,30
4046.0,7734.0,2748.0,7230.0,5904.0,2023,9,22,4,31
1532.0,4046.0,7734.0,2748.0,4842.666666666667,2023,10,22,6,32
17210.0,1532.0,4046.0,7734.0,4437.333333333333,2024,1,2,1,33
25526.0,17210.0,1532.0,4046.0,7596.0,2024,2,13,1,34
999999.0,25526.0,17210.0,1532.0,14756.0,2024,3,2,5,35
6679.0,999999.0,25526.0,17210.0,347578.3333333333,2024,3,6,2,36
23398.0,6679.0,999999.0,25526.0,344068.0,2024,4,16,1,37
3646.0,23398.0,6679.0,999999.0,343358.6666666667,2024,4,25,3,38
55767.0,3646.0,23398.0,6679.0,11241.0,2024,4,26,4,39
3054.0,55767.0,3646.0,23398.0,27603.666666666668,2024,7,22,0,40
7322.0,3054.0,55767.0,3646.0,20822.333333333332,2024,9,23,0,41
4216.0,7322.0,3054.0,55767.0,22047.666666666668,2024,10,3,3,42
9869.0,4216.0,7322.0,3054.0,4864.0,2024,11,17,6,43
1239.0,9869.0,4216.0,7322.0,7135.666666666667,2024,11,29,4,44
7570.0,3380.0,614.0,3805.0,2599.6666666666665,2021,8,16,0,3
54942.0,7570.0,3380.0,614.0,3854.6666666666665,2021,10,3,6,4
2101.0,54942.0,7570.0,3380.0,21964.0,2021,10,7,3,5
343.0,2101.0,54942.0,7570.0,21537.666666666668,2021,10,7,3,6
1553.0,343.0,2101.0,54942.0,19128.666666666668,2021,10,16,5,7
1975.0,1553.0,343.0,2101.0,1332.3333333333333,2021,10,16,5,8
8987.0,1975.0,1553.0,343.0,1290.3333333333333,2021,10,28,3,9
9998.0,8987.0,1975.0,1553.0,4171.666666666667,2021,12,23,3,10
6422.0,9998.0,8987.0,1975.0,6986.666666666667,2021,12,30,3,11
1250.0,6422.0,9998.0,8987.0,8469.0,2022,1,21,4,12
1812.0,1250.0,6422.0,9998.0,5890.0,2022,1,25,1,13
8479.0,1812.0,1250.0,6422.0,3161.3333333333335,2022,5,1,6,14
7358.0,8479.0,1812.0,1250.0,3847.0,2022,5,20,4,15
24089.0,7358.0,8479.0,1812.0,5883.0,2022,6,4,5,16
3541.0,24089.0,7358.0,8479.0,13308.666666666666,2022,7,21,3,17
8810.0,3541.0,24089.0,7358.0,11662.666666666666,2022,8,2,1,18
66678.0,8810.0,3541.0,24089.0,12146.666666666666,2022,10,3,0,19
5693.0,66678.0,8810.0,3541.0,26343.0,2022,12,13,1,20
17938.0,5693.0,66678.0,8810.0,27060.333333333332,2023,1,14,5,21
2206.0,17938.0,5693.0,66678.0,30103.0,2023,2,4,5,22
5174.0,2206.0,17938.0,5693.0,8612.333333333334,2023,5,10,2,23
4805.0,5174.0,2206.0,17938.0,8439.333333333334,2023,5,23,1,24
2067.0,4805.0,5174.0,2206.0,4061.6666666666665,2023,6,3,5,25
9028.0,2067.0,4805.0,5174.0,4015.3333333333335,2023,6,17,5,26
8358.0,9028.0,2067.0,4805.0,5300.0,2023,6,29,3,27
42478.0,8358.0,9028.0,2067.0,6484.333333333333,2023,7,2,6,28
1620.0,42478.0,8358.0,9028.0,19954.666666666668,2023,10,8,6,29
1180.0,1620.0,42478.0,8358.0,17485.333333333332,2023,10,9,0,30
151.0,1180.0,1620.0,42478.0,15092.666666666666,2023,11,5,6,31
24380.0,151.0,1180.0,1620.0,983.6666666666666,2023,11,21,1,32
3476.0,24380.0,151.0,1180.0,8570.333333333334,2023,12,2,5,33
15135.0,3476.0,24380.0,151.0,9335.666666666666,2023,12,29,4,34
12083.0,15135.0,3476.0,24380.0,14330.333333333334,2024,1,1,0,35
319.0,12083.0,15135.0,3476.0,10231.333333333334,2024,4,13,5,36
9363.0,319.0,12083.0,15135.0,9179.0,2024,4,15,0,37
6514.0,9363.0,319.0,12083.0,7255.0,2024,6,6,3,38
3765.0,6514.0,9363.0,319.0,5398.666666666667,2024,7,8,0,39
66538.0,3765.0,6514.0,9363.0,6547.333333333333,2024,7,12,4,40
8301.0,66538.0,3765.0,6514.0,25605.666666666668,2024,8,13,1,41
33081.0,8301.0,66538.0,3765.0,26201.333333333332,2024,8,21,2,42
25157.0,35977.0,6737.0,4868.0,15860.666666666666,2021,5,25,1,3
28477.0,25157.0,35977.0,6737.0,22623.666666666668,2021,7,1,3,4
7230.0,28477.0,25157.0,35977.0,29870.333333333332,2021,7,23,4,5
356.0,7230.0,28477.0,25157.0,20288.0,2021,9,7,1,6
5705.0,356.0,7230.0,28477.0,12021.0,2021,9,16,3,7
7521.0,5705.0,356.0,7230.0,4430.333333333333,2021,9,26,6,8
2703.0,7521.0,5705.0,356.0,4527.333333333333,2021,9,29,2,9
9695.0,2703.0,7521.0,5705.0,5309.666666666667,2021,12,7,1,10
7734.0,9695.0,2703.0,7521.0,6639.666666666667,2022,1,16,6,11
8562.0,7734.0,9695.0,2703.0,6710.666666666667,2022,4,25,0,12
6400.0,8562.0,7734.0,9695.0,8663.666666666666,2022,7,17,6,13
73222.0,6400.0,8562.0,7734.0,7565.333333333333,2022,11,2,2,14
26643.0,73222.0,6400.0,8562.0,29394.666666666668,2023,1,14,5,15
6681.0,26643.0,73222.0,6400.0,35421.666666666664,2023,2,13,0,16
29126.0,6681.0,26643.0,73222.0,35515.333333333336,2023,2,26,6,17
2645.0,29126.0,6681.0,26643.0,20816.666666666668,2023,5,17,2,18
9727.0,2645.0,29126.0,6681.0,12817.333333333334,2023,5,20,5,19
4978.0,9727.0,2645.0,29126.0,13832.666666666666,2023,5,21,6,20
8204.0,4978.0,9727.0,2645.0,5783.333333333333,2023,7,6,3,21
6393.0,8204.0,4978.0,9727.0,7636.333333333333,2023,8,14,0,22
5476.0,6393.0,8204.0,4978.0,6525.0,2023,9,26,1,23
5476.0,5476.0,6393.0,8204.0,6691.0,2023,10,7,5,24
4252.0,5476.0,5476.0,6393.0,5781.666666666667,2023,12,24,6,25
7081.0,4252.0,5476.0,5476.0,5068.0,2024,1,1,0,26
757.0,7081.0,4252.0,5476.0,5603.0,2024,1,1,0,27
6798.0,757.0,7081.0,4252.0,4030.0,2024,1,31,2,28
2603.0,6798.0,757.0,7081.0,4878.666666666667,2024,3,3,6,29
8664.0,2603.0,6798.0,757.0,3386.0,2024,3,19,1,30
5177.0,8664.0,2603.0,6798.0,6021.666666666667,2024,6,7,4,31
9732.0,5177.0,8664.0,2603.0,5481.333333333333,2024,6,19,2,32
2452.0,9732.0,5177.0,8664.0,7857.666666666667,2024,9,8,6,33
3538.0,2452.0,9732.0,5177.0,5787.0,2024,11,16,5,34
3355.0,3538.0,2452.0,9732.0,5240.666666666667,2024,11,17,6,35
4723.0,3355.0,3538.0,2452.0,3115.0,2024,12,8,6,36
32381.0,10926.0,3970.0,9423.0,8106.333333333333,2021,6,5,5,3
6041.0,32381.0,10926.0,3970.0,15759.0,2021,8,13,4,4
696.0,6041.0,32381.0,10926.0,16449.333333333332,2021,11,2,1,5
6893.0,696.0,6041.0,32381.0,13039.333333333334,2021,11,13,5,6
3097.0,6893.0,696.0,6041.0,4543.333333333333,2021,12,16,3,7
44645.0,3097.0,6893.0,696.0,3562.0,2021,12,21,1,8
1958.0,44645.0,3097.0,6893.0,18211.666666666668,2022,1,4,1,9
3557.0,1958.0,44645.0,3097.0,16566.666666666668,2022,2,16,2,10
2994.0,3557.0,1958.0,44645.0,16720.0,2022,2,17,3,11
8225.0,2994.0,3557.0,1958.0,2836.3333333333335,2022,4,8,4,12
8370.0,8225.0,2994.0,3557.0,4925.333333333333,2022,4,13,2,13
4368.0,8370.0,8225.0,2994.0,6529.666666666667,2022,4,18,0,14
3609.0,4368.0,8370.0,8225.0,6987.666666666667,2022,7,6,2,15
4044.0,3609.0,4368.0,8370.0,5449.0,2022,8,16,1,16
2887.0,4044.0,3609.0,4368.0,4007.0,2022,9,16,4,17
40400.0,2887.0,4044.0,3609.0,3513.3333333333335,2022,9,18,6,18
9075.0,40400.0,2887.0,4044.0,15777.0,2022,12,6,1,19
8704.0,9075.0,40400.0,2887.0,17454.0,2023,4,9,6,20
4572.0,8704.0,9075.0,40400.0,19393.0,2023,4,19,2,21
6376.0,4572.0,8704.0,9075.0,7450.333333333333,2023,4,21,4,22
3658.0,6376.0,4572.0,8704.0,6550.666666666667,2023,5,25,3,23
93.0,3658.0,6376.0,4572.0,4868.666666666667,2023,6,22,3,24
8970.0,93.0,3658.0,6376.0,3375.6666666666665,2023,10,14,5,25
6111.0,8970.0,93.0,3658.0,4240.333333333333,2023,10,21,5,26
76046.0,6111.0,8970.0,93.0,5058.0,2024,6,15,5,27
3064.0,76046.0,6111.0,8970.0,30375.666666666668,2024,9,1,6,28
69768.0,3064.0,76046.0,6111.0,28407.0,2024,10,29,1,29
22362.0,69768.0,3064.0,76046.0,49626.0,2024,11,10,6,30
5515.0,6723.0,3502.0,821.0,3682.0,2021,7,21,2,3
2187.0,5515.0,6723.0,3502.0,5246.666666666667,2021,8,17,1,4
5352.0,2187.0,5515.0,6723.0,4808.333333333333,2021,8,20,4,5
10309.0,5352.0,2187.0,5515.0,4351.333333333333,2021,10,24,6,6
403.0,10309.0,5352.0,2187.0,5949.333333333333,2021,12,16,3,7
7017.0,403.0,10309.0,5352.0,5354.666666666667,2021,12,22,2,8
18898.0,7017.0,403.0,10309.0,5909.666666666667,2022,1,18,1,9
2376.0,18898.0,7017.0,403.0,8772.666666666666,2022,1,24,0,10
5756.0,2376.0,18898.0,7017.0,9430.333333333334,2022,1,26,2,11
9434.0,5756.0,2376.0,18898.0,9010.0,2022,2,10,3,12
8107.0,9434.0,5756.0,2376.0,5855.333333333333,2022,6,6,0,13
4413.0,8107.0,9434.0,5756.0,7765.666666666667,2022,6,21,1,14
1195.0,4413.0,8107.0,9434.0,7318.0,2022,7,29,4,15
1034.0,1195.0,4413.0,8107.0,4571.666666666667,2022,9,9,4,16
5387.0,1034.0,1195.0,4413.0,2214.0,2022,9,26,0,17
7236.0,5387.0,1034.0,1195.0,2538.6666666666665,2022,10,18,1,18
1906.0,7236.0,5387.0,1034.0,4552.333333333333,2022,10,22,5,19
1131.0,1906.0,7236.0,5387.0,4843.0,2022,10,25,1,20
1087.0,1131.0,1906.0,7236.0,3424.3333333333335,2022,10,26,2,21
330.0,1087.0,1131.0,1906.0,1374.6666666666667,2022,11,28,0,22
3053.0,330.0,1087.0,1131.0,849.3333333333334,2023,1,19,3,23
9939.0,3053.0,330.0,1087.0,1490.0,2023,2,16,3,24
2753.0,9939.0,3053.0,330.0,4440.666666666667,2023,3,28,1,25
3125.0,2753.0,9939.0,3053.0,5248.333333333333,2023,4,18,1,26
6900.0,3125.0,2753.0,9939.0,5272.333333333333,2023,5,22,0,27
8757.0,6900.0,3125.0,2753.0,4259.333333333333,2023,6,6,1,28
1640.0,8757.0,6900.0,3125.0,6260.666666666667,2023,6,25,6,29
2004.0,1640.0,8757.0,6900.0,5765.666666666667,2023,7,2,6,30
7123.0,2004.0,1640.0,8757.0,4133.666666666667,2023,11,18,5,31
16289.0,7123.0,2004.0,1640.0,3589.0,2023,12,30,5,32
75823.0,16289.0,7123.0,2004.0,8472.0,2024,2,10,5,33
17616.0,75823.0,16289.0,7123.0,33078.333333333336,2024,4,8,0,34
840.0,17616.0,75823.0,16289.0,36576.0,2024,4,20,5,35
41993.0,840.0,17616.0,75823.0,31426.333333333332,2024,5,28,1,36
5540.0,41993.0,840.0,17616.0,20149.666666666668,2024,6,14,4,37
13374.0,5540.0,41993.0,840.0,16124.333333333334,2024,7,5,4,38
48926.0,2817.0,25390.0,201.0,9469.333333333334,2021,4,20,1,3
35215.0,48926.0,2817.0,25390.0,25711.0,2021,5,14,4,4
2217.0,35215.0,48926.0,2817.0,28986.0,2021,6,10,3,5
8504.0,2217.0,35215.0,48926.0,28786.0,2021,8,6,4,6
1691.0,8504.0,2217.0,35215.0,15312.0,2021,9,7,1,7
7245.0,1691.0,8504.0,2217.0,4137.333333333333,2021,9,22,2,8
9902.0,7245.0,1691.0,8504.0,5813.333333333333,2021,10,12,1,9
1618.0,9902.0,7245.0,1691.0,6279.333333333333,2021,11,7,6,10
7863.0,1618.0,9902.0,7245.0,6255.0,2021,11,11,3,11
7839.0,7863.0,1618.0,9902.0,6461.0,2022,1,22,5,12
753.0,7839.0,7863.0,1618.0,5773.333333333333,2022,5,4,2,13
79300.0,753.0,7839.0,7863.0,5485.0,2022,8,18,3,14
5642.0,79300.0,753.0,7839.0,29297.333333333332,2022,11,13,6,15
1150.0,5642.0,79300.0,753.0,28565.0,2022,11,21,0,16
3661.0,1150.0,5642.0,79300.0,28697.333333333332,2022,12,27,1,17
60268.0,3661.0,1150.0,5642.0,3484.3333333333335,2022,12,31,5,18
3065.0,60268.0,3661.0,1150.0,21693.0,2023,2,23,3,19
1831.0,3065.0,60268.0,3661.0,22331.333333333332,2023,6,4,6,20
39845.0,1831.0,3065.0,60268.0,21721.333333333332,2023,6,28,2,21
1257.0,39845.0,1831.0,3065.0,14913.666666666666,2023,9,23,5,22
3383.0,1257.0,39845.0,1831.0,14311.0,2023,9,23,5,23
9385.0,3383.0,1257.0,39845.0,14828.333333333334,2023,10,10,1,24
9869.0,9385.0,3383.0,1257.0,4675.0,2023,11,20,0,25
6777.0,9869.0,9385.0,3383.0,7545.666666666667,2023,12,1,4,26
16900.0,6777.0,9869.0,9385.0,8677.0,2024,1,12,4,27
3552.0,16900.0,6777.0,9869.0,11182.0,2024,3,14,3,28
838.0,3552.0,16900.0,6777.0,9076.333333333334,2024,5,9,3,29
67143.0,838.0,3552.0,16900.0,7096.666666666667,2024,6,22,5,30
9427.0,67143.0,838.0,3552.0,23844.333333333332,2024,7,2,1,31
7448.0,9427.0,67143.0,838.0,25802.666666666668,2024,7,25,3,32
8167.0,7448.0,9427.0,67143.0,28006.0,2024,8,30,4,33
8041.0,8167.0,7448.0,9427.0,8347.333333333334,2024,9,21,5,34
4973.0,8041.0,8167.0,7448.0,7885.333333333333,2024,10,16,2,35
6879.0,4973.0,8041.0,8167.0,7060.333333333333,2024,10,30,2,36
61699.0,6879.0,4973.0,8041.0,6631.0,2024,11,10,6,37
9148.0,61699.0,6879.0,4973.0,24517.0,2024,11,12,1,38
7126.0,9148.0,61699.0,6879.0,25908.666666666668,2024,11,23,5,39
36727.0,5048.0,37108.0,8085.0,16747.0,2021,7,31,5,3
9659.0,36727.0,5048.0,37108.0,26294.333333333332,2021,8,4,2,4
8345.0,9659.0,36727.0,5048.0,17144.666666666668,2021,8,22,6,5
4446.0,8345.0,9659.0,36727.0,18243.666666666668,2021,9,10,4,6
997.0,4446.0,8345.0,9659.0,7483.333333333333,2021,9,18,5,7
4303.0,997.0,4446.0,8345.0,4596.0,2021,10,16,5,8
2593.0,4303.0,997.0,4446.0,3248.6666666666665,2021,12,1,2,9
6671.0,2593.0,4303.0,997.0,2631.0,2022,3,24,3,10
5707.0,6671.0,2593.0,4303.0,4522.333333333333,2022,4,27,2,11
8883.0,5707.0,6671.0,2593.0,4990.333333333333,2022,5,5,3,12
3437.0,8883.0,5707.0,6671.0,7087.0,2022,7,26,1,13
16079.0,3437.0,8883.0,5707.0,6009.0,2022,9,3,5,14
32595.0,16079.0,3437.0,8883.0,9466.333333333334,2022,12,2,4,15
71355.0,32595.0,16079.0,3437.0,17370.333333333332,2022,12,11,6,16
3445.0,71355.0,32595.0,16079.0,40009.666666666664,2023,3,1,2,17
741.0,3445.0,71355.0,32595.0,35798.333333333336,2023,5,12,4,18
3272.0,741.0,3445.0,71355.0,25180.333333333332,2023,6,26,0,19
8172.0,3272.0,741.0,3445.0,2486.0,2023,9,13,2,20
3064.0,8172.0,3272.0,741.0,4061.6666666666665,2023,9,22,4,21
4156.0,3064.0,8172.0,3272.0,4836.0,2024,2,17,5,22
3208.0,4156.0,3064.0,8172.0,5130.666666666667,2024,4,10,2,23
7397.0,3208.0,4156.0,3064.0,3476.0,2024,4,17,2,24
8053.0,7397.0,3208.0,4156.0,4920.333333333333,2024,5,13,0,25
79575.0,8053.0,7397.0,3208.0,6219.333333333333,2024,7,21,6,26
3890.0,6798.0,2505.0,2545.0,3949.3333333333335,2021,4,1,3,3
7501.0,3890.0,6798.0,2505.0,4397.666666666667,2021,4,18,6,4
77408.0,7501.0,3890.0,6798.0,6063.0,2021,7,3,5,5
14746.0,77408.0,7501.0,3890.0,29599.666666666668,2021,7,9,4,6
9560.0,14746.0,77408.0,7501.0,33218.333333333336,2021,9,29,2,7
3305.0,9560.0,14746.0,77408.0,33904.666666666664,2021,10,8,4,8
1891.0,3305.0,9560.0,14746.0,9203.666666666666,2021,10,12,1,9
9866.0,1891.0,3305.0,9560.0,4918.666666666667,2021,11,4,3,10
6171.0,9866.0,1891.0,3305.0,5020.666666666667,2021,12,19,6,11
4958.0,6171.0,9866.0,1891.0,5976.0,2022,1,13,3,12
7746.0,4958.0,6171.0,9866.0,6998.333333333333,2022,1,31,0,13
61140.0,7746.0,4958.0,6171.0,6291.666666666667,2022,7,19,1,14
1112.0,61140.0,7746.0,4958.0,24614.666666666668,2022,8,2,1,15
3579.0,1112.0,61140.0,7746.0,23332.666666666668,2022,9,5,0,16
9307.0,3579.0,1112.0,61140.0,21943.666666666668,2022,9,11,6,17
17003.0,9307.0,3579.0,1112.0,4666.0,2022,10,13,3,18
1666.0,17003.0,9307.0,3579.0,9963.0,2022,11,12,5,19
8440.0,1666.0,17003.0,9307.0,9325.333333333334,2022,12,9,4,20
2891.0,8440.0,1666.0,17003.0,9036.333333333334,2022,12,16,4,21
8578.0,2891.0,8440.0,1666.0,4332.333333333333,2023,9,6,2,22
6946.0,8578.0,2891.0,8440.0,6636.333333333333,2023,9,27,2,23
3120.0,6946.0,8578.0,2891.0,6138.333333333333,2023,10,3,1,24
3543.0,3120.0,6946.0,8578.0,6214.666666666667,2023,11,16,3,25
6317.0,3543.0,3120.0,6946.0,4536.333333333333,2023,12,7,3,26
957.0,6317.0,3543.0,3120.0,4326.666666666667,2024,3,18,0,27
2134.0,957.0,6317.0,3543.0,3605.6666666666665,2024,7,25,3,28
6607.0,2134.0,957.0,6317.0,3136.0,2024,8,20,1,29
6956.0,6607.0,2134.0,957.0,3232.6666666666665,2024,9,7,5,30
3000.0,6956.0,6607.0,2134.0,5232.333333333333,2024,9,25,2,31
4139.0,3000.0,6956.0,6607.0,5521.0,2024,10,10,3,32
7614.0,4139.0,3000.0,6956.0,4698.333333333333,2024,11,4,0,33
5161.0,7614.0,4139.0,3000.0,4917.666666666667,2024,11,12,1,34
6714.0,8440.0,60979.0,54312.0,41243.666666666664,2021,6,27,6,3
3085.0,6714.0,8440.0,60979.0,25377.666666666668,2021,8,2,0,4
738.0,3085.0,6714.0,8440.0,6079.666666666667,2021,8,15,6,5
30053.0,738.0,3085.0,6714.0,3512.3333333333335,2021,9,25,5,6
7754.0,30053.0,738.0,3085.0,11292.0,2021,12,16,3,7
7687.0,7754.0,30053.0,738.0,12848.333333333334,2022,1,27,3,8
3999.0,7687.0,7754.0,30053.0,15164.666666666666,2022,8,10,2,9
2136.0,3999.0,7687.0,7754.0,6480.0,2022,8,23,1,10
31695.0,2136.0,3999.0,7687.0,4607.333333333333,2022,9,11,6,11
11603.0,31695.0,2136.0,3999.0,12610.0,2023,1,7,5,12
2315.0,11603.0,31695.0,2136.0,15144.666666666666,2023,2,4,5,13
9053.0,2315.0,11603.0,31695.0,15204.333333333334,2023,2,4,5,14
2296.0,9053.0,2315.0,11603.0,7657.0,2023,5,15,0,15
36713.0,2296.0,9053.0,2315.0,4554.666666666667,2023,8,6,6,16
913.0,36713.0,2296.0,9053.0,16020.666666666666,2023,9,24,6,17
8801.0,913.0,36713.0,2296.0,13307.333333333334,2023,11,16,3,18
2072.0,8801.0,913.0,36713.0,15475.666666666666,2023,11,29,2,19
53078.0,2072.0,8801.0,913.0,3928.6666666666665,2023,12,5,1,20
4193.0,53078.0,2072.0,8801.0,21317.0,2024,2,8,3,21
8778.0,4193.0,53078.0,2072.0,19781.0,2024,2,11,6,22
46868.0,8778.0,4193.0,53078.0,22016.333333333332,2024,2,17,5,23
8461.0,46868.0,8778.0,4193.0,19946.333333333332,2024,2,24,5,24
7403.0,8461.0,46868.0,8778.0,21369.0,2024,5,17,4,25
2880.0,7403.0,8461.0,46868.0,20910.666666666668,2024,5,20,0,26
2458.0,2880.0,7403.0,8461.0,6248.0,2024,9,7,5,27
3551.0,2458.0,2880.0,7403.0,4247.0,2024,9,21,5,28
1124.0,3551.0,2458.0,2880.0,2963.0,2024,10,5,5,29
6340.0,1124.0,3551.0,2458.0,2377.6666666666665,2024,11,5,1,30
1699.0,6340.0,1124.0,3551.0,3671.6666666666665,2024,11,21,3,31
3815.0,1432.0,40425.0,7583.0,16480.0,2021,7,1,3,3
4334.0,3815.0,1432.0,40425.0,15224.0,2021,7,4,6,4
6224.0,4334.0,3815.0,1432.0,3193.6666666666665,2021,10,10,6,5
5708.0,6224.0,4334.0,3815.0,4791.0,2021,11,23,1,6
1947.0,5708.0,6224.0,4334.0,5422.0,2021,12,11,5,7
8199.0,1947.0,5708.0,6224.0,4626.333333333333,2022,2,28,0,8
46872.0,8199.0,1947.0,5708.0,5284.666666666667,2022,4,9,5,9
4719.0,46872.0,8199.0,1947.0,19006.0,2022,10,13,3,10
7155.0,4719.0,46872.0,8199.0,19930.0,2023,3,22,2,11
1392.0,7155.0,4719.0,46872.0,19582.0,2023,4,10,0,12
775.0,1392.0,7155.0,4719.0,4422.0,2023,4,13,3,13
4677.0,775.0,1392.0,7155.0,3107.3333333333335,2023,4,19,2,14
9533.0,4677.0,775.0,1392.0,2281.3333333333335,2023,6,16,4,15
3162.0,9533.0,4677.0,775.0,4995.0,2023,7,2,6,16
10839.0,3162.0,9533.0,4677.0,5790.666666666667,2023,8,12,5,17
5149.0,10839.0,3162.0,9533.0,7844.666666666667,2023,10,28,5,18
18073.0,5149.0,10839.0,3162.0,6383.333333333333,2023,11,16,3,19
3965.0,18073.0,5149.0,10839.0,11353.666666666666,2023,12,2,5,20
59543.0,3965.0,18073.0,5149.0,9062.333333333334,2024,1,22,0,21
1737.0,59543.0,3965.0,18073.0,27193.666666666668,2024,6,9,6,22
911154.0,1737.0,59543.0,3965.0,21748.333333333332,2024,7,31,2,23
1714.0,911154.0,1737.0,59543.0,324144.6666666667,2024,8,26,0,24
3853.0,1714.0,911154.0,1737.0,304868.3333333333,2024,11,18,0,25
7649.0,5984.0,749.0,6130.0,4287.666666666667,2021,4,1,3,3
8458.0,7649.0,5984.0,749.0,4794.0,2021,4,4,6,4
5987.0,8458.0,7649.0,5984.0,7363.666666666667,2021,4,23,4,5
9735.0,5987.0,8458.0,7649.0,7364.666666666667,2021,4,25,6,6
2237.0,9735.0,5987.0,8458.0,8060.0,2021,7,2,4,7
3065.0,2237.0,9735.0,5987.0,5986.333333333333,2021,7,17,5,8
29722.0,3065.0,2237.0,9735.0,5012.333333333333,2021,7,27,1,9
6421.0,29722.0,3065.0,2237.0,11674.666666666666,2021,8,23,0,10
8371.0,6421.0,29722.0,3065.0,13069.333333333334,2021,11,25,3,11
2087.0,8371.0,6421.0,29722.0,14838.0,2021,12,13,0,12
9335.0,2087.0,8371.0,6421.0,5626.333333333333,2022,1,6,3,13
4009.0,9335.0,2087.0,8371.0,6597.666666666667,2022,1,19,2,14
9384.0,4009.0,9335.0,2087.0,5143.666666666667,2022,2,13,6,15
729.0,9384.0,4009.0,9335.0,7576.0,2022,3,19,5,16
9963.0,729.0,9384.0,4009.0,4707.333333333333,2022,4,17,6,17
2051.0,9963.0,729.0,9384.0,6692.0,2022,5,20,4,18
57854.0,2051.0,9963.0,729.0,4247.666666666667,2022,6,10,4,19
40888.0,57854.0,2051.0,9963.0,23289.333333333332,2022,6,15,2,20
6278.0,40888.0,57854.0,2051.0,33597.666666666664,2022,8,25,3,21
1418.0,6278.0,40888.0,57854.0,35006.666666666664,2022,9,10,5,22
65464.0,1418.0,6278.0,40888.0,16194.666666666666,2022,11,19,5,23
4181.0,65464.0,1418.0,6278.0,24386.666666666668,2022,12,14,2,24
4816.0,4181.0,65464.0,1418.0,23687.666666666668,2023,2,21,1,25
5453.0,4816.0,4181.0,65464.0,24820.333333333332,2023,3,30,3,26
30386.0,5453.0,4816.0,4181.0,4816.666666666667,2023,4,4,1,27
47870.0,30386.0,5453.0,4816.0,13551.666666666666,2023,4,30,6,28
5961.0,47870.0,30386.0,5453.0,27903.0,2023,5,13,5,29
8122.0,5961.0,47870.0,30386.0,28072.333333333332,2023,5,17,2,30
30782.0,8122.0,5961.0,47870.0,20651.0,2023,6,6,1,31
5408.0,30782.0,8122.0,5961.0,14955.0,2023,7,25,1,32
68521.0,5408.0,30782.0,8122.0,14770.666666666666,2023,8,13,6,33
9606.0,68521.0,5408.0,30782.0,34903.666666666664,2023,8,15,1,34
17113.0,9606.0,68521.0,5408.0,27845.0,2023,8,27,6,35
2911.0,17113.0,9606.0,68521.0,31746.666666666668,2023,9,19,1,36
1540.0,2911.0,17113.0,9606.0,9876.666666666666,2023,9,21,3,37
3255.0,1540.0,2911.0,17113.0,7188.0,2023,10,26,3,38
1872.0,3255.0,1540.0,2911.0,2568.6666666666665,2023,11,6,0,39
8112.0,1872.0,3255.0,1540.0,2222.3333333333335,2023,11,12,6,40
5640.0,8112.0,1872.0,3255.0,4413.0,2023,12,7,3,41
37451.0,5640.0,8112.0,1872.0,5208.0,2023,12,13,2,42
22505.0,37451.0,5640.0,8112.0,17067.666666666668,2024,1,4,3,43
4892.0,22505.0,37451.0,5640.0,21865.333333333332,2024,1,18,3,44
1318.0,4892.0,22505.0,37451.0,21616.0,2024,2,5,0,45
2581.0,1318.0,4892.0,22505.0,9571.666666666666,2024,2,7,2,46
6377.0,2581.0,1318.0,4892.0,2930.3333333333335,2024,4,11,3,47
6862.0,6377.0,2581.0,1318.0,3425.3333333333335,2024,4,20,5,48
5087.0,6862.0,6377.0,2581.0,5273.333333333333,2024,5,15,2,49
48594.0,5087.0,6862.0,6377.0,6108.666666666667,2024,5,26,6,50
9742.0,48594.0,5087.0,6862.0,20181.0,2024,6,24,0,51
4876.0,9742.0,48594.0,5087.0,21141.0,2024,7,6,5,52
4088.0,4876.0,9742.0,48594.0,21070.666666666668,2024,7,27,5,53
8210.0,4088.0,4876.0,9742.0,6235.333333333333,2024,9,1,6,54
7191.0,8210.0,4088.0,4876.0,5724.666666666667,2024,9,2,0,55
2214.0,7191.0,8210.0,4088.0,6496.333333333333,2024,9,14,5,56
1416.0,2214.0,7191.0,8210.0,5871.666666666667,2024,9,29,6,57
2479.0,61674.0,3610.0,41576.0,35620.0,2021,10,18,0,3
15446.0,2479.0,61674.0,3610.0,22587.666666666668,2021,10,29,4,4
4068.0,15446.0,2479.0,61674.0,26533.0,2021,11,10,2,5
736.0,4068.0,15446.0,2479.0,7331.0,2022,4,7,3,6
9691.0,736.0,4068.0,15446.0,6750.0,2022,5,16,0,7
8111.0,9691.0,736.0,4068.0,4831.666666666667,2022,5,18,2,8
5983.0,8111.0,9691.0,736.0,6179.333333333333,2022,7,16,5,9
474.0,5983.0,8111.0,9691.0,7928.333333333333,2022,7,25,0,10
4543.0,474.0,5983.0,8111.0,4856.0,2022,8,20,5,11
4123.0,4543.0,474.0,5983.0,3666.6666666666665,2022,9,15,3,12
19462.0,4123.0,4543.0,474.0,3046.6666666666665,2022,9,21,2,13
42864.0,19462.0,4123.0,4543.0,9376.0,2022,12,1,3,14
9093.0,42864.0,19462.0,4123.0,22149.666666666668,2022,12,21,2,15
70235.0,9093.0,42864.0,19462.0,23806.333333333332,2023,2,8,2,16
61598.0,70235.0,9093.0,42864.0,40730.666666666664,2023,3,10,4,17
4841.0,61598.0,70235.0,9093.0,46975.333333333336,2023,3,25,5,18
10392.0,4841.0,61598.0,70235.0,45558.0,2023,3,25,5,19
28481.0,10392.0,4841.0,61598.0,25610.333333333332,2023,7,31,0,20
4160.0,28481.0,10392.0,4841.0,14571.333333333334,2023,8,4,4,21
14034.0,4160.0,28481.0,10392.0,14344.333333333334,2023,9,5,1,22
2558.0,14034.0,4160.0,28481.0,15558.333333333334,2023,9,22,4,23
8104.0,2558.0,14034.0,4160.0,6917.333333333333,2023,9,29,4,24
41059.0,8104.0,2558.0,14034.0,8232.0,2023,10,8,6,25
1896.0,41059.0,8104.0,2558.0,17240.333333333332,2023,11,17,4,26
998.0,1896.0,41059.0,8104.0,17019.666666666668,2023,11,27,0,27
34321.0,998.0,1896.0,41059.0,14651.0,2023,12,4,0,28
3820.0,34321.0,998.0,1896.0,12405.0,2023,12,13,2,29
5993.0,3820.0,34321.0,998.0,13046.333333333334,2023,12,18,0,30
6805.0,5993.0,3820.0,34321.0,14711.333333333334,2023,12,28,3,31
2732.0,6805.0,5993.0,3820.0,5539.333333333333,2024,3,12,1,32
5405.0,2732.0,6805.0,5993.0,5176.666666666667,2024,4,23,1,33
5004.0,5405.0,2732.0,6805.0,4980.666666666667,2024,5,3,4,34
41869.0,5004.0,5405.0,2732.0,4380.333333333333,2024,5,27,0,35
6648.0,41869.0,5004.0,5405.0,17426.0,2024,6,2,6,36
3840.0,6648.0,41869.0,5004.0,17840.333333333332,2024,6,8,5,37
2608.0,3840.0,6648.0,41869.0,17452.333333333332,2024,7,11,3,38
2705.0,2608.0,3840.0,6648.0,4365.333333333333,2024,8,23,4,39
6102.0,2705.0,2608.0,3840.0,3051.0,2024,10,24,3,40
5289.0,6102.0,2705.0,2608.0,3805.0,2024,12,8,6,41
1456.0,2693.0,26623.0,9276.0,12864.0,2021,4,4,6,3
2866.0,1456.0,2693.0,26623.0,10257.333333333334,2021,4,26,0,4
6065.0,2866.0,1456.0,2693.0,2338.3333333333335,2021,7,10,5,5
9869.0,6065.0,2866.0,1456.0,3462.3333333333335,2021,8,2,0,6
8667.0,9869.0,6065.0,2866.0,6266.666666666667,2021,8,26,3,7
575.0,8667.0,9869.0,6065.0,8200.333333333334,2021,8,28,5,8
1906.0,575.0,8667.0,9869.0,6370.333333333333,2021,9,12,6,9
8478.0,1906.0,575.0,8667.0,3716.0,2021,10,22,4,10
2766.0,8478.0,1906.0,575.0,3653.0,2021,11,5,4,11
5866.0,2766.0,8478.0,1906.0,4383.333333333333,2021,11,14,6,12
4525.0,5866.0,2766.0,8478.0,5703.333333333333,2021,11,30,1,13
2027.0,4525.0,5866.0,2766.0,4385.666666666667,2022,5,16,0,14
30722.0,2027.0,4525.0,5866.0,4139.333333333333,2022,5,31,1,15
6610.0,30722.0,2027.0,4525.0,12424.666666666666,2022,6,13,0,16
3203.0,6610.0,30722.0,2027.0,13119.666666666666,2022,7,18,0,17
261.0,3203.0,6610.0,30722.0,13511.666666666666,2022,8,14,6,18
9541.0,261.0,3203.0,6610.0,3358.0,2022,10,6,3,19
8629.0,9541.0,261.0,3203.0,4335.0,2022,11,19,5,20
1382.0,8629.0,9541.0,261.0,6143.666666666667,2023,4,15,5,21
1028.0,1382.0,8629.0,9541.0,6517.333333333333,2023,6,28,2,22
2545.0,1028.0,1382.0,8629.0,3679.6666666666665,2023,9,13,2,23
13959.0,2545.0,1028.0,1382.0,1651.6666666666667,2023,11,22,2,24
3080.0,13959.0,2545.0,1028.0,5844.0,2023,11,23,3,25
2984.0,3080.0,13959.0,2545.0,6528.0,2024,1,12,4,26
8016.0,2984.0,3080.0,13959.0,6674.333333333333,2024,2,19,0,27
7187.0,8016.0,2984.0,3080.0,4693.333333333333,2024,3,1,4,28
8135.0,7187.0,8016.0,2984.0,6062.333333333333,2024,3,6,2,29
22040.0,8135.0,7187.0,8016.0,7779.333333333333,2024,3,24,6,30
883.0,22040.0,8135.0,7187.0,12454.0,2024,5,13,0,31
3872.0,883.0,22040.0,8135.0,10352.666666666666,2024,5,17,4,32
2825.0,3872.0,883.0,22040.0,8931.666666666666,2024,8,30,4,33
787.0,2825.0,3872.0,883.0,2526.6666666666665,2024,9,5,3,34
9238.0,787.0,2825.0,3872.0,2494.6666666666665,2024,9,11,2,35
5026.0,9238.0,787.0,2825.0,4283.333333333333,2024,9,20,4,36
3710.0,5026.0,9238.0,787.0,5017.0,2024,10,12,5,37
6835.0,3710.0,5026.0,9238.0,5991.333333333333,2024,11,20,2,38
42615.0,6835.0,3710.0,5026.0,5190.333333333333,2024,12,10,1,39
3301.0,42615.0,6835.0,3710.0,17720.0,2024,12,14,5,40
4606.0,6136.0,6677.0,2265.0,5026.0,2021,8,4,2,3
3973.0,4606.0,6136.0,6677.0,5806.333333333333,2021,8,4,2,4
476.0,3973.0,4606.0,6136.0,4905.0,2021,8,7,5,5
8586.0,476.0,3973.0,4606.0,3018.3333333333335,2021,9,17,4,6
4272.0,8586.0,476.0,3973.0,4345.0,2021,10,24,6,7
14035.0,4272.0,8586.0,476.0,4444.666666666667,2021,12,24,4,8
9948.0,14035.0,4272.0,8586.0,8964.333333333334,2022,1,8,5,9
3212.0,9948.0,14035.0,4272.0,9418.333333333334,2022,2,10,3,10
19467.0,3212.0,9948.0,14035.0,9065.0,2022,2,13,6,11
8291.0,19467.0,3212.0,9948.0,10875.666666666666,2022,4,22,4,12
2470.0,8291.0,19467.0,3212.0,10323.333333333334,2022,5,11,2,13
7969.0,2470.0,8291.0,19467.0,10076.0,2022,5,24,1,14
7776.0,7969.0,2470.0,8291.0,6243.333333333333,2022,9,6,1,15
639.0,7776.0,7969.0,2470.0,6071.666666666667,2022,9,11,6,16
5341.0,639.0,7776.0,7969.0,5461.333333333333,2022,9,21,2,17
26112.0,5341.0,639.0,7776.0,4585.333333333333,2022,12,15,3,18
8176.0,26112.0,5341.0,639.0,10697.333333333334,2023,2,16,3,19
7202.0,8176.0,26112.0,5341.0,13209.666666666666,2023,6,14,2,20
2306.0,7202.0,8176.0,26112.0,13830.0,2023,7,3,0,21
7662.0,2306.0,7202.0,8176.0,5894.666666666667,2023,11,11,5,22
2476.0,7662.0,2306.0,7202.0,5723.333333333333,2023,12,11,0,23
44800.0,2476.0,7662.0,2306.0,4148.0,2024,3,9,5,24
7852.0,44800.0,2476.0,7662.0,18312.666666666668,2024,3,20,2,25
4026.0,7852.0,44800.0,2476.0,18376.0,2024,3,24,6,26
4081.0,4026.0,7852.0,44800.0,18892.666666666668,2024,4,1,0,27
4755.0,4081.0,4026.0,7852.0,5319.666666666667,2024,8,22,3,28
1612.0,4755.0,4081.0,4026.0,4287.333333333333,2024,8,28,2,29
9925.0,1612.0,4755.0,4081.0,3482.6666666666665,2024,9,8,6,30
5107.0,9925.0,1612.0,4755.0,5430.666666666667,2024,10,6,6,31
222.0,5107.0,9925.0,1612.0,5548.0,2024,11,8,4,32
6216.0,222.0,5107.0,9925.0,5084.666666666667,2024,12,11,2,33
61212.0,8501.0,3243.0,2323.0,4689.0,2021,7,19,0,3
7287.0,61212.0,8501.0,3243.0,24318.666666666668,2021,8,8,6,4
2076.0,7287.0,61212.0,8501.0,25666.666666666668,2021,8,11,2,5
5814.0,2076.0,7287.0,61212.0,23525.0,2021,8,17,1,6
3480.0,5814.0,2076.0,7287.0,5059.0,2021,8,21,5,7
3819.0,3480.0,5814.0,2076.0,3790.0,2021,9,29,2,8
7284.0,3819.0,3480.0,5814.0,4371.0,2021,10,9,5,9
8489.0,7284.0,3819.0,3480.0,4861.0,2021,11,7,6,10
12487.0,8489.0,7284.0,3819.0,6530.666666666667,2022,1,7,4,11
4530.0,12487.0,8489.0,7284.0,9420.0,2022,3,31,3,12
8595.0,4530.0,12487.0,8489.0,8502.0,2022,4,12,1,13
6078.0,8595.0,4530.0,12487.0,8537.333333333334,2022,4,16,5,14
273.0,6078.0,8595.0,4530.0,6401.0,2022,5,7,5,15
8220.0,273.0,6078.0,8595.0,4982.0,2022,5,10,1,16
32851.0,8220.0,273.0,6078.0,4857.0,2022,5,19,3,17
8851.0,32851.0,8220.0,273.0,13781.333333333334,2022,6,25,5,18
1293.0,8851.0,32851.0,8220.0,16640.666666666668,2022,11,7,0,19
63317.0,1293.0,8851.0,32851.0,14331.666666666666,2023,6,8,3,20
8474.0,63317.0,1293.0,8851.0,24487.0,2023,9,15,4,21
278.0,8474.0,63317.0,1293.0,24361.333333333332,2023,10,8,6,22
9476.0,278.0,8474.0,63317.0,24023.0,2023,10,9,0,23
5779.0,9476.0,278.0,8474.0,6076.0,2023,10,23,0,24
36626.0,5779.0,9476.0,278.0,5177.666666666667,2023,10,29,6,25
22841.0,36626.0,5779.0,9476.0,17293.666666666668,2023,11,25,5,26
4835.0,22841.0,36626.0,5779.0,21748.666666666668,2024,6,8,5,27
33565.0,4835.0,22841.0,36626.0,21434.0,2024,6,10,0,28
68838.0,33565.0,4835.0,22841.0,20413.666666666668,2024,9,4,2,29
8197.0,3328.0,5090.0,2681.0,3699.6666666666665,2021,5,1,5,3
121.0,8197.0,3328.0,5090.0,5538.333333333333,2021,5,16,6,4
4357.0,121.0,8197.0,3328.0,3882.0,2021,6,9,2,5
7174.0,4357.0,121.0,8197.0,4225.0,2021,7,6,1,6
2467.0,7174.0,4357.0,121.0,3884.0,2021,7,17,5,7
1900.0,2467.0,7174.0,4357.0,4666.0,2021,8,4,2,8
8149.0,1900.0,2467.0,7174.0,3847.0,2021,8,16,0,9
18526.0,8149.0,1900.0,2467.0,4172.0,2021,10,3,6,10
5282.0,18526.0,8149.0,1900.0,9525.0,2021,11,1,0,11
3615.0,5282.0,18526.0,8149.0,10652.333333333334,2021,11,11,3,12
54235.0,3615.0,5282.0,18526.0,9141.0,2021,11,29,0,13
3491.0,54235.0,3615.0,5282.0,21044.0,2021,11,30,1,14
22027.0,3491.0,54235.0,3615.0,20447.0,2021,12,14,1,15
7832.0,22027.0,3491.0,54235.0,26584.333333333332,2022,1,26,2,16
46693.0,7832.0,22027.0,3491.0,11116.666666666666,2022,3,27,6,17
7032.0,46693.0,7832.0,22027.0,25517.333333333332,2022,5,14,5,18
1082.0,7032.0,46693.0,7832.0,20519.0,2022,7,10,6,19
6791.0,1082.0,7032.0,46693.0,18269.0,2022,8,17,2,20
6040.0,6791.0,1082.0,7032.0,4968.333333333333,2022,11,19,5,21
5013.0,6040.0,6791.0,1082.0,4637.666666666667,2022,12,19,0,22
45134.0,5013.0,6040.0,6791.0,5948.0,2022,12,24,5,23
2648.0,45134.0,5013.0,6040.0,18729.0,2022,12,31,5,24
9201.0,2648.0,45134.0,5013.0,17598.333333333332,2023,3,31,4,25
61829.0,9201.0,2648.0,45134.0,18994.333333333332,2023,5,4,3,26
3576.0,61829.0,9201.0,2648.0,24559.333333333332,2023,6,16,4,27
2037.0,3576.0,61829.0,9201.0,24868.666666666668,2023,12,6,2,28
46163.0,2037.0,3576.0,61829.0,22480.666666666668,2023,12,24,6,29
37665.0,46163.0,2037.0,3576.0,17258.666666666668,2024,1,12,4,30
2966.0,37665.0,46163.0,2037.0,28621.666666666668,2024,3,1,4,31
4551.0,2966.0,37665.0,46163.0,28931.333333333332,2024,3,11,0,32
69498.0,4551.0,2966.0,37665.0,15060.666666666666,2024,3,19,1,33
122.0,69498.0,4551.0,2966.0,25671.666666666668,2024,4,22,0,34
1446.0,122.0,69498.0,4551.0,24723.666666666668,2024,5,29,2,35
7475.0,1446.0,122.0,69498.0,23688.666666666668,2024,7,8,0,36
28566.0,7475.0,1446.0,122.0,3014.3333333333335,2024,7,16,1,37
8509.0,28566.0,7475.0,1446.0,12495.666666666666,2024,11,11,0,38
1226.0,4950.0,4195.0,2717.0,3954.0,2021,8,9,0,3
1498.0,1226.0,4950.0,4195.0,3457.0,2021,8,29,6,4
9007.0,1498.0,1226.0,4950.0,2558.0,2021,9,16,3,5
56659.0,9007.0,1498.0,1226.0,3910.3333333333335,2021,10,27,2,6
3185.0,56659.0,9007.0,1498.0,22388.0,2021,11,10,2,7
7718.0,3185.0,56659.0,9007.0,22950.333333333332,2021,12,13,0,8
3596.0,7718.0,3185.0,56659.0,22520.666666666668,2021,12,18,5,9
7615.0,3596.0,7718.0,3185.0,4833.0,2022,1,9,6,10
2960.0,7615.0,3596.0,7718.0,6309.666666666667,2022,2,21,0,11
2553.0,2960.0,7615.0,3596.0,4723.666666666667,2022,2,28,0,12
9360.0,2553.0,2960.0,7615.0,4376.0,2022,3,14,0,13
5431.0,9360.0,2553.0,2960.0,4957.666666666667,2022,4,2,5,14
6907.0,5431.0,9360.0,2553.0,5781.333333333333,2022,4,24,6,15
630.0,6907.0,5431.0,9360.0,7232.666666666667,2022,6,29,2,16
7841.0,630.0,6907.0,5431.0,4322.666666666667,2022,9,21,2,17
5279.0,7841.0,630.0,6907.0,5126.0,2022,12,9,4,18
6971.0,5279.0,7841.0,630.0,4583.333333333333,2023,2,9,3,19
22748.0,6971.0,5279.0,7841.0,6697.0,2023,3,7,1,20
5205.0,22748.0,6971.0,5279.0,11666.0,2023,4,13,3,21
8499.0,5205.0,22748.0,6971.0,11641.333333333334,2023,4,22,5,22
786.0,8499.0,5205.0,22748.0,12150.666666666666,2023,5,2,1,23
1200.0,786.0,8499.0,5205.0,4830.0,2023,5,9,1,24
8464.0,1200.0,786.0,8499.0,3495.0,2023,6,7,2,25
8540.0,8464.0,1200.0,786.0,3483.3333333333335,2023,12,24,6,26
36907.0,8540.0,8464.0,1200.0,6068.0,2024,2,23,4,27
7853.0,36907.0,8540.0,8464.0,17970.333333333332,2024,3,26,1,28
7504.0,7853.0,36907.0,8540.0,17766.666666666668,2024,4,23,1,29
1357.0,7504.0,7853.0,36907.0,17421.333333333332,2024,6,13,3,30
706.0,1357.0,7504.0,7853.0,5571.333333333333,2024,7,17,2,31
8564.0,706.0,1357.0,7504.0,3189.0,2024,8,15,3,32
5248.0,8564.0,706.0,1357.0,3542.3333333333335,2024,10,12,5,33
5511.0,5248.0,8564.0,706.0,4839.333333333333,2024,10,23,2,34
3422.0,51678.0,1115.0,8670.0,20487.666666666668,2021,5,26,2,3
20710.0,3422.0,51678.0,1115.0,18738.333333333332,2021,10,1,4,4
8521.0,20710.0,3422.0,51678.0,25270.0,2022,2,25,4,5
65727.0,8521.0,20710.0,3422.0,10884.333333333334,2022,4,17,6,6
1603.0,65727.0,8521.0,20710.0,31652.666666666668,2022,7,7,3,7
5681.0,1603.0,65727.0,8521.0,25283.666666666668,2022,7,9,5,8
5908.0,5681.0,1603.0,65727.0,24337.0,2022,9,26,0,9
8623.0,5908.0,5681.0,1603.0,4397.333333333333,2022,10,4,1,10
45761.0,8623.0,5908.0,5681.0,6737.333333333333,2022,10,14,4,11
2988.0,45761.0,8623.0,5908.0,20097.333333333332,2022,10,21,4,12
5965.0,2988.0,45761.0,8623.0,19124.0,2022,11,15,1,13
3501.0,5965.0,2988.0,45761.0,18238.0,2023,4,4,1,14
33210.0,3501.0,5965.0,2988.0,4151.333333333333,2023,5,6,5,15
23748.0,33210.0,3501.0,5965.0,14225.333333333334,2023,5,20,5,16
63122.0,23748.0,33210.0,3501.0,20153.0,2023,6,25,6,17
2492.0,63122.0,23748.0,33210.0,40026.666666666664,2023,7,13,3,18
9756.0,2492.0,63122.0,23748.0,29787.333333333332,2023,7,18,1,19
4273.0,9756.0,2492.0,63122.0,25123.333333333332,2023,10,17,1,20
32170.0,4273.0,9756.0,2492.0,5507.0,2024,5,3,4,21
21687.0,32170.0,4273.0,9756.0,15399.666666666666,2024,5,26,6,22
67139.0,21687.0,32170.0,4273.0,19376.666666666668,2024,8,8,3,23
8956.0,67139.0,21687.0,32170.0,40332.0,2024,9,14,5,24
37264.0,8956.0,67139.0,21687.0,32594.0,2024,10,2,2,25
5542.0,37264.0,8956.0,67139.0,37786.333333333336,2024,10,10,3,26
6241.0,8526.0,7744.0,761.0,5677.0,2021,7,16,4,3
6131.0,6241.0,8526.0,7744.0,7503.666666666667,2021,8,5,3,4
17150.0,6131.0,6241.0,8526.0,6966.0,2021,8,6,4,5
2708.0,17150.0,6131.0,6241.0,9840.666666666666,2021,8,12,3,6
4002.0,2708.0,17150.0,6131.0,8663.0,2021,9,25,5,7
76366.0,4002.0,2708.0,17150.0,7953.333333333333,2021,10,23,5,8
5685.0,76366.0,4002.0,2708.0,27692.0,2021,11,3,2,9
3871.0,5685.0,76366.0,4002.0,28684.333333333332,2021,11,30,1,10
6618.0,3871.0,5685.0,76366.0,28640.666666666668,2021,12,11,5,11
2310.0,6618.0,3871.0,5685.0,5391.333333333333,2021,12,14,1,12
5889.0,2310.0,6618.0,3871.0,4266.333333333333,2022,2,3,3,13
8064.0,5889.0,2310.0,6618.0,4939.0,2022,2,15,1,14
2348.0,8064.0,5889.0,2310.0,5421.0,2022,3,5,5,15
1488.0,2348.0,8064.0,5889.0,5433.666666666667,2022,3,22,1,16
3210.0,1488.0,2348.0,8064.0,3966.6666666666665,2022,4,23,5,17
1104.0,3210.0,1488.0,2348.0,2348.6666666666665,2022,7,8,4,18
55521.0,1104.0,3210.0,1488.0,1934.0,2022,8,23,1,19
6725.0,55521.0,1104.0,3210.0,19945.0,2022,9,28,2,20
4054.0,6725.0,55521.0,1104.0,21116.666666666668,2022,10,3,0,21
18297.0,4054.0,6725.0,55521.0,22100.0,2022,10,14,4,22
3671.0,18297.0,4054.0,6725.0,9692.0,2022,10,25,1,23
2190.0,3671.0,18297.0,4054.0,8674.0,2023,3,9,3,24
6167.0,2190.0,3671.0,18297.0,8052.666666666667,2023,5,28,6,25
999999.0,6167.0,2190.0,3671.0,4009.3333333333335,2023,9,24,6,26
2272.0,999999.0,6167.0,2190.0,336118.6666666667,2023,10,13,4,27
2047.0,2272.0,999999.0,6167.0,336146.0,2023,11,29,2,28
134.0,2047.0,2272.0,999999.0,334772.6666666667,2024,1,23,1,29
51168.0,134.0,2047.0,2272.0,1484.3333333333333,2024,1,24,2,30
3890.0,51168.0,134.0,2047.0,17783.0,2024,1,25,3,31
74771.0,3890.0,51168.0,134.0,18397.333333333332,2024,5,12,6,32
4715.0,74771.0,3890.0,51168.0,43276.333333333336,2024,5,14,1,33
2673.0,4715.0,74771.0,3890.0,27792.0,2024,5,23,3,34
1411.0,2673.0,4715.0,74771.0,27386.333333333332,2024,9,1,6,35
15032.0,1411.0,2673.0,4715.0,2933.0,2024,9,1,6,36
4958.0,28005.0,4327.0,15033.0,15788.333333333334,2021,2,20,5,3
5549.0,4958.0,28005.0,4327.0,12430.0,2021,2,20,5,4
9447.0,5549.0,4958.0,28005.0,12837.333333333334,2021,4,3,5,5
76326.0,9447.0,5549.0,4958.0,6651.333333333333,2021,6,11,4,6
4336.0,76326.0,9447.0,5549.0,30440.666666666668,2021,11,2,1,7
13427.0,4336.0,76326.0,9447.0,30036.333333333332,2021,12,18,5,8
8846.0,13427.0,4336.0,76326.0,31363.0,2022,6,9,3,9
24730.0,8846.0,13427.0,4336.0,8869.666666666666,2022,7,5,1,10
6318.0,24730.0,8846.0,13427.0,15667.666666666666,2022,7,11,0,11
6096.0,6318.0,24730.0,8846.0,13298.0,2022,10,15,5,12
4374.0,6096.0,6318.0,24730.0,12381.333333333334,2022,10,27,3,13
2230.0,4374.0,6096.0,6318.0,5596.0,2022,12,24,5,14
575.0,2230.0,4374.0,6096.0,4233.333333333333,2023,1,11,2,15
945.0,575.0,2230.0,4374.0,2393.0,2023,1,14,5,16
7793.0,945.0,575.0,2230.0,1250.0,2023,2,25,5,17
44056.0,7793.0,945.0,575.0,3104.3333333333335,2023,7,13,3,18
1388.0,44056.0,7793.0,945.0,17598.0,2023,8,10,3,19
5568.0,1388.0,44056.0,7793.0,17745.666666666668,2023,8,22,1,20
7012.0,5568.0,1388.0,44056.0,17004.0,2024,1,4,3,21
1942.0,7012.0,5568.0,1388.0,4656.0,2024,2,22,3,22
44601.0,1942.0,7012.0,5568.0,4840.666666666667,2024,4,5,4,23
5967.0,44601.0,1942.0,7012.0,17851.666666666668,2024,4,16,1,24
3204.0,5967.0,44601.0,1942.0,17503.333333333332,2024,5,25,5,25
4911.0,3204.0,5967.0,44601.0,17924.0,2024,5,26,6,26
3834.0,4911.0,3204.0,5967.0,4694.0,2024,9,14,5,27
4682.0,3834.0,4911.0,3204.0,3983.0,2024,10,9,2,28
7918.0,4682.0,3834.0,4911.0,4475.666666666667,2024,11,8,4,29
9485.0,7918.0,4682.0,3834.0,5478.0,2024,11,11,0,30
4347.0,9485.0,7918.0,4682.0,7361.666666666667,2024,12,20,4,31
6454.0,1067.0,12836.0,1641.0,5181.333333333333,2021,3,17,2,3
42834.0,6454.0,1067.0,12836.0,6785.666666666667,2021,3,28,6,4
9174.0,42834.0,6454.0,1067.0,16785.0,2021,4,9,4,5
65615.0,9174.0,42834.0,6454.0,19487.333333333332,2021,5,5,2,6
1121.0,65615.0,9174.0,42834.0,39207.666666666664,2021,9,27,0,7
3046.0,1121.0,65615.0,9174.0,25303.333333333332,2021,12,16,3,8
39738.0,3046.0,1121.0,65615.0,23260.666666666668,2022,1,5,2,9
4316.0,39738.0,3046.0,1121.0,14635.0,2022,1,20,3,10
2303.0,4316.0,39738.0,3046.0,15700.0,2022,3,5,5,11
2245.0,2303.0,4316.0,39738.0,15452.333333333334,2022,3,16,2,12
999999.0,2245.0,2303.0,4316.0,2954.6666666666665,2022,6,17,4,13
766.0,999999.0,2245.0,2303.0,334849.0,2022,7,19,1,14
68852.0,766.0,999999.0,2245.0,334336.6666666667,2022,8,13,5,15
4644.0,68852.0,766.0,999999.0,356539.0,2022,9,17,5,16
159.0,4644.0,68852.0,766.0,24754.0,2022,10,2,6,17
9344.0,159.0,4644.0,68852.0,24551.666666666668,2022,11,8,1,18
70075.0,9344.0,159.0,4644.0,4715.666666666667,2022,12,10,5,19
4738.0,70075.0,9344.0,159.0,26526.0,2023,2,23,3,20
30481.0,4738.0,70075.0,9344.0,28052.333333333332,2023,5,16,1,21
75229.0,30481.0,4738.0,70075.0,35098.0,2023,6,4,6,22
1547.0,75229.0,30481.0,4738.0,36816.0,2023,7,5,2,23
2993.0,1547.0,75229.0,30481.0,35752.333333333336,2023,9,18,0,24
5275.0,2993.0,1547.0,75229.0,26589.666666666668,2023,9,29,4,25
8775.0,5275.0,2993.0,1547.0,3271.6666666666665,2023,10,30,0,26
9721.0,8775.0,5275.0,2993.0,5681.0,2024,1,9,1,27
3524.0,9721.0,8775.0,5275.0,7923.666666666667,2024,3,28,3,28
4041.0,3524.0,9721.0,8775.0,7340.0,2024,4,17,2,29
7164.0,4041.0,3524.0,9721.0,5762.0,2024,4,19,4,30
2517.0,7164.0,4041.0,3524.0,4909.666666666667,2024,5,11,5,31
5964.0,2517.0,7164.0,4041.0,4574.0,2024,5,15,2,32
1376.0,5964.0,2517.0,7164.0,5215.0,2024,8,28,2,33
6076.0,1376.0,5964.0,2517.0,3285.6666666666665,2024,10,22,1,34
440.0,42752.0,65888.0,32323.0,46987.666666666664,2021,3,13,5,3
55013.0,440.0,42752.0,65888.0,36360.0,2021,3,16,1,4
9612.0,55013.0,440.0,42752.0,32735.0,2021,3,23,1,5
6689.0,9612.0,55013.0,440.0,21688.333333333332,2021,4,7,2,6
7786.0,6689.0,9612.0,55013.0,23771.333333333332,2021,4,13,1,7
9070.0,7786.0,6689.0,9612.0,8029.0,2021,4,21,2,8
112085.0,9070.0,7786.0,6689.0,7848.333333333333,2021,5,15,5,9
340.0,112085.0,9070.0,7786.0,42980.333333333336,2021,6,20,6,10
5880.0,340.0,112085.0,9070.0,40498.333333333336,2021,7,12,0,11
74243.0,5880.0,340.0,112085.0,39435.0,2021,8,3,1,12
3479.0,74243.0,5880.0,340.0,26821.0,2021,10,1,4,13
48642.0,3479.0,74243.0,5880.0,27867.333333333332,2021,10,29,4,14
36887.0,48642.0,3479.0,74243.0,42121.333333333336,2022,1,2,6,15
4747.0,36887.0,48642.0,3479.0,29669.333333333332,2022,1,3,0,16
1831.0,4747.0,36887.0,48642.0,30092.0,2022,1,16,6,17
3200.0,1831.0,4747.0,36887.0,14488.333333333334,2022,1,24,0,18
5145.0,3200.0,1831.0,4747.0,3259.3333333333335,2022,2,18,4,19
3387.0,5145.0,3200.0,1831.0,3392.0,2022,5,19,3,20
161.0,3387.0,5145.0,3200.0,3910.6666666666665,2022,7,18,0,21
9384.0,161.0,3387.0,5145.0,2897.6666666666665,2022,11,27,6,22
3123.0,9384.0,161.0,3387.0,4310.666666666667,2022,12,17,5,23
4916.0,3123.0,9384.0,161.0,4222.666666666667,2023,1,11,2,24
604.0,4916.0,3123.0,9384.0,5807.666666666667,2023,4,11,1,25
560.0,604.0,4916.0,3123.0,2881.0,2023,4,24,0,26
3071.0,560.0,604.0,4916.0,2026.6666666666667,2023,10,9,0,27
1537.0,3071.0,560.0,604.0,1411.6666666666667,2023,10,28,5,28
46285.0,1537.0,3071.0,560.0,1722.6666666666667,2023,12,29,4,29
1183.0,46285.0,1537.0,3071.0,16964.333333333332,2024,1,3,2,30
2857.0,1183.0,46285.0,1537.0,16335.0,2024,2,23,4,31
1020.0,2857.0,1183.0,46285.0,16775.0,2024,3,25,0,32
589.0,1020.0,2857.0,1183.0,1686.6666666666667,2024,10,6,6,33
2641.0,589.0,1020.0,2857.0,1488.6666666666667,2024,10,26,5,34
2069.0,2641.0,589.0,1020.0,1416.6666666666667,2024,12,5,3,35
8995.0,12794.0,6661.0,36056.0,18503.666666666668,2021,5,16,6,3
5319.0,8995.0,12794.0,6661.0,9483.333333333334,2021,5,29,5,4
7737.0,5319.0,8995.0,12794.0,9036.0,2021,7,22,3,5
27046.0,7737.0,5319.0,8995.0,7350.333333333333,2021,8,9,0,6
63251.0,27046.0,7737.0,5319.0,13367.333333333334,2021,9,6,0,7
6133.0,63251.0,27046.0,7737.0,32678.0,2021,9,19,6,8
2759.0,6133.0,63251.0,27046.0,32143.333333333332,2021,11,16,1,9
38469.0,2759.0,6133.0,63251.0,24047.666666666668,2022,1,1,5,10
585.0,38469.0,2759.0,6133.0,15787.0,2022,2,23,2,11
3913.0,585.0,38469.0,2759.0,13937.666666666666,2022,3,11,4,12
34196.0,3913.0,585.0,38469.0,14322.333333333334,2022,6,15,2,13
36017.0,34196.0,3913.0,585.0,12898.0,2022,7,22,4,14
873.0,36017.0,34196.0,3913.0,24708.666666666668,2022,12,14,2,15
463731.0,873.0,36017.0,34196.0,23695.333333333332,2023,1,18,2,16
4780.0,463731.0,873.0,36017.0,166873.66666666666,2023,2,12,6,17
1507.0,4780.0,463731.0,873.0,156461.33333333334,2023,4,13,3,18
4220.0,1507.0,4780.0,463731.0,156672.66666666666,2023,6,8,3,19
53714.0,4220.0,1507.0,4780.0,3502.3333333333335,2023,7,17,0,20
3359.0,53714.0,4220.0,1507.0,19813.666666666668,2023,8,19,5,21
64214.0,3359.0,53714.0,4220.0,20431.0,2023,9,11,0,22
908.0,64214.0,3359.0,53714.0,40429.0,2023,10,19,3,23
8984.0,908.0,64214.0,3359.0,22827.0,2023,11,9,3,24
1171.0,8984.0,908.0,64214.0,24702.0,2023,11,20,0,25
2204.0,1171.0,8984.0,908.0,3687.6666666666665,2023,11,22,2,26
3482.0,2204.0,1171.0,8984.0,4119.666666666667,2023,12,26,1,27
2774.0,3482.0,2204.0,1171.0,2285.6666666666665,2024,1,6,5,28
3707.0,2774.0,3482.0,2204.0,2820.0,2024,1,22,0,29
3483.0,3707.0,2774.0,3482.0,3321.0,2024,4,4,3,30
1793.0,3483.0,3707.0,2774.0,3321.3333333333335,2024,4,10,2,31
45168.0,1793.0,3483.0,3707.0,2994.3333333333335,2024,4,19,4,32
2201.0,45168.0,1793.0,3483.0,16814.666666666668,2024,5,21,1,33
8483.0,2201.0,45168.0,1793.0,16387.333333333332,2024,7,31,2,34
9974.0,8483.0,2201.0,45168.0,18617.333333333332,2024,8,4,6,35
999999.0,9974.0,8483.0,2201.0,6886.0,2024,8,8,3,36
8378.0,999999.0,9974.0,8483.0,339485.3333333333,2024,8,13,1,37
6771.0,8378.0,999999.0,9974.0,339450.3333333333,2024,10,7,0,38
43922.0,6771.0,8378.0,999999.0,338382.6666666667,2024,11,16,5,39
6437.0,618.0,5501.0,5866.0,3995.0,2021,12,6,0,3
7085.0,6437.0,618.0,5501.0,4185.333333333333,2022,3,12,5,4
7104.0,7085.0,6437.0,618.0,4713.333333333333,2022,3,13,6,5
2220.0,7104.0,7085.0,6437.0,6875.333333333333,2022,4,16,5,6
7310.0,2220.0,7104.0,7085.0,5469.666666666667,2022,4,19,1,7
4569.0,7310.0,2220.0,7104.0,5544.666666666667,2022,5,1,6,8
2637.0,4569.0,7310.0,2220.0,4699.666666666667,2022,8,14,6,9
659.0,2637.0,4569.0,7310.0,4838.666666666667,2022,11,14,0,10
2243.0,659.0,2637.0,4569.0,2621.6666666666665,2023,1,24,1,11
73238.0,2243.0,659.0,2637.0,1846.3333333333333,2023,2,28,1,12
1855.0,73238.0,2243.0,659.0,25380.0,2023,5,17,2,13
6113.0,1855.0,73238.0,2243.0,25778.666666666668,2023,10,28,5,14
1302.0,6113.0,1855.0,73238.0,27068.666666666668,2023,12,20,2,15
1355.0,1302.0,6113.0,1855.0,3090.0,2024,1,4,3,16
291.0,1355.0,1302.0,6113.0,2923.3333333333335,2024,1,28,6,17
53277.0,291.0,1355.0,1302.0,982.6666666666666,2024,2,6,1,18
2283.0,53277.0,291.0,1355.0,18307.666666666668,2024,3,9,5,19
4510.0,2283.0,53277.0,291.0,18617.0,2024,3,28,3,20
5708.0,4510.0,2283.0,53277.0,20023.333333333332,2024,4,17,2,21
8034.0,5708.0,4510.0,2283.0,4167.0,2024,4,21,6,22
54359.0,8034.0,5708.0,4510.0,6084.0,2024,6,23,6,23
1701.0,54359.0,8034.0,5708.0,22700.333333333332,2024,7,31,2,24
1720.0,1701.0,54359.0,8034.0,21364.666666666668,2024,8,22,3,25
999999.0,1720.0,1701.0,54359.0,19260.0,2024,11,24,6,26
7969.0,3837.0,31398.0,898.0,12044.333333333334,2021,5,15,5,3
2639.0,7969.0,3837.0,31398.0,14401.333333333334,2021,7,17,5,4
3972.0,2639.0,7969.0,3837.0,4815.0,2021,7,23,4,5
26682.0,3972.0,2639.0,7969.0,4860.0,2021,8,14,5,6
3213.0,26682.0,3972.0,2639.0,11097.666666666666,2021,10,12,1,7
7457.0,3213.0,26682.0,3972.0,11289.0,2021,12,8,2,8
46749.0,7457.0,3213.0,26682.0,12450.666666666666,2021,12,24,4,9
1880.0,46749.0,7457.0,3213.0,19139.666666666668,2022,3,24,3,10
5463.0,1880.0,46749.0,7457.0,18695.333333333332,2022,4,1,4,11
38642.0,5463.0,1880.0,46749.0,18030.666666666668,2022,5,18,2,12
42605.0,38642.0,5463.0,1880.0,15328.333333333334,2022,6,14,1,13
788.0,42605.0,38642.0,5463.0,28903.333333333332,2022,6,16,3,14
9994.0,788.0,42605.0,38642.0,27345.0,2022,7,8,4,15
77428.0,9994.0,788.0,42605.0,17795.666666666668,2022,7,9,5,16
8760.0,77428.0,9994.0,788.0,29403.333333333332,2022,8,3,2,17
1052.0,8760.0,77428.0,9994.0,32060.666666666668,2022,8,5,4,18
2999.0,1052.0,8760.0,77428.0,29080.0,2022,9,24,5,19
43572.0,2999.0,1052.0,8760.0,4270.333333333333,2022,10,21,4,20
1797.0,43572.0,2999.0,1052.0,15874.333333333334,2022,11,22,1,21
2022.0,1797.0,43572.0,2999.0,16122.666666666666,2023,1,1,6,22
9889.0,2022.0,1797.0,43572.0,15797.0,2023,1,5,3,23
8213.0,9889.0,2022.0,1797.0,4569.333333333333,2023,2,13,0,24
9318.0,8213.0,9889.0,2022.0,6708.0,2023,2,16,3,25
3265.0,9318.0,8213.0,9889.0,9140.0,2023,4,15,5,26
6975.0,3265.0,9318.0,8213.0,6932.0,2023,8,26,5,27
5072.0,6975.0,3265.0,9318.0,6519.333333333333,2023,8,30,2,28
67247.0,5072.0,6975.0,3265.0,5104.0,2023,10,10,1,29
1723.0,67247.0,5072.0,6975.0,26431.333333333332,2023,10,30,0,30
3794.0,1723.0,67247.0,5072.0,24680.666666666668,2023,11,23,3,31
8003.0,3794.0,1723.0,67247.0,24254.666666666668,2023,11,29,2,32
7226.0,8003.0,3794.0,1723.0,4506.666666666667,2023,12,10,6,33
8499.0,7226.0,8003.0,3794.0,6341.0,2024,3,24,6,34
3605.0,8499.0,7226.0,8003.0,7909.333333333333,2024,4,5,4,35
76182.0,3605.0,8499.0,7226.0,6443.333333333333,2024,4,12,4,36
6726.0,76182.0,3605.0,8499.0,29428.666666666668,2024,5,31,4,37
1531.0,6726.0,76182.0,3605.0,28837.666666666668,2024,6,13,3,38
8951.0,1702.0,3421.0,47673.0,17598.666666666668,2021,3,16,1,3
9531.0,8951.0,1702.0,3421.0,4691.333333333333,2021,4,5,0,4
975.0,9531.0,8951.0,1702.0,6728.0,2021,5,8,5,5
3605.0,975.0,9531.0,8951.0,6485.666666666667,2021,5,18,1,6
23875.0,3605.0,975.0,9531.0,4703.666666666667,2021,6,8,1,7
39950.0,23875.0,3605.0,975.0,9485.0,2021,7,4,6,8
9207.0,39950.0,23875.0,3605.0,22476.666666666668,2021,8,17,1,9
4184.0,9207.0,39950.0,23875.0,24344.0,2021,10,26,1,10
6148.0,4184.0,9207.0,39950.0,17780.333333333332,2022,2,2,2,11
2905.0,6148.0,4184.0,9207.0,6513.0,2022,4,21,3,12
45403.0,2905.0,6148.0,4184.0,4412.333333333333,2022,5,17,1,13
66783.0,45403.0,2905.0,6148.0,18152.0,2022,6,28,1,14
8383.0,66783.0,45403.0,2905.0,38363.666666666664,2022,10,12,2,15
1033.0,8383.0,66783.0,45403.0,40189.666666666664,2022,11,13,6,16
39977.0,1033.0,8383.0,66783.0,25399.666666666668,2023,1,23,0,17
6589.0,39977.0,1033.0,8383.0,16464.333333333332,2023,1,27,4,18
5904.0,6589.0,39977.0,1033.0,15866.333333333334,2023,2,5,6,19
8097.0,5904.0,6589.0,39977.0,17490.0,2023,2,15,2,20
41736.0,8097.0,5904.0,6589.0,6863.333333333333,2023,4,19,2,21
4242.0,41736.0,8097.0,5904.0,18579.0,2023,4,20,3,22
49033.0,4242.0,41736.0,8097.0,18025.0,2023,4,21,4,23
8896.0,49033.0,4242.0,41736.0,31670.333333333332,2023,5,30,1,24
11476.0,8896.0,49033.0,4242.0,20723.666666666668,2023,8,13,6,25
61907.0,11476.0,8896.0,49033.0,23135.0,2023,9,28,3,26
531.0,61907.0,11476.0,8896.0,27426.333333333332,2023,10,27,4,27
8688.0,531.0,61907.0,11476.0,24638.0,2024,1,11,3,28
18637.0,8688.0,531.0,61907.0,23708.666666666668,2024,5,20,0,29
8402.0,18637.0,8688.0,531.0,9285.333333333334,2024,6,25,1,30
3689.0,8402.0,18637.0,8688.0,11909.0,2024,8,25,6,31
6700.0,3689.0,8402.0,18637.0,10242.666666666666,2024,10,1,1,32
189.0,7023.0,9231.0,76296.0,30850.0,2021,2,23,1,3
78925.0,189.0,7023.0,9231.0,5481.0,2021,3,1,0,4
3194.0,78925.0,189.0,7023.0,28712.333333333332,2021,5,7,4,5
3918.0,3194.0,78925.0,189.0,27436.0,2021,6,16,2,6
4957.0,3918.0,3194.0,78925.0,28679.0,2021,7,26,0,7
2329.0,4957.0,3918.0,3194.0,4023.0,2021,7,29,3,8
9506.0,2329.0,4957.0,3918.0,3734.6666666666665,2021,9,7,1,9
14145.0,9506.0,2329.0,4957.0,5597.333333333333,2021,9,9,3,10
7451.0,14145.0,9506.0,2329.0,8660.0,2021,9,20,0,11
7008.0,7451.0,14145.0,9506.0,10367.333333333334,2021,9,29,2,12
460.0,7008.0,7451.0,14145.0,9534.666666666666,2021,10,10,6,13
7280.0,460.0,7008.0,7451.0,4973.0,2021,10,12,1,14
6694.0,7280.0,460.0,7008.0,4916.0,2021,12,23,3,15
3740.0,6694.0,7280.0,460.0,4811.333333333333,2021,12,30,3,16
6963.0,3740.0,6694.0,7280.0,5904.666666666667,2022,3,25,4,17
4039.0,6963.0,3740.0,6694.0,5799.0,2022,5,4,2,18
1402.0,4039.0,6963.0,3740.0,4914.0,2022,8,1,0,19
8283.0,1402.0,4039.0,6963.0,4134.666666666667,2022,9,23,4,20
995.0,8283.0,1402.0,4039.0,4574.666666666667,2022,10,5,2,21
2716.0,995.0,8283.0,1402.0,3560.0,2022,10,29,5,22
43225.0,2716.0,995.0,8283.0,3998.0,2023,1,27,4,23
3955.0,43225.0,2716.0,995.0,15645.333333333334,2023,2,15,2,24
7975.0,3955.0,43225.0,2716.0,16632.0,2023,4,20,3,25
9804.0,7975.0,3955.0,43225.0,18385.0,2023,7,24,0,26
9637.0,9804.0,7975.0,3955.0,7244.666666666667,2023,8,7,0,27
20825.0,9637.0,9804.0,7975.0,9138.666666666666,2023,9,16,5,28
5598.0,20825.0,9637.0,9804.0,13422.0,2023,12,18,0,29
2831.0,5598.0,20825.0,9637.0,12020.0,2024,3,5,1,30
5148.0,2831.0,5598.0,20825.0,9751.333333333334,2024,4,7,6,31
5134.0,5148.0,2831.0,5598.0,4525.666666666667,2024,7,21,6,32
1151.0,5134.0,5148.0,2831.0,4371.0,2024,8,11,6,33
4367.0,8658.0,8525.0,4603.0,7262.0,2021,4,8,3,3
17155.0,4367.0,8658.0,8525.0,7183.333333333333,2021,4,28,2,4
8539.0,17155.0,4367.0,8658.0,10060.0,2021,6,12,5,5
6000.0,8539.0,17155.0,4367.0,10020.333333333334,2021,7,31,5,6
6892.0,6000.0,8539.0,17155.0,10564.666666666666,2021,9,12,6,7
305.0,6892.0,6000.0,8539.0,7143.666666666667,2021,10,3,6,8
13131.0,305.0,6892.0,6000.0,4399.0,2021,11,2,1,9
1064.0,13131.0,305.0,6892.0,6776.0,2022,3,30,2,10
9734.0,1064.0,13131.0,305.0,4833.333333333333,2022,4,27,2,11
5242.0,9734.0,1064.0,13131.0,7976.333333333333,2022,6,2,3,12
44898.0,5242.0,9734.0,1064.0,5346.666666666667,2022,7,15,4,13
2376.0,44898.0,5242.0,9734.0,19958.0,2022,7,31,6,14
6178.0,2376.0,44898.0,5242.0,17505.333333333332,2022,8,10,2,15
1225.0,6178.0,2376.0,44898.0,17817.333333333332,2022,8,30,1,16
4582.0,1225.0,6178.0,2376.0,3259.6666666666665,2022,9,27,1,17
3462.0,4582.0,1225.0,6178.0,3995.0,2022,10,5,2,18
19991.0,3462.0,4582.0,1225.0,3089.6666666666665,2023,1,11,2,19
5121.0,19991.0,3462.0,4582.0,9345.0,2023,1,20,4,20
35289.0,5121.0,19991.0,3462.0,9524.666666666666,2023,2,3,4,21
2232.0,35289.0,5121.0,19991.0,20133.666666666668,2023,5,21,6,22
3630.0,2232.0,35289.0,5121.0,14214.0,2023,6,7,2,23
38339.0,3630.0,2232.0,35289.0,13717.0,2023,8,1,1,24
1526.0,38339.0,3630.0,2232.0,14733.666666666666,2023,8,7,0,25
48969.0,1526.0,38339.0,3630.0,14498.333333333334,2023,8,26,5,26
212.0,48969.0,1526.0,38339.0,29611.333333333332,2023,9,4,0,27
9628.0,212.0,48969.0,1526.0,16902.333333333332,2023,10,10,1,28
2425.0,9628.0,212.0,48969.0,19603.0,2023,12,3,6,29
2489.0,2425.0,9628.0,212.0,4088.3333333333335,2023,12,22,4,30
9125.0,2489.0,2425.0,9628.0,4847.333333333333,2024,1,30,1,31
8575.0,9125.0,2489.0,2425.0,4679.666666666667,2024,4,13,5,32
22105.0,8575.0,9125.0,2489.0,6729.666666666667,2024,4,29,0,33
41573.0,22105.0,8575.0,9125.0,13268.333333333334,2024,8,15,3,34
9142.0,41573.0,22105.0,8575.0,24084.333333333332,2024,8,30,4,35
521.0,9142.0,41573.0,22105.0,24273.333333333332,2024,9,23,0,36
3997.0,521.0,9142.0,41573.0,17078.666666666668,2024,11,24,6,37
48249.0,3997.0,521.0,9142.0,4553.333333333333,2024,12,1,6,38
70832.0,48249.0,3997.0,521.0,17589.0,2024,12,13,4,39
5085.0,6592.0,33737.0,2143.0,14157.333333333334,2021,5,15,5,3
813.0,5085.0,6592.0,33737.0,15138.0,2021,7,20,1,4
73779.0,813.0,5085.0,6592.0,4163.333333333333,2021,8,2,0,5
8807.0,73779.0,813.0,5085.0,26559.0,2021,8,6,4,6
5249.0,8807.0,73779.0,813.0,27799.666666666668,2021,8,29,6,7
6146.0,5249.0,8807.0,73779.0,29278.333333333332,2022,7,5,1,8
1011.0,6146.0,5249.0,8807.0,6734.0,2022,7,12,1,9
1046.0,1011.0,6146.0,5249.0,4135.333333333333,2022,7,26,1,10
8799.0,1046.0,1011.0,6146.0,2734.3333333333335,2022,9,4,6,11
4629.0,8799.0,1046.0,1011.0,3618.6666666666665,2022,9,23,4,12
1164.0,4629.0,8799.0,1046.0,4824.666666666667,2022,12,9,4,13
3661.0,1164.0,4629.0,8799.0,4864.0,2023,2,24,4,14
2853.0,3661.0,1164.0,4629.0,3151.3333333333335,2023,3,8,2,15
5030.0,2853.0,3661.0,1164.0,2559.3333333333335,2023,5,11,3,16
950787.0,5030.0,2853.0,3661.0,3848.0,2023,5,22,0,17
8498.0,950787.0,5030.0,2853.0,319556.6666666667,2023,5,25,3,18
62296.0,8498.0,950787.0,5030.0,321438.3333333333,2023,8,5,5,19
52335.0,62296.0,8498.0,950787.0,340527.0,2023,8,16,2,20
8830.0,52335.0,62296.0,8498.0,41043.0,2023,8,31,3,21
6472.0,8830.0,52335.0,62296.0,41153.666666666664,2023,11,27,0,22
9990.0,6472.0,8830.0,52335.0,22545.666666666668,2023,12,22,4,23
9313.0,9990.0,6472.0,8830.0,8430.666666666666,2024,2,23,4,24
46588.0,9313.0,9990.0,6472.0,8591.666666666666,2024,3,21,3,25
4231.0,46588.0,9313.0,9990.0,21963.666666666668,2024,9,5,3,26
75281.0,4231.0,46588.0,9313.0,20044.0,2024,9,9,0,27
9345.0,75281.0,4231.0,46588.0,42033.333333333336,2024,10,4,4,28
7619.0,9345.0,75281.0,4231.0,29619.0,2024,11,4,0,29
5155.0,7619.0,9345.0,75281.0,30748.333333333332,2024,11,16,5,30
3488.0,8246.0,7208.0,1196.0,5550.0,2021,9,24,4,3
4570.0,3488.0,8246.0,7208.0,6314.0,2022,1,7,4,4
942.0,4570.0,3488.0,8246.0,5434.666666666667,2022,3,28,0,5
251.0,942.0,4570.0,3488.0,3000.0,2022,5,11,2,6
6329.0,251.0,942.0,4570.0,1921.0,2022,6,8,2,7
7055.0,6329.0,251.0,942.0,2507.3333333333335,2022,6,11,5,8
37631.0,7055.0,6329.0,251.0,4545.0,2022,7,30,5,9
3958.0,37631.0,7055.0,6329.0,17005.0,2022,8,24,2,10
12527.0,3958.0,37631.0,7055.0,16214.666666666666,2022,9,1,3,11
4249.0,12527.0,3958.0,37631.0,18038.666666666668,2022,9,13,1,12
6228.0,4249.0,12527.0,3958.0,6911.333333333333,2022,10,31,0,13
6264.0,6228.0,4249.0,12527.0,7668.0,2022,12,6,1,14
4227.0,6264.0,6228.0,4249.0,5580.333333333333,2023,5,14,6,15
5205.0,4227.0,6264.0,6228.0,5573.0,2023,5,28,6,16
1081.0,5205.0,4227.0,6264.0,5232.0,2023,8,16,2,17
3367.0,1081.0,5205.0,4227.0,3504.3333333333335,2023,8,22,1,18
2627.0,3367.0,1081.0,5205.0,3217.6666666666665,2023,8,31,3,19
9088.0,2627.0,3367.0,1081.0,2358.3333333333335,2023,10,30,0,20
7845.0,9088.0,2627.0,3367.0,5027.333333333333,2023,11,9,3,21
239.0,7845.0,9088.0,2627.0,6520.0,2023,12,16,5,22
3020.0,239.0,7845.0,9088.0,5724.0,2024,4,23,1,23
6160.0,3020.0,239.0,7845.0,3701.3333333333335,2024,4,29,0,24
51523.0,6160.0,3020.0,239.0,3139.6666666666665,2024,5,8,2,25
8912.0,51523.0,6160.0,3020.0,20234.333333333332,2024,5,24,4,26
5612.0,7320.0,4796.0,68275.0,26797.0,2021,5,16,6,3
2857.0,5612.0,7320.0,4796.0,5909.333333333333,2021,7,2,4,4
2874.0,2857.0,5612.0,7320.0,5263.0,2021,7,10,5,5
7851.0,2874.0,2857.0,5612.0,3781.0,2021,7,12,0,6
2487.0,7851.0,2874.0,2857.0,4527.333333333333,2021,9,18,5,7
6126.0,2487.0,7851.0,2874.0,4404.0,2021,10,5,1,8
9998.0,6126.0,2487.0,7851.0,5488.0,2021,10,31,6,9
713.0,9998.0,6126.0,2487.0,6203.666666666667,2021,10,31,6,10
46587.0,713.0,9998.0,6126.0,5612.333333333333,2022,1,5,2,11
5429.0,46587.0,713.0,9998.0,19099.333333333332,2022,1,16,6,12
1706.0,5429.0,46587.0,713.0,17576.333333333332,2022,1,22,5,13
3202.0,1706.0,5429.0,46587.0,17907.333333333332,2022,1,26,2,14
973.0,3202.0,1706.0,5429.0,3445.6666666666665,2022,2,6,6,15
26157.0,973.0,3202.0,1706.0,1960.3333333333333,2022,3,27,6,16
887.0,26157.0,973.0,3202.0,10110.666666666666,2022,4,8,4,17
1685.0,887.0,26157.0,973.0,9339.0,2022,7,6,2,18
5101.0,1685.0,887.0,26157.0,9576.333333333334,2022,8,5,4,19
8850.0,5101.0,1685.0,887.0,2557.6666666666665,2022,8,6,5,20
4525.0,8850.0,5101.0,1685.0,5212.0,2022,10,15,5,21
636.0,4525.0,8850.0,5101.0,6158.666666666667,2022,11,6,6,22
26135.0,636.0,4525.0,8850.0,4670.333333333333,2022,12,12,0,23
2115.0,26135.0,636.0,4525.0,10432.0,2023,1,5,3,24
4193.0,2115.0,26135.0,636.0,9628.666666666666,2023,1,25,2,25
77582.0,4193.0,2115.0,26135.0,10814.333333333334,2023,1,30,0,26
7659.0,77582.0,4193.0,2115.0,27963.333333333332,2023,2,16,3,27
5968.0,7659.0,77582.0,4193.0,29811.333333333332,2023,2,20,0,28
6999.0,5968.0,7659.0,77582.0,30403.0,2023,2,26,6,29
4029.0,6999.0,5968.0,7659.0,6875.333333333333,2023,8,4,4,30
3958.0,4029.0,6999.0,5968.0,5665.333333333333,2023,8,9,2,31
41043.0,3958.0,4029.0,6999.0,4995.333333333333,2023,10,10,1,32
6661.0,41043.0,3958.0,4029.0,16343.333333333334,2023,10,13,4,33
5079.0,6661.0,41043.0,3958.0,17220.666666666668,2023,12,20,2,34
3593.0,5079.0,6661.0,41043.0,17594.333333333332,2023,12,26,1,35
4123.0,3593.0,5079.0,6661.0,5111.0,2024,4,14,6,36
348.0,4123.0,3593.0,5079.0,4265.0,2024,7,7,6,37
2093.0,348.0,4123.0,3593.0,2688.0,2024,9,29,6,38
1869.0,2093.0,348.0,4123.0,2188.0,2024,10,1,1,39
610.0,1869.0,2093.0,348.0,1436.6666666666667,2024,10,17,3,40
4234.0,610.0,1869.0,2093.0,1524.0,2024,10,17,3,41
69376.0,25973.0,40149.0,33910.0,33344.0,2021,4,4,6,3
4051.0,69376.0,25973.0,40149.0,45166.0,2021,4,6,1,4
7959.0,4051.0,69376.0,25973.0,33133.333333333336,2021,5,18,1,5
3190.0,7959.0,4051.0,69376.0,27128.666666666668,2021,5,31,0,6
78937.0,3190.0,7959.0,4051.0,5066.666666666667,2021,6,2,2,7
8075.0,78937.0,3190.0,7959.0,30028.666666666668,2021,6,11,4,8
3562.0,8075.0,78937.0,3190.0,30067.333333333332,2021,6,28,0,9
32159.0,3562.0,8075.0,78937.0,30191.333333333332,2021,8,20,4,10
789.0,32159.0,3562.0,8075.0,14598.666666666666,2021,10,15,4,11
9420.0,789.0,32159.0,3562.0,12170.0,2021,10,20,2,12
1777.0,9420.0,789.0,32159.0,14122.666666666666,2021,12,26,6,13
652.0,1777.0,9420.0,789.0,3995.3333333333335,2022,2,24,3,14
12351.0,652.0,1777.0,9420.0,3949.6666666666665,2022,3,12,5,15
3158.0,12351.0,652.0,1777.0,4926.666666666667,2022,4,21,3,16
8598.0,3158.0,12351.0,652.0,5387.0,2022,4,24,6,17
1676.0,8598.0,3158.0,12351.0,8035.666666666667,2022,4,30,5,18
2890.0,1676.0,8598.0,3158.0,4477.333333333333,2022,6,14,1,19
7756.0,2890.0,1676.0,8598.0,4388.0,2022,9,6,1,20
18053.0,7756.0,2890.0,1676.0,4107.333333333333,2022,10,16,6,21
12011.0,18053.0,7756.0,2890.0,9566.333333333334,2022,11,2,2,22
748.0,12011.0,18053.0,7756.0,12606.666666666666,2023,2,4,5,23
7713.0,748.0,12011.0,18053.0,10270.666666666666,2023,2,5,6,24
433.0,7713.0,748.0,12011.0,6824.0,2023,4,1,5,25
2212.0,433.0,7713.0,748.0,2964.6666666666665,2023,4,6,3,26
8784.0,2212.0,433.0,7713.0,3452.6666666666665,2023,4,7,4,27
7946.0,8784.0,2212.0,433.0,3809.6666666666665,2023,5,23,1,28
7343.0,7946.0,8784.0,2212.0,6314.0,2023,6,1,3,29
2977.0,7343.0,7946.0,8784.0,8024.333333333333,2023,8,8,1,30
8584.0,2977.0,7343.0,7946.0,6088.666666666667,2023,8,10,3,31
6668.0,8584.0,2977.0,7343.0,6301.333333333333,2023,8,26,5,32
6170.0,6668.0,8584.0,2977.0,6076.333333333333,2023,10,7,5,33
13677.0,6170.0,6668.0,8584.0,7140.666666666667,2023,12,3,6,34
1321.0,13677.0,6170.0,6668.0,8838.333333333334,2024,1,12,4,35
6245.0,1321.0,13677.0,6170.0,7056.0,2024,1,18,3,36
7698.0,6245.0,1321.0,13677.0,7081.0,2024,2,13,1,37
1060.0,7698.0,6245.0,1321.0,5088.0,2024,5,12,6,38
3222.0,1060.0,7698.0,6245.0,5001.0,2024,8,2,4,39
58650.0,8886.0,52448.0,2876.0,21403.333333333332,2021,5,21,4,3
7540.0,58650.0,8886.0,52448.0,39994.666666666664,2021,6,9,2,4
41599.0,7540.0,58650.0,8886.0,25025.333333333332,2021,7,13,1,5
47843.0,41599.0,7540.0,58650.0,35929.666666666664,2021,7,25,6,6
217.0,47843.0,41599.0,7540.0,32327.333333333332,2021,8,28,5,7
33713.0,217.0,47843.0,41599.0,29886.333333333332,2021,10,16,5,8
45931.0,33713.0,217.0,47843.0,27257.666666666668,2022,1,4,1,9
5736.0,45931.0,33713.0,217.0,26620.333333333332,2022,2,7,0,10
5850.0,5736.0,45931.0,33713.0,28460.0,2022,3,18,4,11
78532.0,5850.0,5736.0,45931.0,19172.333333333332,2022,3,21,0,12
15675.0,78532.0,5850.0,5736.0,30039.333333333332,2022,4,7,3,13
60328.0,15675.0,78532.0,5850.0,33352.333333333336,2022,8,1,0,14
3689.0,60328.0,15675.0,78532.0,51511.666666666664,2022,8,5,4,15
2619.0,3689.0,60328.0,15675.0,26564.0,2022,11,2,2,16
5711.0,2619.0,3689.0,60328.0,22212.0,2022,11,27,6,17
24338.0,5711.0,2619.0,3689.0,4006.3333333333335,2022,12,23,4,18
7686.0,24338.0,5711.0,2619.0,10889.333333333334,2023,1,28,5,19
1055.0,7686.0,24338.0,5711.0,12578.333333333334,2023,5,3,2,20
5916.0,1055.0,7686.0,24338.0,11026.333333333334,2023,8,8,1,21
2859.0,5916.0,1055.0,7686.0,4885.666666666667,2023,9,24,6,22
6776.0,2859.0,5916.0,1055.0,3276.6666666666665,2023,11,24,4,23
7782.0,6776.0,2859.0,5916.0,5183.666666666667,2024,1,12,4,24
21785.0,7782.0,6776.0,2859.0,5805.666666666667,2024,2,4,6,25
9234.0,21785.0,7782.0,6776.0,12114.333333333334,2024,2,19,0,26
1499.0,9234.0,21785.0,7782.0,12933.666666666666,2024,4,21,6,27
17178.0,1499.0,9234.0,21785.0,10839.333333333334,2024,6,5,2,28
1863.0,17178.0,1499.0,9234.0,9303.666666666666,2024,9,11,2,29
328.0,1863.0,17178.0,1499.0,6846.666666666667,2024,9,18,2,30
3649.0,328.0,1863.0,17178.0,6456.333333333333,2024,9,23,0,31
68676.0,3649.0,328.0,1863.0,1946.6666666666667,2024,11,9,5,32
1564.0,37161.0,1437.0,316.0,12971.333333333334,2021,2,14,6,3
1261.0,1564.0,37161.0,1437.0,13387.333333333334,2021,3,11,3,4
5223.0,1261.0,1564.0,37161.0,13328.666666666666,2021,3,24,2,5
1571.0,5223.0,1261.0,1564.0,2682.6666666666665,2021,5,6,3,6
3888.0,1571.0,5223.0,1261.0,2685.0,2021,7,21,2,7
2945.0,3888.0,1571.0,5223.0,3560.6666666666665,2021,10,23,5,8
1443.0,2945.0,3888.0,1571.0,2801.3333333333335,2022,3,3,3,9
4985.0,1443.0,2945.0,3888.0,2758.6666666666665,2022,3,25,4,10
4834.0,4985.0,1443.0,2945.0,3124.3333333333335,2022,3,25,4,11
7317.0,4834.0,4985.0,1443.0,3754.0,2022,4,6,2,12
2645.0,7317.0,4834.0,4985.0,5712.0,2022,4,17,6,13
20997.0,2645.0,7317.0,4834.0,4932.0,2022,4,28,3,14
6833.0,20997.0,2645.0,7317.0,10319.666666666666,2022,4,29,4,15
9302.0,6833.0,20997.0,2645.0,10158.333333333334,2022,5,23,0,16
999999.0,9302.0,6833.0,20997.0,12377.333333333334,2022,7,23,5,17
6124.0,999999.0,9302.0,6833.0,338711.3333333333,2022,8,19,4,18
30161.0,6124.0,999999.0,9302.0,338475.0,2022,10,14,4,19
3744.0,30161.0,6124.0,999999.0,345428.0,2022,11,10,3,20
32912.0,3744.0,30161.0,6124.0,13343.0,2022,12,5,0,21
57.0,32912.0,3744.0,30161.0,22272.333333333332,2022,12,9,4,22
45212.0,57.0,32912.0,3744.0,12237.666666666666,2022,12,21,2,23
3721.0,45212.0,57.0,32912.0,26060.333333333332,2023,1,7,5,24
3262.0,3721.0,45212.0,57.0,16330.0,2023,3,1,2,25
70116.0,3262.0,3721.0,45212.0,17398.333333333332,2023,4,14,4,26
1646.0,70116.0,3262.0,3721.0,25699.666666666668,2023,5,8,0,27
1304.0,1646.0,70116.0,3262.0,25008.0,2023,5,12,4,28
845.0,1304.0,1646.0,70116.0,24355.333333333332,2023,6,23,4,29
3690.0,845.0,1304.0,1646.0,1265.0,2023,8,6,6,30
3975.0,3690.0,845.0,1304.0,1946.3333333333333,2023,10,21,5,31
6836.0,3975.0,3690.0,845.0,2836.6666666666665,2023,10,28,5,32
23945.0,6836.0,3975.0,3690.0,4833.666666666667,2023,12,10,6,33
69872.0,23945.0,6836.0,3975.0,11585.333333333334,2024,1,5,4,34
8870.0,69872.0,23945.0,6836.0,33551.0,2024,2,23,4,35
51421.0,8870.0,69872.0,23945.0,34229.0,2024,3,18,0,36
7445.0,51421.0,8870.0,69872.0,43387.666666666664,2024,4,18,3,37
9314.0,7445.0,51421.0,8870.0,22578.666666666668,2024,6,13,3,38
5536.0,9314.0,7445.0,51421.0,22726.666666666668,2024,10,11,4,39
7033.0,27877.0,2521.0,43245.0,24547.666666666668,2021,10,4,0,3
1050.0,7033.0,27877.0,2521.0,12477.0,2022,1,6,3,4
8823.0,1050.0,7033.0,27877.0,11986.666666666666,2022,2,3,3,5
4525.0,8823.0,1050.0,7033.0,5635.333333333333,2022,4,12,1,6
4824.0,4525.0,8823.0,1050.0,4799.333333333333,2022,4,13,2,7
2575.0,4824.0,4525.0,8823.0,6057.333333333333,2022,4,16,5,8
18437.0,2575.0,4824.0,4525.0,3974.6666666666665,2022,4,30,5,9
8613.0,18437.0,2575.0,4824.0,8612.0,2022,6,13,0,10
4421.0,8613.0,18437.0,2575.0,9875.0,2022,7,26,1,11
6561.0,4421.0,8613.0,18437.0,10490.333333333334,2022,7,28,3,12
9420.0,6561.0,4421.0,8613.0,6531.666666666667,2022,10,11,1,13
7548.0,9420.0,6561.0,4421.0,6800.666666666667,2023,1,27,4,14
3762.0,7548.0,9420.0,6561.0,7843.0,2023,2,4,5,15
45594.0,3762.0,7548.0,9420.0,6910.0,2023,2,4,5,16
8833.0,45594.0,3762.0,7548.0,18968.0,2023,4,30,6,17
3546.0,8833.0,45594.0,3762.0,19396.333333333332,2023,5,7,6,18
1852.0,3546.0,8833.0,45594.0,19324.333333333332,2023,6,15,3,19
2970.0,1852.0,3546.0,8833.0,4743.666666666667,2023,6,17,5,20
5175.0,2970.0,1852.0,3546.0,2789.3333333333335,2023,10,27,4,21
7262.0,5175.0,2970.0,1852.0,3332.3333333333335,2024,2,2,4,22
24584.0,7262.0,5175.0,2970.0,5135.666666666667,2024,2,21,2,23
1272.0,24584.0,7262.0,5175.0,12340.333333333334,2024,2,27,1,24
7870.0,1272.0,24584.0,7262.0,11039.333333333334,2024,4,8,0,25
25844.0,7870.0,1272.0,24584.0,11242.0,2024,6,3,0,26
4538.0,25844.0,7870.0,1272.0,11662.0,2024,6,25,1,27
32499.0,4538.0,25844.0,7870.0,12750.666666666666,2024,7,26,4,28
9137.0,32499.0,4538.0,25844.0,20960.333333333332,2024,8,18,6,29
5290.0,9137.0,32499.0,4538.0,15391.333333333334,2024,9,7,5,30
1760.0,5290.0,9137.0,32499.0,15642.0,2024,10,12,5,31
9756.0,1760.0,5290.0,9137.0,5395.666666666667,2024,10,26,5,32
8524.0,9756.0,1760.0,5290.0,5602.0,2024,12,5,3,33
9714.0,12564.0,1134.0,1512.0,5070.0,2021,4,23,4,3
9305.0,9714.0,12564.0,1134.0,7804.0,2021,4,26,0,4
4232.0,9305.0,9714.0,12564.0,10527.666666666666,2021,9,2,3,5
13923.0,4232.0,9305.0,9714.0,7750.333333333333,2021,9,24,4,6
9601.0,13923.0,4232.0,9305.0,9153.333333333334,2021,10,28,3,7
751.0,9601.0,13923.0,4232.0,9252.0,2021,12,20,0,8
9649.0,751.0,9601.0,13923.0,8091.666666666667,2022,1,27,3,9
8321.0,9649.0,751.0,9601.0,6667.0,2022,3,9,2,10
8273.0,8321.0,9649.0,751.0,6240.333333333333,2022,4,12,1,11
64163.0,8273.0,8321.0,9649.0,8747.666666666666,2022,4,16,5,12
5164.0,64163.0,8273.0,8321.0,26919.0,2022,5,21,5,13
4109.0,5164.0,64163.0,8273.0,25866.666666666668,2022,6,7,1,14
2747.0,4109.0,5164.0,64163.0,24478.666666666668,2023,1,3,1,15
438.0,2747.0,4109.0,5164.0,4006.6666666666665,2023,5,6,5,16
6634.0,438.0,2747.0,4109.0,2431.3333333333335,2023,8,22,1,17
510.0,6634.0,438.0,2747.0,3273.0,2023,10,2,0,18
1643.0,510.0,6634.0,438.0,2527.3333333333335,2023,10,22,6,19
9991.0,1643.0,510.0,6634.0,2929.0,2023,10,29,6,20
42468.0,9991.0,1643.0,510.0,4048.0,2024,1,6,5,21
3891.0,42468.0,9991.0,1643.0,18034.0,2024,1,21,6,22
2400.0,3891.0,42468.0,9991.0,18783.333333333332,2024,2,15,3,23
4958.0,2400.0,3891.0,42468.0,16253.0,2024,4,13,5,24
40770.0,4958.0,2400.0,3891.0,3749.6666666666665,2024,5,9,3,25
1928.0,40770.0,4958.0,2400.0,16042.666666666666,2024,5,11,5,26
26131.0,1928.0,40770.0,4958.0,15885.333333333334,2024,5,22,2,27
57203.0,26131.0,1928.0,40770.0,22943.0,2024,6,8,5,28
3531.0,57203.0,26131.0,1928.0,28420.666666666668,2024,6,12,2,29
2594.0,3531.0,57203.0,26131.0,28955.0,2024,6,13,3,30
5108.0,2594.0,3531.0,57203.0,21109.333333333332,2024,6,22,5,31
37160.0,5108.0,2594.0,3531.0,3744.3333333333335,2024,9,15,6,32
7511.0,37160.0,5108.0,2594.0,14954.0,2024,11,25,0,33
62061.0,7511.0,37160.0,5108.0,16593.0,2024,12,12,3,34
64963.0,3135.0,3859.0,3300.0,3431.3333333333335,2022,1,27,3,3
5130.0,64963.0,3135.0,3859.0,23985.666666666668,2022,3,6,6,4
133.0,5130.0,64963.0,3135.0,24409.333333333332,2022,3,10,3,5
10473.0,133.0,5130.0,64963.0,23408.666666666668,2022,3,25,4,6
43138.0,10473.0,133.0,5130.0,5245.333333333333,2022,4,14,3,7
146.0,43138.0,10473.0,133.0,17914.666666666668,2022,4,16,5,8
776.0,146.0,43138.0,10473.0,17919.0,2022,4,17,6,9
3787.0,776.0,146.0,43138.0,14686.666666666666,2022,7,11,0,10
4427.0,3787.0,776.0,146.0,1569.6666666666667,2022,8,27,5,11
4186.0,4427.0,3787.0,776.0,2996.6666666666665,2022,9,22,3,12
11374.0,4186.0,4427.0,3787.0,4133.333333333333,2022,10,25,1,13
6485.0,11374.0,4186.0,4427.0,6662.333333333333,2023,1,31,1,14
4000.0,6485.0,11374.0,4186.0,7348.333333333333,2023,5,28,6,15
5600.0,4000.0,6485.0,11374.0,7286.333333333333,2023,6,25,6,16
27956.0,5600.0,4000.0,6485.0,5361.666666666667,2023,10,7,5,17
7971.0,27956.0,5600.0,4000.0,12518.666666666666,2023,12,15,4,18
12067.0,7971.0,27956.0,5600.0,13842.333333333334,2023,12,16,5,19
2417.0,12067.0,7971.0,27956.0,15998.0,2024,1,6,5,20
7773.0,2417.0,12067.0,7971.0,7485.0,2024,1,10,2,21
5763.0,7773.0,2417.0,12067.0,7419.0,2024,3,24,6,22
4894.0,5763.0,7773.0,2417.0,5317.666666666667,2024,4,7,6,23
6358.0,4894.0,5763.0,7773.0,6143.333333333333,2024,5,13,0,24
3341.0,6358.0,4894.0,5763.0,5671.666666666667,2024,5,18,5,25
460.0,3341.0,6358.0,4894.0,4864.333333333333,2024,6,8,5,26
8737.0,460.0,3341.0,6358.0,3386.3333333333335,2024,10,7,0,27
7480.0,8737.0,460.0,3341.0,4179.333333333333,2024,10,8,1,28
1583.0,7480.0,8737.0,460.0,5559.0,2024,10,15,1,29
3454.0,1583.0,7480.0,8737.0,5933.333333333333,2024,11,26,1,30
8956.0,870.0,8408.0,7401.0,5559.666666666667,2021,3,2,1,3
5658.0,8956.0,870.0,8408.0,6078.0,2021,3,8,0,4
9060.0,5658.0,8956.0,870.0,5161.333333333333,2021,5,4,1,5
8198.0,9060.0,5658.0,8956.0,7891.333333333333,2021,6,27,6,6
6940.0,8198.0,9060.0,5658.0,7638.666666666667,2021,6,28,0,7
4016.0,6940.0,8198.0,9060.0,8066.0,2021,6,29,1,8
3489.0,4016.0,6940.0,8198.0,6384.666666666667,2021,7,2,4,9
3616.0,3489.0,4016.0,6940.0,4815.0,2021,8,9,0,10
4283.0,3616.0,3489.0,4016.0,3707.0,2021,10,2,5,11
3890.0,4283.0,3616.0,3489.0,3796.0,2021,12,16,3,12
2782.0,3890.0,4283.0,3616.0,3929.6666666666665,2021,12,27,0,13
4415.0,2782.0,3890.0,4283.0,3651.6666666666665,2022,1,26,2,14
8769.0,4415.0,2782.0,3890.0,3695.6666666666665,2022,2,27,6,15
329.0,8769.0,4415.0,2782.0,5322.0,2022,5,4,2,16
6979.0,329.0,8769.0,4415.0,4504.333333333333,2022,5,27,4,17
6422.0,6979.0,329.0,8769.0,5359.0,2022,6,23,3,18
6121.0,6422.0,6979.0,329.0,4576.666666666667,2022,8,1,0,19
57631.0,6121.0,6422.0,6979.0,6507.333333333333,2022,8,16,1,20
72599.0,57631.0,6121.0,6422.0,23391.333333333332,2022,9,11,6,21
14179.0,72599.0,57631.0,6121.0,45450.333333333336,2022,10,25,1,22
15334.0,14179.0,72599.0,57631.0,48136.333333333336,2022,12,7,2,23
10022.0,15334.0,14179.0,72599.0,34037.333333333336,2022,12,10,5,24
48417.0,10022.0,15334.0,14179.0,13178.333333333334,2023,2,27,0,25
3607.0,48417.0,10022.0,15334.0,24591.0,2023,3,4,5,26
8302.0,3607.0,48417.0,10022.0,20682.0,2023,6,27,1,27
511.0,8302.0,3607.0,48417.0,20108.666666666668,2023,7,23,6,28
7179.0,511.0,8302.0,3607.0,4140.0,2023,10,18,2,29
47588.0,7179.0,511.0,8302.0,5330.666666666667,2023,12,22,4,30
68895.0,47588.0,7179.0,511.0,18426.0,2024,1,14,6,31
8617.0,68895.0,47588.0,7179.0,41220.666666666664,2024,5,8,2,32
14041.0,8617.0,68895.0,47588.0,41700.0,2024,5,9,3,33
2932.0,14041.0,8617.0,68895.0,30517.666666666668,2024,6,18,1,34
6905.0,2932.0,14041.0,8617.0,8530.0,2024,8,3,5,35
6313.0,6905.0,2932.0,14041.0,7959.333333333333,2024,8,12,0,36
6288.0,6313.0,6905.0,2932.0,5383.333333333333,2024,8,22,3,37
62193.0,6288.0,6313.0,6905.0,6502.0,2024,9,13,4,38
5150.0,62193.0,6288.0,6313.0,24931.333333333332,2024,9,21,5,39
5944.0,5150.0,62193.0,6288.0,24543.666666666668,2024,11,3,6,40
6878.0,8620.0,1768.0,677.0,3688.3333333333335,2021,8,20,4,3
6197.0,6878.0,8620.0,1768.0,5755.333333333333,2021,9,17,4,4
23156.0,6197.0,6878.0,8620.0,7231.666666666667,2021,9,20,0,5
5805.0,23156.0,6197.0,6878.0,12077.0,2021,10,9,5,6
6390.0,5805.0,23156.0,6197.0,11719.333333333334,2021,10,15,4,7
2463.0,6390.0,5805.0,23156.0,11783.666666666666,2021,10,24,6,8
6829.0,2463.0,6390.0,5805.0,4886.0,2021,11,21,6,9
109.0,6829.0,2463.0,6390.0,5227.333333333333,2021,12,27,0,10
4785.0,109.0,6829.0,2463.0,3133.6666666666665,2022,1,8,5,11
4283.0,4785.0,109.0,6829.0,3907.6666666666665,2022,4,10,6,12
1934.0,4283.0,4785.0,109.0,3059.0,2022,6,3,4,13
1739.0,1934.0,4283.0,4785.0,3667.3333333333335,2022,10,13,3,14
498.0,1739.0,1934.0,4283.0,2652.0,2022,10,26,2,15
849.0,498.0,1739.0,1934.0,1390.3333333333333,2022,12,7,2,16
4342.0,849.0,498.0,1739.0,1028.6666666666667,2023,1,25,2,17
19377.0,4342.0,849.0,498.0,1896.3333333333333,2023,4,24,0,18
22203.0,19377.0,4342.0,849.0,8189.333333333333,2023,5,1,0,19
8249.0,22203.0,19377.0,4342.0,15307.333333333334,2023,5,30,1,20
1248.0,8249.0,22203.0,19377.0,16609.666666666668,2023,6,25,6,21
2258.0,1248.0,8249.0,22203.0,10566.666666666666,2023,8,29,1,22
9629.0,2258.0,1248.0,8249.0,3918.3333333333335,2023,11,30,3,23
35208.0,9629.0,2258.0,1248.0,4378.333333333333,2024,1,14,6,24
21355.0,35208.0,9629.0,2258.0,15698.333333333334,2024,1,31,2,25
73413.0,21355.0,35208.0,9629.0,22064.0,2024,6,13,3,26
4715.0,73413.0,21355.0,35208.0,43325.333333333336,2024,8,1,3,27
77578.0,4715.0,73413.0,21355.0,33161.0,2024,8,18,6,28
42681.0,77578.0,4715.0,73413.0,51902.0,2024,9,9,0,29
3143.0,42681.0,77578.0,4715.0,41658.0,2024,10,5,5,30
9772.0,3143.0,42681.0,77578.0,41134.0,2024,10,18,4,31
20442.0,9772.0,3143.0,42681.0,18532.0,2024,10,19,5,32
1419.0,3400.0,2464.0,7782.0,4548.666666666667,2021,4,14,2,3
237.0,1419.0,3400.0,2464.0,2427.6666666666665,2021,6,23,2,4
7415.0,237.0,1419.0,3400.0,1685.3333333333333,2021,8,19,3,5
12870.0,7415.0,237.0,1419.0,3023.6666666666665,2021,8,30,0,6
3764.0,12870.0,7415.0,237.0,6840.666666666667,2021,10,21,3,7
58626.0,3764.0,12870.0,7415.0,8016.333333333333,2021,10,24,6,8
3653.0,58626.0,3764.0,12870.0,25086.666666666668,2021,10,25,0,9
5935.0,3653.0,58626.0,3764.0,22014.333333333332,2022,4,5,1,10
9778.0,5935.0,3653.0,58626.0,22738.0,2022,7,1,4,11
2923.0,9778.0,5935.0,3653.0,6455.333333333333,2022,7,22,4,12
21412.0,2923.0,9778.0,5935.0,6212.0,2022,12,20,1,13
77863.0,21412.0,2923.0,9778.0,11371.0,2023,1,3,1,14
6020.0,77863.0,21412.0,2923.0,34066.0,2023,1,15,6,15
6815.0,6020.0,77863.0,21412.0,35098.333333333336,2023,3,16,3,16
5703.0,6815.0,6020.0,77863.0,30232.666666666668,2023,3,19,6,17
14309.0,5703.0,6815.0,6020.0,6179.333333333333,2023,4,18,1,18
7420.0,14309.0,5703.0,6815.0,8942.333333333334,2023,4,25,1,19
3573.0,7420.0,14309.0,5703.0,9144.0,2023,5,5,4,20
24338.0,3573.0,7420.0,14309.0,8434.0,2023,6,11,6,21
4351.0,24338.0,3573.0,7420.0,11777.0,2023,8,19,5,22
4956.0,4351.0,24338.0,3573.0,10754.0,2023,9,27,2,23
3962.0,4956.0,4351.0,24338.0,11215.0,2024,1,12,4,24
2945.0,3962.0,4956.0,4351.0,4423.0,2024,2,23,4,25
2288.0,2945.0,3962.0,4956.0,3954.3333333333335,2024,3,20,2,26
9679.0,2288.0,2945.0,3962.0,3065.0,2024,3,28,3,27
8518.0,9679.0,2288.0,2945.0,4970.666666666667,2024,4,4,3,28
76378.0,8518.0,9679.0,2288.0,6828.333333333333,2024,4,5,4,29
8455.0,76378.0,8518.0,9679.0,31525.0,2024,4,23,1,30
5009.0,8455.0,76378.0,8518.0,31117.0,2024,5,16,3,31
68733.0,5009.0,8455.0,76378.0,29947.333333333332,2024,5,18,5,32
5239.0,68733.0,5009.0,8455.0,27399.0,2024,6,22,5,33
8502.0,5239.0,68733.0,5009.0,26327.0,2024,8,13,1,34
1580.0,8502.0,5239.0,68733.0,27491.333333333332,2024,8,22,3,35
279.0,6441.0,34187.0,6392.0,15673.333333333334,2021,3,25,3,3
6819.0,279.0,6441.0,34187.0,13635.666666666666,2021,3,26,4,4
6127.0,6819.0,279.0,6441.0,4513.0,2021,3,29,0,5
999999.0,6127.0,6819.0,279.0,4408.333333333333,2021,6,10,3,6
3384.0,999999.0,6127.0,6819.0,337648.3333333333,2021,7,11,6,7
3752.0,3384.0,999999.0,6127.0,336503.3333333333,2021,11,9,1,8
4882.0,3752.0,3384.0,999999.0,335711.6666666667,2021,11,11,3,9
73476.0,4882.0,3752.0,3384.0,4006.0,2021,12,29,2,10
23590.0,73476.0,4882.0,3752.0,27370.0,2022,2,4,4,11
4285.0,23590.0,73476.0,4882.0,33982.666666666664,2022,3,5,5,12
7260.0,4285.0,23590.0,73476.0,33783.666666666664,2022,3,11,4,13
630.0,7260.0,4285.0,23590.0,11711.666666666666,2022,3,22,1,14
53538.0,630.0,7260.0,4285.0,4058.3333333333335,2022,4,15,4,15
2247.0,53538.0,630.0,7260.0,20476.0,2022,6,11,5,16
13928.0,2247.0,53538.0,630.0,18805.0,2022,7,5,1,17
8970.0,13928.0,2247.0,53538.0,23237.666666666668,2022,7,5,1,18
3293.0,8970.0,13928.0,2247.0,8381.666666666666,2022,7,15,4,19
3218.0,3293.0,8970.0,13928.0,8730.333333333334,2022,8,17,2,20
60178.0,3218.0,3293.0,8970.0,5160.333333333333,2022,9,11,6,21
794.0,60178.0,3218.0,3293.0,22229.666666666668,2022,10,21,4,22
8928.0,794.0,60178.0,3218.0,21396.666666666668,2022,11,26,5,23
650.0,8928.0,794.0,60178.0,23300.0,2022,12,17,5,24
2854.0,650.0,8928.0,794.0,3457.3333333333335,2023,1,28,5,25
1044.0,2854.0,650.0,8928.0,4144.0,2023,2,9,3,26
30202.0,1044.0,2854.0,650.0,1516.0,2023,3,28,1,27
5115.0,30202.0,1044.0,2854.0,11366.666666666666,2023,4,7,4,28
719.0,5115.0,30202.0,1044.0,12120.333333333334,2023,6,3,5,29
8883.0,719.0,5115.0,30202.0,12012.0,2023,6,13,1,30
8855.0,8883.0,719.0,5115.0,4905.666666666667,2023,7,22,5,31
4795.0,8855.0,8883.0,719.0,6152.333333333333,2023,7,24,0,32
5682.0,4795.0,8855.0,8883.0,7511.0,2023,9,2,5,33
6911.0,5682.0,4795.0,8855.0,6444.0,2023,9,8,4,34
7795.0,6911.0,5682.0,4795.0,5796.0,2023,9,24,6,35
9850.0,7795.0,6911.0,5682.0,6796.0,2023,10,26,3,36
65768.0,9850.0,7795.0,6911.0,8185.333333333333,2023,11,16,3,37
6307.0,65768.0,9850.0,7795.0,27804.333333333332,2023,12,17,6,38
3788.0,6307.0,65768.0,9850.0,27308.333333333332,2023,12,24,6,39
4161.0,3788.0,6307.0,65768.0,25287.666666666668,2024,1,11,3,40
39221.0,4161.0,3788.0,6307.0,4752.0,2024,2,29,3,41
6985.0,39221.0,4161.0,3788.0,15723.333333333334,2024,3,29,4,42
7439.0,6985.0,39221.0,4161.0,16789.0,2024,4,16,1,43
46426.0,7439.0,6985.0,39221.0,17881.666666666668,2024,4,29,0,44
4785.0,46426.0,7439.0,6985.0,20283.333333333332,2024,5,6,0,45
345332.0,4785.0,46426.0,7439.0,19550.0,2024,5,17,4,46
35760.0,345332.0,4785.0,46426.0,132181.0,2024,7,21,6,47
403.0,35760.0,345332.0,4785.0,128625.66666666667,2024,11,13,2,48
8677.0,8757.0,1238.0,8117.0,6037.333333333333,2021,3,26,4,3
1397.0,8677.0,8757.0,1238.0,6224.0,2021,4,27,1,4
9287.0,1397.0,8677.0,8757.0,6277.0,2021,5,4,1,5
2733.0,9287.0,1397.0,8677.0,6453.666666666667,2021,5,4,1,6
1883.0,2733.0,9287.0,1397.0,4472.333333333333,2021,7,5,0,7
9173.0,1883.0,2733.0,9287.0,4634.333333333333,2021,7,19,0,8
1631.0,9173.0,1883.0,2733.0,4596.333333333333,2021,7,31,5,9
3262.0,1631.0,9173.0,1883.0,4229.0,2021,8,5,3,10
1008.0,3262.0,1631.0,9173.0,4688.666666666667,2021,8,28,5,11
328.0,1008.0,3262.0,1631.0,1967.0,2021,9,29,2,12
4989.0,328.0,1008.0,3262.0,1532.6666666666667,2021,10,22,4,13
3445.0,4989.0,328.0,1008.0,2108.3333333333335,2021,10,30,5,14
7661.0,3445.0,4989.0,328.0,2920.6666666666665,2021,11,2,1,15
3560.0,7661.0,3445.0,4989.0,5365.0,2021,12,6,0,16
8884.0,3560.0,7661.0,3445.0,4888.666666666667,2022,2,21,0,17
24394.0,8884.0,3560.0,7661.0,6701.666666666667,2022,8,10,2,18
71792.0,24394.0,8884.0,3560.0,12279.333333333334,2022,10,23,6,19
9717.0,71792.0,24394.0,8884.0,35023.333333333336,2022,10,23,6,20
19423.0,9717.0,71792.0,24394.0,35301.0,2023,1,14,5,21
1624.0,19423.0,9717.0,71792.0,33644.0,2023,1,17,1,22
58797.0,1624.0,19423.0,9717.0,10254.666666666666,2023,1,21,5,23
7988.0,58797.0,1624.0,19423.0,26614.666666666668,2023,3,11,5,24
5205.0,7988.0,58797.0,1624.0,22803.0,2023,5,6,5,25
532.0,5205.0,7988.0,58797.0,23996.666666666668,2023,7,4,1,26
54871.0,532.0,5205.0,7988.0,4575.0,2023,7,8,5,27
8529.0,54871.0,532.0,5205.0,20202.666666666668,2023,9,3,6,28
46498.0,8529.0,54871.0,532.0,21310.666666666668,2023,9,9,5,29
72320.0,46498.0,8529.0,54871.0,36632.666666666664,2023,11,25,5,30
16368.0,72320.0,46498.0,8529.0,42449.0,2023,12,1,4,31
2217.0,16368.0,72320.0,46498.0,45062.0,2024,2,10,5,32
7841.0,2217.0,16368.0,72320.0,30301.666666666668,2024,2,12,0,33
3315.0,7841.0,2217.0,16368.0,8808.666666666666,2024,5,12,6,34
32133.0,3315.0,7841.0,2217.0,4457.666666666667,2024,5,14,1,35
7431.0,32133.0,3315.0,7841.0,14429.666666666666,2024,6,2,6,36
7676.0,7431.0,32133.0,3315.0,14293.0,2024,7,25,3,37
1639.0,7676.0,7431.0,32133.0,15746.666666666666,2024,9,7,5,38
3064.0,1639.0,7676.0,7431.0,5582.0,2024,11,5,1,39
7002.0,3064.0,1639.0,7676.0,4126.333333333333,2024,12,2,0,40
1074.0,474.0,9063.0,48604.0,19380.333333333332,2021,4,14,2,3
7352.0,1074.0,474.0,9063.0,3537.0,2021,8,31,1,4
999999.0,7352.0,1074.0,474.0,2966.6666666666665,2021,10,22,4,5
5810.0,999999.0,7352.0,1074.0,336141.6666666667,2021,11,25,3,6
4248.0,5810.0,999999.0,7352.0,337720.3333333333,2021,12,25,5,7
2308.0,4248.0,5810.0,999999.0,336685.6666666667,2022,2,21,0,8
1648.0,2308.0,4248.0,5810.0,4122.0,2022,4,3,6,9
1423.0,1648.0,2308.0,4248.0,2734.6666666666665,2022,4,11,0,10
1730.0,1423.0,1648.0,2308.0,1793.0,2022,5,29,6,11
1782.0,1730.0,1423.0,1648.0,1600.3333333333333,2022,8,10,2,12
55339.0,1782.0,1730.0,1423.0,1645.0,2022,8,23,1,13
2213.0,55339.0,1782.0,1730.0,19617.0,2022,9,2,4,14
6901.0,2213.0,55339.0,1782.0,19778.0,2022,9,20,1,15
9419.0,6901.0,2213.0,55339.0,21484.333333333332,2022,9,25,6,16
79950.0,9419.0,6901.0,2213.0,6177.666666666667,2022,10,3,0,17
8220.0,79950.0,9419.0,6901.0,32090.0,2022,10,19,2,18
536.0,8220.0,79950.0,9419.0,32529.666666666668,2022,11,14,0,19
999999.0,536.0,8220.0,79950.0,29568.666666666668,2022,11,19,5,20
4986.0,999999.0,536.0,8220.0,336251.6666666667,2023,3,25,5,21
9315.0,4986.0,999999.0,536.0,335173.6666666667,2023,5,3,2,22
44561.0,9315.0,4986.0,999999.0,338100.0,2023,5,21,6,23
2653.0,44561.0,9315.0,4986.0,19620.666666666668,2023,6,7,2,24
126.0,2653.0,44561.0,9315.0,18843.0,2023,7,4,1,25
1139.0,126.0,2653.0,44561.0,15780.0,2023,7,8,5,26
6595.0,1139.0,126.0,2653.0,1306.0,2023,8,6,6,27
9180.0,6595.0,1139.0,126.0,2620.0,2023,8,23,2,28
1532.0,9180.0,6595.0,1139.0,5638.0,2023,8,31,3,29
30261.0,1532.0,9180.0,6595.0,5769.0,2023,12,31,6,30
2206.0,30261.0,1532.0,9180.0,13657.666666666666,2024,1,20,5,31
39335.0,2206.0,30261.0,1532.0,11333.0,2024,3,22,4,32
5031.0,39335.0,2206.0,30261.0,23934.0,2024,4,10,2,33
2596.0,5031.0,39335.0,2206.0,15524.0,2024,5,20,0,34
2044.0,2596.0,5031.0,39335.0,15654.0,2024,9,21,5,35
9794.0,2044.0,2596.0,5031.0,3223.6666666666665,2024,9,21,5,36
4074.0,9794.0,2044.0,2596.0,4811.333333333333,2024,10,5,5,37
36373.0,4074.0,9794.0,2044.0,5304.0,2024,10,17,3,38
8124.0,36373.0,4074.0,9794.0,16747.0,2024,10,20,6,39
5766.0,8124.0,36373.0,4074.0,16190.333333333334,2024,10,27,6,40
44196.0,5766.0,8124.0,36373.0,16754.333333333332,2024,12,10,1,41
8171.0,44196.0,5766.0,8124.0,19362.0,2024,12,21,5,42
5193.0,9971.0,8255.0,9425.0,9217.0,2021,9,21,1,3
8346.0,5193.0,9971.0,8255.0,7806.333333333333,2021,10,2,5,4
5163.0,8346.0,5193.0,9971.0,7836.666666666667,2021,11,20,5,5
1379.0,5163.0,8346.0,5193.0,6234.0,2021,12,18,5,6
5085.0,1379.0,5163.0,8346.0,4962.666666666667,2022,2,23,2,7
39620.0,5085.0,1379.0,5163.0,3875.6666666666665,2022,4,7,3,8
2599.0,39620.0,5085.0,1379.0,15361.333333333334,2022,4,26,1,9
2059.0,2599.0,39620.0,5085.0,15768.0,2022,7,1,4,10
8282.0,2059.0,2599.0,39620.0,14759.333333333334,2022,9,7,2,11
3440.0,8282.0,2059.0,2599.0,4313.333333333333,2022,9,24,5,12
15131.0,3440.0,8282.0,2059.0,4593.666666666667,2022,10,6,3,13
36242.0,15131.0,3440.0,8282.0,8951.0,2022,10,13,3,14
190.0,36242.0,15131.0,3440.0,18271.0,2022,10,15,5,15
7176.0,190.0,36242.0,15131.0,17187.666666666668,2022,11,6,6,16
67763.0,7176.0,190.0,36242.0,14536.0,2022,11,27,6,17
3837.0,67763.0,7176.0,190.0,25043.0,2022,11,28,0,18
1439.0,3837.0,67763.0,7176.0,26258.666666666668,2022,12,17,5,19
35129.0,1439.0,3837.0,67763.0,24346.333333333332,2023,1,31,1,20
3439.0,35129.0,1439.0,3837.0,13468.333333333334,2023,2,5,6,21
4235.0,3439.0,35129.0,1439.0,13335.666666666666,2023,2,16,3,22
1493.0,4235.0,3439.0,35129.0,14267.666666666666,2023,3,25,5,23
4767.0,1493.0,4235.0,3439.0,3055.6666666666665,2023,6,22,3,24
8597.0,4767.0,1493.0,4235.0,3498.3333333333335,2023,10,5,3,25
2368.0,8597.0,4767.0,1493.0,4952.333333333333,2023,10,10,1,26
6461.0,2368.0,8597.0,4767.0,5244.0,2023,10,15,6,27
820.0,6461.0,2368.0,8597.0,5808.666666666667,2023,10,16,0,28
67693.0,820.0,6461.0,2368.0,3216.3333333333335,2023,12,23,5,29
47277.0,67693.0,820.0,6461.0,24991.333333333332,2023,12,26,1,30
7688.0,47277.0,67693.0,820.0,38596.666666666664,2024,1,11,3,31
9323.0,7688.0,47277.0,67693.0,40886.0,2024,3,25,0,32
8326.0,9323.0,7688.0,47277.0,21429.333333333332,2024,5,3,4,33
7908.0,8326.0,9323.0,7688.0,8445.666666666666,2024,6,8,5,34
19125.0,7908.0,8326.0,9323.0,8519.0,2024,7,30,1,35
1807.0,19125.0,7908.0,8326.0,11786.333333333334,2024,11,18,0,36
2404.0,1807.0,19125.0,7908.0,9613.333333333334,2024,12,6,4,37
4060.0,2404.0,1807.0,19125.0,7778.666666666667,2024,12,24,1,38
5604.0,8154.0,1945.0,8702.0,6267.0,2021,5,15,5,3
2540.0,5604.0,8154.0,1945.0,5234.333333333333,2021,6,9,2,4
9391.0,2540.0,5604.0,8154.0,5432.666666666667,2021,7,29,3,5
4744.0,9391.0,2540.0,5604.0,5845.0,2022,1,3,0,6
3154.0,4744.0,9391.0,2540.0,5558.333333333333,2022,1,21,4,7
7735.0,3154.0,4744.0,9391.0,5763.0,2022,2,20,6,8
8947.0,7735.0,3154.0,4744.0,5211.0,2022,2,27,6,9
8236.0,8947.0,7735.0,3154.0,6612.0,2022,3,16,2,10
3370.0,8236.0,8947.0,7735.0,8306.0,2022,4,24,6,11
2348.0,3370.0,8236.0,8947.0,6851.0,2022,6,1,2,12
17401.0,2348.0,3370.0,8236.0,4651.333333333333,2022,7,17,6,13
40839.0,17401.0,2348.0,3370.0,7706.333333333333,2022,8,21,6,14
6906.0,40839.0,17401.0,2348.0,20196.0,2022,9,20,1,15
1909.0,6906.0,40839.0,17401.0,21715.333333333332,2022,9,22,3,16
41369.0,1909.0,6906.0,40839.0,16551.333333333332,2023,1,3,1,17
1337.0,41369.0,1909.0,6906.0,16728.0,2023,5,3,2,18
6705.0,1337.0,41369.0,1909.0,14871.666666666666,2023,5,24,2,19
1134.0,6705.0,1337.0,41369.0,16470.333333333332,2024,1,17,2,20
114.0,1134.0,6705.0,1337.0,3058.6666666666665,2024,2,15,3,21
2570.0,114.0,1134.0,6705.0,2651.0,2024,3,12,1,22
7584.0,2570.0,114.0,1134.0,1272.6666666666667,2024,7,3,2,23
8158.0,7584.0,2570.0,114.0,3422.6666666666665,2024,8,5,0,24
16809.0,8158.0,7584.0,2570.0,6104.0,2024,9,25,2,25
6106.0,16809.0,8158.0,7584.0,10850.333333333334,2024,9,26,3,26
18170.0,6106.0,16809.0,8158.0,10357.666666666666,2024,10,28,0,27
4097.0,7505.0,75061.0,8065.0,30210.333333333332,2021,4,13,1,3
79791.0,4097.0,7505.0,75061.0,28887.666666666668,2021,9,22,2,4
1783.0,79791.0,4097.0,7505.0,30464.333333333332,2021,10,8,4,5
289.0,1783.0,79791.0,4097.0,28557.0,2021,10,18,0,6
9311.0,289.0,1783.0,79791.0,27287.666666666668,2021,12,10,4,7
5090.0,9311.0,289.0,1783.0,3794.3333333333335,2022,1,23,6,8
21307.0,5090.0,9311.0,289.0,4896.666666666667,2022,2,2,2,9
42162.0,21307.0,5090.0,9311.0,11902.666666666666,2022,4,29,4,10
5892.0,42162.0,21307.0,5090.0,22853.0,2022,5,8,6,11
3803.0,5892.0,42162.0,21307.0,23120.333333333332,2022,6,1,2,12
991.0,3803.0,5892.0,42162.0,17285.666666666668,2022,6,7,1,13
12368.0,991.0,3803.0,5892.0,3562.0,2022,8,6,5,14
1678.0,12368.0,991.0,3803.0,5720.666666666667,2022,8,11,3,15
1870.0,1678.0,12368.0,991.0,5012.333333333333,2022,9,23,4,16
1220.0,1870.0,1678.0,12368.0,5305.333333333333,2022,10,2,6,17
7963.0,1220.0,1870.0,1678.0,1589.3333333333333,2022,10,29,5,18
4623.0,7963.0,1220.0,1870.0,3684.3333333333335,2022,11,1,1,19
7762.0,4623.0,7963.0,1220.0,4602.0,2022,12,2,4,20
7780.0,7762.0,4623.0,7963.0,6782.666666666667,2022,12,26,0,21
5369.0,7780.0,7762.0,4623.0,6721.666666666667,2023,4,10,0,22
4991.0,5369.0,7780.0,7762.0,6970.333333333333,2023,4,30,6,23
7568.0,4991.0,5369.0,7780.0,6046.666666666667,2023,5,5,4,24
2007.0,7568.0,4991.0,5369.0,5976.0,2023,6,4,6,25
28559.0,2007.0,7568.0,4991.0,4855.333333333333,2023,6,7,2,26
6780.0,28559.0,2007.0,7568.0,12711.333333333334,2023,8,2,2,27
2508.0,6780.0,28559.0,2007.0,12448.666666666666,2023,8,12,5,28
1667.0,2508.0,6780.0,28559.0,12615.666666666666,2023,10,19,3,29
8861.0,1667.0,2508.0,6780.0,3651.6666666666665,2023,12,10,6,30
1550.0,8861.0,1667.0,2508.0,4345.333333333333,2023,12,29,4,31
5328.0,1550.0,8861.0,1667.0,4026.0,2024,2,8,3,32
4941.0,5328.0,1550.0,8861.0,5246.333333333333,2024,2,27,1,33
31189.0,4941.0,5328.0,1550.0,3939.6666666666665,2024,4,20,5,34
1849.0,31189.0,4941.0,5328.0,13819.333333333334,2024,5,15,2,35
8337.0,1849.0,31189.0,4941.0,12659.666666666666,2024,6,15,5,36
3275.0,8337.0,1849.0,31189.0,13791.666666666666,2024,7,31,2,37
5332.0,3275.0,8337.0,1849.0,4487.0,2024,8,29,3,38
3328.0,5332.0,3275.0,8337.0,5648.0,2024,10,9,2,39
7866.0,3328.0,5332.0,3275.0,3978.3333333333335,2024,10,10,3,40
74866.0,7866.0,3328.0,5332.0,5508.666666666667,2024,10,14,0,41
4100.0,74866.0,7866.0,3328.0,28686.666666666668,2024,12,21,5,42
731.0,3681.0,4353.0,9560.0,5864.666666666667,2021,2,26,4,3
5029.0,731.0,3681.0,4353.0,2921.6666666666665,2021,7,1,3,4
4364.0,5029.0,731.0,3681.0,3147.0,2021,8,21,5,5
8142.0,4364.0,5029.0,731.0,3374.6666666666665,2021,8,22,6,6
5083.0,8142.0,4364.0,5029.0,5845.0,2021,9,4,5,7
75601.0,5083.0,8142.0,4364.0,5863.0,2021,12,8,2,8
4651.0,75601.0,5083.0,8142.0,29608.666666666668,2022,1,1,5,9
3143.0,4651.0,75601.0,5083.0,28445.0,2022,1,20,3,10
38464.0,3143.0,4651.0,75601.0,27798.333333333332,2022,1,28,4,11
70095.0,38464.0,3143.0,4651.0,15419.333333333334,2022,2,22,1,12
7892.0,70095.0,38464.0,3143.0,37234.0,2022,3,12,5,13
999999.0,7892.0,70095.0,38464.0,38817.0,2022,3,17,3,14
8063.0,999999.0,7892.0,70095.0,359328.6666666667,2022,3,21,0,15
1819.0,8063.0,999999.0,7892.0,338651.3333333333,2022,10,20,3,16
5467.0,1819.0,8063.0,999999.0,336627.0,2022,11,24,3,17
7799.0,5467.0,1819.0,8063.0,5116.333333333333,2022,12,1,3,18
6176.0,7799.0,5467.0,1819.0,5028.333333333333,2023,1,6,4,19
6118.0,6176.0,7799.0,5467.0,6480.666666666667,2023,1,29,6,20
11567.0,6118.0,6176.0,7799.0,6697.666666666667,2023,2,20,0,21
2827.0,11567.0,6118.0,6176.0,7953.666666666667,2023,4,26,2,22
28885.0,2827.0,11567.0,6118.0,6837.333333333333,2023,7,27,3,23
3903.0,28885.0,2827.0,11567.0,14426.333333333334,2023,12,14,3,24
1822.0,3903.0,28885.0,2827.0,11871.666666666666,2023,12,23,5,25
44788.0,1822.0,3903.0,28885.0,11536.666666666666,2024,1,31,2,26
7889.0,44788.0,1822.0,3903.0,16837.666666666668,2024,5,4,5,27
5280.0,7889.0,44788.0,1822.0,18166.333333333332,2024,5,15,2,28
7779.0,5280.0,7889.0,44788.0,19319.0,2024,10,22,1,29
32903.0,7779.0,5280.0,7889.0,6982.666666666667,2024,11,2,5,30
6177.0,32903.0,7779.0,5280.0,15320.666666666666,2024,11,6,2,31
5560.0,9704.0,2095.0,2704.0,4834.333333333333,2021,5,19,2,3
22768.0,5560.0,9704.0,2095.0,5786.333333333333,2021,6,6,6,4
179.0,22768.0,5560.0,9704.0,12677.333333333334,2021,6,14,0,5
7485.0,179.0,22768.0,5560.0,9502.333333333334,2021,6,21,0,6
25045.0,7485.0,179.0,22768.0,10144.0,2021,6,26,5,7
2585.0,25045.0,7485.0,179.0,10903.0,2021,8,13,4,8
1891.0,2585.0,25045.0,7485.0,11705.0,2021,8,24,1,9
7998.0,1891.0,2585.0,25045.0,9840.333333333334,2021,11,16,1,10
1013.0,7998.0,1891.0,2585.0,4158.0,2021,12,14,1,11
4223.0,1013.0,7998.0,1891.0,3634.0,2022,1,22,5,12
9159.0,4223.0,1013.0,7998.0,4411.333333333333,2022,2,19,5,13
2182.0,9159.0,4223.0,1013.0,4798.333333333333,2022,3,15,1,14
396.0,2182.0,9159.0,4223.0,5188.0,2022,5,9,0,15
8437.0,396.0,2182.0,9159.0,3912.3333333333335,2022,5,30,0,16
29405.0,8437.0,396.0,2182.0,3671.6666666666665,2022,9,22,3,17
2083.0,29405.0,8437.0,396.0,12746.0,2022,10,27,3,18
7304.0,2083.0,29405.0,8437.0,13308.333333333334,2023,3,17,4,19
221.0,7304.0,2083.0,29405.0,12930.666666666666,2023,7,28,4,20
32845.0,221.0,7304.0,2083.0,3202.6666666666665,2023,8,2,2,21
4130.0,32845.0,221.0,7304.0,13456.666666666666,2023,8,31,3,22
8134.0,4130.0,32845.0,221.0,12398.666666666666,2023,10,4,2,23
7685.0,8134.0,4130.0,32845.0,15036.333333333334,2023,10,29,6,24
4222.0,7685.0,8134.0,4130.0,6649.666666666667,2023,10,31,1,25
6555.0,4222.0,7685.0,8134.0,6680.333333333333,2023,11,24,4,26
2362.0,6555.0,4222.0,7685.0,6154.0,2023,12,28,3,27
6523.0,2362.0,6555.0,4222.0,4379.666666666667,2024,3,30,5,28
2575.0,6523.0,2362.0,6555.0,5146.666666666667,2024,6,14,4,29
2126.0,2575.0,6523.0,2362.0,3820.0,2024,6,26,2,30
8012.0,2126.0,2575.0,6523.0,3741.3333333333335,2024,7,31,2,31
6224.0,8870.0,9917.0,69344.0,29377.0,2021,4,16,4,3
2830.0,6224.0,8870.0,9917.0,8337.0,2021,4,26,0,4
3599.0,2830.0,6224.0,8870.0,5974.666666666667,2021,5,1,5,5
1589.0,3599.0,2830.0,6224.0,4217.666666666667,2021,6,16,2,6
4406.0,1589.0,3599.0,2830.0,2672.6666666666665,2021,7,30,4,7
162.0,4406.0,1589.0,3599.0,3198.0,2021,11,28,6,8
2622.0,162.0,4406.0,1589.0,2052.3333333333335,2022,1,14,4,9
70687.0,2622.0,162.0,4406.0,2396.6666666666665,2022,3,15,1,10
4980.0,70687.0,2622.0,162.0,24490.333333333332,2022,10,7,4,11
983.0,4980.0,70687.0,2622.0,26096.333333333332,2022,10,27,3,12
3201.0,983.0,4980.0,70687.0,25550.0,2022,11,6,6,13
8150.0,3201.0,983.0,4980.0,3054.6666666666665,2023,1,2,0,14
8520.0,8150.0,3201.0,983.0,4111.333333333333,2023,1,5,3,15
92.0,8520.0,8150.0,3201.0,6623.666666666667,2023,1,17,1,16
2050.0,92.0,8520.0,8150.0,5587.333333333333,2023,2,11,5,17
3409.0,2050.0,92.0,8520.0,3554.0,2023,2,18,5,18
4433.0,3409.0,2050.0,92.0,1850.3333333333333,2023,3,26,6,19
44674.0,4433.0,3409.0,2050.0,3297.3333333333335,2023,4,24,0,20
7288.0,44674.0,4433.0,3409.0,17505.333333333332,2023,6,10,5,21
28444.0,7288.0,44674.0,4433.0,18798.333333333332,2023,9,3,6,22
7877.0,28444.0,7288.0,44674.0,26802.0,2023,9,8,4,23
6073.0,7877.0,28444.0,7288.0,14536.333333333334,2023,10,21,5,24
8845.0,6073.0,7877.0,28444.0,14131.333333333334,2023,11,3,4,25
3432.0,8845.0,6073.0,7877.0,7598.333333333333,2023,11,26,6,26
2857.0,3432.0,8845.0,6073.0,6116.666666666667,2023,12,20,2,27
4198.0,2857.0,3432.0,8845.0,5044.666666666667,2024,1,31,2,28
9189.0,4198.0,2857.0,3432.0,3495.6666666666665,2024,3,13,2,29
6242.0,9189.0,4198.0,2857.0,5414.666666666667,2024,3,25,0,30
1941.0,6242.0,9189.0,4198.0,6543.0,2024,3,30,5,31
805.0,1941.0,6242.0,9189.0,5790.666666666667,2024,4,7,6,32
999999.0,805.0,1941.0,6242.0,2996.0,2024,4,11,3,33
3559.0,999999.0,805.0,1941.0,334248.3333333333,2024,5,7,1,34
3193.0,3559.0,999999.0,805.0,334787.6666666667,2024,6,29,5,35
46237.0,3193.0,3559.0,999999.0,335583.6666666667,2024,7,27,5,36
2578.0,46237.0,3193.0,3559.0,17663.0,2024,7,28,6,37
2115.0,2578.0,46237.0,3193.0,17336.0,2024,8,1,3,38
1434.0,2115.0,2578.0,46237.0,16976.666666666668,2024,8,13,1,39
8631.0,1810.0,7555.0,3210.0,4191.666666666667,2021,5,13,3,3
5160.0,8631.0,1810.0,7555.0,5998.666666666667,2021,6,17,3,4
9400.0,5160.0,8631.0,1810.0,5200.333333333333,2021,6,22,1,5
3426.0,9400.0,5160.0,8631.0,7730.333333333333,2021,7,2,4,6
2104.0,3426.0,9400.0,5160.0,5995.333333333333,2021,8,2,0,7
7235.0,2104.0,3426.0,9400.0,4976.666666666667,2021,8,7,5,8
17842.0,7235.0,2104.0,3426.0,4255.0,2021,8,18,2,9
46896.0,17842.0,7235.0,2104.0,9060.333333333334,2021,9,10,4,10
1630.0,46896.0,17842.0,7235.0,23991.0,2021,10,27,2,11
26827.0,1630.0,46896.0,17842.0,22122.666666666668,2021,11,8,0,12
56061.0,26827.0,1630.0,46896.0,25117.666666666668,2021,12,9,3,13
2647.0,56061.0,26827.0,1630.0,28172.666666666668,2022,3,20,6,14
1104.0,2647.0,56061.0,26827.0,28511.666666666668,2022,3,22,1,15
1322.0,1104.0,2647.0,56061.0,19937.333333333332,2022,3,28,0,16
1935.0,1322.0,1104.0,2647.0,1691.0,2022,3,29,1,17
999999.0,1935.0,1322.0,1104.0,1453.6666666666667,2022,5,16,0,18
8084.0,999999.0,1935.0,1322.0,334418.6666666667,2022,5,20,4,19
6641.0,8084.0,999999.0,1935.0,336672.6666666667,2022,6,24,4,20
8890.0,6641.0,8084.0,999999.0,338241.3333333333,2022,7,9,5,21
4923.0,8890.0,6641.0,8084.0,7871.666666666667,2022,7,13,2,22
39709.0,4923.0,8890.0,6641.0,6818.0,2022,9,1,3,23
7317.0,39709.0,4923.0,8890.0,17840.666666666668,2023,2,10,4,24
709.0,7317.0,39709.0,4923.0,17316.333333333332,2023,3,3,4,25
503.0,709.0,7317.0,39709.0,15911.666666666666,2023,4,6,3,26
8795.0,503.0,709.0,7317.0,2843.0,2023,4,15,5,27
7924.0,8795.0,503.0,709.0,3335.6666666666665,2023,8,1,1,28
13975.0,7924.0,8795.0,503.0,5740.666666666667,2023,10,18,2,29
1318.0,13975.0,7924.0,8795.0,10231.333333333334,2023,10,23,0,30
74161.0,1318.0,13975.0,7924.0,7739.0,2023,11,20,0,31
5756.0,74161.0,1318.0,13975.0,29818.0,2023,11,27,0,32
6332.0,5756.0,74161.0,1318.0,27078.333333333332,2024,1,1,0,33
2062.0,6332.0,5756.0,74161.0,28749.666666666668,2024,1,20,5,34
38623.0,2062.0,6332.0,5756.0,4716.666666666667,2024,2,10,5,35
2412.0,38623.0,2062.0,6332.0,15672.333333333334,2024,3,1,4,36
174.0,2412.0,38623.0,2062.0,14365.666666666666,2024,3,11,0,37
17794.0,174.0,2412.0,38623.0,13736.333333333334,2024,5,20,0,38
67153.0,17794.0,174.0,2412.0,6793.333333333333,2024,6,17,0,39
946934.0,67153.0,17794.0,174.0,28373.666666666668,2024,7,24,2,40
8609.0,946934.0,67153.0,17794.0,343960.3333333333,2024,9,4,2,41
5381.0,8609.0,946934.0,67153.0,340898.6666666667,2024,10,9,2,42
6996.0,69656.0,6196.0,50568.0,42140.0,2021,5,31,0,3
3695.0,6996.0,69656.0,6196.0,27616.0,2021,6,26,5,4
8144.0,3695.0,6996.0,69656.0,26782.333333333332,2021,7,16,4,5
5217.0,8144.0,3695.0,6996.0,6278.333333333333,2021,8,25,2,6
2093.0,5217.0,8144.0,3695.0,5685.333333333333,2021,12,25,5,7
78908.0,2093.0,5217.0,8144.0,5151.333333333333,2022,1,19,2,8
179.0,78908.0,2093.0,5217.0,28739.333333333332,2022,3,9,2,9
2678.0,179.0,78908.0,2093.0,27060.0,2022,5,13,4,10
2407.0,2678.0,179.0,78908.0,27255.0,2022,5,29,6,11
5718.0,2407.0,2678.0,179.0,1754.6666666666667,2022,6,1,2,12
2236.0,5718.0,2407.0,2678.0,3601.0,2022,9,7,2,13
3742.0,2236.0,5718.0,2407.0,3453.6666666666665,2022,10,14,4,14
3528.0,3742.0,2236.0,5718.0,3898.6666666666665,2022,11,2,2,15
51548.0,3528.0,3742.0,2236.0,3168.6666666666665,2022,11,14,0,16
8369.0,51548.0,3528.0,3742.0,19606.0,2022,12,13,1,17
7169.0,8369.0,51548.0,3528.0,21148.333333333332,2022,12,24,5,18
3785.0,7169.0,8369.0,51548.0,22362.0,2023,1,3,1,19
307.0,3785.0,7169.0,8369.0,6441.0,2023,1,15,6,20
5485.0,307.0,3785.0,7169.0,3753.6666666666665,2023,2,9,3,21
2196.0,5485.0,307.0,3785.0,3192.3333333333335,2023,6,16,4,22
9124.0,2196.0,5485.0,307.0,2662.6666666666665,2023,8,16,2,23
6170.0,9124.0,2196.0,5485.0,5601.666666666667,2023,8,16,2,24
4217.0,6170.0,9124.0,2196.0,5830.0,2023,8,23,2,25
3602.0,4217.0,6170.0,9124.0,6503.666666666667,2023,12,31,6,26
34284.0,3602.0,4217.0,6170.0,4663.0,2024,1,12,4,27
7712.0,34284.0,3602.0,4217.0,14034.333333333334,2024,2,3,5,28
1503.0,7712.0,34284.0,3602.0,15199.333333333334,2024,7,30,1,29
3459.0,1503.0,7712.0,34284.0,14499.666666666666,2024,9,11,2,30
5210.0,3459.0,1503.0,7712.0,4224.666666666667,2024,9,26,3,31
266.0,5210.0,3459.0,1503.0,3390.6666666666665,2024,10,21,0,32
49775.0,266.0,5210.0,3459.0,2978.3333333333335,2024,11,30,5,33
8335.0,49775.0,266.0,5210.0,18417.0,2024,12,9,0,34
1526.0,8335.0,49775.0,266.0,19458.666666666668,2024,12,29,6,35
780.0,3661.0,49741.0,5725.0,19709.0,2021,2,20,5,3
5033.0,780.0,3661.0,49741.0,18060.666666666668,2021,4,24,5,4
7738.0,5033.0,780.0,3661.0,3158.0,2021,5,14,4,5
13777.0,7738.0,5033.0,780.0,4517.0,2021,8,10,1,6
30015.0,13777.0,7738.0,5033.0,8849.333333333334,2021,11,12,4,7
79785.0,30015.0,13777.0,7738.0,17176.666666666668,2021,11,14,6,8
2222.0,79785.0,30015.0,13777.0,41192.333333333336,2021,12,8,2,9
513.0,2222.0,79785.0,30015.0,37340.666666666664,2021,12,16,3,10
3302.0,513.0,2222.0,79785.0,27506.666666666668,2021,12,28,1,11
1462.0,3302.0,513.0,2222.0,2012.3333333333333,2022,1,15,5,12
5609.0,1462.0,3302.0,513.0,1759.0,2022,3,5,5,13
9354.0,5609.0,1462.0,3302.0,3457.6666666666665,2022,5,28,5,14
4138.0,9354.0,5609.0,1462.0,5475.0,2022,6,6,0,15
6739.0,4138.0,9354.0,5609.0,6367.0,2022,6,8,2,16
2747.0,6739.0,4138.0,9354.0,6743.666666666667,2022,7,4,0,17
2838.0,2747.0,6739.0,4138.0,4541.333333333333,2022,8,30,1,18
2229.0,2838.0,2747.0,6739.0,4108.0,2022,9,24,5,19
8886.0,2229.0,2838.0,2747.0,2604.6666666666665,2022,10,27,3,20
5991.0,8886.0,2229.0,2838.0,4651.0,2022,12,6,1,21
8285.0,5991.0,8886.0,2229.0,5702.0,2023,2,5,6,22
18358.0,8285.0,5991.0,8886.0,7720.666666666667,2023,2,10,4,23
3153.0,18358.0,8285.0,5991.0,10878.0,2023,3,2,3,24
2000.0,3153.0,18358.0,8285.0,9932.0,2023,5,16,1,25
3230.0,2000.0,3153.0,18358.0,7837.0,2023,5,23,1,26
3427.0,3230.0,2000.0,3153.0,2794.3333333333335,2023,6,2,4,27
42030.0,3427.0,3230.0,2000.0,2885.6666666666665,2023,6,9,4,28
9934.0,42030.0,3427.0,3230.0,16229.0,2023,7,7,4,29
1705.0,9934.0,42030.0,3427.0,18463.666666666668,2023,7,24,0,30
8341.0,1705.0,9934.0,42030.0,17889.666666666668,2023,8,26,5,31
8457.0,8341.0,1705.0,9934.0,6660.0,2023,9,15,4,32
1200.0,8457.0,8341.0,1705.0,6167.666666666667,2023,9,16,5,33
10693.0,1200.0,8457.0,8341.0,5999.333333333333,2023,10,6,4,34
3391.0,10693.0,1200.0,8457.0,6783.333333333333,2023,11,2,3,35
731.0,3391.0,10693.0,1200.0,5094.666666666667,2023,11,4,5,36
3607.0,731.0,3391.0,10693.0,4938.333333333333,2023,11,17,4,37
6565.0,3607.0,731.0,3391.0,2576.3333333333335,2023,12,1,4,38
7560.0,6565.0,3607.0,731.0,3634.3333333333335,2024,1,7,6,39
2287.0,7560.0,6565.0,3607.0,5910.666666666667,2024,3,7,3,40
7215.0,2287.0,7560.0,6565.0,5470.666666666667,2024,3,26,1,41
1215.0,7215.0,2287.0,7560.0,5687.333333333333,2024,5,22,2,42
9166.0,1215.0,7215.0,2287.0,3572.3333333333335,2024,9,24,1,43
3822.0,9166.0,1215.0,7215.0,5865.333333333333,2024,10,4,4,44
39856.0,3822.0,9166.0,1215.0,4734.333333333333,2024,10,6,6,45
9896.0,39856.0,3822.0,9166.0,17614.666666666668,2024,10,15,1,46
9296.0,9896.0,39856.0,3822.0,17858.0,2024,10,30,2,47
4692.0,9296.0,9896.0,39856.0,19682.666666666668,2024,12,20,4,48
5116.0,4692.0,9296.0,9896.0,7961.333333333333,2024,12,22,6,49
1644.0,2543.0,9689.0,1528.0,4586.666666666667,2021,5,4,1,3
1141.0,1644.0,2543.0,9689.0,4625.333333333333,2021,6,15,1,4
4914.0,1141.0,1644.0,2543.0,1776.0,2021,8,11,2,5
64935.0,4914.0,1141.0,1644.0,2566.3333333333335,2021,8,26,3,6
3025.0,64935.0,4914.0,1141.0,23663.333333333332,2021,9,7,1,7
6517.0,3025.0,64935.0,4914.0,24291.333333333332,2021,9,21,1,8
227.0,6517.0,3025.0,64935.0,24825.666666666668,2021,11,18,3,9
47184.0,227.0,6517.0,3025.0,3256.3333333333335,2021,11,27,5,10
9767.0,47184.0,227.0,6517.0,17976.0,2021,12,20,0,11
515.0,9767.0,47184.0,227.0,19059.333333333332,2021,12,24,4,12
707.0,515.0,9767.0,47184.0,19155.333333333332,2021,12,27,0,13
3953.0,707.0,515.0,9767.0,3663.0,2022,3,28,0,14
7585.0,3953.0,707.0,515.0,1725.0,2022,6,24,4,15
1660.0,7585.0,3953.0,707.0,4081.6666666666665,2022,8,14,6,16
5459.0,1660.0,7585.0,3953.0,4399.333333333333,2022,8,19,4,17
3844.0,5459.0,1660.0,7585.0,4901.333333333333,2022,11,5,5,18
4556.0,3844.0,5459.0,1660.0,3654.3333333333335,2022,12,30,4,19
6946.0,4556.0,3844.0,5459.0,4619.666666666667,2023,1,3,1,20
5240.0,6946.0,4556.0,3844.0,5115.333333333333,2023,1,8,6,21
8088.0,5240.0,6946.0,4556.0,5580.666666666667,2023,1,21,5,22
2024.0,8088.0,5240.0,6946.0,6758.0,2023,2,11,5,23
1636.0,2024.0,8088.0,5240.0,5117.333333333333,2023,3,21,1,24
13033.0,1636.0,2024.0,8088.0,3916.0,2023,4,7,4,25
44834.0,13033.0,1636.0,2024.0,5564.333333333333,2023,4,30,6,26
2197.0,44834.0,13033.0,1636.0,19834.333333333332,2023,5,19,4,27
395.0,2197.0,44834.0,13033.0,20021.333333333332,2023,7,22,5,28
1317.0,395.0,2197.0,44834.0,15808.666666666666,2023,8,10,3,29
8528.0,1317.0,395.0,2197.0,1303.0,2023,10,31,1,30
1064.0,8528.0,1317.0,395.0,3413.3333333333335,2023,11,1,2,31
7539.0,1064.0,8528.0,1317.0,3636.3333333333335,2023,11,14,1,32
4076.0,7539.0,1064.0,8528.0,5710.333333333333,2023,11,15,2,33
45035.0,4076.0,7539.0,1064.0,4226.333333333333,2023,11,24,4,34
2741.0,45035.0,4076.0,7539.0,18883.333333333332,2023,12,12,1,35
9237.0,2741.0,45035.0,4076.0,17284.0,2024,1,9,1,36
460.0,9237.0,2741.0,45035.0,19004.333333333332,2024,2,15,3,37
1401.0,460.0,9237.0,2741.0,4146.0,2024,4,3,2,38
4699.0,1401.0,460.0,9237.0,3699.3333333333335,2024,4,16,1,39
6141.0,4699.0,1401.0,460.0,2186.6666666666665,2024,4,26,4,40
2049.0,6141.0,4699.0,1401.0,4080.3333333333335,2024,8,9,4,41
1062.0,2049.0,6141.0,4699.0,4296.333333333333,2024,10,1,1,42
2627.0,6530.0,2395.0,2234.0,3719.6666666666665,2021,3,21,6,3
25892.0,2627.0,6530.0,2395.0,3850.6666666666665,2021,4,11,6,4
9173.0,25892.0,2627.0,6530.0,11683.0,2021,8,9,0,5
77530.0,9173.0,25892.0,2627.0,12564.0,2021,9,18,5,6
504.0,77530.0,9173.0,25892.0,37531.666666666664,2021,9,30,3,7
1660.0,504.0,77530.0,9173.0,29069.0,2021,11,15,0,8
9734.0,1660.0,504.0,77530.0,26564.666666666668,2022,1,1,5,9
865.0,9734.0,1660.0,504.0,3966.0,2022,1,28,4,10
2063.0,865.0,9734.0,1660.0,4086.3333333333335,2022,3,30,2,11
2813.0,2063.0,865.0,9734.0,4220.666666666667,2022,4,25,0,12
31361.0,2813.0,2063.0,865.0,1913.6666666666667,2022,7,30,5,13
48000.0,31361.0,2813.0,2063.0,12079.0,2022,8,3,2,14
3054.0,48000.0,31361.0,2813.0,27391.333333333332,2022,8,5,4,15
9896.0,3054.0,48000.0,31361.0,27471.666666666668,2022,9,14,2,16
7244.0,9896.0,3054.0,48000.0,20316.666666666668,2022,10,8,5,17
5958.0,7244.0,9896.0,3054.0,6731.333333333333,2023,3,17,4,18
27579.0,5958.0,7244.0,9896.0,7699.333333333333,2023,3,22,2,19
45035.0,27579.0,5958.0,7244.0,13593.666666666666,2023,6,18,6,20
6730.0,45035.0,27579.0,5958.0,26190.666666666668,2023,7,1,5,21
1404.0,6730.0,45035.0,27579.0,26448.0,2023,8,20,6,22
7446.0,1404.0,6730.0,45035.0,17723.0,2023,10,19,3,23
125.0,7446.0,1404.0,6730.0,5193.333333333333,2024,1,14,6,24
2758.0,125.0,7446.0,1404.0,2991.6666666666665,2024,1,16,1,25
4828.0,2758.0,125.0,7446.0,3443.0,2024,2,23,4,26
6055.0,4828.0,2758.0,125.0,2570.3333333333335,2024,2,26,0,27
7181.0,6055.0,4828.0,2758.0,4547.0,2024,4,1,0,28
2274.0,7181.0,6055.0,4828.0,6021.333333333333,2024,5,3,4,29
6639.0,2274.0,7181.0,6055.0,5170.0,2024,5,5,6,30
6372.0,6639.0,2274.0,7181.0,5364.666666666667,2024,5,25,5,31
2957.0,6372.0,6639.0,2274.0,5095.0,2024,5,29,2,32
13166.0,2957.0,6372.0,6639.0,5322.666666666667,2024,7,3,2,33
6312.0,65697.0,32514.0,5944.0,34718.333333333336,2021,8,29,6,3
3723.0,6312.0,65697.0,32514.0,34841.0,2021,9,28,1,4
24421.0,3723.0,6312.0,65697.0,25244.0,2021,10,16,5,5
15549.0,24421.0,3723.0,6312.0,11485.333333333334,2021,11,8,0,6
9664.0,15549.0,24421.0,3723.0,14564.333333333334,2021,12,19,6,7
46178.0,9664.0,15549.0,24421.0,16544.666666666668,2022,3,13,6,8
9886.0,46178.0,9664.0,15549.0,23797.0,2022,4,5,1,9
30535.0,9886.0,46178.0,9664.0,21909.333333333332,2022,5,31,1,10
3346.0,30535.0,9886.0,46178.0,28866.333333333332,2022,8,19,4,11
4643.0,3346.0,30535.0,9886.0,14589.0,2022,9,4,6,12
29568.0,4643.0,3346.0,30535.0,12841.333333333334,2022,10,3,0,13
37626.0,29568.0,4643.0,3346.0,12519.0,2022,12,10,5,14
7859.0,37626.0,29568.0,4643.0,23945.666666666668,2023,1,3,1,15
1453.0,7859.0,37626.0,29568.0,25017.666666666668,2023,1,22,6,16
5313.0,1453.0,7859.0,37626.0,15646.0,2023,2,7,1,17
2317.0,5313.0,1453.0,7859.0,4875.0,2023,2,17,4,18
5252.0,2317.0,5313.0,1453.0,3027.6666666666665,2023,2,22,2,19
419.0,5252.0,2317.0,5313.0,4294.0,2023,3,14,1,20
7894.0,419.0,5252.0,2317.0,2662.6666666666665,2023,5,17,2,21
8130.0,7894.0,419.0,5252.0,4521.666666666667,2023,5,23,1,22
1240.0,8130.0,7894.0,419.0,5481.0,2023,6,29,3,23
7373.0,1240.0,8130.0,7894.0,5754.666666666667,2023,7,8,5,24
9116.0,7373.0,1240.0,8130.0,5581.0,2023,7,14,4,25
7836.0,9116.0,7373.0,1240.0,5909.666666666667,2023,9,28,3,26
2572.0,7836.0,9116.0,7373.0,8108.333333333333,2023,10,19,3,27
9403.0,2572.0,7836.0,9116.0,6508.0,2023,11,29,2,28
4122.0,9403.0,2572.0,7836.0,6603.666666666667,2023,12,7,3,29
3045.0,4122.0,9403.0,2572.0,5365.666666666667,2023,12,18,0,30
16746.0,3045.0,4122.0,9403.0,5523.333333333333,2024,1,18,3,31
5302.0,16746.0,3045.0,4122.0,7971.0,2024,3,11,0,32
6327.0,5302.0,16746.0,3045.0,8364.333333333334,2024,3,20,2,33
7463.0,6327.0,5302.0,16746.0,9458.333333333334,2024,4,12,4,34
4088.0,7463.0,6327.0,5302.0,6364.0,2024,5,18,5,35
6402.0,4088.0,7463.0,6327.0,5959.333333333333,2024,6,5,2,36
9703.0,6402.0,4088.0,7463.0,5984.333333333333,2024,6,7,4,37
9358.0,9703.0,6402.0,4088.0,6731.0,2024,7,26,4,38
30978.0,9358.0,9703.0,6402.0,8487.666666666666,2024,8,9,4,39
60670.0,30978.0,9358.0,9703.0,16679.666666666668,2024,8,22,3,40
356.0,60670.0,30978.0,9358.0,33668.666666666664,2024,11,10,6,41
7604.0,356.0,60670.0,30978.0,30668.0,2024,11,11,0,42
2367.0,7604.0,356.0,60670.0,22876.666666666668,2024,12,19,3,43
4923.0,2367.0,7604.0,356.0,3442.3333333333335,2024,12,24,1,44
3972.0,70142.0,12864.0,67519.0,50175.0,2021,7,20,1,3
8219.0,3972.0,70142.0,12864.0,28992.666666666668,2021,8,6,4,4
2783.0,8219.0,3972.0,70142.0,27444.333333333332,2021,8,9,0,5
3247.0,2783.0,8219.0,3972.0,4991.333333333333,2021,8,15,6,6
3335.0,3247.0,2783.0,8219.0,4749.666666666667,2021,9,25,5,7
864.0,3335.0,3247.0,2783.0,3121.6666666666665,2021,10,31,6,8
32153.0,864.0,3335.0,3247.0,2482.0,2022,5,1,6,9
4765.0,32153.0,864.0,3335.0,12117.333333333334,2022,6,8,2,10
8144.0,4765.0,32153.0,864.0,12594.0,2022,6,23,3,11
6381.0,8144.0,4765.0,32153.0,15020.666666666666,2022,8,12,4,12
2323.0,6381.0,8144.0,4765.0,6430.0,2022,11,15,1,13
39313.0,2323.0,6381.0,8144.0,5616.0,2022,12,1,3,14
6188.0,39313.0,2323.0,6381.0,16005.666666666666,2023,1,20,4,15
7054.0,6188.0,39313.0,2323.0,15941.333333333334,2023,2,3,4,16
4680.0,7054.0,6188.0,39313.0,17518.333333333332,2023,3,22,2,17
2137.0,4680.0,7054.0,6188.0,5974.0,2023,4,29,5,18
2243.0,2137.0,4680.0,7054.0,4623.666666666667,2023,5,26,4,19
6187.0,2243.0,2137.0,4680.0,3020.0,2023,9,30,5,20
945687.0,6187.0,2243.0,2137.0,3522.3333333333335,2023,11,14,1,21
502.0,945687.0,6187.0,2243.0,318039.0,2023,11,20,0,22
3123.0,502.0,945687.0,6187.0,317458.6666666667,2023,12,14,3,23
722.0,3123.0,502.0,945687.0,316437.3333333333,2024,3,6,2,24
16728.0,722.0,3123.0,502.0,1449.0,2024,4,22,0,25
8760.0,16728.0,722.0,3123.0,6857.666666666667,2024,5,6,0,26
742.0,8760.0,16728.0,722.0,8736.666666666666,2024,7,23,1,27
4230.0,742.0,8760.0,16728.0,8743.333333333334,2024,9,28,5,28
2286.0,4230.0,742.0,8760.0,4577.333333333333,2024,10,21,0,29
5713.0,4275.0,4022.0,4652.0,4316.333333333333,2021,6,6,6,3
6778.0,5713.0,4275.0,4022.0,4670.0,2021,6,15,1,4
15810.0,6778.0,5713.0,4275.0,5588.666666666667,2021,6,21,0,5
4117.0,15810.0,6778.0,5713.0,9433.666666666666,2021,9,1,2,6
17265.0,4117.0,15810.0,6778.0,8901.666666666666,2021,11,21,6,7
4723.0,17265.0,4117.0,15810.0,12397.333333333334,2022,3,4,4,8
4040.0,4723.0,17265.0,4117.0,8701.666666666666,2022,4,3,6,9
4406.0,4040.0,4723.0,17265.0,8676.0,2022,5,5,3,10
9049.0,4406.0,4040.0,4723.0,4389.666666666667,2022,8,4,3,11
1267.0,9049.0,4406.0,4040.0,5831.666666666667,2022,8,28,6,12
4221.0,1267.0,9049.0,4406.0,4907.333333333333,2022,10,4,1,13
7280.0,4221.0,1267.0,9049.0,4845.666666666667,2022,10,8,5,14
4497.0,7280.0,4221.0,1267.0,4256.0,2022,12,1,3,15
8343.0,4497.0,7280.0,4221.0,5332.666666666667,2023,1,16,0,16
984.0,8343.0,4497.0,7280.0,6706.666666666667,2023,5,10,2,17
9155.0,984.0,8343.0,4497.0,4608.0,2023,8,4,4,18
6628.0,9155.0,984.0,8343.0,6160.666666666667,2023,8,17,3,19
4367.0,6628.0,9155.0,984.0,5589.0,2023,10,17,1,20
9457.0,4367.0,6628.0,9155.0,6716.666666666667,2024,1,3,2,21
41199.0,9457.0,4367.0,6628.0,6817.333333333333,2024,2,24,5,22
3319.0,41199.0,9457.0,4367.0,18341.0,2024,3,11,0,23
4766.0,3319.0,41199.0,9457.0,17991.666666666668,2024,4,6,5,24
2959.0,4766.0,3319.0,41199.0,16428.0,2024,6,16,6,25
15950.0,2959.0,4766.0,3319.0,3681.3333333333335,2024,7,27,5,26
8170.0,22907.0,1373.0,3871.0,9383.666666666666,2021,10,7,3,3
8017.0,8170.0,22907.0,1373.0,10816.666666666666,2021,10,17,6,4
5210.0,8017.0,8170.0,22907.0,13031.333333333334,2022,1,7,4,5
38999.0,5210.0,8017.0,8170.0,7132.333333333333,2022,1,24,0,6
6089.0,38999.0,5210.0,8017.0,17408.666666666668,2022,2,8,1,7
9527.0,6089.0,38999.0,5210.0,16766.0,2022,4,11,0,8
9973.0,9527.0,6089.0,38999.0,18205.0,2022,5,16,0,9
3297.0,9973.0,9527.0,6089.0,8529.666666666666,2022,6,5,6,10
6632.0,3297.0,9973.0,9527.0,7599.0,2022,7,5,1,11
1617.0,6632.0,3297.0,9973.0,6634.0,2022,8,5,4,12
1883.0,1617.0,6632.0,3297.0,3848.6666666666665,2022,8,13,5,13
5827.0,1883.0,1617.0,6632.0,3377.3333333333335,2022,8,19,4,14
7917.0,5827.0,1883.0,1617.0,3109.0,2022,8,27,5,15
8559.0,7917.0,5827.0,1883.0,5209.0,2022,9,5,0,16
3952.0,8559.0,7917.0,5827.0,7434.333333333333,2022,10,11,1,17
5485.0,3952.0,8559.0,7917.0,6809.333333333333,2022,12,4,6,18
2280.0,5485.0,3952.0,8559.0,5998.666666666667,2023,1,14,5,19
35570.0,2280.0,5485.0,3952.0,3905.6666666666665,2023,1,15,6,20
1568.0,35570.0,2280.0,5485.0,14445.0,2023,2,5,6,21
8104.0,1568.0,35570.0,2280.0,13139.333333333334,2023,2,15,2,22
4601.0,8104.0,1568.0,35570.0,15080.666666666666,2023,4,28,4,23
2242.0,4601.0,8104.0,1568.0,4757.666666666667,2023,6,1,3,24
47498.0,2242.0,4601.0,8104.0,4982.333333333333,2023,7,10,0,25
8719.0,47498.0,2242.0,4601.0,18113.666666666668,2023,10,8,6,26
8434.0,8719.0,47498.0,2242.0,19486.333333333332,2023,12,6,2,27
1955.0,8434.0,8719.0,47498.0,21550.333333333332,2023,12,19,1,28
744.0,1955.0,8434.0,8719.0,6369.333333333333,2024,1,21,6,29
2535.0,744.0,1955.0,8434.0,3711.0,2024,2,5,0,30
6928.0,2535.0,744.0,1955.0,1744.6666666666667,2024,2,11,6,31
728.0,6928.0,2535.0,744.0,3402.3333333333335,2024,3,19,1,32
8216.0,728.0,6928.0,2535.0,3397.0,2024,4,6,5,33
8928.0,8216.0,728.0,6928.0,5290.666666666667,2024,5,5,6,34
3484.0,8928.0,8216.0,728.0,5957.333333333333,2024,5,27,0,35
1003.0,3484.0,8928.0,8216.0,6876.0,2024,6,2,6,36
1967.0,1003.0,3484.0,8928.0,4471.666666666667,2024,9,11,2,37
730.0,1967.0,1003.0,3484.0,2151.3333333333335,2024,10,16,2,38
2819.0,8171.0,367.0,33308.0,13948.666666666666,2021,8,23,0,3
8652.0,2819.0,8171.0,367.0,3785.6666666666665,2021,8,29,6,4
1153.0,8652.0,2819.0,8171.0,6547.333333333333,2022,1,3,0,5
629.0,1153.0,8652.0,2819.0,4208.0,2022,1,17,0,6
3222.0,629.0,1153.0,8652.0,3478.0,2022,3,21,0,7
1456.0,3222.0,629.0,1153.0,1668.0,2022,4,28,3,8
20396.0,1456.0,3222.0,629.0,1769.0,2022,5,14,5,9
3113.0,20396.0,1456.0,3222.0,8358.0,2022,6,16,3,10
1301.0,3113.0,20396.0,1456.0,8321.666666666666,2022,6,22,2,11
63429.0,1301.0,3113.0,20396.0,8270.0,2022,7,11,0,12
22720.0,63429.0,1301.0,3113.0,22614.333333333332,2022,7,19,1,13
7644.0,22720.0,63429.0,1301.0,29150.0,2022,9,25,6,14
1938.0,7644.0,22720.0,63429.0,31264.333333333332,2022,11,5,5,15
5257.0,1938.0,7644.0,22720.0,10767.333333333334,2022,11,18,4,16
7598.0,5257.0,1938.0,7644.0,4946.333333333333,2022,11,22,1,17
56773.0,7598.0,5257.0,1938.0,4931.0,2022,12,4,6,18
12318.0,56773.0,7598.0,5257.0,23209.333333333332,2023,1,30,0,19
16826.0,12318.0,56773.0,7598.0,25563.0,2023,2,16,3,20
3746.0,16826.0,12318.0,56773.0,28639.0,2023,3,17,4,21
3960.0,3746.0,16826.0,12318.0,10963.333333333334,2023,3,25,5,22
8892.0,3960.0,3746.0,16826.0,8177.333333333333,2023,7,27,3,23
1868.0,8892.0,3960.0,3746.0,5532.666666666667,2023,8,2,2,24
2411.0,1868.0,8892.0,3960.0,4906.666666666667,2023,10,17,1,25
1398.0,2411.0,1868.0,8892.0,4390.333333333333,2023,11,20,0,26
3106.0,1398.0,2411.0,1868.0,1892.3333333333333,2024,1,3,2,27
17575.0,3106.0,1398.0,2411.0,2305.0,2024,3,21,3,28
8284.0,17575.0,3106.0,1398.0,7359.666666666667,2024,4,17,2,29
4518.0,8284.0,17575.0,3106.0,9655.0,2024,6,11,1,30
3023.0,4518.0,8284.0,17575.0,10125.666666666666,2024,7,2,1,31
41028.0,3023.0,4518.0,8284.0,5275.0,2024,7,4,3,32
7288.0,41028.0,3023.0,4518.0,16189.666666666666,2024,7,10,2,33
58524.0,7288.0,41028.0,3023.0,17113.0,2024,7,11,3,34
61673.0,58524.0,7288.0,41028.0,35613.333333333336,2024,10,14,0,35
2092.0,61673.0,58524.0,7288.0,42495.0,2024,11,7,3,36
4737.0,2092.0,61673.0,58524.0,40763.0,2024,11,16,5,37
3386.0,4737.0,2092.0,61673.0,22834.0,2024,11,28,3,38
892217.0,3386.0,4737.0,2092.0,3405.0,2024,12,5,3,39
9784.0,699.0,44598.0,5866.0,17054.333333333332,2021,6,25,4,3
4395.0,9784.0,699.0,44598.0,18360.333333333332,2021,6,26,5,4
2717.0,4395.0,9784.0,699.0,4959.333333333333,2021,7,2,4,5
8981.0,2717.0,4395.0,9784.0,5632.0,2021,7,30,4,6
6780.0,8981.0,2717.0,4395.0,5364.333333333333,2021,7,31,5,7
55365.0,6780.0,8981.0,2717.0,6159.333333333333,2021,12,15,2,8
2142.0,55365.0,6780.0,8981.0,23708.666666666668,2022,5,10,1,9
2765.0,2142.0,55365.0,6780.0,21429.0,2022,6,22,2,10
5196.0,2765.0,2142.0,55365.0,20090.666666666668,2022,7,9,5,11
8403.0,5196.0,2765.0,2142.0,3367.6666666666665,2022,7,9,5,12
9335.0,8403.0,5196.0,2765.0,5454.666666666667,2022,8,27,5,13
8062.0,9335.0,8403.0,5196.0,7644.666666666667,2022,11,2,2,14
2143.0,8062.0,9335.0,8403.0,8600.0,2022,12,25,6,15
6456.0,2143.0,8062.0,9335.0,6513.333333333333,2023,9,23,5,16
2165.0,6456.0,2143.0,8062.0,5553.666666666667,2023,11,3,4,17
75385.0,2165.0,6456.0,2143.0,3588.0,2023,11,26,6,18
5105.0,75385.0,2165.0,6456.0,28002.0,2023,12,1,4,19
4697.0,5105.0,75385.0,2165.0,27551.666666666668,2023,12,10,6,20
59283.0,4697.0,5105.0,75385.0,28395.666666666668,2024,1,16,1,21
5409.0,59283.0,4697.0,5105.0,23028.333333333332,2024,2,17,5,22
5713.0,5409.0,59283.0,4697.0,23129.666666666668,2024,3,11,0,23
71894.0,5713.0,5409.0,59283.0,23468.333333333332,2024,4,14,6,24
6488.0,71894.0,5713.0,5409.0,27672.0,2024,4,19,4,25
941.0,6488.0,71894.0,5713.0,28031.666666666668,2024,8,27,1,26
5683.0,941.0,6488.0,71894.0,26441.0,2024,8,30,4,27
1515.0,5683.0,941.0,6488.0,4370.666666666667,2024,9,23,0,28
6445.0,1515.0,5683.0,941.0,2713.0,2024,11,7,3,29
603.0,6445.0,1515.0,5683.0,4547.666666666667,2024,12,8,6,30
28632.0,603.0,6445.0,1515.0,2854.3333333333335,2024,12,18,2,31
2727.0,28632.0,603.0,6445.0,11893.333333333334,2024,12,22,6,32
7457.0,2892.0,5120.0,9427.0,5813.0,2021,3,19,4,3
2615.0,7457.0,2892.0,5120.0,5156.333333333333,2021,4,24,5,4
7003.0,2615.0,7457.0,2892.0,4321.333333333333,2021,9,2,3,5
8723.0,7003.0,2615.0,7457.0,5691.666666666667,2021,9,19,6,6
5982.0,8723.0,7003.0,2615.0,6113.666666666667,2021,12,28,1,7
1663.0,5982.0,8723.0,7003.0,7236.0,2022,1,25,1,8
3754.0,1663.0,5982.0,8723.0,5456.0,2022,2,25,4,9
4341.0,3754.0,1663.0,5982.0,3799.6666666666665,2022,3,24,3,10
4385.0,4341.0,3754.0,1663.0,3252.6666666666665,2022,3,29,1,11
4550.0,4385.0,4341.0,3754.0,4160.0,2022,4,12,1,12
2186.0,4550.0,4385.0,4341.0,4425.333333333333,2022,5,31,1,13
9364.0,2186.0,4550.0,4385.0,3707.0,2022,7,12,1,14
3462.0,9364.0,2186.0,4550.0,5366.666666666667,2022,7,19,1,15
1004.0,3462.0,9364.0,2186.0,5004.0,2022,8,18,3,16
2134.0,1004.0,3462.0,9364.0,4610.0,2022,9,21,2,17
3159.0,2134.0,1004.0,3462.0,2200.0,2022,12,12,0,18
4017.0,3159.0,2134.0,1004.0,2099.0,2023,3,17,4,19
9648.0,4017.0,3159.0,2134.0,3103.3333333333335,2023,5,27,5,20
8097.0,9648.0,4017.0,3159.0,5608.0,2023,7,28,4,21
1706.0,8097.0,9648.0,4017.0,7254.0,2023,8,20,6,22
2238.0,1706.0,8097.0,9648.0,6483.666666666667,2023,11,28,1,23
2701.0,2238.0,1706.0,8097.0,4013.6666666666665,2024,2,7,2,24
5280.0,2701.0,2238.0,1706.0,2215.0,2024,6,25,1,25
48693.0,5280.0,2701.0,2238.0,3406.3333333333335,2024,7,1,0,26
39095.0,48693.0,5280.0,2701.0,18891.333333333332,2024,8,11,6,27
9236.0,39095.0,48693.0,5280.0,31022.666666666668,2024,9,19,3,28
9188.0,9236.0,39095.0,48693.0,32341.333333333332,2024,10,27,6,29
1417.0,2343.0,72704.0,4192.0,26413.0,2021,2,24,2,3
46587.0,1417.0,2343.0,72704.0,25488.0,2021,3,13,5,4
1651.0,46587.0,1417.0,2343.0,16782.333333333332,2021,9,22,2,5
8914.0,1651.0,46587.0,1417.0,16551.666666666668,2021,12,23,3,6
2162.0,8914.0,1651.0,46587.0,19050.666666666668,2022,1,10,0,7
11292.0,2162.0,8914.0,1651.0,4242.333333333333,2022,1,12,2,8
7550.0,11292.0,2162.0,8914.0,7456.0,2022,1,12,2,9
1996.0,7550.0,11292.0,2162.0,7001.333333333333,2022,2,6,6,10
7173.0,1996.0,7550.0,11292.0,6946.0,2022,2,22,1,11
39198.0,7173.0,1996.0,7550.0,5573.0,2022,3,30,2,12
8214.0,39198.0,7173.0,1996.0,16122.333333333334,2022,5,3,1,13
3835.0,8214.0,39198.0,7173.0,18195.0,2022,5,3,1,14
934.0,3835.0,8214.0,39198.0,17082.333333333332,2022,8,31,2,15
11408.0,934.0,3835.0,8214.0,4327.666666666667,2022,11,12,5,16
8167.0,11408.0,934.0,3835.0,5392.333333333333,2022,12,11,6,17
45305.0,8167.0,11408.0,934.0,6836.333333333333,2023,4,2,6,18
2829.0,45305.0,8167.0,11408.0,21626.666666666668,2023,5,4,3,19
9634.0,2829.0,45305.0,8167.0,18767.0,2023,6,22,3,20
4012.0,9634.0,2829.0,45305.0,19256.0,2023,7,13,3,21
2217.0,4012.0,9634.0,2829.0,5491.666666666667,2023,8,15,1,22
7529.0,2217.0,4012.0,9634.0,5287.666666666667,2023,9,5,1,23
8191.0,7529.0,2217.0,4012.0,4586.0,2023,12,29,4,24
64602.0,8191.0,7529.0,2217.0,5979.0,2024,2,29,3,25
78341.0,64602.0,8191.0,7529.0,26774.0,2024,4,17,2,26
9040.0,78341.0,64602.0,8191.0,50378.0,2024,5,17,4,27
2970.0,9040.0,78341.0,64602.0,50661.0,2024,8,11,6,28
7933.0,2970.0,9040.0,78341.0,30117.0,2024,8,15,3,29
28908.0,7933.0,2970.0,9040.0,6647.666666666667,2024,10,21,0,30
9465.0,9968.0,2174.0,33639.0,15260.333333333334,2021,7,14,2,3
66865.0,9465.0,9968.0,2174.0,7202.333333333333,2021,10,31,6,4
526.0,66865.0,9465.0,9968.0,28766.0,2022,2,27,6,5
1476.0,526.0,66865.0,9465.0,25618.666666666668,2022,3,1,1,6
25754.0,1476.0,526.0,66865.0,22955.666666666668,2022,3,17,3,7
1548.0,25754.0,1476.0,526.0,9252.0,2022,3,30,2,8
9507.0,1548.0,25754.0,1476.0,9592.666666666666,2022,4,9,5,9
52079.0,9507.0,1548.0,25754.0,12269.666666666666,2022,7,11,0,10
8786.0,52079.0,9507.0,1548.0,21044.666666666668,2022,12,7,2,11
17147.0,8786.0,52079.0,9507.0,23457.333333333332,2022,12,10,5,12
2016.0,17147.0,8786.0,52079.0,26004.0,2023,1,31,1,13
5552.0,2016.0,17147.0,8786.0,9316.333333333334,2023,2,16,3,14
4525.0,5552.0,2016.0,17147.0,8238.333333333334,2023,3,8,2,15
2905.0,4525.0,5552.0,2016.0,4031.0,2023,3,25,5,16
3657.0,2905.0,4525.0,5552.0,4327.333333333333,2023,5,2,1,17
2129.0,3657.0,2905.0,4525.0,3695.6666666666665,2023,6,9,4,18
5075.0,2129.0,3657.0,2905.0,2897.0,2023,7,9,6,19
5900.0,5075.0,2129.0,3657.0,3620.3333333333335,2023,7,20,3,20
8669.0,5900.0,5075.0,2129.0,4368.0,2023,8,4,4,21
57643.0,8669.0,5900.0,5075.0,6548.0,2023,8,12,5,22
56655.0,57643.0,8669.0,5900.0,24070.666666666668,2023,9,16,5,23
1182.0,56655.0,57643.0,8669.0,40989.0,2024,2,10,5,24
3674.0,1182.0,56655.0,57643.0,38493.333333333336,2024,3,24,6,25
6488.0,3674.0,1182.0,56655.0,20503.666666666668,2024,6,14,4,26
8162.0,6488.0,3674.0,1182.0,3781.3333333333335,2024,6,17,0,27
6035.0,8162.0,6488.0,3674.0,6108.0,2024,6,20,3,28
71695.0,6035.0,8162.0,6488.0,6895.0,2024,6,28,4,29
4749.0,71695.0,6035.0,8162.0,28630.666666666668,2024,7,4,3,30
1973.0,4749.0,71695.0,6035.0,27493.0,2024,8,28,2,31
4761.0,1973.0,4749.0,71695.0,26139.0,2024,9,23,0,32
16713.0,4761.0,1973.0,4749.0,3827.6666666666665,2024,9,24,1,33
7355.0,16713.0,4761.0,1973.0,7815.666666666667,2024,10,18,4,34
7494.0,49683.0,33121.0,3273.0,28692.333333333332,2021,3,31,2,3
4888.0,7494.0,49683.0,33121.0,30099.333333333332,2021,4,29,3,4
7697.0,4888.0,7494.0,49683.0,20688.333333333332,2021,5,28,4,5
3987.0,7697.0,4888.0,7494.0,6693.0,2021,6,4,4,6
5119.0,3987.0,7697.0,4888.0,5524.0,2021,6,6,6,7
1514.0,5119.0,3987.0,7697.0,5601.0,2021,11,28,6,8
4978.0,1514.0,5119.0,3987.0,3540.0,2021,12,15,2,9
12054.0,4978.0,1514.0,5119.0,3870.3333333333335,2022,1,7,4,10
4945.0,12054.0,4978.0,1514.0,6182.0,2022,5,17,1,11
5201.0,4945.0,12054.0,4978.0,7325.666666666667,2022,7,20,2,12
9028.0,5201.0,4945.0,12054.0,7400.0,2023,5,21,6,13
12254.0,9028.0,5201.0,4945.0,6391.333333333333,2023,8,14,0,14
622.0,12254.0,9028.0,5201.0,8827.666666666666,2023,8,26,5,15
9577.0,622.0,12254.0,9028.0,7301.333333333333,2023,9,16,5,16
58231.0,9577.0,622.0,12254.0,7484.333333333333,2023,11,29,2,17
8470.0,58231.0,9577.0,622.0,22810.0,2023,12,8,4,18
5391.0,8470.0,58231.0,9577.0,25426.0,2024,1,11,3,19
3414.0,5391.0,8470.0,58231.0,24030.666666666668,2024,3,9,5,20
21376.0,3414.0,5391.0,8470.0,5758.333333333333,2024,3,10,6,21
43714.0,21376.0,3414.0,5391.0,10060.333333333334,2024,3,17,6,22
1925.0,43714.0,21376.0,3414.0,22834.666666666668,2024,4,18,3,23
46614.0,1925.0,43714.0,21376.0,22338.333333333332,2024,5,11,5,24
999999.0,46614.0,1925.0,43714.0,30751.0,2024,8,13,1,25
9308.0,999999.0,46614.0,1925.0,349512.6666666667,2024,8,22,3,26
68142.0,9308.0,999999.0,46614.0,351973.6666666667,2024,10,3,3,27
1383.0,8624.0,72923.0,737.0,27428.0,2021,3,20,5,3
42810.0,1383.0,8624.0,72923.0,27643.333333333332,2021,6,3,3,4
7710.0,42810.0,1383.0,8624.0,17605.666666666668,2021,6,18,4,5
8026.0,7710.0,42810.0,1383.0,17301.0,2021,7,21,2,6
3813.0,8026.0,7710.0,42810.0,19515.333333333332,2021,8,5,3,7
9794.0,3813.0,8026.0,7710.0,6516.333333333333,2021,10,9,5,8
5453.0,9794.0,3813.0,8026.0,7211.0,2021,10,17,6,9
937.0,5453.0,9794.0,3813.0,6353.333333333333,2021,10,19,1,10
23592.0,937.0,5453.0,9794.0,5394.666666666667,2021,11,13,5,11
26342.0,23592.0,937.0,5453.0,9994.0,2021,11,24,2,12
1852.0,26342.0,23592.0,937.0,16957.0,2021,12,16,3,13
7821.0,1852.0,26342.0,23592.0,17262.0,2022,1,14,4,14
4097.0,7821.0,1852.0,26342.0,12005.0,2022,2,9,2,15
6365.0,4097.0,7821.0,1852.0,4590.0,2022,5,17,1,16
9408.0,6365.0,4097.0,7821.0,6094.333333333333,2022,6,7,1,17
55483.0,9408.0,6365.0,4097.0,6623.333333333333,2022,9,2,4,18
3076.0,55483.0,9408.0,6365.0,23752.0,2022,10,4,1,19
7838.0,3076.0,55483.0,9408.0,22655.666666666668,2022,11,5,5,20
9789.0,7838.0,3076.0,55483.0,22132.333333333332,2022,11,15,1,21
6677.0,9789.0,7838.0,3076.0,6901.0,2022,11,26,5,22
9078.0,6677.0,9789.0,7838.0,8101.333333333333,2023,3,12,6,23
55112.0,9078.0,6677.0,9789.0,8514.666666666666,2023,3,20,0,24
314.0,55112.0,9078.0,6677.0,23622.333333333332,2023,4,30,6,25
8500.0,314.0,55112.0,9078.0,21501.333333333332,2023,5,29,0,26
9618.0,8500.0,314.0,55112.0,21308.666666666668,2023,8,11,4,27
1290.0,9618.0,8500.0,314.0,6144.0,2023,10,3,1,28
5447.0,1290.0,9618.0,8500.0,6469.333333333333,2024,1,8,0,29
8034.0,5447.0,1290.0,9618.0,5451.666666666667,2024,1,29,0,30
6208.0,8034.0,5447.0,1290.0,4923.666666666667,2024,3,17,6,31
2092.0,6208.0,8034.0,5447.0,6563.0,2024,11,9,5,32
7287.0,2092.0,6208.0,8034.0,5444.666666666667,2024,12,2,0,33
6857.0,4398.0,1211.0,8853.0,4820.666666666667,2021,7,22,3,3
7812.0,6857.0,4398.0,1211.0,4155.333333333333,2021,8,21,5,4
9586.0,7812.0,6857.0,4398.0,6355.666666666667,2021,10,5,1,5
56416.0,9586.0,7812.0,6857.0,8085.0,2021,10,31,6,6
2214.0,56416.0,9586.0,7812.0,24604.666666666668,2021,10,31,6,7
666707.0,2214.0,56416.0,9586.0,22738.666666666668,2021,11,6,5,8
3775.0,666707.0,2214.0,56416.0,241779.0,2021,12,4,5,9
655.0,3775.0,666707.0,2214.0,224232.0,2022,1,10,0,10
2943.0,655.0,3775.0,666707.0,223712.33333333334,2022,1,18,1,11
9282.0,2943.0,655.0,3775.0,2457.6666666666665,2022,3,7,0,12
2787.0,9282.0,2943.0,655.0,4293.333333333333,2022,3,25,4,13
2417.0,2787.0,9282.0,2943.0,5004.0,2022,9,1,3,14
9511.0,2417.0,2787.0,9282.0,4828.666666666667,2022,9,16,4,15
2106.0,9511.0,2417.0,2787.0,4905.0,2022,10,1,5,16
7836.0,2106.0,9511.0,2417.0,4678.0,2022,11,7,0,17
52172.0,7836.0,2106.0,9511.0,6484.333333333333,2022,12,17,5,18
6173.0,52172.0,7836.0,2106.0,20704.666666666668,2023,3,3,4,19
6142.0,6173.0,52172.0,7836.0,22060.333333333332,2023,5,27,5,20
999999.0,6142.0,6173.0,52172.0,21495.666666666668,2023,6,22,3,21
3186.0,999999.0,6142.0,6173.0,337438.0,2023,6,27,1,22
58544.0,3186.0,999999.0,6142.0,336442.3333333333,2023,7,31,0,23
25115.0,58544.0,3186.0,999999.0,353909.6666666667,2023,8,27,6,24
659.0,25115.0,58544.0,3186.0,28948.333333333332,2023,8,29,1,25
819.0,659.0,25115.0,58544.0,28106.0,2023,10,24,1,26
3891.0,819.0,659.0,25115.0,8864.333333333334,2023,11,9,3,27
48899.0,3891.0,819.0,659.0,1789.6666666666667,2023,12,10,6,28
2416.0,48899.0,3891.0,819.0,17869.666666666668,2023,12,14,3,29
8715.0,2416.0,48899.0,3891.0,18402.0,2023,12,22,4,30
8372.0,8715.0,2416.0,48899.0,20010.0,2024,1,18,3,31
4851.0,8372.0,8715.0,2416.0,6501.0,2024,2,2,4,32
74617.0,4851.0,8372.0,8715.0,7312.666666666667,2024,2,8,3,33
2513.0,74617.0,4851.0,8372.0,29280.0,2024,2,27,1,34
8009.0,2513.0,74617.0,4851.0,27327.0,2024,4,1,0,35
452.0,8009.0,2513.0,74617.0,28379.666666666668,2024,5,3,4,36
3385.0,452.0,8009.0,2513.0,3658.0,2024,5,17,4,37
3682.0,3385.0,452.0,8009.0,3948.6666666666665,2024,8,13,1,38
29391.0,3682.0,3385.0,452.0,2506.3333333333335,2024,10,8,1,39
7811.0,29391.0,3682.0,3385.0,12152.666666666666,2024,10,14,0,40
6283.0,7811.0,29391.0,3682.0,13628.0,2024,10,29,1,41
47394.0,6283.0,7811.0,29391.0,14495.0,2024,11,14,3,42
2460.0,47394.0,6283.0,7811.0,20496.0,2024,11,28,3,43
2268.0,5726.0,6534.0,45810.0,19356.666666666668,2021,3,26,4,3
3869.0,2268.0,5726.0,6534.0,4842.666666666667,2021,4,22,3,4
9636.0,3869.0,2268.0,5726.0,3954.3333333333335,2021,5,15,5,5
2235.0,9636.0,3869.0,2268.0,5257.666666666667,2021,6,10,3,6
43459.0,2235.0,9636.0,3869.0,5246.666666666667,2021,9,19,6,7
3475.0,43459.0,2235.0,9636.0,18443.333333333332,2021,10,16,5,8
8936.0,3475.0,43459.0,2235.0,16389.666666666668,2021,11,8,0,9
4318.0,8936.0,3475.0,43459.0,18623.333333333332,2021,11,11,3,10
38338.0,4318.0,8936.0,3475.0,5576.333333333333,2021,11,16,1,11
196.0,38338.0,4318.0,8936.0,17197.333333333332,2021,12,1,2,12
9511.0,196.0,38338.0,4318.0,14284.0,2022,1,2,6,13
72870.0,9511.0,196.0,38338.0,16015.0,2022,1,25,1,14
3876.0,72870.0,9511.0,196.0,27525.666666666668,2022,1,27,3,15
4005.0,3876.0,72870.0,9511.0,28752.333333333332,2022,3,9,2,16
2139.0,4005.0,3876.0,72870.0,26917.0,2022,4,9,5,17
9911.0,2139.0,4005.0,3876.0,3340.0,2022,5,11,2,18
60619.0,9911.0,2139.0,4005.0,5351.666666666667,2022,6,15,2,19
3280.0,60619.0,9911.0,2139.0,24223.0,2022,8,3,2,20
1013.0,3280.0,60619.0,9911.0,24603.333333333332,2022,9,27,1,21
6189.0,1013.0,3280.0,60619.0,21637.333333333332,2022,10,20,3,22
5416.0,6189.0,1013.0,3280.0,3494.0,2022,10,23,6,23
7823.0,5416.0,6189.0,1013.0,4206.0,2022,10,25,1,24
5337.0,7823.0,5416.0,6189.0,6476.0,2022,12,20,1,25
562.0,5337.0,7823.0,5416.0,6192.0,2022,12,25,6,26
1128.0,562.0,5337.0,7823.0,4574.0,2023,1,10,1,27
5136.0,1128.0,562.0,5337.0,2342.3333333333335,2023,2,28,1,28
7309.0,5136.0,1128.0,562.0,2275.3333333333335,2023,3,18,5,29
25379.0,7309.0,5136.0,1128.0,4524.333333333333,2023,3,30,3,30
3178.0,25379.0,7309.0,5136.0,12608.0,2023,4,1,5,31
3236.0,3178.0,25379.0,7309.0,11955.333333333334,2023,8,2,2,32
8419.0,3236.0,3178.0,25379.0,10597.666666666666,2023,9,15,4,33
5452.0,8419.0,3236.0,3178.0,4944.333333333333,2023,11,1,2,34
6552.0,5452.0,8419.0,3236.0,5702.333333333333,2023,11,13,0,35
7181.0,6552.0,5452.0,8419.0,6807.666666666667,2024,1,2,1,36
4349.0,7181.0,6552.0,5452.0,6395.0,2024,1,11,3,37
4811.0,4349.0,7181.0,6552.0,6027.333333333333,2024,1,12,4,38
9486.0,4811.0,4349.0,7181.0,5447.0,2024,1,23,1,39
9134.0,9486.0,4811.0,4349.0,6215.333333333333,2024,2,14,2,40
2221.0,9134.0,9486.0,4811.0,7810.333333333333,2024,4,4,3,41
7045.0,2221.0,9134.0,9486.0,6947.0,2024,4,29,0,42
4685.0,7045.0,2221.0,9134.0,6133.333333333333,2024,5,10,4,43
601.0,4685.0,7045.0,2221.0,4650.333333333333,2024,5,23,3,44
6871.0,601.0,4685.0,7045.0,4110.333333333333,2024,8,21,2,45
8733.0,6871.0,601.0,4685.0,4052.3333333333335,2024,8,31,5,46
1247.0,8733.0,6871.0,601.0,5401.666666666667,2024,9,24,1,47
5589.0,1247.0,8733.0,6871.0,5617.0,2024,10,16,2,48
1574.0,5589.0,1247.0,8733.0,5189.666666666667,2024,10,27,6,49
26841.0,4198.0,7849.0,3103.0,5050.0,2021,5,10,0,3
2253.0,26841.0,4198.0,7849.0,12962.666666666666,2021,6,23,2,4
415.0,2253.0,26841.0,4198.0,11097.333333333334,2021,8,21,5,5
20156.0,415.0,2253.0,26841.0,9836.333333333334,2021,10,3,6,6
2302.0,20156.0,415.0,2253.0,7608.0,2021,11,20,5,7
705.0,2302.0,20156.0,415.0,7624.333333333333,2021,11,22,0,8
3830.0,705.0,2302.0,20156.0,7721.0,2022,4,4,0,9
598.0,3830.0,705.0,2302.0,2279.0,2022,7,12,1,10
793.0,598.0,3830.0,705.0,1711.0,2022,8,7,6,11
904.0,793.0,598.0,3830.0,1740.3333333333333,2022,11,6,6,12
6358.0,904.0,793.0,598.0,765.0,2023,2,6,0,13
1202.0,6358.0,904.0,793.0,2685.0,2023,5,4,3,14
78210.0,1202.0,6358.0,904.0,2821.3333333333335,2023,5,12,4,15
49853.0,78210.0,1202.0,6358.0,28590.0,2023,6,29,3,16
3614.0,49853.0,78210.0,1202.0,43088.333333333336,2023,9,24,6,17
8875.0,3614.0,49853.0,78210.0,43892.333333333336,2023,10,9,0,18
17463.0,8875.0,3614.0,49853.0,20780.666666666668,2023,10,19,3,19
1389.0,17463.0,8875.0,3614.0,9984.0,2023,10,23,0,20
63241.0,1389.0,17463.0,8875.0,9242.333333333334,2023,11,5,6,21
9597.0,63241.0,1389.0,17463.0,27364.333333333332,2023,11,29,2,22
66981.0,9597.0,63241.0,1389.0,24742.333333333332,2024,1,23,1,23
6070.0,66981.0,9597.0,63241.0,46606.333333333336,2024,2,26,0,24
9531.0,6070.0,66981.0,9597.0,27549.333333333332,2024,6,3,0,25
5547.0,9531.0,6070.0,66981.0,27527.333333333332,2024,6,13,3,26
49776.0,5547.0,9531.0,6070.0,7049.333333333333,2024,6,14,4,27
3746.0,49776.0,5547.0,9531.0,21618.0,2024,6,17,0,28
591.0,3746.0,49776.0,5547.0,19689.666666666668,2024,7,26,4,29
24915.0,591.0,3746.0,49776.0,18037.666666666668,2024,9,5,3,30
1039.0,20350.0,1331.0,22534.0,14738.333333333334,2021,8,7,5,3
9255.0,1039.0,20350.0,1331.0,7573.333333333333,2021,8,16,0,4
1358.0,9255.0,1039.0,20350.0,10214.666666666666,2021,8,27,4,5
4390.0,1358.0,9255.0,1039.0,3884.0,2021,9,16,3,6
9451.0,4390.0,1358.0,9255.0,5001.0,2021,10,5,1,7
2517.0,9451.0,4390.0,1358.0,5066.333333333333,2022,3,28,0,8
4215.0,2517.0,9451.0,4390.0,5452.666666666667,2022,4,2,5,9
18760.0,4215.0,2517.0,9451.0,5394.333333333333,2022,4,3,6,10
3662.0,18760.0,4215.0,2517.0,8497.333333333334,2022,5,27,4,11
7230.0,3662.0,18760.0,4215.0,8879.0,2022,6,3,4,12
5193.0,7230.0,3662.0,18760.0,9884.0,2022,7,20,2,13
3959.0,5193.0,7230.0,3662.0,5361.666666666667,2022,10,15,5,14
4440.0,3959.0,5193.0,7230.0,5460.666666666667,2022,11,14,0,15
5301.0,4440.0,3959.0,5193.0,4530.666666666667,2022,12,14,2,16
2122.0,5301.0,4440.0,3959.0,4566.666666666667,2022,12,29,3,17
7331.0,2122.0,5301.0,4440.0,3954.3333333333335,2023,1,23,0,18
76454.0,7331.0,2122.0,5301.0,4918.0,2023,1,31,1,19
30379.0,76454.0,7331.0,2122.0,28635.666666666668,2023,4,22,5,20
1517.0,30379.0,76454.0,7331.0,38054.666666666664,2023,4,23,6,21
157.0,1517.0,30379.0,76454.0,36116.666666666664,2023,5,4,3,22
76741.0,157.0,1517.0,30379.0,10684.333333333334,2023,5,28,6,23
3864.0,76741.0,157.0,1517.0,26138.333333333332,2023,7,22,5,24
9482.0,3864.0,76741.0,157.0,26920.666666666668,2023,9,30,5,25
5715.0,9482.0,3864.0,76741.0,30029.0,2023,10,26,3,26
1955.0,5715.0,9482.0,3864.0,6353.666666666667,2023,11,19,6,27
8582.0,1955.0,5715.0,9482.0,5717.333333333333,2023,12,7,3,28
1783.0,8582.0,1955.0,5715.0,5417.333333333333,2023,12,10,6,29
59766.0,1783.0,8582.0,1955.0,4106.666666666667,2023,12,16,5,30
8755.0,59766.0,1783.0,8582.0,23377.0,2023,12,28,3,31
3706.0,8755.0,59766.0,1783.0,23434.666666666668,2024,1,10,2,32
6582.0,3706.0,8755.0,59766.0,24075.666666666668,2024,1,31,2,33
975.0,6582.0,3706.0,8755.0,6347.666666666667,2024,3,17,6,34
1980.0,975.0,6582.0,3706.0,3754.3333333333335,2024,3,31,6,35
63801.0,1980.0,975.0,6582.0,3179.0,2024,4,6,5,36
4382.0,63801.0,1980.0,975.0,22252.0,2024,4,9,1,37
5035.0,4382.0,63801.0,1980.0,23387.666666666668,2024,5,13,0,38
4127.0,5035.0,4382.0,63801.0,24406.0,2024,9,11,2,39
1519.0,7315.0,1359.0,2171.0,3615.0,2021,6,4,4,3
45625.0,1519.0,7315.0,1359.0,3397.6666666666665,2021,6,30,2,4
42618.0,45625.0,1519.0,7315.0,18153.0,2021,10,15,4,5
68265.0,42618.0,45625.0,1519.0,29920.666666666668,2021,11,2,1,6
1107.0,68265.0,42618.0,45625.0,52169.333333333336,2021,12,5,6,7
4368.0,1107.0,68265.0,42618.0,37330.0,2022,1,2,6,8
6625.0,4368.0,1107.0,68265.0,24580.0,2022,3,24,3,9
2918.0,6625.0,4368.0,1107.0,4033.3333333333335,2022,6,4,5,10
3794.0,2918.0,6625.0,4368.0,4637.0,2022,7,12,1,11
8353.0,3794.0,2918.0,6625.0,4445.666666666667,2023,1,19,3,12
41028.0,8353.0,3794.0,2918.0,5021.666666666667,2023,2,17,4,13
177.0,41028.0,8353.0,3794.0,17725.0,2023,3,17,4,14
757.0,177.0,41028.0,8353.0,16519.333333333332,2023,3,20,0,15
896.0,757.0,177.0,41028.0,13987.333333333334,2023,4,27,3,16
4076.0,896.0,757.0,177.0,610.0,2023,6,11,6,17
9391.0,4076.0,896.0,757.0,1909.6666666666667,2023,6,18,6,18
4135.0,9391.0,4076.0,896.0,4787.666666666667,2023,6,20,1,19
1056.0,4135.0,9391.0,4076.0,5867.333333333333,2023,6,23,4,20
5495.0,1056.0,4135.0,9391.0,4860.666666666667,2023,7,22,5,21
307.0,5495.0,1056.0,4135.0,3562.0,2023,8,7,0,22
3271.0,307.0,5495.0,1056.0,2286.0,2023,8,15,1,23
6232.0,3271.0,307.0,5495.0,3024.3333333333335,2023,12,23,5,24
999999.0,6232.0,3271.0,307.0,3270.0,2024,1,7,6,25
7624.0,999999.0,6232.0,3271.0,336500.6666666667,2024,1,15,0,26
34145.0,7624.0,999999.0,6232.0,337951.6666666667,2024,1,21,6,27
999999.0,34145.0,7624.0,999999.0,347256.0,2024,2,12,0,28
2319.0,999999.0,34145.0,7624.0,347256.0,2024,5,21,1,29
7546.0,2319.0,999999.0,34145.0,345487.6666666667,2024,8,5,0,30
53820.0,7546.0,2319.0,999999.0,336621.3333333333,2024,8,9,4,31
3102.0,53820.0,7546.0,2319.0,21228.333333333332,2024,8,13,1,32
5393.0,3102.0,53820.0,7546.0,21489.333333333332,2024,9,6,4,33
6608.0,5393.0,3102.0,53820.0,20771.666666666668,2024,9,23,0,34
2955.0,6608.0,5393.0,3102.0,5034.333333333333,2024,9,25,2,35
9682.0,2955.0,6608.0,5393.0,4985.333333333333,2024,11,8,4,36
6618.0,6051.0,38346.0,231.0,14876.0,2021,3,23,1,3
2474.0,6618.0,6051.0,38346.0,17005.0,2021,8,20,4,4
3582.0,2474.0,6618.0,6051.0,5047.666666666667,2021,10,3,6,5
31487.0,3582.0,2474.0,6618.0,4224.666666666667,2021,10,11,0,6
9635.0,31487.0,3582.0,2474.0,12514.333333333334,2021,11,9,1,7
3518.0,9635.0,31487.0,3582.0,14901.333333333334,2022,1,30,6,8
3618.0,3518.0,9635.0,31487.0,14880.0,2022,2,6,6,9
2120.0,3618.0,3518.0,9635.0,5590.333333333333,2022,2,7,0,10
949.0,2120.0,3618.0,3518.0,3085.3333333333335,2022,3,15,1,11
10440.0,949.0,2120.0,3618.0,2229.0,2022,5,22,6,12
1245.0,10440.0,949.0,2120.0,4503.0,2022,6,7,1,13
9213.0,1245.0,10440.0,949.0,4211.333333333333,2022,7,23,5,14
909296.0,9213.0,1245.0,10440.0,6966.0,2022,8,27,5,15
1009.0,909296.0,9213.0,1245.0,306584.6666666667,2022,8,28,6,16
1617.0,1009.0,909296.0,9213.0,306506.0,2022,9,12,0,17
50866.0,1617.0,1009.0,909296.0,303974.0,2022,9,14,2,18
4217.0,50866.0,1617.0,1009.0,17830.666666666668,2022,10,3,0,19
695.0,4217.0,50866.0,1617.0,18900.0,2022,10,18,1,20
4053.0,695.0,4217.0,50866.0,18592.666666666668,2022,11,14,0,21
9681.0,4053.0,695.0,4217.0,2988.3333333333335,2023,3,29,2,22
1587.0,9681.0,4053.0,695.0,4809.666666666667,2023,4,8,5,23
7489.0,1587.0,9681.0,4053.0,5107.0,2023,4,8,5,24
9790.0,7489.0,1587.0,9681.0,6252.333333333333,2023,4,23,6,25
61313.0,9790.0,7489.0,1587.0,6288.666666666667,2023,4,26,2,26
9396.0,61313.0,9790.0,7489.0,26197.333333333332,2023,5,3,2,27
2847.0,9396.0,61313.0,9790.0,26833.0,2023,9,30,5,28
580.0,2847.0,9396.0,61313.0,24518.666666666668,2023,10,4,2,29
6396.0,580.0,2847.0,9396.0,4274.333333333333,2023,11,6,0,30
104.0,6396.0,580.0,2847.0,3274.3333333333335,2023,11,25,5,31
56617.0,104.0,6396.0,580.0,2360.0,2024,1,5,4,32
19068.0,56617.0,104.0,6396.0,21039.0,2024,5,22,2,33
9715.0,19068.0,56617.0,104.0,25263.0,2024,9,24,1,34
999999.0,9715.0,19068.0,56617.0,28466.666666666668,2024,10,17,3,35
4122.0,1119.0,8674.0,76175.0,28656.0,2021,11,28,6,3
5732.0,4122.0,1119.0,8674.0,4638.333333333333,2022,1,12,2,4
24764.0,5732.0,4122.0,1119.0,3657.6666666666665,2022,2,11,4,5
999999.0,24764.0,5732.0,4122.0,11539.333333333334,2022,2,23,2,6
1406.0,999999.0,24764.0,5732.0,343498.3333333333,2022,3,3,3,7
32522.0,1406.0,999999.0,24764.0,342056.3333333333,2022,4,23,5,8
10481.0,32522.0,1406.0,999999.0,344642.3333333333,2022,6,20,0,9
6136.0,10481.0,32522.0,1406.0,14803.0,2022,9,7,2,10
3519.0,6136.0,10481.0,32522.0,16379.666666666666,2022,10,16,6,11
2446.0,3519.0,6136.0,10481.0,6712.0,2022,10,17,0,12
4931.0,2446.0,3519.0,6136.0,4033.6666666666665,2022,12,26,0,13
8303.0,4931.0,2446.0,3519.0,3632.0,2023,1,2,0,14
1681.0,8303.0,4931.0,2446.0,5226.666666666667,2023,1,22,6,15
2091.0,1681.0,8303.0,4931.0,4971.666666666667,2023,2,6,0,16
47389.0,2091.0,1681.0,8303.0,4025.0,2023,3,2,3,17
4730.0,47389.0,2091.0,1681.0,17053.666666666668,2023,4,8,5,18
3197.0,4730.0,47389.0,2091.0,18070.0,2023,9,15,4,19
6960.0,3197.0,4730.0,47389.0,18438.666666666668,2023,9,30,5,20
8706.0,6960.0,3197.0,4730.0,4962.333333333333,2023,11,25,5,21
3928.0,8706.0,6960.0,3197.0,6287.666666666667,2024,4,18,3,22
2715.0,3928.0,8706.0,6960.0,6531.333333333333,2024,6,2,6,23
3988.0,2715.0,3928.0,8706.0,5116.333333333333,2024,6,13,3,24
19295.0,3988.0,2715.0,3928.0,3543.6666666666665,2024,6,13,3,25
9803.0,19295.0,3988.0,2715.0,8666.0,2024,8,4,6,26
8371.0,9803.0,19295.0,3988.0,11028.666666666666,2024,8,13,1,27
2396.0,8371.0,9803.0,19295.0,12489.666666666666,2024,8,23,4,28
1959.0,2396.0,8371.0,9803.0,6856.666666666667,2024,9,8,6,29
1315.0,1959.0,2396.0,8371.0,4242.0,2024,9,26,3,30
4608.0,1315.0,1959.0,2396.0,1890.0,2024,10,1,1,31
5548.0,4608.0,1315.0,1959.0,2627.3333333333335,2024,10,7,0,32
9925.0,5548.0,4608.0,1315.0,3823.6666666666665,2024,10,18,4,33
4138.0,9925.0,5548.0,4608.0,6693.666666666667,2024,12,13,4,34
7802.0,17069.0,7894.0,12502.0,12488.333333333334,2021,10,4,0,3
1426.0,7802.0,17069.0,7894.0,10921.666666666666,2021,11,5,4,4
5545.0,1426.0,7802.0,17069.0,8765.666666666666,2021,11,17,2,5
3915.0,5545.0,1426.0,7802.0,4924.333333333333,2021,12,14,1,6
749253.0,3915.0,5545.0,1426.0,3628.6666666666665,2021,12,20,0,7
28550.0,749253.0,3915.0,5545.0,252904.33333333334,2021,12,22,2,8
4060.0,28550.0,749253.0,3915.0,260572.66666666666,2021,12,26,6,9
3364.0,4060.0,28550.0,749253.0,260621.0,2021,12,31,4,10
1087.0,3364.0,4060.0,28550.0,11991.333333333334,2022,1,21,4,11
36962.0,1087.0,3364.0,4060.0,2837.0,2022,1,25,1,12
19017.0,36962.0,1087.0,3364.0,13804.333333333334,2022,2,28,0,13
4897.0,19017.0,36962.0,1087.0,19022.0,2022,6,10,4,14
16911.0,4897.0,19017.0,36962.0,20292.0,2022,6,10,4,15
999999.0,16911.0,4897.0,19017.0,13608.333333333334,2022,7,31,6,16
25714.0,999999.0,16911.0,4897.0,340602.3333333333,2022,10,19,2,17
1657.0,25714.0,999999.0,16911.0,347541.3333333333,2023,1,20,4,18
2673.0,1657.0,25714.0,999999.0,342456.6666666667,2023,2,18,5,19
4717.0,2673.0,1657.0,25714.0,10014.666666666666,2023,3,7,1,20
179.0,4717.0,2673.0,1657.0,3015.6666666666665,2023,4,12,2,21
4852.0,179.0,4717.0,2673.0,2523.0,2023,5,1,0,22
5086.0,4852.0,179.0,4717.0,3249.3333333333335,2023,6,15,3,23
347.0,5086.0,4852.0,179.0,3372.3333333333335,2023,8,19,5,24
7916.0,347.0,5086.0,4852.0,3428.3333333333335,2023,8,27,6,25
2581.0,7916.0,347.0,5086.0,4449.666666666667,2023,8,31,3,26
8866.0,2581.0,7916.0,347.0,3614.6666666666665,2023,9,10,6,27
7693.0,8866.0,2581.0,7916.0,6454.333333333333,2023,10,2,0,28
2295.0,7693.0,8866.0,2581.0,6380.0,2023,11,11,5,29
4307.0,2295.0,7693.0,8866.0,6284.666666666667,2023,11,20,0,30
6826.0,4307.0,2295.0,7693.0,4765.0,2024,2,7,2,31
6140.0,6826.0,4307.0,2295.0,4476.0,2024,5,7,1,32
72760.0,6140.0,6826.0,4307.0,5757.666666666667,2024,6,14,4,33
435.0,72760.0,6140.0,6826.0,28575.333333333332,2024,7,24,2,34
17088.0,435.0,72760.0,6140.0,26445.0,2024,8,23,4,35
5617.0,17088.0,435.0,72760.0,30094.333333333332,2024,9,27,4,36
3255.0,5617.0,17088.0,435.0,7713.333333333333,2024,11,2,5,37
7572.0,3255.0,5617.0,17088.0,8653.333333333334,2024,12,5,3,38
7219.0,37244.0,9602.0,5990.0,17612.0,2021,6,21,0,3
15821.0,7219.0,37244.0,9602.0,18021.666666666668,2021,6,23,2,4
28198.0,15821.0,7219.0,37244.0,20094.666666666668,2021,7,30,4,5
6348.0,28198.0,15821.0,7219.0,17079.333333333332,2021,9,20,0,6
716.0,6348.0,28198.0,15821.0,16789.0,2021,10,16,5,7
7568.0,716.0,6348.0,28198.0,11754.0,2021,11,29,0,8
9521.0,7568.0,716.0,6348.0,4877.333333333333,2021,12,19,6,9
5285.0,9521.0,7568.0,716.0,5935.0,2022,4,8,4,10
7402.0,5285.0,9521.0,7568.0,7458.0,2022,5,22,6,11
3678.0,7402.0,5285.0,9521.0,7402.666666666667,2022,6,12,6,12
9356.0,3678.0,7402.0,5285.0,5455.0,2022,7,9,5,13
34663.0,9356.0,3678.0,7402.0,6812.0,2022,8,2,1,14
6945.0,34663.0,9356.0,3678.0,15899.0,2022,9,5,0,15
1956.0,6945.0,34663.0,9356.0,16988.0,2023,1,12,3,16
7206.0,1956.0,6945.0,34663.0,14521.333333333334,2023,1,15,6,17
3051.0,7206.0,1956.0,6945.0,5369.0,2023,1,26,3,18
9065.0,3051.0,7206.0,1956.0,4071.0,2023,3,16,3,19
16138.0,9065.0,3051.0,7206.0,6440.666666666667,2023,6,27,1,20
55020.0,16138.0,9065.0,3051.0,9418.0,2023,8,16,2,21
3701.0,55020.0,16138.0,9065.0,26741.0,2023,12,14,3,22
7425.0,3701.0,55020.0,16138.0,24953.0,2023,12,30,5,23
832.0,7425.0,3701.0,55020.0,22048.666666666668,2024,1,7,6,24
6474.0,832.0,7425.0,3701.0,3986.0,2024,1,21,6,25
6427.0,6474.0,832.0,7425.0,4910.333333333333,2024,2,22,3,26
2164.0,6427.0,6474.0,832.0,4577.666666666667,2024,3,2,5,27
63843.0,2164.0,6427.0,6474.0,5021.666666666667,2024,3,6,2,28
13455.0,63843.0,2164.0,6427.0,24144.666666666668,2024,5,22,2,29
1574.0,13455.0,63843.0,2164.0,26487.333333333332,2024,8,3,5,30
9727.0,1574.0,13455.0,63843.0,26290.666666666668,2024,8,31,5,31
3573.0,9727.0,1574.0,13455.0,8252.0,2024,9,27,4,32
63736.0,3573.0,9727.0,1574.0,4958.0,2024,11,25,0,33
3935.0,23426.0,74183.0,5431.0,34346.666666666664,2021,2,27,5,3
2318.0,3935.0,23426.0,74183.0,33848.0,2021,3,2,1,4
66794.0,2318.0,3935.0,23426.0,9893.0,2021,4,19,0,5
53888.0,66794.0,2318.0,3935.0,24349.0,2021,4,23,4,6
3045.0,53888.0,66794.0,2318.0,41000.0,2021,6,16,2,7
7411.0,3045.0,53888.0,66794.0,41242.333333333336,2021,7,23,4,8
6837.0,7411.0,3045.0,53888.0,21448.0,2021,7,26,0,9
4708.0,6837.0,7411.0,3045.0,5764.333333333333,2021,10,28,3,10
6669.0,4708.0,6837.0,7411.0,6318.666666666667,2021,10,31,6,11
3255.0,6669.0,4708.0,6837.0,6071.333333333333,2022,1,13,3,12
3548.0,3255.0,6669.0,4708.0,4877.333333333333,2022,2,27,6,13
4356.0,3548.0,3255.0,6669.0,4490.666666666667,2022,4,7,3,14
76606.0,4356.0,3548.0,3255.0,3719.6666666666665,2022,4,19,1,15
5693.0,76606.0,4356.0,3548.0,28170.0,2022,11,5,5,16
6704.0,5693.0,76606.0,4356.0,28885.0,2023,2,10,4,17
5549.0,6704.0,5693.0,76606.0,29667.666666666668,2023,5,14,6,18
39046.0,5549.0,6704.0,5693.0,5982.0,2023,5,15,0,19
7388.0,39046.0,5549.0,6704.0,17099.666666666668,2023,5,31,2,20
4899.0,7388.0,39046.0,5549.0,17327.666666666668,2023,6,9,4,21
3588.0,4899.0,7388.0,39046.0,17111.0,2023,6,11,6,22
38688.0,3588.0,4899.0,7388.0,5291.666666666667,2023,9,17,6,23
5587.0,38688.0,3588.0,4899.0,15725.0,2023,10,16,0,24
35601.0,5587.0,38688.0,3588.0,15954.333333333334,2023,10,23,0,25
8858.0,35601.0,5587.0,38688.0,26625.333333333332,2023,11,22,2,26
4838.0,8858.0,35601.0,5587.0,16682.0,2023,11,27,0,27
2835.0,4838.0,8858.0,35601.0,16432.333333333332,2023,11,27,0,28
36616.0,2835.0,4838.0,8858.0,5510.333333333333,2024,5,20,0,29
3309.0,36616.0,2835.0,4838.0,14763.0,2024,5,29,2,30
7353.0,3309.0,36616.0,2835.0,14253.333333333334,2024,6,11,1,31
2445.0,7353.0,3309.0,36616.0,15759.333333333334,2024,6,30,6,32
9701.0,2445.0,7353.0,3309.0,4369.0,2024,7,23,1,33
8108.0,9701.0,2445.0,7353.0,6499.666666666667,2024,9,23,0,34
7022.0,4122.0,6894.0,1902.0,4306.0,2021,4,16,4,3
999999.0,7022.0,4122.0,6894.0,6012.666666666667,2021,11,1,0,4
1559.0,999999.0,7022.0,4122.0,337047.6666666667,2021,11,2,1,5
22047.0,1559.0,999999.0,7022.0,336193.3333333333,2021,12,2,3,6
1683.0,22047.0,1559.0,999999.0,341201.6666666667,2021,12,25,5,7
20394.0,1683.0,22047.0,1559.0,8429.666666666666,2022,2,17,3,8
1563.0,20394.0,1683.0,22047.0,14708.0,2022,4,8,4,9
18123.0,1563.0,20394.0,1683.0,7880.0,2022,4,15,4,10
23217.0,18123.0,1563.0,20394.0,13360.0,2022,4,28,3,11
5578.0,23217.0,18123.0,1563.0,14301.0,2022,5,2,0,12
4863.0,5578.0,23217.0,18123.0,15639.333333333334,2022,7,13,2,13
7319.0,4863.0,5578.0,23217.0,11219.333333333334,2022,7,19,1,14
79183.0,7319.0,4863.0,5578.0,5920.0,2022,10,13,3,15
34751.0,79183.0,7319.0,4863.0,30455.0,2022,12,12,0,16
7897.0,34751.0,79183.0,7319.0,40417.666666666664,2023,1,5,3,17
22543.0,7897.0,34751.0,79183.0,40610.333333333336,2023,2,16,3,18
3744.0,22543.0,7897.0,34751.0,21730.333333333332,2023,3,11,5,19
9715.0,3744.0,22543.0,7897.0,11394.666666666666,2023,3,11,5,20
5890.0,9715.0,3744.0,22543.0,12000.666666666666,2023,5,24,2,21
37019.0,5890.0,9715.0,3744.0,6449.666666666667,2023,5,27,5,22
42631.0,37019.0,5890.0,9715.0,17541.333333333332,2023,8,21,0,23
6098.0,42631.0,37019.0,5890.0,28513.333333333332,2023,10,14,5,24
64972.0,6098.0,42631.0,37019.0,28582.666666666668,2023,11,6,0,25
9001.0,64972.0,6098.0,42631.0,37900.333333333336,2023,11,23,3,26
6319.0,9001.0,64972.0,6098.0,26690.333333333332,2023,12,12,1,27
56990.0,6319.0,9001.0,64972.0,26764.0,2023,12,24,6,28
2643.0,56990.0,6319.0,9001.0,24103.333333333332,2024,5,4,5,29
1554.0,2643.0,56990.0,6319.0,21984.0,2024,6,5,2,30
3416.0,1554.0,2643.0,56990.0,20395.666666666668,2024,6,22,5,31
7389.0,3416.0,1554.0,2643.0,2537.6666666666665,2024,7,8,0,32
6496.0,7389.0,3416.0,1554.0,4119.666666666667,2024,8,12,0,33
6954.0,6496.0,7389.0,3416.0,5767.0,2024,9,17,1,34
9997.0,6954.0,6496.0,7389.0,6946.333333333333,2024,9,17,1,35
9904.0,3183.0,3482.0,74830.0,27165.0,2021,9,12,6,3
9387.0,9904.0,3183.0,3482.0,5523.0,2021,12,1,2,4
1125.0,9387.0,9904.0,3183.0,7491.333333333333,2022,1,26,2,5
38733.0,1125.0,9387.0,9904.0,6805.333333333333,2022,3,28,0,6
808527.0,38733.0,1125.0,9387.0,16415.0,2022,4,1,4,7
5593.0,808527.0,38733.0,1125.0,282795.0,2022,4,28,3,8
298.0,5593.0,808527.0,38733.0,284284.3333333333,2022,5,10,1,9
29319.0,298.0,5593.0,808527.0,271472.6666666667,2022,8,5,4,10
9581.0,29319.0,298.0,5593.0,11736.666666666666,2022,8,20,5,11
8158.0,9581.0,29319.0,298.0,13066.0,2023,3,15,2,12
1142.0,8158.0,9581.0,29319.0,15686.0,2023,6,23,4,13
32223.0,1142.0,8158.0,9581.0,6293.666666666667,2023,9,15,4,14
391.0,32223.0,1142.0,8158.0,13841.0,2024,1,12,4,15
4058.0,391.0,32223.0,1142.0,11252.0,2024,1,27,5,16
2671.0,4058.0,391.0,32223.0,12224.0,2024,2,10,5,17
4943.0,2671.0,4058.0,391.0,2373.3333333333335,2024,2,20,1,18
4961.0,4943.0,2671.0,4058.0,3890.6666666666665,2024,5,15,2,19
7656.0,4961.0,4943.0,2671.0,4191.666666666667,2024,5,23,3,20
3201.0,7656.0,4961.0,4943.0,5853.333333333333,2024,7,19,4,21
3246.0,7091.0,6201.0,3252.0,5514.666666666667,2021,6,16,2,3
2392.0,3246.0,7091.0,6201.0,5512.666666666667,2021,6,23,2,4
499.0,2392.0,3246.0,7091.0,4243.0,2021,7,30,4,5
6155.0,499.0,2392.0,3246.0,2045.6666666666667,2021,10,21,3,6
10340.0,6155.0,499.0,2392.0,3015.3333333333335,2021,10,28,3,7
9357.0,10340.0,6155.0,499.0,5664.666666666667,2021,12,5,6,8
2615.0,9357.0,10340.0,6155.0,8617.333333333334,2022,2,13,6,9
2831.0,2615.0,9357.0,10340.0,7437.333333333333,2022,3,17,3,10
9454.0,2831.0,2615.0,9357.0,4934.333333333333,2022,3,20,6,11
7222.0,9454.0,2831.0,2615.0,4966.666666666667,2022,6,28,1,12
615.0,7222.0,9454.0,2831.0,6502.333333333333,2023,2,20,0,13
6264.0,615.0,7222.0,9454.0,5763.666666666667,2023,4,5,2,14
4119.0,6264.0,615.0,7222.0,4700.333333333333,2023,6,20,1,15
9334.0,4119.0,6264.0,615.0,3666.0,2023,8,8,1,16
2141.0,9334.0,4119.0,6264.0,6572.333333333333,2023,8,27,6,17
4952.0,2141.0,9334.0,4119.0,5198.0,2023,11,13,0,18
7205.0,4952.0,2141.0,9334.0,5475.666666666667,2023,12,21,3,19
69864.0,7205.0,4952.0,2141.0,4766.0,2024,2,5,0,20
1820.0,69864.0,7205.0,4952.0,27340.333333333332,2024,3,7,3,21
49639.0,1820.0,69864.0,7205.0,26296.333333333332,2024,5,31,4,22
1775.0,49639.0,1820.0,69864.0,40441.0,2024,6,8,5,23
76200.0,1775.0,49639.0,1820.0,17744.666666666668,2024,6,15,5,24
4305.0,76200.0,1775.0,49639.0,42538.0,2024,7,5,4,25
8781.0,4305.0,76200.0,1775.0,27426.666666666668,2024,8,6,1,26
9236.0,8781.0,4305.0,76200.0,29762.0,2024,9,30,0,27
3974.0,9236.0,8781.0,4305.0,7440.666666666667,2024,10,14,0,28
8889.0,1004.0,6695.0,26154.0,11284.333333333334,2021,9,8,2,3
5435.0,8889.0,1004.0,6695.0,5529.333333333333,2021,10,10,6,4
6661.0,5435.0,8889.0,1004.0,5109.333333333333,2021,10,14,3,5
3205.0,6661.0,5435.0,8889.0,6995.0,2021,11,3,2,6
6362.0,3205.0,6661.0,5435.0,5100.333333333333,2021,12,6,0,7
9649.0,6362.0,3205.0,6661.0,5409.333333333333,2022,2,23,2,8
2049.0,9649.0,6362.0,3205.0,6405.333333333333,2022,4,19,1,9
63184.0,2049.0,9649.0,6362.0,6020.0,2022,6,24,4,10
7670.0,63184.0,2049.0,9649.0,24960.666666666668,2022,8,12,4,11
1666.0,7670.0,63184.0,2049.0,24301.0,2022,8,24,2,12
64620.0,1666.0,7670.0,63184.0,24173.333333333332,2022,11,30,2,13
1281.0,64620.0,1666.0,7670.0,24652.0,2022,12,28,2,14
4829.0,1281.0,64620.0,1666.0,22522.333333333332,2023,1,27,4,15
16219.0,4829.0,1281.0,64620.0,23576.666666666668,2023,2,15,2,16
6023.0,16219.0,4829.0,1281.0,7443.0,2023,4,25,1,17
3947.0,6023.0,16219.0,4829.0,9023.666666666666,2023,5,8,0,18
601.0,3947.0,6023.0,16219.0,8729.666666666666,2023,5,14,6,19
1078.0,601.0,3947.0,6023.0,3523.6666666666665,2023,11,4,5,20
5292.0,1078.0,601.0,3947.0,1875.3333333333333,2023,11,5,6,21
79.0,5292.0,1078.0,601.0,2323.6666666666665,2023,11,27,0,22
4924.0,79.0,5292.0,1078.0,2149.6666666666665,2023,11,29,2,23
74980.0,4924.0,79.0,5292.0,3431.6666666666665,2023,12,17,6,24
9864.0,74980.0,4924.0,79.0,26661.0,2024,1,8,0,25
2796.0,9864.0,74980.0,4924.0,29922.666666666668,2024,3,23,5,26
1690.0,2796.0,9864.0,74980.0,29213.333333333332,2024,5,6,0,27
2683.0,1690.0,2796.0,9864.0,4783.333333333333,2024,5,12,6,28
4636.0,2683.0,1690.0,2796.0,2389.6666666666665,2024,6,20,3,29
1972.0,4636.0,2683.0,1690.0,3003.0,2024,7,1,0,30
8670.0,1972.0,4636.0,2683.0,3097.0,2024,7,1,0,31
1358.0,8670.0,1972.0,4636.0,5092.666666666667,2024,8,27,1,32
6228.0,1358.0,8670.0,1972.0,4000.0,2024,9,6,4,33
8048.0,6228.0,1358.0,8670.0,5418.666666666667,2024,9,25,2,34
6957.0,8048.0,6228.0,1358.0,5211.333333333333,2024,10,26,5,35
4565.0,6957.0,8048.0,6228.0,7077.666666666667,2024,12,2,0,36
7842.0,50731.0,8562.0,69323.0,42872.0,2021,6,16,2,3
3311.0,7842.0,50731.0,8562.0,22378.333333333332,2021,6,27,6,4
1592.0,3311.0,7842.0,50731.0,20628.0,2021,8,6,4,5
9210.0,1592.0,3311.0,7842.0,4248.333333333333,2021,10,2,5,6
3300.0,9210.0,1592.0,3311.0,4704.333333333333,2021,11,18,3,7
4038.0,3300.0,9210.0,1592.0,4700.666666666667,2021,12,31,4,8
8162.0,4038.0,3300.0,9210.0,5516.0,2022,3,17,3,9
4682.0,8162.0,4038.0,3300.0,5166.666666666667,2022,8,27,5,10
9245.0,4682.0,8162.0,4038.0,5627.333333333333,2023,4,22,5,11
254.0,9245.0,4682.0,8162.0,7363.0,2023,5,6,5,12
7109.0,254.0,9245.0,4682.0,4727.0,2023,6,21,2,13
9025.0,7109.0,254.0,9245.0,5536.0,2023,7,5,2,14
6534.0,9025.0,7109.0,254.0,5462.666666666667,2023,7,11,1,15
8088.0,6534.0,9025.0,7109.0,7556.0,2023,8,9,2,16
698.0,8088.0,6534.0,9025.0,7882.333333333333,2023,10,1,6,17
9019.0,698.0,8088.0,6534.0,5106.666666666667,2023,10,10,1,18
46795.0,9019.0,698.0,8088.0,5935.0,2023,10,26,3,19
28443.0,46795.0,9019.0,698.0,18837.333333333332,2023,11,19,6,20
7355.0,28443.0,46795.0,9019.0,28085.666666666668,2023,11,30,3,21
5561.0,7355.0,28443.0,46795.0,27531.0,2023,12,14,3,22
6176.0,5561.0,7355.0,28443.0,13786.333333333334,2024,2,13,1,23
8555.0,6176.0,5561.0,7355.0,6364.0,2024,2,23,4,24
1611.0,8555.0,6176.0,5561.0,6764.0,2024,6,5,2,25
32722.0,1611.0,8555.0,6176.0,5447.333333333333,2024,6,28,4,26
3130.0,32722.0,1611.0,8555.0,14296.0,2024,7,5,4,27
3479.0,3130.0,32722.0,1611.0,12487.666666666666,2024,8,17,5,28
28409.0,3479.0,3130.0,32722.0,13110.333333333334,2024,8,31,5,29
47477.0,28409.0,3479.0,3130.0,11672.666666666666,2024,9,24,1,30
31567.0,47477.0,28409.0,3479.0,26455.0,2024,9,28,5,31
653.0,31567.0,47477.0,28409.0,35817.666666666664,2024,10,31,3,32
3929.0,653.0,31567.0,47477.0,26565.666666666668,2024,11,22,4,33
2842.0,3929.0,653.0,31567.0,12049.666666666666,2024,12,13,4,34
9379.0,5871.0,3973.0,2938.0,4260.666666666667,2021,3,15,0,3
507.0,9379.0,5871.0,3973.0,6407.666666666667,2021,6,19,5,4
7234.0,507.0,9379.0,5871.0,5252.333333333333,2021,7,7,2,5
7316.0,7234.0,507.0,9379.0,5706.666666666667,2021,7,9,4,6
3482.0,7316.0,7234.0,507.0,5019.0,2021,8,15,6,7
21603.0,3482.0,7316.0,7234.0,6010.666666666667,2021,11,26,4,8
2822.0,21603.0,3482.0,7316.0,10800.333333333334,2021,11,26,4,9
5680.0,2822.0,21603.0,3482.0,9302.333333333334,2022,1,5,2,10
5518.0,5680.0,2822.0,21603.0,10035.0,2022,2,25,4,11
21220.0,5518.0,5680.0,2822.0,4673.333333333333,2022,4,6,2,12
1872.0,21220.0,5518.0,5680.0,10806.0,2022,5,24,1,13
9776.0,1872.0,21220.0,5518.0,9536.666666666666,2022,9,12,0,14
4981.0,9776.0,1872.0,21220.0,10956.0,2022,11,14,0,15
20419.0,4981.0,9776.0,1872.0,5543.0,2022,12,19,0,16
184818.0,20419.0,4981.0,9776.0,11725.333333333334,2022,12,21,2,17
3686.0,184818.0,20419.0,4981.0,70072.66666666667,2023,1,12,3,18
47358.0,3686.0,184818.0,20419.0,69641.0,2023,4,10,0,19
6066.0,47358.0,3686.0,184818.0,78620.66666666667,2023,6,12,0,20
3505.0,6066.0,47358.0,3686.0,19036.666666666668,2023,8,12,5,21
6136.0,3505.0,6066.0,47358.0,18976.333333333332,2023,10,25,2,22
2428.0,6136.0,3505.0,6066.0,5235.666666666667,2023,12,1,4,23
8081.0,2428.0,6136.0,3505.0,4023.0,2023,12,14,3,24
4771.0,8081.0,2428.0,6136.0,5548.333333333333,2023,12,24,6,25
1780.0,4771.0,8081.0,2428.0,5093.333333333333,2024,2,21,2,26
7253.0,1780.0,4771.0,8081.0,4877.333333333333,2024,2,26,0,27
4327.0,7253.0,1780.0,4771.0,4601.333333333333,2024,4,1,0,28
7085.0,4327.0,7253.0,1780.0,4453.333333333333,2024,4,23,1,29
3654.0,7085.0,4327.0,7253.0,6221.666666666667,2024,5,4,5,30
8181.0,3654.0,7085.0,4327.0,5022.0,2024,6,15,5,31
6214.0,8181.0,3654.0,7085.0,6306.666666666667,2024,7,15,0,32
4166.0,6214.0,8181.0,3654.0,6016.333333333333,2024,11,5,1,33
4419.0,9629.0,1874.0,70223.0,27242.0,2021,8,23,0,3
8947.0,4419.0,9629.0,1874.0,5307.333333333333,2021,10,4,0,4
1016.0,8947.0,4419.0,9629.0,7665.0,2021,10,14,3,5
6506.0,1016.0,8947.0,4419.0,4794.0,2022,2,28,0,6
7223.0,6506.0,1016.0,8947.0,5489.666666666667,2022,3,28,0,7
7088.0,7223.0,6506.0,1016.0,4915.0,2022,4,22,4,8
46496.0,7088.0,7223.0,6506.0,6939.0,2022,6,2,3,9
6170.0,46496.0,7088.0,7223.0,20269.0,2022,7,6,2,10
7403.0,6170.0,46496.0,7088.0,19918.0,2022,7,19,1,11
2114.0,7403.0,6170.0,46496.0,20023.0,2022,7,20,2,12
2718.0,2114.0,7403.0,6170.0,5229.0,2022,8,6,5,13
9451.0,2718.0,2114.0,7403.0,4078.3333333333335,2022,9,7,2,14
8521.0,9451.0,2718.0,2114.0,4761.0,2023,2,26,6,15
9050.0,8521.0,9451.0,2718.0,6896.666666666667,2023,3,7,1,16
1037.0,9050.0,8521.0,9451.0,9007.333333333334,2023,3,13,0,17
3585.0,1037.0,9050.0,8521.0,6202.666666666667,2023,3,24,4,18
8679.0,3585.0,1037.0,9050.0,4557.333333333333,2023,4,15,5,19
1684.0,8679.0,3585.0,1037.0,4433.666666666667,2023,7,1,5,20
2978.0,1684.0,8679.0,3585.0,4649.333333333333,2023,8,25,4,21
11161.0,2978.0,1684.0,8679.0,4447.0,2023,9,19,1,22
13567.0,11161.0,2978.0,1684.0,5274.333333333333,2023,10,29,6,23
9660.0,13567.0,11161.0,2978.0,9235.333333333334,2023,11,7,1,24
4846.0,9660.0,13567.0,11161.0,11462.666666666666,2023,12,15,4,25
41449.0,4846.0,9660.0,13567.0,9357.666666666666,2023,12,20,2,26
5240.0,41449.0,4846.0,9660.0,18651.666666666668,2023,12,31,6,27
9814.0,5240.0,41449.0,4846.0,17178.333333333332,2024,3,21,3,28
2726.0,9814.0,5240.0,41449.0,18834.333333333332,2024,10,16,2,29
1186.0,3943.0,1023.0,4322.0,3096.0,2021,7,15,3,3
4019.0,1186.0,3943.0,1023.0,2050.6666666666665,2021,8,24,1,4
1259.0,4019.0,1186.0,3943.0,3049.3333333333335,2021,10,13,2,5
4222.0,1259.0,4019.0,1186.0,2154.6666666666665,2021,11,12,4,6
621.0,4222.0,1259.0,4019.0,3166.6666666666665,2022,2,26,5,7
1564.0,621.0,4222.0,1259.0,2034.0,2022,3,21,0,8
4856.0,1564.0,621.0,4222.0,2135.6666666666665,2022,4,6,2,9
5526.0,4856.0,1564.0,621.0,2347.0,2022,6,6,0,10
50898.0,5526.0,4856.0,1564.0,3982.0,2022,8,13,5,11
1152.0,50898.0,5526.0,4856.0,20426.666666666668,2022,9,13,1,12
7914.0,1152.0,50898.0,5526.0,19192.0,2022,11,14,0,13
75222.0,7914.0,1152.0,50898.0,19988.0,2023,3,20,0,14
10276.0,75222.0,7914.0,1152.0,28096.0,2023,4,21,4,15
5675.0,10276.0,75222.0,7914.0,31137.333333333332,2023,7,14,4,16
392.0,5675.0,10276.0,75222.0,30391.0,2023,7,17,0,17
6624.0,392.0,5675.0,10276.0,5447.666666666667,2023,9,9,5,18
4259.0,6624.0,392.0,5675.0,4230.333333333333,2023,11,24,4,19
7489.0,4259.0,6624.0,392.0,3758.3333333333335,2023,12,16,5,20
453.0,7489.0,4259.0,6624.0,6124.0,2024,1,27,5,21
8929.0,453.0,7489.0,4259.0,4067.0,2024,2,3,5,22
7890.0,8929.0,453.0,7489.0,5623.666666666667,2024,2,3,5,23
7837.0,7890.0,8929.0,453.0,5757.333333333333,2024,2,7,2,24
9063.0,7837.0,7890.0,8929.0,8218.666666666666,2024,2,15,3,25
7483.0,9063.0,7837.0,7890.0,8263.333333333334,2024,2,17,5,26
4433.0,7483.0,9063.0,7837.0,8127.666666666667,2024,2,25,6,27
1869.0,4433.0,7483.0,9063.0,6993.0,2024,4,10,2,28
3797.0,1869.0,4433.0,7483.0,4595.0,2024,4,11,3,29
55221.0,3797.0,1869.0,4433.0,3366.3333333333335,2024,4,14,6,30
3515.0,55221.0,3797.0,1869.0,20295.666666666668,2024,9,28,5,31
4714.0,3515.0,55221.0,3797.0,20844.333333333332,2024,10,4,4,32
5786.0,2227.0,2353.0,4045.0,2875.0,2021,4,16,4,3
7149.0,5786.0,2227.0,2353.0,3455.3333333333335,2021,8,17,1,4
2226.0,7149.0,5786.0,2227.0,5054.0,2021,9,6,0,5
5518.0,2226.0,7149.0,5786.0,5053.666666666667,2021,10,15,4,6
4593.0,5518.0,2226.0,7149.0,4964.333333333333,2021,11,21,6,7
4225.0,4593.0,5518.0,2226.0,4112.333333333333,2022,3,14,0,8
5710.0,4225.0,4593.0,5518.0,4778.666666666667,2022,4,11,0,9
7615.0,5710.0,4225.0,4593.0,4842.666666666667,2022,4,15,4,10
9724.0,7615.0,5710.0,4225.0,5850.0,2022,5,24,1,11
1621.0,9724.0,7615.0,5710.0,7683.0,2022,6,5,6,12
4605.0,1621.0,9724.0,7615.0,6320.0,2022,6,9,3,13
7284.0,4605.0,1621.0,9724.0,5316.666666666667,2022,7,19,1,14
8325.0,7284.0,4605.0,1621.0,4503.333333333333,2022,10,23,6,15
9786.0,8325.0,7284.0,4605.0,6738.0,2023,3,8,2,16
28542.0,9786.0,8325.0,7284.0,8465.0,2023,3,21,1,17
12315.0,28542.0,9786.0,8325.0,15551.0,2023,6,14,2,18
8602.0,12315.0,28542.0,9786.0,16881.0,2023,9,3,6,19
38553.0,8602.0,12315.0,28542.0,16486.333333333332,2024,1,16,1,20
6700.0,38553.0,8602.0,12315.0,19823.333333333332,2024,5,13,0,21
5180.0,6700.0,38553.0,8602.0,17951.666666666668,2024,6,18,1,22
5384.0,5180.0,6700.0,38553.0,16811.0,2024,8,8,3,23
1586.0,5384.0,5180.0,6700.0,5754.666666666667,2024,10,3,3,24
1024.0,1586.0,5384.0,5180.0,4050.0,2024,10,20,6,25
2163.0,1024.0,1586.0,5384.0,2664.6666666666665,2024,10,26,5,26
4159.0,3677.0,8105.0,64814.0,25532.0,2021,6,13,6,3
8061.0,4159.0,3677.0,8105.0,5313.666666666667,2021,7,10,5,4
3173.0,8061.0,4159.0,3677.0,5299.0,2021,7,14,2,5
11323.0,3173.0,8061.0,4159.0,5131.0,2021,7,19,0,6
8571.0,11323.0,3173.0,8061.0,7519.0,2021,10,29,4,7
8156.0,8571.0,11323.0,3173.0,7689.0,2021,11,29,0,8
40414.0,8156.0,8571.0,11323.0,9350.0,2022,1,28,4,9
6037.0,40414.0,8156.0,8571.0,19047.0,2022,2,26,5,10
3341.0,6037.0,40414.0,8156.0,18202.333333333332,2022,4,11,0,11
3246.0,3341.0,6037.0,40414.0,16597.333333333332,2022,4,22,4,12
845.0,3246.0,3341.0,6037.0,4208.0,2022,5,7,5,13
2346.0,845.0,3246.0,3341.0,2477.3333333333335,2022,6,25,5,14
2636.0,2346.0,845.0,3246.0,2145.6666666666665,2022,6,26,6,15
8197.0,2636.0,2346.0,845.0,1942.3333333333333,2022,7,25,0,16
1687.0,8197.0,2636.0,2346.0,4393.0,2022,8,13,5,17
6814.0,1687.0,8197.0,2636.0,4173.333333333333,2022,8,19,4,18
41084.0,6814.0,1687.0,8197.0,5566.0,2022,10,7,4,19
24300.0,41084.0,6814.0,1687.0,16528.333333333332,2022,10,12,2,20
6894.0,24300.0,41084.0,6814.0,24066.0,2022,10,13,3,21
4044.0,6894.0,24300.0,41084.0,24092.666666666668,2023,3,30,3,22
418.0,4044.0,6894.0,24300.0,11746.0,2023,4,7,4,23
5922.0,418.0,4044.0,6894.0,3785.3333333333335,2023,4,21,4,24
5624.0,5922.0,418.0,4044.0,3461.3333333333335,2023,6,8,3,25
7226.0,5624.0,5922.0,418.0,3988.0,2023,6,29,3,26
9363.0,7226.0,5624.0,5922.0,6257.333333333333,2023,9,29,4,27
3696.0,9363.0,7226.0,5624.0,7404.333333333333,2023,10,19,3,28
4641.0,3696.0,9363.0,7226.0,6761.666666666667,2024,1,11,3,29
1505.0,4641.0,3696.0,9363.0,5900.0,2024,3,2,5,30
70126.0,1505.0,4641.0,3696.0,3280.6666666666665,2024,5,28,1,31
1098.0,70126.0,1505.0,4641.0,25424.0,2024,6,3,0,32
1350.0,1098.0,70126.0,1505.0,24243.0,2024,6,21,4,33
4420.0,1350.0,1098.0,70126.0,24191.333333333332,2024,7,24,2,34
6769.0,4420.0,1350.0,1098.0,2289.3333333333335,2024,8,16,4,35
9247.0,6769.0,4420.0,1350.0,4179.666666666667,2024,9,5,3,36
4511.0,9247.0,6769.0,4420.0,6812.0,2024,11,1,4,37
45370.0,3002.0,6003.0,1824.0,3609.6666666666665,2021,4,3,5,3
68886.0,45370.0,3002.0,6003.0,18125.0,2021,7,2,4,4
6508.0,68886.0,45370.0,3002.0,39086.0,2021,7,21,2,5
6171.0,6508.0,68886.0,45370.0,40254.666666666664,2021,9,24,4,6
585.0,6171.0,6508.0,68886.0,27188.333333333332,2021,9,25,5,7
1074.0,585.0,6171.0,6508.0,4421.333333333333,2021,10,22,4,8
3380.0,1074.0,585.0,6171.0,2610.0,2021,11,7,6,9
7215.0,3380.0,1074.0,585.0,1679.6666666666667,2021,12,3,4,10
6926.0,7215.0,3380.0,1074.0,3889.6666666666665,2021,12,8,2,11
4169.0,6926.0,7215.0,3380.0,5840.333333333333,2021,12,15,2,12
2250.0,4169.0,6926.0,7215.0,6103.333333333333,2022,1,26,2,13
7111.0,2250.0,4169.0,6926.0,4448.333333333333,2022,3,17,3,14
1300.0,7111.0,2250.0,4169.0,4510.0,2022,4,14,3,15
1789.0,1300.0,7111.0,2250.0,3553.6666666666665,2022,5,8,6,16
4100.0,1789.0,1300.0,7111.0,3400.0,2022,5,20,4,17
4935.0,4100.0,1789.0,1300.0,2396.3333333333335,2022,6,10,4,18
76469.0,4935.0,4100.0,1789.0,3608.0,2022,7,11,0,19
30247.0,76469.0,4935.0,4100.0,28501.333333333332,2022,11,2,2,20
6246.0,30247.0,76469.0,4935.0,37217.0,2022,11,27,6,21
4919.0,6246.0,30247.0,76469.0,37654.0,2023,1,3,1,22
9718.0,4919.0,6246.0,30247.0,13804.0,2023,1,24,1,23
1434.0,9718.0,4919.0,6246.0,6961.0,2023,8,27,6,24
6081.0,1434.0,9718.0,4919.0,5357.0,2023,10,26,3,25
30476.0,6081.0,1434.0,9718.0,5744.333333333333,2023,11,13,0,26
1367.0,30476.0,6081.0,1434.0,12663.666666666666,2023,12,14,3,27
8969.0,1367.0,30476.0,6081.0,12641.333333333334,2024,2,7,2,28
7553.0,8969.0,1367.0,30476.0,13604.0,2024,2,18,6,29
8027.0,7553.0,8969.0,1367.0,5963.0,2024,2,28,2,30
2099.0,8027.0,7553.0,8969.0,8183.0,2024,4,16,1,31
6684.0,2099.0,8027.0,7553.0,5893.0,2024,4,18,3,32
798.0,6684.0,2099.0,8027.0,5603.333333333333,2024,5,11,5,33
5749.0,798.0,6684.0,2099.0,3193.6666666666665,2024,7,15,0,34
2363.0,5749.0,798.0,6684.0,4410.333333333333,2024,7,16,1,35
1759.0,2363.0,5749.0,798.0,2970.0,2024,8,10,5,36
423.0,1945.0,4262.0,9707.0,5304.666666666667,2021,9,14,1,3
9783.0,423.0,1945.0,4262.0,2210.0,2021,10,15,4,4
61649.0,9783.0,423.0,1945.0,4050.3333333333335,2022,1,1,5,5
9225.0,61649.0,9783.0,423.0,23951.666666666668,2022,1,25,1,6
4115.0,9225.0,61649.0,9783.0,26885.666666666668,2022,3,24,3,7
4689.0,4115.0,9225.0,61649.0,24996.333333333332,2022,8,31,2,8
2512.0,4689.0,4115.0,9225.0,6009.666666666667,2022,11,17,3,9
5104.0,2512.0,4689.0,4115.0,3772.0,2023,1,7,5,10
12377.0,5104.0,2512.0,4689.0,4101.666666666667,2023,1,8,6,11
25785.0,12377.0,5104.0,2512.0,6664.333333333333,2023,5,5,4,12
116.0,25785.0,12377.0,5104.0,14422.0,2023,5,24,2,13
42662.0,116.0,25785.0,12377.0,12759.333333333334,2023,7,19,2,14
3428.0,42662.0,116.0,25785.0,22854.333333333332,2023,7,20,3,15
1248.0,3428.0,42662.0,116.0,15402.0,2023,8,18,4,16
8040.0,1248.0,3428.0,42662.0,15779.333333333334,2023,10,14,5,17
8880.0,8040.0,1248.0,3428.0,4238.666666666667,2023,11,19,6,18
62765.0,8880.0,8040.0,1248.0,6056.0,2023,12,8,4,19
2890.0,62765.0,8880.0,8040.0,26561.666666666668,2023,12,9,5,20
35255.0,2890.0,62765.0,8880.0,24845.0,2023,12,27,2,21
5246.0,35255.0,2890.0,62765.0,33636.666666666664,2024,6,24,0,22
3546.0,5246.0,35255.0,2890.0,14463.666666666666,2024,7,27,5,23
9231.0,3546.0,5246.0,35255.0,14682.333333333334,2024,9,2,0,24
1571.0,9231.0,3546.0,5246.0,6007.666666666667,2024,9,27,4,25
3941.0,1571.0,9231.0,3546.0,4782.666666666667,2024,10,19,5,26
2613.0,5549.0,1226.0,8747.0,5174.0,2021,5,18,1,3
4747.0,2613.0,5549.0,1226.0,3129.3333333333335,2021,5,22,5,4
1785.0,4747.0,2613.0,5549.0,4303.0,2021,5,28,4,5
27406.0,1785.0,4747.0,2613.0,3048.3333333333335,2021,6,27,6,6
2278.0,27406.0,1785.0,4747.0,11312.666666666666,2021,8,12,3,7
5535.0,2278.0,27406.0,1785.0,10489.666666666666,2021,9,20,0,8
6805.0,5535.0,2278.0,27406.0,11739.666666666666,2021,10,3,6,9
21432.0,6805.0,5535.0,2278.0,4872.666666666667,2021,10,3,6,10
361.0,21432.0,6805.0,5535.0,11257.333333333334,2022,1,1,5,11
5655.0,361.0,21432.0,6805.0,9532.666666666666,2022,1,3,0,12
7447.0,5655.0,361.0,21432.0,9149.333333333334,2022,1,13,3,13
47473.0,7447.0,5655.0,361.0,4487.666666666667,2022,2,17,3,14
70943.0,47473.0,7447.0,5655.0,20191.666666666668,2022,2,26,5,15
33767.0,70943.0,47473.0,7447.0,41954.333333333336,2022,3,19,5,16
4410.0,33767.0,70943.0,47473.0,50727.666666666664,2022,4,6,2,17
1850.0,4410.0,33767.0,70943.0,36373.333333333336,2022,4,8,4,18
8265.0,1850.0,4410.0,33767.0,13342.333333333334,2022,4,22,4,19
993.0,8265.0,1850.0,4410.0,4841.666666666667,2022,4,24,6,20
1050.0,993.0,8265.0,1850.0,3702.6666666666665,2022,7,27,2,21
25499.0,1050.0,993.0,8265.0,3436.0,2022,10,24,0,22
6984.0,25499.0,1050.0,993.0,9180.666666666666,2022,11,2,2,23
3527.0,6984.0,25499.0,1050.0,11177.666666666666,2022,11,13,6,24
4901.0,3527.0,6984.0,25499.0,12003.333333333334,2022,12,18,6,25
655.0,4901.0,3527.0,6984.0,5137.333333333333,2022,12,31,5,26
6756.0,655.0,4901.0,3527.0,3027.6666666666665,2023,4,2,6,27
4099.0,6756.0,655.0,4901.0,4104.0,2023,4,16,6,28
203.0,4099.0,6756.0,655.0,3836.6666666666665,2023,5,5,4,29
255.0,203.0,4099.0,6756.0,3686.0,2023,6,11,6,30
907.0,255.0,203.0,4099.0,1519.0,2023,6,11,6,31
8290.0,907.0,255.0,203.0,455.0,2023,7,23,6,32
7110.0,8290.0,907.0,255.0,3150.6666666666665,2023,10,3,1,33
1387.0,7110.0,8290.0,907.0,5435.666666666667,2023,10,7,5,34
8311.0,1387.0,7110.0,8290.0,5595.666666666667,2023,10,13,4,35
678.0,8311.0,1387.0,7110.0,5602.666666666667,2023,11,8,2,36
21272.0,678.0,8311.0,1387.0,3458.6666666666665,2023,11,12,6,37
4416.0,21272.0,678.0,8311.0,10087.0,2024,5,17,4,38
9895.0,4416.0,21272.0,678.0,8788.666666666666,2024,6,2,6,39
23072.0,9895.0,4416.0,21272.0,11861.0,2024,7,24,2,40
3080.0,45894.0,4008.0,758.0,16886.666666666668,2021,2,6,5,3
9201.0,3080.0,45894.0,4008.0,17660.666666666668,2021,3,22,0,4
1161.0,9201.0,3080.0,45894.0,19391.666666666668,2021,4,16,4,5
8010.0,1161.0,9201.0,3080.0,4480.666666666667,2021,5,14,4,6
2424.0,8010.0,1161.0,9201.0,6124.0,2021,6,2,2,7
40824.0,2424.0,8010.0,1161.0,3865.0,2021,7,17,5,8
988.0,40824.0,2424.0,8010.0,17086.0,2021,8,14,5,9
8768.0,988.0,40824.0,2424.0,14745.333333333334,2021,10,6,2,10
9958.0,8768.0,988.0,40824.0,16860.0,2022,3,6,6,11
6158.0,9958.0,8768.0,988.0,6571.333333333333,2022,10,7,4,12
28899.0,6158.0,9958.0,8768.0,8294.666666666666,2023,1,1,6,13
654.0,28899.0,6158.0,9958.0,15005.0,2023,5,7,6,14
2375.0,654.0,28899.0,6158.0,11903.666666666666,2023,7,17,0,15
2081.0,2375.0,654.0,28899.0,10642.666666666666,2023,7,25,1,16
9814.0,2081.0,2375.0,654.0,1703.3333333333333,2023,10,31,1,17
3669.0,9814.0,2081.0,2375.0,4756.666666666667,2024,1,26,4,18
4342.0,3669.0,9814.0,2081.0,5188.0,2024,3,4,0,19
4410.0,4342.0,3669.0,9814.0,5941.666666666667,2024,4,13,5,20
798.0,4410.0,4342.0,3669.0,4140.333333333333,2024,6,12,2,21
3147.0,798.0,4410.0,4342.0,3183.3333333333335,2024,7,9,1,22
6511.0,2686.0,7989.0,2220.0,4298.333333333333,2021,7,30,4,3
26949.0,6511.0,2686.0,7989.0,5728.666666666667,2021,9,13,0,4
6801.0,26949.0,6511.0,2686.0,12048.666666666666,2021,9,13,0,5
462.0,6801.0,26949.0,6511.0,13420.333333333334,2021,9,17,4,6
5785.0,462.0,6801.0,26949.0,11404.0,2021,10,5,1,7
8575.0,5785.0,462.0,6801.0,4349.333333333333,2021,12,25,5,8
2556.0,8575.0,5785.0,462.0,4940.666666666667,2021,12,30,3,9
8518.0,2556.0,8575.0,5785.0,5638.666666666667,2022,1,5,2,10
4457.0,8518.0,2556.0,8575.0,6549.666666666667,2022,4,21,3,11
12915.0,4457.0,8518.0,2556.0,5177.0,2022,5,19,3,12
6738.0,12915.0,4457.0,8518.0,8630.0,2022,5,23,0,13
2074.0,6738.0,12915.0,4457.0,8036.666666666667,2022,6,21,1,14
1007.0,2074.0,6738.0,12915.0,7242.333333333333,2022,7,5,1,15
813.0,1007.0,2074.0,6738.0,3273.0,2022,8,12,4,16
5623.0,813.0,1007.0,2074.0,1298.0,2022,8,12,4,17
2909.0,5623.0,813.0,1007.0,2481.0,2022,8,24,2,18
25509.0,2909.0,5623.0,813.0,3115.0,2022,11,25,4,19
5854.0,25509.0,2909.0,5623.0,11347.0,2022,12,9,4,20
7220.0,5854.0,25509.0,2909.0,11424.0,2023,5,4,3,21
39718.0,7220.0,5854.0,25509.0,12861.0,2023,5,19,4,22
543.0,39718.0,7220.0,5854.0,17597.333333333332,2023,8,27,6,23
4542.0,543.0,39718.0,7220.0,15827.0,2023,9,17,6,24
1395.0,4542.0,543.0,39718.0,14934.333333333334,2023,9,27,2,25
26660.0,1395.0,4542.0,543.0,2160.0,2023,10,13,4,26
6289.0,26660.0,1395.0,4542.0,10865.666666666666,2023,11,16,3,27
7134.0,6289.0,26660.0,1395.0,11448.0,2024,1,30,1,28
2873.0,7134.0,6289.0,26660.0,13361.0,2024,2,28,2,29
2706.0,2873.0,7134.0,6289.0,5432.0,2024,3,1,4,30
1904.0,2706.0,2873.0,7134.0,4237.666666666667,2024,4,7,6,31
5230.0,1904.0,2706.0,2873.0,2494.3333333333335,2024,4,23,1,32
15451.0,5230.0,1904.0,2706.0,3280.0,2024,5,13,0,33
6643.0,15451.0,5230.0,1904.0,7528.333333333333,2024,7,22,0,34
3718.0,6643.0,15451.0,5230.0,9108.0,2024,8,12,0,35
3639.0,3718.0,6643.0,15451.0,8604.0,2024,8,13,1,36
6796.0,3639.0,3718.0,6643.0,4666.666666666667,2024,8,21,2,37
66078.0,6796.0,3639.0,3718.0,4717.666666666667,2024,9,3,1,38
9138.0,66078.0,6796.0,3639.0,25504.333333333332,2024,9,16,0,39
6207.0,9138.0,66078.0,6796.0,27337.333333333332,2024,9,16,0,40
9403.0,6207.0,9138.0,66078.0,27141.0,2024,10,28,0,41
59813.0,9403.0,6207.0,9138.0,8249.333333333334,2024,11,1,4,42
402.0,59813.0,9403.0,6207.0,25141.0,2024,11,4,0,43
7996.0,6892.0,479.0,1735.0,3035.3333333333335,2021,2,22,0,3
30473.0,7996.0,6892.0,479.0,5122.333333333333,2021,5,22,5,4
2621.0,30473.0,7996.0,6892.0,15120.333333333334,2021,5,23,6,5
2263.0,2621.0,30473.0,7996.0,13696.666666666666,2021,6,14,0,6
7250.0,2263.0,2621.0,30473.0,11785.666666666666,2021,7,13,1,7
78729.0,7250.0,2263.0,2621.0,4044.6666666666665,2021,7,29,3,8
1248.0,78729.0,7250.0,2263.0,29414.0,2021,7,29,3,9
24908.0,1248.0,78729.0,7250.0,29075.666666666668,2021,8,9,0,10
490.0,24908.0,1248.0,78729.0,34961.666666666664,2022,1,9,6,11
42012.0,490.0,24908.0,1248.0,8882.0,2022,3,7,0,12
26977.0,42012.0,490.0,24908.0,22470.0,2022,4,5,1,13
2131.0,26977.0,42012.0,490.0,23159.666666666668,2022,6,12,6,14
30827.0,2131.0,26977.0,42012.0,23706.666666666668,2022,8,7,6,15
1824.0,30827.0,2131.0,26977.0,19978.333333333332,2022,10,30,6,16
3306.0,1824.0,30827.0,2131.0,11594.0,2022,12,29,3,17
9071.0,3306.0,1824.0,30827.0,11985.666666666666,2022,12,30,4,18
7428.0,9071.0,3306.0,1824.0,4733.666666666667,2023,1,30,0,19
481.0,7428.0,9071.0,3306.0,6601.666666666667,2023,2,25,5,20
2988.0,481.0,7428.0,9071.0,5660.0,2023,5,9,1,21
2374.0,2988.0,481.0,7428.0,3632.3333333333335,2023,5,23,1,22
9487.0,2374.0,2988.0,481.0,1947.6666666666667,2023,6,19,0,23
4403.0,9487.0,2374.0,2988.0,4949.666666666667,2023,8,5,5,24
5695.0,4403.0,9487.0,2374.0,5421.333333333333,2023,9,4,0,25
55602.0,5695.0,4403.0,9487.0,6528.333333333333,2023,10,7,5,26
2548.0,55602.0,5695.0,4403.0,21900.0,2023,10,29,6,27
3832.0,2548.0,55602.0,5695.0,21281.666666666668,2023,12,28,3,28
556.0,3832.0,2548.0,55602.0,20660.666666666668,2023,12,29,4,29
1110.0,556.0,3832.0,2548.0,2312.0,2024,2,1,3,30
2152.0,1110.0,556.0,3832.0,1832.6666666666667,2024,6,10,0,31
1130.0,2152.0,1110.0,556.0,1272.6666666666667,2024,7,25,3,32
7731.0,1130.0,2152.0,1110.0,1464.0,2024,7,28,6,33
18396.0,7731.0,1130.0,2152.0,3671.0,2024,8,17,5,34
3377.0,18396.0,7731.0,1130.0,9085.666666666666,2024,10,15,1,35
6507.0,3377.0,18396.0,7731.0,9834.666666666666,2024,11,4,0,36
12316.0,6507.0,3377.0,18396.0,9426.666666666666,2024,12,7,5,37
427.0,9681.0,8842.0,5351.0,7958.0,2021,4,30,4,3
2087.0,427.0,9681.0,8842.0,6316.666666666667,2021,6,19,5,4
29690.0,2087.0,427.0,9681.0,4065.0,2021,7,4,6,5
4571.0,29690.0,2087.0,427.0,10734.666666666666,2021,9,8,2,6
9225.0,4571.0,29690.0,2087.0,12116.0,2021,9,24,4,7
3449.0,9225.0,4571.0,29690.0,14495.333333333334,2021,10,14,3,8
644.0,3449.0,9225.0,4571.0,5748.333333333333,2022,2,3,3,9
9065.0,644.0,3449.0,9225.0,4439.333333333333,2022,3,5,5,10
1557.0,9065.0,644.0,3449.0,4386.0,2022,4,28,3,11
2460.0,1557.0,9065.0,644.0,3755.3333333333335,2022,6,1,2,12
6701.0,2460.0,1557.0,9065.0,4360.666666666667,2022,6,21,1,13
9459.0,6701.0,2460.0,1557.0,3572.6666666666665,2022,9,1,3,14
34776.0,9459.0,6701.0,2460.0,6206.666666666667,2022,9,13,1,15
2424.0,34776.0,9459.0,6701.0,16978.666666666668,2022,11,1,1,16
1283.0,2424.0,34776.0,9459.0,15553.0,2022,11,6,6,17
8886.0,1283.0,2424.0,34776.0,12827.666666666666,2022,12,14,2,18
2980.0,8886.0,1283.0,2424.0,4197.666666666667,2022,12,22,3,19
3884.0,2980.0,8886.0,1283.0,4383.0,2023,1,14,5,20
943.0,3884.0,2980.0,8886.0,5250.0,2023,1,16,0,21
2779.0,943.0,3884.0,2980.0,2602.3333333333335,2023,1,27,4,22
961.0,2779.0,943.0,3884.0,2535.3333333333335,2023,1,28,5,23
2184.0,961.0,2779.0,943.0,1561.0,2023,2,4,5,24
79476.0,2184.0,961.0,2779.0,1974.6666666666667,2023,3,4,5,25
9476.0,79476.0,2184.0,961.0,27540.333333333332,2023,4,20,3,26
8182.0,9476.0,79476.0,2184.0,30378.666666666668,2023,6,18,6,27
2635.0,8182.0,9476.0,79476.0,32378.0,2023,7,20,3,28
9919.0,2635.0,8182.0,9476.0,6764.333333333333,2023,8,10,3,29
1680.0,9919.0,2635.0,8182.0,6912.0,2023,8,16,2,30
4577.0,1680.0,9919.0,2635.0,4744.666666666667,2023,8,20,6,31
9894.0,4577.0,1680.0,9919.0,5392.0,2023,8,24,3,32
55338.0,9894.0,4577.0,1680.0,5383.666666666667,2023,9,14,3,33
9335.0,55338.0,9894.0,4577.0,23269.666666666668,2024,2,5,0,34
4571.0,9335.0,55338.0,9894.0,24855.666666666668,2024,2,6,1,35
883.0,4571.0,9335.0,55338.0,23081.333333333332,2024,3,30,5,36
42691.0,883.0,4571.0,9335.0,4929.666666666667,2024,3,31,6,37
4968.0,42691.0,883.0,4571.0,16048.333333333334,2024,4,8,0,38
3950.0,4968.0,42691.0,883.0,16180.666666666666,2024,5,11,5,39
700.0,3950.0,4968.0,42691.0,17203.0,2024,7,31,2,40
6348.0,700.0,3950.0,4968.0,3206.0,2024,8,23,4,41
1862.0,6348.0,700.0,3950.0,3666.0,2024,8,28,2,42
24620.0,1862.0,6348.0,700.0,2970.0,2024,10,4,4,43
8802.0,3418.0,1920.0,51266.0,18868.0,2021,4,29,3,3
25941.0,8802.0,3418.0,1920.0,4713.333333333333,2021,6,3,3,4
4895.0,25941.0,8802.0,3418.0,12720.333333333334,2021,6,26,5,5
6284.0,4895.0,25941.0,8802.0,13212.666666666666,2021,8,7,5,6
2858.0,6284.0,4895.0,25941.0,12373.333333333334,2021,8,19,3,7
7019.0,2858.0,6284.0,4895.0,4679.0,2021,10,11,0,8
5516.0,7019.0,2858.0,6284.0,5387.0,2021,11,13,5,9
20509.0,5516.0,7019.0,2858.0,5131.0,2022,1,25,1,10
8615.0,20509.0,5516.0,7019.0,11014.666666666666,2022,2,1,1,11
1341.0,8615.0,20509.0,5516.0,11546.666666666666,2022,5,6,4,12
392.0,1341.0,8615.0,20509.0,10155.0,2022,5,19,3,13
8931.0,392.0,1341.0,8615.0,3449.3333333333335,2022,6,14,1,14
4897.0,8931.0,392.0,1341.0,3554.6666666666665,2022,6,17,4,15
9521.0,4897.0,8931.0,392.0,4740.0,2022,7,29,4,16
1249.0,9521.0,4897.0,8931.0,7783.0,2022,8,2,1,17
5061.0,1249.0,9521.0,4897.0,5222.333333333333,2022,8,11,3,18
38776.0,5061.0,1249.0,9521.0,5277.0,2022,8,30,1,19
7439.0,38776.0,5061.0,1249.0,15028.666666666666,2022,10,23,6,20
4300.0,7439.0,38776.0,5061.0,17092.0,2023,2,8,2,21
1136.0,4300.0,7439.0,38776.0,16838.333333333332,2023,2,8,2,22
1917.0,1136.0,4300.0,7439.0,4291.666666666667,2023,2,11,5,23
5139.0,1917.0,1136.0,4300.0,2451.0,2023,4,12,2,24
1341.0,5139.0,1917.0,1136.0,2730.6666666666665,2023,5,22,0,25
9715.0,1341.0,5139.0,1917.0,2799.0,2023,10,29,6,26
3896.0,9715.0,1341.0,5139.0,5398.333333333333,2023,11,20,0,27
7634.0,3896.0,9715.0,1341.0,4984.0,2023,12,9,5,28
552.0,7634.0,3896.0,9715.0,7081.666666666667,2024,1,10,2,29
9163.0,552.0,7634.0,3896.0,4027.3333333333335,2024,3,2,5,30
7091.0,9163.0,552.0,7634.0,5783.0,2024,3,12,1,31
7271.0,7091.0,9163.0,552.0,5602.0,2024,3,20,2,32
20996.0,7271.0,7091.0,9163.0,7841.666666666667,2024,5,2,3,33
3190.0,20996.0,7271.0,7091.0,11786.0,2024,7,28,6,34
199798.0,3190.0,20996.0,7271.0,10485.666666666666,2024,9,2,0,35
3591.0,199798.0,3190.0,20996.0,74661.33333333333,2024,9,6,4,36
4220.0,3591.0,199798.0,3190.0,68859.66666666667,2024,9,8,6,37
17940.0,4220.0,3591.0,199798.0,69203.0,2024,10,1,1,38
6273.0,17940.0,4220.0,3591.0,8583.666666666666,2024,10,12,5,39
1311.0,6273.0,17940.0,4220.0,9477.666666666666,2024,10,14,0,40
4562.0,7368.0,7740.0,7472.0,7526.666666666667,2021,5,6,3,3
4673.0,4562.0,7368.0,7740.0,6556.666666666667,2021,5,20,3,4
7639.0,4673.0,4562.0,7368.0,5534.333333333333,2021,6,4,4,5
1869.0,7639.0,4673.0,4562.0,5624.666666666667,2021,6,28,0,6
75302.0,1869.0,7639.0,4673.0,4727.0,2021,9,27,0,7
4406.0,75302.0,1869.0,7639.0,28270.0,2021,10,9,5,8
1130.0,4406.0,75302.0,1869.0,27192.333333333332,2021,11,5,4,9
999999.0,1130.0,4406.0,75302.0,26946.0,2021,12,18,5,10
433.0,999999.0,1130.0,4406.0,335178.3333333333,2022,1,2,6,11
1364.0,433.0,999999.0,1130.0,333854.0,2022,5,24,1,12
5628.0,1364.0,433.0,999999.0,333932.0,2022,5,24,1,13
6432.0,5628.0,1364.0,433.0,2475.0,2022,6,3,4,14
46028.0,6432.0,5628.0,1364.0,4474.666666666667,2022,9,26,0,15
17119.0,46028.0,6432.0,5628.0,19362.666666666668,2022,10,19,2,16
8152.0,17119.0,46028.0,6432.0,23193.0,2022,11,11,4,17
9301.0,8152.0,17119.0,46028.0,23766.333333333332,2023,1,25,2,18
2008.0,9301.0,8152.0,17119.0,11524.0,2023,5,2,1,19
8477.0,2008.0,9301.0,8152.0,6487.0,2023,6,25,6,20
6177.0,8477.0,2008.0,9301.0,6595.333333333333,2023,7,3,0,21
4179.0,6177.0,8477.0,2008.0,5554.0,2023,8,5,5,22
493.0,4179.0,6177.0,8477.0,6277.666666666667,2023,8,29,1,23
6971.0,493.0,4179.0,6177.0,3616.3333333333335,2023,10,10,1,24
7628.0,6971.0,493.0,4179.0,3881.0,2023,10,15,6,25
8181.0,7628.0,6971.0,493.0,5030.666666666667,2023,12,10,6,26
3815.0,8181.0,7628.0,6971.0,7593.333333333333,2024,3,3,6,27
2580.0,3815.0,8181.0,7628.0,6541.333333333333,2024,4,13,5,28
8081.0,2580.0,3815.0,8181.0,4858.666666666667,2024,6,22,5,29
5362.0,8081.0,2580.0,3815.0,4825.333333333333,2024,7,14,6,30
2910.0,5362.0,8081.0,2580.0,5341.0,2024,7,15,0,31
8007.0,2910.0,5362.0,8081.0,5451.0,2024,10,27,6,32
6460.0,72863.0,3006.0,39406.0,38425.0,2021,4,27,1,3
2386.0,6460.0,72863.0,3006.0,27443.0,2021,6,16,2,4
15158.0,2386.0,6460.0,72863.0,27236.333333333332,2021,7,27,1,5
41519.0,15158.0,2386.0,6460.0,8001.333333333333,2021,8,31,1,6
75496.0,41519.0,15158.0,2386.0,19687.666666666668,2022,2,22,1,7
982.0,75496.0,41519.0,15158.0,44057.666666666664,2022,3,9,2,8
8331.0,982.0,75496.0,41519.0,39332.333333333336,2022,3,24,3,9
46791.0,8331.0,982.0,75496.0,28269.666666666668,2022,4,14,3,10
