transaction_id,user_id,date,transaction_type,category,amount,payment_mode,location,notes,year,month,day,weekday,lag_1,lag_2,lag_3,rolling_mean_3,user_transaction_count,target
T4132,U001,2021-10-06,Expense,Utilities,5394.0,Upi,Unknown,...,2021,10,6,2,27587.0,679.0,4178.0,10814.666666666666,3,9376.0
T12736,U001,2021-10-08,Expense,Education,9376.0,Upi,Mumbai,asdfgh,2021,10,8,4,5394.0,27587.0,679.0,11220.0,4,9484.0
T4454,U001,2021-10-26,Expense,Entertainment,9484.0,Cash,Mumbai,No Notes,2021,10,26,1,9376.0,5394.0,27587.0,14119.0,5,5385.0
T8055,U001,2021-12-22,Expense,Entertainment,5385.0,Upi,Lucknow,Online course,2021,12,22,2,9484.0,9376.0,5394.0,8084.666666666667,6,5881.0
T3254,U001,2022-02-12,Expense,Education,5881.0,Upi,Bangalore,asdfgh,2022,2,12,5,5385.0,9484.0,9376.0,8081.666666666667,7,3404.0
T3594,U001,2022-02-26,Expense,Food,3404.0,Bank_Transfer,Hyderabad,No Notes,2022,2,26,5,5881.0,5385.0,9484.0,6916.666666666667,8,7698.0
T3923,U001,2022-05-18,Expense,Travel,7698.0,Upi,Jaipur,No Notes,2022,5,18,2,3404.0,5881.0,5385.0,4890.0,9,459.0
T0913,U001,2022-05-25,Expense,Travel,459.0,Upi,Delhi,Movie tickets,2022,5,25,2,7698.0,3404.0,5881.0,5661.0,10,17529.0
T4149,U001,2022-07-12,Expense,Rent,17529.0,Cash,Ahmedabad,Shopping,2022,7,12,1,459.0,7698.0,3404.0,3853.6666666666665,11,7554.0
T2408,U001,2022-08-15,Expense,Education,7554.0,Bank_Transfer,Jaipur,Uber ride,2022,8,15,0,17529.0,459.0,7698.0,8562.0,12,9440.0
T2682,U001,2022-10-08,Expense,Others,9440.0,Card,Pune,Grocery shopping,2022,10,8,5,7554.0,17529.0,459.0,8514.0,13,3926.0
T0464,U001,2022-10-22,Expense,Rent,3926.0,Cash,Ahmedabad,Movie tickets,2022,10,22,5,9440.0,7554.0,17529.0,11507.666666666666,14,8348.0
T1167,U001,2023-01-11,Expense,Entertainment,8348.0,Cash,Kolkata,Electricity bill,2023,1,11,2,3926.0,9440.0,7554.0,6973.333333333333,15,3885.0
T6890,U001,2023-02-08,Expense,Food,3885.0,Bank_Transfer,Kolkata,No Notes,2023,2,8,2,8348.0,3926.0,9440.0,7238.0,16,8735.0
T10256,U001,2023-02-16,Expense,Others,8735.0,Upi,Pune,No Notes,2023,2,16,3,3885.0,8348.0,3926.0,5386.333333333333,17,7959.0
T9718,U001,2023-02-21,Expense,Food,7959.0,Cash,Delhi,No Notes,2023,2,21,1,8735.0,3885.0,8348.0,6989.333333333333,18,3076.0
T3331,U001,2023-02-22,Expense,Entertainment,3076.0,Card,Delhi,Monthly rent payment,2023,2,22,2,7959.0,8735.0,3885.0,6859.666666666667,19,73568.0
T2593,U001,2023-02-26,Income,Investment,73568.0,Upi,Bangalore,test,2023,2,26,6,3076.0,7959.0,8735.0,6590.0,20,42053.0
T1029,U001,2023-03-07,Income,Others,42053.0,Bank_Transfer,Pune,EMI payment,2023,3,7,1,73568.0,3076.0,7959.0,28201.0,21,69892.0
T12982,U001,2023-04-06,Income,Salary,69892.0,Bank_Transfer,Unknown,Grocery shopping,2023,4,6,3,42053.0,73568.0,3076.0,39565.666666666664,22,1575.0
T10138,U001,2023-05-25,Expense,Food,1575.0,Upi,Lucknow,No Notes,2023,5,25,3,69892.0,42053.0,73568.0,61837.666666666664,23,262.0
T9441,U001,2023-06-25,Expense,Entertainment,262.0,Cash,Kolkata,Shopping,2023,6,25,6,1575.0,69892.0,42053.0,37840.0,24,882.0
T1521,U001,2023-07-12,Expense,Others,882.0,Upi,Delhi,Monthly rent payment,2023,7,12,2,262.0,1575.0,69892.0,23909.666666666668,25,7321.0
T9445,U001,2023-08-24,Expense,Food,7321.0,Unknown,Hyderabad,EMI payment,2023,8,24,3,882.0,262.0,1575.0,906.3333333333334,26,4839.0
T12363,U001,2023-11-10,Expense,Food,4839.0,Cash,Mumbai,EMI payment,2023,11,10,4,7321.0,882.0,262.0,2821.6666666666665,27,34793.0
T2346,U001,2023-11-13,Expense,Rent,34793.0,Upi,Kolkata,Online course,2023,11,13,0,4839.0,7321.0,882.0,4347.333333333333,28,2100.0
T12373,U001,2023-12-02,Expense,Rent,2100.0,Unknown,Pune,Gym membership,2023,12,2,5,34793.0,4839.0,7321.0,15651.0,29,4103.0
T12046,U001,2024-02-01,Expense,Food,4103.0,Unknown,Bangalore,No Notes,2024,2,1,3,2100.0,34793.0,4839.0,13910.666666666666,30,49068.0
T2770,U001,2024-02-11,Income,Salary,49068.0,Cash,Mumbai,Lunch,2024,2,11,6,4103.0,2100.0,34793.0,13665.333333333334,31,3907.0
T8946,U001,2024-04-11,Expense,Food,3907.0,Card,Hyderabad,ATM withdrawal,2024,4,11,3,49068.0,4103.0,2100.0,18423.666666666668,32,8174.0
T5921,U001,2024-05-24,Expense,Travel,8174.0,Cash,Ahmedabad,EMI payment,2024,5,24,4,3907.0,49068.0,4103.0,19026.0,33,1413.0
T1410,U001,2024-05-25,Expense,Food,1413.0,Card,Jaipur,!!!,2024,5,25,5,8174.0,3907.0,49068.0,20383.0,34,25294.0
T1909,U001,2024-07-15,Income,Freelance,25294.0,Cash,Chennai,Coffee,2024,7,15,0,1413.0,8174.0,3907.0,4498.0,35,6258.0
T0426,U001,2024-11-20,Expense,Rent,6258.0,Upi,Unknown,Restaurant dinner,2024,11,20,2,25294.0,1413.0,8174.0,11627.0,36,36001.0
T7689,U001,2024-11-22,Expense,Rent,36001.0,Card,Kolkata,Coffee,2024,11,22,4,6258.0,25294.0,1413.0,10988.333333333334,37,252.0
T3893,U002,2021-11-29,Expense,Health,8193.0,Bank_Transfer,Bangalore,xyz123,2021,11,29,0,1012.0,32675.0,6785.0,13490.666666666666,3,56818.0
T12250,U002,2021-12-14,Income,Investment,56818.0,Bank_Transfer,Hyderabad,EMI payment,2021,12,14,1,8193.0,1012.0,32675.0,13960.0,4,71558.0
T4684,U002,2021-12-22,Income,Investment,71558.0,Upi,Chennai,ATM withdrawal,2021,12,22,2,56818.0,8193.0,1012.0,22007.666666666668,5,4750.0
T3175,U002,2022-01-12,Expense,Food,4750.0,Card,Chennai,Monthly rent payment,2022,1,12,2,71558.0,56818.0,8193.0,45523.0,6,5654.0
T8692,U002,2022-01-31,Expense,Rent,5654.0,Upi,Hyderabad,ATM withdrawal,2022,1,31,0,4750.0,71558.0,56818.0,44375.333333333336,7,1735.0
T5109,U002,2022-02-28,Expense,Travel,1735.0,Bank_Transfer,Ahmedabad,ATM withdrawal,2022,2,28,0,5654.0,4750.0,71558.0,27320.666666666668,8,8005.0
T12110,U002,2022-05-21,Expense,Savings,8005.0,Unknown,Kolkata,Coffee,2022,5,21,5,1735.0,5654.0,4750.0,4046.3333333333335,9,9771.0
T5610,U002,2022-06-18,Expense,Utilities,9771.0,Upi,Chennai,Monthly rent payment,2022,6,18,5,8005.0,1735.0,5654.0,5131.333333333333,10,13927.0
T7138,U002,2022-07-22,Income,Bonus,13927.0,Card,Ahmedabad,Petrol,2022,7,22,4,9771.0,8005.0,1735.0,6503.666666666667,11,9892.0
T9839,U002,2022-11-17,Expense,Education,9892.0,Card,Unknown,Online course,2022,11,17,3,13927.0,9771.0,8005.0,10567.666666666666,12,4312.0
T6122,U002,2022-11-23,Expense,Food,4312.0,Card,Chennai,Internet bill,2022,11,23,2,9892.0,13927.0,9771.0,11196.666666666666,13,5150.0
T2389,U002,2022-12-08,Expense,Health,5150.0,Upi,Bangalore,ATM withdrawal,2022,12,8,3,4312.0,9892.0,13927.0,9377.0,14,5292.0
T7427,U002,2022-12-21,Expense,Entertainment,5292.0,Bank_Transfer,Delhi,asdfgh,2022,12,21,2,5150.0,4312.0,9892.0,6451.333333333333,15,4359.0
T12613,U002,2023-05-08,Expense,Food,4359.0,Upi,Pune,No Notes,2023,5,8,0,5292.0,5150.0,4312.0,4918.0,16,46947.0
T11812,U002,2023-08-11,Expense,Rent,46947.0,Card,Chennai,Lunch,2023,8,11,4,4359.0,5292.0,5150.0,4933.666666666667,17,3203.0
T9218,U002,2023-11-06,Expense,Food,3203.0,Card,Lucknow,misc,2023,11,6,0,46947.0,4359.0,5292.0,18866.0,18,676.0
T0709,U002,2024-02-27,Expense,Health,676.0,Bank_Transfer,Kolkata,xyz123,2024,2,27,1,3203.0,46947.0,4359.0,18169.666666666668,19,1443.0
T2862,U002,2024-04-30,Expense,Savings,1443.0,Card,Lucknow,Grocery shopping,2024,4,30,1,676.0,3203.0,46947.0,16942.0,20,18922.0
T8906,U002,2024-06-21,Expense,Rent,18922.0,Bank_Transfer,Pune,Books,2024,6,21,4,1443.0,676.0,3203.0,1774.0,21,3150.0
T7219,U002,2024-06-28,Expense,Education,3150.0,Bank_Transfer,Ahmedabad,No Notes,2024,6,28,4,18922.0,1443.0,676.0,7013.666666666667,22,5919.0
T12537,U002,2024-09-08,Expense,Utilities,5919.0,Card,Mumbai,Train ticket,2024,9,8,6,3150.0,18922.0,1443.0,7838.333333333333,23,9538.0
T11094,U002,2024-09-12,Expense,Health,9538.0,Bank_Transfer,Pune,No Notes,2024,9,12,3,5919.0,3150.0,18922.0,9330.333333333334,24,2324.0
T3981,U002,2024-09-21,Expense,Food,2324.0,Cash,Pune,Internet bill,2024,9,21,5,9538.0,5919.0,3150.0,6202.333333333333,25,7550.0
T11762,U002,2024-09-21,Expense,Travel,7550.0,Upi,Hyderabad,Train ticket,2024,9,21,5,2324.0,9538.0,5919.0,5927.0,26,5727.0
T5000,U003,2022-02-06,Income,Investment,11162.0,Unknown,Mumbai,xyz123,2022,2,6,6,169.0,8374.0,3829.0,4124.0,3,5996.0
T6536,U003,2022-03-22,Expense,Rent,5996.0,Card,Jaipur,Internet bill,2022,3,22,1,11162.0,169.0,8374.0,6568.333333333333,4,9508.0
T7641,U003,2022-04-04,Expense,Travel,9508.0,Bank_Transfer,Kolkata,...,2022,4,4,0,5996.0,11162.0,169.0,5775.666666666667,5,8157.0
T11366,U003,2022-04-14,Expense,Food,8157.0,Upi,Pune,...,2022,4,14,3,9508.0,5996.0,11162.0,8888.666666666666,6,1258.0
T10130,U003,2022-06-14,Expense,Food,1258.0,Unknown,Hyderabad,Online course,2022,6,14,1,8157.0,9508.0,5996.0,7887.0,7,2121.0
T6287,U003,2022-10-14,Expense,Utilities,2121.0,Card,Mumbai,Petrol,2022,10,14,4,1258.0,8157.0,9508.0,6307.666666666667,8,3946.0
T1002,U003,2022-12-18,Expense,Entertainment,3946.0,Upi,Kolkata,!!!,2022,12,18,6,2121.0,1258.0,8157.0,3845.3333333333335,9,7824.0
T13198,U003,2023-01-02,Expense,Entertainment,7824.0,Bank_Transfer,Jaipur,EMI payment,2023,1,2,0,3946.0,2121.0,1258.0,2441.6666666666665,10,1550.0
T2478,U003,2023-01-09,Expense,Entertainment,1550.0,Bank_Transfer,Lucknow,Doctor consultation,2023,1,9,0,7824.0,3946.0,2121.0,4630.333333333333,11,1986.0
T3457,U003,2023-01-20,Expense,Food,1986.0,Bank_Transfer,Unknown,Internet bill,2023,1,20,4,1550.0,7824.0,3946.0,4440.0,12,9361.0
T9217,U003,2023-03-09,Expense,Utilities,9361.0,Upi,Lucknow,Train ticket,2023,3,9,3,1986.0,1550.0,7824.0,3786.6666666666665,13,7880.0
T2667,U003,2023-03-20,Expense,Food,7880.0,Bank_Transfer,Kolkata,No Notes,2023,3,20,0,9361.0,1986.0,1550.0,4299.0,14,1974.0
T0705,U003,2023-03-21,Expense,Rent,1974.0,Card,Kolkata,test,2023,3,21,1,7880.0,9361.0,1986.0,6409.0,15,5749.0
T11773,U003,2023-03-25,Expense,Health,5749.0,Upi,Lucknow,Lunch,2023,3,25,5,1974.0,7880.0,9361.0,6405.0,16,57294.0
T6744,U003,2023-05-14,Income,Investment,57294.0,Cash,Mumbai,Internet bill,2023,5,14,6,5749.0,1974.0,7880.0,5201.0,17,2278.0
T8361,U003,2023-05-16,Expense,Rent,2278.0,Bank_Transfer,Delhi,Train ticket,2023,5,16,1,57294.0,5749.0,1974.0,21672.333333333332,18,45251.0
T10050,U003,2023-05-31,Expense,Rent,45251.0,Card,Ahmedabad,EMI payment,2023,5,31,2,2278.0,57294.0,5749.0,21773.666666666668,19,8751.0
T6862,U003,2023-06-04,Expense,Food,8751.0,Cash,Ahmedabad,EMI payment,2023,6,4,6,45251.0,2278.0,57294.0,34941.0,20,9682.0
T9837,U003,2023-07-17,Expense,Savings,9682.0,Upi,Lucknow,xyz123,2023,7,17,0,8751.0,45251.0,2278.0,18760.0,21,987.0
T12795,U003,2023-08-12,Expense,Rent,987.0,Upi,Hyderabad,Petrol,2023,8,12,5,9682.0,8751.0,45251.0,21228.0,22,41293.0
T7871,U003,2023-09-19,Income,Bonus,41293.0,Card,Delhi,Medicine,2023,9,19,1,987.0,9682.0,8751.0,6473.333333333333,23,3397.0
T6806,U003,2024-01-03,Expense,Utilities,3397.0,Upi,Ahmedabad,Electricity bill,2024,1,3,2,41293.0,987.0,9682.0,17320.666666666668,24,291.0
T4805,U003,2024-03-07,Expense,Food,291.0,Card,Lucknow,Lunch,2024,3,7,3,3397.0,41293.0,987.0,15225.666666666666,25,7693.0
T13114,U003,2024-05-20,Expense,Utilities,7693.0,Card,Unknown,Gym membership,2024,5,20,0,291.0,3397.0,41293.0,14993.666666666666,26,1006.0
T4585,U003,2024-05-21,Expense,Entertainment,1006.0,Upi,Hyderabad,Medicine,2024,5,21,1,7693.0,291.0,3397.0,3793.6666666666665,27,1495.0
T13671,U003,2024-05-31,Expense,Food,1495.0,Unknown,Ahmedabad,Medicine,2024,5,31,4,1006.0,7693.0,291.0,2996.6666666666665,28,1623.0
T12017,U003,2024-06-06,Expense,Others,1623.0,Bank_Transfer,Chennai,Medicine,2024,6,6,3,1495.0,1006.0,7693.0,3398.0,29,3144.0
T10530,U003,2024-06-19,Expense,Travel,3144.0,Cash,Hyderabad,Grocery shopping,2024,6,19,2,1623.0,1495.0,1006.0,1374.6666666666667,30,134.0
T13728,U003,2024-07-18,Expense,Travel,134.0,Bank_Transfer,Jaipur,Medicine,2024,7,18,3,3144.0,1623.0,1495.0,2087.3333333333335,31,41460.0
T7757,U003,2024-08-12,Income,Others,41460.0,Upi,Delhi,Electricity bill,2024,8,12,0,134.0,3144.0,1623.0,1633.6666666666667,32,2791.0
T5723,U003,2024-08-24,Expense,Others,2791.0,Upi,Delhi,No Notes,2024,8,24,5,41460.0,134.0,3144.0,14912.666666666666,33,1818.0
T0193,U003,2024-09-17,Expense,Education,1818.0,Cash,Chennai,Coffee,2024,9,17,1,2791.0,41460.0,134.0,14795.0,34,6002.0
T9841,U003,2024-09-24,Expense,Food,6002.0,Card,Chennai,No Notes,2024,9,24,1,1818.0,2791.0,41460.0,15356.333333333334,35,6437.0
T6960,U003,2024-10-08,Expense,Food,6437.0,Upi,Hyderabad,Books,2024,10,8,1,6002.0,1818.0,2791.0,3537.0,36,4991.0
T9297,U003,2024-10-15,Expense,Food,4991.0,Bank_Transfer,Bangalore,Movie tickets,2024,10,15,1,6437.0,6002.0,1818.0,4752.333333333333,37,7717.0
T13688,U003,2024-12-01,Expense,Food,7717.0,Unknown,Lucknow,ATM withdrawal,2024,12,1,6,4991.0,6437.0,6002.0,5810.0,38,25582.0
T11995,U004,2021-06-27,Expense,Rent,37667.0,Card,Lucknow,Petrol,2021,6,27,6,23537.0,2391.0,2668.0,9532.0,3,8704.0
T10042,U004,2021-08-30,Expense,Utilities,8704.0,Upi,Lucknow,xyz123,2021,8,30,0,37667.0,23537.0,2391.0,21198.333333333332,4,1044.0
T12900,U004,2021-09-17,Expense,Food,1044.0,Upi,Lucknow,Online course,2021,9,17,4,8704.0,37667.0,23537.0,23302.666666666668,5,5795.0
T3782,U004,2021-11-11,Expense,Food,5795.0,Upi,Kolkata,EMI payment,2021,11,11,3,1044.0,8704.0,37667.0,15805.0,6,7667.0
T10147,U004,2022-01-20,Expense,Travel,7667.0,Card,Bangalore,Doctor consultation,2022,1,20,3,5795.0,1044.0,8704.0,5181.0,7,10800.0
T7843,U004,2022-02-04,Expense,Rent,10800.0,Cash,Pune,!!!,2022,2,4,4,7667.0,5795.0,1044.0,4835.333333333333,8,3122.0
T1097,U004,2022-02-21,Expense,Food,3122.0,Upi,Bangalore,Electricity bill,2022,2,21,0,10800.0,7667.0,5795.0,8087.333333333333,9,4005.0
T7009,U004,2022-04-05,Expense,Travel,4005.0,Cash,Jaipur,Fixed deposit,2022,4,5,1,3122.0,10800.0,7667.0,7196.333333333333,10,1783.0
T12292,U004,2022-04-14,Expense,Travel,1783.0,Bank_Transfer,Kolkata,!!!,2022,4,14,3,4005.0,3122.0,10800.0,5975.666666666667,11,5439.0
T13494,U004,2022-05-15,Expense,Food,5439.0,Upi,Bangalore,Petrol,2022,5,15,6,1783.0,4005.0,3122.0,2970.0,12,76282.0
T9263,U004,2022-06-30,Income,Investment,76282.0,Upi,Mumbai,...,2022,6,30,3,5439.0,1783.0,4005.0,3742.3333333333335,13,7668.0
T2063,U004,2022-08-25,Expense,Travel,7668.0,Bank_Transfer,Pune,Monthly rent payment,2022,8,25,3,76282.0,5439.0,1783.0,27834.666666666668,14,1547.0
T5087,U004,2022-10-13,Expense,Travel,1547.0,Bank_Transfer,Lucknow,Shopping,2022,10,13,3,7668.0,76282.0,5439.0,29796.333333333332,15,4890.0
T13653,U004,2022-12-03,Expense,Utilities,4890.0,Unknown,Mumbai,!!!,2022,12,3,5,1547.0,7668.0,76282.0,28499.0,16,4330.0
T11178,U004,2023-02-13,Expense,Travel,4330.0,Bank_Transfer,Ahmedabad,Coffee,2023,2,13,0,4890.0,1547.0,7668.0,4701.666666666667,17,3006.0
T9061,U004,2023-02-14,Expense,Utilities,3006.0,Card,Pune,Lunch,2023,2,14,1,4330.0,4890.0,1547.0,3589.0,18,2759.0
T0703,U004,2023-02-21,Expense,Food,2759.0,Upi,Unknown,Internet bill,2023,2,21,1,3006.0,4330.0,4890.0,4075.3333333333335,19,1765.0
T10247,U004,2023-04-21,Expense,Rent,1765.0,Upi,Delhi,No Notes,2023,4,21,4,2759.0,3006.0,4330.0,3365.0,20,24628.0
T0513,U004,2023-05-03,Expense,Rent,24628.0,Cash,Mumbai,Uber ride,2023,5,3,2,1765.0,2759.0,3006.0,2510.0,21,1034.0
T9806,U004,2023-05-10,Expense,Rent,1034.0,Bank_Transfer,Chennai,Coffee,2023,5,10,2,24628.0,1765.0,2759.0,9717.333333333334,22,76991.0
T8022,U004,2023-08-04,Income,Investment,76991.0,Unknown,Chennai,No Notes,2023,8,4,4,1034.0,24628.0,1765.0,9142.333333333334,23,5649.0
T8773,U004,2023-09-24,Expense,Travel,5649.0,Bank_Transfer,Jaipur,No Notes,2023,9,24,6,76991.0,1034.0,24628.0,34217.666666666664,24,8926.0
T10930,U004,2023-11-02,Expense,Food,8926.0,Bank_Transfer,Bangalore,...,2023,11,2,3,5649.0,76991.0,1034.0,27891.333333333332,25,1794.0
T3720,U004,2023-12-03,Expense,Health,1794.0,Upi,Kolkata,No Notes,2023,12,3,6,8926.0,5649.0,76991.0,30522.0,26,6854.0
T12413,U004,2023-12-06,Expense,Health,6854.0,Upi,Lucknow,!!!,2023,12,6,2,1794.0,8926.0,5649.0,5456.333333333333,27,2970.0
T1167,U004,2023-12-23,Expense,Utilities,2970.0,Upi,Hyderabad,xyz123,2023,12,23,5,6854.0,1794.0,8926.0,5858.0,28,35494.0
T2525,U004,2024-02-21,Income,Bonus,35494.0,Cash,Lucknow,Train ticket,2024,2,21,2,2970.0,6854.0,1794.0,3872.6666666666665,29,4616.0
T11438,U004,2024-03-14,Expense,Food,4616.0,Upi,Delhi,No Notes,2024,3,14,3,35494.0,2970.0,6854.0,15106.0,30,7649.0
T11886,U004,2024-03-21,Expense,Rent,7649.0,Upi,Pune,Movie tickets,2024,3,21,3,4616.0,35494.0,2970.0,14360.0,31,7119.0
T0957,U004,2024-03-31,Expense,Travel,7119.0,Upi,Unknown,Movie tickets,2024,3,31,6,7649.0,4616.0,35494.0,15919.666666666666,32,2511.0
T5155,U004,2024-04-07,Expense,Education,2511.0,Card,Bangalore,Grocery shopping,2024,4,7,6,7119.0,7649.0,4616.0,6461.333333333333,33,4983.0
T4235,U004,2024-04-22,Expense,Rent,4983.0,Upi,Kolkata,Grocery shopping,2024,4,22,0,2511.0,7119.0,7649.0,5759.666666666667,34,709506.0
T2274,U004,2024-05-10,Income,Freelance,709506.0,Card,Jaipur,Grocery shopping,2024,5,10,4,4983.0,2511.0,7119.0,4871.0,35,37025.0
T13078,U004,2024-07-02,Income,Bonus,37025.0,Bank_Transfer,Jaipur,Medicine,2024,7,2,1,709506.0,4983.0,2511.0,239000.0,36,3986.0
T4267,U004,2024-07-06,Expense,Food,3986.0,Upi,Hyderabad,Doctor consultation,2024,7,6,5,37025.0,709506.0,4983.0,250504.66666666666,37,7543.0
T6666,U004,2024-09-05,Expense,Travel,7543.0,Bank_Transfer,Jaipur,misc,2024,9,5,3,3986.0,37025.0,709506.0,250172.33333333334,38,2508.0
T6568,U004,2024-09-25,Expense,Food,2508.0,Card,Jaipur,Restaurant dinner,2024,9,25,2,7543.0,3986.0,37025.0,16184.666666666666,39,4701.0
T12657,U004,2024-10-01,Expense,Travel,4701.0,Cash,Unknown,test,2024,10,1,1,2508.0,7543.0,3986.0,4679.0,40,54771.0
T2744,U004,2024-10-12,Income,Investment,54771.0,Bank_Transfer,Hyderabad,Books,2024,10,12,5,4701.0,2508.0,7543.0,4917.333333333333,41,8765.0
T4412,U004,2024-10-25,Expense,Entertainment,8765.0,Bank_Transfer,Kolkata,Internet bill,2024,10,25,4,54771.0,4701.0,2508.0,20660.0,42,4648.0
T12488,U005,2021-05-18,Expense,Education,3527.0,Cash,Jaipur,Electricity bill,2021,5,18,1,7366.0,7406.0,7762.0,7511.333333333333,3,2374.0
T0319,U005,2021-06-15,Expense,Food,2374.0,Card,Kolkata,asdfgh,2021,6,15,1,3527.0,7366.0,7406.0,6099.666666666667,4,72722.0
T9094,U005,2022-01-22,Income,Salary,72722.0,Upi,Mumbai,misc,2022,1,22,5,2374.0,3527.0,7366.0,4422.333333333333,5,34966.0
T8726,U005,2022-03-08,Income,Investment,34966.0,Upi,Chennai,No Notes,2022,3,8,1,72722.0,2374.0,3527.0,26207.666666666668,6,9852.0
T0640,U005,2022-03-29,Expense,Food,9852.0,Cash,Hyderabad,asdfgh,2022,3,29,1,34966.0,72722.0,2374.0,36687.333333333336,7,7238.0
T9375,U005,2022-05-18,Expense,Food,7238.0,Bank_Transfer,Bangalore,ATM withdrawal,2022,5,18,2,9852.0,34966.0,72722.0,39180.0,8,2059.0
T5264,U005,2022-07-30,Expense,Food,2059.0,Upi,Mumbai,xyz123,2022,7,30,5,7238.0,9852.0,34966.0,17352.0,9,4698.0
T12886,U005,2022-09-03,Expense,Utilities,4698.0,Cash,Jaipur,Monthly rent payment,2022,9,3,5,2059.0,7238.0,9852.0,6383.0,10,8001.0
T10757,U005,2022-11-03,Expense,Travel,8001.0,Upi,Lucknow,Gym membership,2022,11,3,3,4698.0,2059.0,7238.0,4665.0,11,4279.0
T10687,U005,2023-07-18,Expense,Entertainment,4279.0,Card,Mumbai,Uber ride,2023,7,18,1,8001.0,4698.0,2059.0,4919.333333333333,12,9875.0
T7808,U005,2023-08-12,Expense,Travel,9875.0,Upi,Lucknow,Restaurant dinner,2023,8,12,5,4279.0,8001.0,4698.0,5659.333333333333,13,1364.0
T2245,U005,2024-03-31,Expense,Entertainment,1364.0,Bank_Transfer,Hyderabad,Electricity bill,2024,3,31,6,9875.0,4279.0,8001.0,7385.0,14,5749.0
T4798,U005,2024-06-13,Expense,Education,5749.0,Card,Pune,ATM withdrawal,2024,6,13,3,1364.0,9875.0,4279.0,5172.666666666667,15,7263.0
T11661,U005,2024-10-13,Expense,Education,7263.0,Upi,Pune,xyz123,2024,10,13,6,5749.0,1364.0,9875.0,5662.666666666667,16,9998.0
T6435,U005,2024-10-15,Expense,Education,9998.0,Upi,Ahmedabad,Doctor consultation,2024,10,15,1,7263.0,5749.0,1364.0,4792.0,17,1754.0
T12868,U005,2024-11-16,Expense,Entertainment,1754.0,Cash,Lucknow,Petrol,2024,11,16,5,9998.0,7263.0,5749.0,7670.0,18,1861.0
T9305,U006,2021-04-15,Expense,Food,1520.0,Unknown,Ahmedabad,Restaurant dinner,2021,4,15,3,5625.0,4546.0,52179.0,20783.333333333332,3,70160.0
T3596,U006,2021-07-13,Income,Salary,70160.0,Bank_Transfer,Bangalore,Internet bill,2021,7,13,1,1520.0,5625.0,4546.0,3897.0,4,9685.0
T4071,U006,2021-08-21,Expense,Travel,9685.0,Cash,Mumbai,Online course,2021,8,21,5,70160.0,1520.0,5625.0,25768.333333333332,5,2017.0
T0428,U006,2021-10-09,Expense,Food,2017.0,Bank_Transfer,Bangalore,Medicine,2021,10,9,5,9685.0,70160.0,1520.0,27121.666666666668,6,1597.0
T2325,U006,2021-12-03,Expense,Entertainment,1597.0,Bank_Transfer,Hyderabad,No Notes,2021,12,3,4,2017.0,9685.0,70160.0,27287.333333333332,7,79219.0
T1720,U006,2022-06-24,Income,Investment,79219.0,Cash,Bangalore,!!!,2022,6,24,4,1597.0,2017.0,9685.0,4433.0,8,2971.0
T2343,U006,2022-07-03,Expense,Savings,2971.0,Upi,Kolkata,Doctor consultation,2022,7,3,6,79219.0,1597.0,2017.0,27611.0,9,9794.0
T0783,U006,2022-07-12,Expense,Travel,9794.0,Card,Chennai,Internet bill,2022,7,12,1,2971.0,79219.0,1597.0,27929.0,10,50581.0
T6679,U006,2022-07-29,Income,Freelance,50581.0,Upi,Unknown,Internet bill,2022,7,29,4,9794.0,2971.0,79219.0,30661.333333333332,11,7548.0
T4848,U006,2023-01-12,Expense,Travel,7548.0,Card,Pune,Internet bill,2023,1,12,3,50581.0,9794.0,2971.0,21115.333333333332,12,6769.0
T8965,U006,2023-02-04,Expense,Travel,6769.0,Cash,Unknown,...,2023,2,4,5,7548.0,50581.0,9794.0,22641.0,13,5721.0
T4119,U006,2023-02-07,Expense,Entertainment,5721.0,Cash,Unknown,ATM withdrawal,2023,2,7,1,6769.0,7548.0,50581.0,21632.666666666668,14,1121.0
T5862,U006,2023-06-03,Expense,Food,1121.0,Card,Mumbai,No Notes,2023,6,3,5,5721.0,6769.0,7548.0,6679.333333333333,15,8886.0
T10082,U006,2023-08-10,Expense,Entertainment,8886.0,Card,Lucknow,...,2023,8,10,3,1121.0,5721.0,6769.0,4537.0,16,6599.0
T9737,U006,2023-10-05,Expense,Savings,6599.0,Unknown,Kolkata,No Notes,2023,10,5,3,8886.0,1121.0,5721.0,5242.666666666667,17,6471.0
T5985,U006,2023-12-05,Expense,Rent,6471.0,Unknown,Pune,Train ticket,2023,12,5,1,6599.0,8886.0,1121.0,5535.333333333333,18,5789.0
T3131,U006,2023-12-07,Expense,Utilities,5789.0,Bank_Transfer,Delhi,No Notes,2023,12,7,3,6471.0,6599.0,8886.0,7318.666666666667,19,140.0
T8319,U006,2023-12-11,Expense,Utilities,140.0,Upi,Jaipur,misc,2023,12,11,0,5789.0,6471.0,6599.0,6286.333333333333,20,8801.0
T2812,U006,2023-12-12,Expense,Travel,8801.0,Cash,Ahmedabad,!!!,2023,12,12,1,140.0,5789.0,6471.0,4133.333333333333,21,2415.0
T0271,U006,2024-01-07,Expense,Food,2415.0,Cash,Kolkata,Medicine,2024,1,7,6,8801.0,140.0,5789.0,4910.0,22,35496.0
T4311,U006,2024-01-08,Expense,Rent,35496.0,Bank_Transfer,Hyderabad,No Notes,2024,1,8,0,2415.0,8801.0,140.0,3785.3333333333335,23,32666.0
T5440,U006,2024-03-30,Expense,Rent,32666.0,Card,Delhi,Movie tickets,2024,3,30,5,35496.0,2415.0,8801.0,15570.666666666666,24,2965.0
T2481,U006,2024-04-03,Expense,Utilities,2965.0,Upi,Ahmedabad,Petrol,2024,4,3,2,32666.0,35496.0,2415.0,23525.666666666668,25,50616.0
T5215,U006,2024-05-03,Income,Others,50616.0,Card,Unknown,Medicine,2024,5,3,4,2965.0,32666.0,35496.0,23709.0,26,7495.0
T11102,U006,2024-05-12,Expense,Rent,7495.0,Card,Mumbai,Grocery shopping,2024,5,12,6,50616.0,2965.0,32666.0,28749.0,27,2104.0
T13447,U006,2024-05-14,Expense,Education,2104.0,Unknown,Pune,Gym membership,2024,5,14,1,7495.0,50616.0,2965.0,20358.666666666668,28,1531.0
T13177,U006,2024-05-27,Expense,Utilities,1531.0,Cash,Mumbai,...,2024,5,27,0,2104.0,7495.0,50616.0,20071.666666666668,29,7040.0
T13844,U006,2024-05-29,Expense,Travel,7040.0,Upi,Jaipur,Uber ride,2024,5,29,2,1531.0,2104.0,7495.0,3710.0,30,69207.0
T11785,U006,2024-07-05,Income,Salary,69207.0,Upi,Delhi,Coffee,2024,7,5,4,7040.0,1531.0,2104.0,3558.3333333333335,31,7394.0
T9887,U006,2024-07-16,Expense,Others,7394.0,Upi,Lucknow,Grocery shopping,2024,7,16,1,69207.0,7040.0,1531.0,25926.0,32,11115.0
T6595,U006,2024-08-03,Income,Freelance,11115.0,Bank_Transfer,Ahmedabad,Train ticket,2024,8,3,5,7394.0,69207.0,7040.0,27880.333333333332,33,3791.0
T2581,U006,2024-08-13,Expense,Others,3791.0,Upi,Pune,Restaurant dinner,2024,8,13,1,11115.0,7394.0,69207.0,29238.666666666668,34,1077.0
T2751,U006,2024-08-25,Expense,Food,1077.0,Bank_Transfer,Bangalore,Doctor consultation,2024,8,25,6,3791.0,11115.0,7394.0,7433.333333333333,35,4020.0
T0646,U006,2024-09-01,Expense,Rent,4020.0,Upi,Mumbai,Books,2024,9,1,6,1077.0,3791.0,11115.0,5327.666666666667,36,28847.0
T10856,U006,2024-09-23,Income,Salary,28847.0,Cash,Unknown,Gym membership,2024,9,23,0,4020.0,1077.0,3791.0,2962.6666666666665,37,6823.0
T11314,U006,2024-09-28,Expense,Health,6823.0,Cash,Delhi,Lunch,2024,9,28,5,28847.0,4020.0,1077.0,11314.666666666666,38,4369.0
T1788,U007,2021-07-21,Expense,Health,6696.0,Card,Kolkata,Grocery shopping,2021,7,21,2,6004.0,3219.0,6664.0,5295.666666666667,3,5005.0
T3121,U007,2021-08-16,Expense,Food,5005.0,Bank_Transfer,Bangalore,Internet bill,2021,8,16,0,6696.0,6004.0,3219.0,5306.333333333333,4,40706.0
T5310,U007,2021-10-01,Expense,Rent,40706.0,Card,Lucknow,Movie tickets,2021,10,1,4,5005.0,6696.0,6004.0,5901.666666666667,5,224.0
T13380,U007,2021-12-16,Expense,Travel,224.0,Upi,Unknown,Petrol,2021,12,16,3,40706.0,5005.0,6696.0,17469.0,6,2493.0
T8805,U007,2022-01-02,Expense,Utilities,2493.0,Upi,Chennai,EMI payment,2022,1,2,6,224.0,40706.0,5005.0,15311.666666666666,7,711.0
T9849,U007,2022-01-11,Expense,Utilities,711.0,Bank_Transfer,Unknown,Monthly rent payment,2022,1,11,1,2493.0,224.0,40706.0,14474.333333333334,8,54309.0
T4718,U007,2022-02-28,Income,Salary,54309.0,Card,Kolkata,Books,2022,2,28,0,711.0,2493.0,224.0,1142.6666666666667,9,1380.0
T3493,U007,2022-04-23,Expense,Entertainment,1380.0,Card,Kolkata,No Notes,2022,4,23,5,54309.0,711.0,2493.0,19171.0,10,32651.0
T0001,U007,2022-05-17,Expense,Rent,32651.0,Cash,Jaipur,!!!,2022,5,17,1,1380.0,54309.0,711.0,18800.0,11,7222.0
T5050,U007,2022-06-03,Expense,Education,7222.0,Cash,Mumbai,Movie tickets,2022,6,3,4,32651.0,1380.0,54309.0,29446.666666666668,12,4042.0
T8226,U007,2022-10-13,Expense,Travel,4042.0,Bank_Transfer,Unknown,Internet bill,2022,10,13,3,7222.0,32651.0,1380.0,13751.0,13,8832.0
T2878,U007,2022-11-04,Expense,Education,8832.0,Bank_Transfer,Hyderabad,Coffee,2022,11,4,4,4042.0,7222.0,32651.0,14638.333333333334,14,100.0
T11334,U007,2022-11-06,Expense,Rent,100.0,Cash,Kolkata,Doctor consultation,2022,11,6,6,8832.0,4042.0,7222.0,6698.666666666667,15,2788.0
T8579,U007,2022-11-20,Expense,Entertainment,2788.0,Bank_Transfer,Chennai,Coffee,2022,11,20,6,100.0,8832.0,4042.0,4324.666666666667,16,4873.0
T3073,U007,2022-12-01,Expense,Food,4873.0,Bank_Transfer,Bangalore,Lunch,2022,12,1,3,2788.0,100.0,8832.0,3906.6666666666665,17,9871.0
T12238,U007,2022-12-25,Expense,Entertainment,9871.0,Card,Delhi,No Notes,2022,12,25,6,4873.0,2788.0,100.0,2587.0,18,36864.0
T9402,U007,2023-05-31,Expense,Rent,36864.0,Card,Bangalore,...,2023,5,31,2,9871.0,4873.0,2788.0,5844.0,19,63888.0
T8356,U007,2023-06-08,Income,Others,63888.0,Cash,Unknown,Grocery shopping,2023,6,8,3,36864.0,9871.0,4873.0,17202.666666666668,20,63645.0
T5538,U007,2023-08-10,Income,Bonus,63645.0,Unknown,Kolkata,Movie tickets,2023,8,10,3,63888.0,36864.0,9871.0,36874.333333333336,21,31837.0
T2492,U007,2023-08-24,Expense,Rent,31837.0,Card,Jaipur,No Notes,2023,8,24,3,63645.0,63888.0,36864.0,54799.0,22,1491.0
T6156,U007,2023-09-07,Expense,Food,1491.0,Upi,Mumbai,Lunch,2023,9,7,3,31837.0,63645.0,63888.0,53123.333333333336,23,978324.0
T8903,U007,2023-09-24,Income,Investment,978324.0,Card,Pune,Grocery shopping,2023,9,24,6,1491.0,31837.0,63645.0,32324.333333333332,24,3307.0
T4440,U007,2024-01-22,Expense,Travel,3307.0,Card,Hyderabad,Movie tickets,2024,1,22,0,978324.0,1491.0,31837.0,337217.3333333333,25,2061.0
T9276,U007,2024-02-20,Expense,Travel,2061.0,Upi,Bangalore,Restaurant dinner,2024,2,20,1,3307.0,978324.0,1491.0,327707.3333333333,26,9916.0
T0631,U007,2024-05-31,Expense,Travel,9916.0,Card,Chennai,EMI payment,2024,5,31,4,2061.0,3307.0,978324.0,327897.3333333333,27,982.0
T12735,U007,2024-06-24,Expense,Utilities,982.0,Card,Delhi,xyz123,2024,6,24,0,9916.0,2061.0,3307.0,5094.666666666667,28,4861.0
T2021,U007,2024-08-20,Expense,Food,4861.0,Cash,Jaipur,Coffee,2024,8,20,1,982.0,9916.0,2061.0,4319.666666666667,29,59046.0
T6471,U007,2024-09-16,Income,Others,59046.0,Bank_Transfer,Bangalore,Internet bill,2024,9,16,0,4861.0,982.0,9916.0,5253.0,30,3826.0
T2974,U007,2024-10-02,Expense,Food,3826.0,Cash,Jaipur,xyz123,2024,10,2,2,59046.0,4861.0,982.0,21629.666666666668,31,4973.0
T2516,U007,2024-10-19,Expense,Travel,4973.0,Card,Delhi,No Notes,2024,10,19,5,3826.0,59046.0,4861.0,22577.666666666668,32,1709.0
T4731,U007,2024-12-17,Expense,Travel,1709.0,Upi,Hyderabad,No Notes,2024,12,17,1,4973.0,3826.0,59046.0,22615.0,33,208860.0
T1838,U008,2022-02-07,Income,Salary,47094.0,Cash,Kolkata,Restaurant dinner,2022,2,7,0,1222.0,8813.0,4013.0,4682.666666666667,3,26749.0
T10149,U008,2022-04-17,Income,Bonus,26749.0,Upi,Mumbai,Medicine,2022,4,17,6,47094.0,1222.0,8813.0,19043.0,4,74525.0
T13279,U008,2022-05-20,Income,Others,74525.0,Card,Jaipur,Movie tickets,2022,5,20,4,26749.0,47094.0,1222.0,25021.666666666668,5,59047.0
T12365,U008,2022-08-22,Income,Salary,59047.0,Card,Mumbai,...,2022,8,22,0,74525.0,26749.0,47094.0,49456.0,6,1060.0
T5134,U008,2022-09-05,Expense,Food,1060.0,Cash,Kolkata,xyz123,2022,9,5,0,59047.0,74525.0,26749.0,53440.333333333336,7,4320.0
T10140,U008,2022-10-08,Expense,Travel,4320.0,Card,Ahmedabad,No Notes,2022,10,8,5,1060.0,59047.0,74525.0,44877.333333333336,8,49835.0
T13100,U008,2022-11-27,Income,Bonus,49835.0,Card,Jaipur,Internet bill,2022,11,27,6,4320.0,1060.0,59047.0,21475.666666666668,9,5138.0
T5969,U008,2023-02-26,Expense,Education,5138.0,Upi,Delhi,No Notes,2023,2,26,6,49835.0,4320.0,1060.0,18405.0,10,36978.0
T10766,U008,2023-03-01,Expense,Rent,36978.0,Cash,Pune,EMI payment,2023,3,1,2,5138.0,49835.0,4320.0,19764.333333333332,11,3989.0
T13226,U008,2023-03-11,Expense,Others,3989.0,Card,Mumbai,No Notes,2023,3,11,5,36978.0,5138.0,49835.0,30650.333333333332,12,8630.0
T4395,U008,2023-04-07,Expense,Travel,8630.0,Bank_Transfer,Pune,Lunch,2023,4,7,4,3989.0,36978.0,5138.0,15368.333333333334,13,55241.0
T5122,U008,2023-04-11,Income,Investment,55241.0,Card,Ahmedabad,Monthly rent payment,2023,4,11,1,8630.0,3989.0,36978.0,16532.333333333332,14,12856.0
T8972,U008,2023-04-27,Income,Freelance,12856.0,Upi,Kolkata,ATM withdrawal,2023,4,27,3,55241.0,8630.0,3989.0,22620.0,15,23603.0
T5816,U008,2023-06-27,Expense,Rent,23603.0,Card,Ahmedabad,ATM withdrawal,2023,6,27,1,12856.0,55241.0,8630.0,25575.666666666668,16,8876.0
T0756,U008,2023-06-30,Expense,Entertainment,8876.0,Bank_Transfer,Kolkata,Petrol,2023,6,30,4,23603.0,12856.0,55241.0,30566.666666666668,17,6978.0
T13816,U008,2023-07-19,Expense,Entertainment,6978.0,Unknown,Hyderabad,Movie tickets,2023,7,19,2,8876.0,23603.0,12856.0,15111.666666666666,18,6281.0
T13878,U008,2023-08-05,Expense,Others,6281.0,Card,Bangalore,No Notes,2023,8,5,5,6978.0,8876.0,23603.0,13152.333333333334,19,15177.0
T1954,U008,2023-10-02,Expense,Rent,15177.0,Bank_Transfer,Delhi,No Notes,2023,10,2,0,6281.0,6978.0,8876.0,7378.333333333333,20,2264.0
T7351,U008,2023-11-28,Expense,Entertainment,2264.0,Bank_Transfer,Pune,Lunch,2023,11,28,1,15177.0,6281.0,6978.0,9478.666666666666,21,2814.0
T13318,U008,2024-02-11,Expense,Food,2814.0,Cash,Bangalore,Train ticket,2024,2,11,6,2264.0,15177.0,6281.0,7907.333333333333,22,25841.0
T4238,U008,2024-03-01,Income,Salary,25841.0,Cash,Delhi,asdfgh,2024,3,1,4,2814.0,2264.0,15177.0,6751.666666666667,23,7929.0
T1490,U008,2024-03-08,Expense,Food,7929.0,Bank_Transfer,Kolkata,Shopping,2024,3,8,4,25841.0,2814.0,2264.0,10306.333333333334,24,10183.0
T9556,U008,2024-06-27,Income,Freelance,10183.0,Unknown,Delhi,No Notes,2024,6,27,3,7929.0,25841.0,2814.0,12194.666666666666,25,2092.0
T7301,U008,2024-06-30,Expense,Travel,2092.0,Bank_Transfer,Bangalore,xyz123,2024,6,30,6,10183.0,7929.0,25841.0,14651.0,26,9264.0
T6636,U008,2024-09-27,Expense,Education,9264.0,Cash,Unknown,xyz123,2024,9,27,4,2092.0,10183.0,7929.0,6734.666666666667,27,7966.0
T6150,U008,2024-10-03,Expense,Travel,7966.0,Card,Chennai,Movie tickets,2024,10,3,3,9264.0,2092.0,10183.0,7179.666666666667,28,1720.0
T5612,U009,2021-06-09,Expense,Rent,40318.0,Upi,Lucknow,Internet bill,2021,6,9,2,5934.0,5519.0,4085.0,5179.333333333333,3,3209.0
T11250,U009,2021-07-11,Expense,Utilities,3209.0,Upi,Ahmedabad,Monthly rent payment,2021,7,11,6,40318.0,5934.0,5519.0,17257.0,4,6831.0
T3818,U009,2021-08-24,Expense,Travel,6831.0,Upi,Hyderabad,Monthly rent payment,2021,8,24,1,3209.0,40318.0,5934.0,16487.0,5,8444.0
T1084,U009,2021-12-18,Expense,Rent,8444.0,Card,Kolkata,No Notes,2021,12,18,5,6831.0,3209.0,40318.0,16786.0,6,60202.0
T4447,U009,2022-03-23,Income,Investment,60202.0,Upi,Bangalore,ATM withdrawal,2022,3,23,2,8444.0,6831.0,3209.0,6161.333333333333,7,1745.0
T11266,U009,2022-03-30,Expense,Travel,1745.0,Cash,Lucknow,asdfgh,2022,3,30,2,60202.0,8444.0,6831.0,25159.0,8,40813.0
T11278,U009,2022-07-19,Expense,Rent,40813.0,Upi,Delhi,Books,2022,7,19,1,1745.0,60202.0,8444.0,23463.666666666668,9,6325.0
T5269,U009,2022-08-17,Expense,Utilities,6325.0,Bank_Transfer,Ahmedabad,No Notes,2022,8,17,2,40813.0,1745.0,60202.0,34253.333333333336,10,597.0
T0744,U009,2022-09-11,Expense,Others,597.0,Cash,Ahmedabad,Lunch,2022,9,11,6,6325.0,40813.0,1745.0,16294.333333333334,11,5237.0
T4958,U009,2022-09-24,Expense,Health,5237.0,Cash,Kolkata,EMI payment,2022,9,24,5,597.0,6325.0,40813.0,15911.666666666666,12,1193.0
T3474,U009,2022-09-27,Expense,Food,1193.0,Card,Kolkata,No Notes,2022,9,27,1,5237.0,597.0,6325.0,4053.0,13,1687.0
T10726,U009,2022-10-01,Expense,Food,1687.0,Bank_Transfer,Kolkata,Movie tickets,2022,10,1,5,1193.0,5237.0,597.0,2342.3333333333335,14,22632.0
T8453,U009,2022-12-29,Income,Others,22632.0,Card,Delhi,Internet bill,2022,12,29,3,1687.0,1193.0,5237.0,2705.6666666666665,15,3838.0
T1532,U009,2023-01-19,Expense,Food,3838.0,Bank_Transfer,Pune,Medicine,2023,1,19,3,22632.0,1687.0,1193.0,8504.0,16,4039.0
T12168,U009,2023-01-30,Expense,Rent,4039.0,Card,Jaipur,Coffee,2023,1,30,0,3838.0,22632.0,1687.0,9385.666666666666,17,8382.0
T2041,U009,2023-02-15,Expense,Savings,8382.0,Upi,Lucknow,Internet bill,2023,2,15,2,4039.0,3838.0,22632.0,10169.666666666666,18,48330.0
T11887,U009,2023-04-15,Expense,Rent,48330.0,Upi,Lucknow,xyz123,2023,4,15,5,8382.0,4039.0,3838.0,5419.666666666667,19,2800.0
T9848,U009,2023-04-25,Expense,Food,2800.0,Upi,Lucknow,Electricity bill,2023,4,25,1,48330.0,8382.0,4039.0,20250.333333333332,20,7768.0
T7086,U009,2023-04-28,Expense,Utilities,7768.0,Card,Bangalore,Grocery shopping,2023,4,28,4,2800.0,48330.0,8382.0,19837.333333333332,21,6358.0
T6632,U009,2023-05-10,Expense,Rent,6358.0,Card,Bangalore,Uber ride,2023,5,10,2,7768.0,2800.0,48330.0,19632.666666666668,22,67808.0
T5349,U009,2023-06-05,Income,Salary,67808.0,Cash,Ahmedabad,Medicine,2023,6,5,0,6358.0,7768.0,2800.0,5642.0,23,145.0
T13150,U009,2023-06-09,Expense,Rent,145.0,Bank_Transfer,Pune,Books,2023,6,9,4,67808.0,6358.0,7768.0,27311.333333333332,24,35465.0
T9227,U009,2023-06-27,Income,Salary,35465.0,Cash,Lucknow,misc,2023,6,27,1,145.0,67808.0,6358.0,24770.333333333332,25,1751.0
T7462,U009,2023-07-02,Expense,Food,1751.0,Cash,Bangalore,Monthly rent payment,2023,7,2,6,35465.0,145.0,67808.0,34472.666666666664,26,13682.0
T7120,U009,2023-07-03,Expense,Rent,13682.0,Cash,Delhi,Fixed deposit,2023,7,3,0,1751.0,35465.0,145.0,12453.666666666666,27,41429.0
T13058,U009,2023-09-30,Income,Others,41429.0,Card,Kolkata,Fixed deposit,2023,9,30,5,13682.0,1751.0,35465.0,16966.0,28,7602.0
T3757,U009,2023-10-01,Expense,Rent,7602.0,Bank_Transfer,Delhi,Gym membership,2023,10,1,6,41429.0,13682.0,1751.0,18954.0,29,3790.0
T5576,U009,2023-12-07,Expense,Travel,3790.0,Upi,Lucknow,Fixed deposit,2023,12,7,3,7602.0,41429.0,13682.0,20904.333333333332,30,7945.0
T1711,U009,2023-12-09,Expense,Rent,7945.0,Upi,Chennai,!!!,2023,12,9,5,3790.0,7602.0,41429.0,17607.0,31,5425.0
T4435,U009,2024-01-31,Expense,Education,5425.0,Bank_Transfer,Kolkata,Books,2024,1,31,2,7945.0,3790.0,7602.0,6445.666666666667,32,3700.0
T13508,U009,2024-04-06,Expense,Rent,3700.0,Bank_Transfer,Mumbai,No Notes,2024,4,6,5,5425.0,7945.0,3790.0,5720.0,33,2721.0
T7323,U009,2024-05-13,Expense,Health,2721.0,Upi,Bangalore,EMI payment,2024,5,13,0,3700.0,5425.0,7945.0,5690.0,34,1680.0
T3887,U009,2024-06-30,Expense,Travel,1680.0,Unknown,Ahmedabad,Monthly rent payment,2024,6,30,6,2721.0,3700.0,5425.0,3948.6666666666665,35,1846.0
T0801,U009,2024-07-30,Expense,Rent,1846.0,Card,Bangalore,Lunch,2024,7,30,1,1680.0,2721.0,3700.0,2700.3333333333335,36,6031.0
T8775,U009,2024-08-16,Expense,Food,6031.0,Cash,Pune,Fixed deposit,2024,8,16,4,1846.0,1680.0,2721.0,2082.3333333333335,37,5534.0
T11420,U009,2024-11-11,Expense,Rent,5534.0,Upi,Kolkata,No Notes,2024,11,11,0,6031.0,1846.0,1680.0,3185.6666666666665,38,2166.0
T7419,U009,2024-11-24,Expense,Food,2166.0,Upi,Kolkata,misc,2024,11,24,6,5534.0,6031.0,1846.0,4470.333333333333,39,7801.0
T0914,U009,2024-11-28,Expense,Rent,7801.0,Cash,Kolkata,Uber ride,2024,11,28,3,2166.0,5534.0,6031.0,4577.0,40,7937.0
T11255,U009,2024-12-30,Expense,Utilities,7937.0,Card,Pune,Books,2024,12,30,0,7801.0,2166.0,5534.0,5167.0,41,8056.0
T4651,U010,2021-08-14,Expense,Education,5002.0,Upi,Delhi,Fixed deposit,2021,8,14,5,2758.0,63910.0,27805.0,31491.0,3,48888.0
T11699,U010,2021-08-18,Income,Freelance,48888.0,Cash,Ahmedabad,!!!,2021,8,18,2,5002.0,2758.0,63910.0,23890.0,4,5811.0
T0456,U010,2021-09-12,Expense,Education,5811.0,Cash,Chennai,Internet bill,2021,9,12,6,48888.0,5002.0,2758.0,18882.666666666668,5,329642.0
T12689,U010,2021-09-29,Income,Freelance,329642.0,Upi,Kolkata,EMI payment,2021,9,29,2,5811.0,48888.0,5002.0,19900.333333333332,6,48000.0
T12155,U010,2022-04-22,Income,Bonus,48000.0,Cash,Jaipur,EMI payment,2022,4,22,4,329642.0,5811.0,48888.0,128113.66666666667,7,4960.0
T13985,U010,2022-07-12,Expense,Food,4960.0,Bank_Transfer,Ahmedabad,Movie tickets,2022,7,12,1,48000.0,329642.0,5811.0,127817.66666666667,8,791.0
T0363,U010,2022-07-13,Expense,Savings,791.0,Unknown,Delhi,No Notes,2022,7,13,2,4960.0,48000.0,329642.0,127534.0,9,8250.0
T10068,U010,2022-08-28,Expense,Education,8250.0,Bank_Transfer,Chennai,asdfgh,2022,8,28,6,791.0,4960.0,48000.0,17917.0,10,6772.0
T1416,U010,2022-09-22,Expense,Utilities,6772.0,Upi,Pune,Internet bill,2022,9,22,3,8250.0,791.0,4960.0,4667.0,11,5470.0
T0872,U010,2023-01-16,Expense,Food,5470.0,Card,Jaipur,Movie tickets,2023,1,16,0,6772.0,8250.0,791.0,5271.0,12,8132.0
T3883,U010,2023-01-26,Expense,Utilities,8132.0,Upi,Bangalore,Grocery shopping,2023,1,26,3,5470.0,6772.0,8250.0,6830.666666666667,13,365282.0
T6523,U010,2023-05-12,Income,Bonus,365282.0,Bank_Transfer,Ahmedabad,EMI payment,2023,5,12,4,8132.0,5470.0,6772.0,6791.333333333333,14,6607.0
T9495,U010,2023-06-02,Expense,Others,6607.0,Upi,Delhi,test,2023,6,2,4,365282.0,8132.0,5470.0,126294.66666666667,15,324.0
T12800,U010,2023-06-04,Expense,Food,324.0,Card,Jaipur,Train ticket,2023,6,4,6,6607.0,365282.0,8132.0,126673.66666666667,16,35688.0
T0864,U010,2023-06-23,Income,Bonus,35688.0,Card,Ahmedabad,Lunch,2023,6,23,4,324.0,6607.0,365282.0,124071.0,17,48313.0
T11107,U010,2023-07-01,Expense,Rent,48313.0,Upi,Mumbai,Shopping,2023,7,1,5,35688.0,324.0,6607.0,14206.333333333334,18,1996.0
T11206,U010,2023-08-07,Expense,Rent,1996.0,Upi,Mumbai,Medicine,2023,8,7,0,48313.0,35688.0,324.0,28108.333333333332,19,6882.0
T0288,U010,2023-09-14,Expense,Entertainment,6882.0,Upi,Hyderabad,No Notes,2023,9,14,3,1996.0,48313.0,35688.0,28665.666666666668,20,4836.0
T2635,U010,2023-09-27,Expense,Travel,4836.0,Cash,Chennai,Petrol,2023,9,27,2,6882.0,1996.0,48313.0,19063.666666666668,21,555.0
T11347,U010,2023-10-30,Expense,Food,555.0,Bank_Transfer,Bangalore,Monthly rent payment,2023,10,30,0,4836.0,6882.0,1996.0,4571.333333333333,22,24749.0
T11807,U010,2023-11-18,Expense,Rent,24749.0,Bank_Transfer,Chennai,No Notes,2023,11,18,5,555.0,4836.0,6882.0,4091.0,23,1426.0
T7064,U010,2024-01-03,Expense,Utilities,1426.0,Card,Jaipur,Restaurant dinner,2024,1,3,2,24749.0,555.0,4836.0,10046.666666666666,24,2704.0
T5970,U010,2024-04-23,Expense,Food,2704.0,Cash,Delhi,EMI payment,2024,4,23,1,1426.0,24749.0,555.0,8910.0,25,8293.0
T11212,U010,2024-05-12,Expense,Food,8293.0,Bank_Transfer,Delhi,Coffee,2024,5,12,6,2704.0,1426.0,24749.0,9626.333333333334,26,4380.0
T1919,U010,2024-06-20,Expense,Rent,4380.0,Upi,Kolkata,Fixed deposit,2024,6,20,3,8293.0,2704.0,1426.0,4141.0,27,49647.0
T11519,U010,2024-06-26,Expense,Rent,49647.0,Cash,Pune,No Notes,2024,6,26,2,4380.0,8293.0,2704.0,5125.666666666667,28,1566.0
T4471,U010,2024-07-15,Expense,Rent,1566.0,Card,Unknown,Books,2024,7,15,0,49647.0,4380.0,8293.0,20773.333333333332,29,211.0
T0192,U010,2024-08-04,Expense,Food,211.0,Cash,Bangalore,Books,2024,8,4,6,1566.0,49647.0,4380.0,18531.0,30,57012.0
T3249,U010,2024-08-23,Income,Others,57012.0,Bank_Transfer,Kolkata,Movie tickets,2024,8,23,4,211.0,1566.0,49647.0,17141.333333333332,31,11027.0
T3979,U010,2024-09-01,Income,Freelance,11027.0,Bank_Transfer,Lucknow,Uber ride,2024,9,1,6,57012.0,211.0,1566.0,19596.333333333332,32,540.0
T1613,U010,2024-09-13,Expense,Food,540.0,Upi,Chennai,Shopping,2024,9,13,4,11027.0,57012.0,211.0,22750.0,33,8272.0
T3939,U011,2021-02-24,Expense,Entertainment,4995.0,Upi,Mumbai,No Notes,2021,2,24,2,995.0,6658.0,59567.0,22406.666666666668,3,7316.0
T8883,U011,2021-03-18,Expense,Health,7316.0,Card,Ahmedabad,Gym membership,2021,3,18,3,4995.0,995.0,6658.0,4216.0,4,9386.0
T7448,U011,2021-04-19,Expense,Rent,9386.0,Cash,Hyderabad,Restaurant dinner,2021,4,19,0,7316.0,4995.0,995.0,4435.333333333333,5,4890.0
T8564,U011,2021-04-19,Expense,Utilities,4890.0,Cash,Kolkata,No Notes,2021,4,19,0,9386.0,7316.0,4995.0,7232.333333333333,6,7037.0
T6248,U011,2021-05-26,Expense,Rent,7037.0,Unknown,Pune,Gym membership,2021,5,26,2,4890.0,9386.0,7316.0,7197.333333333333,7,8223.0
T12186,U011,2021-08-26,Expense,Education,8223.0,Bank_Transfer,Lucknow,Restaurant dinner,2021,8,26,3,7037.0,4890.0,9386.0,7104.333333333333,8,1397.0
T8806,U011,2021-11-13,Expense,Food,1397.0,Cash,Hyderabad,Books,2021,11,13,5,8223.0,7037.0,4890.0,6716.666666666667,9,13042.0
T12823,U011,2022-01-26,Income,Salary,13042.0,Unknown,Kolkata,!!!,2022,1,26,2,1397.0,8223.0,7037.0,5552.333333333333,10,9207.0
T12126,U011,2022-02-09,Expense,Rent,9207.0,Upi,Mumbai,Doctor consultation,2022,2,9,2,13042.0,1397.0,8223.0,7554.0,11,1844.0
T5806,U011,2022-03-22,Expense,Food,1844.0,Cash,Jaipur,ATM withdrawal,2022,3,22,1,9207.0,13042.0,1397.0,7882.0,12,59348.0
T10815,U011,2022-04-18,Income,Bonus,59348.0,Bank_Transfer,Jaipur,Movie tickets,2022,4,18,0,1844.0,9207.0,13042.0,8031.0,13,1587.0
T11093,U011,2022-05-02,Expense,Utilities,1587.0,Card,Ahmedabad,No Notes,2022,5,2,0,59348.0,1844.0,9207.0,23466.333333333332,14,3566.0
T13252,U011,2022-06-04,Expense,Food,3566.0,Upi,Bangalore,Monthly rent payment,2022,6,4,5,1587.0,59348.0,1844.0,20926.333333333332,15,12344.0
T3965,U011,2022-09-30,Income,Freelance,12344.0,Card,Jaipur,No Notes,2022,9,30,4,3566.0,1587.0,59348.0,21500.333333333332,16,5720.0
T12480,U011,2022-10-07,Expense,Rent,5720.0,Card,Unknown,test,2022,10,7,4,12344.0,3566.0,1587.0,5832.333333333333,17,8149.0
T5367,U011,2022-10-28,Expense,Education,8149.0,Unknown,Delhi,...,2022,10,28,4,5720.0,12344.0,3566.0,7210.0,18,9416.0
T3361,U011,2022-11-04,Expense,Utilities,9416.0,Upi,Delhi,Doctor consultation,2022,11,4,4,8149.0,5720.0,12344.0,8737.666666666666,19,79544.0
T10074,U011,2022-11-16,Income,Salary,79544.0,Cash,Jaipur,Online course,2022,11,16,2,9416.0,8149.0,5720.0,7761.666666666667,20,6313.0
T2662,U011,2022-12-21,Expense,Utilities,6313.0,Upi,Pune,Gym membership,2022,12,21,2,79544.0,9416.0,8149.0,32369.666666666668,21,67211.0
T13524,U011,2023-01-17,Income,Salary,67211.0,Bank_Transfer,Mumbai,Electricity bill,2023,1,17,1,6313.0,79544.0,9416.0,31757.666666666668,22,293.0
T8614,U011,2023-04-09,Expense,Utilities,293.0,Cash,Chennai,Uber ride,2023,4,9,6,67211.0,6313.0,79544.0,51022.666666666664,23,9289.0
T13158,U011,2023-05-15,Expense,Entertainment,9289.0,Upi,Kolkata,Restaurant dinner,2023,5,15,0,293.0,67211.0,6313.0,24605.666666666668,24,6907.0
T0055,U011,2023-06-22,Expense,Rent,6907.0,Upi,Kolkata,No Notes,2023,6,22,3,9289.0,293.0,67211.0,25597.666666666668,25,9767.0
T1790,U011,2023-08-29,Expense,Travel,9767.0,Bank_Transfer,Kolkata,Electricity bill,2023,8,29,1,6907.0,9289.0,293.0,5496.333333333333,26,4311.0
T2628,U011,2023-10-07,Expense,Food,4311.0,Upi,Hyderabad,No Notes,2023,10,7,5,9767.0,6907.0,9289.0,8654.333333333334,27,11610.0
T7881,U011,2023-10-26,Income,Salary,11610.0,Card,Hyderabad,Lunch,2023,10,26,3,4311.0,9767.0,6907.0,6995.0,28,1199.0
T13804,U011,2023-11-18,Expense,Food,1199.0,Upi,Bangalore,Internet bill,2023,11,18,5,11610.0,4311.0,9767.0,8562.666666666666,29,5284.0
T11415,U011,2023-11-28,Expense,Health,5284.0,Bank_Transfer,Mumbai,No Notes,2023,11,28,1,1199.0,11610.0,4311.0,5706.666666666667,30,9034.0
T2942,U011,2024-01-17,Expense,Travel,9034.0,Bank_Transfer,Kolkata,Doctor consultation,2024,1,17,2,5284.0,1199.0,11610.0,6031.0,31,6536.0
T0267,U011,2024-03-02,Expense,Health,6536.0,Cash,Pune,Shopping,2024,3,2,5,9034.0,5284.0,1199.0,5172.333333333333,32,8617.0
T2515,U011,2024-03-09,Expense,Entertainment,8617.0,Bank_Transfer,Kolkata,Doctor consultation,2024,3,9,5,6536.0,9034.0,5284.0,6951.333333333333,33,8255.0
T11926,U011,2024-03-31,Expense,Entertainment,8255.0,Unknown,Chennai,Coffee,2024,3,31,6,8617.0,6536.0,9034.0,8062.333333333333,34,48387.0
T7507,U011,2024-04-16,Income,Investment,48387.0,Upi,Lucknow,Medicine,2024,4,16,1,8255.0,8617.0,6536.0,7802.666666666667,35,1588.0
T12952,U011,2024-04-19,Expense,Education,1588.0,Bank_Transfer,Ahmedabad,Grocery shopping,2024,4,19,4,48387.0,8255.0,8617.0,21753.0,36,4811.0
T4996,U011,2024-07-31,Expense,Health,4811.0,Upi,Jaipur,Train ticket,2024,7,31,2,1588.0,48387.0,8255.0,19410.0,37,30889.0
T7070,U011,2024-08-12,Income,Bonus,30889.0,Upi,Ahmedabad,Online course,2024,8,12,0,4811.0,1588.0,48387.0,18262.0,38,23463.0
T5927,U011,2024-08-21,Expense,Rent,23463.0,Upi,Hyderabad,Coffee,2024,8,21,2,30889.0,4811.0,1588.0,12429.333333333334,39,327.0
T12624,U011,2024-09-24,Expense,Rent,327.0,Upi,Mumbai,EMI payment,2024,9,24,1,23463.0,30889.0,4811.0,19721.0,40,2728.0
T2417,U011,2024-11-08,Expense,Rent,2728.0,Upi,Mumbai,Gym membership,2024,11,8,4,327.0,23463.0,30889.0,18226.333333333332,41,8800.0
T13891,U012,2021-05-24,Income,Freelance,79605.0,Unknown,Jaipur,Internet bill,2021,5,24,0,40590.0,30717.0,5056.0,25454.333333333332,3,824.0
T3240,U012,2021-06-26,Expense,Others,824.0,Card,Unknown,Lunch,2021,6,26,5,79605.0,40590.0,30717.0,50304.0,4,1504.0
T4286,U012,2021-07-22,Expense,Food,1504.0,Card,Lucknow,!!!,2021,7,22,3,824.0,79605.0,40590.0,40339.666666666664,5,3820.0
T7420,U012,2021-07-28,Expense,Food,3820.0,Cash,Bangalore,Internet bill,2021,7,28,2,1504.0,824.0,79605.0,27311.0,6,2114.0
T2185,U012,2021-09-11,Expense,Food,2114.0,Upi,Pune,Restaurant dinner,2021,9,11,5,3820.0,1504.0,824.0,2049.3333333333335,7,8301.0
T8124,U012,2022-02-27,Expense,Savings,8301.0,Bank_Transfer,Bangalore,Fixed deposit,2022,2,27,6,2114.0,3820.0,1504.0,2479.3333333333335,8,8897.0
T8394,U012,2022-04-14,Expense,Entertainment,8897.0,Upi,Jaipur,Restaurant dinner,2022,4,14,3,8301.0,2114.0,3820.0,4745.0,9,8928.0
T8220,U012,2022-04-24,Expense,Others,8928.0,Upi,Bangalore,Petrol,2022,4,24,6,8897.0,8301.0,2114.0,6437.333333333333,10,17856.0
T9206,U012,2022-05-06,Income,Salary,17856.0,Cash,Mumbai,asdfgh,2022,5,6,4,8928.0,8897.0,8301.0,8708.666666666666,11,78356.0
T6160,U012,2022-05-23,Income,Others,78356.0,Bank_Transfer,Ahmedabad,Books,2022,5,23,0,17856.0,8928.0,8897.0,11893.666666666666,12,20067.0
T11745,U012,2022-08-03,Income,Investment,20067.0,Upi,Bangalore,Books,2022,8,3,2,78356.0,17856.0,8928.0,35046.666666666664,13,3512.0
T7922,U012,2022-09-23,Expense,Entertainment,3512.0,Bank_Transfer,Bangalore,Petrol,2022,9,23,4,20067.0,78356.0,17856.0,38759.666666666664,14,1130.0
T1683,U012,2023-01-27,Expense,Rent,1130.0,Card,Bangalore,No Notes,2023,1,27,4,3512.0,20067.0,78356.0,33978.333333333336,15,1675.0
T10058,U012,2023-04-10,Expense,Utilities,1675.0,Card,Delhi,Monthly rent payment,2023,4,10,0,1130.0,3512.0,20067.0,8236.333333333334,16,4457.0
T5176,U012,2023-05-28,Expense,Travel,4457.0,Bank_Transfer,Unknown,test,2023,5,28,6,1675.0,1130.0,3512.0,2105.6666666666665,17,3525.0
T1587,U012,2023-06-29,Expense,Travel,3525.0,Card,Delhi,Movie tickets,2023,6,29,3,4457.0,1675.0,1130.0,2420.6666666666665,18,4750.0
T1635,U012,2023-07-01,Expense,Rent,4750.0,Cash,Unknown,EMI payment,2023,7,1,5,3525.0,4457.0,1675.0,3219.0,19,44154.0
T2518,U012,2023-07-26,Expense,Rent,44154.0,Bank_Transfer,Bangalore,test,2023,7,26,2,4750.0,3525.0,4457.0,4244.0,20,4073.0
T4801,U012,2023-08-15,Expense,Travel,4073.0,Bank_Transfer,Ahmedabad,No Notes,2023,8,15,1,44154.0,4750.0,3525.0,17476.333333333332,21,8794.0
T5596,U012,2023-08-24,Expense,Food,8794.0,Cash,Lucknow,Monthly rent payment,2023,8,24,3,4073.0,44154.0,4750.0,17659.0,22,846.0
T1803,U012,2023-10-23,Expense,Food,846.0,Bank_Transfer,Ahmedabad,Medicine,2023,10,23,0,8794.0,4073.0,44154.0,19007.0,23,3227.0
T10503,U012,2024-04-19,Expense,Utilities,3227.0,Card,Ahmedabad,Electricity bill,2024,4,19,4,846.0,8794.0,4073.0,4571.0,24,45070.0
T11412,U012,2024-05-13,Income,Others,45070.0,Card,Unknown,Books,2024,5,13,0,3227.0,846.0,8794.0,4289.0,25,1363.0
T3548,U012,2024-06-10,Expense,Food,1363.0,Unknown,Bangalore,xyz123,2024,6,10,0,45070.0,3227.0,846.0,16381.0,26,779.0
T2738,U012,2024-10-25,Expense,Food,779.0,Upi,Lucknow,Medicine,2024,10,25,4,1363.0,45070.0,3227.0,16553.333333333332,27,4640.0
T3042,U012,2024-11-07,Expense,Food,4640.0,Bank_Transfer,Jaipur,!!!,2024,11,7,3,779.0,1363.0,45070.0,15737.333333333334,28,1152.0
T2485,U013,2021-05-17,Expense,Food,9422.0,Upi,Mumbai,Monthly rent payment,2021,5,17,0,23907.0,2819.0,61820.0,29515.333333333332,3,3959.0
T9312,U013,2021-08-29,Expense,Travel,3959.0,Bank_Transfer,Bangalore,!!!,2021,8,29,6,9422.0,23907.0,2819.0,12049.333333333334,4,2966.0
T13526,U013,2021-09-15,Expense,Food,2966.0,Cash,Lucknow,No Notes,2021,9,15,2,3959.0,9422.0,23907.0,12429.333333333334,5,2310.0
T10787,U013,2021-10-26,Expense,Rent,2310.0,Bank_Transfer,Jaipur,Internet bill,2021,10,26,1,2966.0,3959.0,9422.0,5449.0,6,79300.0
T5543,U013,2021-11-30,Income,Freelance,79300.0,Bank_Transfer,Lucknow,No Notes,2021,11,30,1,2310.0,2966.0,3959.0,3078.3333333333335,7,17011.0
T8364,U013,2021-12-19,Income,Bonus,17011.0,Bank_Transfer,Bangalore,Online course,2021,12,19,6,79300.0,2310.0,2966.0,28192.0,8,71333.0
T11049,U013,2022-01-11,Income,Investment,71333.0,Bank_Transfer,Chennai,!!!,2022,1,11,1,17011.0,79300.0,2310.0,32873.666666666664,9,2845.0
T11574,U013,2022-03-29,Expense,Food,2845.0,Cash,Bangalore,No Notes,2022,3,29,1,71333.0,17011.0,79300.0,55881.333333333336,10,9199.0
T7660,U013,2022-05-03,Expense,Rent,9199.0,Bank_Transfer,Lucknow,Doctor consultation,2022,5,3,1,2845.0,71333.0,17011.0,30396.333333333332,11,8242.0
T5872,U013,2022-07-19,Expense,Entertainment,8242.0,Upi,Lucknow,xyz123,2022,7,19,1,9199.0,2845.0,71333.0,27792.333333333332,12,29767.0
T9454,U013,2022-09-03,Income,Others,29767.0,Bank_Transfer,Jaipur,Medicine,2022,9,3,5,8242.0,9199.0,2845.0,6762.0,13,2440.0
T7347,U013,2022-09-22,Expense,Travel,2440.0,Upi,Hyderabad,xyz123,2022,9,22,3,29767.0,8242.0,9199.0,15736.0,14,9497.0
T2295,U013,2022-12-24,Expense,Travel,9497.0,Cash,Bangalore,...,2022,12,24,5,2440.0,29767.0,8242.0,13483.0,15,5020.0
T8209,U013,2023-01-12,Expense,Entertainment,5020.0,Cash,Pune,No Notes,2023,1,12,3,9497.0,2440.0,29767.0,13901.333333333334,16,7626.0
T0944,U013,2023-03-29,Expense,Others,7626.0,Bank_Transfer,Jaipur,No Notes,2023,3,29,2,5020.0,9497.0,2440.0,5652.333333333333,17,6271.0
T1597,U013,2023-05-03,Expense,Savings,6271.0,Upi,Mumbai,Petrol,2023,5,3,2,7626.0,5020.0,9497.0,7381.0,18,4489.0
T9486,U013,2023-07-01,Expense,Rent,4489.0,Bank_Transfer,Delhi,!!!,2023,7,1,5,6271.0,7626.0,5020.0,6305.666666666667,19,2695.0
T0988,U013,2023-07-30,Expense,Utilities,2695.0,Unknown,Unknown,Shopping,2023,7,30,6,4489.0,6271.0,7626.0,6128.666666666667,20,7329.0
T3045,U013,2023-09-09,Expense,Education,7329.0,Card,Kolkata,Restaurant dinner,2023,9,9,5,2695.0,4489.0,6271.0,4485.0,21,367.0
T3449,U013,2023-10-25,Expense,Rent,367.0,Cash,Mumbai,Gym membership,2023,10,25,2,7329.0,2695.0,4489.0,4837.666666666667,22,4324.0
T1885,U013,2023-11-18,Expense,Food,4324.0,Card,Lucknow,Coffee,2023,11,18,5,367.0,7329.0,2695.0,3463.6666666666665,23,6798.0
T4884,U013,2024-02-20,Expense,Entertainment,6798.0,Upi,Ahmedabad,xyz123,2024,2,20,1,4324.0,367.0,7329.0,4006.6666666666665,24,4447.0
T7014,U013,2024-03-01,Expense,Health,4447.0,Bank_Transfer,Mumbai,No Notes,2024,3,1,4,6798.0,4324.0,367.0,3829.6666666666665,25,341.0
T7188,U013,2024-03-01,Expense,Utilities,341.0,Upi,Unknown,Uber ride,2024,3,1,4,4447.0,6798.0,4324.0,5189.666666666667,26,1295.0
T3960,U013,2024-03-10,Expense,Travel,1295.0,Bank_Transfer,Hyderabad,EMI payment,2024,3,10,6,341.0,4447.0,6798.0,3862.0,27,312.0
T5291,U013,2024-04-19,Expense,Travel,312.0,Cash,Lucknow,Doctor consultation,2024,4,19,4,1295.0,341.0,4447.0,2027.6666666666667,28,778.0
T9428,U013,2024-04-19,Expense,Rent,778.0,Cash,Kolkata,Monthly rent payment,2024,4,19,4,312.0,1295.0,341.0,649.3333333333334,29,7038.0
T0909,U013,2024-04-20,Expense,Entertainment,7038.0,Card,Jaipur,Gym membership,2024,4,20,5,778.0,312.0,1295.0,795.0,30,4210.0
T10449,U013,2024-05-29,Expense,Food,4210.0,Bank_Transfer,Ahmedabad,Uber ride,2024,5,29,2,7038.0,778.0,312.0,2709.3333333333335,31,4136.0
T0917,U013,2024-06-10,Expense,Education,4136.0,Upi,Unknown,...,2024,6,10,0,4210.0,7038.0,778.0,4008.6666666666665,32,2771.0
T4349,U013,2024-08-10,Expense,Education,2771.0,Bank_Transfer,Kolkata,Internet bill,2024,8,10,5,4136.0,4210.0,7038.0,5128.0,33,4778.0
T13549,U013,2024-10-08,Expense,Utilities,4778.0,Bank_Transfer,Hyderabad,Medicine,2024,10,8,1,2771.0,4136.0,4210.0,3705.6666666666665,34,7661.0
T3422,U013,2024-12-12,Expense,Savings,7661.0,Upi,Delhi,No Notes,2024,12,12,3,4778.0,2771.0,4136.0,3895.0,35,4678.0
T1659,U014,2021-07-06,Expense,Travel,6328.0,Card,Ahmedabad,Books,2021,7,6,1,581.0,1226.0,409.0,738.6666666666666,3,6356.0
T3786,U014,2021-08-09,Expense,Others,6356.0,Upi,Lucknow,Gym membership,2021,8,9,0,6328.0,581.0,1226.0,2711.6666666666665,4,3768.0
T8654,U014,2021-12-27,Expense,Food,3768.0,Cash,Hyderabad,Doctor consultation,2021,12,27,0,6356.0,6328.0,581.0,4421.666666666667,5,45085.0
T9448,U014,2022-01-06,Expense,Rent,45085.0,Upi,Mumbai,Grocery shopping,2022,1,6,3,3768.0,6356.0,6328.0,5484.0,6,3625.0
T1310,U014,2022-01-20,Expense,Travel,3625.0,Cash,Hyderabad,ATM withdrawal,2022,1,20,3,45085.0,3768.0,6356.0,18403.0,7,4213.0
T4175,U014,2022-02-09,Expense,Entertainment,4213.0,Upi,Delhi,Online course,2022,2,9,2,3625.0,45085.0,3768.0,17492.666666666668,8,2459.0
T1307,U014,2022-02-21,Expense,Utilities,2459.0,Card,Kolkata,No Notes,2022,2,21,0,4213.0,3625.0,45085.0,17641.0,9,3176.0
T7969,U014,2022-03-14,Expense,Savings,3176.0,Card,Hyderabad,Monthly rent payment,2022,3,14,0,2459.0,4213.0,3625.0,3432.3333333333335,10,2828.0
T0602,U014,2022-03-25,Expense,Food,2828.0,Upi,Mumbai,Monthly rent payment,2022,3,25,4,3176.0,2459.0,4213.0,3282.6666666666665,11,14080.0
T3402,U014,2022-04-21,Income,Bonus,14080.0,Bank_Transfer,Delhi,Online course,2022,4,21,3,2828.0,3176.0,2459.0,2821.0,12,314.0
T12580,U014,2022-06-23,Expense,Entertainment,314.0,Upi,Pune,Movie tickets,2022,6,23,3,14080.0,2828.0,3176.0,6694.666666666667,13,142875.0
T0495,U014,2022-07-06,Income,Freelance,142875.0,Upi,Kolkata,Movie tickets,2022,7,6,2,314.0,14080.0,2828.0,5740.666666666667,14,28374.0
T9558,U014,2022-10-03,Income,Freelance,28374.0,Bank_Transfer,Kolkata,Lunch,2022,10,3,0,142875.0,314.0,14080.0,52423.0,15,1845.0
T2707,U014,2022-10-06,Expense,Others,1845.0,Upi,Jaipur,Restaurant dinner,2022,10,6,3,28374.0,142875.0,314.0,57187.666666666664,16,9262.0
T3997,U014,2022-11-09,Expense,Utilities,9262.0,Upi,Unknown,Gym membership,2022,11,9,2,1845.0,28374.0,142875.0,57698.0,17,8863.0
T4662,U014,2023-01-01,Expense,Rent,8863.0,Upi,Mumbai,No Notes,2023,1,1,6,9262.0,1845.0,28374.0,13160.333333333334,18,35978.0
T9109,U014,2023-01-31,Expense,Rent,35978.0,Cash,Unknown,ATM withdrawal,2023,1,31,1,8863.0,9262.0,1845.0,6656.666666666667,19,5219.0
T0293,U014,2023-03-14,Expense,Others,5219.0,Cash,Delhi,No Notes,2023,3,14,1,35978.0,8863.0,9262.0,18034.333333333332,20,47132.0
T11061,U014,2023-04-16,Income,Freelance,47132.0,Unknown,Chennai,No Notes,2023,4,16,6,5219.0,35978.0,8863.0,16686.666666666668,21,3714.0
T6582,U014,2023-05-05,Expense,Food,3714.0,Bank_Transfer,Unknown,!!!,2023,5,5,4,47132.0,5219.0,35978.0,29443.0,22,8956.0
T10102,U014,2023-06-06,Expense,Rent,8956.0,Upi,Hyderabad,Books,2023,6,6,1,3714.0,47132.0,5219.0,18688.333333333332,23,8035.0
T6849,U014,2023-08-18,Expense,Rent,8035.0,Card,Pune,xyz123,2023,8,18,4,8956.0,3714.0,47132.0,19934.0,24,6574.0
T8205,U014,2023-09-10,Expense,Travel,6574.0,Cash,Bangalore,...,2023,9,10,6,8035.0,8956.0,3714.0,6901.666666666667,25,36134.0
T4302,U014,2023-09-22,Expense,Rent,36134.0,Card,Jaipur,Online course,2023,9,22,4,6574.0,8035.0,8956.0,7855.0,26,5157.0
T12645,U014,2023-10-01,Expense,Travel,5157.0,Cash,Chennai,!!!,2023,10,1,6,36134.0,6574.0,8035.0,16914.333333333332,27,6619.0
T11233,U014,2023-10-12,Expense,Health,6619.0,Cash,Mumbai,Movie tickets,2023,10,12,3,5157.0,36134.0,6574.0,15955.0,28,4292.0
T4624,U014,2023-10-28,Expense,Utilities,4292.0,Bank_Transfer,Unknown,Medicine,2023,10,28,5,6619.0,5157.0,36134.0,15970.0,29,4278.0
T11729,U014,2024-01-03,Expense,Rent,4278.0,Card,Mumbai,Medicine,2024,1,3,2,4292.0,6619.0,5157.0,5356.0,30,5072.0
T11452,U014,2024-01-21,Expense,Rent,5072.0,Bank_Transfer,Ahmedabad,Restaurant dinner,2024,1,21,6,4278.0,4292.0,6619.0,5063.0,31,8100.0
T4914,U014,2024-04-30,Expense,Utilities,8100.0,Cash,Chennai,Books,2024,4,30,1,5072.0,4278.0,4292.0,4547.333333333333,32,9348.0
T4870,U014,2024-10-04,Expense,Rent,9348.0,Bank_Transfer,Jaipur,No Notes,2024,10,4,4,8100.0,5072.0,4278.0,5816.666666666667,33,2453.0
T10771,U014,2024-10-08,Expense,Education,2453.0,Upi,Lucknow,Restaurant dinner,2024,10,8,1,9348.0,8100.0,5072.0,7506.666666666667,34,45422.0
T13327,U014,2024-10-12,Expense,Rent,45422.0,Cash,Kolkata,No Notes,2024,10,12,5,2453.0,9348.0,8100.0,6633.666666666667,35,707.0
T4696,U014,2024-11-12,Expense,Travel,707.0,Upi,Chennai,No Notes,2024,11,12,1,45422.0,2453.0,9348.0,19074.333333333332,36,16678.0
T1441,U014,2024-11-22,Income,Investment,16678.0,Upi,Chennai,ATM withdrawal,2024,11,22,4,707.0,45422.0,2453.0,16194.0,37,4619.0
T12112,U015,2021-08-28,Expense,Entertainment,3643.0,Bank_Transfer,Pune,No Notes,2021,8,28,5,3409.0,55263.0,1849.0,20173.666666666668,3,4828.0
T6393,U015,2021-09-16,Expense,Savings,4828.0,Upi,Delhi,...,2021,9,16,3,3643.0,3409.0,55263.0,20771.666666666668,4,7185.0
T6782,U015,2021-10-14,Expense,Entertainment,7185.0,Upi,Hyderabad,Online course,2021,10,14,3,4828.0,3643.0,3409.0,3960.0,5,1536.0
T1685,U015,2021-11-04,Expense,Travel,1536.0,Bank_Transfer,Lucknow,Gym membership,2021,11,4,3,7185.0,4828.0,3643.0,5218.666666666667,6,42608.0
T0775,U015,2021-12-09,Expense,Rent,42608.0,Cash,Lucknow,Uber ride,2021,12,9,3,1536.0,7185.0,4828.0,4516.333333333333,7,6311.0
T7675,U015,2022-01-18,Expense,Entertainment,6311.0,Cash,Hyderabad,No Notes,2022,1,18,1,42608.0,1536.0,7185.0,17109.666666666668,8,6296.0
T12182,U015,2022-01-22,Expense,Utilities,6296.0,Upi,Mumbai,Train ticket,2022,1,22,5,6311.0,42608.0,1536.0,16818.333333333332,9,6926.0
T10354,U015,2022-02-20,Expense,Travel,6926.0,Card,Delhi,Books,2022,2,20,6,6296.0,6311.0,42608.0,18405.0,10,2269.0
T8546,U015,2022-04-10,Expense,Travel,2269.0,Card,Hyderabad,Gym membership,2022,4,10,6,6926.0,6296.0,6311.0,6511.0,11,6001.0
T13482,U015,2022-04-16,Expense,Travel,6001.0,Bank_Transfer,Delhi,!!!,2022,4,16,5,2269.0,6926.0,6296.0,5163.666666666667,12,1506.0
T3830,U015,2022-06-22,Expense,Food,1506.0,Bank_Transfer,Lucknow,Coffee,2022,6,22,2,6001.0,2269.0,6926.0,5065.333333333333,13,3802.0
T8823,U015,2022-07-02,Expense,Travel,3802.0,Unknown,Jaipur,No Notes,2022,7,2,5,1506.0,6001.0,2269.0,3258.6666666666665,14,60720.0
T3116,U015,2022-09-01,Income,Freelance,60720.0,Unknown,Chennai,Doctor consultation,2022,9,1,3,3802.0,1506.0,6001.0,3769.6666666666665,15,12479.0
T7899,U015,2023-05-09,Expense,Rent,12479.0,Upi,Pune,xyz123,2023,5,9,1,60720.0,3802.0,1506.0,22009.333333333332,16,2301.0
T4107,U015,2023-07-30,Expense,Others,2301.0,Bank_Transfer,Jaipur,Medicine,2023,7,30,6,12479.0,60720.0,3802.0,25667.0,17,2997.0
T3398,U015,2023-08-07,Expense,Rent,2997.0,Unknown,Unknown,Doctor consultation,2023,8,7,0,2301.0,12479.0,60720.0,25166.666666666668,18,1211.0
T6927,U015,2023-08-19,Expense,Travel,1211.0,Card,Lucknow,ATM withdrawal,2023,8,19,5,2997.0,2301.0,12479.0,5925.666666666667,19,43520.0
T8777,U015,2023-11-07,Expense,Rent,43520.0,Upi,Hyderabad,Monthly rent payment,2023,11,7,1,1211.0,2997.0,2301.0,2169.6666666666665,20,4299.0
T9382,U015,2023-12-24,Expense,Food,4299.0,Upi,Bangalore,Petrol,2023,12,24,6,43520.0,1211.0,2997.0,15909.333333333334,21,9428.0
T7702,U015,2023-12-27,Expense,Entertainment,9428.0,Cash,Delhi,No Notes,2023,12,27,2,4299.0,43520.0,1211.0,16343.333333333334,22,22772.0
T7807,U015,2024-01-02,Income,Investment,22772.0,Upi,Jaipur,No Notes,2024,1,2,1,9428.0,4299.0,43520.0,19082.333333333332,23,7251.0
T13853,U015,2024-02-07,Expense,Utilities,7251.0,Card,Jaipur,Petrol,2024,2,7,2,22772.0,9428.0,4299.0,12166.333333333334,24,5052.0
T5735,U015,2024-03-15,Expense,Others,5052.0,Upi,Pune,EMI payment,2024,3,15,4,7251.0,22772.0,9428.0,13150.333333333334,25,176.0
T8015,U015,2024-03-21,Expense,Travel,176.0,Bank_Transfer,Pune,Gym membership,2024,3,21,3,5052.0,7251.0,22772.0,11691.666666666666,26,5990.0
T8690,U015,2024-04-19,Expense,Food,5990.0,Bank_Transfer,Kolkata,Monthly rent payment,2024,4,19,4,176.0,5052.0,7251.0,4159.666666666667,27,5302.0
T13426,U015,2024-05-04,Expense,Entertainment,5302.0,Upi,Mumbai,ATM withdrawal,2024,5,4,5,5990.0,176.0,5052.0,3739.3333333333335,28,1971.0
T13426,U015,2024-05-12,Expense,Health,1971.0,Cash,Pune,Gym membership,2024,5,12,6,5302.0,5990.0,176.0,3822.6666666666665,29,6219.0
T4108,U015,2024-05-21,Expense,Others,6219.0,Cash,Mumbai,Monthly rent payment,2024,5,21,1,1971.0,5302.0,5990.0,4421.0,30,6226.0
T5070,U015,2024-05-22,Expense,Utilities,6226.0,Bank_Transfer,Unknown,test,2024,5,22,2,6219.0,1971.0,5302.0,4497.333333333333,31,5394.0
T6039,U015,2024-06-05,Expense,Utilities,5394.0,Cash,Jaipur,Electricity bill,2024,6,5,2,6226.0,6219.0,1971.0,4805.333333333333,32,3966.0
T7257,U015,2024-08-01,Expense,Education,3966.0,Card,Unknown,ATM withdrawal,2024,8,1,3,5394.0,6226.0,6219.0,5946.333333333333,33,5782.0
T5419,U015,2024-08-25,Expense,Education,5782.0,Bank_Transfer,Ahmedabad,Monthly rent payment,2024,8,25,6,3966.0,5394.0,6226.0,5195.333333333333,34,25583.0
T6301,U015,2024-08-26,Income,Investment,25583.0,Bank_Transfer,Kolkata,xyz123,2024,8,26,0,5782.0,3966.0,5394.0,5047.333333333333,35,8349.0
T4904,U016,2021-06-11,Expense,Others,1483.0,Bank_Transfer,Chennai,Lunch,2021,6,11,4,31110.0,7845.0,4687.0,14547.333333333334,3,759.0
T9381,U016,2021-06-27,Expense,Travel,759.0,Upi,Chennai,Electricity bill,2021,6,27,6,1483.0,31110.0,7845.0,13479.333333333334,4,8731.0
T11875,U016,2021-09-29,Expense,Travel,8731.0,Bank_Transfer,Jaipur,ATM withdrawal,2021,9,29,2,759.0,1483.0,31110.0,11117.333333333334,5,5132.0
T8791,U016,2021-10-13,Expense,Travel,5132.0,Bank_Transfer,Delhi,No Notes,2021,10,13,2,8731.0,759.0,1483.0,3657.6666666666665,6,7694.0
T3802,U016,2021-12-10,Expense,Utilities,7694.0,Card,Mumbai,Gym membership,2021,12,10,4,5132.0,8731.0,759.0,4874.0,7,1466.0
T12528,U016,2021-12-24,Expense,Entertainment,1466.0,Bank_Transfer,Mumbai,Online course,2021,12,24,4,7694.0,5132.0,8731.0,7185.666666666667,8,6837.0
T13489,U016,2022-02-02,Expense,Health,6837.0,Upi,Chennai,No Notes,2022,2,2,2,1466.0,7694.0,5132.0,4764.0,9,1515.0
T11677,U016,2022-02-27,Expense,Education,1515.0,Bank_Transfer,Ahmedabad,No Notes,2022,2,27,6,6837.0,1466.0,7694.0,5332.333333333333,10,4880.0
T6832,U016,2022-03-02,Expense,Education,4880.0,Cash,Mumbai,Grocery shopping,2022,3,2,2,1515.0,6837.0,1466.0,3272.6666666666665,11,5656.0
T9209,U016,2022-03-11,Expense,Education,5656.0,Card,Delhi,Uber ride,2022,3,11,4,4880.0,1515.0,6837.0,4410.666666666667,12,4125.0
T9904,U016,2022-03-22,Expense,Travel,4125.0,Cash,Kolkata,EMI payment,2022,3,22,1,5656.0,4880.0,1515.0,4017.0,13,5533.0
T10389,U016,2022-05-05,Expense,Health,5533.0,Upi,Hyderabad,Gym membership,2022,5,5,3,4125.0,5656.0,4880.0,4887.0,14,45702.0
T7275,U016,2022-06-24,Income,Freelance,45702.0,Upi,Jaipur,test,2022,6,24,4,5533.0,4125.0,5656.0,5104.666666666667,15,56804.0
T12836,U016,2022-07-22,Income,Salary,56804.0,Card,Delhi,Electricity bill,2022,7,22,4,45702.0,5533.0,4125.0,18453.333333333332,16,4372.0
T10536,U016,2022-08-29,Expense,Rent,4372.0,Card,Delhi,Fixed deposit,2022,8,29,0,56804.0,45702.0,5533.0,36013.0,17,1319.0
T10783,U016,2022-09-11,Expense,Utilities,1319.0,Upi,Chennai,No Notes,2022,9,11,6,4372.0,56804.0,45702.0,35626.0,18,45417.0
T10291,U016,2022-12-18,Income,Investment,45417.0,Card,Jaipur,Petrol,2022,12,18,6,1319.0,4372.0,56804.0,20831.666666666668,19,5947.0
T12479,U016,2023-01-23,Expense,Health,5947.0,Upi,Jaipur,Restaurant dinner,2023,1,23,0,45417.0,1319.0,4372.0,17036.0,20,4827.0
T11491,U016,2023-02-01,Expense,Food,4827.0,Bank_Transfer,Delhi,Coffee,2023,2,1,2,5947.0,45417.0,1319.0,17561.0,21,6076.0
T5410,U016,2023-02-09,Expense,Rent,6076.0,Bank_Transfer,Jaipur,Electricity bill,2023,2,9,3,4827.0,5947.0,45417.0,18730.333333333332,22,4523.0
T8650,U016,2023-02-21,Expense,Utilities,4523.0,Upi,Chennai,asdfgh,2023,2,21,1,6076.0,4827.0,5947.0,5616.666666666667,23,333.0
T6288,U016,2023-04-09,Expense,Food,333.0,Card,Ahmedabad,Books,2023,4,9,6,4523.0,6076.0,4827.0,5142.0,24,3783.0
T13831,U016,2023-04-09,Expense,Savings,3783.0,Cash,Delhi,No Notes,2023,4,9,6,333.0,4523.0,6076.0,3644.0,25,44732.0
T10229,U016,2023-05-02,Income,Freelance,44732.0,Unknown,Jaipur,Doctor consultation,2023,5,2,1,3783.0,333.0,4523.0,2879.6666666666665,26,1857.0
T11697,U016,2023-05-22,Expense,Utilities,1857.0,Card,Delhi,Coffee,2023,5,22,0,44732.0,3783.0,333.0,16282.666666666666,27,6951.0
T3635,U016,2023-09-06,Expense,Travel,6951.0,Cash,Pune,...,2023,9,6,2,1857.0,44732.0,3783.0,16790.666666666668,28,8147.0
T5776,U016,2023-10-12,Expense,Others,8147.0,Cash,Ahmedabad,asdfgh,2023,10,12,3,6951.0,1857.0,44732.0,17846.666666666668,29,353.0
T0860,U016,2023-10-14,Expense,Health,353.0,Cash,Hyderabad,No Notes,2023,10,14,5,8147.0,6951.0,1857.0,5651.666666666667,30,9527.0
T0724,U016,2023-11-06,Expense,Rent,9527.0,Cash,Hyderabad,Gym membership,2023,11,6,0,353.0,8147.0,6951.0,5150.333333333333,31,64931.0
T10120,U016,2023-11-23,Income,Others,64931.0,Bank_Transfer,Kolkata,xyz123,2023,11,23,3,9527.0,353.0,8147.0,6009.0,32,13000.0
T9242,U016,2023-11-29,Expense,Rent,13000.0,Unknown,Lucknow,Doctor consultation,2023,11,29,2,64931.0,9527.0,353.0,24937.0,33,4480.0
T0140,U016,2023-12-27,Expense,Rent,4480.0,Cash,Pune,Electricity bill,2023,12,27,2,13000.0,64931.0,9527.0,29152.666666666668,34,6666.0
T12274,U016,2024-01-08,Expense,Food,6666.0,Card,Jaipur,misc,2024,1,8,0,4480.0,13000.0,64931.0,27470.333333333332,35,289.0
T5597,U016,2024-01-12,Expense,Utilities,289.0,Upi,Hyderabad,No Notes,2024,1,12,4,6666.0,4480.0,13000.0,8048.666666666667,36,5063.0
T4765,U016,2024-04-29,Expense,Rent,5063.0,Card,Delhi,No Notes,2024,4,29,0,289.0,6666.0,4480.0,3811.6666666666665,37,9086.0
T7493,U016,2024-06-04,Expense,Food,9086.0,Cash,Lucknow,No Notes,2024,6,4,1,5063.0,289.0,6666.0,4006.0,38,3644.0
T5753,U016,2024-07-10,Expense,Food,3644.0,Upi,Hyderabad,Lunch,2024,7,10,2,9086.0,5063.0,289.0,4812.666666666667,39,2491.0
T9369,U016,2024-11-10,Expense,Food,2491.0,Cash,Ahmedabad,Online course,2024,11,10,6,3644.0,9086.0,5063.0,5931.0,40,30589.0
T4736,U017,2021-06-09,Expense,Rent,6771.0,Card,Chennai,Lunch,2021,6,9,2,9655.0,62348.0,5052.0,25685.0,3,637.0
T13875,U017,2021-07-14,Expense,Travel,637.0,Card,Mumbai,Online course,2021,7,14,2,6771.0,9655.0,62348.0,26258.0,4,3500.0
T5469,U017,2021-07-26,Expense,Health,3500.0,Bank_Transfer,Pune,asdfgh,2021,7,26,0,637.0,6771.0,9655.0,5687.666666666667,5,4797.0
T6047,U017,2021-09-23,Expense,Food,4797.0,Upi,Jaipur,No Notes,2021,9,23,3,3500.0,637.0,6771.0,3636.0,6,43387.0
T7292,U017,2022-02-06,Expense,Rent,43387.0,Card,Chennai,Monthly rent payment,2022,2,6,6,4797.0,3500.0,637.0,2978.0,7,7935.0
T1383,U017,2022-02-27,Expense,Entertainment,7935.0,Upi,Bangalore,EMI payment,2022,2,27,6,43387.0,4797.0,3500.0,17228.0,8,7939.0
T10916,U017,2022-05-01,Expense,Utilities,7939.0,Card,Bangalore,No Notes,2022,5,1,6,7935.0,43387.0,4797.0,18706.333333333332,9,8671.0
T11906,U017,2022-06-28,Expense,Health,8671.0,Upi,Unknown,Movie tickets,2022,6,28,1,7939.0,7935.0,43387.0,19753.666666666668,10,229.0
T0980,U017,2022-07-29,Expense,Utilities,229.0,Upi,Bangalore,test,2022,7,29,4,8671.0,7939.0,7935.0,8181.666666666667,11,8324.0
T9347,U017,2022-09-12,Expense,Education,8324.0,Bank_Transfer,Unknown,Online course,2022,9,12,0,229.0,8671.0,7939.0,5613.0,12,5391.0
T13194,U017,2022-09-20,Expense,Travel,5391.0,Unknown,Jaipur,test,2022,9,20,1,8324.0,229.0,8671.0,5741.333333333333,13,1897.0
T5846,U017,2022-11-21,Expense,Travel,1897.0,Bank_Transfer,Bangalore,No Notes,2022,11,21,0,5391.0,8324.0,229.0,4648.0,14,634.0
T6921,U017,2022-11-26,Expense,Food,634.0,Card,Chennai,No Notes,2022,11,26,5,1897.0,5391.0,8324.0,5204.0,15,29115.0
T4221,U017,2023-01-27,Income,Salary,29115.0,Upi,Kolkata,Petrol,2023,1,27,4,634.0,1897.0,5391.0,2640.6666666666665,16,5126.0
T1438,U017,2023-02-07,Expense,Rent,5126.0,Cash,Lucknow,Train ticket,2023,2,7,1,29115.0,634.0,1897.0,10548.666666666666,17,4169.0
T6226,U017,2023-02-17,Expense,Food,4169.0,Upi,Pune,Restaurant dinner,2023,2,17,4,5126.0,29115.0,634.0,11625.0,18,9671.0
T12209,U017,2023-02-17,Expense,Entertainment,9671.0,Upi,Chennai,test,2023,2,17,4,4169.0,5126.0,29115.0,12803.333333333334,19,363110.0
T12503,U017,2023-03-02,Income,Others,363110.0,Upi,Hyderabad,test,2023,3,2,3,9671.0,4169.0,5126.0,6322.0,20,877.0
T7703,U017,2023-03-10,Expense,Utilities,877.0,Upi,Hyderabad,Shopping,2023,3,10,4,363110.0,9671.0,4169.0,125650.0,21,4949.0
T1165,U017,2023-04-04,Expense,Utilities,4949.0,Cash,Jaipur,No Notes,2023,4,4,1,877.0,363110.0,9671.0,124552.66666666667,22,2074.0
T2898,U017,2023-04-12,Expense,Utilities,2074.0,Upi,Kolkata,Lunch,2023,4,12,2,4949.0,877.0,363110.0,122978.66666666667,23,258.0
T8873,U017,2023-04-20,Expense,Travel,258.0,Cash,Delhi,No Notes,2023,4,20,3,2074.0,4949.0,877.0,2633.3333333333335,24,7597.0
T3072,U017,2023-04-25,Expense,Utilities,7597.0,Upi,Ahmedabad,No Notes,2023,4,25,1,258.0,2074.0,4949.0,2427.0,25,20629.0
T0362,U017,2023-04-25,Expense,Rent,20629.0,Upi,Pune,...,2023,4,25,1,7597.0,258.0,2074.0,3309.6666666666665,26,71361.0
T1867,U017,2023-06-28,Income,Investment,71361.0,Bank_Transfer,Hyderabad,Internet bill,2023,6,28,2,20629.0,7597.0,258.0,9494.666666666666,27,1629.0
T1387,U017,2023-08-16,Expense,Entertainment,1629.0,Card,Delhi,Monthly rent payment,2023,8,16,2,71361.0,20629.0,7597.0,33195.666666666664,28,2901.0
T11124,U017,2023-10-07,Expense,Food,2901.0,Bank_Transfer,Lucknow,No Notes,2023,10,7,5,1629.0,71361.0,20629.0,31206.333333333332,29,1542.0
T2555,U017,2023-11-18,Expense,Utilities,1542.0,Unknown,Hyderabad,Uber ride,2023,11,18,5,2901.0,1629.0,71361.0,25297.0,30,7393.0
T3529,U017,2024-01-23,Expense,Entertainment,7393.0,Cash,Bangalore,Online course,2024,1,23,1,1542.0,2901.0,1629.0,2024.0,31,5566.0
T5873,U017,2024-02-06,Expense,Travel,5566.0,Cash,Lucknow,test,2024,2,6,1,7393.0,1542.0,2901.0,3945.3333333333335,32,45482.0
T10680,U017,2024-03-12,Expense,Rent,45482.0,Card,Ahmedabad,Restaurant dinner,2024,3,12,1,5566.0,7393.0,1542.0,4833.666666666667,33,7677.0
T8155,U017,2024-03-18,Expense,Utilities,7677.0,Upi,Chennai,...,2024,3,18,0,45482.0,5566.0,7393.0,19480.333333333332,34,65636.0
T10584,U017,2024-04-15,Income,Others,65636.0,Card,Chennai,Electricity bill,2024,4,15,0,7677.0,45482.0,5566.0,19575.0,35,9110.0
T1231,U017,2024-05-18,Expense,Savings,9110.0,Bank_Transfer,Bangalore,Monthly rent payment,2024,5,18,5,65636.0,7677.0,45482.0,39598.333333333336,36,923.0
T1007,U017,2024-06-05,Expense,Food,923.0,Bank_Transfer,Hyderabad,test,2024,6,5,2,9110.0,65636.0,7677.0,27474.333333333332,37,1763.0
T2299,U017,2024-08-17,Expense,Others,1763.0,Bank_Transfer,Kolkata,No Notes,2024,8,17,5,923.0,9110.0,65636.0,25223.0,38,1501.0
T12853,U017,2024-09-01,Expense,Rent,1501.0,Unknown,Ahmedabad,Fixed deposit,2024,9,1,6,1763.0,923.0,9110.0,3932.0,39,75084.0
T8649,U018,2021-03-16,Expense,Food,8067.0,Unknown,Hyderabad,...,2021,3,16,1,9132.0,5980.0,3054.0,6055.333333333333,3,26564.0
T4070,U018,2021-04-15,Income,Others,26564.0,Cash,Mumbai,Books,2021,4,15,3,8067.0,9132.0,5980.0,7726.333333333333,4,2966.0
T3041,U018,2021-07-11,Expense,Rent,2966.0,Cash,Bangalore,EMI payment,2021,7,11,6,26564.0,8067.0,9132.0,14587.666666666666,5,9301.0
T0746,U018,2022-02-01,Expense,Others,9301.0,Upi,Hyderabad,No Notes,2022,2,1,1,2966.0,26564.0,8067.0,12532.333333333334,6,552.0
T0020,U018,2022-07-26,Expense,Food,552.0,Upi,Pune,No Notes,2022,7,26,1,9301.0,2966.0,26564.0,12943.666666666666,7,1588.0
T0252,U018,2022-08-17,Expense,Food,1588.0,Cash,Kolkata,Lunch,2022,8,17,2,552.0,9301.0,2966.0,4273.0,8,22033.0
T10741,U018,2022-10-13,Expense,Rent,22033.0,Card,Unknown,No Notes,2022,10,13,3,1588.0,552.0,9301.0,3813.6666666666665,9,363983.0
T5314,U018,2022-11-03,Income,Bonus,363983.0,Upi,Jaipur,Fixed deposit,2022,11,3,3,22033.0,1588.0,552.0,8057.666666666667,10,4758.0
T12244,U018,2022-11-15,Expense,Rent,4758.0,Upi,Pune,Coffee,2022,11,15,1,363983.0,22033.0,1588.0,129201.33333333333,11,4684.0
T13860,U018,2022-12-25,Expense,Food,4684.0,Bank_Transfer,Chennai,Books,2022,12,25,6,4758.0,363983.0,22033.0,130258.0,12,9622.0
T3991,U018,2022-12-31,Expense,Food,9622.0,Bank_Transfer,Jaipur,No Notes,2022,12,31,5,4684.0,4758.0,363983.0,124475.0,13,1356.0
T0682,U018,2023-04-21,Expense,Food,1356.0,Upi,Kolkata,Fixed deposit,2023,4,21,4,9622.0,4684.0,4758.0,6354.666666666667,14,3888.0
T4999,U018,2023-04-25,Expense,Education,3888.0,Card,Ahmedabad,Movie tickets,2023,4,25,1,1356.0,9622.0,4684.0,5220.666666666667,15,4022.0
T1316,U018,2023-05-15,Expense,Travel,4022.0,Card,Pune,Shopping,2023,5,15,0,3888.0,1356.0,9622.0,4955.333333333333,16,75684.0
T4764,U018,2023-05-30,Income,Investment,75684.0,Upi,Unknown,Books,2023,5,30,1,4022.0,3888.0,1356.0,3088.6666666666665,17,6377.0
T8295,U018,2023-06-16,Expense,Travel,6377.0,Bank_Transfer,Lucknow,Shopping,2023,6,16,4,75684.0,4022.0,3888.0,27864.666666666668,18,2217.0
T8705,U018,2023-08-20,Expense,Travel,2217.0,Card,Pune,Electricity bill,2023,8,20,6,6377.0,75684.0,4022.0,28694.333333333332,19,1575.0
T13137,U018,2024-03-08,Expense,Food,1575.0,Unknown,Unknown,Petrol,2024,3,8,4,2217.0,6377.0,75684.0,28092.666666666668,20,7116.0
T4290,U018,2024-09-03,Expense,Savings,7116.0,Cash,Ahmedabad,Gym membership,2024,9,3,1,1575.0,2217.0,6377.0,3389.6666666666665,21,3929.0
T11075,U018,2024-09-29,Expense,Food,3929.0,Bank_Transfer,Kolkata,No Notes,2024,9,29,6,7116.0,1575.0,2217.0,3636.0,22,6610.0
T12719,U019,2021-05-18,Expense,Food,5042.0,Cash,Jaipur,EMI payment,2021,5,18,1,22666.0,3125.0,31824.0,19205.0,3,4286.0
T8006,U019,2021-08-15,Expense,Entertainment,4286.0,Cash,Chennai,Internet bill,2021,8,15,6,5042.0,22666.0,3125.0,10277.666666666666,4,396.0
T5027,U019,2021-09-22,Expense,Utilities,396.0,Upi,Chennai,No Notes,2021,9,22,2,4286.0,5042.0,22666.0,10664.666666666666,5,1749.0
T2137,U019,2021-11-01,Expense,Food,1749.0,Upi,Kolkata,test,2021,11,1,0,396.0,4286.0,5042.0,3241.3333333333335,6,10018.0
T8728,U019,2022-03-02,Expense,Rent,10018.0,Bank_Transfer,Jaipur,No Notes,2022,3,2,2,1749.0,396.0,4286.0,2143.6666666666665,7,8759.0
T0849,U019,2022-03-20,Expense,Utilities,8759.0,Cash,Kolkata,test,2022,3,20,6,10018.0,1749.0,396.0,4054.3333333333335,8,3722.0
T3360,U019,2022-05-16,Expense,Others,3722.0,Bank_Transfer,Unknown,Internet bill,2022,5,16,0,8759.0,10018.0,1749.0,6842.0,9,7259.0
T2891,U019,2022-09-15,Expense,Health,7259.0,Bank_Transfer,Pune,asdfgh,2022,9,15,3,3722.0,8759.0,10018.0,7499.666666666667,10,2847.0
T4202,U019,2022-10-05,Expense,Utilities,2847.0,Bank_Transfer,Kolkata,Movie tickets,2022,10,5,2,7259.0,3722.0,8759.0,6580.0,11,1673.0
T8786,U019,2023-01-08,Expense,Food,1673.0,Upi,Lucknow,Medicine,2023,1,8,6,2847.0,7259.0,3722.0,4609.333333333333,12,4864.0
T0941,U019,2023-01-10,Expense,Food,4864.0,Upi,Delhi,Movie tickets,2023,1,10,1,1673.0,2847.0,7259.0,3926.3333333333335,13,17355.0
T11568,U019,2023-01-22,Expense,Rent,17355.0,Card,Pune,Restaurant dinner,2023,1,22,6,4864.0,1673.0,2847.0,3128.0,14,37094.0
T13089,U019,2023-01-23,Expense,Rent,37094.0,Upi,Bangalore,Lunch,2023,1,23,0,17355.0,4864.0,1673.0,7964.0,15,8159.0
T13909,U019,2023-02-08,Expense,Travel,8159.0,Unknown,Mumbai,Grocery shopping,2023,2,8,2,37094.0,17355.0,4864.0,19771.0,16,8172.0
T1577,U019,2023-02-13,Expense,Others,8172.0,Upi,Pune,Grocery shopping,2023,2,13,0,8159.0,37094.0,17355.0,20869.333333333332,17,709.0
T9932,U019,2023-03-11,Expense,Utilities,709.0,Card,Kolkata,Train ticket,2023,3,11,5,8172.0,8159.0,37094.0,17808.333333333332,18,5711.0
T8589,U019,2023-03-18,Expense,Entertainment,5711.0,Cash,Pune,Medicine,2023,3,18,5,709.0,8172.0,8159.0,5680.0,19,8682.0
T2985,U019,2023-04-22,Expense,Rent,8682.0,Cash,Bangalore,Electricity bill,2023,4,22,5,5711.0,709.0,8172.0,4864.0,20,2561.0
T9726,U019,2023-07-25,Expense,Food,2561.0,Upi,Chennai,asdfgh,2023,7,25,1,8682.0,5711.0,709.0,5034.0,21,18710.0
T6993,U019,2023-07-31,Expense,Rent,18710.0,Card,Bangalore,No Notes,2023,7,31,0,2561.0,8682.0,5711.0,5651.333333333333,22,40517.0
T4734,U019,2023-08-14,Expense,Rent,40517.0,Bank_Transfer,Delhi,No Notes,2023,8,14,0,18710.0,2561.0,8682.0,9984.333333333334,23,9151.0
T1892,U019,2023-10-07,Expense,Utilities,9151.0,Card,Mumbai,Uber ride,2023,10,7,5,40517.0,18710.0,2561.0,20596.0,24,2956.0
T11897,U019,2023-12-25,Expense,Health,2956.0,Upi,Jaipur,!!!,2023,12,25,0,9151.0,40517.0,18710.0,22792.666666666668,25,6787.0
T1193,U019,2024-03-18,Expense,Food,6787.0,Bank_Transfer,Mumbai,Fixed deposit,2024,3,18,0,2956.0,9151.0,40517.0,17541.333333333332,26,1183.0
T1901,U019,2024-05-06,Expense,Utilities,1183.0,Bank_Transfer,Ahmedabad,Electricity bill,2024,5,6,0,6787.0,2956.0,9151.0,6298.0,27,9112.0
T9361,U019,2024-06-10,Expense,Travel,9112.0,Card,Hyderabad,Coffee,2024,6,10,0,1183.0,6787.0,2956.0,3642.0,28,1233.0
T7269,U019,2024-08-20,Expense,Entertainment,1233.0,Bank_Transfer,Chennai,Electricity bill,2024,8,20,1,9112.0,1183.0,6787.0,5694.0,29,3301.0
T9962,U019,2024-09-18,Expense,Food,3301.0,Upi,Kolkata,Uber ride,2024,9,18,2,1233.0,9112.0,1183.0,3842.6666666666665,30,562.0
T10659,U019,2024-10-21,Expense,Travel,562.0,Upi,Delhi,No Notes,2024,10,21,0,3301.0,1233.0,9112.0,4548.666666666667,31,4098.0
T13707,U020,2021-04-05,Expense,Rent,3841.0,Bank_Transfer,Hyderabad,Restaurant dinner,2021,4,5,0,4801.0,4398.0,7062.0,5420.333333333333,3,54123.0
T7539,U020,2021-07-20,Income,Investment,54123.0,Upi,Delhi,No Notes,2021,7,20,1,3841.0,4801.0,4398.0,4346.666666666667,4,3611.0
T9017,U020,2021-08-28,Expense,Travel,3611.0,Bank_Transfer,Jaipur,ATM withdrawal,2021,8,28,5,54123.0,3841.0,4801.0,20921.666666666668,5,6385.0
T13648,U020,2021-09-12,Expense,Education,6385.0,Upi,Bangalore,Electricity bill,2021,9,12,6,3611.0,54123.0,3841.0,20525.0,6,3663.0
T6226,U020,2021-10-14,Expense,Rent,3663.0,Upi,Lucknow,Train ticket,2021,10,14,3,6385.0,3611.0,54123.0,21373.0,7,3452.0
T3421,U020,2021-12-07,Expense,Food,3452.0,Cash,Unknown,No Notes,2021,12,7,1,3663.0,6385.0,3611.0,4553.0,8,2199.0
T3243,U020,2022-01-14,Expense,Food,2199.0,Bank_Transfer,Unknown,Lunch,2022,1,14,4,3452.0,3663.0,6385.0,4500.0,9,7378.0
T2426,U020,2022-01-17,Expense,Food,7378.0,Bank_Transfer,Bangalore,!!!,2022,1,17,0,2199.0,3452.0,3663.0,3104.6666666666665,10,1190.0
T6534,U020,2022-03-15,Expense,Utilities,1190.0,Upi,Bangalore,Lunch,2022,3,15,1,7378.0,2199.0,3452.0,4343.0,11,638.0
T10648,U020,2022-05-07,Expense,Rent,638.0,Card,Mumbai,asdfgh,2022,5,7,5,1190.0,7378.0,2199.0,3589.0,12,41429.0
T4567,U020,2022-07-06,Income,Bonus,41429.0,Bank_Transfer,Kolkata,ATM withdrawal,2022,7,6,2,638.0,1190.0,7378.0,3068.6666666666665,13,3605.0
T9694,U020,2022-08-26,Expense,Travel,3605.0,Bank_Transfer,Delhi,Coffee,2022,8,26,4,41429.0,638.0,1190.0,14419.0,14,1862.0
T11444,U020,2022-09-08,Expense,Rent,1862.0,Upi,Kolkata,Shopping,2022,9,8,3,3605.0,41429.0,638.0,15224.0,15,9237.0
T4928,U020,2022-10-14,Expense,Travel,9237.0,Upi,Lucknow,Petrol,2022,10,14,4,1862.0,3605.0,41429.0,15632.0,16,6316.0
T5613,U020,2022-12-05,Expense,Travel,6316.0,Card,Bangalore,ATM withdrawal,2022,12,5,0,9237.0,1862.0,3605.0,4901.333333333333,17,7165.0
T11257,U020,2022-12-05,Expense,Entertainment,7165.0,Card,Mumbai,Shopping,2022,12,5,0,6316.0,9237.0,1862.0,5805.0,18,5988.0
T8123,U020,2023-05-15,Expense,Rent,5988.0,Bank_Transfer,Mumbai,Movie tickets,2023,5,15,0,7165.0,6316.0,9237.0,7572.666666666667,19,2827.0
T1112,U020,2023-06-16,Expense,Education,2827.0,Cash,Ahmedabad,Electricity bill,2023,6,16,4,5988.0,7165.0,6316.0,6489.666666666667,20,47146.0
T3774,U020,2023-09-08,Expense,Rent,47146.0,Card,Delhi,No Notes,2023,9,8,4,2827.0,5988.0,7165.0,5326.666666666667,21,3800.0
T0359,U020,2024-01-03,Expense,Travel,3800.0,Cash,Delhi,No Notes,2024,1,3,2,47146.0,2827.0,5988.0,18653.666666666668,22,8394.0
T7048,U020,2024-03-20,Expense,Rent,8394.0,Unknown,Jaipur,Coffee,2024,3,20,2,3800.0,47146.0,2827.0,17924.333333333332,23,7279.0
T13368,U020,2024-05-16,Expense,Food,7279.0,Card,Mumbai,No Notes,2024,5,16,3,8394.0,3800.0,47146.0,19780.0,24,5953.0
T1184,U020,2024-05-30,Expense,Travel,5953.0,Card,Delhi,Lunch,2024,5,30,3,7279.0,8394.0,3800.0,6491.0,25,4871.0
T10458,U020,2024-09-28,Expense,Food,4871.0,Bank_Transfer,Kolkata,...,2024,9,28,5,5953.0,7279.0,8394.0,7208.666666666667,26,4435.0
T8328,U020,2024-10-05,Expense,Utilities,4435.0,Bank_Transfer,Jaipur,Monthly rent payment,2024,10,5,5,4871.0,5953.0,7279.0,6034.333333333333,27,518.0
T13129,U020,2024-10-07,Expense,Food,518.0,Bank_Transfer,Unknown,test,2024,10,7,0,4435.0,4871.0,5953.0,5086.333333333333,28,42897.0
T4509,U020,2024-11-22,Income,Others,42897.0,Upi,Chennai,...,2024,11,22,4,518.0,4435.0,4871.0,3274.6666666666665,29,2329.0
T9585,U021,2021-10-07,Income,Bonus,60194.0,Cash,Lucknow,xyz123,2021,10,7,3,8736.0,4450.0,8006.0,7064.0,3,14576.0
T9757,U021,2021-10-08,Expense,Rent,14576.0,Cash,Mumbai,Uber ride,2021,10,8,4,60194.0,8736.0,4450.0,24460.0,4,3460.0
T1269,U021,2022-04-20,Expense,Travel,3460.0,Upi,Jaipur,Coffee,2022,4,20,2,14576.0,60194.0,8736.0,27835.333333333332,5,17241.0
T4126,U021,2022-06-05,Income,Others,17241.0,Upi,Pune,Coffee,2022,6,5,6,3460.0,14576.0,60194.0,26076.666666666668,6,2478.0
T12857,U021,2022-07-05,Expense,Utilities,2478.0,Bank_Transfer,Mumbai,Books,2022,7,5,1,17241.0,3460.0,14576.0,11759.0,7,8386.0
T7199,U021,2022-07-05,Expense,Food,8386.0,Cash,Mumbai,No Notes,2022,7,5,1,2478.0,17241.0,3460.0,7726.333333333333,8,8183.0
T5158,U021,2022-08-04,Expense,Food,8183.0,Card,Chennai,Internet bill,2022,8,4,3,8386.0,2478.0,17241.0,9368.333333333334,9,67581.0
T13569,U021,2022-09-01,Income,Freelance,67581.0,Card,Pune,Coffee,2022,9,1,3,8183.0,8386.0,2478.0,6349.0,10,3917.0
T9139,U021,2023-04-15,Expense,Travel,3917.0,Card,Pune,Restaurant dinner,2023,4,15,5,67581.0,8183.0,8386.0,28050.0,11,6907.0
T6873,U021,2023-04-15,Expense,Food,6907.0,Cash,Pune,Internet bill,2023,4,15,5,3917.0,67581.0,8183.0,26560.333333333332,12,7396.0
T6843,U021,2023-04-16,Expense,Health,7396.0,Upi,Unknown,Doctor consultation,2023,4,16,6,6907.0,3917.0,67581.0,26135.0,13,4698.0
T2623,U021,2023-05-22,Expense,Food,4698.0,Upi,Ahmedabad,Shopping,2023,5,22,0,7396.0,6907.0,3917.0,6073.333333333333,14,37979.0
T2584,U021,2023-06-25,Expense,Rent,37979.0,Bank_Transfer,Jaipur,Doctor consultation,2023,6,25,6,4698.0,7396.0,6907.0,6333.666666666667,15,5838.0
T7699,U021,2023-06-25,Expense,Rent,5838.0,Card,Pune,Lunch,2023,6,25,6,37979.0,4698.0,7396.0,16691.0,16,62035.0
T2842,U021,2023-10-05,Income,Others,62035.0,Bank_Transfer,Jaipur,No Notes,2023,10,5,3,5838.0,37979.0,4698.0,16171.666666666666,17,3064.0
T1592,U021,2023-10-20,Expense,Travel,3064.0,Bank_Transfer,Jaipur,No Notes,2023,10,20,4,62035.0,5838.0,37979.0,35284.0,18,5097.0
T8142,U021,2023-12-06,Expense,Travel,5097.0,Bank_Transfer,Hyderabad,No Notes,2023,12,6,2,3064.0,62035.0,5838.0,23645.666666666668,19,79600.0
T13522,U021,2023-12-17,Income,Freelance,79600.0,Bank_Transfer,Lucknow,Electricity bill,2023,12,17,6,5097.0,3064.0,62035.0,23398.666666666668,20,10082.0
T11649,U021,2024-02-21,Income,Salary,10082.0,Cash,Kolkata,xyz123,2024,2,21,2,79600.0,5097.0,3064.0,29253.666666666668,21,54642.0
T3568,U021,2024-04-06,Income,Investment,54642.0,Upi,Chennai,xyz123,2024,4,6,5,10082.0,79600.0,5097.0,31593.0,22,162.0
T6446,U021,2024-05-01,Expense,Savings,162.0,Cash,Chennai,Lunch,2024,5,1,2,54642.0,10082.0,79600.0,48108.0,23,1263.0
T3646,U021,2024-05-21,Expense,Utilities,1263.0,Bank_Transfer,Chennai,...,2024,5,21,1,162.0,54642.0,10082.0,21628.666666666668,24,8934.0
T0303,U021,2024-06-03,Expense,Education,8934.0,Upi,Jaipur,No Notes,2024,6,3,0,1263.0,162.0,54642.0,18689.0,25,4414.0
T4261,U021,2024-07-11,Expense,Food,4414.0,Unknown,Kolkata,No Notes,2024,7,11,3,8934.0,1263.0,162.0,3453.0,26,5593.0
T12357,U021,2024-09-14,Expense,Entertainment,5593.0,Upi,Delhi,Internet bill,2024,9,14,5,4414.0,8934.0,1263.0,4870.333333333333,27,8573.0
T13958,U022,2021-03-31,Expense,Utilities,6149.0,Unknown,Unknown,Electricity bill,2021,3,31,2,493.0,9500.0,8687.0,6226.666666666667,3,9157.0
T1019,U022,2021-04-07,Expense,Rent,9157.0,Cash,Ahmedabad,ATM withdrawal,2021,4,7,2,6149.0,493.0,9500.0,5380.666666666667,4,2539.0
T7019,U022,2021-05-11,Expense,Utilities,2539.0,Bank_Transfer,Kolkata,misc,2021,5,11,1,9157.0,6149.0,493.0,5266.333333333333,5,23141.0
T8380,U022,2021-05-21,Income,Bonus,23141.0,Bank_Transfer,Jaipur,Grocery shopping,2021,5,21,4,2539.0,9157.0,6149.0,5948.333333333333,6,6856.0
T5936,U022,2021-06-13,Expense,Others,6856.0,Unknown,Chennai,Shopping,2021,6,13,6,23141.0,2539.0,9157.0,11612.333333333334,7,32634.0
T13915,U022,2021-07-01,Income,Bonus,32634.0,Unknown,Unknown,Grocery shopping,2021,7,1,3,6856.0,23141.0,2539.0,10845.333333333334,8,539.0
T12230,U022,2021-08-16,Expense,Others,539.0,Upi,Kolkata,Gym membership,2021,8,16,0,32634.0,6856.0,23141.0,20877.0,9,1115.0
T13170,U022,2021-09-07,Expense,Food,1115.0,Bank_Transfer,Jaipur,No Notes,2021,9,7,1,539.0,32634.0,6856.0,13343.0,10,7901.0
T0133,U022,2021-10-18,Expense,Food,7901.0,Cash,Unknown,Monthly rent payment,2021,10,18,0,1115.0,539.0,32634.0,11429.333333333334,11,22214.0
T6088,U022,2022-01-18,Expense,Rent,22214.0,Bank_Transfer,Pune,Coffee,2022,1,18,1,7901.0,1115.0,539.0,3185.0,12,22891.0
T9195,U022,2022-04-10,Income,Others,22891.0,Card,Chennai,No Notes,2022,4,10,6,22214.0,7901.0,1115.0,10410.0,13,1817.0
T1072,U022,2022-06-07,Expense,Entertainment,1817.0,Upi,Kolkata,!!!,2022,6,7,1,22891.0,22214.0,7901.0,17668.666666666668,14,6826.0
T4116,U022,2022-08-04,Expense,Savings,6826.0,Bank_Transfer,Mumbai,Doctor consultation,2022,8,4,3,1817.0,22891.0,22214.0,15640.666666666666,15,9558.0
T7435,U022,2022-08-12,Expense,Entertainment,9558.0,Unknown,Hyderabad,xyz123,2022,8,12,4,6826.0,1817.0,22891.0,10511.333333333334,16,3503.0
T9340,U022,2022-08-21,Expense,Travel,3503.0,Bank_Transfer,Kolkata,ATM withdrawal,2022,8,21,6,9558.0,6826.0,1817.0,6067.0,17,56876.0
T11728,U022,2022-09-01,Income,Salary,56876.0,Bank_Transfer,Pune,No Notes,2022,9,1,3,3503.0,9558.0,6826.0,6629.0,18,8898.0
T13742,U022,2022-10-01,Expense,Utilities,8898.0,Card,Hyderabad,xyz123,2022,10,1,5,56876.0,3503.0,9558.0,23312.333333333332,19,2363.0
T5932,U022,2022-10-25,Expense,Rent,2363.0,Cash,Pune,Internet bill,2022,10,25,1,8898.0,56876.0,3503.0,23092.333333333332,20,9615.0
T1336,U022,2022-10-28,Expense,Savings,9615.0,Cash,Lucknow,No Notes,2022,10,28,4,2363.0,8898.0,56876.0,22712.333333333332,21,5125.0
T4934,U022,2022-11-02,Expense,Food,5125.0,Cash,Jaipur,No Notes,2022,11,2,2,9615.0,2363.0,8898.0,6958.666666666667,22,4751.0
T0400,U022,2022-11-17,Expense,Utilities,4751.0,Upi,Unknown,Internet bill,2022,11,17,3,5125.0,9615.0,2363.0,5701.0,23,302.0
T1783,U022,2022-11-19,Expense,Utilities,302.0,Cash,Hyderabad,Restaurant dinner,2022,11,19,5,4751.0,5125.0,9615.0,6497.0,24,46512.0
T6021,U022,2022-11-25,Income,Investment,46512.0,Card,Chennai,Grocery shopping,2022,11,25,4,302.0,4751.0,5125.0,3392.6666666666665,25,41744.0
T7319,U022,2022-12-03,Expense,Rent,41744.0,Unknown,Ahmedabad,Fixed deposit,2022,12,3,5,46512.0,302.0,4751.0,17188.333333333332,26,7288.0
T12985,U022,2023-02-18,Expense,Entertainment,7288.0,Card,Delhi,Medicine,2023,2,18,5,41744.0,46512.0,302.0,29519.333333333332,27,1335.0
T4168,U022,2023-08-04,Expense,Food,1335.0,Upi,Jaipur,Online course,2023,8,4,4,7288.0,41744.0,46512.0,31848.0,28,2134.0
T11270,U022,2023-08-09,Expense,Health,2134.0,Bank_Transfer,Jaipur,Books,2023,8,9,2,1335.0,7288.0,41744.0,16789.0,29,9413.0
T1419,U022,2023-10-20,Expense,Food,9413.0,Unknown,Kolkata,No Notes,2023,10,20,4,2134.0,1335.0,7288.0,3585.6666666666665,30,384.0
T7045,U022,2023-10-21,Expense,Utilities,384.0,Card,Bangalore,ATM withdrawal,2023,10,21,5,9413.0,2134.0,1335.0,4294.0,31,24773.0
T10136,U022,2023-12-18,Income,Salary,24773.0,Bank_Transfer,Lucknow,Monthly rent payment,2023,12,18,0,384.0,9413.0,2134.0,3977.0,32,1684.0
T7035,U022,2024-01-06,Expense,Travel,1684.0,Upi,Ahmedabad,...,2024,1,6,5,24773.0,384.0,9413.0,11523.333333333334,33,35167.0
T3733,U022,2024-01-21,Income,Salary,35167.0,Cash,Ahmedabad,Restaurant dinner,2024,1,21,6,1684.0,24773.0,384.0,8947.0,34,75836.0
T9702,U022,2024-02-14,Income,Bonus,75836.0,Bank_Transfer,Mumbai,No Notes,2024,2,14,2,35167.0,1684.0,24773.0,20541.333333333332,35,2612.0
T3767,U022,2024-02-14,Expense,Food,2612.0,Bank_Transfer,Bangalore,Books,2024,2,14,2,75836.0,35167.0,1684.0,37562.333333333336,36,42655.0
T9594,U022,2024-06-17,Expense,Rent,42655.0,Cash,Bangalore,No Notes,2024,6,17,0,2612.0,75836.0,35167.0,37871.666666666664,37,30535.0
T8508,U022,2024-06-27,Expense,Rent,30535.0,Card,Hyderabad,Medicine,2024,6,27,3,42655.0,2612.0,75836.0,40367.666666666664,38,57757.0
T7944,U022,2024-07-22,Income,Investment,57757.0,Unknown,Chennai,Lunch,2024,7,22,0,30535.0,42655.0,2612.0,25267.333333333332,39,45368.0
T10216,U022,2024-07-23,Income,Freelance,45368.0,Upi,Unknown,No Notes,2024,7,23,1,57757.0,30535.0,42655.0,43649.0,40,1467.0
T8080,U022,2024-08-01,Expense,Entertainment,1467.0,Card,Chennai,No Notes,2024,8,1,3,45368.0,57757.0,30535.0,44553.333333333336,41,5455.0
T2736,U022,2024-09-18,Expense,Utilities,5455.0,Bank_Transfer,Chennai,Petrol,2024,9,18,2,1467.0,45368.0,57757.0,34864.0,42,2524.0
T3127,U023,2021-05-22,Expense,Food,5107.0,Upi,Unknown,Shopping,2021,5,22,5,2273.0,4398.0,2601.0,3090.6666666666665,3,30431.0
T8211,U023,2021-06-10,Income,Others,30431.0,Cash,Pune,xyz123,2021,6,10,3,5107.0,2273.0,4398.0,3926.0,4,4469.0
T6851,U023,2021-06-20,Expense,Food,4469.0,Upi,Jaipur,Uber ride,2021,6,20,6,30431.0,5107.0,2273.0,12603.666666666666,5,999999.0
T13105,U023,2021-08-13,Expense,Food,999999.0,Card,Lucknow,...,2021,8,13,4,4469.0,30431.0,5107.0,13335.666666666666,6,990.0
T12777,U023,2021-08-25,Expense,Education,990.0,Bank_Transfer,Pune,Internet bill,2021,8,25,2,999999.0,4469.0,30431.0,344966.3333333333,7,7719.0
T9609,U023,2021-09-09,Expense,Travel,7719.0,Cash,Pune,Fixed deposit,2021,9,9,3,990.0,999999.0,4469.0,335152.6666666667,8,3654.0
T4774,U023,2021-11-30,Expense,Food,3654.0,Cash,Unknown,No Notes,2021,11,30,1,7719.0,990.0,999999.0,336236.0,9,2342.0
T5300,U023,2021-12-13,Expense,Utilities,2342.0,Cash,Lucknow,Coffee,2021,12,13,0,3654.0,7719.0,990.0,4121.0,10,47374.0
T6111,U023,2022-02-11,Income,Others,47374.0,Cash,Delhi,Monthly rent payment,2022,2,11,4,2342.0,3654.0,7719.0,4571.666666666667,11,571.0
T3833,U023,2022-03-21,Expense,Utilities,571.0,Cash,Hyderabad,EMI payment,2022,3,21,0,47374.0,2342.0,3654.0,17790.0,12,47491.0
T11788,U023,2022-05-28,Income,Others,47491.0,Card,Ahmedabad,No Notes,2022,5,28,5,571.0,47374.0,2342.0,16762.333333333332,13,820.0
T10559,U023,2022-07-09,Expense,Others,820.0,Unknown,Lucknow,Fixed deposit,2022,7,9,5,47491.0,571.0,47374.0,31812.0,14,9609.0
T9023,U023,2022-08-09,Expense,Health,9609.0,Card,Pune,No Notes,2022,8,9,1,820.0,47491.0,571.0,16294.0,15,409.0
T9034,U023,2022-11-08,Expense,Utilities,409.0,Cash,Ahmedabad,Electricity bill,2022,11,8,1,9609.0,820.0,47491.0,19306.666666666668,16,6220.0
T12581,U023,2022-11-18,Expense,Travel,6220.0,Card,Lucknow,No Notes,2022,11,18,4,409.0,9609.0,820.0,3612.6666666666665,17,8115.0
T6898,U023,2022-11-20,Expense,Food,8115.0,Cash,Chennai,Online course,2022,11,20,6,6220.0,409.0,9609.0,5412.666666666667,18,8005.0
T10468,U023,2022-12-20,Expense,Entertainment,8005.0,Card,Lucknow,No Notes,2022,12,20,1,8115.0,6220.0,409.0,4914.666666666667,19,4039.0
T2649,U023,2022-12-27,Expense,Rent,4039.0,Upi,Kolkata,EMI payment,2022,12,27,1,8005.0,8115.0,6220.0,7446.666666666667,20,8631.0
T7108,U023,2023-01-27,Expense,Entertainment,8631.0,Upi,Ahmedabad,EMI payment,2023,1,27,4,4039.0,8005.0,8115.0,6719.666666666667,21,1301.0
T8509,U023,2023-04-06,Expense,Rent,1301.0,Cash,Lucknow,Monthly rent payment,2023,4,6,3,8631.0,4039.0,8005.0,6891.666666666667,22,5071.0
T3315,U023,2023-05-10,Expense,Food,5071.0,Upi,Ahmedabad,Coffee,2023,5,10,2,1301.0,8631.0,4039.0,4657.0,23,8641.0
T8735,U023,2023-07-12,Expense,Food,8641.0,Card,Hyderabad,No Notes,2023,7,12,2,5071.0,1301.0,8631.0,5001.0,24,3692.0
T5345,U023,2023-08-02,Expense,Entertainment,3692.0,Unknown,Mumbai,Doctor consultation,2023,8,2,2,8641.0,5071.0,1301.0,5004.333333333333,25,15696.0
T2830,U023,2023-08-29,Income,Salary,15696.0,Bank_Transfer,Ahmedabad,EMI payment,2023,8,29,1,3692.0,8641.0,5071.0,5801.333333333333,26,7858.0
T2238,U023,2023-09-24,Expense,Travel,7858.0,Unknown,Kolkata,Grocery shopping,2023,9,24,6,15696.0,3692.0,8641.0,9343.0,27,4781.0
T1924,U023,2023-10-22,Expense,Utilities,4781.0,Card,Kolkata,Electricity bill,2023,10,22,6,7858.0,15696.0,3692.0,9082.0,28,5887.0
T8272,U023,2023-10-29,Expense,Utilities,5887.0,Cash,Unknown,Lunch,2023,10,29,6,4781.0,7858.0,15696.0,9445.0,29,14729.0
T4157,U023,2023-11-10,Income,Freelance,14729.0,Upi,Lucknow,Uber ride,2023,11,10,4,5887.0,4781.0,7858.0,6175.333333333333,30,9662.0
T3346,U023,2023-12-14,Expense,Education,9662.0,Card,Lucknow,No Notes,2023,12,14,3,14729.0,5887.0,4781.0,8465.666666666666,31,9650.0
T1464,U023,2024-01-18,Expense,Food,9650.0,Unknown,Lucknow,No Notes,2024,1,18,3,9662.0,14729.0,5887.0,10092.666666666666,32,7702.0
T10000,U023,2024-02-14,Expense,Food,7702.0,Unknown,Bangalore,xyz123,2024,2,14,2,9650.0,9662.0,14729.0,11347.0,33,4946.0
T6691,U023,2024-03-01,Expense,Food,4946.0,Cash,Unknown,Books,2024,3,1,4,7702.0,9650.0,9662.0,9004.666666666666,34,5254.0
T10752,U023,2024-05-15,Expense,Education,5254.0,Card,Pune,Doctor consultation,2024,5,15,2,4946.0,7702.0,9650.0,7432.666666666667,35,9095.0
T4586,U023,2024-06-15,Expense,Rent,9095.0,Bank_Transfer,Kolkata,No Notes,2024,6,15,5,5254.0,4946.0,7702.0,5967.333333333333,36,39567.0
T13197,U023,2024-07-09,Income,Freelance,39567.0,Cash,Chennai,Restaurant dinner,2024,7,9,1,9095.0,5254.0,4946.0,6431.666666666667,37,8548.0
T1182,U023,2024-09-20,Expense,Health,8548.0,Unknown,Bangalore,ATM withdrawal,2024,9,20,4,39567.0,9095.0,5254.0,17972.0,38,1783.0
T7801,U023,2024-10-18,Expense,Food,1783.0,Cash,Kolkata,Internet bill,2024,10,18,4,8548.0,39567.0,9095.0,19070.0,39,409.0
T12300,U024,2021-04-21,Expense,Rent,7882.0,Upi,Mumbai,EMI payment,2021,4,21,2,7829.0,1716.0,7691.0,5745.333333333333,3,7809.0
T5523,U024,2021-05-16,Expense,Rent,7809.0,Cash,Ahmedabad,Internet bill,2021,5,16,6,7882.0,7829.0,1716.0,5809.0,4,8810.0
T7028,U024,2021-06-02,Expense,Rent,8810.0,Card,Lucknow,Restaurant dinner,2021,6,2,2,7809.0,7882.0,7829.0,7840.0,5,35836.0
T12256,U024,2021-06-29,Expense,Rent,35836.0,Bank_Transfer,Chennai,No Notes,2021,6,29,1,8810.0,7809.0,7882.0,8167.0,6,2708.0
T13703,U024,2021-08-01,Expense,Utilities,2708.0,Card,Delhi,ATM withdrawal,2021,8,1,6,35836.0,8810.0,7809.0,17485.0,7,27796.0
T12976,U024,2021-08-25,Income,Others,27796.0,Upi,Chennai,Coffee,2021,8,25,2,2708.0,35836.0,8810.0,15784.666666666666,8,5311.0
T11787,U024,2021-08-26,Expense,Food,5311.0,Bank_Transfer,Bangalore,Train ticket,2021,8,26,3,27796.0,2708.0,35836.0,22113.333333333332,9,7894.0
T11839,U024,2021-09-06,Expense,Entertainment,7894.0,Upi,Bangalore,xyz123,2021,9,6,0,5311.0,27796.0,2708.0,11938.333333333334,10,77882.0
T6332,U024,2021-09-23,Income,Freelance,77882.0,Upi,Pune,Restaurant dinner,2021,9,23,3,7894.0,5311.0,27796.0,13667.0,11,4280.0
T0772,U024,2021-11-22,Expense,Health,4280.0,Upi,Kolkata,Petrol,2021,11,22,0,77882.0,7894.0,5311.0,30362.333333333332,12,5992.0
T10600,U024,2021-11-28,Expense,Utilities,5992.0,Bank_Transfer,Bangalore,Grocery shopping,2021,11,28,6,4280.0,77882.0,7894.0,30018.666666666668,13,3937.0
T7566,U024,2022-01-31,Expense,Food,3937.0,Bank_Transfer,Hyderabad,Movie tickets,2022,1,31,0,5992.0,4280.0,77882.0,29384.666666666668,14,8428.0
T2462,U024,2022-04-04,Expense,Entertainment,8428.0,Upi,Jaipur,No Notes,2022,4,4,0,3937.0,5992.0,4280.0,4736.333333333333,15,4453.0
T13333,U024,2022-06-02,Expense,Food,4453.0,Cash,Pune,Gym membership,2022,6,2,3,8428.0,3937.0,5992.0,6119.0,16,5844.0
T1636,U024,2022-08-14,Expense,Utilities,5844.0,Card,Jaipur,No Notes,2022,8,14,6,4453.0,8428.0,3937.0,5606.0,17,4813.0
T1150,U024,2022-09-06,Expense,Rent,4813.0,Bank_Transfer,Pune,misc,2022,9,6,1,5844.0,4453.0,8428.0,6241.666666666667,18,262.0
T10603,U024,2022-10-04,Expense,Entertainment,262.0,Card,Delhi,No Notes,2022,10,4,1,4813.0,5844.0,4453.0,5036.666666666667,19,5958.0
T11230,U024,2022-10-19,Expense,Health,5958.0,Card,Bangalore,!!!,2022,10,19,2,262.0,4813.0,5844.0,3639.6666666666665,20,2214.0
T11454,U024,2022-11-08,Expense,Travel,2214.0,Upi,Mumbai,Restaurant dinner,2022,11,8,1,5958.0,262.0,4813.0,3677.6666666666665,21,11386.0
T6277,U024,2023-01-10,Income,Salary,11386.0,Bank_Transfer,Jaipur,Uber ride,2023,1,10,1,2214.0,5958.0,262.0,2811.3333333333335,22,62527.0
T12645,U024,2023-06-17,Income,Freelance,62527.0,Bank_Transfer,Kolkata,Monthly rent payment,2023,6,17,5,11386.0,2214.0,5958.0,6519.333333333333,23,5172.0
T6853,U024,2023-06-23,Expense,Rent,5172.0,Cash,Delhi,Uber ride,2023,6,23,4,62527.0,11386.0,2214.0,25375.666666666668,24,1891.0
T5168,U024,2023-08-06,Expense,Health,1891.0,Card,Hyderabad,Uber ride,2023,8,6,6,5172.0,62527.0,11386.0,26361.666666666668,25,7493.0
T10346,U024,2023-09-15,Expense,Food,7493.0,Upi,Jaipur,Restaurant dinner,2023,9,15,4,1891.0,5172.0,62527.0,23196.666666666668,26,40858.0
T1749,U024,2023-12-17,Income,Investment,40858.0,Upi,Kolkata,Medicine,2023,12,17,6,7493.0,1891.0,5172.0,4852.0,27,31389.0
T4660,U024,2024-01-11,Income,Freelance,31389.0,Bank_Transfer,Lucknow,No Notes,2024,1,11,3,40858.0,7493.0,1891.0,16747.333333333332,28,5181.0
T10200,U024,2024-02-15,Expense,Entertainment,5181.0,Bank_Transfer,Mumbai,...,2024,2,15,3,31389.0,40858.0,7493.0,26580.0,29,12001.0
T12674,U024,2024-03-24,Expense,Rent,12001.0,Upi,Bangalore,No Notes,2024,3,24,6,5181.0,31389.0,40858.0,25809.333333333332,30,8781.0
T10209,U024,2024-03-25,Expense,Food,8781.0,Bank_Transfer,Kolkata,No Notes,2024,3,25,0,12001.0,5181.0,31389.0,16190.333333333334,31,9616.0
T12626,U024,2024-04-16,Expense,Health,9616.0,Bank_Transfer,Unknown,asdfgh,2024,4,16,1,8781.0,12001.0,5181.0,8654.333333333334,32,9635.0
T1094,U024,2024-07-09,Expense,Rent,9635.0,Bank_Transfer,Unknown,No Notes,2024,7,9,1,9616.0,8781.0,12001.0,10132.666666666666,33,2768.0
T5744,U024,2024-08-02,Expense,Food,2768.0,Bank_Transfer,Pune,Shopping,2024,8,2,4,9635.0,9616.0,8781.0,9344.0,34,3234.0
T11444,U024,2024-08-04,Expense,Savings,3234.0,Cash,Kolkata,test,2024,8,4,6,2768.0,9635.0,9616.0,7339.666666666667,35,2265.0
T0908,U024,2024-09-30,Expense,Food,2265.0,Card,Pune,No Notes,2024,9,30,0,3234.0,2768.0,9635.0,5212.333333333333,36,8882.0
T10423,U024,2024-10-17,Expense,Entertainment,8882.0,Bank_Transfer,Pune,Grocery shopping,2024,10,17,3,2265.0,3234.0,2768.0,2755.6666666666665,37,43241.0
T9844,U024,2024-10-20,Income,Others,43241.0,Upi,Hyderabad,No Notes,2024,10,20,6,8882.0,2265.0,3234.0,4793.666666666667,38,2657.0
T5904,U024,2024-11-19,Expense,Utilities,2657.0,Upi,Lucknow,misc,2024,11,19,1,43241.0,8882.0,2265.0,18129.333333333332,39,9497.0
T7368,U025,2021-10-29,Expense,Education,5556.0,Cash,Unknown,Grocery shopping,2021,10,29,4,5502.0,7271.0,1125.0,4632.666666666667,3,8362.0
T11711,U025,2021-11-15,Expense,Travel,8362.0,Card,Ahmedabad,No Notes,2021,11,15,0,5556.0,5502.0,7271.0,6109.666666666667,4,9989.0
T12054,U025,2021-12-19,Expense,Entertainment,9989.0,Card,Bangalore,...,2021,12,19,6,8362.0,5556.0,5502.0,6473.333333333333,5,1107.0
T0297,U025,2021-12-27,Expense,Health,1107.0,Cash,Ahmedabad,ATM withdrawal,2021,12,27,0,9989.0,8362.0,5556.0,7969.0,6,26260.0
T7642,U025,2022-01-04,Expense,Rent,26260.0,Cash,Ahmedabad,ATM withdrawal,2022,1,4,1,1107.0,9989.0,8362.0,6486.0,7,4633.0
T9503,U025,2022-03-28,Expense,Food,4633.0,Bank_Transfer,Unknown,Fixed deposit,2022,3,28,0,26260.0,1107.0,9989.0,12452.0,8,1568.0
T0971,U025,2022-04-05,Expense,Rent,1568.0,Cash,Lucknow,Uber ride,2022,4,5,1,4633.0,26260.0,1107.0,10666.666666666666,9,23778.0
T12009,U025,2022-04-06,Income,Freelance,23778.0,Unknown,Pune,Fixed deposit,2022,4,6,2,1568.0,4633.0,26260.0,10820.333333333334,10,9976.0
T3018,U025,2022-06-03,Expense,Savings,9976.0,Bank_Transfer,Hyderabad,Gym membership,2022,6,3,4,23778.0,1568.0,4633.0,9993.0,11,48760.0
T1552,U025,2022-09-06,Income,Freelance,48760.0,Upi,Pune,!!!,2022,9,6,1,9976.0,23778.0,1568.0,11774.0,12,7698.0
T10192,U025,2022-09-18,Expense,Utilities,7698.0,Cash,Chennai,asdfgh,2022,9,18,6,48760.0,9976.0,23778.0,27504.666666666668,13,3560.0
T4251,U025,2022-09-29,Expense,Travel,3560.0,Upi,Mumbai,Movie tickets,2022,9,29,3,7698.0,48760.0,9976.0,22144.666666666668,14,2292.0
T6621,U025,2022-12-29,Expense,Entertainment,2292.0,Cash,Ahmedabad,No Notes,2022,12,29,3,3560.0,7698.0,48760.0,20006.0,15,4766.0
T2856,U025,2023-02-08,Expense,Entertainment,4766.0,Bank_Transfer,Bangalore,Books,2023,2,8,2,2292.0,3560.0,7698.0,4516.666666666667,16,4329.0
T13389,U025,2023-02-15,Expense,Entertainment,4329.0,Bank_Transfer,Lucknow,Train ticket,2023,2,15,2,4766.0,2292.0,3560.0,3539.3333333333335,17,8254.0
T9972,U025,2023-02-26,Expense,Education,8254.0,Card,Pune,Fixed deposit,2023,2,26,6,4329.0,4766.0,2292.0,3795.6666666666665,18,10557.0
T8244,U025,2023-03-06,Income,Investment,10557.0,Cash,Ahmedabad,Train ticket,2023,3,6,0,8254.0,4329.0,4766.0,5783.0,19,4600.0
T13201,U025,2023-03-07,Expense,Education,4600.0,Bank_Transfer,Pune,ATM withdrawal,2023,3,7,1,10557.0,8254.0,4329.0,7713.333333333333,20,6779.0
T3143,U025,2023-05-01,Expense,Rent,6779.0,Cash,Delhi,Monthly rent payment,2023,5,1,0,4600.0,10557.0,8254.0,7803.666666666667,21,723.0
T8344,U025,2023-08-07,Expense,Education,723.0,Upi,Ahmedabad,ATM withdrawal,2023,8,7,0,6779.0,4600.0,10557.0,7312.0,22,1372.0
T3551,U025,2023-09-23,Expense,Travel,1372.0,Card,Mumbai,Train ticket,2023,9,23,5,723.0,6779.0,4600.0,4034.0,23,8479.0
T12715,U025,2023-10-12,Expense,Entertainment,8479.0,Cash,Bangalore,No Notes,2023,10,12,3,1372.0,723.0,6779.0,2958.0,24,6555.0
T8001,U025,2023-10-21,Expense,Food,6555.0,Card,Unknown,asdfgh,2023,10,21,5,8479.0,1372.0,723.0,3524.6666666666665,25,7914.0
T0518,U025,2023-10-29,Expense,Travel,7914.0,Card,Unknown,Gym membership,2023,10,29,6,6555.0,8479.0,1372.0,5468.666666666667,26,7031.0
T0383,U025,2023-11-16,Expense,Travel,7031.0,Card,Delhi,Uber ride,2023,11,16,3,7914.0,6555.0,8479.0,7649.333333333333,27,7195.0
T10332,U025,2024-01-14,Expense,Rent,7195.0,Upi,Mumbai,ATM withdrawal,2024,1,14,6,7031.0,7914.0,6555.0,7166.666666666667,28,1014.0
T10554,U025,2024-01-29,Expense,Health,1014.0,Card,Hyderabad,Medicine,2024,1,29,0,7195.0,7031.0,7914.0,7380.0,29,3838.0
T11768,U025,2024-02-11,Expense,Rent,3838.0,Cash,Kolkata,Lunch,2024,2,11,6,1014.0,7195.0,7031.0,5080.0,30,33351.0
T3150,U025,2024-03-07,Income,Freelance,33351.0,Upi,Pune,...,2024,3,7,3,3838.0,1014.0,7195.0,4015.6666666666665,31,2932.0
T3239,U025,2024-03-20,Expense,Food,2932.0,Cash,Hyderabad,Books,2024,3,20,2,33351.0,3838.0,1014.0,12734.333333333334,32,28581.0
T9995,U025,2024-04-20,Income,Bonus,28581.0,Bank_Transfer,Unknown,Online course,2024,4,20,5,2932.0,33351.0,3838.0,13373.666666666666,33,3925.0
T7707,U025,2024-06-15,Expense,Food,3925.0,Upi,Kolkata,Coffee,2024,6,15,5,28581.0,2932.0,33351.0,21621.333333333332,34,3161.0
T2722,U025,2024-09-10,Expense,Food,3161.0,Bank_Transfer,Mumbai,No Notes,2024,9,10,1,3925.0,28581.0,2932.0,11812.666666666666,35,5386.0
T6649,U026,2021-06-01,Expense,Food,324.0,Bank_Transfer,Chennai,Books,2021,6,1,1,10361.0,6915.0,6970.0,8082.0,3,34515.0
T8980,U026,2021-06-04,Income,Investment,34515.0,Card,Ahmedabad,Restaurant dinner,2021,6,4,4,324.0,10361.0,6915.0,5866.666666666667,4,2766.0
T4378,U026,2021-07-12,Expense,Utilities,2766.0,Card,Hyderabad,Electricity bill,2021,7,12,0,34515.0,324.0,10361.0,15066.666666666666,5,8484.0
T6292,U026,2021-07-30,Expense,Utilities,8484.0,Upi,Mumbai,EMI payment,2021,7,30,4,2766.0,34515.0,324.0,12535.0,6,4512.0
T0530,U026,2021-08-01,Expense,Food,4512.0,Cash,Chennai,Gym membership,2021,8,1,6,8484.0,2766.0,34515.0,15255.0,7,8138.0
T9769,U026,2021-08-21,Expense,Travel,8138.0,Bank_Transfer,Bangalore,No Notes,2021,8,21,5,4512.0,8484.0,2766.0,5254.0,8,6343.0
T10797,U026,2021-08-23,Expense,Utilities,6343.0,Card,Unknown,Medicine,2021,8,23,0,8138.0,4512.0,8484.0,7044.666666666667,9,62237.0
T3606,U026,2021-11-29,Income,Bonus,62237.0,Card,Unknown,xyz123,2021,11,29,0,6343.0,8138.0,4512.0,6331.0,10,6666.0
T1137,U026,2022-01-06,Expense,Food,6666.0,Bank_Transfer,Jaipur,test,2022,1,6,3,62237.0,6343.0,8138.0,25572.666666666668,11,4670.0
T1108,U026,2022-01-08,Expense,Rent,4670.0,Cash,Mumbai,EMI payment,2022,1,8,5,6666.0,62237.0,6343.0,25082.0,12,8643.0
T5092,U026,2022-01-15,Expense,Rent,8643.0,Bank_Transfer,Bangalore,Online course,2022,1,15,5,4670.0,6666.0,62237.0,24524.333333333332,13,9089.0
T13903,U026,2022-02-02,Expense,Education,9089.0,Card,Lucknow,Petrol,2022,2,2,2,8643.0,4670.0,6666.0,6659.666666666667,14,3463.0
T1759,U026,2022-03-30,Expense,Food,3463.0,Upi,Mumbai,Grocery shopping,2022,3,30,2,9089.0,8643.0,4670.0,7467.333333333333,15,5122.0
T0482,U026,2022-04-01,Expense,Rent,5122.0,Upi,Lucknow,Movie tickets,2022,4,1,4,3463.0,9089.0,8643.0,7065.0,16,74036.0
T9522,U026,2022-04-10,Income,Salary,74036.0,Upi,Jaipur,Online course,2022,4,10,6,5122.0,3463.0,9089.0,5891.333333333333,17,3699.0
T11825,U026,2022-04-21,Expense,Food,3699.0,Upi,Pune,No Notes,2022,4,21,3,74036.0,5122.0,3463.0,27540.333333333332,18,1590.0
T6237,U026,2022-05-12,Expense,Food,1590.0,Cash,Pune,No Notes,2022,5,12,3,3699.0,74036.0,5122.0,27619.0,19,604.0
T1385,U026,2022-09-27,Expense,Savings,604.0,Upi,Kolkata,asdfgh,2022,9,27,1,1590.0,3699.0,74036.0,26441.666666666668,20,7109.0
T7005,U026,2022-11-20,Expense,Rent,7109.0,Bank_Transfer,Delhi,asdfgh,2022,11,20,6,604.0,1590.0,3699.0,1964.3333333333333,21,3213.0
T2031,U026,2022-12-22,Expense,Utilities,3213.0,Card,Bangalore,Lunch,2022,12,22,3,7109.0,604.0,1590.0,3101.0,22,207.0
T0396,U026,2023-01-15,Expense,Utilities,207.0,Card,Pune,misc,2023,1,15,6,3213.0,7109.0,604.0,3642.0,23,6766.0
T5448,U026,2023-02-02,Expense,Savings,6766.0,Bank_Transfer,Kolkata,Grocery shopping,2023,2,2,3,207.0,3213.0,7109.0,3509.6666666666665,24,2305.0
T3811,U026,2023-02-18,Expense,Utilities,2305.0,Bank_Transfer,Pune,Electricity bill,2023,2,18,5,6766.0,207.0,3213.0,3395.3333333333335,25,6497.0
T13941,U026,2023-03-26,Expense,Food,6497.0,Cash,Delhi,...,2023,3,26,6,2305.0,6766.0,207.0,3092.6666666666665,26,48918.0
T8260,U026,2023-07-08,Expense,Rent,48918.0,Cash,Chennai,Grocery shopping,2023,7,8,5,6497.0,2305.0,6766.0,5189.333333333333,27,7230.0
T2159,U026,2023-07-20,Expense,Food,7230.0,Bank_Transfer,Delhi,Restaurant dinner,2023,7,20,3,48918.0,6497.0,2305.0,19240.0,28,2748.0
T5797,U026,2023-08-17,Expense,Food,2748.0,Cash,Hyderabad,ATM withdrawal,2023,8,17,3,7230.0,48918.0,6497.0,20881.666666666668,29,7734.0
T13867,U026,2023-09-11,Expense,Savings,7734.0,Cash,Unknown,Internet bill,2023,9,11,0,2748.0,7230.0,48918.0,19632.0,30,4046.0
T0686,U026,2023-09-22,Expense,Food,4046.0,Bank_Transfer,Lucknow,Movie tickets,2023,9,22,4,7734.0,2748.0,7230.0,5904.0,31,1532.0
T11756,U026,2023-10-22,Expense,Food,1532.0,Card,Chennai,No Notes,2023,10,22,6,4046.0,7734.0,2748.0,4842.666666666667,32,17210.0
T5577,U026,2024-01-02,Expense,Rent,17210.0,Card,Kolkata,Movie tickets,2024,1,2,1,1532.0,4046.0,7734.0,4437.333333333333,33,25526.0
T2825,U026,2024-02-13,Expense,Rent,25526.0,Card,Hyderabad,Gym membership,2024,2,13,1,17210.0,1532.0,4046.0,7596.0,34,999999.0
T11392,U026,2024-03-02,Expense,Rent,999999.0,Card,Ahmedabad,No Notes,2024,3,2,5,25526.0,17210.0,1532.0,14756.0,35,6679.0
T9716,U026,2024-03-06,Expense,Food,6679.0,Bank_Transfer,Kolkata,Lunch,2024,3,6,2,999999.0,25526.0,17210.0,347578.3333333333,36,23398.0
T1922,U026,2024-04-16,Expense,Rent,23398.0,Card,Pune,Monthly rent payment,2024,4,16,1,6679.0,999999.0,25526.0,344068.0,37,3646.0
T4447,U026,2024-04-25,Expense,Food,3646.0,Cash,Chennai,xyz123,2024,4,25,3,23398.0,6679.0,999999.0,343358.6666666667,38,55767.0
T11710,U026,2024-04-26,Income,Bonus,55767.0,Cash,Hyderabad,Monthly rent payment,2024,4,26,4,3646.0,23398.0,6679.0,11241.0,39,3054.0
T12635,U026,2024-07-22,Expense,Food,3054.0,Cash,Pune,test,2024,7,22,0,55767.0,3646.0,23398.0,27603.666666666668,40,7322.0
T11644,U026,2024-09-23,Expense,Travel,7322.0,Bank_Transfer,Chennai,Movie tickets,2024,9,23,0,3054.0,55767.0,3646.0,20822.333333333332,41,4216.0
T11348,U026,2024-10-03,Expense,Entertainment,4216.0,Card,Delhi,Restaurant dinner,2024,10,3,3,7322.0,3054.0,55767.0,22047.666666666668,42,9869.0
T0552,U026,2024-11-17,Expense,Rent,9869.0,Bank_Transfer,Chennai,Petrol,2024,11,17,6,4216.0,7322.0,3054.0,4864.0,43,1239.0
T12008,U026,2024-11-29,Expense,Food,1239.0,Upi,Pune,EMI payment,2024,11,29,4,9869.0,4216.0,7322.0,7135.666666666667,44,3550.0
T4065,U027,2021-08-16,Expense,Travel,7570.0,Bank_Transfer,Mumbai,...,2021,8,16,0,3380.0,614.0,3805.0,2599.6666666666665,3,54942.0
T0017,U027,2021-10-03,Income,Freelance,54942.0,Upi,Mumbai,Online course,2021,10,3,6,7570.0,3380.0,614.0,3854.6666666666665,4,2101.0
T2892,U027,2021-10-07,Expense,Rent,2101.0,Upi,Mumbai,Electricity bill,2021,10,7,3,54942.0,7570.0,3380.0,21964.0,5,343.0
T3435,U027,2021-10-07,Expense,Entertainment,343.0,Cash,Bangalore,No Notes,2021,10,7,3,2101.0,54942.0,7570.0,21537.666666666668,6,1553.0
T0169,U027,2021-10-16,Expense,Utilities,1553.0,Upi,Unknown,Internet bill,2021,10,16,5,343.0,2101.0,54942.0,19128.666666666668,7,1975.0
T12909,U027,2021-10-16,Expense,Food,1975.0,Card,Jaipur,No Notes,2021,10,16,5,1553.0,343.0,2101.0,1332.3333333333333,8,8987.0
T10483,U027,2021-10-28,Expense,Travel,8987.0,Bank_Transfer,Chennai,test,2021,10,28,3,1975.0,1553.0,343.0,1290.3333333333333,9,9998.0
T4309,U027,2021-12-23,Expense,Education,9998.0,Upi,Unknown,Fixed deposit,2021,12,23,3,8987.0,1975.0,1553.0,4171.666666666667,10,6422.0
T0438,U027,2021-12-30,Expense,Rent,6422.0,Cash,Unknown,Petrol,2021,12,30,3,9998.0,8987.0,1975.0,6986.666666666667,11,1250.0
T11828,U027,2022-01-21,Expense,Food,1250.0,Cash,Hyderabad,Fixed deposit,2022,1,21,4,6422.0,9998.0,8987.0,8469.0,12,1812.0
T8886,U027,2022-01-25,Expense,Others,1812.0,Card,Unknown,misc,2022,1,25,1,1250.0,6422.0,9998.0,5890.0,13,8479.0
T3972,U027,2022-05-01,Expense,Education,8479.0,Upi,Jaipur,Uber ride,2022,5,1,6,1812.0,1250.0,6422.0,3161.3333333333335,14,7358.0
T1281,U027,2022-05-20,Expense,Utilities,7358.0,Card,Pune,ATM withdrawal,2022,5,20,4,8479.0,1812.0,1250.0,3847.0,15,24089.0
T11223,U027,2022-06-04,Income,Others,24089.0,Upi,Chennai,Uber ride,2022,6,4,5,7358.0,8479.0,1812.0,5883.0,16,3541.0
T5473,U027,2022-07-21,Expense,Savings,3541.0,Cash,Kolkata,Internet bill,2022,7,21,3,24089.0,7358.0,8479.0,13308.666666666666,17,8810.0
T5682,U027,2022-08-02,Expense,Rent,8810.0,Cash,Pune,Electricity bill,2022,8,2,1,3541.0,24089.0,7358.0,11662.666666666666,18,66678.0
T2187,U027,2022-10-03,Income,Investment,66678.0,Bank_Transfer,Delhi,Grocery shopping,2022,10,3,0,8810.0,3541.0,24089.0,12146.666666666666,19,5693.0
T7503,U027,2022-12-13,Expense,Entertainment,5693.0,Cash,Delhi,Monthly rent payment,2022,12,13,1,66678.0,8810.0,3541.0,26343.0,20,17938.0
T6773,U027,2023-01-14,Income,Others,17938.0,Card,Delhi,No Notes,2023,1,14,5,5693.0,66678.0,8810.0,27060.333333333332,21,2206.0
T5731,U027,2023-02-04,Expense,Food,2206.0,Bank_Transfer,Unknown,xyz123,2023,2,4,5,17938.0,5693.0,66678.0,30103.0,22,5174.0
T7796,U027,2023-05-10,Expense,Entertainment,5174.0,Unknown,Unknown,No Notes,2023,5,10,2,2206.0,17938.0,5693.0,8612.333333333334,23,4805.0
T12404,U027,2023-05-23,Expense,Utilities,4805.0,Card,Bangalore,Grocery shopping,2023,5,23,1,5174.0,2206.0,17938.0,8439.333333333334,24,2067.0
T11403,U027,2023-06-03,Expense,Food,2067.0,Upi,Ahmedabad,Medicine,2023,6,3,5,4805.0,5174.0,2206.0,4061.6666666666665,25,9028.0
T8740,U027,2023-06-17,Expense,Entertainment,9028.0,Bank_Transfer,Lucknow,xyz123,2023,6,17,5,2067.0,4805.0,5174.0,4015.3333333333335,26,8358.0
T9565,U027,2023-06-29,Expense,Education,8358.0,Cash,Bangalore,No Notes,2023,6,29,3,9028.0,2067.0,4805.0,5300.0,27,42478.0
T2446,U027,2023-07-02,Income,Freelance,42478.0,Card,Unknown,No Notes,2023,7,2,6,8358.0,9028.0,2067.0,6484.333333333333,28,1620.0
T11931,U027,2023-10-08,Expense,Food,1620.0,Bank_Transfer,Bangalore,Train ticket,2023,10,8,6,42478.0,8358.0,9028.0,19954.666666666668,29,1180.0
T12229,U027,2023-10-09,Expense,Food,1180.0,Upi,Hyderabad,No Notes,2023,10,9,0,1620.0,42478.0,8358.0,17485.333333333332,30,151.0
T3629,U027,2023-11-05,Expense,Food,151.0,Card,Delhi,Restaurant dinner,2023,11,5,6,1180.0,1620.0,42478.0,15092.666666666666,31,24380.0
T1415,U027,2023-11-21,Expense,Rent,24380.0,Upi,Mumbai,Doctor consultation,2023,11,21,1,151.0,1180.0,1620.0,983.6666666666666,32,3476.0
T8844,U027,2023-12-02,Expense,Food,3476.0,Cash,Pune,ATM withdrawal,2023,12,2,5,24380.0,151.0,1180.0,8570.333333333334,33,15135.0
T12660,U027,2023-12-29,Income,Others,15135.0,Bank_Transfer,Jaipur,Gym membership,2023,12,29,4,3476.0,24380.0,151.0,9335.666666666666,34,12083.0
T6395,U027,2024-01-01,Expense,Rent,12083.0,Card,Delhi,Restaurant dinner,2024,1,1,0,15135.0,3476.0,24380.0,14330.333333333334,35,319.0
T9105,U027,2024-04-13,Expense,Savings,319.0,Unknown,Unknown,Lunch,2024,4,13,5,12083.0,15135.0,3476.0,10231.333333333334,36,9363.0
T5243,U027,2024-04-15,Expense,Rent,9363.0,Bank_Transfer,Unknown,No Notes,2024,4,15,0,319.0,12083.0,15135.0,9179.0,37,6514.0
T9394,U027,2024-06-06,Expense,Food,6514.0,Bank_Transfer,Kolkata,No Notes,2024,6,6,3,9363.0,319.0,12083.0,7255.0,38,3765.0
T6281,U027,2024-07-08,Expense,Food,3765.0,Bank_Transfer,Mumbai,Internet bill,2024,7,8,0,6514.0,9363.0,319.0,5398.666666666667,39,66538.0
T1515,U027,2024-07-12,Income,Salary,66538.0,Cash,Bangalore,No Notes,2024,7,12,4,3765.0,6514.0,9363.0,6547.333333333333,40,8301.0
T11999,U027,2024-08-13,Expense,Utilities,8301.0,Cash,Lucknow,Petrol,2024,8,13,1,66538.0,3765.0,6514.0,25605.666666666668,41,33081.0
T7810,U027,2024-08-21,Income,Bonus,33081.0,Upi,Hyderabad,Petrol,2024,8,21,2,8301.0,66538.0,3765.0,26201.333333333332,42,27050.0
T7976,U028,2021-05-25,Income,Freelance,25157.0,Cash,Hyderabad,ATM withdrawal,2021,5,25,1,35977.0,6737.0,4868.0,15860.666666666666,3,28477.0
T7283,U028,2021-07-01,Expense,Rent,28477.0,Bank_Transfer,Kolkata,Doctor consultation,2021,7,1,3,25157.0,35977.0,6737.0,22623.666666666668,4,7230.0
T10475,U028,2021-07-23,Expense,Rent,7230.0,Card,Mumbai,No Notes,2021,7,23,4,28477.0,25157.0,35977.0,29870.333333333332,5,356.0
T7901,U028,2021-09-07,Expense,Entertainment,356.0,Bank_Transfer,Jaipur,No Notes,2021,9,7,1,7230.0,28477.0,25157.0,20288.0,6,5705.0
T0492,U028,2021-09-16,Expense,Utilities,5705.0,Unknown,Kolkata,No Notes,2021,9,16,3,356.0,7230.0,28477.0,12021.0,7,7521.0
T7040,U028,2021-09-26,Expense,Food,7521.0,Upi,Chennai,test,2021,9,26,6,5705.0,356.0,7230.0,4430.333333333333,8,2703.0
T8833,U028,2021-09-29,Expense,Food,2703.0,Bank_Transfer,Pune,Uber ride,2021,9,29,2,7521.0,5705.0,356.0,4527.333333333333,9,9695.0
T0461,U028,2021-12-07,Expense,Entertainment,9695.0,Cash,Mumbai,Uber ride,2021,12,7,1,2703.0,7521.0,5705.0,5309.666666666667,10,7734.0
T4817,U028,2022-01-16,Expense,Utilities,7734.0,Cash,Delhi,xyz123,2022,1,16,6,9695.0,2703.0,7521.0,6639.666666666667,11,8562.0
T12071,U028,2022-04-25,Expense,Health,8562.0,Cash,Delhi,Internet bill,2022,4,25,0,7734.0,9695.0,2703.0,6710.666666666667,12,6400.0
T3499,U028,2022-07-17,Expense,Health,6400.0,Card,Delhi,Lunch,2022,7,17,6,8562.0,7734.0,9695.0,8663.666666666666,13,73222.0
T8550,U028,2022-11-02,Income,Investment,73222.0,Card,Mumbai,asdfgh,2022,11,2,2,6400.0,8562.0,7734.0,7565.333333333333,14,26643.0
T9630,U028,2023-01-14,Expense,Rent,26643.0,Card,Lucknow,ATM withdrawal,2023,1,14,5,73222.0,6400.0,8562.0,29394.666666666668,15,6681.0
T5009,U028,2023-02-13,Expense,Health,6681.0,Bank_Transfer,Kolkata,No Notes,2023,2,13,0,26643.0,73222.0,6400.0,35421.666666666664,16,29126.0
T2153,U028,2023-02-26,Expense,Rent,29126.0,Cash,Ahmedabad,Doctor consultation,2023,2,26,6,6681.0,26643.0,73222.0,35515.333333333336,17,2645.0
T8013,U028,2023-05-17,Expense,Travel,2645.0,Bank_Transfer,Bangalore,Grocery shopping,2023,5,17,2,29126.0,6681.0,26643.0,20816.666666666668,18,9727.0
T9679,U028,2023-05-20,Expense,Utilities,9727.0,Upi,Lucknow,Restaurant dinner,2023,5,20,5,2645.0,29126.0,6681.0,12817.333333333334,19,4978.0
T0813,U028,2023-05-21,Expense,Food,4978.0,Card,Hyderabad,No Notes,2023,5,21,6,9727.0,2645.0,29126.0,13832.666666666666,20,8204.0
T2225,U028,2023-07-06,Expense,Education,8204.0,Card,Unknown,!!!,2023,7,6,3,4978.0,9727.0,2645.0,5783.333333333333,21,6393.0
T0094,U028,2023-08-14,Expense,Entertainment,6393.0,Card,Hyderabad,Medicine,2023,8,14,0,8204.0,4978.0,9727.0,7636.333333333333,22,5476.0
T5491,U028,2023-09-26,Expense,Utilities,5476.0,Card,Hyderabad,...,2023,9,26,1,6393.0,8204.0,4978.0,6525.0,23,5476.0
T3973,U028,2023-10-07,Expense,Others,5476.0,Bank_Transfer,Ahmedabad,misc,2023,10,7,5,5476.0,6393.0,8204.0,6691.0,24,4252.0
T12782,U028,2023-12-24,Expense,Rent,4252.0,Bank_Transfer,Ahmedabad,No Notes,2023,12,24,6,5476.0,5476.0,6393.0,5781.666666666667,25,7081.0
T13307,U028,2024-01-01,Expense,Entertainment,7081.0,Card,Mumbai,test,2024,1,1,0,4252.0,5476.0,5476.0,5068.0,26,757.0
T5655,U028,2024-01-01,Expense,Food,757.0,Cash,Delhi,Grocery shopping,2024,1,1,0,7081.0,4252.0,5476.0,5603.0,27,6798.0
T2092,U028,2024-01-31,Expense,Education,6798.0,Cash,Chennai,!!!,2024,1,31,2,757.0,7081.0,4252.0,4030.0,28,2603.0
T12045,U028,2024-03-03,Expense,Food,2603.0,Upi,Ahmedabad,Electricity bill,2024,3,3,6,6798.0,757.0,7081.0,4878.666666666667,29,8664.0
T6823,U028,2024-03-19,Expense,Others,8664.0,Upi,Chennai,test,2024,3,19,1,2603.0,6798.0,757.0,3386.0,30,5177.0
T1449,U028,2024-06-07,Expense,Food,5177.0,Card,Chennai,No Notes,2024,6,7,4,8664.0,2603.0,6798.0,6021.666666666667,31,9732.0
T11541,U028,2024-06-19,Expense,Education,9732.0,Upi,Chennai,Restaurant dinner,2024,6,19,2,5177.0,8664.0,2603.0,5481.333333333333,32,2452.0
T5509,U028,2024-09-08,Expense,Health,2452.0,Cash,Mumbai,Grocery shopping,2024,9,8,6,9732.0,5177.0,8664.0,7857.666666666667,33,3538.0
T1139,U028,2024-11-16,Expense,Others,3538.0,Cash,Mumbai,asdfgh,2024,11,16,5,2452.0,9732.0,5177.0,5787.0,34,3355.0
T5378,U028,2024-11-17,Expense,Rent,3355.0,Card,Hyderabad,No Notes,2024,11,17,6,3538.0,2452.0,9732.0,5240.666666666667,35,4723.0
T10952,U028,2024-12-08,Expense,Food,4723.0,Bank_Transfer,Ahmedabad,!!!,2024,12,8,6,3355.0,3538.0,2452.0,3115.0,36,20421.0
T12807,U029,2021-06-05,Income,Freelance,32381.0,Bank_Transfer,Chennai,...,2021,6,5,5,10926.0,3970.0,9423.0,8106.333333333333,3,6041.0
T1870,U029,2021-08-13,Expense,Others,6041.0,Upi,Delhi,!!!,2021,8,13,4,32381.0,10926.0,3970.0,15759.0,4,696.0
T8287,U029,2021-11-02,Expense,Food,696.0,Bank_Transfer,Hyderabad,test,2021,11,2,1,6041.0,32381.0,10926.0,16449.333333333332,5,6893.0
T10157,U029,2021-11-13,Expense,Entertainment,6893.0,Bank_Transfer,Mumbai,No Notes,2021,11,13,5,696.0,6041.0,32381.0,13039.333333333334,6,3097.0
T5794,U029,2021-12-16,Expense,Utilities,3097.0,Bank_Transfer,Delhi,Doctor consultation,2021,12,16,3,6893.0,696.0,6041.0,4543.333333333333,7,44645.0
T6417,U029,2021-12-21,Income,Others,44645.0,Upi,Hyderabad,Petrol,2021,12,21,1,3097.0,6893.0,696.0,3562.0,8,1958.0
T4876,U029,2022-01-04,Expense,Education,1958.0,Card,Pune,...,2022,1,4,1,44645.0,3097.0,6893.0,18211.666666666668,9,3557.0
T5666,U029,2022-02-16,Expense,Food,3557.0,Bank_Transfer,Hyderabad,Doctor consultation,2022,2,16,2,1958.0,44645.0,3097.0,16566.666666666668,10,2994.0
T4988,U029,2022-02-17,Expense,Rent,2994.0,Unknown,Ahmedabad,Fixed deposit,2022,2,17,3,3557.0,1958.0,44645.0,16720.0,11,8225.0
T12653,U029,2022-04-08,Expense,Education,8225.0,Bank_Transfer,Bangalore,Online course,2022,4,8,4,2994.0,3557.0,1958.0,2836.3333333333335,12,8370.0
T10338,U029,2022-04-13,Expense,Utilities,8370.0,Upi,Chennai,misc,2022,4,13,2,8225.0,2994.0,3557.0,4925.333333333333,13,4368.0
T4847,U029,2022-04-18,Expense,Education,4368.0,Bank_Transfer,Hyderabad,!!!,2022,4,18,0,8370.0,8225.0,2994.0,6529.666666666667,14,3609.0
T1549,U029,2022-07-06,Expense,Entertainment,3609.0,Bank_Transfer,Pune,Monthly rent payment,2022,7,6,2,4368.0,8370.0,8225.0,6987.666666666667,15,4044.0
T7256,U029,2022-08-16,Expense,Food,4044.0,Bank_Transfer,Jaipur,Books,2022,8,16,1,3609.0,4368.0,8370.0,5449.0,16,2887.0
T12164,U029,2022-09-16,Expense,Utilities,2887.0,Card,Chennai,!!!,2022,9,16,4,4044.0,3609.0,4368.0,4007.0,17,40400.0
T13277,U029,2022-09-18,Expense,Rent,40400.0,Bank_Transfer,Bangalore,Lunch,2022,9,18,6,2887.0,4044.0,3609.0,3513.3333333333335,18,9075.0
T13663,U029,2022-12-06,Expense,Food,9075.0,Upi,Bangalore,test,2022,12,6,1,40400.0,2887.0,4044.0,15777.0,19,8704.0
T7788,U029,2023-04-09,Expense,Entertainment,8704.0,Bank_Transfer,Pune,Gym membership,2023,4,9,6,9075.0,40400.0,2887.0,17454.0,20,4572.0
T2763,U029,2023-04-19,Expense,Rent,4572.0,Upi,Pune,Gym membership,2023,4,19,2,8704.0,9075.0,40400.0,19393.0,21,6376.0
T12739,U029,2023-04-21,Expense,Utilities,6376.0,Upi,Pune,Grocery shopping,2023,4,21,4,4572.0,8704.0,9075.0,7450.333333333333,22,3658.0
T10238,U029,2023-05-25,Expense,Health,3658.0,Bank_Transfer,Bangalore,Doctor consultation,2023,5,25,3,6376.0,4572.0,8704.0,6550.666666666667,23,93.0
T1130,U029,2023-06-22,Expense,Food,93.0,Unknown,Hyderabad,Coffee,2023,6,22,3,3658.0,6376.0,4572.0,4868.666666666667,24,8970.0
T0332,U029,2023-10-14,Expense,Travel,8970.0,Cash,Mumbai,Gym membership,2023,10,14,5,93.0,3658.0,6376.0,3375.6666666666665,25,6111.0
T10644,U029,2023-10-21,Expense,Food,6111.0,Card,Pune,No Notes,2023,10,21,5,8970.0,93.0,3658.0,4240.333333333333,26,76046.0
T13812,U029,2024-06-15,Income,Investment,76046.0,Cash,Jaipur,No Notes,2024,6,15,5,6111.0,8970.0,93.0,5058.0,27,3064.0
T10217,U029,2024-09-01,Expense,Travel,3064.0,Upi,Bangalore,Medicine,2024,9,1,6,76046.0,6111.0,8970.0,30375.666666666668,28,69768.0
T4177,U029,2024-10-29,Income,Investment,69768.0,Card,Chennai,Fixed deposit,2024,10,29,1,3064.0,76046.0,6111.0,28407.0,29,22362.0
T6274,U029,2024-11-10,Income,Investment,22362.0,Card,Delhi,No Notes,2024,11,10,6,69768.0,3064.0,76046.0,49626.0,30,9244.0
T13411,U030,2021-07-21,Expense,Savings,5515.0,Card,Hyderabad,Electricity bill,2021,7,21,2,6723.0,3502.0,821.0,3682.0,3,2187.0
T0468,U030,2021-08-17,Expense,Utilities,2187.0,Cash,Unknown,xyz123,2021,8,17,1,5515.0,6723.0,3502.0,5246.666666666667,4,5352.0
T10583,U030,2021-08-20,Expense,Rent,5352.0,Card,Hyderabad,Internet bill,2021,8,20,4,2187.0,5515.0,6723.0,4808.333333333333,5,10309.0
T2113,U030,2021-10-24,Income,Investment,10309.0,Cash,Lucknow,!!!,2021,10,24,6,5352.0,2187.0,5515.0,4351.333333333333,6,403.0
T7315,U030,2021-12-16,Expense,Food,403.0,Bank_Transfer,Ahmedabad,Electricity bill,2021,12,16,3,10309.0,5352.0,2187.0,5949.333333333333,7,7017.0
T8995,U030,2021-12-22,Expense,Utilities,7017.0,Bank_Transfer,Jaipur,xyz123,2021,12,22,2,403.0,10309.0,5352.0,5354.666666666667,8,18898.0
T9541,U030,2022-01-18,Expense,Rent,18898.0,Cash,Hyderabad,No Notes,2022,1,18,1,7017.0,403.0,10309.0,5909.666666666667,9,2376.0
T12996,U030,2022-01-24,Expense,Rent,2376.0,Upi,Mumbai,ATM withdrawal,2022,1,24,0,18898.0,7017.0,403.0,8772.666666666666,10,5756.0
T10622,U030,2022-01-26,Expense,Travel,5756.0,Bank_Transfer,Hyderabad,ATM withdrawal,2022,1,26,2,2376.0,18898.0,7017.0,9430.333333333334,11,9434.0
T5861,U030,2022-02-10,Expense,Travel,9434.0,Upi,Delhi,asdfgh,2022,2,10,3,5756.0,2376.0,18898.0,9010.0,12,8107.0
T10138,U030,2022-06-06,Expense,Savings,8107.0,Cash,Kolkata,Uber ride,2022,6,6,0,9434.0,5756.0,2376.0,5855.333333333333,13,4413.0
T10119,U030,2022-06-21,Expense,Utilities,4413.0,Upi,Bangalore,EMI payment,2022,6,21,1,8107.0,9434.0,5756.0,7765.666666666667,14,1195.0
T9343,U030,2022-07-29,Expense,Food,1195.0,Bank_Transfer,Ahmedabad,Petrol,2022,7,29,4,4413.0,8107.0,9434.0,7318.0,15,1034.0
T9560,U030,2022-09-09,Expense,Entertainment,1034.0,Bank_Transfer,Ahmedabad,Online course,2022,9,9,4,1195.0,4413.0,8107.0,4571.666666666667,16,5387.0
T9246,U030,2022-09-26,Expense,Health,5387.0,Bank_Transfer,Delhi,Electricity bill,2022,9,26,0,1034.0,1195.0,4413.0,2214.0,17,7236.0
T11258,U030,2022-10-18,Expense,Utilities,7236.0,Card,Jaipur,ATM withdrawal,2022,10,18,1,5387.0,1034.0,1195.0,2538.6666666666665,18,1906.0
T10484,U030,2022-10-22,Expense,Travel,1906.0,Bank_Transfer,Hyderabad,Train ticket,2022,10,22,5,7236.0,5387.0,1034.0,4552.333333333333,19,1131.0
T2975,U030,2022-10-25,Expense,Food,1131.0,Card,Pune,Train ticket,2022,10,25,1,1906.0,7236.0,5387.0,4843.0,20,1087.0
T10203,U030,2022-10-26,Expense,Education,1087.0,Card,Ahmedabad,No Notes,2022,10,26,2,1131.0,1906.0,7236.0,3424.3333333333335,21,330.0
T11589,U030,2022-11-28,Expense,Travel,330.0,Upi,Jaipur,No Notes,2022,11,28,0,1087.0,1131.0,1906.0,1374.6666666666667,22,3053.0
T11374,U030,2023-01-19,Expense,Travel,3053.0,Bank_Transfer,Delhi,...,2023,1,19,3,330.0,1087.0,1131.0,849.3333333333334,23,9939.0
T12040,U030,2023-02-16,Expense,Travel,9939.0,Unknown,Hyderabad,Gym membership,2023,2,16,3,3053.0,330.0,1087.0,1490.0,24,2753.0
T7703,U030,2023-03-28,Expense,Food,2753.0,Bank_Transfer,Delhi,No Notes,2023,3,28,1,9939.0,3053.0,330.0,4440.666666666667,25,3125.0
T8688,U030,2023-04-18,Expense,Rent,3125.0,Upi,Hyderabad,!!!,2023,4,18,1,2753.0,9939.0,3053.0,5248.333333333333,26,6900.0
T5029,U030,2023-05-22,Expense,Travel,6900.0,Bank_Transfer,Unknown,EMI payment,2023,5,22,0,3125.0,2753.0,9939.0,5272.333333333333,27,8757.0
T5579,U030,2023-06-06,Expense,Health,8757.0,Bank_Transfer,Ahmedabad,asdfgh,2023,6,6,1,6900.0,3125.0,2753.0,4259.333333333333,28,1640.0
T1242,U030,2023-06-25,Expense,Travel,1640.0,Upi,Kolkata,Lunch,2023,6,25,6,8757.0,6900.0,3125.0,6260.666666666667,29,2004.0
T8423,U030,2023-07-02,Expense,Food,2004.0,Card,Mumbai,Fixed deposit,2023,7,2,6,1640.0,8757.0,6900.0,5765.666666666667,30,7123.0
T3781,U030,2023-11-18,Expense,Education,7123.0,Cash,Pune,Online course,2023,11,18,5,2004.0,1640.0,8757.0,4133.666666666667,31,16289.0
T7169,U030,2023-12-30,Expense,Rent,16289.0,Card,Delhi,Lunch,2023,12,30,5,7123.0,2004.0,1640.0,3589.0,32,75823.0
T12744,U030,2024-02-10,Income,Bonus,75823.0,Upi,Bangalore,Gym membership,2024,2,10,5,16289.0,7123.0,2004.0,8472.0,33,17616.0
T6275,U030,2024-04-08,Income,Bonus,17616.0,Cash,Delhi,asdfgh,2024,4,8,0,75823.0,16289.0,7123.0,33078.333333333336,34,840.0
T8077,U030,2024-04-20,Expense,Travel,840.0,Upi,Chennai,Doctor consultation,2024,4,20,5,17616.0,75823.0,16289.0,36576.0,35,41993.0
T11386,U030,2024-05-28,Expense,Rent,41993.0,Cash,Ahmedabad,Movie tickets,2024,5,28,1,840.0,17616.0,75823.0,31426.333333333332,36,5540.0
T6876,U030,2024-06-14,Expense,Education,5540.0,Card,Ahmedabad,No Notes,2024,6,14,4,41993.0,840.0,17616.0,20149.666666666668,37,13374.0
T10254,U030,2024-07-05,Income,Others,13374.0,Unknown,Ahmedabad,Coffee,2024,7,5,4,5540.0,41993.0,840.0,16124.333333333334,38,50145.0
T5143,U031,2021-04-20,Income,Investment,48926.0,Card,Delhi,No Notes,2021,4,20,1,2817.0,25390.0,201.0,9469.333333333334,3,35215.0
T4009,U031,2021-05-14,Income,Bonus,35215.0,Card,Bangalore,Coffee,2021,5,14,4,48926.0,2817.0,25390.0,25711.0,4,2217.0
T13357,U031,2021-06-10,Expense,Savings,2217.0,Upi,Unknown,No Notes,2021,6,10,3,35215.0,48926.0,2817.0,28986.0,5,8504.0
T4374,U031,2021-08-06,Expense,Savings,8504.0,Bank_Transfer,Hyderabad,Gym membership,2021,8,6,4,2217.0,35215.0,48926.0,28786.0,6,1691.0
T7857,U031,2021-09-07,Expense,Entertainment,1691.0,Bank_Transfer,Kolkata,Electricity bill,2021,9,7,1,8504.0,2217.0,35215.0,15312.0,7,7245.0
T1030,U031,2021-09-22,Expense,Entertainment,7245.0,Cash,Mumbai,ATM withdrawal,2021,9,22,2,1691.0,8504.0,2217.0,4137.333333333333,8,9902.0
T12761,U031,2021-10-12,Expense,Rent,9902.0,Bank_Transfer,Hyderabad,No Notes,2021,10,12,1,7245.0,1691.0,8504.0,5813.333333333333,9,1618.0
T8890,U031,2021-11-07,Expense,Food,1618.0,Upi,Ahmedabad,Internet bill,2021,11,7,6,9902.0,7245.0,1691.0,6279.333333333333,10,7863.0
T4259,U031,2021-11-11,Expense,Utilities,7863.0,Unknown,Kolkata,Medicine,2021,11,11,3,1618.0,9902.0,7245.0,6255.0,11,7839.0
T5995,U031,2022-01-22,Expense,Travel,7839.0,Card,Bangalore,Books,2022,1,22,5,7863.0,1618.0,9902.0,6461.0,12,753.0
T0687,U031,2022-05-04,Expense,Food,753.0,Cash,Pune,Monthly rent payment,2022,5,4,2,7839.0,7863.0,1618.0,5773.333333333333,13,79300.0
T3414,U031,2022-08-18,Income,Investment,79300.0,Bank_Transfer,Mumbai,No Notes,2022,8,18,3,753.0,7839.0,7863.0,5485.0,14,5642.0
T13242,U031,2022-11-13,Expense,Education,5642.0,Card,Bangalore,Gym membership,2022,11,13,6,79300.0,753.0,7839.0,29297.333333333332,15,1150.0
T12368,U031,2022-11-21,Expense,Travel,1150.0,Cash,Kolkata,No Notes,2022,11,21,0,5642.0,79300.0,753.0,28565.0,16,3661.0
T12572,U031,2022-12-27,Expense,Entertainment,3661.0,Card,Pune,Train ticket,2022,12,27,1,1150.0,5642.0,79300.0,28697.333333333332,17,60268.0
T10716,U031,2022-12-31,Income,Bonus,60268.0,Bank_Transfer,Unknown,Shopping,2022,12,31,5,3661.0,1150.0,5642.0,3484.3333333333335,18,3065.0
T11681,U031,2023-02-23,Expense,Education,3065.0,Card,Bangalore,Doctor consultation,2023,2,23,3,60268.0,3661.0,1150.0,21693.0,19,1831.0
T6507,U031,2023-06-04,Expense,Utilities,1831.0,Bank_Transfer,Ahmedabad,Medicine,2023,6,4,6,3065.0,60268.0,3661.0,22331.333333333332,20,39845.0
T13011,U031,2023-06-28,Expense,Rent,39845.0,Cash,Delhi,Restaurant dinner,2023,6,28,2,1831.0,3065.0,60268.0,21721.333333333332,21,1257.0
T6594,U031,2023-09-23,Expense,Utilities,1257.0,Unknown,Kolkata,Uber ride,2023,9,23,5,39845.0,1831.0,3065.0,14913.666666666666,22,3383.0
T13187,U031,2023-09-23,Expense,Food,3383.0,Cash,Bangalore,Internet bill,2023,9,23,5,1257.0,39845.0,1831.0,14311.0,23,9385.0
T2776,U031,2023-10-10,Expense,Education,9385.0,Card,Hyderabad,Fixed deposit,2023,10,10,1,3383.0,1257.0,39845.0,14828.333333333334,24,9869.0
T6589,U031,2023-11-20,Expense,Entertainment,9869.0,Card,Hyderabad,Medicine,2023,11,20,0,9385.0,3383.0,1257.0,4675.0,25,6777.0
T12717,U031,2023-12-01,Expense,Health,6777.0,Cash,Ahmedabad,xyz123,2023,12,1,4,9869.0,9385.0,3383.0,7545.666666666667,26,16900.0
T12488,U031,2024-01-12,Income,Others,16900.0,Cash,Kolkata,No Notes,2024,1,12,4,6777.0,9869.0,9385.0,8677.0,27,3552.0
T4810,U031,2024-03-14,Expense,Savings,3552.0,Cash,Lucknow,Train ticket,2024,3,14,3,16900.0,6777.0,9869.0,11182.0,28,838.0
T8157,U031,2024-05-09,Expense,Food,838.0,Cash,Ahmedabad,Movie tickets,2024,5,9,3,3552.0,16900.0,6777.0,9076.333333333334,29,67143.0
T4633,U031,2024-06-22,Income,Bonus,67143.0,Bank_Transfer,Pune,Books,2024,6,22,5,838.0,3552.0,16900.0,7096.666666666667,30,9427.0
T5239,U031,2024-07-02,Expense,Travel,9427.0,Card,Unknown,Grocery shopping,2024,7,2,1,67143.0,838.0,3552.0,23844.333333333332,31,7448.0
T13210,U031,2024-07-25,Expense,Education,7448.0,Card,Mumbai,No Notes,2024,7,25,3,9427.0,67143.0,838.0,25802.666666666668,32,8167.0
T5172,U031,2024-08-30,Expense,Food,8167.0,Cash,Bangalore,...,2024,8,30,4,7448.0,9427.0,67143.0,28006.0,33,8041.0
T9736,U031,2024-09-21,Expense,Health,8041.0,Card,Chennai,Petrol,2024,9,21,5,8167.0,7448.0,9427.0,8347.333333333334,34,4973.0
T12065,U031,2024-10-16,Expense,Food,4973.0,Upi,Delhi,!!!,2024,10,16,2,8041.0,8167.0,7448.0,7885.333333333333,35,6879.0
T12720,U031,2024-10-30,Expense,Others,6879.0,Cash,Lucknow,Movie tickets,2024,10,30,2,4973.0,8041.0,8167.0,7060.333333333333,36,61699.0
T6923,U031,2024-11-10,Income,Salary,61699.0,Card,Kolkata,No Notes,2024,11,10,6,6879.0,4973.0,8041.0,6631.0,37,9148.0
T3737,U031,2024-11-12,Expense,Travel,9148.0,Cash,Unknown,test,2024,11,12,1,61699.0,6879.0,4973.0,24517.0,38,7126.0
T5604,U031,2024-11-23,Expense,Food,7126.0,Card,Pune,test,2024,11,23,5,9148.0,61699.0,6879.0,25908.666666666668,39,1836.0
T8872,U032,2021-07-31,Expense,Rent,36727.0,Card,Delhi,Gym membership,2021,7,31,5,5048.0,37108.0,8085.0,16747.0,3,9659.0
T5242,U032,2021-08-04,Expense,Travel,9659.0,Card,Ahmedabad,Medicine,2021,8,4,2,36727.0,5048.0,37108.0,26294.333333333332,4,8345.0
T13145,U032,2021-08-22,Expense,Food,8345.0,Bank_Transfer,Delhi,Electricity bill,2021,8,22,6,9659.0,36727.0,5048.0,17144.666666666668,5,4446.0
T12390,U032,2021-09-10,Expense,Entertainment,4446.0,Card,Kolkata,Medicine,2021,9,10,4,8345.0,9659.0,36727.0,18243.666666666668,6,997.0
T3267,U032,2021-09-18,Expense,Savings,997.0,Bank_Transfer,Chennai,No Notes,2021,9,18,5,4446.0,8345.0,9659.0,7483.333333333333,7,4303.0
T11598,U032,2021-10-16,Expense,Food,4303.0,Upi,Pune,Electricity bill,2021,10,16,5,997.0,4446.0,8345.0,4596.0,8,2593.0
T2233,U032,2021-12-01,Expense,Health,2593.0,Upi,Jaipur,Books,2021,12,1,2,4303.0,997.0,4446.0,3248.6666666666665,9,6671.0
T0643,U032,2022-03-24,Expense,Rent,6671.0,Upi,Delhi,No Notes,2022,3,24,3,2593.0,4303.0,997.0,2631.0,10,5707.0
T7537,U032,2022-04-27,Expense,Entertainment,5707.0,Bank_Transfer,Pune,Grocery shopping,2022,4,27,2,6671.0,2593.0,4303.0,4522.333333333333,11,8883.0
T7930,U032,2022-05-05,Expense,Utilities,8883.0,Upi,Delhi,Electricity bill,2022,5,5,3,5707.0,6671.0,2593.0,4990.333333333333,12,3437.0
T1837,U032,2022-07-26,Expense,Food,3437.0,Upi,Delhi,No Notes,2022,7,26,1,8883.0,5707.0,6671.0,7087.0,13,16079.0
T8915,U032,2022-09-03,Expense,Rent,16079.0,Cash,Bangalore,Books,2022,9,3,5,3437.0,8883.0,5707.0,6009.0,14,32595.0
T4597,U032,2022-12-02,Expense,Rent,32595.0,Upi,Delhi,No Notes,2022,12,2,4,16079.0,3437.0,8883.0,9466.333333333334,15,71355.0
T13619,U032,2022-12-11,Income,Salary,71355.0,Card,Hyderabad,No Notes,2022,12,11,6,32595.0,16079.0,3437.0,17370.333333333332,16,3445.0
T3946,U032,2023-03-01,Expense,Food,3445.0,Upi,Delhi,Grocery shopping,2023,3,1,2,71355.0,32595.0,16079.0,40009.666666666664,17,741.0
T12356,U032,2023-05-12,Expense,Travel,741.0,Cash,Chennai,...,2023,5,12,4,3445.0,71355.0,32595.0,35798.333333333336,18,3272.0
T3888,U032,2023-06-26,Expense,Food,3272.0,Bank_Transfer,Delhi,Restaurant dinner,2023,6,26,0,741.0,3445.0,71355.0,25180.333333333332,19,8172.0
T12083,U032,2023-09-13,Expense,Travel,8172.0,Upi,Lucknow,Doctor consultation,2023,9,13,2,3272.0,741.0,3445.0,2486.0,20,3064.0
T10699,U032,2023-09-22,Expense,Food,3064.0,Card,Hyderabad,No Notes,2023,9,22,4,8172.0,3272.0,741.0,4061.6666666666665,21,4156.0
T5958,U032,2024-02-17,Expense,Entertainment,4156.0,Bank_Transfer,Hyderabad,No Notes,2024,2,17,5,3064.0,8172.0,3272.0,4836.0,22,3208.0
T11309,U032,2024-04-10,Expense,Travel,3208.0,Upi,Unknown,Fixed deposit,2024,4,10,2,4156.0,3064.0,8172.0,5130.666666666667,23,7397.0
T3253,U032,2024-04-17,Expense,Entertainment,7397.0,Upi,Unknown,Coffee,2024,4,17,2,3208.0,4156.0,3064.0,3476.0,24,8053.0
T13515,U032,2024-05-13,Expense,Health,8053.0,Upi,Hyderabad,Electricity bill,2024,5,13,0,7397.0,3208.0,4156.0,4920.333333333333,25,79575.0
T13245,U032,2024-07-21,Income,Others,79575.0,Bank_Transfer,Kolkata,Restaurant dinner,2024,7,21,6,8053.0,7397.0,3208.0,6219.333333333333,26,6385.0
T8371,U033,2021-04-01,Expense,Rent,3890.0,Cash,Bangalore,Electricity bill,2021,4,1,3,6798.0,2505.0,2545.0,3949.3333333333335,3,7501.0
T3140,U033,2021-04-18,Expense,Travel,7501.0,Cash,Mumbai,Books,2021,4,18,6,3890.0,6798.0,2505.0,4397.666666666667,4,77408.0
T6232,U033,2021-07-03,Income,Bonus,77408.0,Bank_Transfer,Mumbai,No Notes,2021,7,3,5,7501.0,3890.0,6798.0,6063.0,5,14746.0
T8990,U033,2021-07-09,Expense,Rent,14746.0,Bank_Transfer,Kolkata,Shopping,2021,7,9,4,77408.0,7501.0,3890.0,29599.666666666668,6,9560.0
T0141,U033,2021-09-29,Expense,Education,9560.0,Cash,Kolkata,misc,2021,9,29,2,14746.0,77408.0,7501.0,33218.333333333336,7,3305.0
T12213,U033,2021-10-08,Expense,Education,3305.0,Cash,Pune,Medicine,2021,10,8,4,9560.0,14746.0,77408.0,33904.666666666664,8,1891.0
T8273,U033,2021-10-12,Expense,Travel,1891.0,Card,Jaipur,Fixed deposit,2021,10,12,1,3305.0,9560.0,14746.0,9203.666666666666,9,9866.0
T13717,U033,2021-11-04,Expense,Food,9866.0,Cash,Bangalore,No Notes,2021,11,4,3,1891.0,3305.0,9560.0,4918.666666666667,10,6171.0
T13923,U033,2021-12-19,Expense,Rent,6171.0,Cash,Delhi,misc,2021,12,19,6,9866.0,1891.0,3305.0,5020.666666666667,11,4958.0
T7634,U033,2022-01-13,Expense,Utilities,4958.0,Bank_Transfer,Pune,No Notes,2022,1,13,3,6171.0,9866.0,1891.0,5976.0,12,7746.0
T9862,U033,2022-01-31,Expense,Health,7746.0,Bank_Transfer,Mumbai,Books,2022,1,31,0,4958.0,6171.0,9866.0,6998.333333333333,13,61140.0
T13074,U033,2022-07-19,Income,Others,61140.0,Upi,Kolkata,Shopping,2022,7,19,1,7746.0,4958.0,6171.0,6291.666666666667,14,1112.0
T0578,U033,2022-08-02,Expense,Food,1112.0,Cash,Jaipur,Books,2022,8,2,1,61140.0,7746.0,4958.0,24614.666666666668,15,3579.0
T5433,U033,2022-09-05,Expense,Food,3579.0,Bank_Transfer,Chennai,Movie tickets,2022,9,5,0,1112.0,61140.0,7746.0,23332.666666666668,16,9307.0
T6563,U033,2022-09-11,Expense,Travel,9307.0,Upi,Mumbai,Lunch,2022,9,11,6,3579.0,1112.0,61140.0,21943.666666666668,17,17003.0
T2081,U033,2022-10-13,Expense,Rent,17003.0,Card,Jaipur,Shopping,2022,10,13,3,9307.0,3579.0,1112.0,4666.0,18,1666.0
T4879,U033,2022-11-12,Expense,Travel,1666.0,Cash,Delhi,No Notes,2022,11,12,5,17003.0,9307.0,3579.0,9963.0,19,8440.0
T10225,U033,2022-12-09,Expense,Travel,8440.0,Cash,Kolkata,Books,2022,12,9,4,1666.0,17003.0,9307.0,9325.333333333334,20,2891.0
T1078,U033,2022-12-16,Expense,Health,2891.0,Cash,Bangalore,Grocery shopping,2022,12,16,4,8440.0,1666.0,17003.0,9036.333333333334,21,8578.0
T11361,U033,2023-09-06,Expense,Travel,8578.0,Cash,Bangalore,Monthly rent payment,2023,9,6,2,2891.0,8440.0,1666.0,4332.333333333333,22,6946.0
T6514,U033,2023-09-27,Expense,Rent,6946.0,Card,Lucknow,No Notes,2023,9,27,2,8578.0,2891.0,8440.0,6636.333333333333,23,3120.0
T0038,U033,2023-10-03,Expense,Food,3120.0,Cash,Delhi,Electricity bill,2023,10,3,1,6946.0,8578.0,2891.0,6138.333333333333,24,3543.0
T11514,U033,2023-11-16,Expense,Entertainment,3543.0,Bank_Transfer,Hyderabad,...,2023,11,16,3,3120.0,6946.0,8578.0,6214.666666666667,25,6317.0
T7489,U033,2023-12-07,Expense,Entertainment,6317.0,Upi,Hyderabad,Train ticket,2023,12,7,3,3543.0,3120.0,6946.0,4536.333333333333,26,957.0
T5619,U033,2024-03-18,Expense,Travel,957.0,Bank_Transfer,Bangalore,Gym membership,2024,3,18,0,6317.0,3543.0,3120.0,4326.666666666667,27,2134.0
T4554,U033,2024-07-25,Expense,Food,2134.0,Bank_Transfer,Mumbai,test,2024,7,25,3,957.0,6317.0,3543.0,3605.6666666666665,28,6607.0
T11022,U033,2024-08-20,Expense,Entertainment,6607.0,Bank_Transfer,Mumbai,Lunch,2024,8,20,1,2134.0,957.0,6317.0,3136.0,29,6956.0
T7582,U033,2024-09-07,Expense,Education,6956.0,Cash,Mumbai,ATM withdrawal,2024,9,7,5,6607.0,2134.0,957.0,3232.6666666666665,30,3000.0
T3882,U033,2024-09-25,Expense,Food,3000.0,Cash,Jaipur,Restaurant dinner,2024,9,25,2,6956.0,6607.0,2134.0,5232.333333333333,31,4139.0
T3974,U033,2024-10-10,Expense,Entertainment,4139.0,Card,Kolkata,misc,2024,10,10,3,3000.0,6956.0,6607.0,5521.0,32,7614.0
T6948,U033,2024-11-04,Expense,Travel,7614.0,Bank_Transfer,Hyderabad,misc,2024,11,4,0,4139.0,3000.0,6956.0,4698.333333333333,33,5161.0
T12416,U033,2024-11-12,Expense,Education,5161.0,Upi,Kolkata,xyz123,2024,11,12,1,7614.0,4139.0,3000.0,4917.666666666667,34,29543.0
T2657,U034,2021-06-27,Expense,Rent,6714.0,Bank_Transfer,Chennai,Online course,2021,6,27,6,8440.0,60979.0,54312.0,41243.666666666664,3,3085.0
T10306,U034,2021-08-02,Expense,Food,3085.0,Card,Mumbai,Doctor consultation,2021,8,2,0,6714.0,8440.0,60979.0,25377.666666666668,4,738.0
T9093,U034,2021-08-15,Expense,Food,738.0,Cash,Lucknow,Online course,2021,8,15,6,3085.0,6714.0,8440.0,6079.666666666667,5,30053.0
T5426,U034,2021-09-25,Expense,Rent,30053.0,Card,Ahmedabad,No Notes,2021,9,25,5,738.0,3085.0,6714.0,3512.3333333333335,6,7754.0
T0249,U034,2021-12-16,Expense,Utilities,7754.0,Bank_Transfer,Jaipur,Train ticket,2021,12,16,3,30053.0,738.0,3085.0,11292.0,7,7687.0
T5292,U034,2022-01-27,Expense,Others,7687.0,Cash,Delhi,No Notes,2022,1,27,3,7754.0,30053.0,738.0,12848.333333333334,8,3999.0
T9279,U034,2022-08-10,Expense,Food,3999.0,Card,Unknown,Fixed deposit,2022,8,10,2,7687.0,7754.0,30053.0,15164.666666666666,9,2136.0
T4942,U034,2022-08-23,Expense,Food,2136.0,Upi,Bangalore,...,2022,8,23,1,3999.0,7687.0,7754.0,6480.0,10,31695.0
T0144,U034,2022-09-11,Income,Investment,31695.0,Card,Delhi,Grocery shopping,2022,9,11,6,2136.0,3999.0,7687.0,4607.333333333333,11,11603.0
T9970,U034,2023-01-07,Income,Salary,11603.0,Unknown,Kolkata,Petrol,2023,1,7,5,31695.0,2136.0,3999.0,12610.0,12,2315.0
T11407,U034,2023-02-04,Expense,Travel,2315.0,Card,Mumbai,No Notes,2023,2,4,5,11603.0,31695.0,2136.0,15144.666666666666,13,9053.0
T1016,U034,2023-02-04,Expense,Rent,9053.0,Bank_Transfer,Kolkata,!!!,2023,2,4,5,2315.0,11603.0,31695.0,15204.333333333334,14,2296.0
T13499,U034,2023-05-15,Expense,Food,2296.0,Upi,Kolkata,Medicine,2023,5,15,0,9053.0,2315.0,11603.0,7657.0,15,36713.0
T13497,U034,2023-08-06,Income,Salary,36713.0,Card,Hyderabad,Restaurant dinner,2023,8,6,6,2296.0,9053.0,2315.0,4554.666666666667,16,913.0
T6385,U034,2023-09-24,Expense,Food,913.0,Card,Ahmedabad,Online course,2023,9,24,6,36713.0,2296.0,9053.0,16020.666666666666,17,8801.0
T10387,U034,2023-11-16,Expense,Food,8801.0,Bank_Transfer,Pune,Gym membership,2023,11,16,3,913.0,36713.0,2296.0,13307.333333333334,18,2072.0
T3584,U034,2023-11-29,Expense,Food,2072.0,Cash,Mumbai,Movie tickets,2023,11,29,2,8801.0,913.0,36713.0,15475.666666666666,19,53078.0
T9221,U034,2023-12-05,Income,Bonus,53078.0,Upi,Chennai,Petrol,2023,12,5,1,2072.0,8801.0,913.0,3928.6666666666665,20,4193.0
T0943,U034,2024-02-08,Expense,Food,4193.0,Upi,Lucknow,Monthly rent payment,2024,2,8,3,53078.0,2072.0,8801.0,21317.0,21,8778.0
T13219,U034,2024-02-11,Expense,Education,8778.0,Upi,Mumbai,Monthly rent payment,2024,2,11,6,4193.0,53078.0,2072.0,19781.0,22,46868.0
T5008,U034,2024-02-17,Income,Investment,46868.0,Cash,Delhi,No Notes,2024,2,17,5,8778.0,4193.0,53078.0,22016.333333333332,23,8461.0
T2710,U034,2024-02-24,Expense,Rent,8461.0,Bank_Transfer,Bangalore,Gym membership,2024,2,24,5,46868.0,8778.0,4193.0,19946.333333333332,24,7403.0
T0497,U034,2024-05-17,Expense,Utilities,7403.0,Upi,Chennai,Shopping,2024,5,17,4,8461.0,46868.0,8778.0,21369.0,25,2880.0
T1832,U034,2024-05-20,Expense,Utilities,2880.0,Card,Pune,No Notes,2024,5,20,0,7403.0,8461.0,46868.0,20910.666666666668,26,2458.0
T10227,U034,2024-09-07,Expense,Entertainment,2458.0,Card,Bangalore,Lunch,2024,9,7,5,2880.0,7403.0,8461.0,6248.0,27,3551.0
T3745,U034,2024-09-21,Expense,Rent,3551.0,Upi,Bangalore,No Notes,2024,9,21,5,2458.0,2880.0,7403.0,4247.0,28,1124.0
T10857,U034,2024-10-05,Expense,Education,1124.0,Card,Unknown,No Notes,2024,10,5,5,3551.0,2458.0,2880.0,2963.0,29,6340.0
T0243,U034,2024-11-05,Expense,Utilities,6340.0,Bank_Transfer,Ahmedabad,Fixed deposit,2024,11,5,1,1124.0,3551.0,2458.0,2377.6666666666665,30,1699.0
T8216,U034,2024-11-21,Expense,Travel,1699.0,Cash,Bangalore,Online course,2024,11,21,3,6340.0,1124.0,3551.0,3671.6666666666665,31,19127.0
T1240,U035,2021-07-01,Expense,Food,3815.0,Upi,Kolkata,Internet bill,2021,7,1,3,1432.0,40425.0,7583.0,16480.0,3,4334.0
T13481,U035,2021-07-04,Expense,Travel,4334.0,Bank_Transfer,Delhi,Uber ride,2021,7,4,6,3815.0,1432.0,40425.0,15224.0,4,6224.0
T7876,U035,2021-10-10,Expense,Food,6224.0,Upi,Pune,misc,2021,10,10,6,4334.0,3815.0,1432.0,3193.6666666666665,5,5708.0
T13159,U035,2021-11-23,Expense,Utilities,5708.0,Cash,Hyderabad,Restaurant dinner,2021,11,23,1,6224.0,4334.0,3815.0,4791.0,6,1947.0
T5864,U035,2021-12-11,Expense,Rent,1947.0,Card,Ahmedabad,xyz123,2021,12,11,5,5708.0,6224.0,4334.0,5422.0,7,8199.0
T4172,U035,2022-02-28,Expense,Rent,8199.0,Bank_Transfer,Jaipur,EMI payment,2022,2,28,0,1947.0,5708.0,6224.0,4626.333333333333,8,46872.0
T12214,U035,2022-04-09,Expense,Rent,46872.0,Bank_Transfer,Chennai,misc,2022,4,9,5,8199.0,1947.0,5708.0,5284.666666666667,9,4719.0
T8916,U035,2022-10-13,Expense,Entertainment,4719.0,Card,Mumbai,Coffee,2022,10,13,3,46872.0,8199.0,1947.0,19006.0,10,7155.0
T0128,U035,2023-03-22,Expense,Entertainment,7155.0,Card,Chennai,No Notes,2023,3,22,2,4719.0,46872.0,8199.0,19930.0,11,1392.0
T1206,U035,2023-04-10,Expense,Food,1392.0,Bank_Transfer,Lucknow,Train ticket,2023,4,10,0,7155.0,4719.0,46872.0,19582.0,12,775.0
T11898,U035,2023-04-13,Expense,Food,775.0,Upi,Unknown,Monthly rent payment,2023,4,13,3,1392.0,7155.0,4719.0,4422.0,13,4677.0
T5449,U035,2023-04-19,Expense,Food,4677.0,Card,Jaipur,EMI payment,2023,4,19,2,775.0,1392.0,7155.0,3107.3333333333335,14,9533.0
T9292,U035,2023-06-16,Expense,Education,9533.0,Cash,Kolkata,Doctor consultation,2023,6,16,4,4677.0,775.0,1392.0,2281.3333333333335,15,3162.0
T9149,U035,2023-07-02,Expense,Food,3162.0,Bank_Transfer,Ahmedabad,Fixed deposit,2023,7,2,6,9533.0,4677.0,775.0,4995.0,16,10839.0
T12763,U035,2023-08-12,Income,Freelance,10839.0,Unknown,Mumbai,Movie tickets,2023,8,12,5,3162.0,9533.0,4677.0,5790.666666666667,17,5149.0
T4877,U035,2023-10-28,Expense,Food,5149.0,Bank_Transfer,Kolkata,...,2023,10,28,5,10839.0,3162.0,9533.0,7844.666666666667,18,18073.0
T7877,U035,2023-11-16,Income,Bonus,18073.0,Card,Jaipur,!!!,2023,11,16,3,5149.0,10839.0,3162.0,6383.333333333333,19,3965.0
T13167,U035,2023-12-02,Expense,Travel,3965.0,Card,Pune,misc,2023,12,2,5,18073.0,5149.0,10839.0,11353.666666666666,20,59543.0
T6130,U035,2024-01-22,Income,Freelance,59543.0,Card,Bangalore,Restaurant dinner,2024,1,22,0,3965.0,18073.0,5149.0,9062.333333333334,21,1737.0
T0923,U035,2024-06-09,Expense,Rent,1737.0,Upi,Mumbai,Grocery shopping,2024,6,9,6,59543.0,3965.0,18073.0,27193.666666666668,22,911154.0
T9052,U035,2024-07-31,Income,Salary,911154.0,Bank_Transfer,Bangalore,Grocery shopping,2024,7,31,2,1737.0,59543.0,3965.0,21748.333333333332,23,1714.0
T12641,U035,2024-08-26,Expense,Food,1714.0,Card,Bangalore,...,2024,8,26,0,911154.0,1737.0,59543.0,324144.6666666667,24,3853.0
T4852,U035,2024-11-18,Expense,Savings,3853.0,Upi,Lucknow,...,2024,11,18,0,1714.0,911154.0,1737.0,304868.3333333333,25,2898.0
T6942,U036,2021-04-01,Expense,Health,7649.0,Card,Kolkata,No Notes,2021,4,1,3,5984.0,749.0,6130.0,4287.666666666667,3,8458.0
T13416,U036,2021-04-04,Expense,Utilities,8458.0,Card,Kolkata,Doctor consultation,2021,4,4,6,7649.0,5984.0,749.0,4794.0,4,5987.0
T2815,U036,2021-04-23,Expense,Health,5987.0,Cash,Delhi,asdfgh,2021,4,23,4,8458.0,7649.0,5984.0,7363.666666666667,5,9735.0
T12491,U036,2021-04-25,Expense,Utilities,9735.0,Bank_Transfer,Bangalore,Medicine,2021,4,25,6,5987.0,8458.0,7649.0,7364.666666666667,6,2237.0
T10023,U036,2021-07-02,Expense,Food,2237.0,Upi,Pune,Grocery shopping,2021,7,2,4,9735.0,5987.0,8458.0,8060.0,7,3065.0
T11706,U036,2021-07-17,Expense,Education,3065.0,Bank_Transfer,Chennai,Online course,2021,7,17,5,2237.0,9735.0,5987.0,5986.333333333333,8,29722.0
T5229,U036,2021-07-27,Income,Freelance,29722.0,Cash,Delhi,misc,2021,7,27,1,3065.0,2237.0,9735.0,5012.333333333333,9,6421.0
T3592,U036,2021-08-23,Expense,Travel,6421.0,Bank_Transfer,Bangalore,Internet bill,2021,8,23,0,29722.0,3065.0,2237.0,11674.666666666666,10,8371.0
T6547,U036,2021-11-25,Expense,Travel,8371.0,Card,Lucknow,No Notes,2021,11,25,3,6421.0,29722.0,3065.0,13069.333333333334,11,2087.0
T4214,U036,2021-12-13,Expense,Food,2087.0,Card,Bangalore,!!!,2021,12,13,0,8371.0,6421.0,29722.0,14838.0,12,9335.0
T2997,U036,2022-01-06,Expense,Travel,9335.0,Upi,Delhi,asdfgh,2022,1,6,3,2087.0,8371.0,6421.0,5626.333333333333,13,4009.0
T12762,U036,2022-01-19,Expense,Entertainment,4009.0,Card,Delhi,Uber ride,2022,1,19,2,9335.0,2087.0,8371.0,6597.666666666667,14,9384.0
T0561,U036,2022-02-13,Expense,Travel,9384.0,Bank_Transfer,Ahmedabad,No Notes,2022,2,13,6,4009.0,9335.0,2087.0,5143.666666666667,15,729.0
T12172,U036,2022-03-19,Expense,Food,729.0,Card,Ahmedabad,Gym membership,2022,3,19,5,9384.0,4009.0,9335.0,7576.0,16,9963.0
T0225,U036,2022-04-17,Expense,Rent,9963.0,Upi,Ahmedabad,No Notes,2022,4,17,6,729.0,9384.0,4009.0,4707.333333333333,17,2051.0
T3618,U036,2022-05-20,Expense,Food,2051.0,Card,Chennai,asdfgh,2022,5,20,4,9963.0,729.0,9384.0,6692.0,18,57854.0
T10220,U036,2022-06-10,Income,Others,57854.0,Cash,Delhi,Movie tickets,2022,6,10,4,2051.0,9963.0,729.0,4247.666666666667,19,40888.0
T4938,U036,2022-06-15,Income,Bonus,40888.0,Upi,Bangalore,misc,2022,6,15,2,57854.0,2051.0,9963.0,23289.333333333332,20,6278.0
T7978,U036,2022-08-25,Expense,Rent,6278.0,Bank_Transfer,Jaipur,Monthly rent payment,2022,8,25,3,40888.0,57854.0,2051.0,33597.666666666664,21,1418.0
T11050,U036,2022-09-10,Expense,Rent,1418.0,Cash,Jaipur,Shopping,2022,9,10,5,6278.0,40888.0,57854.0,35006.666666666664,22,65464.0
T3446,U036,2022-11-19,Income,Salary,65464.0,Upi,Kolkata,Uber ride,2022,11,19,5,1418.0,6278.0,40888.0,16194.666666666666,23,4181.0
T1051,U036,2022-12-14,Expense,Food,4181.0,Cash,Bangalore,No Notes,2022,12,14,2,65464.0,1418.0,6278.0,24386.666666666668,24,4816.0
T6257,U036,2023-02-21,Expense,Food,4816.0,Upi,Pune,Lunch,2023,2,21,1,4181.0,65464.0,1418.0,23687.666666666668,25,5453.0
T3375,U036,2023-03-30,Expense,Savings,5453.0,Bank_Transfer,Kolkata,Electricity bill,2023,3,30,3,4816.0,4181.0,65464.0,24820.333333333332,26,30386.0
T9627,U036,2023-04-04,Income,Others,30386.0,Card,Lucknow,No Notes,2023,4,4,1,5453.0,4816.0,4181.0,4816.666666666667,27,47870.0
T11160,U036,2023-04-30,Expense,Rent,47870.0,Card,Pune,No Notes,2023,4,30,6,30386.0,5453.0,4816.0,13551.666666666666,28,5961.0
T7055,U036,2023-05-13,Expense,Food,5961.0,Cash,Delhi,Grocery shopping,2023,5,13,5,47870.0,30386.0,5453.0,27903.0,29,8122.0
T0136,U036,2023-05-17,Expense,Entertainment,8122.0,Cash,Ahmedabad,Fixed deposit,2023,5,17,2,5961.0,47870.0,30386.0,28072.333333333332,30,30782.0
T2857,U036,2023-06-06,Income,Freelance,30782.0,Upi,Ahmedabad,Lunch,2023,6,6,1,8122.0,5961.0,47870.0,20651.0,31,5408.0
T2720,U036,2023-07-25,Expense,Rent,5408.0,Bank_Transfer,Mumbai,Coffee,2023,7,25,1,30782.0,8122.0,5961.0,14955.0,32,68521.0
T12690,U036,2023-08-13,Income,Investment,68521.0,Upi,Hyderabad,asdfgh,2023,8,13,6,5408.0,30782.0,8122.0,14770.666666666666,33,9606.0
T4325,U036,2023-08-15,Expense,Food,9606.0,Upi,Hyderabad,Monthly rent payment,2023,8,15,1,68521.0,5408.0,30782.0,34903.666666666664,34,17113.0
T13146,U036,2023-08-27,Income,Investment,17113.0,Card,Ahmedabad,Petrol,2023,8,27,6,9606.0,68521.0,5408.0,27845.0,35,2911.0
T2501,U036,2023-09-19,Expense,Food,2911.0,Card,Unknown,Train ticket,2023,9,19,1,17113.0,9606.0,68521.0,31746.666666666668,36,1540.0
T10286,U036,2023-09-21,Expense,Others,1540.0,Card,Lucknow,...,2023,9,21,3,2911.0,17113.0,9606.0,9876.666666666666,37,3255.0
T3690,U036,2023-10-26,Expense,Rent,3255.0,Unknown,Hyderabad,Shopping,2023,10,26,3,1540.0,2911.0,17113.0,7188.0,38,1872.0
T2805,U036,2023-11-06,Expense,Utilities,1872.0,Card,Unknown,No Notes,2023,11,6,0,3255.0,1540.0,2911.0,2568.6666666666665,39,8112.0
T11338,U036,2023-11-12,Expense,Travel,8112.0,Bank_Transfer,Bangalore,!!!,2023,11,12,6,1872.0,3255.0,1540.0,2222.3333333333335,40,5640.0
T0655,U036,2023-12-07,Expense,Health,5640.0,Bank_Transfer,Unknown,test,2023,12,7,3,8112.0,1872.0,3255.0,4413.0,41,37451.0
T11950,U036,2023-12-13,Expense,Rent,37451.0,Upi,Bangalore,No Notes,2023,12,13,2,5640.0,8112.0,1872.0,5208.0,42,22505.0
T7774,U036,2024-01-04,Income,Freelance,22505.0,Upi,Delhi,No Notes,2024,1,4,3,37451.0,5640.0,8112.0,17067.666666666668,43,4892.0
T10066,U036,2024-01-18,Expense,Entertainment,4892.0,Upi,Jaipur,EMI payment,2024,1,18,3,22505.0,37451.0,5640.0,21865.333333333332,44,1318.0
T2507,U036,2024-02-05,Expense,Others,1318.0,Bank_Transfer,Pune,No Notes,2024,2,5,0,4892.0,22505.0,37451.0,21616.0,45,2581.0
T6604,U036,2024-02-07,Expense,Utilities,2581.0,Card,Ahmedabad,!!!,2024,2,7,2,1318.0,4892.0,22505.0,9571.666666666666,46,6377.0
T7181,U036,2024-04-11,Expense,Rent,6377.0,Cash,Pune,Coffee,2024,4,11,3,2581.0,1318.0,4892.0,2930.3333333333335,47,6862.0
T10106,U036,2024-04-20,Expense,Food,6862.0,Card,Lucknow,No Notes,2024,4,20,5,6377.0,2581.0,1318.0,3425.3333333333335,48,5087.0
T5638,U036,2024-05-15,Expense,Travel,5087.0,Card,Lucknow,Petrol,2024,5,15,2,6862.0,6377.0,2581.0,5273.333333333333,49,48594.0
T9892,U036,2024-05-26,Income,Bonus,48594.0,Upi,Delhi,Books,2024,5,26,6,5087.0,6862.0,6377.0,6108.666666666667,50,9742.0
T7819,U036,2024-06-24,Expense,Entertainment,9742.0,Card,Kolkata,No Notes,2024,6,24,0,48594.0,5087.0,6862.0,20181.0,51,4876.0
T3621,U036,2024-07-06,Expense,Entertainment,4876.0,Card,Lucknow,Internet bill,2024,7,6,5,9742.0,48594.0,5087.0,21141.0,52,4088.0
T12810,U036,2024-07-27,Expense,Food,4088.0,Card,Pune,Gym membership,2024,7,27,5,4876.0,9742.0,48594.0,21070.666666666668,53,8210.0
T4966,U036,2024-09-01,Expense,Rent,8210.0,Bank_Transfer,Unknown,No Notes,2024,9,1,6,4088.0,4876.0,9742.0,6235.333333333333,54,7191.0
T8982,U036,2024-09-02,Expense,Education,7191.0,Cash,Pune,Monthly rent payment,2024,9,2,0,8210.0,4088.0,4876.0,5724.666666666667,55,2214.0
T2422,U036,2024-09-14,Expense,Food,2214.0,Cash,Pune,Train ticket,2024,9,14,5,7191.0,8210.0,4088.0,6496.333333333333,56,1416.0
T1352,U036,2024-09-29,Expense,Food,1416.0,Bank_Transfer,Jaipur,Restaurant dinner,2024,9,29,6,2214.0,7191.0,8210.0,5871.666666666667,57,73654.0
T12877,U037,2021-10-18,Expense,Food,2479.0,Bank_Transfer,Unknown,Online course,2021,10,18,0,61674.0,3610.0,41576.0,35620.0,3,15446.0
T2540,U037,2021-10-29,Income,Bonus,15446.0,Upi,Jaipur,!!!,2021,10,29,4,2479.0,61674.0,3610.0,22587.666666666668,4,4068.0
T13611,U037,2021-11-10,Expense,Travel,4068.0,Card,Bangalore,EMI payment,2021,11,10,2,15446.0,2479.0,61674.0,26533.0,5,736.0
T4207,U037,2022-04-07,Expense,Entertainment,736.0,Bank_Transfer,Ahmedabad,test,2022,4,7,3,4068.0,15446.0,2479.0,7331.0,6,9691.0
T10800,U037,2022-05-16,Expense,Rent,9691.0,Card,Chennai,Internet bill,2022,5,16,0,736.0,4068.0,15446.0,6750.0,7,8111.0
T10889,U037,2022-05-18,Expense,Entertainment,8111.0,Upi,Unknown,Fixed deposit,2022,5,18,2,9691.0,736.0,4068.0,4831.666666666667,8,5983.0
T1680,U037,2022-07-16,Expense,Travel,5983.0,Bank_Transfer,Chennai,ATM withdrawal,2022,7,16,5,8111.0,9691.0,736.0,6179.333333333333,9,474.0
T1321,U037,2022-07-25,Expense,Food,474.0,Bank_Transfer,Lucknow,...,2022,7,25,0,5983.0,8111.0,9691.0,7928.333333333333,10,4543.0
T8616,U037,2022-08-20,Expense,Rent,4543.0,Card,Unknown,EMI payment,2022,8,20,5,474.0,5983.0,8111.0,4856.0,11,4123.0
T13041,U037,2022-09-15,Expense,Entertainment,4123.0,Unknown,Unknown,Monthly rent payment,2022,9,15,3,4543.0,474.0,5983.0,3666.6666666666665,12,19462.0
T1879,U037,2022-09-21,Expense,Rent,19462.0,Card,Unknown,misc,2022,9,21,2,4123.0,4543.0,474.0,3046.6666666666665,13,42864.0
T12834,U037,2022-12-01,Expense,Rent,42864.0,Bank_Transfer,Lucknow,Petrol,2022,12,1,3,19462.0,4123.0,4543.0,9376.0,14,9093.0
T8573,U037,2022-12-21,Expense,Utilities,9093.0,Card,Bangalore,Gym membership,2022,12,21,2,42864.0,19462.0,4123.0,22149.666666666668,15,70235.0
T11112,U037,2023-02-08,Income,Bonus,70235.0,Upi,Hyderabad,!!!,2023,2,8,2,9093.0,42864.0,19462.0,23806.333333333332,16,61598.0
T5319,U037,2023-03-10,Income,Others,61598.0,Cash,Chennai,Medicine,2023,3,10,4,70235.0,9093.0,42864.0,40730.666666666664,17,4841.0
T11512,U037,2023-03-25,Expense,Rent,4841.0,Card,Mumbai,Internet bill,2023,3,25,5,61598.0,70235.0,9093.0,46975.333333333336,18,10392.0
T1086,U037,2023-03-25,Expense,Rent,10392.0,Cash,Ahmedabad,No Notes,2023,3,25,5,4841.0,61598.0,70235.0,45558.0,19,28481.0
T9155,U037,2023-07-31,Expense,Rent,28481.0,Cash,Hyderabad,test,2023,7,31,0,10392.0,4841.0,61598.0,25610.333333333332,20,4160.0
T11349,U037,2023-08-04,Expense,Education,4160.0,Unknown,Jaipur,EMI payment,2023,8,4,4,28481.0,10392.0,4841.0,14571.333333333334,21,14034.0
T6465,U037,2023-09-05,Expense,Rent,14034.0,Upi,Mumbai,xyz123,2023,9,5,1,4160.0,28481.0,10392.0,14344.333333333334,22,2558.0
T10488,U037,2023-09-22,Expense,Food,2558.0,Bank_Transfer,Ahmedabad,Doctor consultation,2023,9,22,4,14034.0,4160.0,28481.0,15558.333333333334,23,8104.0
T9080,U037,2023-09-29,Expense,Rent,8104.0,Card,Chennai,Monthly rent payment,2023,9,29,4,2558.0,14034.0,4160.0,6917.333333333333,24,41059.0
T8103,U037,2023-10-08,Expense,Rent,41059.0,Cash,Ahmedabad,asdfgh,2023,10,8,6,8104.0,2558.0,14034.0,8232.0,25,1896.0
T12308,U037,2023-11-17,Expense,Entertainment,1896.0,Upi,Kolkata,EMI payment,2023,11,17,4,41059.0,8104.0,2558.0,17240.333333333332,26,998.0
T11247,U037,2023-11-27,Expense,Entertainment,998.0,Card,Bangalore,misc,2023,11,27,0,1896.0,41059.0,8104.0,17019.666666666668,27,34321.0
T11809,U037,2023-12-04,Income,Salary,34321.0,Unknown,Jaipur,Lunch,2023,12,4,0,998.0,1896.0,41059.0,14651.0,28,3820.0
T8804,U037,2023-12-13,Expense,Rent,3820.0,Unknown,Chennai,Online course,2023,12,13,2,34321.0,998.0,1896.0,12405.0,29,5993.0
T13617,U037,2023-12-18,Expense,Rent,5993.0,Bank_Transfer,Bangalore,No Notes,2023,12,18,0,3820.0,34321.0,998.0,13046.333333333334,30,6805.0
T12895,U037,2023-12-28,Expense,Entertainment,6805.0,Cash,Chennai,No Notes,2023,12,28,3,5993.0,3820.0,34321.0,14711.333333333334,31,2732.0
T6138,U037,2024-03-12,Expense,Food,2732.0,Bank_Transfer,Kolkata,Petrol,2024,3,12,1,6805.0,5993.0,3820.0,5539.333333333333,32,5405.0
T2012,U037,2024-04-23,Expense,Travel,5405.0,Cash,Chennai,Monthly rent payment,2024,4,23,1,2732.0,6805.0,5993.0,5176.666666666667,33,5004.0
T9924,U037,2024-05-03,Expense,Travel,5004.0,Bank_Transfer,Delhi,Shopping,2024,5,3,4,5405.0,2732.0,6805.0,4980.666666666667,34,41869.0
T10257,U037,2024-05-27,Income,Freelance,41869.0,Bank_Transfer,Kolkata,test,2024,5,27,0,5004.0,5405.0,2732.0,4380.333333333333,35,6648.0
T2620,U037,2024-06-02,Expense,Utilities,6648.0,Bank_Transfer,Unknown,Electricity bill,2024,6,2,6,41869.0,5004.0,5405.0,17426.0,36,3840.0
T8115,U037,2024-06-08,Expense,Food,3840.0,Unknown,Jaipur,Gym membership,2024,6,8,5,6648.0,41869.0,5004.0,17840.333333333332,37,2608.0
T2296,U037,2024-07-11,Expense,Travel,2608.0,Unknown,Jaipur,!!!,2024,7,11,3,3840.0,6648.0,41869.0,17452.333333333332,38,2705.0
T6943,U037,2024-08-23,Expense,Utilities,2705.0,Bank_Transfer,Hyderabad,Monthly rent payment,2024,8,23,4,2608.0,3840.0,6648.0,4365.333333333333,39,6102.0
T5780,U037,2024-10-24,Expense,Utilities,6102.0,Bank_Transfer,Bangalore,Uber ride,2024,10,24,3,2705.0,2608.0,3840.0,3051.0,40,5289.0
T1822,U037,2024-12-08,Expense,Food,5289.0,Upi,Kolkata,EMI payment,2024,12,8,6,6102.0,2705.0,2608.0,3805.0,41,386.0
T12805,U038,2021-04-04,Expense,Rent,1456.0,Bank_Transfer,Kolkata,xyz123,2021,4,4,6,2693.0,26623.0,9276.0,12864.0,3,2866.0
T6312,U038,2021-04-26,Expense,Food,2866.0,Cash,Lucknow,No Notes,2021,4,26,0,1456.0,2693.0,26623.0,10257.333333333334,4,6065.0
T7494,U038,2021-07-10,Expense,Travel,6065.0,Bank_Transfer,Lucknow,No Notes,2021,7,10,5,2866.0,1456.0,2693.0,2338.3333333333335,5,9869.0
T9060,U038,2021-08-02,Expense,Education,9869.0,Bank_Transfer,Jaipur,ATM withdrawal,2021,8,2,0,6065.0,2866.0,1456.0,3462.3333333333335,6,8667.0
T12361,U038,2021-08-26,Expense,Entertainment,8667.0,Upi,Pune,ATM withdrawal,2021,8,26,3,9869.0,6065.0,2866.0,6266.666666666667,7,575.0
T7042,U038,2021-08-28,Expense,Rent,575.0,Bank_Transfer,Delhi,asdfgh,2021,8,28,5,8667.0,9869.0,6065.0,8200.333333333334,8,1906.0
T11664,U038,2021-09-12,Expense,Rent,1906.0,Card,Kolkata,Grocery shopping,2021,9,12,6,575.0,8667.0,9869.0,6370.333333333333,9,8478.0
T1234,U038,2021-10-22,Expense,Others,8478.0,Bank_Transfer,Hyderabad,Uber ride,2021,10,22,4,1906.0,575.0,8667.0,3716.0,10,2766.0
T4163,U038,2021-11-05,Expense,Travel,2766.0,Bank_Transfer,Jaipur,No Notes,2021,11,5,4,8478.0,1906.0,575.0,3653.0,11,5866.0
T3538,U038,2021-11-14,Expense,Entertainment,5866.0,Cash,Bangalore,Doctor consultation,2021,11,14,6,2766.0,8478.0,1906.0,4383.333333333333,12,4525.0
T8645,U038,2021-11-30,Expense,Travel,4525.0,Bank_Transfer,Kolkata,EMI payment,2021,11,30,1,5866.0,2766.0,8478.0,5703.333333333333,13,2027.0
T13536,U038,2022-05-16,Expense,Entertainment,2027.0,Upi,Hyderabad,No Notes,2022,5,16,0,4525.0,5866.0,2766.0,4385.666666666667,14,30722.0
T1789,U038,2022-05-31,Income,Salary,30722.0,Card,Jaipur,...,2022,5,31,1,2027.0,4525.0,5866.0,4139.333333333333,15,6610.0
T0177,U038,2022-06-13,Expense,Others,6610.0,Cash,Pune,Restaurant dinner,2022,6,13,0,30722.0,2027.0,4525.0,12424.666666666666,16,3203.0
T6819,U038,2022-07-18,Expense,Travel,3203.0,Card,Delhi,Internet bill,2022,7,18,0,6610.0,30722.0,2027.0,13119.666666666666,17,261.0
T9046,U038,2022-08-14,Expense,Others,261.0,Card,Mumbai,No Notes,2022,8,14,6,3203.0,6610.0,30722.0,13511.666666666666,18,9541.0
T2698,U038,2022-10-06,Expense,Health,9541.0,Card,Hyderabad,Shopping,2022,10,6,3,261.0,3203.0,6610.0,3358.0,19,8629.0
T13718,U038,2022-11-19,Expense,Rent,8629.0,Upi,Delhi,asdfgh,2022,11,19,5,9541.0,261.0,3203.0,4335.0,20,1382.0
T12586,U038,2023-04-15,Expense,Rent,1382.0,Bank_Transfer,Jaipur,No Notes,2023,4,15,5,8629.0,9541.0,261.0,6143.666666666667,21,1028.0
T4100,U038,2023-06-28,Expense,Food,1028.0,Cash,Pune,Monthly rent payment,2023,6,28,2,1382.0,8629.0,9541.0,6517.333333333333,22,2545.0
T3459,U038,2023-09-13,Expense,Food,2545.0,Upi,Pune,Uber ride,2023,9,13,2,1028.0,1382.0,8629.0,3679.6666666666665,23,13959.0
T7231,U038,2023-11-22,Income,Others,13959.0,Cash,Chennai,ATM withdrawal,2023,11,22,2,2545.0,1028.0,1382.0,1651.6666666666667,24,3080.0
T1422,U038,2023-11-23,Expense,Food,3080.0,Upi,Pune,No Notes,2023,11,23,3,13959.0,2545.0,1028.0,5844.0,25,2984.0
T0060,U038,2024-01-12,Expense,Food,2984.0,Card,Unknown,Restaurant dinner,2024,1,12,4,3080.0,13959.0,2545.0,6528.0,26,8016.0
T4541,U038,2024-02-19,Expense,Utilities,8016.0,Card,Jaipur,Monthly rent payment,2024,2,19,0,2984.0,3080.0,13959.0,6674.333333333333,27,7187.0
T13651,U038,2024-03-01,Expense,Travel,7187.0,Bank_Transfer,Jaipur,Online course,2024,3,1,4,8016.0,2984.0,3080.0,4693.333333333333,28,8135.0
T6418,U038,2024-03-06,Expense,Health,8135.0,Cash,Mumbai,Monthly rent payment,2024,3,6,2,7187.0,8016.0,2984.0,6062.333333333333,29,22040.0
T10239,U038,2024-03-24,Income,Salary,22040.0,Cash,Hyderabad,Lunch,2024,3,24,6,8135.0,7187.0,8016.0,7779.333333333333,30,883.0
T1787,U038,2024-05-13,Expense,Food,883.0,Cash,Bangalore,Restaurant dinner,2024,5,13,0,22040.0,8135.0,7187.0,12454.0,31,3872.0
T5916,U038,2024-05-17,Expense,Rent,3872.0,Cash,Kolkata,No Notes,2024,5,17,4,883.0,22040.0,8135.0,10352.666666666666,32,2825.0
T7646,U038,2024-08-30,Expense,Travel,2825.0,Card,Chennai,EMI payment,2024,8,30,4,3872.0,883.0,22040.0,8931.666666666666,33,787.0
T0585,U038,2024-09-05,Expense,Entertainment,787.0,Upi,Unknown,Uber ride,2024,9,5,3,2825.0,3872.0,883.0,2526.6666666666665,34,9238.0
T3440,U038,2024-09-11,Expense,Travel,9238.0,Card,Delhi,Electricity bill,2024,9,11,2,787.0,2825.0,3872.0,2494.6666666666665,35,5026.0
T2301,U038,2024-09-20,Expense,Entertainment,5026.0,Bank_Transfer,Unknown,test,2024,9,20,4,9238.0,787.0,2825.0,4283.333333333333,36,3710.0
T8610,U038,2024-10-12,Expense,Rent,3710.0,Cash,Pune,No Notes,2024,10,12,5,5026.0,9238.0,787.0,5017.0,37,6835.0
T7197,U038,2024-11-20,Expense,Travel,6835.0,Card,Unknown,!!!,2024,11,20,2,3710.0,5026.0,9238.0,5991.333333333333,38,42615.0
T0470,U038,2024-12-10,Expense,Rent,42615.0,Bank_Transfer,Hyderabad,Shopping,2024,12,10,1,6835.0,3710.0,5026.0,5190.333333333333,39,3301.0
T6159,U038,2024-12-14,Expense,Food,3301.0,Upi,Jaipur,test,2024,12,14,5,42615.0,6835.0,3710.0,17720.0,40,3060.0
T8832,U039,2021-08-04,Expense,Others,4606.0,Upi,Bangalore,Electricity bill,2021,8,4,2,6136.0,6677.0,2265.0,5026.0,3,3973.0
T5801,U039,2021-08-04,Expense,Food,3973.0,Upi,Jaipur,No Notes,2021,8,4,2,4606.0,6136.0,6677.0,5806.333333333333,4,476.0
T4150,U039,2021-08-07,Expense,Food,476.0,Cash,Lucknow,Uber ride,2021,8,7,5,3973.0,4606.0,6136.0,4905.0,5,8586.0
T4708,U039,2021-09-17,Expense,Utilities,8586.0,Upi,Ahmedabad,Restaurant dinner,2021,9,17,4,476.0,3973.0,4606.0,3018.3333333333335,6,4272.0
T7504,U039,2021-10-24,Expense,Travel,4272.0,Bank_Transfer,Mumbai,Uber ride,2021,10,24,6,8586.0,476.0,3973.0,4345.0,7,14035.0
T7355,U039,2021-12-24,Income,Others,14035.0,Cash,Bangalore,misc,2021,12,24,4,4272.0,8586.0,476.0,4444.666666666667,8,9948.0
T11356,U039,2022-01-08,Expense,Utilities,9948.0,Cash,Kolkata,EMI payment,2022,1,8,5,14035.0,4272.0,8586.0,8964.333333333334,9,3212.0
T0694,U039,2022-02-10,Expense,Travel,3212.0,Card,Mumbai,No Notes,2022,2,10,3,9948.0,14035.0,4272.0,9418.333333333334,10,19467.0
T5945,U039,2022-02-13,Expense,Rent,19467.0,Bank_Transfer,Bangalore,Gym membership,2022,2,13,6,3212.0,9948.0,14035.0,9065.0,11,8291.0
T9156,U039,2022-04-22,Expense,Food,8291.0,Card,Unknown,asdfgh,2022,4,22,4,19467.0,3212.0,9948.0,10875.666666666666,12,2470.0
T5065,U039,2022-05-11,Expense,Food,2470.0,Card,Delhi,EMI payment,2022,5,11,2,8291.0,19467.0,3212.0,10323.333333333334,13,7969.0
T6231,U039,2022-05-24,Expense,Entertainment,7969.0,Cash,Kolkata,EMI payment,2022,5,24,1,2470.0,8291.0,19467.0,10076.0,14,7776.0
T8291,U039,2022-09-06,Expense,Utilities,7776.0,Unknown,Ahmedabad,No Notes,2022,9,6,1,7969.0,2470.0,8291.0,6243.333333333333,15,639.0
T10514,U039,2022-09-11,Expense,Education,639.0,Cash,Ahmedabad,xyz123,2022,9,11,6,7776.0,7969.0,2470.0,6071.666666666667,16,5341.0
T8375,U039,2022-09-21,Expense,Others,5341.0,Cash,Bangalore,!!!,2022,9,21,2,639.0,7776.0,7969.0,5461.333333333333,17,26112.0
T4803,U039,2022-12-15,Income,Salary,26112.0,Upi,Mumbai,!!!,2022,12,15,3,5341.0,639.0,7776.0,4585.333333333333,18,8176.0
T12627,U039,2023-02-16,Expense,Food,8176.0,Upi,Mumbai,Movie tickets,2023,2,16,3,26112.0,5341.0,639.0,10697.333333333334,19,7202.0
T10882,U039,2023-06-14,Expense,Travel,7202.0,Cash,Unknown,Movie tickets,2023,6,14,2,8176.0,26112.0,5341.0,13209.666666666666,20,2306.0
T11422,U039,2023-07-03,Expense,Utilities,2306.0,Card,Jaipur,EMI payment,2023,7,3,0,7202.0,8176.0,26112.0,13830.0,21,7662.0
T8988,U039,2023-11-11,Expense,Savings,7662.0,Upi,Kolkata,Lunch,2023,11,11,5,2306.0,7202.0,8176.0,5894.666666666667,22,2476.0
T8471,U039,2023-12-11,Expense,Food,2476.0,Bank_Transfer,Unknown,EMI payment,2023,12,11,0,7662.0,2306.0,7202.0,5723.333333333333,23,44800.0
T0781,U039,2024-03-09,Income,Others,44800.0,Card,Bangalore,No Notes,2024,3,9,5,2476.0,7662.0,2306.0,4148.0,24,7852.0
T11975,U039,2024-03-20,Expense,Travel,7852.0,Upi,Mumbai,xyz123,2024,3,20,2,44800.0,2476.0,7662.0,18312.666666666668,25,4026.0
T6996,U039,2024-03-24,Expense,Food,4026.0,Bank_Transfer,Kolkata,Train ticket,2024,3,24,6,7852.0,44800.0,2476.0,18376.0,26,4081.0
T12936,U039,2024-04-01,Expense,Utilities,4081.0,Cash,Jaipur,ATM withdrawal,2024,4,1,0,4026.0,7852.0,44800.0,18892.666666666668,27,4755.0
T0588,U039,2024-08-22,Expense,Food,4755.0,Cash,Lucknow,No Notes,2024,8,22,3,4081.0,4026.0,7852.0,5319.666666666667,28,1612.0
T3328,U039,2024-08-28,Expense,Food,1612.0,Unknown,Kolkata,Grocery shopping,2024,8,28,2,4755.0,4081.0,4026.0,4287.333333333333,29,9925.0
T3477,U039,2024-09-08,Expense,Health,9925.0,Card,Jaipur,Movie tickets,2024,9,8,6,1612.0,4755.0,4081.0,3482.6666666666665,30,5107.0
T1880,U039,2024-10-06,Expense,Entertainment,5107.0,Cash,Lucknow,No Notes,2024,10,6,6,9925.0,1612.0,4755.0,5430.666666666667,31,222.0
T6253,U039,2024-11-08,Expense,Travel,222.0,Upi,Kolkata,Lunch,2024,11,8,4,5107.0,9925.0,1612.0,5548.0,32,6216.0
T2854,U039,2024-12-11,Expense,Entertainment,6216.0,Bank_Transfer,Hyderabad,Monthly rent payment,2024,12,11,2,222.0,5107.0,9925.0,5084.666666666667,33,1476.0
T4539,U040,2021-07-19,Income,Salary,61212.0,Card,Bangalore,Fixed deposit,2021,7,19,0,8501.0,3243.0,2323.0,4689.0,3,7287.0
T0256,U040,2021-08-08,Expense,Savings,7287.0,Card,Ahmedabad,asdfgh,2021,8,8,6,61212.0,8501.0,3243.0,24318.666666666668,4,2076.0
T2411,U040,2021-08-11,Expense,Food,2076.0,Upi,Bangalore,Coffee,2021,8,11,2,7287.0,61212.0,8501.0,25666.666666666668,5,5814.0
T7789,U040,2021-08-17,Expense,Food,5814.0,Bank_Transfer,Chennai,misc,2021,8,17,1,2076.0,7287.0,61212.0,23525.0,6,3480.0
T6193,U040,2021-08-21,Expense,Savings,3480.0,Cash,Chennai,No Notes,2021,8,21,5,5814.0,2076.0,7287.0,5059.0,7,3819.0
T13150,U040,2021-09-29,Expense,Food,3819.0,Bank_Transfer,Ahmedabad,Internet bill,2021,9,29,2,3480.0,5814.0,2076.0,3790.0,8,7284.0
T7166,U040,2021-10-09,Expense,Education,7284.0,Upi,Kolkata,!!!,2021,10,9,5,3819.0,3480.0,5814.0,4371.0,9,8489.0
T8611,U040,2021-11-07,Expense,Rent,8489.0,Cash,Ahmedabad,Fixed deposit,2021,11,7,6,7284.0,3819.0,3480.0,4861.0,10,12487.0
T1701,U040,2022-01-07,Income,Others,12487.0,Card,Jaipur,Movie tickets,2022,1,7,4,8489.0,7284.0,3819.0,6530.666666666667,11,4530.0
T7018,U040,2022-03-31,Expense,Food,4530.0,Cash,Delhi,Books,2022,3,31,3,12487.0,8489.0,7284.0,9420.0,12,8595.0
T5148,U040,2022-04-12,Expense,Utilities,8595.0,Upi,Mumbai,Gym membership,2022,4,12,1,4530.0,12487.0,8489.0,8502.0,13,6078.0
T13838,U040,2022-04-16,Expense,Rent,6078.0,Bank_Transfer,Mumbai,No Notes,2022,4,16,5,8595.0,4530.0,12487.0,8537.333333333334,14,273.0
T2412,U040,2022-05-07,Expense,Food,273.0,Card,Bangalore,Coffee,2022,5,7,5,6078.0,8595.0,4530.0,6401.0,15,8220.0
T12860,U040,2022-05-10,Expense,Savings,8220.0,Card,Lucknow,misc,2022,5,10,1,273.0,6078.0,8595.0,4982.0,16,32851.0
T1753,U040,2022-05-19,Expense,Rent,32851.0,Unknown,Pune,Online course,2022,5,19,3,8220.0,273.0,6078.0,4857.0,17,8851.0
T12897,U040,2022-06-25,Expense,Travel,8851.0,Upi,Ahmedabad,Grocery shopping,2022,6,25,5,32851.0,8220.0,273.0,13781.333333333334,18,1293.0
T8779,U040,2022-11-07,Expense,Rent,1293.0,Cash,Kolkata,Coffee,2022,11,7,0,8851.0,32851.0,8220.0,16640.666666666668,19,63317.0
T0481,U040,2023-06-08,Income,Investment,63317.0,Upi,Bangalore,Gym membership,2023,6,8,3,1293.0,8851.0,32851.0,14331.666666666666,20,8474.0
T13638,U040,2023-09-15,Expense,Travel,8474.0,Bank_Transfer,Hyderabad,xyz123,2023,9,15,4,63317.0,1293.0,8851.0,24487.0,21,278.0
T7179,U040,2023-10-08,Expense,Utilities,278.0,Upi,Chennai,No Notes,2023,10,8,6,8474.0,63317.0,1293.0,24361.333333333332,22,9476.0
T7798,U040,2023-10-09,Expense,Utilities,9476.0,Upi,Bangalore,Movie tickets,2023,10,9,0,278.0,8474.0,63317.0,24023.0,23,5779.0
T5053,U040,2023-10-23,Expense,Food,5779.0,Cash,Ahmedabad,Monthly rent payment,2023,10,23,0,9476.0,278.0,8474.0,6076.0,24,36626.0
T13988,U040,2023-10-29,Expense,Rent,36626.0,Upi,Kolkata,xyz123,2023,10,29,6,5779.0,9476.0,278.0,5177.666666666667,25,22841.0
T12383,U040,2023-11-25,Income,Investment,22841.0,Cash,Mumbai,!!!,2023,11,25,5,36626.0,5779.0,9476.0,17293.666666666668,26,4835.0
T13173,U040,2024-06-08,Expense,Travel,4835.0,Upi,Unknown,Gym membership,2024,6,8,5,22841.0,36626.0,5779.0,21748.666666666668,27,33565.0
T11291,U040,2024-06-10,Income,Bonus,33565.0,Cash,Hyderabad,Gym membership,2024,6,10,0,4835.0,22841.0,36626.0,21434.0,28,68838.0
T0070,U040,2024-09-04,Income,Others,68838.0,Upi,Delhi,No Notes,2024,9,4,2,33565.0,4835.0,22841.0,20413.666666666668,29,6183.0
T2013,U041,2021-05-01,Expense,Food,8197.0,Cash,Bangalore,asdfgh,2021,5,1,5,3328.0,5090.0,2681.0,3699.6666666666665,3,121.0
T2894,U041,2021-05-16,Expense,Food,121.0,Card,Ahmedabad,...,2021,5,16,6,8197.0,3328.0,5090.0,5538.333333333333,4,4357.0
T4872,U041,2021-06-09,Expense,Rent,4357.0,Bank_Transfer,Pune,No Notes,2021,6,9,2,121.0,8197.0,3328.0,3882.0,5,7174.0
T12133,U041,2021-07-06,Expense,Health,7174.0,Card,Unknown,No Notes,2021,7,6,1,4357.0,121.0,8197.0,4225.0,6,2467.0
T7158,U041,2021-07-17,Expense,Food,2467.0,Bank_Transfer,Pune,Coffee,2021,7,17,5,7174.0,4357.0,121.0,3884.0,7,1900.0
T3098,U041,2021-08-04,Expense,Rent,1900.0,Upi,Chennai,Lunch,2021,8,4,2,2467.0,7174.0,4357.0,4666.0,8,8149.0
T3149,U041,2021-08-16,Expense,Food,8149.0,Bank_Transfer,Chennai,EMI payment,2021,8,16,0,1900.0,2467.0,7174.0,3847.0,9,18526.0
T3543,U041,2021-10-03,Income,Salary,18526.0,Cash,Pune,misc,2021,10,3,6,8149.0,1900.0,2467.0,4172.0,10,5282.0
T6022,U041,2021-11-01,Expense,Rent,5282.0,Card,Chennai,Shopping,2021,11,1,0,18526.0,8149.0,1900.0,9525.0,11,3615.0
T13944,U041,2021-11-11,Expense,Education,3615.0,Bank_Transfer,Kolkata,Lunch,2021,11,11,3,5282.0,18526.0,8149.0,10652.333333333334,12,54235.0
T13714,U041,2021-11-29,Income,Salary,54235.0,Cash,Mumbai,Online course,2021,11,29,0,3615.0,5282.0,18526.0,9141.0,13,3491.0
T11758,U041,2021-11-30,Expense,Food,3491.0,Bank_Transfer,Kolkata,!!!,2021,11,30,1,54235.0,3615.0,5282.0,21044.0,14,22027.0
T5077,U041,2021-12-14,Expense,Rent,22027.0,Upi,Ahmedabad,No Notes,2021,12,14,1,3491.0,54235.0,3615.0,20447.0,15,7832.0
T6215,U041,2022-01-26,Expense,Savings,7832.0,Upi,Bangalore,Electricity bill,2022,1,26,2,22027.0,3491.0,54235.0,26584.333333333332,16,46693.0
T1226,U041,2022-03-27,Income,Investment,46693.0,Bank_Transfer,Chennai,Movie tickets,2022,3,27,6,7832.0,22027.0,3491.0,11116.666666666666,17,7032.0
T5156,U041,2022-05-14,Expense,Entertainment,7032.0,Bank_Transfer,Pune,Monthly rent payment,2022,5,14,5,46693.0,7832.0,22027.0,25517.333333333332,18,1082.0
T12779,U041,2022-07-10,Expense,Savings,1082.0,Upi,Bangalore,Medicine,2022,7,10,6,7032.0,46693.0,7832.0,20519.0,19,6791.0
T13766,U041,2022-08-17,Expense,Entertainment,6791.0,Card,Ahmedabad,asdfgh,2022,8,17,2,1082.0,7032.0,46693.0,18269.0,20,6040.0
T13886,U041,2022-11-19,Expense,Travel,6040.0,Upi,Pune,No Notes,2022,11,19,5,6791.0,1082.0,7032.0,4968.333333333333,21,5013.0
T1144,U041,2022-12-19,Expense,Savings,5013.0,Upi,Delhi,Petrol,2022,12,19,0,6040.0,6791.0,1082.0,4637.666666666667,22,45134.0
T9098,U041,2022-12-24,Income,Salary,45134.0,Card,Unknown,Fixed deposit,2022,12,24,5,5013.0,6040.0,6791.0,5948.0,23,2648.0
T6349,U041,2022-12-31,Expense,Utilities,2648.0,Card,Bangalore,No Notes,2022,12,31,5,45134.0,5013.0,6040.0,18729.0,24,9201.0
T7168,U041,2023-03-31,Expense,Rent,9201.0,Cash,Delhi,Electricity bill,2023,3,31,4,2648.0,45134.0,5013.0,17598.333333333332,25,61829.0
T1437,U041,2023-05-04,Income,Others,61829.0,Cash,Delhi,Movie tickets,2023,5,4,3,9201.0,2648.0,45134.0,18994.333333333332,26,3576.0
T10794,U041,2023-06-16,Expense,Food,3576.0,Bank_Transfer,Chennai,Electricity bill,2023,6,16,4,61829.0,9201.0,2648.0,24559.333333333332,27,2037.0
T6481,U041,2023-12-06,Expense,Others,2037.0,Bank_Transfer,Mumbai,Online course,2023,12,6,2,3576.0,61829.0,9201.0,24868.666666666668,28,46163.0
T0972,U041,2023-12-24,Income,Freelance,46163.0,Card,Chennai,Restaurant dinner,2023,12,24,6,2037.0,3576.0,61829.0,22480.666666666668,29,37665.0
T8713,U041,2024-01-12,Income,Salary,37665.0,Upi,Bangalore,Lunch,2024,1,12,4,46163.0,2037.0,3576.0,17258.666666666668,30,2966.0
T4819,U041,2024-03-01,Expense,Education,2966.0,Bank_Transfer,Unknown,Lunch,2024,3,1,4,37665.0,46163.0,2037.0,28621.666666666668,31,4551.0
T6091,U041,2024-03-11,Expense,Health,4551.0,Bank_Transfer,Hyderabad,test,2024,3,11,0,2966.0,37665.0,46163.0,28931.333333333332,32,69498.0
T12551,U041,2024-03-19,Income,Bonus,69498.0,Cash,Unknown,Uber ride,2024,3,19,1,4551.0,2966.0,37665.0,15060.666666666666,33,122.0
T8738,U041,2024-04-22,Expense,Rent,122.0,Cash,Delhi,Restaurant dinner,2024,4,22,0,69498.0,4551.0,2966.0,25671.666666666668,34,1446.0
T9982,U041,2024-05-29,Expense,Education,1446.0,Unknown,Delhi,ATM withdrawal,2024,5,29,2,122.0,69498.0,4551.0,24723.666666666668,35,7475.0
T6035,U041,2024-07-08,Expense,Travel,7475.0,Upi,Pune,Shopping,2024,7,8,0,1446.0,122.0,69498.0,23688.666666666668,36,28566.0
T5037,U041,2024-07-16,Income,Freelance,28566.0,Cash,Kolkata,No Notes,2024,7,16,1,7475.0,1446.0,122.0,3014.3333333333335,37,8509.0
T10315,U041,2024-11-11,Expense,Health,8509.0,Bank_Transfer,Hyderabad,Uber ride,2024,11,11,0,28566.0,7475.0,1446.0,12495.666666666666,38,22156.0
T1510,U042,2021-08-09,Expense,Food,1226.0,Upi,Mumbai,No Notes,2021,8,9,0,4950.0,4195.0,2717.0,3954.0,3,1498.0
T13547,U042,2021-08-29,Expense,Food,1498.0,Bank_Transfer,Pune,xyz123,2021,8,29,6,1226.0,4950.0,4195.0,3457.0,4,9007.0
T12685,U042,2021-09-16,Expense,Food,9007.0,Bank_Transfer,Chennai,Online course,2021,9,16,3,1498.0,1226.0,4950.0,2558.0,5,56659.0
T0342,U042,2021-10-27,Income,Freelance,56659.0,Cash,Bangalore,Movie tickets,2021,10,27,2,9007.0,1498.0,1226.0,3910.3333333333335,6,3185.0
T6718,U042,2021-11-10,Expense,Entertainment,3185.0,Upi,Kolkata,Restaurant dinner,2021,11,10,2,56659.0,9007.0,1498.0,22388.0,7,7718.0
T11057,U042,2021-12-13,Expense,Travel,7718.0,Cash,Delhi,Movie tickets,2021,12,13,0,3185.0,56659.0,9007.0,22950.333333333332,8,3596.0
T13286,U042,2021-12-18,Expense,Entertainment,3596.0,Upi,Delhi,Internet bill,2021,12,18,5,7718.0,3185.0,56659.0,22520.666666666668,9,7615.0
T11633,U042,2022-01-09,Expense,Entertainment,7615.0,Bank_Transfer,Jaipur,Lunch,2022,1,9,6,3596.0,7718.0,3185.0,4833.0,10,2960.0
T7868,U042,2022-02-21,Expense,Utilities,2960.0,Bank_Transfer,Pune,Lunch,2022,2,21,0,7615.0,3596.0,7718.0,6309.666666666667,11,2553.0
T3813,U042,2022-02-28,Expense,Utilities,2553.0,Bank_Transfer,Chennai,Shopping,2022,2,28,0,2960.0,7615.0,3596.0,4723.666666666667,12,9360.0
T8246,U042,2022-03-14,Expense,Travel,9360.0,Bank_Transfer,Mumbai,Monthly rent payment,2022,3,14,0,2553.0,2960.0,7615.0,4376.0,13,5431.0
T2416,U042,2022-04-02,Expense,Utilities,5431.0,Cash,Mumbai,ATM withdrawal,2022,4,2,5,9360.0,2553.0,2960.0,4957.666666666667,14,6907.0
T5727,U042,2022-04-24,Expense,Health,6907.0,Upi,Mumbai,Online course,2022,4,24,6,5431.0,9360.0,2553.0,5781.333333333333,15,630.0
T8566,U042,2022-06-29,Expense,Utilities,630.0,Bank_Transfer,Kolkata,Shopping,2022,6,29,2,6907.0,5431.0,9360.0,7232.666666666667,16,7841.0
T5061,U042,2022-09-21,Expense,Utilities,7841.0,Upi,Jaipur,No Notes,2022,9,21,2,630.0,6907.0,5431.0,4322.666666666667,17,5279.0
T4155,U042,2022-12-09,Expense,Travel,5279.0,Cash,Jaipur,Lunch,2022,12,9,4,7841.0,630.0,6907.0,5126.0,18,6971.0
T2155,U042,2023-02-09,Expense,Food,6971.0,Card,Delhi,Gym membership,2023,2,9,3,5279.0,7841.0,630.0,4583.333333333333,19,22748.0
T9163,U042,2023-03-07,Expense,Rent,22748.0,Card,Lucknow,No Notes,2023,3,7,1,6971.0,5279.0,7841.0,6697.0,20,5205.0
T12179,U042,2023-04-13,Expense,Travel,5205.0,Bank_Transfer,Pune,Shopping,2023,4,13,3,22748.0,6971.0,5279.0,11666.0,21,8499.0
T0226,U042,2023-04-22,Expense,Health,8499.0,Upi,Pune,Monthly rent payment,2023,4,22,5,5205.0,22748.0,6971.0,11641.333333333334,22,786.0
T9545,U042,2023-05-02,Expense,Food,786.0,Bank_Transfer,Lucknow,Books,2023,5,2,1,8499.0,5205.0,22748.0,12150.666666666666,23,1200.0
T5355,U042,2023-05-09,Expense,Entertainment,1200.0,Bank_Transfer,Jaipur,No Notes,2023,5,9,1,786.0,8499.0,5205.0,4830.0,24,8464.0
T3393,U042,2023-06-07,Expense,Rent,8464.0,Bank_Transfer,Pune,misc,2023,6,7,2,1200.0,786.0,8499.0,3495.0,25,8540.0
T7954,U042,2023-12-24,Expense,Utilities,8540.0,Card,Hyderabad,Internet bill,2023,12,24,6,8464.0,1200.0,786.0,3483.3333333333335,26,36907.0
T11373,U042,2024-02-23,Income,Investment,36907.0,Upi,Chennai,asdfgh,2024,2,23,4,8540.0,8464.0,1200.0,6068.0,27,7853.0
T0521,U042,2024-03-26,Expense,Food,7853.0,Card,Ahmedabad,Uber ride,2024,3,26,1,36907.0,8540.0,8464.0,17970.333333333332,28,7504.0
T8813,U042,2024-04-23,Expense,Education,7504.0,Upi,Lucknow,Monthly rent payment,2024,4,23,1,7853.0,36907.0,8540.0,17766.666666666668,29,1357.0
T1564,U042,2024-06-13,Expense,Food,1357.0,Upi,Unknown,Electricity bill,2024,6,13,3,7504.0,7853.0,36907.0,17421.333333333332,30,706.0
T0368,U042,2024-07-17,Expense,Food,706.0,Bank_Transfer,Delhi,Petrol,2024,7,17,2,1357.0,7504.0,7853.0,5571.333333333333,31,8564.0
T0251,U042,2024-08-15,Expense,Travel,8564.0,Upi,Jaipur,Lunch,2024,8,15,3,706.0,1357.0,7504.0,3189.0,32,5248.0
T5034,U042,2024-10-12,Expense,Entertainment,5248.0,Cash,Kolkata,Restaurant dinner,2024,10,12,5,8564.0,706.0,1357.0,3542.3333333333335,33,5511.0
T8275,U042,2024-10-23,Expense,Rent,5511.0,Card,Ahmedabad,No Notes,2024,10,23,2,5248.0,8564.0,706.0,4839.333333333333,34,5337.0
T5730,U043,2021-05-26,Expense,Food,3422.0,Card,Jaipur,Movie tickets,2021,5,26,2,51678.0,1115.0,8670.0,20487.666666666668,3,20710.0
T5230,U043,2021-10-01,Income,Investment,20710.0,Bank_Transfer,Lucknow,asdfgh,2021,10,1,4,3422.0,51678.0,1115.0,18738.333333333332,4,8521.0
T1558,U043,2022-02-25,Expense,Food,8521.0,Cash,Lucknow,Gym membership,2022,2,25,4,20710.0,3422.0,51678.0,25270.0,5,65727.0
T13157,U043,2022-04-17,Income,Salary,65727.0,Cash,Chennai,Books,2022,4,17,6,8521.0,20710.0,3422.0,10884.333333333334,6,1603.0
T8382,U043,2022-07-07,Expense,Food,1603.0,Bank_Transfer,Unknown,Gym membership,2022,7,7,3,65727.0,8521.0,20710.0,31652.666666666668,7,5681.0
T5810,U043,2022-07-09,Expense,Utilities,5681.0,Bank_Transfer,Unknown,xyz123,2022,7,9,5,1603.0,65727.0,8521.0,25283.666666666668,8,5908.0
T5728,U043,2022-09-26,Expense,Travel,5908.0,Upi,Unknown,Coffee,2022,9,26,0,5681.0,1603.0,65727.0,24337.0,9,8623.0
T1541,U043,2022-10-04,Expense,Food,8623.0,Bank_Transfer,Delhi,Restaurant dinner,2022,10,4,1,5908.0,5681.0,1603.0,4397.333333333333,10,45761.0
T6058,U043,2022-10-14,Expense,Rent,45761.0,Card,Bangalore,No Notes,2022,10,14,4,8623.0,5908.0,5681.0,6737.333333333333,11,2988.0
T8031,U043,2022-10-21,Expense,Food,2988.0,Cash,Mumbai,No Notes,2022,10,21,4,45761.0,8623.0,5908.0,20097.333333333332,12,5965.0
T10365,U043,2022-11-15,Expense,Travel,5965.0,Card,Pune,Train ticket,2022,11,15,1,2988.0,45761.0,8623.0,19124.0,13,3501.0
T7478,U043,2023-04-04,Expense,Rent,3501.0,Bank_Transfer,Delhi,misc,2023,4,4,1,5965.0,2988.0,45761.0,18238.0,14,33210.0
T2566,U043,2023-05-06,Income,Investment,33210.0,Bank_Transfer,Delhi,Petrol,2023,5,6,5,3501.0,5965.0,2988.0,4151.333333333333,15,23748.0
T6149,U043,2023-05-20,Expense,Rent,23748.0,Upi,Hyderabad,Coffee,2023,5,20,5,33210.0,3501.0,5965.0,14225.333333333334,16,63122.0
T9580,U043,2023-06-25,Income,Others,63122.0,Cash,Pune,Restaurant dinner,2023,6,25,6,23748.0,33210.0,3501.0,20153.0,17,2492.0
T8147,U043,2023-07-13,Expense,Food,2492.0,Card,Hyderabad,misc,2023,7,13,3,63122.0,23748.0,33210.0,40026.666666666664,18,9756.0
T7685,U043,2023-07-18,Expense,Food,9756.0,Card,Jaipur,Movie tickets,2023,7,18,1,2492.0,63122.0,23748.0,29787.333333333332,19,4273.0
T2241,U043,2023-10-17,Expense,Food,4273.0,Cash,Kolkata,Books,2023,10,17,1,9756.0,2492.0,63122.0,25123.333333333332,20,32170.0
T11157,U043,2024-05-03,Income,Salary,32170.0,Bank_Transfer,Delhi,!!!,2024,5,3,4,4273.0,9756.0,2492.0,5507.0,21,21687.0
T8797,U043,2024-05-26,Income,Investment,21687.0,Bank_Transfer,Bangalore,Electricity bill,2024,5,26,6,32170.0,4273.0,9756.0,15399.666666666666,22,67139.0
T13461,U043,2024-08-08,Income,Bonus,67139.0,Card,Jaipur,Doctor consultation,2024,8,8,3,21687.0,32170.0,4273.0,19376.666666666668,23,8956.0
T0829,U043,2024-09-14,Expense,Food,8956.0,Card,Kolkata,Movie tickets,2024,9,14,5,67139.0,21687.0,32170.0,40332.0,24,37264.0
T9234,U043,2024-10-02,Income,Freelance,37264.0,Cash,Unknown,No Notes,2024,10,2,2,8956.0,67139.0,21687.0,32594.0,25,5542.0
T11417,U043,2024-10-10,Expense,Health,5542.0,Card,Lucknow,Coffee,2024,10,10,3,37264.0,8956.0,67139.0,37786.333333333336,26,44120.0
T9251,U044,2021-07-16,Expense,Utilities,6241.0,Upi,Hyderabad,Medicine,2021,7,16,4,8526.0,7744.0,761.0,5677.0,3,6131.0
T2617,U044,2021-08-05,Expense,Food,6131.0,Cash,Hyderabad,asdfgh,2021,8,5,3,6241.0,8526.0,7744.0,7503.666666666667,4,17150.0
T8002,U044,2021-08-06,Expense,Rent,17150.0,Bank_Transfer,Chennai,misc,2021,8,6,4,6131.0,6241.0,8526.0,6966.0,5,2708.0
T3483,U044,2021-08-12,Expense,Food,2708.0,Card,Kolkata,Train ticket,2021,8,12,3,17150.0,6131.0,6241.0,9840.666666666666,6,4002.0
T9648,U044,2021-09-25,Expense,Food,4002.0,Unknown,Jaipur,No Notes,2021,9,25,5,2708.0,17150.0,6131.0,8663.0,7,76366.0
T5634,U044,2021-10-23,Income,Freelance,76366.0,Upi,Chennai,Coffee,2021,10,23,5,4002.0,2708.0,17150.0,7953.333333333333,8,5685.0
T12767,U044,2021-11-03,Expense,Entertainment,5685.0,Bank_Transfer,Bangalore,No Notes,2021,11,3,2,76366.0,4002.0,2708.0,27692.0,9,3871.0
T10966,U044,2021-11-30,Expense,Food,3871.0,Bank_Transfer,Hyderabad,...,2021,11,30,1,5685.0,76366.0,4002.0,28684.333333333332,10,6618.0
T5335,U044,2021-12-11,Expense,Food,6618.0,Upi,Bangalore,Lunch,2021,12,11,5,3871.0,5685.0,76366.0,28640.666666666668,11,2310.0
T0127,U044,2021-12-14,Expense,Food,2310.0,Upi,Ahmedabad,Medicine,2021,12,14,1,6618.0,3871.0,5685.0,5391.333333333333,12,5889.0
T4917,U044,2022-02-03,Expense,Travel,5889.0,Bank_Transfer,Hyderabad,No Notes,2022,2,3,3,2310.0,6618.0,3871.0,4266.333333333333,13,8064.0
T12180,U044,2022-02-15,Expense,Education,8064.0,Cash,Jaipur,No Notes,2022,2,15,1,5889.0,2310.0,6618.0,4939.0,14,2348.0
T11064,U044,2022-03-05,Expense,Rent,2348.0,Cash,Lucknow,No Notes,2022,3,5,5,8064.0,5889.0,2310.0,5421.0,15,1488.0
T12122,U044,2022-03-22,Expense,Travel,1488.0,Card,Mumbai,asdfgh,2022,3,22,1,2348.0,8064.0,5889.0,5433.666666666667,16,3210.0
T7253,U044,2022-04-23,Expense,Food,3210.0,Card,Kolkata,misc,2022,4,23,5,1488.0,2348.0,8064.0,3966.6666666666665,17,1104.0
T1384,U044,2022-07-08,Expense,Travel,1104.0,Card,Mumbai,Movie tickets,2022,7,8,4,3210.0,1488.0,2348.0,2348.6666666666665,18,55521.0
T2267,U044,2022-08-23,Income,Bonus,55521.0,Card,Unknown,Petrol,2022,8,23,1,1104.0,3210.0,1488.0,1934.0,19,6725.0
T12420,U044,2022-09-28,Expense,Utilities,6725.0,Cash,Chennai,...,2022,9,28,2,55521.0,1104.0,3210.0,19945.0,20,4054.0
T6285,U044,2022-10-03,Expense,Savings,4054.0,Card,Delhi,Petrol,2022,10,3,0,6725.0,55521.0,1104.0,21116.666666666668,21,18297.0
T9095,U044,2022-10-14,Expense,Rent,18297.0,Upi,Chennai,No Notes,2022,10,14,4,4054.0,6725.0,55521.0,22100.0,22,3671.0
T6434,U044,2022-10-25,Expense,Rent,3671.0,Card,Unknown,No Notes,2022,10,25,1,18297.0,4054.0,6725.0,9692.0,23,2190.0
T0483,U044,2023-03-09,Expense,Entertainment,2190.0,Card,Kolkata,Electricity bill,2023,3,9,3,3671.0,18297.0,4054.0,8674.0,24,6167.0
T5443,U044,2023-05-28,Expense,Food,6167.0,Cash,Hyderabad,Uber ride,2023,5,28,6,2190.0,3671.0,18297.0,8052.666666666667,25,999999.0
T10092,U044,2023-09-24,Expense,Rent,999999.0,Upi,Pune,Internet bill,2023,9,24,6,6167.0,2190.0,3671.0,4009.3333333333335,26,2272.0
T3865,U044,2023-10-13,Expense,Education,2272.0,Cash,Chennai,No Notes,2023,10,13,4,999999.0,6167.0,2190.0,336118.6666666667,27,2047.0
T11010,U044,2023-11-29,Expense,Utilities,2047.0,Card,Mumbai,Shopping,2023,11,29,2,2272.0,999999.0,6167.0,336146.0,28,134.0
T2367,U044,2024-01-23,Expense,Utilities,134.0,Cash,Chennai,Coffee,2024,1,23,1,2047.0,2272.0,999999.0,334772.6666666667,29,51168.0
T2713,U044,2024-01-24,Income,Investment,51168.0,Upi,Kolkata,asdfgh,2024,1,24,2,134.0,2047.0,2272.0,1484.3333333333333,30,3890.0
T3204,U044,2024-01-25,Expense,Food,3890.0,Bank_Transfer,Kolkata,xyz123,2024,1,25,3,51168.0,134.0,2047.0,17783.0,31,74771.0
T6128,U044,2024-05-12,Income,Salary,74771.0,Bank_Transfer,Kolkata,Internet bill,2024,5,12,6,3890.0,51168.0,134.0,18397.333333333332,32,4715.0
T1991,U044,2024-05-14,Expense,Entertainment,4715.0,Card,Hyderabad,Coffee,2024,5,14,1,74771.0,3890.0,51168.0,43276.333333333336,33,2673.0
T4188,U044,2024-05-23,Expense,Travel,2673.0,Cash,Delhi,Electricity bill,2024,5,23,3,4715.0,74771.0,3890.0,27792.0,34,1411.0
T3876,U044,2024-09-01,Expense,Others,1411.0,Cash,Pune,Coffee,2024,9,1,6,2673.0,4715.0,74771.0,27386.333333333332,35,15032.0
T4005,U044,2024-09-01,Expense,Rent,15032.0,Upi,Ahmedabad,...,2024,9,1,6,1411.0,2673.0,4715.0,2933.0,36,4494.0
T12249,U045,2021-02-20,Expense,Food,4958.0,Upi,Bangalore,...,2021,2,20,5,28005.0,4327.0,15033.0,15788.333333333334,3,5549.0
T8251,U045,2021-02-20,Expense,Others,5549.0,Unknown,Ahmedabad,Online course,2021,2,20,5,4958.0,28005.0,4327.0,12430.0,4,9447.0
T8073,U045,2021-04-03,Expense,Food,9447.0,Bank_Transfer,Pune,Petrol,2021,4,3,5,5549.0,4958.0,28005.0,12837.333333333334,5,76326.0
T8292,U045,2021-06-11,Income,Investment,76326.0,Upi,Ahmedabad,Petrol,2021,6,11,4,9447.0,5549.0,4958.0,6651.333333333333,6,4336.0
T2923,U045,2021-11-02,Expense,Food,4336.0,Bank_Transfer,Kolkata,Lunch,2021,11,2,1,76326.0,9447.0,5549.0,30440.666666666668,7,13427.0
T7915,U045,2021-12-18,Expense,Rent,13427.0,Bank_Transfer,Unknown,Grocery shopping,2021,12,18,5,4336.0,76326.0,9447.0,30036.333333333332,8,8846.0
T13295,U045,2022-06-09,Expense,Utilities,8846.0,Cash,Ahmedabad,No Notes,2022,6,9,3,13427.0,4336.0,76326.0,31363.0,9,24730.0
T11443,U045,2022-07-05,Expense,Rent,24730.0,Upi,Kolkata,Gym membership,2022,7,5,1,8846.0,13427.0,4336.0,8869.666666666666,10,6318.0
T12760,U045,2022-07-11,Expense,Rent,6318.0,Cash,Jaipur,Movie tickets,2022,7,11,0,24730.0,8846.0,13427.0,15667.666666666666,11,6096.0
T7152,U045,2022-10-15,Expense,Travel,6096.0,Upi,Kolkata,Electricity bill,2022,10,15,5,6318.0,24730.0,8846.0,13298.0,12,4374.0
T3492,U045,2022-10-27,Expense,Education,4374.0,Cash,Lucknow,Uber ride,2022,10,27,3,6096.0,6318.0,24730.0,12381.333333333334,13,2230.0
T9952,U045,2022-12-24,Expense,Utilities,2230.0,Unknown,Delhi,ATM withdrawal,2022,12,24,5,4374.0,6096.0,6318.0,5596.0,14,575.0
T11619,U045,2023-01-11,Expense,Travel,575.0,Cash,Lucknow,Restaurant dinner,2023,1,11,2,2230.0,4374.0,6096.0,4233.333333333333,15,945.0
T11549,U045,2023-01-14,Expense,Food,945.0,Cash,Jaipur,Coffee,2023,1,14,5,575.0,2230.0,4374.0,2393.0,16,7793.0
T6038,U045,2023-02-25,Expense,Utilities,7793.0,Bank_Transfer,Lucknow,Gym membership,2023,2,25,5,945.0,575.0,2230.0,1250.0,17,44056.0
T5649,U045,2023-07-13,Income,Salary,44056.0,Upi,Unknown,EMI payment,2023,7,13,3,7793.0,945.0,575.0,3104.3333333333335,18,1388.0
T3164,U045,2023-08-10,Expense,Utilities,1388.0,Card,Bangalore,Lunch,2023,8,10,3,44056.0,7793.0,945.0,17598.0,19,5568.0
T1583,U045,2023-08-22,Expense,Travel,5568.0,Bank_Transfer,Bangalore,No Notes,2023,8,22,1,1388.0,44056.0,7793.0,17745.666666666668,20,7012.0
T2927,U045,2024-01-04,Expense,Savings,7012.0,Unknown,Bangalore,Petrol,2024,1,4,3,5568.0,1388.0,44056.0,17004.0,21,1942.0
T10144,U045,2024-02-22,Expense,Food,1942.0,Card,Unknown,Restaurant dinner,2024,2,22,3,7012.0,5568.0,1388.0,4656.0,22,44601.0
T3376,U045,2024-04-05,Income,Investment,44601.0,Card,Jaipur,...,2024,4,5,4,1942.0,7012.0,5568.0,4840.666666666667,23,5967.0
T7833,U045,2024-04-16,Expense,Rent,5967.0,Bank_Transfer,Chennai,asdfgh,2024,4,16,1,44601.0,1942.0,7012.0,17851.666666666668,24,3204.0
T4191,U045,2024-05-25,Expense,Travel,3204.0,Upi,Hyderabad,misc,2024,5,25,5,5967.0,44601.0,1942.0,17503.333333333332,25,4911.0
T5820,U045,2024-05-26,Expense,Entertainment,4911.0,Card,Hyderabad,...,2024,5,26,6,3204.0,5967.0,44601.0,17924.0,26,3834.0
T6174,U045,2024-09-14,Expense,Rent,3834.0,Card,Unknown,No Notes,2024,9,14,5,4911.0,3204.0,5967.0,4694.0,27,4682.0
T10390,U045,2024-10-09,Expense,Rent,4682.0,Upi,Pune,No Notes,2024,10,9,2,3834.0,4911.0,3204.0,3983.0,28,7918.0
T11510,U045,2024-11-08,Expense,Rent,7918.0,Unknown,Pune,No Notes,2024,11,8,4,4682.0,3834.0,4911.0,4475.666666666667,29,9485.0
T0168,U045,2024-11-11,Expense,Others,9485.0,Cash,Lucknow,Gym membership,2024,11,11,0,7918.0,4682.0,3834.0,5478.0,30,4347.0
T0152,U045,2024-12-20,Expense,Rent,4347.0,Upi,Mumbai,No Notes,2024,12,20,4,9485.0,7918.0,4682.0,7361.666666666667,31,21061.0
T12103,U046,2021-03-17,Expense,Travel,6454.0,Bank_Transfer,Delhi,No Notes,2021,3,17,2,1067.0,12836.0,1641.0,5181.333333333333,3,42834.0
T9050,U046,2021-03-28,Income,Others,42834.0,Upi,Delhi,Books,2021,3,28,6,6454.0,1067.0,12836.0,6785.666666666667,4,9174.0
T7898,U046,2021-04-09,Expense,Utilities,9174.0,Bank_Transfer,Hyderabad,EMI payment,2021,4,9,4,42834.0,6454.0,1067.0,16785.0,5,65615.0
T2470,U046,2021-05-05,Income,Bonus,65615.0,Cash,Pune,Medicine,2021,5,5,2,9174.0,42834.0,6454.0,19487.333333333332,6,1121.0
T0619,U046,2021-09-27,Expense,Utilities,1121.0,Card,Hyderabad,No Notes,2021,9,27,0,65615.0,9174.0,42834.0,39207.666666666664,7,3046.0
T11540,U046,2021-12-16,Expense,Entertainment,3046.0,Bank_Transfer,Pune,...,2021,12,16,3,1121.0,65615.0,9174.0,25303.333333333332,8,39738.0
T4489,U046,2022-01-05,Expense,Rent,39738.0,Upi,Unknown,Train ticket,2022,1,5,2,3046.0,1121.0,65615.0,23260.666666666668,9,4316.0
T1345,U046,2022-01-20,Expense,Education,4316.0,Bank_Transfer,Kolkata,Uber ride,2022,1,20,3,39738.0,3046.0,1121.0,14635.0,10,2303.0
T0818,U046,2022-03-05,Expense,Food,2303.0,Upi,Pune,Shopping,2022,3,5,5,4316.0,39738.0,3046.0,15700.0,11,2245.0
T6997,U046,2022-03-16,Expense,Health,2245.0,Card,Bangalore,Electricity bill,2022,3,16,2,2303.0,4316.0,39738.0,15452.333333333334,12,999999.0
T2931,U046,2022-06-17,Expense,Rent,999999.0,Bank_Transfer,Bangalore,Train ticket,2022,6,17,4,2245.0,2303.0,4316.0,2954.6666666666665,13,766.0
T3269,U046,2022-07-19,Expense,Food,766.0,Card,Ahmedabad,Medicine,2022,7,19,1,999999.0,2245.0,2303.0,334849.0,14,68852.0
T12856,U046,2022-08-13,Income,Bonus,68852.0,Card,Mumbai,test,2022,8,13,5,766.0,999999.0,2245.0,334336.6666666667,15,4644.0
T8341,U046,2022-09-17,Expense,Utilities,4644.0,Card,Mumbai,Gym membership,2022,9,17,5,68852.0,766.0,999999.0,356539.0,16,159.0
T1480,U046,2022-10-02,Expense,Entertainment,159.0,Upi,Unknown,No Notes,2022,10,2,6,4644.0,68852.0,766.0,24754.0,17,9344.0
T7737,U046,2022-11-08,Expense,Entertainment,9344.0,Unknown,Lucknow,Online course,2022,11,8,1,159.0,4644.0,68852.0,24551.666666666668,18,70075.0
T3475,U046,2022-12-10,Income,Freelance,70075.0,Upi,Kolkata,Gym membership,2022,12,10,5,9344.0,159.0,4644.0,4715.666666666667,19,4738.0
T7079,U046,2023-02-23,Expense,Food,4738.0,Card,Chennai,Books,2023,2,23,3,70075.0,9344.0,159.0,26526.0,20,30481.0
T4615,U046,2023-05-16,Income,Others,30481.0,Unknown,Lucknow,EMI payment,2023,5,16,1,4738.0,70075.0,9344.0,28052.333333333332,21,75229.0
T6577,U046,2023-06-04,Income,Freelance,75229.0,Card,Pune,Restaurant dinner,2023,6,4,6,30481.0,4738.0,70075.0,35098.0,22,1547.0
T13043,U046,2023-07-05,Expense,Food,1547.0,Upi,Bangalore,Internet bill,2023,7,5,2,75229.0,30481.0,4738.0,36816.0,23,2993.0
T7236,U046,2023-09-18,Expense,Education,2993.0,Cash,Delhi,Fixed deposit,2023,9,18,0,1547.0,75229.0,30481.0,35752.333333333336,24,5275.0
T9981,U046,2023-09-29,Expense,Health,5275.0,Upi,Kolkata,Monthly rent payment,2023,9,29,4,2993.0,1547.0,75229.0,26589.666666666668,25,8775.0
T8661,U046,2023-10-30,Expense,Travel,8775.0,Upi,Pune,Coffee,2023,10,30,0,5275.0,2993.0,1547.0,3271.6666666666665,26,9721.0
T3752,U046,2024-01-09,Expense,Food,9721.0,Card,Chennai,Shopping,2024,1,9,1,8775.0,5275.0,2993.0,5681.0,27,3524.0
T4025,U046,2024-03-28,Expense,Rent,3524.0,Bank_Transfer,Pune,No Notes,2024,3,28,3,9721.0,8775.0,5275.0,7923.666666666667,28,4041.0
T11449,U046,2024-04-17,Expense,Food,4041.0,Cash,Hyderabad,Monthly rent payment,2024,4,17,2,3524.0,9721.0,8775.0,7340.0,29,7164.0
T5979,U046,2024-04-19,Expense,Education,7164.0,Card,Bangalore,Restaurant dinner,2024,4,19,4,4041.0,3524.0,9721.0,5762.0,30,2517.0
T6855,U046,2024-05-11,Expense,Travel,2517.0,Bank_Transfer,Hyderabad,Petrol,2024,5,11,5,7164.0,4041.0,3524.0,4909.666666666667,31,5964.0
T6238,U046,2024-05-15,Expense,Rent,5964.0,Cash,Lucknow,Internet bill,2024,5,15,2,2517.0,7164.0,4041.0,4574.0,32,1376.0
T3998,U046,2024-08-28,Expense,Food,1376.0,Upi,Jaipur,Fixed deposit,2024,8,28,2,5964.0,2517.0,7164.0,5215.0,33,6076.0
T9262,U046,2024-10-22,Expense,Health,6076.0,Unknown,Ahmedabad,xyz123,2024,10,22,1,1376.0,5964.0,2517.0,3285.6666666666665,34,4898.0
T4456,U047,2021-03-13,Expense,Food,440.0,Upi,Ahmedabad,!!!,2021,3,13,5,42752.0,65888.0,32323.0,46987.666666666664,3,55013.0
T6124,U047,2021-03-16,Income,Freelance,55013.0,Card,Pune,No Notes,2021,3,16,1,440.0,42752.0,65888.0,36360.0,4,9612.0
T5826,U047,2021-03-23,Expense,Travel,9612.0,Bank_Transfer,Chennai,Lunch,2021,3,23,1,55013.0,440.0,42752.0,32735.0,5,6689.0
T10799,U047,2021-04-07,Expense,Utilities,6689.0,Cash,Unknown,Petrol,2021,4,7,2,9612.0,55013.0,440.0,21688.333333333332,6,7786.0
T1017,U047,2021-04-13,Expense,Rent,7786.0,Cash,Lucknow,Uber ride,2021,4,13,1,6689.0,9612.0,55013.0,23771.333333333332,7,9070.0
T1573,U047,2021-04-21,Expense,Education,9070.0,Card,Mumbai,Online course,2021,4,21,2,7786.0,6689.0,9612.0,8029.0,8,112085.0
T1492,U047,2021-05-15,Income,Bonus,112085.0,Card,Chennai,No Notes,2021,5,15,5,9070.0,7786.0,6689.0,7848.333333333333,9,340.0
T13309,U047,2021-06-20,Expense,Food,340.0,Bank_Transfer,Pune,Monthly rent payment,2021,6,20,6,112085.0,9070.0,7786.0,42980.333333333336,10,5880.0
T1864,U047,2021-07-12,Expense,Rent,5880.0,Card,Chennai,Online course,2021,7,12,0,340.0,112085.0,9070.0,40498.333333333336,11,74243.0
T13685,U047,2021-08-03,Income,Investment,74243.0,Cash,Jaipur,Shopping,2021,8,3,1,5880.0,340.0,112085.0,39435.0,12,3479.0
T1823,U047,2021-10-01,Expense,Utilities,3479.0,Card,Hyderabad,Monthly rent payment,2021,10,1,4,74243.0,5880.0,340.0,26821.0,13,48642.0
T12839,U047,2021-10-29,Income,Bonus,48642.0,Card,Hyderabad,!!!,2021,10,29,4,3479.0,74243.0,5880.0,27867.333333333332,14,36887.0
T8240,U047,2022-01-02,Income,Salary,36887.0,Cash,Delhi,Doctor consultation,2022,1,2,6,48642.0,3479.0,74243.0,42121.333333333336,15,4747.0
T7412,U047,2022-01-03,Expense,Health,4747.0,Cash,Unknown,Train ticket,2022,1,3,0,36887.0,48642.0,3479.0,29669.333333333332,16,1831.0
T0622,U047,2022-01-16,Expense,Food,1831.0,Card,Chennai,Fixed deposit,2022,1,16,6,4747.0,36887.0,48642.0,30092.0,17,3200.0
T11054,U047,2022-01-24,Expense,Food,3200.0,Card,Chennai,Coffee,2022,1,24,0,1831.0,4747.0,36887.0,14488.333333333334,18,5145.0
T13946,U047,2022-02-18,Expense,Rent,5145.0,Upi,Kolkata,...,2022,2,18,4,3200.0,1831.0,4747.0,3259.3333333333335,19,3387.0
T2549,U047,2022-05-19,Expense,Food,3387.0,Bank_Transfer,Kolkata,Doctor consultation,2022,5,19,3,5145.0,3200.0,1831.0,3392.0,20,161.0
T13905,U047,2022-07-18,Expense,Education,161.0,Card,Chennai,!!!,2022,7,18,0,3387.0,5145.0,3200.0,3910.6666666666665,21,9384.0
T12030,U047,2022-11-27,Expense,Rent,9384.0,Bank_Transfer,Ahmedabad,Internet bill,2022,11,27,6,161.0,3387.0,5145.0,2897.6666666666665,22,3123.0
T4622,U047,2022-12-17,Expense,Food,3123.0,Cash,Chennai,EMI payment,2022,12,17,5,9384.0,161.0,3387.0,4310.666666666667,23,4916.0
T8919,U047,2023-01-11,Expense,Health,4916.0,Bank_Transfer,Pune,!!!,2023,1,11,2,3123.0,9384.0,161.0,4222.666666666667,24,604.0
T10439,U047,2023-04-11,Expense,Food,604.0,Upi,Delhi,Medicine,2023,4,11,1,4916.0,3123.0,9384.0,5807.666666666667,25,560.0
T5261,U047,2023-04-24,Expense,Health,560.0,Card,Ahmedabad,Uber ride,2023,4,24,0,604.0,4916.0,3123.0,2881.0,26,3071.0
T4650,U047,2023-10-09,Expense,Travel,3071.0,Card,Bangalore,Fixed deposit,2023,10,9,0,560.0,604.0,4916.0,2026.6666666666667,27,1537.0
T13481,U047,2023-10-28,Expense,Food,1537.0,Card,Jaipur,Electricity bill,2023,10,28,5,3071.0,560.0,604.0,1411.6666666666667,28,46285.0
T9069,U047,2023-12-29,Income,Investment,46285.0,Bank_Transfer,Ahmedabad,Doctor consultation,2023,12,29,4,1537.0,3071.0,560.0,1722.6666666666667,29,1183.0
T1250,U047,2024-01-03,Expense,Entertainment,1183.0,Cash,Kolkata,Medicine,2024,1,3,2,46285.0,1537.0,3071.0,16964.333333333332,30,2857.0
T6972,U047,2024-02-23,Expense,Entertainment,2857.0,Upi,Kolkata,Restaurant dinner,2024,2,23,4,1183.0,46285.0,1537.0,16335.0,31,1020.0
T4096,U047,2024-03-25,Expense,Rent,1020.0,Cash,Bangalore,No Notes,2024,3,25,0,2857.0,1183.0,46285.0,16775.0,32,589.0
T7068,U047,2024-10-06,Expense,Entertainment,589.0,Upi,Hyderabad,Doctor consultation,2024,10,6,6,1020.0,2857.0,1183.0,1686.6666666666667,33,2641.0
T7456,U047,2024-10-26,Expense,Education,2641.0,Cash,Chennai,Online course,2024,10,26,5,589.0,1020.0,2857.0,1488.6666666666667,34,2069.0
T2990,U047,2024-12-05,Expense,Food,2069.0,Bank_Transfer,Chennai,Doctor consultation,2024,12,5,3,2641.0,589.0,1020.0,1416.6666666666667,35,1405.0
T12724,U048,2021-05-16,Expense,Utilities,8995.0,Card,Unknown,asdfgh,2021,5,16,6,12794.0,6661.0,36056.0,18503.666666666668,3,5319.0
T0541,U048,2021-05-29,Expense,Savings,5319.0,Upi,Pune,ATM withdrawal,2021,5,29,5,8995.0,12794.0,6661.0,9483.333333333334,4,7737.0
T8561,U048,2021-07-22,Expense,Utilities,7737.0,Cash,Delhi,Uber ride,2021,7,22,3,5319.0,8995.0,12794.0,9036.0,5,27046.0
T2484,U048,2021-08-09,Income,Investment,27046.0,Bank_Transfer,Delhi,xyz123,2021,8,9,0,7737.0,5319.0,8995.0,7350.333333333333,6,63251.0
T7831,U048,2021-09-06,Income,Others,63251.0,Card,Unknown,Internet bill,2021,9,6,0,27046.0,7737.0,5319.0,13367.333333333334,7,6133.0
T1878,U048,2021-09-19,Expense,Education,6133.0,Card,Mumbai,Lunch,2021,9,19,6,63251.0,27046.0,7737.0,32678.0,8,2759.0
T13601,U048,2021-11-16,Expense,Entertainment,2759.0,Upi,Unknown,EMI payment,2021,11,16,1,6133.0,63251.0,27046.0,32143.333333333332,9,38469.0
T2893,U048,2022-01-01,Income,Others,38469.0,Upi,Lucknow,asdfgh,2022,1,1,5,2759.0,6133.0,63251.0,24047.666666666668,10,585.0
T1660,U048,2022-02-23,Expense,Food,585.0,Cash,Kolkata,...,2022,2,23,2,38469.0,2759.0,6133.0,15787.0,11,3913.0
T12116,U048,2022-03-11,Expense,Travel,3913.0,Bank_Transfer,Kolkata,Train ticket,2022,3,11,4,585.0,38469.0,2759.0,13937.666666666666,12,34196.0
T12039,U048,2022-06-15,Expense,Rent,34196.0,Bank_Transfer,Mumbai,asdfgh,2022,6,15,2,3913.0,585.0,38469.0,14322.333333333334,13,36017.0
T4251,U048,2022-07-22,Income,Freelance,36017.0,Upi,Chennai,No Notes,2022,7,22,4,34196.0,3913.0,585.0,12898.0,14,873.0
T6930,U048,2022-12-14,Expense,Travel,873.0,Bank_Transfer,Delhi,Train ticket,2022,12,14,2,36017.0,34196.0,3913.0,24708.666666666668,15,463731.0
T12070,U048,2023-01-18,Income,Freelance,463731.0,Bank_Transfer,Ahmedabad,No Notes,2023,1,18,2,873.0,36017.0,34196.0,23695.333333333332,16,4780.0
T13598,U048,2023-02-12,Expense,Travel,4780.0,Bank_Transfer,Jaipur,Restaurant dinner,2023,2,12,6,463731.0,873.0,36017.0,166873.66666666666,17,1507.0
T8225,U048,2023-04-13,Expense,Utilities,1507.0,Bank_Transfer,Chennai,misc,2023,4,13,3,4780.0,463731.0,873.0,156461.33333333334,18,4220.0
T1175,U048,2023-06-08,Expense,Travel,4220.0,Card,Chennai,Online course,2023,6,8,3,1507.0,4780.0,463731.0,156672.66666666666,19,53714.0
T7574,U048,2023-07-17,Income,Investment,53714.0,Card,Kolkata,No Notes,2023,7,17,0,4220.0,1507.0,4780.0,3502.3333333333335,20,3359.0
T5405,U048,2023-08-19,Expense,Utilities,3359.0,Card,Unknown,Online course,2023,8,19,5,53714.0,4220.0,1507.0,19813.666666666668,21,64214.0
T2392,U048,2023-09-11,Income,Investment,64214.0,Upi,Pune,xyz123,2023,9,11,0,3359.0,53714.0,4220.0,20431.0,22,908.0
T1458,U048,2023-10-19,Expense,Utilities,908.0,Card,Bangalore,xyz123,2023,10,19,3,64214.0,3359.0,53714.0,40429.0,23,8984.0
T11003,U048,2023-11-09,Expense,Health,8984.0,Upi,Unknown,test,2023,11,9,3,908.0,64214.0,3359.0,22827.0,24,1171.0
T9059,U048,2023-11-20,Expense,Food,1171.0,Bank_Transfer,Ahmedabad,No Notes,2023,11,20,0,8984.0,908.0,64214.0,24702.0,25,2204.0
T12608,U048,2023-11-22,Expense,Rent,2204.0,Upi,Pune,!!!,2023,11,22,2,1171.0,8984.0,908.0,3687.6666666666665,26,3482.0
T12999,U048,2023-12-26,Expense,Utilities,3482.0,Upi,Bangalore,ATM withdrawal,2023,12,26,1,2204.0,1171.0,8984.0,4119.666666666667,27,2774.0
T9811,U048,2024-01-06,Expense,Rent,2774.0,Bank_Transfer,Pune,Internet bill,2024,1,6,5,3482.0,2204.0,1171.0,2285.6666666666665,28,3707.0
T9265,U048,2024-01-22,Expense,Travel,3707.0,Cash,Kolkata,Online course,2024,1,22,0,2774.0,3482.0,2204.0,2820.0,29,3483.0
T10848,U048,2024-04-04,Expense,Entertainment,3483.0,Card,Jaipur,Movie tickets,2024,4,4,3,3707.0,2774.0,3482.0,3321.0,30,1793.0
T12087,U048,2024-04-10,Expense,Food,1793.0,Cash,Delhi,Coffee,2024,4,10,2,3483.0,3707.0,2774.0,3321.3333333333335,31,45168.0
T6910,U048,2024-04-19,Income,Others,45168.0,Upi,Unknown,No Notes,2024,4,19,4,1793.0,3483.0,3707.0,2994.3333333333335,32,2201.0
T9062,U048,2024-05-21,Expense,Food,2201.0,Upi,Chennai,Internet bill,2024,5,21,1,45168.0,1793.0,3483.0,16814.666666666668,33,8483.0
T8711,U048,2024-07-31,Expense,Health,8483.0,Bank_Transfer,Bangalore,Shopping,2024,7,31,2,2201.0,45168.0,1793.0,16387.333333333332,34,9974.0
T9358,U048,2024-08-04,Expense,Food,9974.0,Upi,Jaipur,Online course,2024,8,4,6,8483.0,2201.0,45168.0,18617.333333333332,35,999999.0
T6829,U048,2024-08-08,Expense,Food,999999.0,Card,Mumbai,Petrol,2024,8,8,3,9974.0,8483.0,2201.0,6886.0,36,8378.0
T6566,U048,2024-08-13,Expense,Food,8378.0,Card,Delhi,misc,2024,8,13,1,999999.0,9974.0,8483.0,339485.3333333333,37,6771.0
T0639,U048,2024-10-07,Expense,Utilities,6771.0,Upi,Hyderabad,Movie tickets,2024,10,7,0,8378.0,999999.0,9974.0,339450.3333333333,38,43922.0
T12737,U048,2024-11-16,Expense,Rent,43922.0,Cash,Mumbai,No Notes,2024,11,16,5,6771.0,8378.0,999999.0,338382.6666666667,39,3381.0
T4318,U049,2021-12-06,Expense,Utilities,6437.0,Card,Lucknow,No Notes,2021,12,6,0,618.0,5501.0,5866.0,3995.0,3,7085.0
T2718,U049,2022-03-12,Expense,Health,7085.0,Upi,Jaipur,Doctor consultation,2022,3,12,5,6437.0,618.0,5501.0,4185.333333333333,4,7104.0
T9790,U049,2022-03-13,Expense,Travel,7104.0,Upi,Ahmedabad,Train ticket,2022,3,13,6,7085.0,6437.0,618.0,4713.333333333333,5,2220.0
T4315,U049,2022-04-16,Expense,Food,2220.0,Bank_Transfer,Mumbai,Train ticket,2022,4,16,5,7104.0,7085.0,6437.0,6875.333333333333,6,7310.0
T6589,U049,2022-04-19,Expense,Savings,7310.0,Bank_Transfer,Bangalore,No Notes,2022,4,19,1,2220.0,7104.0,7085.0,5469.666666666667,7,4569.0
T4822,U049,2022-05-01,Expense,Others,4569.0,Unknown,Chennai,Movie tickets,2022,5,1,6,7310.0,2220.0,7104.0,5544.666666666667,8,2637.0
T6626,U049,2022-08-14,Expense,Food,2637.0,Cash,Jaipur,Fixed deposit,2022,8,14,6,4569.0,7310.0,2220.0,4699.666666666667,9,659.0
T9653,U049,2022-11-14,Expense,Utilities,659.0,Bank_Transfer,Chennai,Lunch,2022,11,14,0,2637.0,4569.0,7310.0,4838.666666666667,10,2243.0
T3337,U049,2023-01-24,Expense,Rent,2243.0,Cash,Pune,No Notes,2023,1,24,1,659.0,2637.0,4569.0,2621.6666666666665,11,73238.0
T2748,U049,2023-02-28,Income,Freelance,73238.0,Cash,Hyderabad,misc,2023,2,28,1,2243.0,659.0,2637.0,1846.3333333333333,12,1855.0
T0549,U049,2023-05-17,Expense,Travel,1855.0,Card,Unknown,No Notes,2023,5,17,2,73238.0,2243.0,659.0,25380.0,13,6113.0
T6131,U049,2023-10-28,Expense,Entertainment,6113.0,Bank_Transfer,Delhi,Grocery shopping,2023,10,28,5,1855.0,73238.0,2243.0,25778.666666666668,14,1302.0
T11636,U049,2023-12-20,Expense,Savings,1302.0,Card,Jaipur,...,2023,12,20,2,6113.0,1855.0,73238.0,27068.666666666668,15,1355.0
T6046,U049,2024-01-04,Expense,Education,1355.0,Upi,Jaipur,Doctor consultation,2024,1,4,3,1302.0,6113.0,1855.0,3090.0,16,291.0
T8975,U049,2024-01-28,Expense,Rent,291.0,Card,Kolkata,Fixed deposit,2024,1,28,6,1355.0,1302.0,6113.0,2923.3333333333335,17,53277.0
T12840,U049,2024-02-06,Income,Bonus,53277.0,Bank_Transfer,Mumbai,Fixed deposit,2024,2,6,1,291.0,1355.0,1302.0,982.6666666666666,18,2283.0
T5004,U049,2024-03-09,Expense,Entertainment,2283.0,Upi,Jaipur,Medicine,2024,3,9,5,53277.0,291.0,1355.0,18307.666666666668,19,4510.0
T10651,U049,2024-03-28,Expense,Utilities,4510.0,Cash,Mumbai,xyz123,2024,3,28,3,2283.0,53277.0,291.0,18617.0,20,5708.0
T10686,U049,2024-04-17,Expense,Travel,5708.0,Upi,Bangalore,Petrol,2024,4,17,2,4510.0,2283.0,53277.0,20023.333333333332,21,8034.0
T4470,U049,2024-04-21,Expense,Rent,8034.0,Bank_Transfer,Kolkata,Shopping,2024,4,21,6,5708.0,4510.0,2283.0,4167.0,22,54359.0
T2766,U049,2024-06-23,Income,Freelance,54359.0,Upi,Jaipur,misc,2024,6,23,6,8034.0,5708.0,4510.0,6084.0,23,1701.0
T13218,U049,2024-07-31,Expense,Travel,1701.0,Card,Bangalore,Internet bill,2024,7,31,2,54359.0,8034.0,5708.0,22700.333333333332,24,1720.0
T13235,U049,2024-08-22,Expense,Entertainment,1720.0,Card,Bangalore,Petrol,2024,8,22,3,1701.0,54359.0,8034.0,21364.666666666668,25,999999.0
T7775,U049,2024-11-24,Expense,Education,999999.0,Card,Pune,Electricity bill,2024,11,24,6,1720.0,1701.0,54359.0,19260.0,26,1114.0
T9725,U050,2021-05-15,Expense,Food,7969.0,Cash,Lucknow,Coffee,2021,5,15,5,3837.0,31398.0,898.0,12044.333333333334,3,2639.0
T5356,U050,2021-07-17,Expense,Food,2639.0,Bank_Transfer,Unknown,Train ticket,2021,7,17,5,7969.0,3837.0,31398.0,14401.333333333334,4,3972.0
T3082,U050,2021-07-23,Expense,Others,3972.0,Upi,Unknown,!!!,2021,7,23,4,2639.0,7969.0,3837.0,4815.0,5,26682.0
T11369,U050,2021-08-14,Income,Bonus,26682.0,Cash,Unknown,EMI payment,2021,8,14,5,3972.0,2639.0,7969.0,4860.0,6,3213.0
T10609,U050,2021-10-12,Expense,Rent,3213.0,Card,Unknown,Books,2021,10,12,1,26682.0,3972.0,2639.0,11097.666666666666,7,7457.0
T13514,U050,2021-12-08,Expense,Education,7457.0,Upi,Hyderabad,!!!,2021,12,8,2,3213.0,26682.0,3972.0,11289.0,8,46749.0
T12858,U050,2021-12-24,Expense,Rent,46749.0,Upi,Ahmedabad,asdfgh,2021,12,24,4,7457.0,3213.0,26682.0,12450.666666666666,9,1880.0
T6427,U050,2022-03-24,Expense,Utilities,1880.0,Cash,Unknown,Fixed deposit,2022,3,24,3,46749.0,7457.0,3213.0,19139.666666666668,10,5463.0
T5729,U050,2022-04-01,Expense,Others,5463.0,Card,Mumbai,ATM withdrawal,2022,4,1,4,1880.0,46749.0,7457.0,18695.333333333332,11,38642.0
T9598,U050,2022-05-18,Expense,Rent,38642.0,Card,Unknown,Fixed deposit,2022,5,18,2,5463.0,1880.0,46749.0,18030.666666666668,12,42605.0
T11065,U050,2022-06-14,Income,Bonus,42605.0,Upi,Jaipur,EMI payment,2022,6,14,1,38642.0,5463.0,1880.0,15328.333333333334,13,788.0
T9758,U050,2022-06-16,Expense,Utilities,788.0,Upi,Mumbai,test,2022,6,16,3,42605.0,38642.0,5463.0,28903.333333333332,14,9994.0
T4970,U050,2022-07-08,Expense,Rent,9994.0,Upi,Ahmedabad,Train ticket,2022,7,8,4,788.0,42605.0,38642.0,27345.0,15,77428.0
T13974,U050,2022-07-09,Income,Bonus,77428.0,Cash,Chennai,...,2022,7,9,5,9994.0,788.0,42605.0,17795.666666666668,16,8760.0
T5401,U050,2022-08-03,Expense,Food,8760.0,Upi,Delhi,Shopping,2022,8,3,2,77428.0,9994.0,788.0,29403.333333333332,17,1052.0
T7362,U050,2022-08-05,Expense,Travel,1052.0,Cash,Lucknow,misc,2022,8,5,4,8760.0,77428.0,9994.0,32060.666666666668,18,2999.0
T10877,U050,2022-09-24,Expense,Utilities,2999.0,Card,Lucknow,ATM withdrawal,2022,9,24,5,1052.0,8760.0,77428.0,29080.0,19,43572.0
T10905,U050,2022-10-21,Income,Investment,43572.0,Bank_Transfer,Pune,Restaurant dinner,2022,10,21,4,2999.0,1052.0,8760.0,4270.333333333333,20,1797.0
T0866,U050,2022-11-22,Expense,Entertainment,1797.0,Cash,Unknown,Fixed deposit,2022,11,22,1,43572.0,2999.0,1052.0,15874.333333333334,21,2022.0
T4076,U050,2023-01-01,Expense,Travel,2022.0,Upi,Pune,Online course,2023,1,1,6,1797.0,43572.0,2999.0,16122.666666666666,22,9889.0
T3846,U050,2023-01-05,Expense,Travel,9889.0,Upi,Unknown,Doctor consultation,2023,1,5,3,2022.0,1797.0,43572.0,15797.0,23,8213.0
T13487,U050,2023-02-13,Expense,Travel,8213.0,Card,Mumbai,xyz123,2023,2,13,0,9889.0,2022.0,1797.0,4569.333333333333,24,9318.0
T9549,U050,2023-02-16,Expense,Utilities,9318.0,Card,Kolkata,No Notes,2023,2,16,3,8213.0,9889.0,2022.0,6708.0,25,3265.0
T13430,U050,2023-04-15,Expense,Health,3265.0,Unknown,Ahmedabad,Movie tickets,2023,4,15,5,9318.0,8213.0,9889.0,9140.0,26,6975.0
T12218,U050,2023-08-26,Expense,Food,6975.0,Bank_Transfer,Ahmedabad,...,2023,8,26,5,3265.0,9318.0,8213.0,6932.0,27,5072.0
T5648,U050,2023-08-30,Expense,Food,5072.0,Upi,Ahmedabad,Lunch,2023,8,30,2,6975.0,3265.0,9318.0,6519.333333333333,28,67247.0
T8238,U050,2023-10-10,Income,Investment,67247.0,Upi,Ahmedabad,!!!,2023,10,10,1,5072.0,6975.0,3265.0,5104.0,29,1723.0
T0734,U050,2023-10-30,Expense,Food,1723.0,Bank_Transfer,Bangalore,asdfgh,2023,10,30,0,67247.0,5072.0,6975.0,26431.333333333332,30,3794.0
T11528,U050,2023-11-23,Expense,Food,3794.0,Bank_Transfer,Kolkata,ATM withdrawal,2023,11,23,3,1723.0,67247.0,5072.0,24680.666666666668,31,8003.0
T8815,U050,2023-11-29,Expense,Food,8003.0,Cash,Ahmedabad,Medicine,2023,11,29,2,3794.0,1723.0,67247.0,24254.666666666668,32,7226.0
T10624,U050,2023-12-10,Expense,Entertainment,7226.0,Upi,Kolkata,Petrol,2023,12,10,6,8003.0,3794.0,1723.0,4506.666666666667,33,8499.0
T12106,U050,2024-03-24,Expense,Rent,8499.0,Card,Pune,Restaurant dinner,2024,3,24,6,7226.0,8003.0,3794.0,6341.0,34,3605.0
T10513,U050,2024-04-05,Expense,Travel,3605.0,Upi,Delhi,Doctor consultation,2024,4,5,4,8499.0,7226.0,8003.0,7909.333333333333,35,76182.0
T1777,U050,2024-04-12,Income,Others,76182.0,Bank_Transfer,Lucknow,Restaurant dinner,2024,4,12,4,3605.0,8499.0,7226.0,6443.333333333333,36,6726.0
T0921,U050,2024-05-31,Expense,Travel,6726.0,Card,Kolkata,Electricity bill,2024,5,31,4,76182.0,3605.0,8499.0,29428.666666666668,37,1531.0
T4265,U050,2024-06-13,Expense,Education,1531.0,Bank_Transfer,Ahmedabad,Uber ride,2024,6,13,3,6726.0,76182.0,3605.0,28837.666666666668,38,4882.0
T7287,U051,2021-03-16,Expense,Travel,8951.0,Card,Chennai,ATM withdrawal,2021,3,16,1,1702.0,3421.0,47673.0,17598.666666666668,3,9531.0
T0024,U051,2021-04-05,Expense,Travel,9531.0,Card,Mumbai,Movie tickets,2021,4,5,0,8951.0,1702.0,3421.0,4691.333333333333,4,975.0
T8458,U051,2021-05-08,Expense,Health,975.0,Card,Unknown,Online course,2021,5,8,5,9531.0,8951.0,1702.0,6728.0,5,3605.0
T13152,U051,2021-05-18,Expense,Others,3605.0,Cash,Hyderabad,EMI payment,2021,5,18,1,975.0,9531.0,8951.0,6485.666666666667,6,23875.0
T8455,U051,2021-06-08,Income,Others,23875.0,Cash,Lucknow,misc,2021,6,8,1,3605.0,975.0,9531.0,4703.666666666667,7,39950.0
T11239,U051,2021-07-04,Income,Others,39950.0,Card,Mumbai,Movie tickets,2021,7,4,6,23875.0,3605.0,975.0,9485.0,8,9207.0
T3869,U051,2021-08-17,Expense,Rent,9207.0,Cash,Mumbai,Doctor consultation,2021,8,17,1,39950.0,23875.0,3605.0,22476.666666666668,9,4184.0
T7440,U051,2021-10-26,Expense,Travel,4184.0,Unknown,Lucknow,Internet bill,2021,10,26,1,9207.0,39950.0,23875.0,24344.0,10,6148.0
T2939,U051,2022-02-02,Expense,Travel,6148.0,Bank_Transfer,Lucknow,misc,2022,2,2,2,4184.0,9207.0,39950.0,17780.333333333332,11,2905.0
T0783,U051,2022-04-21,Expense,Food,2905.0,Bank_Transfer,Ahmedabad,Grocery shopping,2022,4,21,3,6148.0,4184.0,9207.0,6513.0,12,45403.0
T9831,U051,2022-05-17,Expense,Rent,45403.0,Card,Kolkata,Books,2022,5,17,1,2905.0,6148.0,4184.0,4412.333333333333,13,66783.0
T8239,U051,2022-06-28,Income,Investment,66783.0,Upi,Ahmedabad,Monthly rent payment,2022,6,28,1,45403.0,2905.0,6148.0,18152.0,14,8383.0
T12015,U051,2022-10-12,Expense,Travel,8383.0,Upi,Mumbai,Books,2022,10,12,2,66783.0,45403.0,2905.0,38363.666666666664,15,1033.0
T6116,U051,2022-11-13,Expense,Food,1033.0,Upi,Hyderabad,misc,2022,11,13,6,8383.0,66783.0,45403.0,40189.666666666664,16,39977.0
T0371,U051,2023-01-23,Income,Bonus,39977.0,Card,Bangalore,Electricity bill,2023,1,23,0,1033.0,8383.0,66783.0,25399.666666666668,17,6589.0
T5228,U051,2023-01-27,Expense,Others,6589.0,Bank_Transfer,Bangalore,Monthly rent payment,2023,1,27,4,39977.0,1033.0,8383.0,16464.333333333332,18,5904.0
T13362,U051,2023-02-05,Expense,Rent,5904.0,Card,Unknown,Medicine,2023,2,5,6,6589.0,39977.0,1033.0,15866.333333333334,19,8097.0
T4530,U051,2023-02-15,Expense,Savings,8097.0,Upi,Unknown,Restaurant dinner,2023,2,15,2,5904.0,6589.0,39977.0,17490.0,20,41736.0
T0621,U051,2023-04-19,Expense,Rent,41736.0,Cash,Delhi,Restaurant dinner,2023,4,19,2,8097.0,5904.0,6589.0,6863.333333333333,21,4242.0
T2338,U051,2023-04-20,Expense,Education,4242.0,Bank_Transfer,Unknown,Gym membership,2023,4,20,3,41736.0,8097.0,5904.0,18579.0,22,49033.0
T11794,U051,2023-04-21,Income,Investment,49033.0,Upi,Ahmedabad,asdfgh,2023,4,21,4,4242.0,41736.0,8097.0,18025.0,23,8896.0
T0115,U051,2023-05-30,Expense,Travel,8896.0,Upi,Hyderabad,xyz123,2023,5,30,1,49033.0,4242.0,41736.0,31670.333333333332,24,11476.0
T7596,U051,2023-08-13,Income,Salary,11476.0,Card,Bangalore,...,2023,8,13,6,8896.0,49033.0,4242.0,20723.666666666668,25,61907.0
T9326,U051,2023-09-28,Income,Salary,61907.0,Upi,Lucknow,No Notes,2023,9,28,3,11476.0,8896.0,49033.0,23135.0,26,531.0
T13149,U051,2023-10-27,Expense,Food,531.0,Cash,Hyderabad,Petrol,2023,10,27,4,61907.0,11476.0,8896.0,27426.333333333332,27,8688.0
T4705,U051,2024-01-11,Expense,Travel,8688.0,Upi,Delhi,Uber ride,2024,1,11,3,531.0,61907.0,11476.0,24638.0,28,18637.0
T7251,U051,2024-05-20,Income,Investment,18637.0,Bank_Transfer,Pune,Grocery shopping,2024,5,20,0,8688.0,531.0,61907.0,23708.666666666668,29,8402.0
T4596,U051,2024-06-25,Expense,Entertainment,8402.0,Bank_Transfer,Kolkata,Train ticket,2024,6,25,1,18637.0,8688.0,531.0,9285.333333333334,30,3689.0
T3748,U051,2024-08-25,Expense,Entertainment,3689.0,Cash,Pune,Online course,2024,8,25,6,8402.0,18637.0,8688.0,11909.0,31,6700.0
T11011,U051,2024-10-01,Expense,Utilities,6700.0,Card,Unknown,Doctor consultation,2024,10,1,1,3689.0,8402.0,18637.0,10242.666666666666,32,4396.0
T4329,U052,2021-02-23,Expense,Food,189.0,Card,Unknown,Internet bill,2021,2,23,1,7023.0,9231.0,76296.0,30850.0,3,78925.0
T2207,U052,2021-03-01,Income,Bonus,78925.0,Card,Mumbai,Online course,2021,3,1,0,189.0,7023.0,9231.0,5481.0,4,3194.0
T3245,U052,2021-05-07,Expense,Health,3194.0,Bank_Transfer,Ahmedabad,No Notes,2021,5,7,4,78925.0,189.0,7023.0,28712.333333333332,5,3918.0
T0649,U052,2021-06-16,Expense,Food,3918.0,Card,Ahmedabad,Train ticket,2021,6,16,2,3194.0,78925.0,189.0,27436.0,6,4957.0
T6335,U052,2021-07-26,Expense,Rent,4957.0,Upi,Jaipur,xyz123,2021,7,26,0,3918.0,3194.0,78925.0,28679.0,7,2329.0
T13970,U052,2021-07-29,Expense,Food,2329.0,Upi,Hyderabad,Uber ride,2021,7,29,3,4957.0,3918.0,3194.0,4023.0,8,9506.0
T3947,U052,2021-09-07,Expense,Travel,9506.0,Card,Hyderabad,Movie tickets,2021,9,7,1,2329.0,4957.0,3918.0,3734.6666666666665,9,14145.0
T2132,U052,2021-09-09,Expense,Rent,14145.0,Card,Delhi,Train ticket,2021,9,9,3,9506.0,2329.0,4957.0,5597.333333333333,10,7451.0
T2288,U052,2021-09-20,Expense,Rent,7451.0,Cash,Bangalore,asdfgh,2021,9,20,0,14145.0,9506.0,2329.0,8660.0,11,7008.0
T2331,U052,2021-09-29,Expense,Food,7008.0,Cash,Unknown,No Notes,2021,9,29,2,7451.0,14145.0,9506.0,10367.333333333334,12,460.0
T3548,U052,2021-10-10,Expense,Rent,460.0,Bank_Transfer,Lucknow,Gym membership,2021,10,10,6,7008.0,7451.0,14145.0,9534.666666666666,13,7280.0
T11572,U052,2021-10-12,Expense,Utilities,7280.0,Bank_Transfer,Unknown,Electricity bill,2021,10,12,1,460.0,7008.0,7451.0,4973.0,14,6694.0
T8194,U052,2021-12-23,Expense,Food,6694.0,Bank_Transfer,Delhi,...,2021,12,23,3,7280.0,460.0,7008.0,4916.0,15,3740.0
T1147,U052,2021-12-30,Expense,Entertainment,3740.0,Unknown,Jaipur,Shopping,2021,12,30,3,6694.0,7280.0,460.0,4811.333333333333,16,6963.0
T9717,U052,2022-03-25,Expense,Education,6963.0,Cash,Pune,Gym membership,2022,3,25,4,3740.0,6694.0,7280.0,5904.666666666667,17,4039.0
T13359,U052,2022-05-04,Expense,Entertainment,4039.0,Cash,Unknown,Coffee,2022,5,4,2,6963.0,3740.0,6694.0,5799.0,18,1402.0
T1512,U052,2022-08-01,Expense,Travel,1402.0,Card,Kolkata,Movie tickets,2022,8,1,0,4039.0,6963.0,3740.0,4914.0,19,8283.0
T11570,U052,2022-09-23,Expense,Travel,8283.0,Card,Ahmedabad,...,2022,9,23,4,1402.0,4039.0,6963.0,4134.666666666667,20,995.0
T6631,U052,2022-10-05,Expense,Education,995.0,Upi,Bangalore,Medicine,2022,10,5,2,8283.0,1402.0,4039.0,4574.666666666667,21,2716.0
T8559,U052,2022-10-29,Expense,Health,2716.0,Upi,Chennai,Fixed deposit,2022,10,29,5,995.0,8283.0,1402.0,3560.0,22,43225.0
T7791,U052,2023-01-27,Income,Investment,43225.0,Bank_Transfer,Ahmedabad,No Notes,2023,1,27,4,2716.0,995.0,8283.0,3998.0,23,3955.0
T9066,U052,2023-02-15,Expense,Education,3955.0,Bank_Transfer,Kolkata,Restaurant dinner,2023,2,15,2,43225.0,2716.0,995.0,15645.333333333334,24,7975.0
T0194,U052,2023-04-20,Expense,Rent,7975.0,Cash,Bangalore,Online course,2023,4,20,3,3955.0,43225.0,2716.0,16632.0,25,9804.0
T2973,U052,2023-07-24,Expense,Rent,9804.0,Cash,Bangalore,Medicine,2023,7,24,0,7975.0,3955.0,43225.0,18385.0,26,9637.0
T5841,U052,2023-08-07,Expense,Travel,9637.0,Bank_Transfer,Pune,Monthly rent payment,2023,8,7,0,9804.0,7975.0,3955.0,7244.666666666667,27,20825.0
T12329,U052,2023-09-16,Income,Freelance,20825.0,Bank_Transfer,Jaipur,Restaurant dinner,2023,9,16,5,9637.0,9804.0,7975.0,9138.666666666666,28,5598.0
T2369,U052,2023-12-18,Expense,Entertainment,5598.0,Cash,Kolkata,Shopping,2023,12,18,0,20825.0,9637.0,9804.0,13422.0,29,2831.0
T5388,U052,2024-03-05,Expense,Food,2831.0,Cash,Delhi,Uber ride,2024,3,5,1,5598.0,20825.0,9637.0,12020.0,30,5148.0
T2916,U052,2024-04-07,Expense,Savings,5148.0,Card,Lucknow,EMI payment,2024,4,7,6,2831.0,5598.0,20825.0,9751.333333333334,31,5134.0
T8230,U052,2024-07-21,Expense,Travel,5134.0,Bank_Transfer,Ahmedabad,EMI payment,2024,7,21,6,5148.0,2831.0,5598.0,4525.666666666667,32,1151.0
T8510,U052,2024-08-11,Expense,Food,1151.0,Card,Ahmedabad,Petrol,2024,8,11,6,5134.0,5148.0,2831.0,4371.0,33,7493.0
T9483,U053,2021-04-08,Expense,Food,4367.0,Card,Mumbai,...,2021,4,8,3,8658.0,8525.0,4603.0,7262.0,3,17155.0
T12469,U053,2021-04-28,Expense,Rent,17155.0,Upi,Pune,Lunch,2021,4,28,2,4367.0,8658.0,8525.0,7183.333333333333,4,8539.0
T1507,U053,2021-06-12,Expense,Rent,8539.0,Upi,Delhi,...,2021,6,12,5,17155.0,4367.0,8658.0,10060.0,5,6000.0
T13138,U053,2021-07-31,Expense,Rent,6000.0,Bank_Transfer,Delhi,No Notes,2021,7,31,5,8539.0,17155.0,4367.0,10020.333333333334,6,6892.0
T6507,U053,2021-09-12,Expense,Health,6892.0,Cash,Kolkata,No Notes,2021,9,12,6,6000.0,8539.0,17155.0,10564.666666666666,7,305.0
T4823,U053,2021-10-03,Expense,Food,305.0,Upi,Chennai,...,2021,10,3,6,6892.0,6000.0,8539.0,7143.666666666667,8,13131.0
T5402,U053,2021-11-02,Income,Others,13131.0,Card,Lucknow,Fixed deposit,2021,11,2,1,305.0,6892.0,6000.0,4399.0,9,1064.0
T8983,U053,2022-03-30,Expense,Food,1064.0,Cash,Kolkata,Uber ride,2022,3,30,2,13131.0,305.0,6892.0,6776.0,10,9734.0
T2322,U053,2022-04-27,Expense,Entertainment,9734.0,Unknown,Pune,misc,2022,4,27,2,1064.0,13131.0,305.0,4833.333333333333,11,5242.0
T8134,U053,2022-06-02,Expense,Health,5242.0,Cash,Lucknow,Medicine,2022,6,2,3,9734.0,1064.0,13131.0,7976.333333333333,12,44898.0
T10792,U053,2022-07-15,Expense,Rent,44898.0,Cash,Chennai,Coffee,2022,7,15,4,5242.0,9734.0,1064.0,5346.666666666667,13,2376.0
T12973,U053,2022-07-31,Expense,Rent,2376.0,Cash,Unknown,!!!,2022,7,31,6,44898.0,5242.0,9734.0,19958.0,14,6178.0
T5805,U053,2022-08-10,Expense,Health,6178.0,Upi,Chennai,Internet bill,2022,8,10,2,2376.0,44898.0,5242.0,17505.333333333332,15,1225.0
T6792,U053,2022-08-30,Expense,Food,1225.0,Card,Bangalore,Doctor consultation,2022,8,30,1,6178.0,2376.0,44898.0,17817.333333333332,16,4582.0
T4299,U053,2022-09-27,Expense,Food,4582.0,Card,Pune,No Notes,2022,9,27,1,1225.0,6178.0,2376.0,3259.6666666666665,17,3462.0
T5812,U053,2022-10-05,Expense,Travel,3462.0,Upi,Mumbai,No Notes,2022,10,5,2,4582.0,1225.0,6178.0,3995.0,18,19991.0
T0797,U053,2023-01-11,Income,Bonus,19991.0,Cash,Unknown,Train ticket,2023,1,11,2,3462.0,4582.0,1225.0,3089.6666666666665,19,5121.0
T4298,U053,2023-01-20,Expense,Others,5121.0,Unknown,Chennai,Medicine,2023,1,20,4,19991.0,3462.0,4582.0,9345.0,20,35289.0
T13400,U053,2023-02-03,Expense,Rent,35289.0,Card,Pune,Doctor consultation,2023,2,3,4,5121.0,19991.0,3462.0,9524.666666666666,21,2232.0
T6008,U053,2023-05-21,Expense,Food,2232.0,Unknown,Pune,Books,2023,5,21,6,35289.0,5121.0,19991.0,20133.666666666668,22,3630.0
T12802,U053,2023-06-07,Expense,Others,3630.0,Cash,Jaipur,No Notes,2023,6,7,2,2232.0,35289.0,5121.0,14214.0,23,38339.0
T5811,U053,2023-08-01,Expense,Rent,38339.0,Upi,Jaipur,Books,2023,8,1,1,3630.0,2232.0,35289.0,13717.0,24,1526.0
T0880,U053,2023-08-07,Expense,Rent,1526.0,Upi,Kolkata,misc,2023,8,7,0,38339.0,3630.0,2232.0,14733.666666666666,25,48969.0
T3405,U053,2023-08-26,Income,Investment,48969.0,Card,Chennai,!!!,2023,8,26,5,1526.0,38339.0,3630.0,14498.333333333334,26,212.0
T3177,U053,2023-09-04,Expense,Others,212.0,Card,Bangalore,misc,2023,9,4,0,48969.0,1526.0,38339.0,29611.333333333332,27,9628.0
T11974,U053,2023-10-10,Expense,Utilities,9628.0,Card,Kolkata,Grocery shopping,2023,10,10,1,212.0,48969.0,1526.0,16902.333333333332,28,2425.0
T0580,U053,2023-12-03,Expense,Education,2425.0,Bank_Transfer,Unknown,Lunch,2023,12,3,6,9628.0,212.0,48969.0,19603.0,29,2489.0
T9968,U053,2023-12-22,Expense,Entertainment,2489.0,Cash,Unknown,Gym membership,2023,12,22,4,2425.0,9628.0,212.0,4088.3333333333335,30,9125.0
T10548,U053,2024-01-30,Expense,Food,9125.0,Upi,Chennai,Movie tickets,2024,1,30,1,2489.0,2425.0,9628.0,4847.333333333333,31,8575.0
T9048,U053,2024-04-13,Expense,Travel,8575.0,Bank_Transfer,Hyderabad,Coffee,2024,4,13,5,9125.0,2489.0,2425.0,4679.666666666667,32,22105.0
T12447,U053,2024-04-29,Income,Freelance,22105.0,Card,Bangalore,asdfgh,2024,4,29,0,8575.0,9125.0,2489.0,6729.666666666667,33,41573.0
T4242,U053,2024-08-15,Income,Salary,41573.0,Bank_Transfer,Mumbai,Coffee,2024,8,15,3,22105.0,8575.0,9125.0,13268.333333333334,34,9142.0
T9359,U053,2024-08-30,Expense,Food,9142.0,Cash,Bangalore,Gym membership,2024,8,30,4,41573.0,22105.0,8575.0,24084.333333333332,35,521.0
T1611,U053,2024-09-23,Expense,Utilities,521.0,Cash,Hyderabad,Internet bill,2024,9,23,0,9142.0,41573.0,22105.0,24273.333333333332,36,3997.0
T9409,U053,2024-11-24,Expense,Travel,3997.0,Upi,Mumbai,No Notes,2024,11,24,6,521.0,9142.0,41573.0,17078.666666666668,37,48249.0
T10228,U053,2024-12-01,Income,Others,48249.0,Bank_Transfer,Hyderabad,Coffee,2024,12,1,6,3997.0,521.0,9142.0,4553.333333333333,38,70832.0
T9254,U053,2024-12-13,Income,Salary,70832.0,Upi,Jaipur,Electricity bill,2024,12,13,4,48249.0,3997.0,521.0,17589.0,39,2928.0
T11195,U054,2021-05-15,Expense,Food,5085.0,Cash,Kolkata,xyz123,2021,5,15,5,6592.0,33737.0,2143.0,14157.333333333334,3,813.0
T2596,U054,2021-07-20,Expense,Education,813.0,Upi,Mumbai,Electricity bill,2021,7,20,1,5085.0,6592.0,33737.0,15138.0,4,73779.0
T10607,U054,2021-08-02,Income,Others,73779.0,Card,Jaipur,No Notes,2021,8,2,0,813.0,5085.0,6592.0,4163.333333333333,5,8807.0
T12032,U054,2021-08-06,Expense,Rent,8807.0,Cash,Kolkata,No Notes,2021,8,6,4,73779.0,813.0,5085.0,26559.0,6,5249.0
T0477,U054,2021-08-29,Expense,Travel,5249.0,Card,Mumbai,Online course,2021,8,29,6,8807.0,73779.0,813.0,27799.666666666668,7,6146.0
T2820,U054,2022-07-05,Expense,Food,6146.0,Bank_Transfer,Unknown,Uber ride,2022,7,5,1,5249.0,8807.0,73779.0,29278.333333333332,8,1011.0
T10389,U054,2022-07-12,Expense,Food,1011.0,Cash,Delhi,EMI payment,2022,7,12,1,6146.0,5249.0,8807.0,6734.0,9,1046.0
T10310,U054,2022-07-26,Expense,Utilities,1046.0,Cash,Mumbai,Shopping,2022,7,26,1,1011.0,6146.0,5249.0,4135.333333333333,10,8799.0
T11172,U054,2022-09-04,Expense,Health,8799.0,Upi,Mumbai,Fixed deposit,2022,9,4,6,1046.0,1011.0,6146.0,2734.3333333333335,11,4629.0
T7454,U054,2022-09-23,Expense,Rent,4629.0,Upi,Mumbai,Movie tickets,2022,9,23,4,8799.0,1046.0,1011.0,3618.6666666666665,12,1164.0
T2425,U054,2022-12-09,Expense,Utilities,1164.0,Card,Hyderabad,Internet bill,2022,12,9,4,4629.0,8799.0,1046.0,4824.666666666667,13,3661.0
T11007,U054,2023-02-24,Expense,Education,3661.0,Card,Pune,Movie tickets,2023,2,24,4,1164.0,4629.0,8799.0,4864.0,14,2853.0
T7851,U054,2023-03-08,Expense,Entertainment,2853.0,Cash,Delhi,Movie tickets,2023,3,8,2,3661.0,1164.0,4629.0,3151.3333333333335,15,5030.0
T10460,U054,2023-05-11,Expense,Rent,5030.0,Upi,Ahmedabad,Uber ride,2023,5,11,3,2853.0,3661.0,1164.0,2559.3333333333335,16,950787.0
T7379,U054,2023-05-22,Income,Salary,950787.0,Upi,Hyderabad,Internet bill,2023,5,22,0,5030.0,2853.0,3661.0,3848.0,17,8498.0
T7167,U054,2023-05-25,Expense,Others,8498.0,Upi,Unknown,!!!,2023,5,25,3,950787.0,5030.0,2853.0,319556.6666666667,18,62296.0
T13934,U054,2023-08-05,Income,Freelance,62296.0,Upi,Hyderabad,misc,2023,8,5,5,8498.0,950787.0,5030.0,321438.3333333333,19,52335.0
T0625,U054,2023-08-16,Income,Freelance,52335.0,Cash,Hyderabad,Grocery shopping,2023,8,16,2,62296.0,8498.0,950787.0,340527.0,20,8830.0
T4742,U054,2023-08-31,Expense,Others,8830.0,Upi,Kolkata,No Notes,2023,8,31,3,52335.0,62296.0,8498.0,41043.0,21,6472.0
T7334,U054,2023-11-27,Expense,Travel,6472.0,Card,Chennai,Train ticket,2023,11,27,0,8830.0,52335.0,62296.0,41153.666666666664,22,9990.0
T9306,U054,2023-12-22,Expense,Rent,9990.0,Cash,Jaipur,No Notes,2023,12,22,4,6472.0,8830.0,52335.0,22545.666666666668,23,9313.0
T7131,U054,2024-02-23,Expense,Others,9313.0,Cash,Pune,ATM withdrawal,2024,2,23,4,9990.0,6472.0,8830.0,8430.666666666666,24,46588.0
T4121,U054,2024-03-21,Income,Investment,46588.0,Bank_Transfer,Chennai,No Notes,2024,3,21,3,9313.0,9990.0,6472.0,8591.666666666666,25,4231.0
T0791,U054,2024-09-05,Expense,Others,4231.0,Bank_Transfer,Hyderabad,...,2024,9,5,3,46588.0,9313.0,9990.0,21963.666666666668,26,75281.0
T0983,U054,2024-09-09,Income,Bonus,75281.0,Card,Pune,No Notes,2024,9,9,0,4231.0,46588.0,9313.0,20044.0,27,9345.0
T12492,U054,2024-10-04,Expense,Entertainment,9345.0,Cash,Kolkata,Train ticket,2024,10,4,4,75281.0,4231.0,46588.0,42033.333333333336,28,7619.0
T6825,U054,2024-11-04,Expense,Utilities,7619.0,Cash,Mumbai,Internet bill,2024,11,4,0,9345.0,75281.0,4231.0,29619.0,29,5155.0
T10820,U054,2024-11-16,Expense,Travel,5155.0,Upi,Lucknow,No Notes,2024,11,16,5,7619.0,9345.0,75281.0,30748.333333333332,30,2837.0
T2050,U055,2021-09-24,Expense,Education,3488.0,Bank_Transfer,Mumbai,No Notes,2021,9,24,4,8246.0,7208.0,1196.0,5550.0,3,4570.0
T13047,U055,2022-01-07,Expense,Food,4570.0,Card,Hyderabad,Train ticket,2022,1,7,4,3488.0,8246.0,7208.0,6314.0,4,942.0
T13884,U055,2022-03-28,Expense,Rent,942.0,Unknown,Mumbai,Coffee,2022,3,28,0,4570.0,3488.0,8246.0,5434.666666666667,5,251.0
T13676,U055,2022-05-11,Expense,Education,251.0,Bank_Transfer,Lucknow,Coffee,2022,5,11,2,942.0,4570.0,3488.0,3000.0,6,6329.0
T0038,U055,2022-06-08,Expense,Food,6329.0,Upi,Mumbai,...,2022,6,8,2,251.0,942.0,4570.0,1921.0,7,7055.0
T13794,U055,2022-06-11,Expense,Education,7055.0,Cash,Chennai,xyz123,2022,6,11,5,6329.0,251.0,942.0,2507.3333333333335,8,37631.0
T3008,U055,2022-07-30,Income,Freelance,37631.0,Card,Mumbai,Fixed deposit,2022,7,30,5,7055.0,6329.0,251.0,4545.0,9,3958.0
T7243,U055,2022-08-24,Expense,Education,3958.0,Bank_Transfer,Unknown,Movie tickets,2022,8,24,2,37631.0,7055.0,6329.0,17005.0,10,12527.0
T11457,U055,2022-09-01,Income,Investment,12527.0,Card,Jaipur,asdfgh,2022,9,1,3,3958.0,37631.0,7055.0,16214.666666666666,11,4249.0
T7555,U055,2022-09-13,Expense,Rent,4249.0,Card,Chennai,Internet bill,2022,9,13,1,12527.0,3958.0,37631.0,18038.666666666668,12,6228.0
T3749,U055,2022-10-31,Expense,Utilities,6228.0,Bank_Transfer,Ahmedabad,ATM withdrawal,2022,10,31,0,4249.0,12527.0,3958.0,6911.333333333333,13,6264.0
T12333,U055,2022-12-06,Expense,Entertainment,6264.0,Upi,Delhi,ATM withdrawal,2022,12,6,1,6228.0,4249.0,12527.0,7668.0,14,4227.0
T7846,U055,2023-05-14,Expense,Education,4227.0,Cash,Unknown,EMI payment,2023,5,14,6,6264.0,6228.0,4249.0,5580.333333333333,15,5205.0
T1526,U055,2023-05-28,Expense,Food,5205.0,Bank_Transfer,Chennai,Electricity bill,2023,5,28,6,4227.0,6264.0,6228.0,5573.0,16,1081.0
T0361,U055,2023-08-16,Expense,Utilities,1081.0,Card,Pune,No Notes,2023,8,16,2,5205.0,4227.0,6264.0,5232.0,17,3367.0
T0713,U055,2023-08-22,Expense,Utilities,3367.0,Bank_Transfer,Ahmedabad,Monthly rent payment,2023,8,22,1,1081.0,5205.0,4227.0,3504.3333333333335,18,2627.0
T0300,U055,2023-08-31,Expense,Rent,2627.0,Cash,Bangalore,No Notes,2023,8,31,3,3367.0,1081.0,5205.0,3217.6666666666665,19,9088.0
T5792,U055,2023-10-30,Expense,Rent,9088.0,Bank_Transfer,Delhi,Petrol,2023,10,30,0,2627.0,3367.0,1081.0,2358.3333333333335,20,7845.0
T5703,U055,2023-11-09,Expense,Food,7845.0,Cash,Lucknow,Lunch,2023,11,9,3,9088.0,2627.0,3367.0,5027.333333333333,21,239.0
T10746,U055,2023-12-16,Expense,Rent,239.0,Bank_Transfer,Bangalore,Shopping,2023,12,16,5,7845.0,9088.0,2627.0,6520.0,22,3020.0
T13090,U055,2024-04-23,Expense,Food,3020.0,Card,Bangalore,No Notes,2024,4,23,1,239.0,7845.0,9088.0,5724.0,23,6160.0
T0318,U055,2024-04-29,Expense,Travel,6160.0,Cash,Lucknow,xyz123,2024,4,29,0,3020.0,239.0,7845.0,3701.3333333333335,24,51523.0
T11900,U055,2024-05-08,Income,Others,51523.0,Card,Hyderabad,No Notes,2024,5,8,2,6160.0,3020.0,239.0,3139.6666666666665,25,8912.0
T11453,U055,2024-05-24,Expense,Travel,8912.0,Cash,Mumbai,Monthly rent payment,2024,5,24,4,51523.0,6160.0,3020.0,20234.333333333332,26,7487.0
T5674,U056,2021-05-16,Expense,Utilities,5612.0,Cash,Chennai,Shopping,2021,5,16,6,7320.0,4796.0,68275.0,26797.0,3,2857.0
T3961,U056,2021-07-02,Expense,Travel,2857.0,Unknown,Jaipur,No Notes,2021,7,2,4,5612.0,7320.0,4796.0,5909.333333333333,4,2874.0
T5173,U056,2021-07-10,Expense,Food,2874.0,Cash,Delhi,No Notes,2021,7,10,5,2857.0,5612.0,7320.0,5263.0,5,7851.0
T11996,U056,2021-07-12,Expense,Rent,7851.0,Bank_Transfer,Bangalore,Electricity bill,2021,7,12,0,2874.0,2857.0,5612.0,3781.0,6,2487.0
T1721,U056,2021-09-18,Expense,Food,2487.0,Card,Jaipur,asdfgh,2021,9,18,5,7851.0,2874.0,2857.0,4527.333333333333,7,6126.0
T4045,U056,2021-10-05,Expense,Rent,6126.0,Cash,Chennai,Medicine,2021,10,5,1,2487.0,7851.0,2874.0,4404.0,8,9998.0
T3772,U056,2021-10-31,Expense,Food,9998.0,Upi,Unknown,Doctor consultation,2021,10,31,6,6126.0,2487.0,7851.0,5488.0,9,713.0
T2573,U056,2021-10-31,Expense,Food,713.0,Cash,Bangalore,ATM withdrawal,2021,10,31,6,9998.0,6126.0,2487.0,6203.666666666667,10,46587.0
T2800,U056,2022-01-05,Expense,Rent,46587.0,Upi,Jaipur,Grocery shopping,2022,1,5,2,713.0,9998.0,6126.0,5612.333333333333,11,5429.0
T8568,U056,2022-01-16,Expense,Travel,5429.0,Upi,Kolkata,misc,2022,1,16,6,46587.0,713.0,9998.0,19099.333333333332,12,1706.0
T3171,U056,2022-01-22,Expense,Food,1706.0,Cash,Chennai,Monthly rent payment,2022,1,22,5,5429.0,46587.0,713.0,17576.333333333332,13,3202.0
T2876,U056,2022-01-26,Expense,Food,3202.0,Card,Mumbai,No Notes,2022,1,26,2,1706.0,5429.0,46587.0,17907.333333333332,14,973.0
T13481,U056,2022-02-06,Expense,Travel,973.0,Upi,Pune,Movie tickets,2022,2,6,6,3202.0,1706.0,5429.0,3445.6666666666665,15,26157.0
T4749,U056,2022-03-27,Income,Investment,26157.0,Card,Lucknow,No Notes,2022,3,27,6,973.0,3202.0,1706.0,1960.3333333333333,16,887.0
T9509,U056,2022-04-08,Expense,Travel,887.0,Card,Jaipur,Restaurant dinner,2022,4,8,4,26157.0,973.0,3202.0,10110.666666666666,17,1685.0
T0239,U056,2022-07-06,Expense,Food,1685.0,Card,Lucknow,No Notes,2022,7,6,2,887.0,26157.0,973.0,9339.0,18,5101.0
T4785,U056,2022-08-05,Expense,Travel,5101.0,Cash,Unknown,No Notes,2022,8,5,4,1685.0,887.0,26157.0,9576.333333333334,19,8850.0
T2665,U056,2022-08-06,Expense,Others,8850.0,Upi,Jaipur,...,2022,8,6,5,5101.0,1685.0,887.0,2557.6666666666665,20,4525.0
T4604,U056,2022-10-15,Expense,Food,4525.0,Bank_Transfer,Mumbai,EMI payment,2022,10,15,5,8850.0,5101.0,1685.0,5212.0,21,636.0
T1236,U056,2022-11-06,Expense,Rent,636.0,Card,Kolkata,Coffee,2022,11,6,6,4525.0,8850.0,5101.0,6158.666666666667,22,26135.0
T10262,U056,2022-12-12,Income,Others,26135.0,Upi,Mumbai,misc,2022,12,12,0,636.0,4525.0,8850.0,4670.333333333333,23,2115.0
T2642,U056,2023-01-05,Expense,Health,2115.0,Cash,Ahmedabad,Internet bill,2023,1,5,3,26135.0,636.0,4525.0,10432.0,24,4193.0
T10556,U056,2023-01-25,Expense,Rent,4193.0,Upi,Ahmedabad,Doctor consultation,2023,1,25,2,2115.0,26135.0,636.0,9628.666666666666,25,77582.0
T2416,U056,2023-01-30,Income,Others,77582.0,Card,Chennai,!!!,2023,1,30,0,4193.0,2115.0,26135.0,10814.333333333334,26,7659.0
T5119,U056,2023-02-16,Expense,Education,7659.0,Upi,Bangalore,Gym membership,2023,2,16,3,77582.0,4193.0,2115.0,27963.333333333332,27,5968.0
T11506,U056,2023-02-20,Expense,Education,5968.0,Upi,Bangalore,Grocery shopping,2023,2,20,0,7659.0,77582.0,4193.0,29811.333333333332,28,6999.0
T13608,U056,2023-02-26,Expense,Travel,6999.0,Cash,Lucknow,Movie tickets,2023,2,26,6,5968.0,7659.0,77582.0,30403.0,29,4029.0
T6264,U056,2023-08-04,Expense,Education,4029.0,Upi,Kolkata,Medicine,2023,8,4,4,6999.0,5968.0,7659.0,6875.333333333333,30,3958.0
T10881,U056,2023-08-09,Expense,Rent,3958.0,Cash,Hyderabad,No Notes,2023,8,9,2,4029.0,6999.0,5968.0,5665.333333333333,31,41043.0
T7430,U056,2023-10-10,Expense,Rent,41043.0,Cash,Delhi,Gym membership,2023,10,10,1,3958.0,4029.0,6999.0,4995.333333333333,32,6661.0
T9990,U056,2023-10-13,Expense,Travel,6661.0,Upi,Delhi,Train ticket,2023,10,13,4,41043.0,3958.0,4029.0,16343.333333333334,33,5079.0
T1365,U056,2023-12-20,Expense,Entertainment,5079.0,Bank_Transfer,Hyderabad,No Notes,2023,12,20,2,6661.0,41043.0,3958.0,17220.666666666668,34,3593.0
T1323,U056,2023-12-26,Expense,Food,3593.0,Upi,Kolkata,EMI payment,2023,12,26,1,5079.0,6661.0,41043.0,17594.333333333332,35,4123.0
T4260,U056,2024-04-14,Expense,Rent,4123.0,Upi,Unknown,Electricity bill,2024,4,14,6,3593.0,5079.0,6661.0,5111.0,36,348.0
T11495,U056,2024-07-07,Expense,Food,348.0,Upi,Hyderabad,ATM withdrawal,2024,7,7,6,4123.0,3593.0,5079.0,4265.0,37,2093.0
T11264,U056,2024-09-29,Expense,Food,2093.0,Cash,Bangalore,Books,2024,9,29,6,348.0,4123.0,3593.0,2688.0,38,1869.0
T12289,U056,2024-10-01,Expense,Travel,1869.0,Card,Kolkata,Books,2024,10,1,1,2093.0,348.0,4123.0,2188.0,39,610.0
T5100,U056,2024-10-17,Expense,Health,610.0,Cash,Lucknow,Movie tickets,2024,10,17,3,1869.0,2093.0,348.0,1436.6666666666667,40,4234.0
T7609,U056,2024-10-17,Expense,Food,4234.0,Cash,Delhi,Movie tickets,2024,10,17,3,610.0,1869.0,2093.0,1524.0,41,38597.0
T5761,U057,2021-04-04,Income,Bonus,69376.0,Cash,Bangalore,Monthly rent payment,2021,4,4,6,25973.0,40149.0,33910.0,33344.0,3,4051.0
T12733,U057,2021-04-06,Expense,Food,4051.0,Card,Bangalore,Grocery shopping,2021,4,6,1,69376.0,25973.0,40149.0,45166.0,4,7959.0
T9946,U057,2021-05-18,Expense,Rent,7959.0,Card,Kolkata,No Notes,2021,5,18,1,4051.0,69376.0,25973.0,33133.333333333336,5,3190.0
T8787,U057,2021-05-31,Expense,Education,3190.0,Cash,Mumbai,No Notes,2021,5,31,0,7959.0,4051.0,69376.0,27128.666666666668,6,78937.0
T3075,U057,2021-06-02,Income,Salary,78937.0,Cash,Lucknow,No Notes,2021,6,2,2,3190.0,7959.0,4051.0,5066.666666666667,7,8075.0
T13523,U057,2021-06-11,Expense,Education,8075.0,Card,Lucknow,Grocery shopping,2021,6,11,4,78937.0,3190.0,7959.0,30028.666666666668,8,3562.0
T7226,U057,2021-06-28,Expense,Education,3562.0,Bank_Transfer,Hyderabad,Petrol,2021,6,28,0,8075.0,78937.0,3190.0,30067.333333333332,9,32159.0
T11781,U057,2021-08-20,Expense,Rent,32159.0,Upi,Pune,Shopping,2021,8,20,4,3562.0,8075.0,78937.0,30191.333333333332,10,789.0
T1672,U057,2021-10-15,Expense,Utilities,789.0,Upi,Chennai,No Notes,2021,10,15,4,32159.0,3562.0,8075.0,14598.666666666666,11,9420.0
T3232,U057,2021-10-20,Expense,Travel,9420.0,Bank_Transfer,Kolkata,Electricity bill,2021,10,20,2,789.0,32159.0,3562.0,12170.0,12,1777.0
T4438,U057,2021-12-26,Expense,Entertainment,1777.0,Cash,Hyderabad,!!!,2021,12,26,6,9420.0,789.0,32159.0,14122.666666666666,13,652.0
T13162,U057,2022-02-24,Expense,Travel,652.0,Bank_Transfer,Kolkata,No Notes,2022,2,24,3,1777.0,9420.0,789.0,3995.3333333333335,14,12351.0
T4631,U057,2022-03-12,Income,Freelance,12351.0,Upi,Unknown,EMI payment,2022,3,12,5,652.0,1777.0,9420.0,3949.6666666666665,15,3158.0
T1665,U057,2022-04-21,Expense,Rent,3158.0,Card,Mumbai,Uber ride,2022,4,21,3,12351.0,652.0,1777.0,4926.666666666667,16,8598.0
T11497,U057,2022-04-24,Expense,Food,8598.0,Cash,Ahmedabad,test,2022,4,24,6,3158.0,12351.0,652.0,5387.0,17,1676.0
T11133,U057,2022-04-30,Expense,Others,1676.0,Upi,Mumbai,No Notes,2022,4,30,5,8598.0,3158.0,12351.0,8035.666666666667,18,2890.0
T13686,U057,2022-06-14,Expense,Rent,2890.0,Cash,Bangalore,Books,2022,6,14,1,1676.0,8598.0,3158.0,4477.333333333333,19,7756.0
T11771,U057,2022-09-06,Expense,Utilities,7756.0,Bank_Transfer,Chennai,Petrol,2022,9,6,1,2890.0,1676.0,8598.0,4388.0,20,18053.0
T7806,U057,2022-10-16,Income,Others,18053.0,Bank_Transfer,Delhi,Doctor consultation,2022,10,16,6,7756.0,2890.0,1676.0,4107.333333333333,21,12011.0
T3420,U057,2022-11-02,Expense,Rent,12011.0,Cash,Jaipur,Electricity bill,2022,11,2,2,18053.0,7756.0,2890.0,9566.333333333334,22,748.0
T3597,U057,2023-02-04,Expense,Food,748.0,Bank_Transfer,Kolkata,Petrol,2023,2,4,5,12011.0,18053.0,7756.0,12606.666666666666,23,7713.0
T1066,U057,2023-02-05,Expense,Entertainment,7713.0,Upi,Pune,Monthly rent payment,2023,2,5,6,748.0,12011.0,18053.0,10270.666666666666,24,433.0
T10065,U057,2023-04-01,Expense,Savings,433.0,Bank_Transfer,Kolkata,EMI payment,2023,4,1,5,7713.0,748.0,12011.0,6824.0,25,2212.0
T12088,U057,2023-04-06,Expense,Education,2212.0,Upi,Pune,No Notes,2023,4,6,3,433.0,7713.0,748.0,2964.6666666666665,26,8784.0
T5341,U057,2023-04-07,Expense,Travel,8784.0,Bank_Transfer,Unknown,Fixed deposit,2023,4,7,4,2212.0,433.0,7713.0,3452.6666666666665,27,7946.0
T1542,U057,2023-05-23,Expense,Entertainment,7946.0,Cash,Bangalore,No Notes,2023,5,23,1,8784.0,2212.0,433.0,3809.6666666666665,28,7343.0
T5496,U057,2023-06-01,Expense,Rent,7343.0,Upi,Jaipur,No Notes,2023,6,1,3,7946.0,8784.0,2212.0,6314.0,29,2977.0
T10098,U057,2023-08-08,Expense,Rent,2977.0,Card,Delhi,Monthly rent payment,2023,8,8,1,7343.0,7946.0,8784.0,8024.333333333333,30,8584.0
T6572,U057,2023-08-10,Expense,Food,8584.0,Card,Unknown,No Notes,2023,8,10,3,2977.0,7343.0,7946.0,6088.666666666667,31,6668.0
T6836,U057,2023-08-26,Expense,Education,6668.0,Card,Mumbai,Monthly rent payment,2023,8,26,5,8584.0,2977.0,7343.0,6301.333333333333,32,6170.0
T7759,U057,2023-10-07,Expense,Education,6170.0,Cash,Hyderabad,No Notes,2023,10,7,5,6668.0,8584.0,2977.0,6076.333333333333,33,13677.0
T7212,U057,2023-12-03,Income,Freelance,13677.0,Upi,Mumbai,No Notes,2023,12,3,6,6170.0,6668.0,8584.0,7140.666666666667,34,1321.0
T2313,U057,2024-01-12,Expense,Food,1321.0,Cash,Hyderabad,Internet bill,2024,1,12,4,13677.0,6170.0,6668.0,8838.333333333334,35,6245.0
T1929,U057,2024-01-18,Expense,Food,6245.0,Bank_Transfer,Pune,Petrol,2024,1,18,3,1321.0,13677.0,6170.0,7056.0,36,7698.0
T3658,U057,2024-02-13,Expense,Education,7698.0,Bank_Transfer,Delhi,Coffee,2024,2,13,1,6245.0,1321.0,13677.0,7081.0,37,1060.0
T1491,U057,2024-05-12,Expense,Others,1060.0,Card,Delhi,No Notes,2024,5,12,6,7698.0,6245.0,1321.0,5088.0,38,3222.0
T7461,U057,2024-08-02,Expense,Others,3222.0,Cash,Ahmedabad,Lunch,2024,8,2,4,1060.0,7698.0,6245.0,5001.0,39,14297.0
T13331,U058,2021-05-21,Income,Freelance,58650.0,Cash,Mumbai,No Notes,2021,5,21,4,8886.0,52448.0,2876.0,21403.333333333332,3,7540.0
T5206,U058,2021-06-09,Expense,Utilities,7540.0,Bank_Transfer,Mumbai,Movie tickets,2021,6,9,2,58650.0,8886.0,52448.0,39994.666666666664,4,41599.0
T7822,U058,2021-07-13,Expense,Rent,41599.0,Cash,Chennai,Shopping,2021,7,13,1,7540.0,58650.0,8886.0,25025.333333333332,5,47843.0
T10345,U058,2021-07-25,Expense,Rent,47843.0,Upi,Kolkata,EMI payment,2021,7,25,6,41599.0,7540.0,58650.0,35929.666666666664,6,217.0
T12192,U058,2021-08-28,Expense,Food,217.0,Bank_Transfer,Delhi,Fixed deposit,2021,8,28,5,47843.0,41599.0,7540.0,32327.333333333332,7,33713.0
T10750,U058,2021-10-16,Income,Others,33713.0,Cash,Unknown,No Notes,2021,10,16,5,217.0,47843.0,41599.0,29886.333333333332,8,45931.0
T4532,U058,2022-01-04,Income,Investment,45931.0,Cash,Pune,Coffee,2022,1,4,1,33713.0,217.0,47843.0,27257.666666666668,9,5736.0
T5444,U058,2022-02-07,Expense,Travel,5736.0,Bank_Transfer,Mumbai,Books,2022,2,7,0,45931.0,33713.0,217.0,26620.333333333332,10,5850.0
T12157,U058,2022-03-18,Expense,Travel,5850.0,Bank_Transfer,Jaipur,EMI payment,2022,3,18,4,5736.0,45931.0,33713.0,28460.0,11,78532.0
T4248,U058,2022-03-21,Income,Salary,78532.0,Bank_Transfer,Kolkata,misc,2022,3,21,0,5850.0,5736.0,45931.0,19172.333333333332,12,15675.0
T4284,U058,2022-04-07,Income,Others,15675.0,Upi,Pune,Grocery shopping,2022,4,7,3,78532.0,5850.0,5736.0,30039.333333333332,13,60328.0
T2609,U058,2022-08-01,Income,Investment,60328.0,Bank_Transfer,Ahmedabad,EMI payment,2022,8,1,0,15675.0,78532.0,5850.0,33352.333333333336,14,3689.0
T6176,U058,2022-08-05,Expense,Entertainment,3689.0,Upi,Mumbai,Restaurant dinner,2022,8,5,4,60328.0,15675.0,78532.0,51511.666666666664,15,2619.0
T5165,U058,2022-11-02,Expense,Rent,2619.0,Card,Jaipur,Restaurant dinner,2022,11,2,2,3689.0,60328.0,15675.0,26564.0,16,5711.0
T1928,U058,2022-11-27,Expense,Utilities,5711.0,Card,Hyderabad,No Notes,2022,11,27,6,2619.0,3689.0,60328.0,22212.0,17,24338.0
T1020,U058,2022-12-23,Income,Investment,24338.0,Card,Kolkata,Internet bill,2022,12,23,4,5711.0,2619.0,3689.0,4006.3333333333335,18,7686.0
T4757,U058,2023-01-28,Expense,Utilities,7686.0,Cash,Jaipur,misc,2023,1,28,5,24338.0,5711.0,2619.0,10889.333333333334,19,1055.0
T11624,U058,2023-05-03,Expense,Travel,1055.0,Card,Chennai,Petrol,2023,5,3,2,7686.0,24338.0,5711.0,12578.333333333334,20,5916.0
T11290,U058,2023-08-08,Expense,Travel,5916.0,Cash,Unknown,No Notes,2023,8,8,1,1055.0,7686.0,24338.0,11026.333333333334,21,2859.0
T5485,U058,2023-09-24,Expense,Education,2859.0,Bank_Transfer,Ahmedabad,!!!,2023,9,24,6,5916.0,1055.0,7686.0,4885.666666666667,22,6776.0
T11830,U058,2023-11-24,Expense,Entertainment,6776.0,Card,Kolkata,Shopping,2023,11,24,4,2859.0,5916.0,1055.0,3276.6666666666665,23,7782.0
T11215,U058,2024-01-12,Expense,Entertainment,7782.0,Bank_Transfer,Hyderabad,Movie tickets,2024,1,12,4,6776.0,2859.0,5916.0,5183.666666666667,24,21785.0
T2822,U058,2024-02-04,Expense,Rent,21785.0,Cash,Delhi,Internet bill,2024,2,4,6,7782.0,6776.0,2859.0,5805.666666666667,25,9234.0
T6579,U058,2024-02-19,Expense,Travel,9234.0,Card,Ahmedabad,Restaurant dinner,2024,2,19,0,21785.0,7782.0,6776.0,12114.333333333334,26,1499.0
T1472,U058,2024-04-21,Expense,Travel,1499.0,Upi,Lucknow,!!!,2024,4,21,6,9234.0,21785.0,7782.0,12933.666666666666,27,17178.0
T7948,U058,2024-06-05,Income,Investment,17178.0,Card,Mumbai,Electricity bill,2024,6,5,2,1499.0,9234.0,21785.0,10839.333333333334,28,1863.0
T9836,U058,2024-09-11,Expense,Travel,1863.0,Bank_Transfer,Hyderabad,Lunch,2024,9,11,2,17178.0,1499.0,9234.0,9303.666666666666,29,328.0
T13458,U058,2024-09-18,Expense,Rent,328.0,Card,Kolkata,Coffee,2024,9,18,2,1863.0,17178.0,1499.0,6846.666666666667,30,3649.0
T11891,U058,2024-09-23,Expense,Utilities,3649.0,Upi,Unknown,No Notes,2024,9,23,0,328.0,1863.0,17178.0,6456.333333333333,31,68676.0
T11388,U058,2024-11-09,Income,Investment,68676.0,Card,Delhi,!!!,2024,11,9,5,3649.0,328.0,1863.0,1946.6666666666667,32,65957.0
T3538,U059,2021-02-14,Expense,Food,1564.0,Upi,Bangalore,ATM withdrawal,2021,2,14,6,37161.0,1437.0,316.0,12971.333333333334,3,1261.0
T3659,U059,2021-03-11,Expense,Travel,1261.0,Cash,Ahmedabad,Gym membership,2021,3,11,3,1564.0,37161.0,1437.0,13387.333333333334,4,5223.0
T13539,U059,2021-03-24,Expense,Utilities,5223.0,Cash,Kolkata,Medicine,2021,3,24,2,1261.0,1564.0,37161.0,13328.666666666666,5,1571.0
T1123,U059,2021-05-06,Expense,Food,1571.0,Upi,Bangalore,xyz123,2021,5,6,3,5223.0,1261.0,1564.0,2682.6666666666665,6,3888.0
T8101,U059,2021-07-21,Expense,Rent,3888.0,Cash,Kolkata,No Notes,2021,7,21,2,1571.0,5223.0,1261.0,2685.0,7,2945.0
T8491,U059,2021-10-23,Expense,Health,2945.0,Cash,Unknown,Fixed deposit,2021,10,23,5,3888.0,1571.0,5223.0,3560.6666666666665,8,1443.0
T7356,U059,2022-03-03,Expense,Food,1443.0,Card,Kolkata,Shopping,2022,3,3,3,2945.0,3888.0,1571.0,2801.3333333333335,9,4985.0
T8686,U059,2022-03-25,Expense,Utilities,4985.0,Cash,Jaipur,EMI payment,2022,3,25,4,1443.0,2945.0,3888.0,2758.6666666666665,10,4834.0
T8345,U059,2022-03-25,Expense,Food,4834.0,Card,Hyderabad,Movie tickets,2022,3,25,4,4985.0,1443.0,2945.0,3124.3333333333335,11,7317.0
T9763,U059,2022-04-06,Expense,Entertainment,7317.0,Unknown,Delhi,Fixed deposit,2022,4,6,2,4834.0,4985.0,1443.0,3754.0,12,2645.0
T8065,U059,2022-04-17,Expense,Food,2645.0,Card,Bangalore,...,2022,4,17,6,7317.0,4834.0,4985.0,5712.0,13,20997.0
T3942,U059,2022-04-28,Income,Freelance,20997.0,Cash,Mumbai,No Notes,2022,4,28,3,2645.0,7317.0,4834.0,4932.0,14,6833.0
T9986,U059,2022-04-29,Expense,Travel,6833.0,Cash,Chennai,Electricity bill,2022,4,29,4,20997.0,2645.0,7317.0,10319.666666666666,15,9302.0
T7361,U059,2022-05-23,Expense,Rent,9302.0,Card,Hyderabad,Electricity bill,2022,5,23,0,6833.0,20997.0,2645.0,10158.333333333334,16,999999.0
T0817,U059,2022-07-23,Expense,Food,999999.0,Upi,Bangalore,Gym membership,2022,7,23,5,9302.0,6833.0,20997.0,12377.333333333334,17,6124.0
T5672,U059,2022-08-19,Expense,Savings,6124.0,Cash,Lucknow,Online course,2022,8,19,4,999999.0,9302.0,6833.0,338711.3333333333,18,30161.0
T4144,U059,2022-10-14,Expense,Rent,30161.0,Card,Bangalore,Medicine,2022,10,14,4,6124.0,999999.0,9302.0,338475.0,19,3744.0
T0451,U059,2022-11-10,Expense,Health,3744.0,Bank_Transfer,Unknown,Doctor consultation,2022,11,10,3,30161.0,6124.0,999999.0,345428.0,20,32912.0
T1540,U059,2022-12-05,Income,Others,32912.0,Bank_Transfer,Lucknow,No Notes,2022,12,5,0,3744.0,30161.0,6124.0,13343.0,21,57.0
T12366,U059,2022-12-09,Expense,Food,57.0,Cash,Jaipur,No Notes,2022,12,9,4,32912.0,3744.0,30161.0,22272.333333333332,22,45212.0
T8605,U059,2022-12-21,Income,Salary,45212.0,Upi,Mumbai,...,2022,12,21,2,57.0,32912.0,3744.0,12237.666666666666,23,3721.0
T2312,U059,2023-01-07,Expense,Travel,3721.0,Cash,Lucknow,Monthly rent payment,2023,1,7,5,45212.0,57.0,32912.0,26060.333333333332,24,3262.0
T7443,U059,2023-03-01,Expense,Food,3262.0,Bank_Transfer,Bangalore,Shopping,2023,3,1,2,3721.0,45212.0,57.0,16330.0,25,70116.0
T12758,U059,2023-04-14,Income,Others,70116.0,Cash,Lucknow,Train ticket,2023,4,14,4,3262.0,3721.0,45212.0,17398.333333333332,26,1646.0
T9091,U059,2023-05-08,Expense,Rent,1646.0,Cash,Kolkata,Doctor consultation,2023,5,8,0,70116.0,3262.0,3721.0,25699.666666666668,27,1304.0
T9389,U059,2023-05-12,Expense,Rent,1304.0,Upi,Ahmedabad,Uber ride,2023,5,12,4,1646.0,70116.0,3262.0,25008.0,28,845.0
T12753,U059,2023-06-23,Expense,Travel,845.0,Upi,Ahmedabad,Restaurant dinner,2023,6,23,4,1304.0,1646.0,70116.0,24355.333333333332,29,3690.0
T5567,U059,2023-08-06,Expense,Food,3690.0,Cash,Bangalore,Uber ride,2023,8,6,6,845.0,1304.0,1646.0,1265.0,30,3975.0
T12538,U059,2023-10-21,Expense,Food,3975.0,Cash,Lucknow,xyz123,2023,10,21,5,3690.0,845.0,1304.0,1946.3333333333333,31,6836.0
T4176,U059,2023-10-28,Expense,Entertainment,6836.0,Upi,Delhi,Internet bill,2023,10,28,5,3975.0,3690.0,845.0,2836.6666666666665,32,23945.0
T11423,U059,2023-12-10,Income,Others,23945.0,Cash,Hyderabad,No Notes,2023,12,10,6,6836.0,3975.0,3690.0,4833.666666666667,33,69872.0
T10544,U059,2024-01-05,Income,Bonus,69872.0,Cash,Mumbai,Restaurant dinner,2024,1,5,4,23945.0,6836.0,3975.0,11585.333333333334,34,8870.0
T4571,U059,2024-02-23,Expense,Travel,8870.0,Card,Hyderabad,EMI payment,2024,2,23,4,69872.0,23945.0,6836.0,33551.0,35,51421.0
T8543,U059,2024-03-18,Income,Others,51421.0,Cash,Ahmedabad,No Notes,2024,3,18,0,8870.0,69872.0,23945.0,34229.0,36,7445.0
T8311,U059,2024-04-18,Expense,Food,7445.0,Cash,Mumbai,Books,2024,4,18,3,51421.0,8870.0,69872.0,43387.666666666664,37,9314.0
T7692,U059,2024-06-13,Expense,Education,9314.0,Bank_Transfer,Unknown,Movie tickets,2024,6,13,3,7445.0,51421.0,8870.0,22578.666666666668,38,5536.0
T3276,U059,2024-10-11,Expense,Health,5536.0,Unknown,Bangalore,test,2024,10,11,4,9314.0,7445.0,51421.0,22726.666666666668,39,6738.0
T10816,U060,2021-10-04,Expense,Food,7033.0,Card,Pune,Train ticket,2021,10,4,0,27877.0,2521.0,43245.0,24547.666666666668,3,1050.0
T3068,U060,2022-01-06,Expense,Savings,1050.0,Cash,Jaipur,test,2022,1,6,3,7033.0,27877.0,2521.0,12477.0,4,8823.0
T13135,U060,2022-02-03,Expense,Food,8823.0,Card,Chennai,...,2022,2,3,3,1050.0,7033.0,27877.0,11986.666666666666,5,4525.0
T11497,U060,2022-04-12,Expense,Entertainment,4525.0,Cash,Kolkata,No Notes,2022,4,12,1,8823.0,1050.0,7033.0,5635.333333333333,6,4824.0
T8317,U060,2022-04-13,Expense,Travel,4824.0,Upi,Ahmedabad,Online course,2022,4,13,2,4525.0,8823.0,1050.0,4799.333333333333,7,2575.0
T13669,U060,2022-04-16,Expense,Food,2575.0,Cash,Bangalore,test,2022,4,16,5,4824.0,4525.0,8823.0,6057.333333333333,8,18437.0
T0571,U060,2022-04-30,Income,Others,18437.0,Cash,Hyderabad,Monthly rent payment,2022,4,30,5,2575.0,4824.0,4525.0,3974.6666666666665,9,8613.0
T1649,U060,2022-06-13,Expense,Entertainment,8613.0,Card,Bangalore,No Notes,2022,6,13,0,18437.0,2575.0,4824.0,8612.0,10,4421.0
T13373,U060,2022-07-26,Expense,Rent,4421.0,Cash,Mumbai,asdfgh,2022,7,26,1,8613.0,18437.0,2575.0,9875.0,11,6561.0
T12609,U060,2022-07-28,Expense,Utilities,6561.0,Upi,Pune,Internet bill,2022,7,28,3,4421.0,8613.0,18437.0,10490.333333333334,12,9420.0
T11488,U060,2022-10-11,Expense,Education,9420.0,Cash,Bangalore,No Notes,2022,10,11,1,6561.0,4421.0,8613.0,6531.666666666667,13,7548.0
T0223,U060,2023-01-27,Expense,Utilities,7548.0,Cash,Kolkata,Coffee,2023,1,27,4,9420.0,6561.0,4421.0,6800.666666666667,14,3762.0
T1925,U060,2023-02-04,Expense,Food,3762.0,Bank_Transfer,Hyderabad,No Notes,2023,2,4,5,7548.0,9420.0,6561.0,7843.0,15,45594.0
T13232,U060,2023-02-04,Expense,Rent,45594.0,Upi,Jaipur,No Notes,2023,2,4,5,3762.0,7548.0,9420.0,6910.0,16,8833.0
T5285,U060,2023-04-30,Expense,Entertainment,8833.0,Bank_Transfer,Delhi,!!!,2023,4,30,6,45594.0,3762.0,7548.0,18968.0,17,3546.0
T9733,U060,2023-05-07,Expense,Others,3546.0,Cash,Chennai,No Notes,2023,5,7,6,8833.0,45594.0,3762.0,19396.333333333332,18,1852.0
T8410,U060,2023-06-15,Expense,Rent,1852.0,Cash,Ahmedabad,Lunch,2023,6,15,3,3546.0,8833.0,45594.0,19324.333333333332,19,2970.0
T5952,U060,2023-06-17,Expense,Rent,2970.0,Bank_Transfer,Unknown,Grocery shopping,2023,6,17,5,1852.0,3546.0,8833.0,4743.666666666667,20,5175.0
T9930,U060,2023-10-27,Expense,Rent,5175.0,Bank_Transfer,Bangalore,test,2023,10,27,4,2970.0,1852.0,3546.0,2789.3333333333335,21,7262.0
T13268,U060,2024-02-02,Expense,Entertainment,7262.0,Unknown,Hyderabad,!!!,2024,2,2,4,5175.0,2970.0,1852.0,3332.3333333333335,22,24584.0
T4140,U060,2024-02-21,Income,Others,24584.0,Upi,Hyderabad,Online course,2024,2,21,2,7262.0,5175.0,2970.0,5135.666666666667,23,1272.0
T4198,U060,2024-02-27,Expense,Travel,1272.0,Bank_Transfer,Jaipur,Electricity bill,2024,2,27,1,24584.0,7262.0,5175.0,12340.333333333334,24,7870.0
T8268,U060,2024-04-08,Expense,Entertainment,7870.0,Cash,Kolkata,Monthly rent payment,2024,4,8,0,1272.0,24584.0,7262.0,11039.333333333334,25,25844.0
T13386,U060,2024-06-03,Expense,Rent,25844.0,Cash,Pune,Petrol,2024,6,3,0,7870.0,1272.0,24584.0,11242.0,26,4538.0
T0773,U060,2024-06-25,Expense,Food,4538.0,Cash,Delhi,Doctor consultation,2024,6,25,1,25844.0,7870.0,1272.0,11662.0,27,32499.0
T12864,U060,2024-07-26,Expense,Rent,32499.0,Bank_Transfer,Delhi,Shopping,2024,7,26,4,4538.0,25844.0,7870.0,12750.666666666666,28,9137.0
T13445,U060,2024-08-18,Expense,Utilities,9137.0,Cash,Kolkata,Train ticket,2024,8,18,6,32499.0,4538.0,25844.0,20960.333333333332,29,5290.0
T1992,U060,2024-09-07,Expense,Rent,5290.0,Card,Lucknow,Train ticket,2024,9,7,5,9137.0,32499.0,4538.0,15391.333333333334,30,1760.0
T3562,U060,2024-10-12,Expense,Rent,1760.0,Unknown,Kolkata,Books,2024,10,12,5,5290.0,9137.0,32499.0,15642.0,31,9756.0
T5976,U060,2024-10-26,Expense,Education,9756.0,Card,Chennai,Train ticket,2024,10,26,5,1760.0,5290.0,9137.0,5395.666666666667,32,8524.0
T4583,U060,2024-12-05,Expense,Utilities,8524.0,Cash,Delhi,Petrol,2024,12,5,3,9756.0,1760.0,5290.0,5602.0,33,4512.0
T6525,U061,2021-04-23,Expense,Rent,9714.0,Cash,Delhi,Gym membership,2021,4,23,4,12564.0,1134.0,1512.0,5070.0,3,9305.0
T9289,U061,2021-04-26,Expense,Utilities,9305.0,Upi,Bangalore,No Notes,2021,4,26,0,9714.0,12564.0,1134.0,7804.0,4,4232.0
T8156,U061,2021-09-02,Expense,Others,4232.0,Bank_Transfer,Unknown,No Notes,2021,9,2,3,9305.0,9714.0,12564.0,10527.666666666666,5,13923.0
T8159,U061,2021-09-24,Income,Salary,13923.0,Card,Pune,No Notes,2021,9,24,4,4232.0,9305.0,9714.0,7750.333333333333,6,9601.0
T10574,U061,2021-10-28,Expense,Education,9601.0,Unknown,Kolkata,Uber ride,2021,10,28,3,13923.0,4232.0,9305.0,9153.333333333334,7,751.0
T8028,U061,2021-12-20,Expense,Entertainment,751.0,Bank_Transfer,Lucknow,Electricity bill,2021,12,20,0,9601.0,13923.0,4232.0,9252.0,8,9649.0
T5988,U061,2022-01-27,Expense,Utilities,9649.0,Bank_Transfer,Kolkata,Coffee,2022,1,27,3,751.0,9601.0,13923.0,8091.666666666667,9,8321.0
T10290,U061,2022-03-09,Expense,Rent,8321.0,Unknown,Chennai,No Notes,2022,3,9,2,9649.0,751.0,9601.0,6667.0,10,8273.0
T8633,U061,2022-04-12,Expense,Utilities,8273.0,Cash,Kolkata,No Notes,2022,4,12,1,8321.0,9649.0,751.0,6240.333333333333,11,64163.0
T8119,U061,2022-04-16,Income,Others,64163.0,Card,Lucknow,Grocery shopping,2022,4,16,5,8273.0,8321.0,9649.0,8747.666666666666,12,5164.0
T8141,U061,2022-05-21,Expense,Travel,5164.0,Upi,Ahmedabad,No Notes,2022,5,21,5,64163.0,8273.0,8321.0,26919.0,13,4109.0
T4033,U061,2022-06-07,Expense,Health,4109.0,Card,Ahmedabad,Electricity bill,2022,6,7,1,5164.0,64163.0,8273.0,25866.666666666668,14,2747.0
T11150,U061,2023-01-03,Expense,Entertainment,2747.0,Cash,Delhi,Restaurant dinner,2023,1,3,1,4109.0,5164.0,64163.0,24478.666666666668,15,438.0
T1189,U061,2023-05-06,Expense,Rent,438.0,Bank_Transfer,Unknown,Uber ride,2023,5,6,5,2747.0,4109.0,5164.0,4006.6666666666665,16,6634.0
T5778,U061,2023-08-22,Expense,Others,6634.0,Card,Pune,Doctor consultation,2023,8,22,1,438.0,2747.0,4109.0,2431.3333333333335,17,510.0
T2669,U061,2023-10-02,Expense,Food,510.0,Bank_Transfer,Chennai,ATM withdrawal,2023,10,2,0,6634.0,438.0,2747.0,3273.0,18,1643.0
T5695,U061,2023-10-22,Expense,Travel,1643.0,Card,Mumbai,Petrol,2023,10,22,6,510.0,6634.0,438.0,2527.3333333333335,19,9991.0
T4963,U061,2023-10-29,Expense,Entertainment,9991.0,Cash,Chennai,No Notes,2023,10,29,6,1643.0,510.0,6634.0,2929.0,20,42468.0
T8935,U061,2024-01-06,Income,Bonus,42468.0,Bank_Transfer,Unknown,Lunch,2024,1,6,5,9991.0,1643.0,510.0,4048.0,21,3891.0
T1887,U061,2024-01-21,Expense,Food,3891.0,Card,Lucknow,Internet bill,2024,1,21,6,42468.0,9991.0,1643.0,18034.0,22,2400.0
T2560,U061,2024-02-15,Expense,Food,2400.0,Upi,Pune,EMI payment,2024,2,15,3,3891.0,42468.0,9991.0,18783.333333333332,23,4958.0
T8596,U061,2024-04-13,Expense,Rent,4958.0,Bank_Transfer,Jaipur,EMI payment,2024,4,13,5,2400.0,3891.0,42468.0,16253.0,24,40770.0
T5877,U061,2024-05-09,Income,Salary,40770.0,Bank_Transfer,Jaipur,ATM withdrawal,2024,5,9,3,4958.0,2400.0,3891.0,3749.6666666666665,25,1928.0
T12317,U061,2024-05-11,Expense,Travel,1928.0,Upi,Delhi,!!!,2024,5,11,5,40770.0,4958.0,2400.0,16042.666666666666,26,26131.0
T7769,U061,2024-05-22,Expense,Rent,26131.0,Bank_Transfer,Unknown,Fixed deposit,2024,5,22,2,1928.0,40770.0,4958.0,15885.333333333334,27,57203.0
T0710,U061,2024-06-08,Income,Others,57203.0,Card,Bangalore,misc,2024,6,8,5,26131.0,1928.0,40770.0,22943.0,28,3531.0
T6373,U061,2024-06-12,Expense,Food,3531.0,Bank_Transfer,Unknown,Doctor consultation,2024,6,12,2,57203.0,26131.0,1928.0,28420.666666666668,29,2594.0
T7595,U061,2024-06-13,Expense,Food,2594.0,Card,Mumbai,Petrol,2024,6,13,3,3531.0,57203.0,26131.0,28955.0,30,5108.0
T0219,U061,2024-06-22,Expense,Food,5108.0,Upi,Hyderabad,Internet bill,2024,6,22,5,2594.0,3531.0,57203.0,21109.333333333332,31,37160.0
T13408,U061,2024-09-15,Expense,Rent,37160.0,Card,Lucknow,No Notes,2024,9,15,6,5108.0,2594.0,3531.0,3744.3333333333335,32,7511.0
T9786,U061,2024-11-25,Expense,Rent,7511.0,Upi,Lucknow,!!!,2024,11,25,0,37160.0,5108.0,2594.0,14954.0,33,62061.0
T9824,U061,2024-12-12,Income,Salary,62061.0,Card,Ahmedabad,...,2024,12,12,3,7511.0,37160.0,5108.0,16593.0,34,31237.0
T8730,U062,2022-01-27,Income,Bonus,64963.0,Bank_Transfer,Ahmedabad,No Notes,2022,1,27,3,3135.0,3859.0,3300.0,3431.3333333333335,3,5130.0
T2368,U062,2022-03-06,Expense,Education,5130.0,Upi,Bangalore,Medicine,2022,3,6,6,64963.0,3135.0,3859.0,23985.666666666668,4,133.0
T1293,U062,2022-03-10,Expense,Education,133.0,Upi,Bangalore,Train ticket,2022,3,10,3,5130.0,64963.0,3135.0,24409.333333333332,5,10473.0
T7148,U062,2022-03-25,Income,Freelance,10473.0,Upi,Lucknow,No Notes,2022,3,25,4,133.0,5130.0,64963.0,23408.666666666668,6,43138.0
T6973,U062,2022-04-14,Income,Investment,43138.0,Upi,Ahmedabad,Books,2022,4,14,3,10473.0,133.0,5130.0,5245.333333333333,7,146.0
T5408,U062,2022-04-16,Expense,Travel,146.0,Cash,Kolkata,Books,2022,4,16,5,43138.0,10473.0,133.0,17914.666666666668,8,776.0
T4431,U062,2022-04-17,Expense,Food,776.0,Card,Mumbai,Restaurant dinner,2022,4,17,6,146.0,43138.0,10473.0,17919.0,9,3787.0
T5199,U062,2022-07-11,Expense,Food,3787.0,Bank_Transfer,Jaipur,Coffee,2022,7,11,0,776.0,146.0,43138.0,14686.666666666666,10,4427.0
T4683,U062,2022-08-27,Expense,Travel,4427.0,Card,Chennai,Gym membership,2022,8,27,5,3787.0,776.0,146.0,1569.6666666666667,11,4186.0
T10490,U062,2022-09-22,Expense,Health,4186.0,Cash,Kolkata,Restaurant dinner,2022,9,22,3,4427.0,3787.0,776.0,2996.6666666666665,12,11374.0
T6731,U062,2022-10-25,Income,Others,11374.0,Card,Mumbai,Grocery shopping,2022,10,25,1,4186.0,4427.0,3787.0,4133.333333333333,13,6485.0
T7346,U062,2023-01-31,Expense,Education,6485.0,Card,Unknown,test,2023,1,31,1,11374.0,4186.0,4427.0,6662.333333333333,14,4000.0
T10714,U062,2023-05-28,Expense,Health,4000.0,Card,Jaipur,Grocery shopping,2023,5,28,6,6485.0,11374.0,4186.0,7348.333333333333,15,5600.0
T7455,U062,2023-06-25,Expense,Food,5600.0,Upi,Jaipur,No Notes,2023,6,25,6,4000.0,6485.0,11374.0,7286.333333333333,16,27956.0
T0814,U062,2023-10-07,Income,Others,27956.0,Card,Delhi,Movie tickets,2023,10,7,5,5600.0,4000.0,6485.0,5361.666666666667,17,7971.0
T7663,U062,2023-12-15,Expense,Food,7971.0,Bank_Transfer,Bangalore,No Notes,2023,12,15,4,27956.0,5600.0,4000.0,12518.666666666666,18,12067.0
T1434,U062,2023-12-16,Income,Investment,12067.0,Bank_Transfer,Pune,No Notes,2023,12,16,5,7971.0,27956.0,5600.0,13842.333333333334,19,2417.0
T8256,U062,2024-01-06,Expense,Food,2417.0,Bank_Transfer,Kolkata,Doctor consultation,2024,1,6,5,12067.0,7971.0,27956.0,15998.0,20,7773.0
T5219,U062,2024-01-10,Expense,Rent,7773.0,Card,Jaipur,misc,2024,1,10,2,2417.0,12067.0,7971.0,7485.0,21,5763.0
T4055,U062,2024-03-24,Expense,Travel,5763.0,Bank_Transfer,Delhi,Movie tickets,2024,3,24,6,7773.0,2417.0,12067.0,7419.0,22,4894.0
T4691,U062,2024-04-07,Expense,Food,4894.0,Bank_Transfer,Pune,Movie tickets,2024,4,7,6,5763.0,7773.0,2417.0,5317.666666666667,23,6358.0
T12896,U062,2024-05-13,Expense,Travel,6358.0,Bank_Transfer,Pune,Online course,2024,5,13,0,4894.0,5763.0,7773.0,6143.333333333333,24,3341.0
T6045,U062,2024-05-18,Expense,Food,3341.0,Bank_Transfer,Bangalore,ATM withdrawal,2024,5,18,5,6358.0,4894.0,5763.0,5671.666666666667,25,460.0
T2328,U062,2024-06-08,Expense,Others,460.0,Cash,Chennai,Lunch,2024,6,8,5,3341.0,6358.0,4894.0,4864.333333333333,26,8737.0
T10933,U062,2024-10-07,Expense,Health,8737.0,Card,Kolkata,Monthly rent payment,2024,10,7,0,460.0,3341.0,6358.0,3386.3333333333335,27,7480.0
T5534,U062,2024-10-08,Expense,Food,7480.0,Card,Ahmedabad,Uber ride,2024,10,8,1,8737.0,460.0,3341.0,4179.333333333333,28,1583.0
T6640,U062,2024-10-15,Expense,Food,1583.0,Cash,Delhi,Lunch,2024,10,15,1,7480.0,8737.0,460.0,5559.0,29,3454.0
T9384,U062,2024-11-26,Expense,Entertainment,3454.0,Cash,Unknown,Books,2024,11,26,1,1583.0,7480.0,8737.0,5933.333333333333,30,616.0
T5301,U063,2021-03-02,Expense,Rent,8956.0,Card,Bangalore,asdfgh,2021,3,2,1,870.0,8408.0,7401.0,5559.666666666667,3,5658.0
T3320,U063,2021-03-08,Expense,Rent,5658.0,Cash,Delhi,Grocery shopping,2021,3,8,0,8956.0,870.0,8408.0,6078.0,4,9060.0
T1362,U063,2021-05-04,Expense,Savings,9060.0,Card,Pune,Restaurant dinner,2021,5,4,1,5658.0,8956.0,870.0,5161.333333333333,5,8198.0
T0034,U063,2021-06-27,Expense,Education,8198.0,Upi,Lucknow,Lunch,2021,6,27,6,9060.0,5658.0,8956.0,7891.333333333333,6,6940.0
T1145,U063,2021-06-28,Expense,Entertainment,6940.0,Card,Kolkata,No Notes,2021,6,28,0,8198.0,9060.0,5658.0,7638.666666666667,7,4016.0
T1857,U063,2021-06-29,Expense,Rent,4016.0,Cash,Mumbai,test,2021,6,29,1,6940.0,8198.0,9060.0,8066.0,8,3489.0
T6555,U063,2021-07-02,Expense,Travel,3489.0,Cash,Ahmedabad,xyz123,2021,7,2,4,4016.0,6940.0,8198.0,6384.666666666667,9,3616.0
T12877,U063,2021-08-09,Expense,Food,3616.0,Bank_Transfer,Lucknow,misc,2021,8,9,0,3489.0,4016.0,6940.0,4815.0,10,4283.0
T4678,U063,2021-10-02,Expense,Food,4283.0,Bank_Transfer,Mumbai,Books,2021,10,2,5,3616.0,3489.0,4016.0,3707.0,11,3890.0
T10425,U063,2021-12-16,Expense,Food,3890.0,Bank_Transfer,Hyderabad,No Notes,2021,12,16,3,4283.0,3616.0,3489.0,3796.0,12,2782.0
T3610,U063,2021-12-27,Expense,Savings,2782.0,Upi,Hyderabad,Gym membership,2021,12,27,0,3890.0,4283.0,3616.0,3929.6666666666665,13,4415.0
T13610,U063,2022-01-26,Expense,Entertainment,4415.0,Bank_Transfer,Mumbai,Internet bill,2022,1,26,2,2782.0,3890.0,4283.0,3651.6666666666665,14,8769.0
T8058,U063,2022-02-27,Expense,Food,8769.0,Bank_Transfer,Ahmedabad,Movie tickets,2022,2,27,6,4415.0,2782.0,3890.0,3695.6666666666665,15,329.0
T4216,U063,2022-05-04,Expense,Travel,329.0,Cash,Hyderabad,ATM withdrawal,2022,5,4,2,8769.0,4415.0,2782.0,5322.0,16,6979.0
T12575,U063,2022-05-27,Expense,Food,6979.0,Unknown,Delhi,Gym membership,2022,5,27,4,329.0,8769.0,4415.0,4504.333333333333,17,6422.0
T2677,U063,2022-06-23,Expense,Utilities,6422.0,Bank_Transfer,Hyderabad,!!!,2022,6,23,3,6979.0,329.0,8769.0,5359.0,18,6121.0
T3194,U063,2022-08-01,Expense,Entertainment,6121.0,Upi,Hyderabad,ATM withdrawal,2022,8,1,0,6422.0,6979.0,329.0,4576.666666666667,19,57631.0
T11052,U063,2022-08-16,Income,Others,57631.0,Card,Hyderabad,Fixed deposit,2022,8,16,1,6121.0,6422.0,6979.0,6507.333333333333,20,72599.0
T13952,U063,2022-09-11,Income,Others,72599.0,Unknown,Pune,Gym membership,2022,9,11,6,57631.0,6121.0,6422.0,23391.333333333332,21,14179.0
T9070,U063,2022-10-25,Income,Investment,14179.0,Upi,Hyderabad,ATM withdrawal,2022,10,25,1,72599.0,57631.0,6121.0,45450.333333333336,22,15334.0
T5474,U063,2022-12-07,Expense,Rent,15334.0,Cash,Delhi,Gym membership,2022,12,7,2,14179.0,72599.0,57631.0,48136.333333333336,23,10022.0
T3803,U063,2022-12-10,Income,Freelance,10022.0,Upi,Hyderabad,Electricity bill,2022,12,10,5,15334.0,14179.0,72599.0,34037.333333333336,24,48417.0
T13260,U063,2023-02-27,Expense,Rent,48417.0,Upi,Hyderabad,Doctor consultation,2023,2,27,0,10022.0,15334.0,14179.0,13178.333333333334,25,3607.0
T2723,U063,2023-03-04,Expense,Food,3607.0,Unknown,Bangalore,misc,2023,3,4,5,48417.0,10022.0,15334.0,24591.0,26,8302.0
T3444,U063,2023-06-27,Expense,Travel,8302.0,Card,Delhi,Internet bill,2023,6,27,1,3607.0,48417.0,10022.0,20682.0,27,511.0
T3661,U063,2023-07-23,Expense,Entertainment,511.0,Bank_Transfer,Chennai,Internet bill,2023,7,23,6,8302.0,3607.0,48417.0,20108.666666666668,28,7179.0
T10194,U063,2023-10-18,Expense,Travel,7179.0,Bank_Transfer,Lucknow,Internet bill,2023,10,18,2,511.0,8302.0,3607.0,4140.0,29,47588.0
T7527,U063,2023-12-22,Expense,Rent,47588.0,Card,Lucknow,Monthly rent payment,2023,12,22,4,7179.0,511.0,8302.0,5330.666666666667,30,68895.0
T5146,U063,2024-01-14,Income,Bonus,68895.0,Upi,Kolkata,Petrol,2024,1,14,6,47588.0,7179.0,511.0,18426.0,31,8617.0
T10069,U063,2024-05-08,Expense,Travel,8617.0,Upi,Ahmedabad,Coffee,2024,5,8,2,68895.0,47588.0,7179.0,41220.666666666664,32,14041.0
T9823,U063,2024-05-09,Income,Investment,14041.0,Card,Lucknow,Shopping,2024,5,9,3,8617.0,68895.0,47588.0,41700.0,33,2932.0
T5922,U063,2024-06-18,Expense,Food,2932.0,Cash,Hyderabad,EMI payment,2024,6,18,1,14041.0,8617.0,68895.0,30517.666666666668,34,6905.0
T2510,U063,2024-08-03,Expense,Food,6905.0,Card,Hyderabad,No Notes,2024,8,3,5,2932.0,14041.0,8617.0,8530.0,35,6313.0
T1439,U063,2024-08-12,Expense,Food,6313.0,Unknown,Unknown,EMI payment,2024,8,12,0,6905.0,2932.0,14041.0,7959.333333333333,36,6288.0
T10133,U063,2024-08-22,Expense,Savings,6288.0,Upi,Pune,Coffee,2024,8,22,3,6313.0,6905.0,2932.0,5383.333333333333,37,62193.0
T6904,U063,2024-09-13,Income,Bonus,62193.0,Upi,Chennai,Electricity bill,2024,9,13,4,6288.0,6313.0,6905.0,6502.0,38,5150.0
T9835,U063,2024-09-21,Expense,Entertainment,5150.0,Upi,Jaipur,No Notes,2024,9,21,5,62193.0,6288.0,6313.0,24931.333333333332,39,5944.0
T11248,U063,2024-11-03,Expense,Entertainment,5944.0,Card,Mumbai,Doctor consultation,2024,11,3,6,5150.0,62193.0,6288.0,24543.666666666668,40,69214.0
T10808,U064,2021-08-20,Expense,Travel,6878.0,Card,Delhi,No Notes,2021,8,20,4,8620.0,1768.0,677.0,3688.3333333333335,3,6197.0
T13401,U064,2021-09-17,Expense,Food,6197.0,Upi,Unknown,xyz123,2021,9,17,4,6878.0,8620.0,1768.0,5755.333333333333,4,23156.0
T11603,U064,2021-09-20,Income,Bonus,23156.0,Upi,Kolkata,asdfgh,2021,9,20,0,6197.0,6878.0,8620.0,7231.666666666667,5,5805.0
T11458,U064,2021-10-09,Expense,Education,5805.0,Cash,Lucknow,Uber ride,2021,10,9,5,23156.0,6197.0,6878.0,12077.0,6,6390.0
T13273,U064,2021-10-15,Expense,Food,6390.0,Upi,Bangalore,Uber ride,2021,10,15,4,5805.0,23156.0,6197.0,11719.333333333334,7,2463.0
T2368,U064,2021-10-24,Expense,Food,2463.0,Card,Kolkata,No Notes,2021,10,24,6,6390.0,5805.0,23156.0,11783.666666666666,8,6829.0
T13174,U064,2021-11-21,Expense,Entertainment,6829.0,Card,Lucknow,Coffee,2021,11,21,6,2463.0,6390.0,5805.0,4886.0,9,109.0
T10581,U064,2021-12-27,Expense,Rent,109.0,Card,Chennai,Fixed deposit,2021,12,27,0,6829.0,2463.0,6390.0,5227.333333333333,10,4785.0
T8680,U064,2022-01-08,Expense,Utilities,4785.0,Upi,Delhi,Coffee,2022,1,8,5,109.0,6829.0,2463.0,3133.6666666666665,11,4283.0
T12428,U064,2022-04-10,Expense,Health,4283.0,Bank_Transfer,Delhi,test,2022,4,10,6,4785.0,109.0,6829.0,3907.6666666666665,12,1934.0
T6674,U064,2022-06-03,Expense,Food,1934.0,Bank_Transfer,Mumbai,Doctor consultation,2022,6,3,4,4283.0,4785.0,109.0,3059.0,13,1739.0
T10642,U064,2022-10-13,Expense,Food,1739.0,Card,Lucknow,No Notes,2022,10,13,3,1934.0,4283.0,4785.0,3667.3333333333335,14,498.0
T11046,U064,2022-10-26,Expense,Travel,498.0,Bank_Transfer,Bangalore,Lunch,2022,10,26,2,1739.0,1934.0,4283.0,2652.0,15,849.0
T0096,U064,2022-12-07,Expense,Travel,849.0,Upi,Bangalore,No Notes,2022,12,7,2,498.0,1739.0,1934.0,1390.3333333333333,16,4342.0
T6027,U064,2023-01-25,Expense,Rent,4342.0,Bank_Transfer,Chennai,Movie tickets,2023,1,25,2,849.0,498.0,1739.0,1028.6666666666667,17,19377.0
T13708,U064,2023-04-24,Income,Bonus,19377.0,Cash,Delhi,No Notes,2023,4,24,0,4342.0,849.0,498.0,1896.3333333333333,18,22203.0
T5525,U064,2023-05-01,Expense,Rent,22203.0,Bank_Transfer,Jaipur,!!!,2023,5,1,0,19377.0,4342.0,849.0,8189.333333333333,19,8249.0
T8517,U064,2023-05-30,Expense,Rent,8249.0,Cash,Chennai,!!!,2023,5,30,1,22203.0,19377.0,4342.0,15307.333333333334,20,1248.0
T8190,U064,2023-06-25,Expense,Entertainment,1248.0,Card,Hyderabad,Lunch,2023,6,25,6,8249.0,22203.0,19377.0,16609.666666666668,21,2258.0
T12962,U064,2023-08-29,Expense,Travel,2258.0,Card,Mumbai,asdfgh,2023,8,29,1,1248.0,8249.0,22203.0,10566.666666666666,22,9629.0
T4841,U064,2023-11-30,Expense,Travel,9629.0,Cash,Mumbai,Internet bill,2023,11,30,3,2258.0,1248.0,8249.0,3918.3333333333335,23,35208.0
T5159,U064,2024-01-14,Income,Others,35208.0,Card,Mumbai,Restaurant dinner,2024,1,14,6,9629.0,2258.0,1248.0,4378.333333333333,24,21355.0
T4529,U064,2024-01-31,Income,Bonus,21355.0,Bank_Transfer,Jaipur,EMI payment,2024,1,31,2,35208.0,9629.0,2258.0,15698.333333333334,25,73413.0
T1357,U064,2024-06-13,Income,Salary,73413.0,Cash,Unknown,Restaurant dinner,2024,6,13,3,21355.0,35208.0,9629.0,22064.0,26,4715.0
T13883,U064,2024-08-01,Expense,Others,4715.0,Upi,Kolkata,misc,2024,8,1,3,73413.0,21355.0,35208.0,43325.333333333336,27,77578.0
T11096,U064,2024-08-18,Income,Investment,77578.0,Cash,Bangalore,No Notes,2024,8,18,6,4715.0,73413.0,21355.0,33161.0,28,42681.0
T11229,U064,2024-09-09,Income,Salary,42681.0,Cash,Lucknow,EMI payment,2024,9,9,0,77578.0,4715.0,73413.0,51902.0,29,3143.0
T3571,U064,2024-10-05,Expense,Entertainment,3143.0,Upi,Chennai,Books,2024,10,5,5,42681.0,77578.0,4715.0,41658.0,30,9772.0
T0380,U064,2024-10-18,Expense,Travel,9772.0,Cash,Ahmedabad,No Notes,2024,10,18,4,3143.0,42681.0,77578.0,41134.0,31,20442.0
T3157,U064,2024-10-19,Income,Freelance,20442.0,Bank_Transfer,Ahmedabad,Doctor consultation,2024,10,19,5,9772.0,3143.0,42681.0,18532.0,32,4856.0
T7867,U065,2021-04-14,Expense,Travel,1419.0,Upi,Ahmedabad,Grocery shopping,2021,4,14,2,3400.0,2464.0,7782.0,4548.666666666667,3,237.0
T8714,U065,2021-06-23,Expense,Entertainment,237.0,Bank_Transfer,Jaipur,Petrol,2021,6,23,2,1419.0,3400.0,2464.0,2427.6666666666665,4,7415.0
T1031,U065,2021-08-19,Expense,Health,7415.0,Upi,Jaipur,Medicine,2021,8,19,3,237.0,1419.0,3400.0,1685.3333333333333,5,12870.0
T4920,U065,2021-08-30,Expense,Rent,12870.0,Upi,Lucknow,Grocery shopping,2021,8,30,0,7415.0,237.0,1419.0,3023.6666666666665,6,3764.0
T3424,U065,2021-10-21,Expense,Rent,3764.0,Card,Bangalore,Lunch,2021,10,21,3,12870.0,7415.0,237.0,6840.666666666667,7,58626.0
T4312,U065,2021-10-24,Income,Salary,58626.0,Cash,Delhi,Grocery shopping,2021,10,24,6,3764.0,12870.0,7415.0,8016.333333333333,8,3653.0
T2778,U065,2021-10-25,Expense,Health,3653.0,Cash,Chennai,Books,2021,10,25,0,58626.0,3764.0,12870.0,25086.666666666668,9,5935.0
T4377,U065,2022-04-05,Expense,Rent,5935.0,Bank_Transfer,Hyderabad,Coffee,2022,4,5,1,3653.0,58626.0,3764.0,22014.333333333332,10,9778.0
T11612,U065,2022-07-01,Expense,Utilities,9778.0,Cash,Pune,Movie tickets,2022,7,1,4,5935.0,3653.0,58626.0,22738.0,11,2923.0
T3306,U065,2022-07-22,Expense,Entertainment,2923.0,Bank_Transfer,Delhi,Doctor consultation,2022,7,22,4,9778.0,5935.0,3653.0,6455.333333333333,12,21412.0
T9045,U065,2022-12-20,Income,Freelance,21412.0,Upi,Ahmedabad,misc,2022,12,20,1,2923.0,9778.0,5935.0,6212.0,13,77863.0
T0515,U065,2023-01-03,Income,Salary,77863.0,Bank_Transfer,Unknown,No Notes,2023,1,3,1,21412.0,2923.0,9778.0,11371.0,14,6020.0
T0496,U065,2023-01-15,Expense,Education,6020.0,Card,Pune,Online course,2023,1,15,6,77863.0,21412.0,2923.0,34066.0,15,6815.0
T10244,U065,2023-03-16,Expense,Education,6815.0,Upi,Delhi,No Notes,2023,3,16,3,6020.0,77863.0,21412.0,35098.333333333336,16,5703.0
T1854,U065,2023-03-19,Expense,Others,5703.0,Upi,Delhi,No Notes,2023,3,19,6,6815.0,6020.0,77863.0,30232.666666666668,17,14309.0
T13437,U065,2023-04-18,Income,Salary,14309.0,Unknown,Chennai,No Notes,2023,4,18,1,5703.0,6815.0,6020.0,6179.333333333333,18,7420.0
T6759,U065,2023-04-25,Expense,Travel,7420.0,Card,Hyderabad,Coffee,2023,4,25,1,14309.0,5703.0,6815.0,8942.333333333334,19,3573.0
T2095,U065,2023-05-05,Expense,Food,3573.0,Card,Pune,ATM withdrawal,2023,5,5,4,7420.0,14309.0,5703.0,9144.0,20,24338.0
T8888,U065,2023-06-11,Income,Bonus,24338.0,Cash,Kolkata,Electricity bill,2023,6,11,6,3573.0,7420.0,14309.0,8434.0,21,4351.0
T12383,U065,2023-08-19,Expense,Rent,4351.0,Unknown,Lucknow,Train ticket,2023,8,19,5,24338.0,3573.0,7420.0,11777.0,22,4956.0
T11666,U065,2023-09-27,Expense,Education,4956.0,Cash,Kolkata,Online course,2023,9,27,2,4351.0,24338.0,3573.0,10754.0,23,3962.0
T10215,U065,2024-01-12,Expense,Travel,3962.0,Upi,Unknown,Doctor consultation,2024,1,12,4,4956.0,4351.0,24338.0,11215.0,24,2945.0
T6562,U065,2024-02-23,Expense,Others,2945.0,Cash,Jaipur,Monthly rent payment,2024,2,23,4,3962.0,4956.0,4351.0,4423.0,25,2288.0
T8551,U065,2024-03-20,Expense,Utilities,2288.0,Upi,Kolkata,No Notes,2024,3,20,2,2945.0,3962.0,4956.0,3954.3333333333335,26,9679.0
T11522,U065,2024-03-28,Expense,Rent,9679.0,Cash,Bangalore,Internet bill,2024,3,28,3,2288.0,2945.0,3962.0,3065.0,27,8518.0
T9567,U065,2024-04-04,Expense,Travel,8518.0,Cash,Delhi,Restaurant dinner,2024,4,4,3,9679.0,2288.0,2945.0,4970.666666666667,28,76378.0
T10039,U065,2024-04-05,Income,Bonus,76378.0,Upi,Unknown,Uber ride,2024,4,5,4,8518.0,9679.0,2288.0,6828.333333333333,29,8455.0
T13495,U065,2024-04-23,Expense,Rent,8455.0,Card,Kolkata,EMI payment,2024,4,23,1,76378.0,8518.0,9679.0,31525.0,30,5009.0
T0657,U065,2024-05-16,Expense,Entertainment,5009.0,Upi,Bangalore,No Notes,2024,5,16,3,8455.0,76378.0,8518.0,31117.0,31,68733.0
T4800,U065,2024-05-18,Income,Others,68733.0,Cash,Kolkata,Movie tickets,2024,5,18,5,5009.0,8455.0,76378.0,29947.333333333332,32,5239.0
T9216,U065,2024-06-22,Expense,Education,5239.0,Upi,Bangalore,No Notes,2024,6,22,5,68733.0,5009.0,8455.0,27399.0,33,8502.0
T9123,U065,2024-08-13,Expense,Savings,8502.0,Upi,Pune,asdfgh,2024,8,13,1,5239.0,68733.0,5009.0,26327.0,34,1580.0
T2335,U065,2024-08-22,Expense,Travel,1580.0,Upi,Chennai,asdfgh,2024,8,22,3,8502.0,5239.0,68733.0,27491.333333333332,35,2310.0
T3622,U066,2021-03-25,Expense,Utilities,279.0,Cash,Ahmedabad,Monthly rent payment,2021,3,25,3,6441.0,34187.0,6392.0,15673.333333333334,3,6819.0
T10834,U066,2021-03-26,Expense,Food,6819.0,Card,Ahmedabad,Gym membership,2021,3,26,4,279.0,6441.0,34187.0,13635.666666666666,4,6127.0
T4779,U066,2021-03-29,Expense,Entertainment,6127.0,Bank_Transfer,Ahmedabad,Electricity bill,2021,3,29,0,6819.0,279.0,6441.0,4513.0,5,999999.0
T2151,U066,2021-06-10,Expense,Entertainment,999999.0,Upi,Jaipur,Coffee,2021,6,10,3,6127.0,6819.0,279.0,4408.333333333333,6,3384.0
T8565,U066,2021-07-11,Expense,Entertainment,3384.0,Card,Chennai,No Notes,2021,7,11,6,999999.0,6127.0,6819.0,337648.3333333333,7,3752.0
T1604,U066,2021-11-09,Expense,Travel,3752.0,Bank_Transfer,Delhi,!!!,2021,11,9,1,3384.0,999999.0,6127.0,336503.3333333333,8,4882.0
T4052,U066,2021-11-11,Expense,Travel,4882.0,Cash,Lucknow,asdfgh,2021,11,11,3,3752.0,3384.0,999999.0,335711.6666666667,9,73476.0
T4893,U066,2021-12-29,Income,Salary,73476.0,Cash,Ahmedabad,No Notes,2021,12,29,2,4882.0,3752.0,3384.0,4006.0,10,23590.0
T10726,U066,2022-02-04,Income,Freelance,23590.0,Cash,Pune,No Notes,2022,2,4,4,73476.0,4882.0,3752.0,27370.0,11,4285.0
T1257,U066,2022-03-05,Expense,Food,4285.0,Card,Kolkata,No Notes,2022,3,5,5,23590.0,73476.0,4882.0,33982.666666666664,12,7260.0
T7203,U066,2022-03-11,Expense,Food,7260.0,Bank_Transfer,Unknown,Fixed deposit,2022,3,11,4,4285.0,23590.0,73476.0,33783.666666666664,13,630.0
T10884,U066,2022-03-22,Expense,Others,630.0,Card,Chennai,Gym membership,2022,3,22,1,7260.0,4285.0,23590.0,11711.666666666666,14,53538.0
T9472,U066,2022-04-15,Income,Investment,53538.0,Upi,Kolkata,Fixed deposit,2022,4,15,4,630.0,7260.0,4285.0,4058.3333333333335,15,2247.0
T10372,U066,2022-06-11,Expense,Food,2247.0,Cash,Ahmedabad,Uber ride,2022,6,11,5,53538.0,630.0,7260.0,20476.0,16,13928.0
T12747,U066,2022-07-05,Income,Salary,13928.0,Card,Mumbai,Books,2022,7,5,1,2247.0,53538.0,630.0,18805.0,17,8970.0
T2298,U066,2022-07-05,Expense,Education,8970.0,Unknown,Unknown,Medicine,2022,7,5,1,13928.0,2247.0,53538.0,23237.666666666668,18,3293.0
T10566,U066,2022-07-15,Expense,Entertainment,3293.0,Cash,Hyderabad,Books,2022,7,15,4,8970.0,13928.0,2247.0,8381.666666666666,19,3218.0
T8924,U066,2022-08-17,Expense,Rent,3218.0,Upi,Mumbai,!!!,2022,8,17,2,3293.0,8970.0,13928.0,8730.333333333334,20,60178.0
T12949,U066,2022-09-11,Income,Freelance,60178.0,Card,Bangalore,Train ticket,2022,9,11,6,3218.0,3293.0,8970.0,5160.333333333333,21,794.0
T11580,U066,2022-10-21,Expense,Entertainment,794.0,Bank_Transfer,Unknown,Online course,2022,10,21,4,60178.0,3218.0,3293.0,22229.666666666668,22,8928.0
T4280,U066,2022-11-26,Expense,Utilities,8928.0,Cash,Bangalore,No Notes,2022,11,26,5,794.0,60178.0,3218.0,21396.666666666668,23,650.0
T9119,U066,2022-12-17,Expense,Utilities,650.0,Upi,Chennai,Gym membership,2022,12,17,5,8928.0,794.0,60178.0,23300.0,24,2854.0
T8667,U066,2023-01-28,Expense,Utilities,2854.0,Cash,Lucknow,...,2023,1,28,5,650.0,8928.0,794.0,3457.3333333333335,25,1044.0
T5600,U066,2023-02-09,Expense,Travel,1044.0,Card,Hyderabad,Petrol,2023,2,9,3,2854.0,650.0,8928.0,4144.0,26,30202.0
T0382,U066,2023-03-28,Income,Others,30202.0,Bank_Transfer,Lucknow,Fixed deposit,2023,3,28,1,1044.0,2854.0,650.0,1516.0,27,5115.0
T6938,U066,2023-04-07,Expense,Entertainment,5115.0,Bank_Transfer,Lucknow,Fixed deposit,2023,4,7,4,30202.0,1044.0,2854.0,11366.666666666666,28,719.0
T2495,U066,2023-06-03,Expense,Entertainment,719.0,Card,Bangalore,Restaurant dinner,2023,6,3,5,5115.0,30202.0,1044.0,12120.333333333334,29,8883.0
T2695,U066,2023-06-13,Expense,Food,8883.0,Card,Lucknow,misc,2023,6,13,1,719.0,5115.0,30202.0,12012.0,30,8855.0
T4843,U066,2023-07-22,Expense,Education,8855.0,Cash,Hyderabad,Restaurant dinner,2023,7,22,5,8883.0,719.0,5115.0,4905.666666666667,31,4795.0
T8271,U066,2023-07-24,Expense,Food,4795.0,Cash,Ahmedabad,Electricity bill,2023,7,24,0,8855.0,8883.0,719.0,6152.333333333333,32,5682.0
T2586,U066,2023-09-02,Expense,Rent,5682.0,Unknown,Bangalore,ATM withdrawal,2023,9,2,5,4795.0,8855.0,8883.0,7511.0,33,6911.0
T6167,U066,2023-09-08,Expense,Utilities,6911.0,Bank_Transfer,Chennai,Petrol,2023,9,8,4,5682.0,4795.0,8855.0,6444.0,34,7795.0
T10907,U066,2023-09-24,Expense,Education,7795.0,Card,Chennai,xyz123,2023,9,24,6,6911.0,5682.0,4795.0,5796.0,35,9850.0
T12074,U066,2023-10-26,Expense,Education,9850.0,Cash,Delhi,Internet bill,2023,10,26,3,7795.0,6911.0,5682.0,6796.0,36,65768.0
T10148,U066,2023-11-16,Income,Bonus,65768.0,Card,Bangalore,Books,2023,11,16,3,9850.0,7795.0,6911.0,8185.333333333333,37,6307.0
T4725,U066,2023-12-17,Expense,Health,6307.0,Bank_Transfer,Delhi,Doctor consultation,2023,12,17,6,65768.0,9850.0,7795.0,27804.333333333332,38,3788.0
T2457,U066,2023-12-24,Expense,Savings,3788.0,Cash,Chennai,Monthly rent payment,2023,12,24,6,6307.0,65768.0,9850.0,27308.333333333332,39,4161.0
T1591,U066,2024-01-11,Expense,Others,4161.0,Upi,Bangalore,Online course,2024,1,11,3,3788.0,6307.0,65768.0,25287.666666666668,40,39221.0
T5914,U066,2024-02-29,Income,Salary,39221.0,Bank_Transfer,Chennai,Uber ride,2024,2,29,3,4161.0,3788.0,6307.0,4752.0,41,6985.0
T1770,U066,2024-03-29,Expense,Utilities,6985.0,Card,Delhi,Internet bill,2024,3,29,4,39221.0,4161.0,3788.0,15723.333333333334,42,7439.0
T4892,U066,2024-04-16,Expense,Utilities,7439.0,Bank_Transfer,Pune,misc,2024,4,16,1,6985.0,39221.0,4161.0,16789.0,43,46426.0
T10248,U066,2024-04-29,Income,Bonus,46426.0,Unknown,Lucknow,Petrol,2024,4,29,0,7439.0,6985.0,39221.0,17881.666666666668,44,4785.0
T1658,U066,2024-05-06,Expense,Food,4785.0,Upi,Unknown,No Notes,2024,5,6,0,46426.0,7439.0,6985.0,20283.333333333332,45,345332.0
T3787,U066,2024-05-17,Income,Salary,345332.0,Card,Bangalore,Train ticket,2024,5,17,4,4785.0,46426.0,7439.0,19550.0,46,35760.0
T10755,U066,2024-07-21,Expense,Rent,35760.0,Cash,Jaipur,...,2024,7,21,6,345332.0,4785.0,46426.0,132181.0,47,403.0
T10370,U066,2024-11-13,Expense,Rent,403.0,Upi,Hyderabad,Online course,2024,11,13,2,35760.0,345332.0,4785.0,128625.66666666667,48,38244.0
T11676,U067,2021-03-26,Expense,Entertainment,8677.0,Upi,Hyderabad,Train ticket,2021,3,26,4,8757.0,1238.0,8117.0,6037.333333333333,3,1397.0
T6246,U067,2021-04-27,Expense,Food,1397.0,Unknown,Mumbai,Train ticket,2021,4,27,1,8677.0,8757.0,1238.0,6224.0,4,9287.0
T13480,U067,2021-05-04,Expense,Rent,9287.0,Cash,Mumbai,Grocery shopping,2021,5,4,1,1397.0,8677.0,8757.0,6277.0,5,2733.0
T12213,U067,2021-05-04,Expense,Health,2733.0,Bank_Transfer,Chennai,...,2021,5,4,1,9287.0,1397.0,8677.0,6453.666666666667,6,1883.0
T13187,U067,2021-07-05,Expense,Food,1883.0,Cash,Unknown,Books,2021,7,5,0,2733.0,9287.0,1397.0,4472.333333333333,7,9173.0
T9029,U067,2021-07-19,Expense,Rent,9173.0,Card,Chennai,Movie tickets,2021,7,19,0,1883.0,2733.0,9287.0,4634.333333333333,8,1631.0
T8057,U067,2021-07-31,Expense,Others,1631.0,Card,Unknown,Electricity bill,2021,7,31,5,9173.0,1883.0,2733.0,4596.333333333333,9,3262.0
T13851,U067,2021-08-05,Expense,Savings,3262.0,Bank_Transfer,Jaipur,test,2021,8,5,3,1631.0,9173.0,1883.0,4229.0,10,1008.0
T5459,U067,2021-08-28,Expense,Health,1008.0,Upi,Jaipur,Medicine,2021,8,28,5,3262.0,1631.0,9173.0,4688.666666666667,11,328.0
T4429,U067,2021-09-29,Expense,Food,328.0,Card,Delhi,...,2021,9,29,2,1008.0,3262.0,1631.0,1967.0,12,4989.0
T6098,U067,2021-10-22,Expense,Others,4989.0,Card,Ahmedabad,...,2021,10,22,4,328.0,1008.0,3262.0,1532.6666666666667,13,3445.0
T7735,U067,2021-10-30,Expense,Food,3445.0,Upi,Ahmedabad,Books,2021,10,30,5,4989.0,328.0,1008.0,2108.3333333333335,14,7661.0
T1517,U067,2021-11-02,Expense,Travel,7661.0,Card,Delhi,Uber ride,2021,11,2,1,3445.0,4989.0,328.0,2920.6666666666665,15,3560.0
T1584,U067,2021-12-06,Expense,Entertainment,3560.0,Upi,Chennai,Internet bill,2021,12,6,0,7661.0,3445.0,4989.0,5365.0,16,8884.0
T5326,U067,2022-02-21,Expense,Rent,8884.0,Bank_Transfer,Hyderabad,Shopping,2022,2,21,0,3560.0,7661.0,3445.0,4888.666666666667,17,24394.0
T9132,U067,2022-08-10,Income,Freelance,24394.0,Upi,Delhi,Monthly rent payment,2022,8,10,2,8884.0,3560.0,7661.0,6701.666666666667,18,71792.0
T10636,U067,2022-10-23,Income,Freelance,71792.0,Card,Hyderabad,Electricity bill,2022,10,23,6,24394.0,8884.0,3560.0,12279.333333333334,19,9717.0
T13741,U067,2022-10-23,Expense,Utilities,9717.0,Card,Ahmedabad,Books,2022,10,23,6,71792.0,24394.0,8884.0,35023.333333333336,20,19423.0
T5385,U067,2023-01-14,Income,Freelance,19423.0,Unknown,Chennai,Movie tickets,2023,1,14,5,9717.0,71792.0,24394.0,35301.0,21,1624.0
T5586,U067,2023-01-17,Expense,Food,1624.0,Cash,Bangalore,Movie tickets,2023,1,17,1,19423.0,9717.0,71792.0,33644.0,22,58797.0
T4780,U067,2023-01-21,Income,Investment,58797.0,Unknown,Mumbai,Electricity bill,2023,1,21,5,1624.0,19423.0,9717.0,10254.666666666666,23,7988.0
T2995,U067,2023-03-11,Expense,Education,7988.0,Upi,Jaipur,Fixed deposit,2023,3,11,5,58797.0,1624.0,19423.0,26614.666666666668,24,5205.0
T8591,U067,2023-05-06,Expense,Utilities,5205.0,Card,Unknown,No Notes,2023,5,6,5,7988.0,58797.0,1624.0,22803.0,25,532.0
T8354,U067,2023-07-04,Expense,Rent,532.0,Upi,Bangalore,Train ticket,2023,7,4,1,5205.0,7988.0,58797.0,23996.666666666668,26,54871.0
T6147,U067,2023-07-08,Income,Others,54871.0,Bank_Transfer,Ahmedabad,No Notes,2023,7,8,5,532.0,5205.0,7988.0,4575.0,27,8529.0
T9252,U067,2023-09-03,Expense,Rent,8529.0,Upi,Pune,ATM withdrawal,2023,9,3,6,54871.0,532.0,5205.0,20202.666666666668,28,46498.0
T2437,U067,2023-09-09,Income,Bonus,46498.0,Cash,Unknown,Fixed deposit,2023,9,9,5,8529.0,54871.0,532.0,21310.666666666668,29,72320.0
T3480,U067,2023-11-25,Income,Others,72320.0,Cash,Pune,...,2023,11,25,5,46498.0,8529.0,54871.0,36632.666666666664,30,16368.0
T9275,U067,2023-12-01,Expense,Rent,16368.0,Upi,Chennai,Gym membership,2023,12,1,4,72320.0,46498.0,8529.0,42449.0,31,2217.0
T8597,U067,2024-02-10,Expense,Rent,2217.0,Upi,Chennai,misc,2024,2,10,5,16368.0,72320.0,46498.0,45062.0,32,7841.0
T2278,U067,2024-02-12,Expense,Travel,7841.0,Card,Pune,No Notes,2024,2,12,0,2217.0,16368.0,72320.0,30301.666666666668,33,3315.0
T2449,U067,2024-05-12,Expense,Food,3315.0,Card,Ahmedabad,Fixed deposit,2024,5,12,6,7841.0,2217.0,16368.0,8808.666666666666,34,32133.0
T11521,U067,2024-05-14,Income,Bonus,32133.0,Bank_Transfer,Bangalore,Train ticket,2024,5,14,1,3315.0,7841.0,2217.0,4457.666666666667,35,7431.0
T8926,U067,2024-06-02,Expense,Education,7431.0,Unknown,Bangalore,No Notes,2024,6,2,6,32133.0,3315.0,7841.0,14429.666666666666,36,7676.0
T1488,U067,2024-07-25,Expense,Travel,7676.0,Bank_Transfer,Hyderabad,test,2024,7,25,3,7431.0,32133.0,3315.0,14293.0,37,1639.0
T5608,U067,2024-09-07,Expense,Food,1639.0,Upi,Chennai,EMI payment,2024,9,7,5,7676.0,7431.0,32133.0,15746.666666666666,38,3064.0
T6179,U067,2024-11-05,Expense,Utilities,3064.0,Upi,Mumbai,Shopping,2024,11,5,1,1639.0,7676.0,7431.0,5582.0,39,7002.0
T8925,U067,2024-12-02,Expense,Education,7002.0,Bank_Transfer,Ahmedabad,xyz123,2024,12,2,0,3064.0,1639.0,7676.0,4126.333333333333,40,9302.0
T12954,U068,2021-04-14,Expense,Travel,1074.0,Cash,Unknown,...,2021,4,14,2,474.0,9063.0,48604.0,19380.333333333332,3,7352.0
T4468,U068,2021-08-31,Expense,Food,7352.0,Bank_Transfer,Delhi,No Notes,2021,8,31,1,1074.0,474.0,9063.0,3537.0,4,999999.0
T2562,U068,2021-10-22,Expense,Food,999999.0,Unknown,Hyderabad,No Notes,2021,10,22,4,7352.0,1074.0,474.0,2966.6666666666665,5,5810.0
T0689,U068,2021-11-25,Expense,Food,5810.0,Cash,Jaipur,Gym membership,2021,11,25,3,999999.0,7352.0,1074.0,336141.6666666667,6,4248.0
T0926,U068,2021-12-25,Expense,Health,4248.0,Cash,Pune,Coffee,2021,12,25,5,5810.0,999999.0,7352.0,337720.3333333333,7,2308.0
T8864,U068,2022-02-21,Expense,Travel,2308.0,Cash,Lucknow,Fixed deposit,2022,2,21,0,4248.0,5810.0,999999.0,336685.6666666667,8,1648.0
T8811,U068,2022-04-03,Expense,Entertainment,1648.0,Bank_Transfer,Lucknow,Lunch,2022,4,3,6,2308.0,4248.0,5810.0,4122.0,9,1423.0
T7738,U068,2022-04-11,Expense,Food,1423.0,Unknown,Lucknow,No Notes,2022,4,11,0,1648.0,2308.0,4248.0,2734.6666666666665,10,1730.0
T11346,U068,2022-05-29,Expense,Food,1730.0,Unknown,Hyderabad,Uber ride,2022,5,29,6,1423.0,1648.0,2308.0,1793.0,11,1782.0
T3207,U068,2022-08-10,Expense,Entertainment,1782.0,Card,Mumbai,No Notes,2022,8,10,2,1730.0,1423.0,1648.0,1600.3333333333333,12,55339.0
T10232,U068,2022-08-23,Income,Others,55339.0,Bank_Transfer,Ahmedabad,Shopping,2022,8,23,1,1782.0,1730.0,1423.0,1645.0,13,2213.0
T8175,U068,2022-09-02,Expense,Food,2213.0,Cash,Bangalore,Doctor consultation,2022,9,2,4,55339.0,1782.0,1730.0,19617.0,14,6901.0
T8365,U068,2022-09-20,Expense,Utilities,6901.0,Upi,Hyderabad,Grocery shopping,2022,9,20,1,2213.0,55339.0,1782.0,19778.0,15,9419.0
T3662,U068,2022-09-25,Expense,Entertainment,9419.0,Card,Chennai,No Notes,2022,9,25,6,6901.0,2213.0,55339.0,21484.333333333332,16,79950.0
T8707,U068,2022-10-03,Income,Investment,79950.0,Unknown,Mumbai,Shopping,2022,10,3,0,9419.0,6901.0,2213.0,6177.666666666667,17,8220.0
T4493,U068,2022-10-19,Expense,Utilities,8220.0,Bank_Transfer,Chennai,...,2022,10,19,2,79950.0,9419.0,6901.0,32090.0,18,536.0
T4046,U068,2022-11-14,Expense,Food,536.0,Cash,Delhi,Internet bill,2022,11,14,0,8220.0,79950.0,9419.0,32529.666666666668,19,999999.0
T13258,U068,2022-11-19,Expense,Others,999999.0,Unknown,Chennai,Coffee,2022,11,19,5,536.0,8220.0,79950.0,29568.666666666668,20,4986.0
T10341,U068,2023-03-25,Expense,Education,4986.0,Upi,Lucknow,Electricity bill,2023,3,25,5,999999.0,536.0,8220.0,336251.6666666667,21,9315.0
T5323,U068,2023-05-03,Expense,Entertainment,9315.0,Cash,Delhi,Internet bill,2023,5,3,2,4986.0,999999.0,536.0,335173.6666666667,22,44561.0
T10565,U068,2023-05-21,Income,Investment,44561.0,Cash,Unknown,Restaurant dinner,2023,5,21,6,9315.0,4986.0,999999.0,338100.0,23,2653.0
T12710,U068,2023-06-07,Expense,Entertainment,2653.0,Cash,Pune,No Notes,2023,6,7,2,44561.0,9315.0,4986.0,19620.666666666668,24,126.0
T9259,U068,2023-07-04,Expense,Food,126.0,Card,Unknown,EMI payment,2023,7,4,1,2653.0,44561.0,9315.0,18843.0,25,1139.0
T2614,U068,2023-07-08,Expense,Food,1139.0,Cash,Jaipur,Petrol,2023,7,8,5,126.0,2653.0,44561.0,15780.0,26,6595.0
T4913,U068,2023-08-06,Expense,Utilities,6595.0,Card,Pune,Medicine,2023,8,6,6,1139.0,126.0,2653.0,1306.0,27,9180.0
T2512,U068,2023-08-23,Expense,Entertainment,9180.0,Cash,Bangalore,No Notes,2023,8,23,2,6595.0,1139.0,126.0,2620.0,28,1532.0
T3977,U068,2023-08-31,Expense,Travel,1532.0,Bank_Transfer,Mumbai,xyz123,2023,8,31,3,9180.0,6595.0,1139.0,5638.0,29,30261.0
T2783,U068,2023-12-31,Expense,Rent,30261.0,Cash,Lucknow,Restaurant dinner,2023,12,31,6,1532.0,9180.0,6595.0,5769.0,30,2206.0
T0174,U068,2024-01-20,Expense,Food,2206.0,Cash,Delhi,Online course,2024,1,20,5,30261.0,1532.0,9180.0,13657.666666666666,31,39335.0
T12975,U068,2024-03-22,Expense,Rent,39335.0,Card,Jaipur,Coffee,2024,3,22,4,2206.0,30261.0,1532.0,11333.0,32,5031.0
T0967,U068,2024-04-10,Expense,Food,5031.0,Cash,Chennai,No Notes,2024,4,10,2,39335.0,2206.0,30261.0,23934.0,33,2596.0
T8856,U068,2024-05-20,Expense,Entertainment,2596.0,Cash,Delhi,Shopping,2024,5,20,0,5031.0,39335.0,2206.0,15524.0,34,2044.0
T11757,U068,2024-09-21,Expense,Food,2044.0,Bank_Transfer,Pune,Online course,2024,9,21,5,2596.0,5031.0,39335.0,15654.0,35,9794.0
T11086,U068,2024-09-21,Expense,Entertainment,9794.0,Card,Jaipur,asdfgh,2024,9,21,5,2044.0,2596.0,5031.0,3223.6666666666665,36,4074.0
T9125,U068,2024-10-05,Expense,Food,4074.0,Card,Pune,EMI payment,2024,10,5,5,9794.0,2044.0,2596.0,4811.333333333333,37,36373.0
T3189,U068,2024-10-17,Income,Bonus,36373.0,Card,Unknown,Restaurant dinner,2024,10,17,3,4074.0,9794.0,2044.0,5304.0,38,8124.0
T10970,U068,2024-10-20,Expense,Entertainment,8124.0,Card,Bangalore,No Notes,2024,10,20,6,36373.0,4074.0,9794.0,16747.0,39,5766.0
T2793,U068,2024-10-27,Expense,Utilities,5766.0,Card,Jaipur,No Notes,2024,10,27,6,8124.0,36373.0,4074.0,16190.333333333334,40,44196.0
T8173,U068,2024-12-10,Expense,Rent,44196.0,Bank_Transfer,Chennai,Internet bill,2024,12,10,1,5766.0,8124.0,36373.0,16754.333333333332,41,8171.0
T1440,U068,2024-12-21,Expense,Food,8171.0,Card,Lucknow,Lunch,2024,12,21,5,44196.0,5766.0,8124.0,19362.0,42,78318.0
T10999,U069,2021-09-21,Expense,Travel,5193.0,Cash,Bangalore,Uber ride,2021,9,21,1,9971.0,8255.0,9425.0,9217.0,3,8346.0
T3501,U069,2021-10-02,Expense,Food,8346.0,Bank_Transfer,Chennai,Online course,2021,10,2,5,5193.0,9971.0,8255.0,7806.333333333333,4,5163.0
T11550,U069,2021-11-20,Expense,Savings,5163.0,Card,Lucknow,No Notes,2021,11,20,5,8346.0,5193.0,9971.0,7836.666666666667,5,1379.0
T8496,U069,2021-12-18,Expense,Food,1379.0,Upi,Lucknow,Movie tickets,2021,12,18,5,5163.0,8346.0,5193.0,6234.0,6,5085.0
T7359,U069,2022-02-23,Expense,Health,5085.0,Upi,Ahmedabad,Monthly rent payment,2022,2,23,2,1379.0,5163.0,8346.0,4962.666666666667,7,39620.0
T12688,U069,2022-04-07,Expense,Rent,39620.0,Card,Hyderabad,Electricity bill,2022,4,7,3,5085.0,1379.0,5163.0,3875.6666666666665,8,2599.0
T6839,U069,2022-04-26,Expense,Food,2599.0,Card,Pune,Lunch,2022,4,26,1,39620.0,5085.0,1379.0,15361.333333333334,9,2059.0
T7696,U069,2022-07-01,Expense,Savings,2059.0,Bank_Transfer,Jaipur,Online course,2022,7,1,4,2599.0,39620.0,5085.0,15768.0,10,8282.0
T3040,U069,2022-09-07,Expense,Food,8282.0,Card,Unknown,misc,2022,9,7,2,2059.0,2599.0,39620.0,14759.333333333334,11,3440.0
T5715,U069,2022-09-24,Expense,Entertainment,3440.0,Bank_Transfer,Jaipur,Fixed deposit,2022,9,24,5,8282.0,2059.0,2599.0,4313.333333333333,12,15131.0
T10398,U069,2022-10-06,Income,Investment,15131.0,Cash,Unknown,asdfgh,2022,10,6,3,3440.0,8282.0,2059.0,4593.666666666667,13,36242.0
T6685,U069,2022-10-13,Expense,Rent,36242.0,Upi,Unknown,Books,2022,10,13,3,15131.0,3440.0,8282.0,8951.0,14,190.0
T7344,U069,2022-10-15,Expense,Travel,190.0,Cash,Bangalore,Lunch,2022,10,15,5,36242.0,15131.0,3440.0,18271.0,15,7176.0
T13553,U069,2022-11-06,Expense,Savings,7176.0,Cash,Delhi,Movie tickets,2022,11,6,6,190.0,36242.0,15131.0,17187.666666666668,16,67763.0
T9298,U069,2022-11-27,Income,Salary,67763.0,Card,Lucknow,Shopping,2022,11,27,6,7176.0,190.0,36242.0,14536.0,17,3837.0
T8187,U069,2022-11-28,Expense,Food,3837.0,Bank_Transfer,Delhi,Internet bill,2022,11,28,0,67763.0,7176.0,190.0,25043.0,18,1439.0
T11432,U069,2022-12-17,Expense,Entertainment,1439.0,Upi,Lucknow,test,2022,12,17,5,3837.0,67763.0,7176.0,26258.666666666668,19,35129.0
T10852,U069,2023-01-31,Income,Bonus,35129.0,Card,Delhi,Fixed deposit,2023,1,31,1,1439.0,3837.0,67763.0,24346.333333333332,20,3439.0
T4861,U069,2023-02-05,Expense,Utilities,3439.0,Bank_Transfer,Delhi,No Notes,2023,2,5,6,35129.0,1439.0,3837.0,13468.333333333334,21,4235.0
T0881,U069,2023-02-16,Expense,Food,4235.0,Bank_Transfer,Delhi,test,2023,2,16,3,3439.0,35129.0,1439.0,13335.666666666666,22,1493.0
T2522,U069,2023-03-25,Expense,Rent,1493.0,Bank_Transfer,Bangalore,test,2023,3,25,5,4235.0,3439.0,35129.0,14267.666666666666,23,4767.0
T7289,U069,2023-06-22,Expense,Food,4767.0,Cash,Chennai,Restaurant dinner,2023,6,22,3,1493.0,4235.0,3439.0,3055.6666666666665,24,8597.0
T2663,U069,2023-10-05,Expense,Utilities,8597.0,Card,Delhi,Monthly rent payment,2023,10,5,3,4767.0,1493.0,4235.0,3498.3333333333335,25,2368.0
T0373,U069,2023-10-10,Expense,Food,2368.0,Card,Kolkata,Internet bill,2023,10,10,1,8597.0,4767.0,1493.0,4952.333333333333,26,6461.0
T5962,U069,2023-10-15,Expense,Travel,6461.0,Card,Bangalore,Uber ride,2023,10,15,6,2368.0,8597.0,4767.0,5244.0,27,820.0
T6461,U069,2023-10-16,Expense,Food,820.0,Card,Chennai,Lunch,2023,10,16,0,6461.0,2368.0,8597.0,5808.666666666667,28,67693.0
T7965,U069,2023-12-23,Income,Investment,67693.0,Cash,Pune,...,2023,12,23,5,820.0,6461.0,2368.0,3216.3333333333335,29,47277.0
T13264,U069,2023-12-26,Income,Salary,47277.0,Upi,Mumbai,Medicine,2023,12,26,1,67693.0,820.0,6461.0,24991.333333333332,30,7688.0
T8461,U069,2024-01-11,Expense,Health,7688.0,Cash,Hyderabad,Uber ride,2024,1,11,3,47277.0,67693.0,820.0,38596.666666666664,31,9323.0
T6304,U069,2024-03-25,Expense,Rent,9323.0,Bank_Transfer,Unknown,No Notes,2024,3,25,0,7688.0,47277.0,67693.0,40886.0,32,8326.0
T8834,U069,2024-05-03,Expense,Education,8326.0,Upi,Hyderabad,Online course,2024,5,3,4,9323.0,7688.0,47277.0,21429.333333333332,33,7908.0
T0277,U069,2024-06-08,Expense,Food,7908.0,Upi,Ahmedabad,No Notes,2024,6,8,5,8326.0,9323.0,7688.0,8445.666666666666,34,19125.0
T7516,U069,2024-07-30,Expense,Rent,19125.0,Card,Pune,Lunch,2024,7,30,1,7908.0,8326.0,9323.0,8519.0,35,1807.0
T4067,U069,2024-11-18,Expense,Entertainment,1807.0,Bank_Transfer,Chennai,Doctor consultation,2024,11,18,0,19125.0,7908.0,8326.0,11786.333333333334,36,2404.0
T12974,U069,2024-12-06,Expense,Food,2404.0,Upi,Delhi,Monthly rent payment,2024,12,6,4,1807.0,19125.0,7908.0,9613.333333333334,37,4060.0
T7011,U069,2024-12-24,Expense,Food,4060.0,Cash,Pune,Petrol,2024,12,24,1,2404.0,1807.0,19125.0,7778.666666666667,38,880897.0
T12417,U070,2021-05-15,Expense,Travel,5604.0,Bank_Transfer,Chennai,xyz123,2021,5,15,5,8154.0,1945.0,8702.0,6267.0,3,2540.0
T8299,U070,2021-06-09,Expense,Utilities,2540.0,Upi,Ahmedabad,xyz123,2021,6,9,2,5604.0,8154.0,1945.0,5234.333333333333,4,9391.0
T12196,U070,2021-07-29,Expense,Food,9391.0,Cash,Bangalore,asdfgh,2021,7,29,3,2540.0,5604.0,8154.0,5432.666666666667,5,4744.0
T8463,U070,2022-01-03,Expense,Entertainment,4744.0,Bank_Transfer,Hyderabad,Monthly rent payment,2022,1,3,0,9391.0,2540.0,5604.0,5845.0,6,3154.0
T1775,U070,2022-01-21,Expense,Travel,3154.0,Cash,Ahmedabad,Grocery shopping,2022,1,21,4,4744.0,9391.0,2540.0,5558.333333333333,7,7735.0
T0159,U070,2022-02-20,Expense,Savings,7735.0,Card,Kolkata,Restaurant dinner,2022,2,20,6,3154.0,4744.0,9391.0,5763.0,8,8947.0
T13462,U070,2022-02-27,Expense,Health,8947.0,Card,Pune,Monthly rent payment,2022,2,27,6,7735.0,3154.0,4744.0,5211.0,9,8236.0
T9416,U070,2022-03-16,Expense,Others,8236.0,Cash,Ahmedabad,misc,2022,3,16,2,8947.0,7735.0,3154.0,6612.0,10,3370.0
T11461,U070,2022-04-24,Expense,Travel,3370.0,Card,Kolkata,Train ticket,2022,4,24,6,8236.0,8947.0,7735.0,8306.0,11,2348.0
T9754,U070,2022-06-01,Expense,Food,2348.0,Cash,Unknown,Fixed deposit,2022,6,1,2,3370.0,8236.0,8947.0,6851.0,12,17401.0
T3442,U070,2022-07-17,Income,Investment,17401.0,Bank_Transfer,Pune,Internet bill,2022,7,17,6,2348.0,3370.0,8236.0,4651.333333333333,13,40839.0
T3186,U070,2022-08-21,Income,Bonus,40839.0,Upi,Pune,Coffee,2022,8,21,6,17401.0,2348.0,3370.0,7706.333333333333,14,6906.0
T1493,U070,2022-09-20,Expense,Savings,6906.0,Cash,Lucknow,Monthly rent payment,2022,9,20,1,40839.0,17401.0,2348.0,20196.0,15,1909.0
T1106,U070,2022-09-22,Expense,Travel,1909.0,Upi,Kolkata,Train ticket,2022,9,22,3,6906.0,40839.0,17401.0,21715.333333333332,16,41369.0
T5420,U070,2023-01-03,Income,Freelance,41369.0,Bank_Transfer,Chennai,Petrol,2023,1,3,1,1909.0,6906.0,40839.0,16551.333333333332,17,1337.0
T10104,U070,2023-05-03,Expense,Food,1337.0,Upi,Jaipur,Electricity bill,2023,5,3,2,41369.0,1909.0,6906.0,16728.0,18,6705.0
T2956,U070,2023-05-24,Expense,Entertainment,6705.0,Card,Unknown,Electricity bill,2023,5,24,2,1337.0,41369.0,1909.0,14871.666666666666,19,1134.0
T7590,U070,2024-01-17,Expense,Travel,1134.0,Unknown,Jaipur,No Notes,2024,1,17,2,6705.0,1337.0,41369.0,16470.333333333332,20,114.0
T3934,U070,2024-02-15,Expense,Utilities,114.0,Cash,Ahmedabad,Train ticket,2024,2,15,3,1134.0,6705.0,1337.0,3058.6666666666665,21,2570.0
T9727,U070,2024-03-12,Expense,Food,2570.0,Bank_Transfer,Chennai,Books,2024,3,12,1,114.0,1134.0,6705.0,2651.0,22,7584.0
T1833,U070,2024-07-03,Expense,Education,7584.0,Card,Lucknow,Train ticket,2024,7,3,2,2570.0,114.0,1134.0,1272.6666666666667,23,8158.0
T2499,U070,2024-08-05,Expense,Entertainment,8158.0,Card,Delhi,Electricity bill,2024,8,5,0,7584.0,2570.0,114.0,3422.6666666666665,24,16809.0
T13381,U070,2024-09-25,Expense,Rent,16809.0,Upi,Ahmedabad,No Notes,2024,9,25,2,8158.0,7584.0,2570.0,6104.0,25,6106.0
T1831,U070,2024-09-26,Expense,Rent,6106.0,Cash,Hyderabad,Grocery shopping,2024,9,26,3,16809.0,8158.0,7584.0,10850.333333333334,26,18170.0
T11393,U070,2024-10-28,Income,Salary,18170.0,Upi,Hyderabad,...,2024,10,28,0,6106.0,16809.0,8158.0,10357.666666666666,27,1544.0
T8997,U071,2021-04-13,Expense,Entertainment,4097.0,Bank_Transfer,Chennai,Monthly rent payment,2021,4,13,1,7505.0,75061.0,8065.0,30210.333333333332,3,79791.0
T0498,U071,2021-09-22,Income,Freelance,79791.0,Card,Pune,xyz123,2021,9,22,2,4097.0,7505.0,75061.0,28887.666666666668,4,1783.0
T8689,U071,2021-10-08,Expense,Rent,1783.0,Unknown,Pune,xyz123,2021,10,8,4,79791.0,4097.0,7505.0,30464.333333333332,5,289.0
T13711,U071,2021-10-18,Expense,Health,289.0,Bank_Transfer,Mumbai,Monthly rent payment,2021,10,18,0,1783.0,79791.0,4097.0,28557.0,6,9311.0
T11886,U071,2021-12-10,Expense,Travel,9311.0,Cash,Jaipur,Medicine,2021,12,10,4,289.0,1783.0,79791.0,27287.666666666668,7,5090.0
T3829,U071,2022-01-23,Expense,Travel,5090.0,Cash,Hyderabad,Shopping,2022,1,23,6,9311.0,289.0,1783.0,3794.3333333333335,8,21307.0
T10980,U071,2022-02-02,Expense,Rent,21307.0,Bank_Transfer,Pune,Electricity bill,2022,2,2,2,5090.0,9311.0,289.0,4896.666666666667,9,42162.0
T8355,U071,2022-04-29,Expense,Rent,42162.0,Bank_Transfer,Lucknow,Coffee,2022,4,29,4,21307.0,5090.0,9311.0,11902.666666666666,10,5892.0
T0768,U071,2022-05-08,Expense,Food,5892.0,Upi,Pune,Books,2022,5,8,6,42162.0,21307.0,5090.0,22853.0,11,3803.0
T2216,U071,2022-06-01,Expense,Travel,3803.0,Bank_Transfer,Mumbai,EMI payment,2022,6,1,2,5892.0,42162.0,21307.0,23120.333333333332,12,991.0
T10181,U071,2022-06-07,Expense,Health,991.0,Upi,Lucknow,Coffee,2022,6,7,1,3803.0,5892.0,42162.0,17285.666666666668,13,12368.0
T11752,U071,2022-08-06,Income,Others,12368.0,Upi,Unknown,test,2022,8,6,5,991.0,3803.0,5892.0,3562.0,14,1678.0
T0114,U071,2022-08-11,Expense,Rent,1678.0,Upi,Pune,Online course,2022,8,11,3,12368.0,991.0,3803.0,5720.666666666667,15,1870.0
T6606,U071,2022-09-23,Expense,Food,1870.0,Cash,Ahmedabad,Gym membership,2022,9,23,4,1678.0,12368.0,991.0,5012.333333333333,16,1220.0
T8290,U071,2022-10-02,Expense,Food,1220.0,Card,Chennai,No Notes,2022,10,2,6,1870.0,1678.0,12368.0,5305.333333333333,17,7963.0
T5177,U071,2022-10-29,Expense,Education,7963.0,Card,Unknown,...,2022,10,29,5,1220.0,1870.0,1678.0,1589.3333333333333,18,4623.0
T6879,U071,2022-11-01,Expense,Food,4623.0,Upi,Jaipur,Shopping,2022,11,1,1,7963.0,1220.0,1870.0,3684.3333333333335,19,7762.0
T7141,U071,2022-12-02,Expense,Travel,7762.0,Card,Chennai,No Notes,2022,12,2,4,4623.0,7963.0,1220.0,4602.0,20,7780.0
T13367,U071,2022-12-26,Expense,Entertainment,7780.0,Bank_Transfer,Unknown,Gym membership,2022,12,26,0,7762.0,4623.0,7963.0,6782.666666666667,21,5369.0
T0827,U071,2023-04-10,Expense,Education,5369.0,Card,Mumbai,Uber ride,2023,4,10,0,7780.0,7762.0,4623.0,6721.666666666667,22,4991.0
T0047,U071,2023-04-30,Expense,Utilities,4991.0,Card,Hyderabad,No Notes,2023,4,30,6,5369.0,7780.0,7762.0,6970.333333333333,23,7568.0
T9214,U071,2023-05-05,Expense,Utilities,7568.0,Card,Chennai,Train ticket,2023,5,5,4,4991.0,5369.0,7780.0,6046.666666666667,24,2007.0
T7579,U071,2023-06-04,Expense,Food,2007.0,Bank_Transfer,Mumbai,Petrol,2023,6,4,6,7568.0,4991.0,5369.0,5976.0,25,28559.0
T7989,U071,2023-06-07,Expense,Rent,28559.0,Upi,Chennai,EMI payment,2023,6,7,2,2007.0,7568.0,4991.0,4855.333333333333,26,6780.0
T10782,U071,2023-08-02,Expense,Entertainment,6780.0,Upi,Pune,!!!,2023,8,2,2,28559.0,2007.0,7568.0,12711.333333333334,27,2508.0
T12343,U071,2023-08-12,Expense,Food,2508.0,Card,Bangalore,No Notes,2023,8,12,5,6780.0,28559.0,2007.0,12448.666666666666,28,1667.0
T2587,U071,2023-10-19,Expense,Rent,1667.0,Upi,Mumbai,No Notes,2023,10,19,3,2508.0,6780.0,28559.0,12615.666666666666,29,8861.0
T6273,U071,2023-12-10,Expense,Health,8861.0,Bank_Transfer,Hyderabad,No Notes,2023,12,10,6,1667.0,2508.0,6780.0,3651.6666666666665,30,1550.0
T6529,U071,2023-12-29,Expense,Food,1550.0,Upi,Hyderabad,Coffee,2023,12,29,4,8861.0,1667.0,2508.0,4345.333333333333,31,5328.0
T4995,U071,2024-02-08,Expense,Food,5328.0,Cash,Bangalore,No Notes,2024,2,8,3,1550.0,8861.0,1667.0,4026.0,32,4941.0
T4863,U071,2024-02-27,Expense,Travel,4941.0,Unknown,Delhi,EMI payment,2024,2,27,1,5328.0,1550.0,8861.0,5246.333333333333,33,31189.0
T2832,U071,2024-04-20,Income,Freelance,31189.0,Cash,Ahmedabad,Shopping,2024,4,20,5,4941.0,5328.0,1550.0,3939.6666666666665,34,1849.0
T5746,U071,2024-05-15,Expense,Education,1849.0,Card,Jaipur,EMI payment,2024,5,15,2,31189.0,4941.0,5328.0,13819.333333333334,35,8337.0
T11076,U071,2024-06-15,Expense,Health,8337.0,Card,Jaipur,Uber ride,2024,6,15,5,1849.0,31189.0,4941.0,12659.666666666666,36,3275.0
T11318,U071,2024-07-31,Expense,Education,3275.0,Bank_Transfer,Bangalore,Books,2024,7,31,2,8337.0,1849.0,31189.0,13791.666666666666,37,5332.0
T11289,U071,2024-08-29,Expense,Health,5332.0,Cash,Unknown,Monthly rent payment,2024,8,29,3,3275.0,8337.0,1849.0,4487.0,38,3328.0
T2742,U071,2024-10-09,Expense,Food,3328.0,Bank_Transfer,Bangalore,Monthly rent payment,2024,10,9,2,5332.0,3275.0,8337.0,5648.0,39,7866.0
T2716,U071,2024-10-10,Expense,Travel,7866.0,Upi,Delhi,Medicine,2024,10,10,3,3328.0,5332.0,3275.0,3978.3333333333335,40,74866.0
T8025,U071,2024-10-14,Income,Others,74866.0,Upi,Pune,Grocery shopping,2024,10,14,0,7866.0,3328.0,5332.0,5508.666666666667,41,4100.0
T6183,U071,2024-12-21,Expense,Utilities,4100.0,Upi,Bangalore,misc,2024,12,21,5,74866.0,7866.0,3328.0,28686.666666666668,42,6626.0
T6143,U072,2021-02-26,Expense,Travel,731.0,Cash,Hyderabad,Petrol,2021,2,26,4,3681.0,4353.0,9560.0,5864.666666666667,3,5029.0
T12997,U072,2021-07-01,Expense,Entertainment,5029.0,Card,Delhi,xyz123,2021,7,1,3,731.0,3681.0,4353.0,2921.6666666666665,4,4364.0
T0087,U072,2021-08-21,Expense,Health,4364.0,Bank_Transfer,Delhi,asdfgh,2021,8,21,5,5029.0,731.0,3681.0,3147.0,5,8142.0
T6485,U072,2021-08-22,Expense,Food,8142.0,Cash,Lucknow,xyz123,2021,8,22,6,4364.0,5029.0,731.0,3374.6666666666665,6,5083.0
T2672,U072,2021-09-04,Expense,Food,5083.0,Upi,Delhi,Train ticket,2021,9,4,5,8142.0,4364.0,5029.0,5845.0,7,75601.0
T7538,U072,2021-12-08,Income,Others,75601.0,Cash,Chennai,Internet bill,2021,12,8,2,5083.0,8142.0,4364.0,5863.0,8,4651.0
T10661,U072,2022-01-01,Expense,Travel,4651.0,Upi,Bangalore,No Notes,2022,1,1,5,75601.0,5083.0,8142.0,29608.666666666668,9,3143.0
T8992,U072,2022-01-20,Expense,Utilities,3143.0,Upi,Hyderabad,No Notes,2022,1,20,3,4651.0,75601.0,5083.0,28445.0,10,38464.0
T10631,U072,2022-01-28,Expense,Rent,38464.0,Cash,Lucknow,Doctor consultation,2022,1,28,4,3143.0,4651.0,75601.0,27798.333333333332,11,70095.0
T8401,U072,2022-02-22,Income,Others,70095.0,Cash,Pune,Petrol,2022,2,22,1,38464.0,3143.0,4651.0,15419.333333333334,12,7892.0
T1202,U072,2022-03-12,Expense,Travel,7892.0,Bank_Transfer,Hyderabad,Shopping,2022,3,12,5,70095.0,38464.0,3143.0,37234.0,13,999999.0
T4074,U072,2022-03-17,Expense,Food,999999.0,Card,Hyderabad,No Notes,2022,3,17,3,7892.0,70095.0,38464.0,38817.0,14,8063.0
T3506,U072,2022-03-21,Expense,Travel,8063.0,Card,Bangalore,Lunch,2022,3,21,0,999999.0,7892.0,70095.0,359328.6666666667,15,1819.0
T13300,U072,2022-10-20,Expense,Food,1819.0,Cash,Lucknow,Movie tickets,2022,10,20,3,8063.0,999999.0,7892.0,338651.3333333333,16,5467.0
T6060,U072,2022-11-24,Expense,Food,5467.0,Upi,Unknown,Internet bill,2022,11,24,3,1819.0,8063.0,999999.0,336627.0,17,7799.0
T0763,U072,2022-12-01,Expense,Entertainment,7799.0,Card,Ahmedabad,No Notes,2022,12,1,3,5467.0,1819.0,8063.0,5116.333333333333,18,6176.0
T7879,U072,2023-01-06,Expense,Rent,6176.0,Cash,Bangalore,Gym membership,2023,1,6,4,7799.0,5467.0,1819.0,5028.333333333333,19,6118.0
T0058,U072,2023-01-29,Expense,Travel,6118.0,Bank_Transfer,Delhi,No Notes,2023,1,29,6,6176.0,7799.0,5467.0,6480.666666666667,20,11567.0
T4540,U072,2023-02-20,Income,Bonus,11567.0,Bank_Transfer,Hyderabad,!!!,2023,2,20,0,6118.0,6176.0,7799.0,6697.666666666667,21,2827.0
T1742,U072,2023-04-26,Expense,Entertainment,2827.0,Card,Hyderabad,Online course,2023,4,26,2,11567.0,6118.0,6176.0,7953.666666666667,22,28885.0
T6334,U072,2023-07-27,Expense,Rent,28885.0,Card,Mumbai,Electricity bill,2023,7,27,3,2827.0,11567.0,6118.0,6837.333333333333,23,3903.0
T5327,U072,2023-12-14,Expense,Food,3903.0,Cash,Delhi,Grocery shopping,2023,12,14,3,28885.0,2827.0,11567.0,14426.333333333334,24,1822.0
T4027,U072,2023-12-23,Expense,Food,1822.0,Unknown,Delhi,Monthly rent payment,2023,12,23,5,3903.0,28885.0,2827.0,11871.666666666666,25,44788.0
T3764,U072,2024-01-31,Income,Others,44788.0,Bank_Transfer,Hyderabad,Gym membership,2024,1,31,2,1822.0,3903.0,28885.0,11536.666666666666,26,7889.0
T3614,U072,2024-05-04,Expense,Rent,7889.0,Card,Bangalore,ATM withdrawal,2024,5,4,5,44788.0,1822.0,3903.0,16837.666666666668,27,5280.0
T1811,U072,2024-05-15,Expense,Utilities,5280.0,Upi,Mumbai,Fixed deposit,2024,5,15,2,7889.0,44788.0,1822.0,18166.333333333332,28,7779.0
T3705,U072,2024-10-22,Expense,Travel,7779.0,Upi,Bangalore,asdfgh,2024,10,22,1,5280.0,7889.0,44788.0,19319.0,29,32903.0
T3481,U072,2024-11-02,Expense,Rent,32903.0,Bank_Transfer,Mumbai,Train ticket,2024,11,2,5,7779.0,5280.0,7889.0,6982.666666666667,30,6177.0
T12050,U072,2024-11-06,Expense,Education,6177.0,Bank_Transfer,Pune,Restaurant dinner,2024,11,6,2,32903.0,7779.0,5280.0,15320.666666666666,31,8768.0
T0216,U073,2021-05-19,Expense,Travel,5560.0,Cash,Hyderabad,No Notes,2021,5,19,2,9704.0,2095.0,2704.0,4834.333333333333,3,22768.0
T4502,U073,2021-06-06,Expense,Rent,22768.0,Bank_Transfer,Delhi,No Notes,2021,6,6,6,5560.0,9704.0,2095.0,5786.333333333333,4,179.0
T8783,U073,2021-06-14,Expense,Food,179.0,Bank_Transfer,Pune,Petrol,2021,6,14,0,22768.0,5560.0,9704.0,12677.333333333334,5,7485.0
T4793,U073,2021-06-21,Expense,Travel,7485.0,Bank_Transfer,Delhi,No Notes,2021,6,21,0,179.0,22768.0,5560.0,9502.333333333334,6,25045.0
T9385,U073,2021-06-26,Expense,Rent,25045.0,Unknown,Ahmedabad,No Notes,2021,6,26,5,7485.0,179.0,22768.0,10144.0,7,2585.0
T11601,U073,2021-08-13,Expense,Utilities,2585.0,Upi,Pune,Restaurant dinner,2021,8,13,4,25045.0,7485.0,179.0,10903.0,8,1891.0
T6405,U073,2021-08-24,Expense,Rent,1891.0,Card,Delhi,Electricity bill,2021,8,24,1,2585.0,25045.0,7485.0,11705.0,9,7998.0
T1566,U073,2021-11-16,Expense,Utilities,7998.0,Upi,Hyderabad,No Notes,2021,11,16,1,1891.0,2585.0,25045.0,9840.333333333334,10,1013.0
T2498,U073,2021-12-14,Expense,Travel,1013.0,Cash,Hyderabad,Grocery shopping,2021,12,14,1,7998.0,1891.0,2585.0,4158.0,11,4223.0
T10446,U073,2022-01-22,Expense,Food,4223.0,Bank_Transfer,Lucknow,Gym membership,2022,1,22,5,1013.0,7998.0,1891.0,3634.0,12,9159.0
T11776,U073,2022-02-19,Expense,Travel,9159.0,Card,Chennai,xyz123,2022,2,19,5,4223.0,1013.0,7998.0,4411.333333333333,13,2182.0
T9951,U073,2022-03-15,Expense,Health,2182.0,Upi,Unknown,Restaurant dinner,2022,3,15,1,9159.0,4223.0,1013.0,4798.333333333333,14,396.0
T10010,U073,2022-05-09,Expense,Utilities,396.0,Card,Delhi,Movie tickets,2022,5,9,0,2182.0,9159.0,4223.0,5188.0,15,8437.0
T0322,U073,2022-05-30,Expense,Rent,8437.0,Bank_Transfer,Chennai,asdfgh,2022,5,30,0,396.0,2182.0,9159.0,3912.3333333333335,16,29405.0
T8984,U073,2022-09-22,Expense,Rent,29405.0,Bank_Transfer,Ahmedabad,Electricity bill,2022,9,22,3,8437.0,396.0,2182.0,3671.6666666666665,17,2083.0
T13829,U073,2022-10-27,Expense,Travel,2083.0,Upi,Hyderabad,No Notes,2022,10,27,3,29405.0,8437.0,396.0,12746.0,18,7304.0
T11503,U073,2023-03-17,Expense,Utilities,7304.0,Bank_Transfer,Kolkata,xyz123,2023,3,17,4,2083.0,29405.0,8437.0,13308.333333333334,19,221.0
T10546,U073,2023-07-28,Expense,Food,221.0,Upi,Unknown,No Notes,2023,7,28,4,7304.0,2083.0,29405.0,12930.666666666666,20,32845.0
T7987,U073,2023-08-02,Income,Investment,32845.0,Card,Chennai,No Notes,2023,8,2,2,221.0,7304.0,2083.0,3202.6666666666665,21,4130.0
T10020,U073,2023-08-31,Expense,Education,4130.0,Upi,Delhi,Electricity bill,2023,8,31,3,32845.0,221.0,7304.0,13456.666666666666,22,8134.0
T11505,U073,2023-10-04,Expense,Entertainment,8134.0,Bank_Transfer,Ahmedabad,EMI payment,2023,10,4,2,4130.0,32845.0,221.0,12398.666666666666,23,7685.0
T5118,U073,2023-10-29,Expense,Food,7685.0,Upi,Jaipur,No Notes,2023,10,29,6,8134.0,4130.0,32845.0,15036.333333333334,24,4222.0
T11691,U073,2023-10-31,Expense,Travel,4222.0,Cash,Pune,EMI payment,2023,10,31,1,7685.0,8134.0,4130.0,6649.666666666667,25,6555.0
T4319,U073,2023-11-24,Expense,Utilities,6555.0,Cash,Chennai,EMI payment,2023,11,24,4,4222.0,7685.0,8134.0,6680.333333333333,26,2362.0
T11187,U073,2023-12-28,Expense,Food,2362.0,Upi,Ahmedabad,!!!,2023,12,28,3,6555.0,4222.0,7685.0,6154.0,27,6523.0
T10003,U073,2024-03-30,Expense,Others,6523.0,Cash,Kolkata,Books,2024,3,30,5,2362.0,6555.0,4222.0,4379.666666666667,28,2575.0
T0507,U073,2024-06-14,Expense,Health,2575.0,Bank_Transfer,Kolkata,ATM withdrawal,2024,6,14,4,6523.0,2362.0,6555.0,5146.666666666667,29,2126.0
T2037,U073,2024-06-26,Expense,Health,2126.0,Bank_Transfer,Mumbai,...,2024,6,26,2,2575.0,6523.0,2362.0,3820.0,30,8012.0
T7926,U073,2024-07-31,Expense,Travel,8012.0,Card,Mumbai,Internet bill,2024,7,31,2,2126.0,2575.0,6523.0,3741.3333333333335,31,9811.0
T5060,U074,2021-04-16,Expense,Utilities,6224.0,Upi,Hyderabad,Fixed deposit,2021,4,16,4,8870.0,9917.0,69344.0,29377.0,3,2830.0
T11463,U074,2021-04-26,Expense,Utilities,2830.0,Bank_Transfer,Bangalore,Monthly rent payment,2021,4,26,0,6224.0,8870.0,9917.0,8337.0,4,3599.0
T2285,U074,2021-05-01,Expense,Travel,3599.0,Cash,Lucknow,Grocery shopping,2021,5,1,5,2830.0,6224.0,8870.0,5974.666666666667,5,1589.0
T10411,U074,2021-06-16,Expense,Utilities,1589.0,Upi,Bangalore,No Notes,2021,6,16,2,3599.0,2830.0,6224.0,4217.666666666667,6,4406.0
T5138,U074,2021-07-30,Expense,Entertainment,4406.0,Bank_Transfer,Delhi,Medicine,2021,7,30,4,1589.0,3599.0,2830.0,2672.6666666666665,7,162.0
T6462,U074,2021-11-28,Expense,Others,162.0,Card,Unknown,ATM withdrawal,2021,11,28,6,4406.0,1589.0,3599.0,3198.0,8,2622.0
T12219,U074,2022-01-14,Expense,Food,2622.0,Upi,Mumbai,No Notes,2022,1,14,4,162.0,4406.0,1589.0,2052.3333333333335,9,70687.0
T2358,U074,2022-03-15,Income,Bonus,70687.0,Unknown,Ahmedabad,No Notes,2022,3,15,1,2622.0,162.0,4406.0,2396.6666666666665,10,4980.0
T13180,U074,2022-10-07,Expense,Rent,4980.0,Upi,Unknown,Restaurant dinner,2022,10,7,4,70687.0,2622.0,162.0,24490.333333333332,11,983.0
T2018,U074,2022-10-27,Expense,Food,983.0,Card,Bangalore,...,2022,10,27,3,4980.0,70687.0,2622.0,26096.333333333332,12,3201.0
T11380,U074,2022-11-06,Expense,Education,3201.0,Bank_Transfer,Ahmedabad,Monthly rent payment,2022,11,6,6,983.0,4980.0,70687.0,25550.0,13,8150.0
T7307,U074,2023-01-02,Expense,Travel,8150.0,Upi,Unknown,Coffee,2023,1,2,0,3201.0,983.0,4980.0,3054.6666666666665,14,8520.0
T11571,U074,2023-01-05,Expense,Entertainment,8520.0,Bank_Transfer,Pune,Books,2023,1,5,3,8150.0,3201.0,983.0,4111.333333333333,15,92.0
T11894,U074,2023-01-17,Expense,Food,92.0,Upi,Ahmedabad,xyz123,2023,1,17,1,8520.0,8150.0,3201.0,6623.666666666667,16,2050.0
T7185,U074,2023-02-11,Expense,Food,2050.0,Bank_Transfer,Unknown,No Notes,2023,2,11,5,92.0,8520.0,8150.0,5587.333333333333,17,3409.0
T4141,U074,2023-02-18,Expense,Food,3409.0,Upi,Jaipur,Gym membership,2023,2,18,5,2050.0,92.0,8520.0,3554.0,18,4433.0
T1101,U074,2023-03-26,Expense,Rent,4433.0,Card,Delhi,Monthly rent payment,2023,3,26,6,3409.0,2050.0,92.0,1850.3333333333333,19,44674.0
T13691,U074,2023-04-24,Expense,Rent,44674.0,Card,Kolkata,Medicine,2023,4,24,0,4433.0,3409.0,2050.0,3297.3333333333335,20,7288.0
T6442,U074,2023-06-10,Expense,Savings,7288.0,Upi,Bangalore,Shopping,2023,6,10,5,44674.0,4433.0,3409.0,17505.333333333332,21,28444.0
T9141,U074,2023-09-03,Income,Bonus,28444.0,Upi,Unknown,Online course,2023,9,3,6,7288.0,44674.0,4433.0,18798.333333333332,22,7877.0
T13407,U074,2023-09-08,Expense,Entertainment,7877.0,Card,Delhi,Petrol,2023,9,8,4,28444.0,7288.0,44674.0,26802.0,23,6073.0
T9030,U074,2023-10-21,Expense,Travel,6073.0,Cash,Chennai,Train ticket,2023,10,21,5,7877.0,28444.0,7288.0,14536.333333333334,24,8845.0
T9087,U074,2023-11-03,Expense,Food,8845.0,Bank_Transfer,Pune,No Notes,2023,11,3,4,6073.0,7877.0,28444.0,14131.333333333334,25,3432.0
T6496,U074,2023-11-26,Expense,Entertainment,3432.0,Card,Mumbai,Internet bill,2023,11,26,6,8845.0,6073.0,7877.0,7598.333333333333,26,2857.0
T12832,U074,2023-12-20,Expense,Food,2857.0,Upi,Jaipur,Fixed deposit,2023,12,20,2,3432.0,8845.0,6073.0,6116.666666666667,27,4198.0
T9760,U074,2024-01-31,Expense,Rent,4198.0,Upi,Kolkata,No Notes,2024,1,31,2,2857.0,3432.0,8845.0,5044.666666666667,28,9189.0
T0706,U074,2024-03-13,Expense,Travel,9189.0,Cash,Delhi,Gym membership,2024,3,13,2,4198.0,2857.0,3432.0,3495.6666666666665,29,6242.0
T11555,U074,2024-03-25,Expense,Utilities,6242.0,Upi,Unknown,Restaurant dinner,2024,3,25,0,9189.0,4198.0,2857.0,5414.666666666667,30,1941.0
T9920,U074,2024-03-30,Expense,Food,1941.0,Bank_Transfer,Chennai,Shopping,2024,3,30,5,6242.0,9189.0,4198.0,6543.0,31,805.0
T4826,U074,2024-04-07,Expense,Food,805.0,Cash,Bangalore,Shopping,2024,4,7,6,1941.0,6242.0,9189.0,5790.666666666667,32,999999.0
T7961,U074,2024-04-11,Expense,Health,999999.0,Bank_Transfer,Ahmedabad,No Notes,2024,4,11,3,805.0,1941.0,6242.0,2996.0,33,3559.0
T6772,U074,2024-05-07,Expense,Food,3559.0,Cash,Bangalore,Books,2024,5,7,1,999999.0,805.0,1941.0,334248.3333333333,34,3193.0
T11531,U074,2024-06-29,Expense,Travel,3193.0,Unknown,Delhi,Train ticket,2024,6,29,5,3559.0,999999.0,805.0,334787.6666666667,35,46237.0
T5853,U074,2024-07-27,Expense,Rent,46237.0,Card,Kolkata,Fixed deposit,2024,7,27,5,3193.0,3559.0,999999.0,335583.6666666667,36,2578.0
T13423,U074,2024-07-28,Expense,Rent,2578.0,Upi,Mumbai,Online course,2024,7,28,6,46237.0,3193.0,3559.0,17663.0,37,2115.0
T5312,U074,2024-08-01,Expense,Food,2115.0,Bank_Transfer,Kolkata,Coffee,2024,8,1,3,2578.0,46237.0,3193.0,17336.0,38,1434.0
T13098,U074,2024-08-13,Expense,Travel,1434.0,Upi,Kolkata,Train ticket,2024,8,13,1,2115.0,2578.0,46237.0,16976.666666666668,39,7517.0
T11190,U075,2021-05-13,Expense,Savings,8631.0,Cash,Lucknow,No Notes,2021,5,13,3,1810.0,7555.0,3210.0,4191.666666666667,3,5160.0
T9300,U075,2021-06-17,Expense,Rent,5160.0,Cash,Jaipur,No Notes,2021,6,17,3,8631.0,1810.0,7555.0,5998.666666666667,4,9400.0
T1911,U075,2021-06-22,Expense,Food,9400.0,Cash,Kolkata,Train ticket,2021,6,22,1,5160.0,8631.0,1810.0,5200.333333333333,5,3426.0
T10657,U075,2021-07-02,Expense,Food,3426.0,Bank_Transfer,Bangalore,!!!,2021,7,2,4,9400.0,5160.0,8631.0,7730.333333333333,6,2104.0
T9586,U075,2021-08-02,Expense,Utilities,2104.0,Bank_Transfer,Bangalore,Books,2021,8,2,0,3426.0,9400.0,5160.0,5995.333333333333,7,7235.0
T5253,U075,2021-08-07,Expense,Food,7235.0,Card,Bangalore,test,2021,8,7,5,2104.0,3426.0,9400.0,4976.666666666667,8,17842.0
T7215,U075,2021-08-18,Income,Investment,17842.0,Card,Ahmedabad,Gym membership,2021,8,18,2,7235.0,2104.0,3426.0,4255.0,9,46896.0
T5130,U075,2021-09-10,Expense,Rent,46896.0,Upi,Delhi,Lunch,2021,9,10,4,17842.0,7235.0,2104.0,9060.333333333334,10,1630.0
T12652,U075,2021-10-27,Expense,Entertainment,1630.0,Upi,Ahmedabad,Monthly rent payment,2021,10,27,2,46896.0,17842.0,7235.0,23991.0,11,26827.0
T4139,U075,2021-11-08,Income,Freelance,26827.0,Card,Chennai,misc,2021,11,8,0,1630.0,46896.0,17842.0,22122.666666666668,12,56061.0
T0413,U075,2021-12-09,Income,Bonus,56061.0,Upi,Jaipur,Doctor consultation,2021,12,9,3,26827.0,1630.0,46896.0,25117.666666666668,13,2647.0
T12554,U075,2022-03-20,Expense,Entertainment,2647.0,Cash,Bangalore,!!!,2022,3,20,6,56061.0,26827.0,1630.0,28172.666666666668,14,1104.0
T3754,U075,2022-03-22,Expense,Utilities,1104.0,Upi,Unknown,Fixed deposit,2022,3,22,1,2647.0,56061.0,26827.0,28511.666666666668,15,1322.0
T1118,U075,2022-03-28,Expense,Entertainment,1322.0,Card,Delhi,xyz123,2022,3,28,0,1104.0,2647.0,56061.0,19937.333333333332,16,1935.0
T2637,U075,2022-03-29,Expense,Food,1935.0,Cash,Bangalore,No Notes,2022,3,29,1,1322.0,1104.0,2647.0,1691.0,17,999999.0
T10512,U075,2022-05-16,Expense,Education,999999.0,Bank_Transfer,Pune,Shopping,2022,5,16,0,1935.0,1322.0,1104.0,1453.6666666666667,18,8084.0
T1070,U075,2022-05-20,Expense,Utilities,8084.0,Cash,Chennai,test,2022,5,20,4,999999.0,1935.0,1322.0,334418.6666666667,19,6641.0
T5283,U075,2022-06-24,Expense,Travel,6641.0,Card,Ahmedabad,Fixed deposit,2022,6,24,4,8084.0,999999.0,1935.0,336672.6666666667,20,8890.0
T6550,U075,2022-07-09,Expense,Travel,8890.0,Cash,Jaipur,Restaurant dinner,2022,7,9,5,6641.0,8084.0,999999.0,338241.3333333333,21,4923.0
T2577,U075,2022-07-13,Expense,Utilities,4923.0,Bank_Transfer,Mumbai,No Notes,2022,7,13,2,8890.0,6641.0,8084.0,7871.666666666667,22,39709.0
T2712,U075,2022-09-01,Income,Freelance,39709.0,Cash,Delhi,!!!,2022,9,1,3,4923.0,8890.0,6641.0,6818.0,23,7317.0
T12907,U075,2023-02-10,Expense,Entertainment,7317.0,Cash,Mumbai,Electricity bill,2023,2,10,4,39709.0,4923.0,8890.0,17840.666666666668,24,709.0
T3179,U075,2023-03-03,Expense,Food,709.0,Bank_Transfer,Ahmedabad,misc,2023,3,3,4,7317.0,39709.0,4923.0,17316.333333333332,25,503.0
T12018,U075,2023-04-06,Expense,Travel,503.0,Card,Chennai,...,2023,4,6,3,709.0,7317.0,39709.0,15911.666666666666,26,8795.0
T13342,U075,2023-04-15,Expense,Education,8795.0,Cash,Mumbai,Electricity bill,2023,4,15,5,503.0,709.0,7317.0,2843.0,27,7924.0
T13393,U075,2023-08-01,Expense,Savings,7924.0,Cash,Delhi,Coffee,2023,8,1,1,8795.0,503.0,709.0,3335.6666666666665,28,13975.0
T13982,U075,2023-10-18,Income,Investment,13975.0,Upi,Kolkata,Petrol,2023,10,18,2,7924.0,8795.0,503.0,5740.666666666667,29,1318.0
T2121,U075,2023-10-23,Expense,Food,1318.0,Bank_Transfer,Mumbai,!!!,2023,10,23,0,13975.0,7924.0,8795.0,10231.333333333334,30,74161.0
T8646,U075,2023-11-20,Income,Bonus,74161.0,Cash,Pune,Restaurant dinner,2023,11,20,0,1318.0,13975.0,7924.0,7739.0,31,5756.0
T12648,U075,2023-11-27,Expense,Food,5756.0,Card,Chennai,Medicine,2023,11,27,0,74161.0,1318.0,13975.0,29818.0,32,6332.0
T9745,U075,2024-01-01,Expense,Travel,6332.0,Cash,Bangalore,Internet bill,2024,1,1,0,5756.0,74161.0,1318.0,27078.333333333332,33,2062.0
T2556,U075,2024-01-20,Expense,Food,2062.0,Upi,Lucknow,Uber ride,2024,1,20,5,6332.0,5756.0,74161.0,28749.666666666668,34,38623.0
T5129,U075,2024-02-10,Income,Bonus,38623.0,Cash,Hyderabad,...,2024,2,10,5,2062.0,6332.0,5756.0,4716.666666666667,35,2412.0
T6655,U075,2024-03-01,Expense,Food,2412.0,Upi,Hyderabad,Online course,2024,3,1,4,38623.0,2062.0,6332.0,15672.333333333334,36,174.0
T5651,U075,2024-03-11,Expense,Food,174.0,Upi,Unknown,Petrol,2024,3,11,0,2412.0,38623.0,2062.0,14365.666666666666,37,17794.0
T1055,U075,2024-05-20,Expense,Rent,17794.0,Cash,Jaipur,Train ticket,2024,5,20,0,174.0,2412.0,38623.0,13736.333333333334,38,67153.0
T10977,U075,2024-06-17,Income,Others,67153.0,Bank_Transfer,Pune,EMI payment,2024,6,17,0,17794.0,174.0,2412.0,6793.333333333333,39,946934.0
T7624,U075,2024-07-24,Income,Others,946934.0,Bank_Transfer,Jaipur,Fixed deposit,2024,7,24,2,67153.0,17794.0,174.0,28373.666666666668,40,8609.0
T3399,U075,2024-09-04,Expense,Rent,8609.0,Unknown,Pune,Doctor consultation,2024,9,4,2,946934.0,67153.0,17794.0,343960.3333333333,41,5381.0
T0206,U075,2024-10-09,Expense,Entertainment,5381.0,Bank_Transfer,Pune,Grocery shopping,2024,10,9,2,8609.0,946934.0,67153.0,340898.6666666667,42,5286.0
T4994,U076,2021-05-31,Expense,Travel,6996.0,Upi,Pune,Movie tickets,2021,5,31,0,69656.0,6196.0,50568.0,42140.0,3,3695.0
T8922,U076,2021-06-26,Expense,Food,3695.0,Cash,Bangalore,test,2021,6,26,5,6996.0,69656.0,6196.0,27616.0,4,8144.0
T6880,U076,2021-07-16,Expense,Utilities,8144.0,Card,Bangalore,xyz123,2021,7,16,4,3695.0,6996.0,69656.0,26782.333333333332,5,5217.0
T9334,U076,2021-08-25,Expense,Entertainment,5217.0,Upi,Pune,Petrol,2021,8,25,2,8144.0,3695.0,6996.0,6278.333333333333,6,2093.0
T12419,U076,2021-12-25,Expense,Utilities,2093.0,Bank_Transfer,Unknown,Train ticket,2021,12,25,5,5217.0,8144.0,3695.0,5685.333333333333,7,78908.0
T5185,U076,2022-01-19,Income,Salary,78908.0,Bank_Transfer,Hyderabad,Gym membership,2022,1,19,2,2093.0,5217.0,8144.0,5151.333333333333,8,179.0
T8648,U076,2022-03-09,Expense,Food,179.0,Upi,Hyderabad,Coffee,2022,3,9,2,78908.0,2093.0,5217.0,28739.333333333332,9,2678.0
T7069,U076,2022-05-13,Expense,Travel,2678.0,Unknown,Unknown,Lunch,2022,5,13,4,179.0,78908.0,2093.0,27060.0,10,2407.0
T12348,U076,2022-05-29,Expense,Food,2407.0,Bank_Transfer,Hyderabad,Movie tickets,2022,5,29,6,2678.0,179.0,78908.0,27255.0,11,5718.0
T1048,U076,2022-06-01,Expense,Travel,5718.0,Upi,Mumbai,xyz123,2022,6,1,2,2407.0,2678.0,179.0,1754.6666666666667,12,2236.0
T7155,U076,2022-09-07,Expense,Food,2236.0,Cash,Chennai,No Notes,2022,9,7,2,5718.0,2407.0,2678.0,3601.0,13,3742.0
T1170,U076,2022-10-14,Expense,Entertainment,3742.0,Cash,Hyderabad,Lunch,2022,10,14,4,2236.0,5718.0,2407.0,3453.6666666666665,14,3528.0
T10237,U076,2022-11-02,Expense,Food,3528.0,Upi,Jaipur,misc,2022,11,2,2,3742.0,2236.0,5718.0,3898.6666666666665,15,51548.0
T5025,U076,2022-11-14,Income,Others,51548.0,Card,Bangalore,test,2022,11,14,0,3528.0,3742.0,2236.0,3168.6666666666665,16,8369.0
T0679,U076,2022-12-13,Expense,Utilities,8369.0,Card,Chennai,Monthly rent payment,2022,12,13,1,51548.0,3528.0,3742.0,19606.0,17,7169.0
T4123,U076,2022-12-24,Expense,Rent,7169.0,Upi,Unknown,Monthly rent payment,2022,12,24,5,8369.0,51548.0,3528.0,21148.333333333332,18,3785.0
T3825,U076,2023-01-03,Expense,Travel,3785.0,Cash,Bangalore,Grocery shopping,2023,1,3,1,7169.0,8369.0,51548.0,22362.0,19,307.0
T9910,U076,2023-01-15,Expense,Food,307.0,Upi,Lucknow,asdfgh,2023,1,15,6,3785.0,7169.0,8369.0,6441.0,20,5485.0
T0450,U076,2023-02-09,Expense,Health,5485.0,Cash,Pune,ATM withdrawal,2023,2,9,3,307.0,3785.0,7169.0,3753.6666666666665,21,2196.0
T1840,U076,2023-06-16,Expense,Entertainment,2196.0,Cash,Kolkata,Fixed deposit,2023,6,16,4,5485.0,307.0,3785.0,3192.3333333333335,22,9124.0
T6986,U076,2023-08-16,Expense,Travel,9124.0,Card,Hyderabad,Lunch,2023,8,16,2,2196.0,5485.0,307.0,2662.6666666666665,23,6170.0
T12133,U076,2023-08-16,Expense,Utilities,6170.0,Card,Hyderabad,No Notes,2023,8,16,2,9124.0,2196.0,5485.0,5601.666666666667,24,4217.0
T4367,U076,2023-08-23,Expense,Travel,4217.0,Card,Pune,asdfgh,2023,8,23,2,6170.0,9124.0,2196.0,5830.0,25,3602.0
T9542,U076,2023-12-31,Expense,Food,3602.0,Upi,Hyderabad,Movie tickets,2023,12,31,6,4217.0,6170.0,9124.0,6503.666666666667,26,34284.0
T6268,U076,2024-01-12,Expense,Rent,34284.0,Cash,Unknown,!!!,2024,1,12,4,3602.0,4217.0,6170.0,4663.0,27,7712.0
T0385,U076,2024-02-03,Expense,Food,7712.0,Upi,Mumbai,Restaurant dinner,2024,2,3,5,34284.0,3602.0,4217.0,14034.333333333334,28,1503.0
T11047,U076,2024-07-30,Expense,Entertainment,1503.0,Upi,Mumbai,Internet bill,2024,7,30,1,7712.0,34284.0,3602.0,15199.333333333334,29,3459.0
T5460,U076,2024-09-11,Expense,Health,3459.0,Cash,Unknown,No Notes,2024,9,11,2,1503.0,7712.0,34284.0,14499.666666666666,30,5210.0
T13511,U076,2024-09-26,Expense,Savings,5210.0,Card,Ahmedabad,Uber ride,2024,9,26,3,3459.0,1503.0,7712.0,4224.666666666667,31,266.0
T12449,U076,2024-10-21,Expense,Rent,266.0,Upi,Chennai,xyz123,2024,10,21,0,5210.0,3459.0,1503.0,3390.6666666666665,32,49775.0
T7399,U076,2024-11-30,Expense,Rent,49775.0,Card,Unknown,Gym membership,2024,11,30,5,266.0,5210.0,3459.0,2978.3333333333335,33,8335.0
T10987,U076,2024-12-09,Expense,Education,8335.0,Cash,Mumbai,Internet bill,2024,12,9,0,49775.0,266.0,5210.0,18417.0,34,1526.0
T0465,U076,2024-12-29,Expense,Savings,1526.0,Bank_Transfer,Delhi,No Notes,2024,12,29,6,8335.0,49775.0,266.0,19458.666666666668,35,3241.0
T7408,U077,2021-02-20,Expense,Travel,780.0,Card,Delhi,Online course,2021,2,20,5,3661.0,49741.0,5725.0,19709.0,3,5033.0
T12020,U077,2021-04-24,Expense,Entertainment,5033.0,Bank_Transfer,Kolkata,!!!,2021,4,24,5,780.0,3661.0,49741.0,18060.666666666668,4,7738.0
T9492,U077,2021-05-14,Expense,Entertainment,7738.0,Upi,Chennai,asdfgh,2021,5,14,4,5033.0,780.0,3661.0,3158.0,5,13777.0
T8208,U077,2021-08-10,Income,Salary,13777.0,Cash,Hyderabad,Petrol,2021,8,10,1,7738.0,5033.0,780.0,4517.0,6,30015.0
T3187,U077,2021-11-12,Expense,Rent,30015.0,Bank_Transfer,Delhi,No Notes,2021,11,12,4,13777.0,7738.0,5033.0,8849.333333333334,7,79785.0
T4490,U077,2021-11-14,Income,Investment,79785.0,Cash,Unknown,No Notes,2021,11,14,6,30015.0,13777.0,7738.0,17176.666666666668,8,2222.0
T9196,U077,2021-12-08,Expense,Food,2222.0,Cash,Pune,test,2021,12,8,2,79785.0,30015.0,13777.0,41192.333333333336,9,513.0
T12198,U077,2021-12-16,Expense,Utilities,513.0,Cash,Chennai,No Notes,2021,12,16,3,2222.0,79785.0,30015.0,37340.666666666664,10,3302.0
T4682,U077,2021-12-28,Expense,Food,3302.0,Card,Chennai,Grocery shopping,2021,12,28,1,513.0,2222.0,79785.0,27506.666666666668,11,1462.0
T1081,U077,2022-01-15,Expense,Food,1462.0,Cash,Pune,...,2022,1,15,5,3302.0,513.0,2222.0,2012.3333333333333,12,5609.0
T12600,U077,2022-03-05,Expense,Entertainment,5609.0,Upi,Mumbai,Movie tickets,2022,3,5,5,1462.0,3302.0,513.0,1759.0,13,9354.0
T10775,U077,2022-05-28,Expense,Entertainment,9354.0,Upi,Ahmedabad,misc,2022,5,28,5,5609.0,1462.0,3302.0,3457.6666666666665,14,4138.0
T12080,U077,2022-06-06,Expense,Rent,4138.0,Bank_Transfer,Lucknow,Fixed deposit,2022,6,6,0,9354.0,5609.0,1462.0,5475.0,15,6739.0
T9891,U077,2022-06-08,Expense,Utilities,6739.0,Bank_Transfer,Chennai,Online course,2022,6,8,2,4138.0,9354.0,5609.0,6367.0,16,2747.0
T7619,U077,2022-07-04,Expense,Travel,2747.0,Card,Delhi,!!!,2022,7,4,0,6739.0,4138.0,9354.0,6743.666666666667,17,2838.0
T5431,U077,2022-08-30,Expense,Rent,2838.0,Bank_Transfer,Delhi,Train ticket,2022,8,30,1,2747.0,6739.0,4138.0,4541.333333333333,18,2229.0
T4310,U077,2022-09-24,Expense,Utilities,2229.0,Upi,Unknown,!!!,2022,9,24,5,2838.0,2747.0,6739.0,4108.0,19,8886.0
T5537,U077,2022-10-27,Expense,Utilities,8886.0,Upi,Kolkata,misc,2022,10,27,3,2229.0,2838.0,2747.0,2604.6666666666665,20,5991.0
T1977,U077,2022-12-06,Expense,Savings,5991.0,Upi,Hyderabad,No Notes,2022,12,6,1,8886.0,2229.0,2838.0,4651.0,21,8285.0
T3837,U077,2023-02-05,Expense,Travel,8285.0,Cash,Chennai,Restaurant dinner,2023,2,5,6,5991.0,8886.0,2229.0,5702.0,22,18358.0
T12206,U077,2023-02-10,Expense,Rent,18358.0,Card,Mumbai,Shopping,2023,2,10,4,8285.0,5991.0,8886.0,7720.666666666667,23,3153.0
T2054,U077,2023-03-02,Expense,Food,3153.0,Card,Chennai,Movie tickets,2023,3,2,3,18358.0,8285.0,5991.0,10878.0,24,2000.0
T11869,U077,2023-05-16,Expense,Food,2000.0,Card,Mumbai,Electricity bill,2023,5,16,1,3153.0,18358.0,8285.0,9932.0,25,3230.0
T2482,U077,2023-05-23,Expense,Food,3230.0,Unknown,Mumbai,Grocery shopping,2023,5,23,1,2000.0,3153.0,18358.0,7837.0,26,3427.0
T12269,U077,2023-06-02,Expense,Rent,3427.0,Upi,Jaipur,Electricity bill,2023,6,2,4,3230.0,2000.0,3153.0,2794.3333333333335,27,42030.0
T7483,U077,2023-06-09,Income,Freelance,42030.0,Upi,Jaipur,Monthly rent payment,2023,6,9,4,3427.0,3230.0,2000.0,2885.6666666666665,28,9934.0
T6693,U077,2023-07-07,Expense,Travel,9934.0,Cash,Mumbai,EMI payment,2023,7,7,4,42030.0,3427.0,3230.0,16229.0,29,1705.0
T2421,U077,2023-07-24,Expense,Utilities,1705.0,Bank_Transfer,Unknown,Fixed deposit,2023,7,24,0,9934.0,42030.0,3427.0,18463.666666666668,30,8341.0
T11575,U077,2023-08-26,Expense,Utilities,8341.0,Card,Hyderabad,...,2023,8,26,5,1705.0,9934.0,42030.0,17889.666666666668,31,8457.0
T6668,U077,2023-09-15,Expense,Travel,8457.0,Cash,Chennai,Train ticket,2023,9,15,4,8341.0,1705.0,9934.0,6660.0,32,1200.0
T5059,U077,2023-09-16,Expense,Food,1200.0,Bank_Transfer,Pune,ATM withdrawal,2023,9,16,5,8457.0,8341.0,1705.0,6167.666666666667,33,10693.0
T7973,U077,2023-10-06,Income,Others,10693.0,Bank_Transfer,Ahmedabad,EMI payment,2023,10,6,4,1200.0,8457.0,8341.0,5999.333333333333,34,3391.0
T1912,U077,2023-11-02,Expense,Food,3391.0,Upi,Lucknow,asdfgh,2023,11,2,3,10693.0,1200.0,8457.0,6783.333333333333,35,731.0
T11268,U077,2023-11-04,Expense,Food,731.0,Upi,Bangalore,!!!,2023,11,4,5,3391.0,10693.0,1200.0,5094.666666666667,36,3607.0
T10557,U077,2023-11-17,Expense,Travel,3607.0,Cash,Delhi,Coffee,2023,11,17,4,731.0,3391.0,10693.0,4938.333333333333,37,6565.0
T3137,U077,2023-12-01,Expense,Health,6565.0,Card,Pune,...,2023,12,1,4,3607.0,731.0,3391.0,2576.3333333333335,38,7560.0
T10360,U077,2024-01-07,Expense,Rent,7560.0,Card,Mumbai,Lunch,2024,1,7,6,6565.0,3607.0,731.0,3634.3333333333335,39,2287.0
T6429,U077,2024-03-07,Expense,Travel,2287.0,Cash,Unknown,test,2024,3,7,3,7560.0,6565.0,3607.0,5910.666666666667,40,7215.0
T0266,U077,2024-03-26,Expense,Food,7215.0,Card,Pune,Electricity bill,2024,3,26,1,2287.0,7560.0,6565.0,5470.666666666667,41,1215.0
T3766,U077,2024-05-22,Expense,Rent,1215.0,Card,Mumbai,...,2024,5,22,2,7215.0,2287.0,7560.0,5687.333333333333,42,9166.0
T10070,U077,2024-09-24,Expense,Rent,9166.0,Upi,Kolkata,Restaurant dinner,2024,9,24,1,1215.0,7215.0,2287.0,3572.3333333333335,43,3822.0
T3295,U077,2024-10-04,Expense,Education,3822.0,Bank_Transfer,Delhi,ATM withdrawal,2024,10,4,4,9166.0,1215.0,7215.0,5865.333333333333,44,39856.0
T1369,U077,2024-10-06,Expense,Rent,39856.0,Upi,Unknown,xyz123,2024,10,6,6,3822.0,9166.0,1215.0,4734.333333333333,45,9896.0
T9656,U077,2024-10-15,Expense,Rent,9896.0,Cash,Hyderabad,Internet bill,2024,10,15,1,39856.0,3822.0,9166.0,17614.666666666668,46,9296.0
T10677,U077,2024-10-30,Expense,Travel,9296.0,Cash,Bangalore,Uber ride,2024,10,30,2,9896.0,39856.0,3822.0,17858.0,47,4692.0
T3986,U077,2024-12-20,Expense,Travel,4692.0,Upi,Jaipur,Fixed deposit,2024,12,20,4,9296.0,9896.0,39856.0,19682.666666666668,48,5116.0
T11527,U077,2024-12-22,Expense,Rent,5116.0,Cash,Kolkata,Shopping,2024,12,22,6,4692.0,9296.0,9896.0,7961.333333333333,49,3414.0
T10289,U078,2021-05-04,Expense,Food,1644.0,Card,Kolkata,Books,2021,5,4,1,2543.0,9689.0,1528.0,4586.666666666667,3,1141.0
T11811,U078,2021-06-15,Expense,Food,1141.0,Cash,Delhi,Restaurant dinner,2021,6,15,1,1644.0,2543.0,9689.0,4625.333333333333,4,4914.0
T6386,U078,2021-08-11,Expense,Travel,4914.0,Card,Mumbai,Books,2021,8,11,2,1141.0,1644.0,2543.0,1776.0,5,64935.0
T0003,U078,2021-08-26,Income,Others,64935.0,Bank_Transfer,Lucknow,!!!,2021,8,26,3,4914.0,1141.0,1644.0,2566.3333333333335,6,3025.0
T3478,U078,2021-09-07,Expense,Food,3025.0,Bank_Transfer,Pune,Movie tickets,2021,9,7,1,64935.0,4914.0,1141.0,23663.333333333332,7,6517.0
T9642,U078,2021-09-21,Expense,Food,6517.0,Upi,Chennai,asdfgh,2021,9,21,1,3025.0,64935.0,4914.0,24291.333333333332,8,227.0
T9246,U078,2021-11-18,Expense,Travel,227.0,Card,Delhi,Electricity bill,2021,11,18,3,6517.0,3025.0,64935.0,24825.666666666668,9,47184.0
T3236,U078,2021-11-27,Income,Investment,47184.0,Card,Delhi,Grocery shopping,2021,11,27,5,227.0,6517.0,3025.0,3256.3333333333335,10,9767.0
T6121,U078,2021-12-20,Expense,Rent,9767.0,Cash,Lucknow,Fixed deposit,2021,12,20,0,47184.0,227.0,6517.0,17976.0,11,515.0
T4177,U078,2021-12-24,Expense,Rent,515.0,Cash,Jaipur,Uber ride,2021,12,24,4,9767.0,47184.0,227.0,19059.333333333332,12,707.0
T4376,U078,2021-12-27,Expense,Health,707.0,Card,Jaipur,!!!,2021,12,27,0,515.0,9767.0,47184.0,19155.333333333332,13,3953.0
T12825,U078,2022-03-28,Expense,Utilities,3953.0,Upi,Chennai,No Notes,2022,3,28,0,707.0,515.0,9767.0,3663.0,14,7585.0
T8876,U078,2022-06-24,Expense,Utilities,7585.0,Upi,Hyderabad,Shopping,2022,6,24,4,3953.0,707.0,515.0,1725.0,15,1660.0
T6670,U078,2022-08-14,Expense,Utilities,1660.0,Cash,Chennai,No Notes,2022,8,14,6,7585.0,3953.0,707.0,4081.6666666666665,16,5459.0
T10618,U078,2022-08-19,Expense,Entertainment,5459.0,Bank_Transfer,Mumbai,No Notes,2022,8,19,4,1660.0,7585.0,3953.0,4399.333333333333,17,3844.0
T2001,U078,2022-11-05,Expense,Food,3844.0,Cash,Ahmedabad,Doctor consultation,2022,11,5,5,5459.0,1660.0,7585.0,4901.333333333333,18,4556.0
T5987,U078,2022-12-30,Expense,Food,4556.0,Card,Bangalore,Lunch,2022,12,30,4,3844.0,5459.0,1660.0,3654.3333333333335,19,6946.0
T1351,U078,2023-01-03,Expense,Travel,6946.0,Bank_Transfer,Ahmedabad,Coffee,2023,1,3,1,4556.0,3844.0,5459.0,4619.666666666667,20,5240.0
T12152,U078,2023-01-08,Expense,Rent,5240.0,Cash,Delhi,No Notes,2023,1,8,6,6946.0,4556.0,3844.0,5115.333333333333,21,8088.0
T3604,U078,2023-01-21,Expense,Utilities,8088.0,Bank_Transfer,Pune,Coffee,2023,1,21,5,5240.0,6946.0,4556.0,5580.666666666667,22,2024.0
T0975,U078,2023-02-11,Expense,Utilities,2024.0,Bank_Transfer,Hyderabad,No Notes,2023,2,11,5,8088.0,5240.0,6946.0,6758.0,23,1636.0
T2930,U078,2023-03-21,Expense,Utilities,1636.0,Cash,Ahmedabad,No Notes,2023,3,21,1,2024.0,8088.0,5240.0,5117.333333333333,24,13033.0
T4653,U078,2023-04-07,Expense,Rent,13033.0,Card,Mumbai,No Notes,2023,4,7,4,1636.0,2024.0,8088.0,3916.0,25,44834.0
T10466,U078,2023-04-30,Expense,Rent,44834.0,Bank_Transfer,Kolkata,Gym membership,2023,4,30,6,13033.0,1636.0,2024.0,5564.333333333333,26,2197.0
T3502,U078,2023-05-19,Expense,Rent,2197.0,Upi,Lucknow,Books,2023,5,19,4,44834.0,13033.0,1636.0,19834.333333333332,27,395.0
T7684,U078,2023-07-22,Expense,Food,395.0,Upi,Mumbai,Books,2023,7,22,5,2197.0,44834.0,13033.0,20021.333333333332,28,1317.0
T10148,U078,2023-08-10,Expense,Entertainment,1317.0,Upi,Pune,Medicine,2023,8,10,3,395.0,2197.0,44834.0,15808.666666666666,29,8528.0
T8527,U078,2023-10-31,Expense,Entertainment,8528.0,Card,Chennai,Grocery shopping,2023,10,31,1,1317.0,395.0,2197.0,1303.0,30,1064.0
T0401,U078,2023-11-01,Expense,Food,1064.0,Upi,Chennai,Gym membership,2023,11,1,2,8528.0,1317.0,395.0,3413.3333333333335,31,7539.0
T2727,U078,2023-11-14,Expense,Travel,7539.0,Card,Jaipur,Medicine,2023,11,14,1,1064.0,8528.0,1317.0,3636.3333333333335,32,4076.0
T9236,U078,2023-11-15,Expense,Food,4076.0,Cash,Unknown,Restaurant dinner,2023,11,15,2,7539.0,1064.0,8528.0,5710.333333333333,33,45035.0
T5423,U078,2023-11-24,Income,Investment,45035.0,Cash,Kolkata,Lunch,2023,11,24,4,4076.0,7539.0,1064.0,4226.333333333333,34,2741.0
T2899,U078,2023-12-12,Expense,Food,2741.0,Upi,Lucknow,Online course,2023,12,12,1,45035.0,4076.0,7539.0,18883.333333333332,35,9237.0
T2661,U078,2024-01-09,Expense,Rent,9237.0,Upi,Ahmedabad,No Notes,2024,1,9,1,2741.0,45035.0,4076.0,17284.0,36,460.0
T7509,U078,2024-02-15,Expense,Food,460.0,Bank_Transfer,Delhi,Internet bill,2024,2,15,3,9237.0,2741.0,45035.0,19004.333333333332,37,1401.0
T1737,U078,2024-04-03,Expense,Utilities,1401.0,Bank_Transfer,Bangalore,Online course,2024,4,3,2,460.0,9237.0,2741.0,4146.0,38,4699.0
T10643,U078,2024-04-16,Expense,Food,4699.0,Upi,Ahmedabad,Doctor consultation,2024,4,16,1,1401.0,460.0,9237.0,3699.3333333333335,39,6141.0
T0071,U078,2024-04-26,Expense,Rent,6141.0,Cash,Pune,No Notes,2024,4,26,4,4699.0,1401.0,460.0,2186.6666666666665,40,2049.0
T13361,U078,2024-08-09,Expense,Education,2049.0,Upi,Delhi,Movie tickets,2024,8,9,4,6141.0,4699.0,1401.0,4080.3333333333335,41,1062.0
T10568,U078,2024-10-01,Expense,Travel,1062.0,Bank_Transfer,Delhi,asdfgh,2024,10,1,1,2049.0,6141.0,4699.0,4296.333333333333,42,4365.0
T5337,U079,2021-03-21,Expense,Food,2627.0,Bank_Transfer,Bangalore,No Notes,2021,3,21,6,6530.0,2395.0,2234.0,3719.6666666666665,3,25892.0
T12191,U079,2021-04-11,Income,Others,25892.0,Bank_Transfer,Unknown,Electricity bill,2021,4,11,6,2627.0,6530.0,2395.0,3850.6666666666665,4,9173.0
T6096,U079,2021-08-09,Expense,Health,9173.0,Upi,Delhi,EMI payment,2021,8,9,0,25892.0,2627.0,6530.0,11683.0,5,77530.0
T6584,U079,2021-09-18,Income,Bonus,77530.0,Upi,Chennai,No Notes,2021,9,18,5,9173.0,25892.0,2627.0,12564.0,6,504.0
T2460,U079,2021-09-30,Expense,Food,504.0,Upi,Unknown,Medicine,2021,9,30,3,77530.0,9173.0,25892.0,37531.666666666664,7,1660.0
T12769,U079,2021-11-15,Expense,Education,1660.0,Upi,Kolkata,Shopping,2021,11,15,0,504.0,77530.0,9173.0,29069.0,8,9734.0
T6055,U079,2022-01-01,Expense,Utilities,9734.0,Card,Kolkata,Electricity bill,2022,1,1,5,1660.0,504.0,77530.0,26564.666666666668,9,865.0
T7980,U079,2022-01-28,Expense,Health,865.0,Upi,Jaipur,Coffee,2022,1,28,4,9734.0,1660.0,504.0,3966.0,10,2063.0
T13039,U079,2022-03-30,Expense,Food,2063.0,Upi,Hyderabad,ATM withdrawal,2022,3,30,2,865.0,9734.0,1660.0,4086.3333333333335,11,2813.0
T2984,U079,2022-04-25,Expense,Food,2813.0,Card,Bangalore,Gym membership,2022,4,25,0,2063.0,865.0,9734.0,4220.666666666667,12,31361.0
T3561,U079,2022-07-30,Expense,Rent,31361.0,Card,Chennai,xyz123,2022,7,30,5,2813.0,2063.0,865.0,1913.6666666666667,13,48000.0
T10638,U079,2022-08-03,Income,Investment,48000.0,Upi,Hyderabad,No Notes,2022,8,3,2,31361.0,2813.0,2063.0,12079.0,14,3054.0
T7668,U079,2022-08-05,Expense,Entertainment,3054.0,Cash,Jaipur,Shopping,2022,8,5,4,48000.0,31361.0,2813.0,27391.333333333332,15,9896.0
T1417,U079,2022-09-14,Expense,Entertainment,9896.0,Cash,Delhi,Monthly rent payment,2022,9,14,2,3054.0,48000.0,31361.0,27471.666666666668,16,7244.0
T7162,U079,2022-10-08,Expense,Travel,7244.0,Cash,Lucknow,No Notes,2022,10,8,5,9896.0,3054.0,48000.0,20316.666666666668,17,5958.0
T3113,U079,2023-03-17,Expense,Health,5958.0,Bank_Transfer,Mumbai,misc,2023,3,17,4,7244.0,9896.0,3054.0,6731.333333333333,18,27579.0
T0110,U079,2023-03-22,Expense,Rent,27579.0,Cash,Unknown,Train ticket,2023,3,22,2,5958.0,7244.0,9896.0,7699.333333333333,19,45035.0
T10897,U079,2023-06-18,Income,Salary,45035.0,Upi,Jaipur,Train ticket,2023,6,18,6,27579.0,5958.0,7244.0,13593.666666666666,20,6730.0
T10244,U079,2023-07-01,Expense,Utilities,6730.0,Unknown,Chennai,Grocery shopping,2023,7,1,5,45035.0,27579.0,5958.0,26190.666666666668,21,1404.0
T6333,U079,2023-08-20,Expense,Rent,1404.0,Card,Ahmedabad,Monthly rent payment,2023,8,20,6,6730.0,45035.0,27579.0,26448.0,22,7446.0
T5495,U079,2023-10-19,Expense,Food,7446.0,Cash,Ahmedabad,Internet bill,2023,10,19,3,1404.0,6730.0,45035.0,17723.0,23,125.0
T11240,U079,2024-01-14,Expense,Food,125.0,Bank_Transfer,Chennai,Restaurant dinner,2024,1,14,6,7446.0,1404.0,6730.0,5193.333333333333,24,2758.0
T11518,U079,2024-01-16,Expense,Rent,2758.0,Card,Delhi,No Notes,2024,1,16,1,125.0,7446.0,1404.0,2991.6666666666665,25,4828.0
T0338,U079,2024-02-23,Expense,Travel,4828.0,Bank_Transfer,Lucknow,Online course,2024,2,23,4,2758.0,125.0,7446.0,3443.0,26,6055.0
T3899,U079,2024-02-26,Expense,Utilities,6055.0,Cash,Bangalore,asdfgh,2024,2,26,0,4828.0,2758.0,125.0,2570.3333333333335,27,7181.0
T2168,U079,2024-04-01,Expense,Utilities,7181.0,Upi,Mumbai,Online course,2024,4,1,0,6055.0,4828.0,2758.0,4547.0,28,2274.0
T7679,U079,2024-05-03,Expense,Education,2274.0,Cash,Hyderabad,Grocery shopping,2024,5,3,4,7181.0,6055.0,4828.0,6021.333333333333,29,6639.0
T7522,U079,2024-05-05,Expense,Travel,6639.0,Card,Hyderabad,No Notes,2024,5,5,6,2274.0,7181.0,6055.0,5170.0,30,6372.0
T9818,U079,2024-05-25,Expense,Others,6372.0,Upi,Pune,misc,2024,5,25,5,6639.0,2274.0,7181.0,5364.666666666667,31,2957.0
T3912,U079,2024-05-29,Expense,Food,2957.0,Cash,Delhi,Monthly rent payment,2024,5,29,2,6372.0,6639.0,2274.0,5095.0,32,13166.0
T11326,U079,2024-07-03,Income,Others,13166.0,Card,Kolkata,asdfgh,2024,7,3,2,2957.0,6372.0,6639.0,5322.666666666667,33,5441.0
T2747,U080,2021-08-29,Expense,Entertainment,6312.0,Bank_Transfer,Kolkata,No Notes,2021,8,29,6,65697.0,32514.0,5944.0,34718.333333333336,3,3723.0
T6032,U080,2021-09-28,Expense,Rent,3723.0,Card,Delhi,No Notes,2021,9,28,1,6312.0,65697.0,32514.0,34841.0,4,24421.0
T10879,U080,2021-10-16,Expense,Rent,24421.0,Cash,Mumbai,Internet bill,2021,10,16,5,3723.0,6312.0,65697.0,25244.0,5,15549.0
T5460,U080,2021-11-08,Expense,Rent,15549.0,Card,Kolkata,xyz123,2021,11,8,0,24421.0,3723.0,6312.0,11485.333333333334,6,9664.0
T3894,U080,2021-12-19,Expense,Rent,9664.0,Card,Bangalore,Lunch,2021,12,19,6,15549.0,24421.0,3723.0,14564.333333333334,7,46178.0
T4322,U080,2022-03-13,Income,Investment,46178.0,Upi,Kolkata,!!!,2022,3,13,6,9664.0,15549.0,24421.0,16544.666666666668,8,9886.0
T11606,U080,2022-04-05,Expense,Entertainment,9886.0,Card,Chennai,Petrol,2022,4,5,1,46178.0,9664.0,15549.0,23797.0,9,30535.0
T0831,U080,2022-05-31,Income,Investment,30535.0,Upi,Chennai,misc,2022,5,31,1,9886.0,46178.0,9664.0,21909.333333333332,10,3346.0
T1666,U080,2022-08-19,Expense,Food,3346.0,Cash,Bangalore,Train ticket,2022,8,19,4,30535.0,9886.0,46178.0,28866.333333333332,11,4643.0
T4167,U080,2022-09-04,Expense,Health,4643.0,Cash,Hyderabad,Lunch,2022,9,4,6,3346.0,30535.0,9886.0,14589.0,12,29568.0
T11436,U080,2022-10-03,Income,Investment,29568.0,Bank_Transfer,Hyderabad,ATM withdrawal,2022,10,3,0,4643.0,3346.0,30535.0,12841.333333333334,13,37626.0
T5418,U080,2022-12-10,Expense,Rent,37626.0,Cash,Ahmedabad,test,2022,12,10,5,29568.0,4643.0,3346.0,12519.0,14,7859.0
T7698,U080,2023-01-03,Expense,Food,7859.0,Bank_Transfer,Jaipur,No Notes,2023,1,3,1,37626.0,29568.0,4643.0,23945.666666666668,15,1453.0
T11993,U080,2023-01-22,Expense,Utilities,1453.0,Bank_Transfer,Chennai,misc,2023,1,22,6,7859.0,37626.0,29568.0,25017.666666666668,16,5313.0
T11838,U080,2023-02-07,Expense,Entertainment,5313.0,Upi,Ahmedabad,Train ticket,2023,2,7,1,1453.0,7859.0,37626.0,15646.0,17,2317.0
T12277,U080,2023-02-17,Expense,Utilities,2317.0,Bank_Transfer,Bangalore,test,2023,2,17,4,5313.0,1453.0,7859.0,4875.0,18,5252.0
T10872,U080,2023-02-22,Expense,Health,5252.0,Unknown,Delhi,Online course,2023,2,22,2,2317.0,5313.0,1453.0,3027.6666666666665,19,419.0
T12946,U080,2023-03-14,Expense,Utilities,419.0,Upi,Chennai,EMI payment,2023,3,14,1,5252.0,2317.0,5313.0,4294.0,20,7894.0
T7249,U080,2023-05-17,Expense,Food,7894.0,Upi,Pune,No Notes,2023,5,17,2,419.0,5252.0,2317.0,2662.6666666666665,21,8130.0
T4355,U080,2023-05-23,Expense,Education,8130.0,Upi,Lucknow,Uber ride,2023,5,23,1,7894.0,419.0,5252.0,4521.666666666667,22,1240.0
T0350,U080,2023-06-29,Expense,Savings,1240.0,Upi,Unknown,Movie tickets,2023,6,29,3,8130.0,7894.0,419.0,5481.0,23,7373.0
T1183,U080,2023-07-08,Expense,Rent,7373.0,Card,Mumbai,No Notes,2023,7,8,5,1240.0,8130.0,7894.0,5754.666666666667,24,9116.0
T9571,U080,2023-07-14,Expense,Rent,9116.0,Upi,Unknown,Lunch,2023,7,14,4,7373.0,1240.0,8130.0,5581.0,25,7836.0
T12902,U080,2023-09-28,Expense,Travel,7836.0,Bank_Transfer,Unknown,Shopping,2023,9,28,3,9116.0,7373.0,1240.0,5909.666666666667,26,2572.0
T2063,U080,2023-10-19,Expense,Utilities,2572.0,Cash,Mumbai,Electricity bill,2023,10,19,3,7836.0,9116.0,7373.0,8108.333333333333,27,9403.0
T13464,U080,2023-11-29,Expense,Education,9403.0,Bank_Transfer,Delhi,...,2023,11,29,2,2572.0,7836.0,9116.0,6508.0,28,4122.0
T4262,U080,2023-12-07,Expense,Food,4122.0,Upi,Chennai,ATM withdrawal,2023,12,7,3,9403.0,2572.0,7836.0,6603.666666666667,29,3045.0
T10456,U080,2023-12-18,Expense,Travel,3045.0,Cash,Delhi,No Notes,2023,12,18,0,4122.0,9403.0,2572.0,5365.666666666667,30,16746.0
T9861,U080,2024-01-18,Income,Investment,16746.0,Cash,Hyderabad,Petrol,2024,1,18,3,3045.0,4122.0,9403.0,5523.333333333333,31,5302.0
T2364,U080,2024-03-11,Expense,Entertainment,5302.0,Bank_Transfer,Chennai,misc,2024,3,11,0,16746.0,3045.0,4122.0,7971.0,32,6327.0
T11345,U080,2024-03-20,Expense,Health,6327.0,Cash,Bangalore,...,2024,3,20,2,5302.0,16746.0,3045.0,8364.333333333334,33,7463.0
T5175,U080,2024-04-12,Expense,Utilities,7463.0,Cash,Jaipur,!!!,2024,4,12,4,6327.0,5302.0,16746.0,9458.333333333334,34,4088.0
T10634,U080,2024-05-18,Expense,Food,4088.0,Bank_Transfer,Delhi,No Notes,2024,5,18,5,7463.0,6327.0,5302.0,6364.0,35,6402.0
T13755,U080,2024-06-05,Expense,Utilities,6402.0,Upi,Lucknow,Restaurant dinner,2024,6,5,2,4088.0,7463.0,6327.0,5959.333333333333,36,9703.0
T3759,U080,2024-06-07,Expense,Education,9703.0,Upi,Jaipur,misc,2024,6,7,4,6402.0,4088.0,7463.0,5984.333333333333,37,9358.0
T8617,U080,2024-07-26,Expense,Food,9358.0,Cash,Pune,Movie tickets,2024,7,26,4,9703.0,6402.0,4088.0,6731.0,38,30978.0
T13023,U080,2024-08-09,Income,Salary,30978.0,Upi,Delhi,Lunch,2024,8,9,4,9358.0,9703.0,6402.0,8487.666666666666,39,60670.0
T3286,U080,2024-08-22,Income,Freelance,60670.0,Cash,Unknown,Gym membership,2024,8,22,3,30978.0,9358.0,9703.0,16679.666666666668,40,356.0
T0357,U080,2024-11-10,Expense,Food,356.0,Bank_Transfer,Unknown,Monthly rent payment,2024,11,10,6,60670.0,30978.0,9358.0,33668.666666666664,41,7604.0
T13118,U080,2024-11-11,Expense,Rent,7604.0,Cash,Delhi,Petrol,2024,11,11,0,356.0,60670.0,30978.0,30668.0,42,2367.0
T5512,U080,2024-12-19,Expense,Food,2367.0,Upi,Jaipur,EMI payment,2024,12,19,3,7604.0,356.0,60670.0,22876.666666666668,43,4923.0
T9210,U080,2024-12-24,Expense,Others,4923.0,Cash,Chennai,misc,2024,12,24,1,2367.0,7604.0,356.0,3442.3333333333335,44,168.0
T1447,U081,2021-07-20,Expense,Food,3972.0,Bank_Transfer,Chennai,No Notes,2021,7,20,1,70142.0,12864.0,67519.0,50175.0,3,8219.0
T12934,U081,2021-08-06,Expense,Education,8219.0,Cash,Bangalore,Lunch,2021,8,6,4,3972.0,70142.0,12864.0,28992.666666666668,4,2783.0
T9161,U081,2021-08-09,Expense,Rent,2783.0,Cash,Jaipur,Movie tickets,2021,8,9,0,8219.0,3972.0,70142.0,27444.333333333332,5,3247.0
T10698,U081,2021-08-15,Expense,Travel,3247.0,Bank_Transfer,Kolkata,Medicine,2021,8,15,6,2783.0,8219.0,3972.0,4991.333333333333,6,3335.0
T2224,U081,2021-09-25,Expense,Food,3335.0,Cash,Hyderabad,test,2021,9,25,5,3247.0,2783.0,8219.0,4749.666666666667,7,864.0
T5875,U081,2021-10-31,Expense,Food,864.0,Bank_Transfer,Mumbai,Shopping,2021,10,31,6,3335.0,3247.0,2783.0,3121.6666666666665,8,32153.0
T5234,U081,2022-05-01,Expense,Rent,32153.0,Bank_Transfer,Ahmedabad,No Notes,2022,5,1,6,864.0,3335.0,3247.0,2482.0,9,4765.0
T10798,U081,2022-06-08,Expense,Food,4765.0,Card,Bangalore,Shopping,2022,6,8,2,32153.0,864.0,3335.0,12117.333333333334,10,8144.0
T13528,U081,2022-06-23,Expense,Education,8144.0,Upi,Kolkata,No Notes,2022,6,23,3,4765.0,32153.0,864.0,12594.0,11,6381.0
T12252,U081,2022-08-12,Expense,Travel,6381.0,Upi,Lucknow,Grocery shopping,2022,8,12,4,8144.0,4765.0,32153.0,15020.666666666666,12,2323.0
T13654,U081,2022-11-15,Expense,Savings,2323.0,Cash,Jaipur,asdfgh,2022,11,15,1,6381.0,8144.0,4765.0,6430.0,13,39313.0
T13813,U081,2022-12-01,Expense,Rent,39313.0,Upi,Delhi,Movie tickets,2022,12,1,3,2323.0,6381.0,8144.0,5616.0,14,6188.0
T10486,U081,2023-01-20,Expense,Others,6188.0,Card,Delhi,No Notes,2023,1,20,4,39313.0,2323.0,6381.0,16005.666666666666,15,7054.0
T7589,U081,2023-02-03,Expense,Travel,7054.0,Upi,Bangalore,asdfgh,2023,2,3,4,6188.0,39313.0,2323.0,15941.333333333334,16,4680.0
T9116,U081,2023-03-22,Expense,Others,4680.0,Unknown,Lucknow,Uber ride,2023,3,22,2,7054.0,6188.0,39313.0,17518.333333333332,17,2137.0
T11748,U081,2023-04-29,Expense,Food,2137.0,Cash,Bangalore,misc,2023,4,29,5,4680.0,7054.0,6188.0,5974.0,18,2243.0
T13557,U081,2023-05-26,Expense,Food,2243.0,Upi,Jaipur,No Notes,2023,5,26,4,2137.0,4680.0,7054.0,4623.666666666667,19,6187.0
T8338,U081,2023-09-30,Expense,Rent,6187.0,Upi,Hyderabad,EMI payment,2023,9,30,5,2243.0,2137.0,4680.0,3020.0,20,945687.0
T0021,U081,2023-11-14,Income,Salary,945687.0,Card,Hyderabad,No Notes,2023,11,14,1,6187.0,2243.0,2137.0,3522.3333333333335,21,502.0
T5903,U081,2023-11-20,Expense,Rent,502.0,Bank_Transfer,Ahmedabad,Internet bill,2023,11,20,0,945687.0,6187.0,2243.0,318039.0,22,3123.0
T3419,U081,2023-12-14,Expense,Utilities,3123.0,Bank_Transfer,Chennai,Monthly rent payment,2023,12,14,3,502.0,945687.0,6187.0,317458.6666666667,23,722.0
T6639,U081,2024-03-06,Expense,Entertainment,722.0,Upi,Chennai,Uber ride,2024,3,6,2,3123.0,502.0,945687.0,316437.3333333333,24,16728.0
T11727,U081,2024-04-22,Expense,Rent,16728.0,Unknown,Bangalore,asdfgh,2024,4,22,0,722.0,3123.0,502.0,1449.0,25,8760.0
T11793,U081,2024-05-06,Expense,Travel,8760.0,Cash,Ahmedabad,asdfgh,2024,5,6,0,16728.0,722.0,3123.0,6857.666666666667,26,742.0
T0485,U081,2024-07-23,Expense,Food,742.0,Cash,Bangalore,No Notes,2024,7,23,1,8760.0,16728.0,722.0,8736.666666666666,27,4230.0
T10944,U081,2024-09-28,Expense,Entertainment,4230.0,Upi,Bangalore,Gym membership,2024,9,28,5,742.0,8760.0,16728.0,8743.333333333334,28,2286.0
T13329,U081,2024-10-21,Expense,Food,2286.0,Upi,Kolkata,Coffee,2024,10,21,0,4230.0,742.0,8760.0,4577.333333333333,29,4258.0
T1454,U082,2021-06-06,Expense,Food,5713.0,Cash,Chennai,Movie tickets,2021,6,6,6,4275.0,4022.0,4652.0,4316.333333333333,3,6778.0
T0027,U082,2021-06-15,Expense,Utilities,6778.0,Bank_Transfer,Lucknow,Monthly rent payment,2021,6,15,1,5713.0,4275.0,4022.0,4670.0,4,15810.0
T11494,U082,2021-06-21,Expense,Rent,15810.0,Card,Ahmedabad,Internet bill,2021,6,21,0,6778.0,5713.0,4275.0,5588.666666666667,5,4117.0
T10319,U082,2021-09-01,Expense,Education,4117.0,Card,Mumbai,Electricity bill,2021,9,1,2,15810.0,6778.0,5713.0,9433.666666666666,6,17265.0
T5253,U082,2021-11-21,Expense,Rent,17265.0,Bank_Transfer,Chennai,Lunch,2021,11,21,6,4117.0,15810.0,6778.0,8901.666666666666,7,4723.0
T9491,U082,2022-03-04,Expense,Utilities,4723.0,Card,Chennai,Petrol,2022,3,4,4,17265.0,4117.0,15810.0,12397.333333333334,8,4040.0
T5052,U082,2022-04-03,Expense,Food,4040.0,Bank_Transfer,Kolkata,Internet bill,2022,4,3,6,4723.0,17265.0,4117.0,8701.666666666666,9,4406.0
T9866,U082,2022-05-05,Expense,Utilities,4406.0,Bank_Transfer,Jaipur,Monthly rent payment,2022,5,5,3,4040.0,4723.0,17265.0,8676.0,10,9049.0
T10213,U082,2022-08-04,Expense,Entertainment,9049.0,Upi,Mumbai,...,2022,8,4,3,4406.0,4040.0,4723.0,4389.666666666667,11,1267.0
T2999,U082,2022-08-28,Expense,Food,1267.0,Unknown,Lucknow,No Notes,2022,8,28,6,9049.0,4406.0,4040.0,5831.666666666667,12,4221.0
T11963,U082,2022-10-04,Expense,Travel,4221.0,Bank_Transfer,Kolkata,ATM withdrawal,2022,10,4,1,1267.0,9049.0,4406.0,4907.333333333333,13,7280.0
T6444,U082,2022-10-08,Expense,Education,7280.0,Card,Unknown,No Notes,2022,10,8,5,4221.0,1267.0,9049.0,4845.666666666667,14,4497.0
T10922,U082,2022-12-01,Expense,Utilities,4497.0,Cash,Delhi,Train ticket,2022,12,1,3,7280.0,4221.0,1267.0,4256.0,15,8343.0
T8986,U082,2023-01-16,Expense,Entertainment,8343.0,Cash,Unknown,Online course,2023,1,16,0,4497.0,7280.0,4221.0,5332.666666666667,16,984.0
T5647,U082,2023-05-10,Expense,Health,984.0,Card,Bangalore,Online course,2023,5,10,2,8343.0,4497.0,7280.0,6706.666666666667,17,9155.0
T7669,U082,2023-08-04,Expense,Food,9155.0,Cash,Mumbai,EMI payment,2023,8,4,4,984.0,8343.0,4497.0,4608.0,18,6628.0
T7714,U082,2023-08-17,Expense,Utilities,6628.0,Card,Lucknow,Restaurant dinner,2023,8,17,3,9155.0,984.0,8343.0,6160.666666666667,19,4367.0
T6127,U082,2023-10-17,Expense,Travel,4367.0,Card,Ahmedabad,Internet bill,2023,10,17,1,6628.0,9155.0,984.0,5589.0,20,9457.0
T4004,U082,2024-01-03,Expense,Education,9457.0,Upi,Pune,misc,2024,1,3,2,4367.0,6628.0,9155.0,6716.666666666667,21,41199.0
T11744,U082,2024-02-24,Income,Salary,41199.0,Unknown,Lucknow,No Notes,2024,2,24,5,9457.0,4367.0,6628.0,6817.333333333333,22,3319.0
T11617,U082,2024-03-11,Expense,Travel,3319.0,Bank_Transfer,Mumbai,ATM withdrawal,2024,3,11,0,41199.0,9457.0,4367.0,18341.0,23,4766.0
T7517,U082,2024-04-06,Expense,Food,4766.0,Card,Ahmedabad,Restaurant dinner,2024,4,6,5,3319.0,41199.0,9457.0,17991.666666666668,24,2959.0
T1388,U082,2024-06-16,Expense,Education,2959.0,Bank_Transfer,Bangalore,No Notes,2024,6,16,6,4766.0,3319.0,41199.0,16428.0,25,15950.0
T2215,U082,2024-07-27,Expense,Rent,15950.0,Upi,Kolkata,No Notes,2024,7,27,5,2959.0,4766.0,3319.0,3681.3333333333335,26,32436.0
T12453,U083,2021-10-07,Expense,Others,8170.0,Card,Unknown,Shopping,2021,10,7,3,22907.0,1373.0,3871.0,9383.666666666666,3,8017.0
T4040,U083,2021-10-17,Expense,Travel,8017.0,Cash,Lucknow,Petrol,2021,10,17,6,8170.0,22907.0,1373.0,10816.666666666666,4,5210.0
T4666,U083,2022-01-07,Expense,Utilities,5210.0,Cash,Delhi,Online course,2022,1,7,4,8017.0,8170.0,22907.0,13031.333333333334,5,38999.0
T5149,U083,2022-01-24,Expense,Rent,38999.0,Card,Ahmedabad,!!!,2022,1,24,0,5210.0,8017.0,8170.0,7132.333333333333,6,6089.0
T4709,U083,2022-02-08,Expense,Travel,6089.0,Bank_Transfer,Hyderabad,Train ticket,2022,2,8,1,38999.0,5210.0,8017.0,17408.666666666668,7,9527.0
T2670,U083,2022-04-11,Expense,Health,9527.0,Upi,Chennai,Doctor consultation,2022,4,11,0,6089.0,38999.0,5210.0,16766.0,8,9973.0
T11556,U083,2022-05-16,Expense,Travel,9973.0,Upi,Lucknow,Online course,2022,5,16,0,9527.0,6089.0,38999.0,18205.0,9,3297.0
T8388,U083,2022-06-05,Expense,Food,3297.0,Bank_Transfer,Ahmedabad,misc,2022,6,5,6,9973.0,9527.0,6089.0,8529.666666666666,10,6632.0
T4533,U083,2022-07-05,Expense,Education,6632.0,Card,Jaipur,xyz123,2022,7,5,1,3297.0,9973.0,9527.0,7599.0,11,1617.0
T9212,U083,2022-08-05,Expense,Food,1617.0,Card,Jaipur,Grocery shopping,2022,8,5,4,6632.0,3297.0,9973.0,6634.0,12,1883.0
T2034,U083,2022-08-13,Expense,Food,1883.0,Card,Mumbai,No Notes,2022,8,13,5,1617.0,6632.0,3297.0,3848.6666666666665,13,5827.0
T6602,U083,2022-08-19,Expense,Rent,5827.0,Upi,Delhi,Electricity bill,2022,8,19,4,1883.0,1617.0,6632.0,3377.3333333333335,14,7917.0
T4306,U083,2022-08-27,Expense,Education,7917.0,Cash,Ahmedabad,...,2022,8,27,5,5827.0,1883.0,1617.0,3109.0,15,8559.0
T4936,U083,2022-09-05,Expense,Education,8559.0,Bank_Transfer,Bangalore,No Notes,2022,9,5,0,7917.0,5827.0,1883.0,5209.0,16,3952.0
T5847,U083,2022-10-11,Expense,Food,3952.0,Card,Bangalore,Online course,2022,10,11,1,8559.0,7917.0,5827.0,7434.333333333333,17,5485.0
T8637,U083,2022-12-04,Expense,Food,5485.0,Upi,Chennai,Grocery shopping,2022,12,4,6,3952.0,8559.0,7917.0,6809.333333333333,18,2280.0
T2903,U083,2023-01-14,Expense,Health,2280.0,Bank_Transfer,Unknown,Petrol,2023,1,14,5,5485.0,3952.0,8559.0,5998.666666666667,19,35570.0
T3196,U083,2023-01-15,Expense,Rent,35570.0,Cash,Pune,Fixed deposit,2023,1,15,6,2280.0,5485.0,3952.0,3905.6666666666665,20,1568.0
T8113,U083,2023-02-05,Expense,Education,1568.0,Card,Mumbai,misc,2023,2,5,6,35570.0,2280.0,5485.0,14445.0,21,8104.0
T11630,U083,2023-02-15,Expense,Utilities,8104.0,Cash,Lucknow,misc,2023,2,15,2,1568.0,35570.0,2280.0,13139.333333333334,22,4601.0
T10853,U083,2023-04-28,Expense,Travel,4601.0,Upi,Pune,Medicine,2023,4,28,4,8104.0,1568.0,35570.0,15080.666666666666,23,2242.0
T12285,U083,2023-06-01,Expense,Utilities,2242.0,Cash,Kolkata,No Notes,2023,6,1,3,4601.0,8104.0,1568.0,4757.666666666667,24,47498.0
T0572,U083,2023-07-10,Income,Freelance,47498.0,Bank_Transfer,Chennai,Online course,2023,7,10,0,2242.0,4601.0,8104.0,4982.333333333333,25,8719.0
T13938,U083,2023-10-08,Expense,Health,8719.0,Card,Delhi,EMI payment,2023,10,8,6,47498.0,2242.0,4601.0,18113.666666666668,26,8434.0
T12718,U083,2023-12-06,Expense,Travel,8434.0,Cash,Jaipur,Lunch,2023,12,6,2,8719.0,47498.0,2242.0,19486.333333333332,27,1955.0
T12700,U083,2023-12-19,Expense,Travel,1955.0,Cash,Hyderabad,No Notes,2023,12,19,1,8434.0,8719.0,47498.0,21550.333333333332,28,744.0
T3030,U083,2024-01-21,Expense,Travel,744.0,Bank_Transfer,Chennai,xyz123,2024,1,21,6,1955.0,8434.0,8719.0,6369.333333333333,29,2535.0
T10093,U083,2024-02-05,Expense,Travel,2535.0,Cash,Delhi,ATM withdrawal,2024,2,5,0,744.0,1955.0,8434.0,3711.0,30,6928.0
T4382,U083,2024-02-11,Expense,Others,6928.0,Upi,Pune,test,2024,2,11,6,2535.0,744.0,1955.0,1744.6666666666667,31,728.0
T6929,U083,2024-03-19,Expense,Entertainment,728.0,Bank_Transfer,Delhi,Lunch,2024,3,19,1,6928.0,2535.0,744.0,3402.3333333333335,32,8216.0
T6864,U083,2024-04-06,Expense,Travel,8216.0,Card,Hyderabad,No Notes,2024,4,6,5,728.0,6928.0,2535.0,3397.0,33,8928.0
T0919,U083,2024-05-05,Expense,Food,8928.0,Bank_Transfer,Bangalore,Electricity bill,2024,5,5,6,8216.0,728.0,6928.0,5290.666666666667,34,3484.0
T13278,U083,2024-05-27,Expense,Utilities,3484.0,Cash,Pune,!!!,2024,5,27,0,8928.0,8216.0,728.0,5957.333333333333,35,1003.0
T0621,U083,2024-06-02,Expense,Education,1003.0,Upi,Mumbai,Monthly rent payment,2024,6,2,6,3484.0,8928.0,8216.0,6876.0,36,1967.0
T11517,U083,2024-09-11,Expense,Education,1967.0,Upi,Kolkata,Grocery shopping,2024,9,11,2,1003.0,3484.0,8928.0,4471.666666666667,37,730.0
T11740,U083,2024-10-16,Expense,Food,730.0,Cash,Chennai,Fixed deposit,2024,10,16,2,1967.0,1003.0,3484.0,2151.3333333333335,38,1518.0
T11546,U084,2021-08-23,Expense,Entertainment,2819.0,Card,Hyderabad,Books,2021,8,23,0,8171.0,367.0,33308.0,13948.666666666666,3,8652.0
T0615,U084,2021-08-29,Expense,Savings,8652.0,Card,Kolkata,Shopping,2021,8,29,6,2819.0,8171.0,367.0,3785.6666666666665,4,1153.0
T12912,U084,2022-01-03,Expense,Utilities,1153.0,Upi,Mumbai,No Notes,2022,1,3,0,8652.0,2819.0,8171.0,6547.333333333333,5,629.0
T8148,U084,2022-01-17,Expense,Food,629.0,Upi,Delhi,Doctor consultation,2022,1,17,0,1153.0,8652.0,2819.0,4208.0,6,3222.0
T13350,U084,2022-03-21,Expense,Food,3222.0,Card,Hyderabad,Medicine,2022,3,21,0,629.0,1153.0,8652.0,3478.0,7,1456.0
T4038,U084,2022-04-28,Expense,Food,1456.0,Cash,Unknown,Shopping,2022,4,28,3,3222.0,629.0,1153.0,1668.0,8,20396.0
T2172,U084,2022-05-14,Income,Others,20396.0,Cash,Mumbai,No Notes,2022,5,14,5,1456.0,3222.0,629.0,1769.0,9,3113.0
T0242,U084,2022-06-16,Expense,Utilities,3113.0,Upi,Kolkata,asdfgh,2022,6,16,3,20396.0,1456.0,3222.0,8358.0,10,1301.0
T0990,U084,2022-06-22,Expense,Food,1301.0,Cash,Kolkata,Coffee,2022,6,22,2,3113.0,20396.0,1456.0,8321.666666666666,11,63429.0
T3105,U084,2022-07-11,Income,Salary,63429.0,Unknown,Pune,Online course,2022,7,11,0,1301.0,3113.0,20396.0,8270.0,12,22720.0
T12815,U084,2022-07-19,Income,Freelance,22720.0,Cash,Chennai,test,2022,7,19,1,63429.0,1301.0,3113.0,22614.333333333332,13,7644.0
T12358,U084,2022-09-25,Expense,Utilities,7644.0,Upi,Unknown,No Notes,2022,9,25,6,22720.0,63429.0,1301.0,29150.0,14,1938.0
T9313,U084,2022-11-05,Expense,Others,1938.0,Card,Lucknow,Uber ride,2022,11,5,5,7644.0,22720.0,63429.0,31264.333333333332,15,5257.0
T0597,U084,2022-11-18,Expense,Education,5257.0,Upi,Mumbai,Grocery shopping,2022,11,18,4,1938.0,7644.0,22720.0,10767.333333333334,16,7598.0
T9253,U084,2022-11-22,Expense,Utilities,7598.0,Upi,Jaipur,Lunch,2022,11,22,1,5257.0,1938.0,7644.0,4946.333333333333,17,56773.0
T9793,U084,2022-12-04,Income,Others,56773.0,Bank_Transfer,Bangalore,No Notes,2022,12,4,6,7598.0,5257.0,1938.0,4931.0,18,12318.0
T13473,U084,2023-01-30,Expense,Rent,12318.0,Upi,Bangalore,xyz123,2023,1,30,0,56773.0,7598.0,5257.0,23209.333333333332,19,16826.0
T0030,U084,2023-02-16,Income,Salary,16826.0,Cash,Chennai,Medicine,2023,2,16,3,12318.0,56773.0,7598.0,25563.0,20,3746.0
T2608,U084,2023-03-17,Expense,Food,3746.0,Upi,Mumbai,Books,2023,3,17,4,16826.0,12318.0,56773.0,28639.0,21,3960.0
T9489,U084,2023-03-25,Expense,Utilities,3960.0,Cash,Unknown,Movie tickets,2023,3,25,5,3746.0,16826.0,12318.0,10963.333333333334,22,8892.0
T3945,U084,2023-07-27,Expense,Education,8892.0,Bank_Transfer,Delhi,Movie tickets,2023,7,27,3,3960.0,3746.0,16826.0,8177.333333333333,23,1868.0
T6638,U084,2023-08-02,Expense,Travel,1868.0,Cash,Bangalore,Grocery shopping,2023,8,2,2,8892.0,3960.0,3746.0,5532.666666666667,24,2411.0
T13038,U084,2023-10-17,Expense,Rent,2411.0,Upi,Unknown,No Notes,2023,10,17,1,1868.0,8892.0,3960.0,4906.666666666667,25,1398.0
T3983,U084,2023-11-20,Expense,Rent,1398.0,Card,Delhi,No Notes,2023,11,20,0,2411.0,1868.0,8892.0,4390.333333333333,26,3106.0
T7320,U084,2024-01-03,Expense,Travel,3106.0,Bank_Transfer,Ahmedabad,Petrol,2024,1,3,2,1398.0,2411.0,1868.0,1892.3333333333333,27,17575.0
T11439,U084,2024-03-21,Income,Bonus,17575.0,Upi,Unknown,Medicine,2024,3,21,3,3106.0,1398.0,2411.0,2305.0,28,8284.0
T8005,U084,2024-04-17,Expense,Food,8284.0,Unknown,Ahmedabad,Coffee,2024,4,17,2,17575.0,3106.0,1398.0,7359.666666666667,29,4518.0
T11416,U084,2024-06-11,Expense,Utilities,4518.0,Bank_Transfer,Hyderabad,No Notes,2024,6,11,1,8284.0,17575.0,3106.0,9655.0,30,3023.0
T12320,U084,2024-07-02,Expense,Travel,3023.0,Cash,Hyderabad,Gym membership,2024,7,2,1,4518.0,8284.0,17575.0,10125.666666666666,31,41028.0
T4717,U084,2024-07-04,Income,Salary,41028.0,Card,Mumbai,Medicine,2024,7,4,3,3023.0,4518.0,8284.0,5275.0,32,7288.0
T9699,U084,2024-07-10,Expense,Travel,7288.0,Upi,Ahmedabad,Shopping,2024,7,10,2,41028.0,3023.0,4518.0,16189.666666666666,33,58524.0
T10992,U084,2024-07-11,Income,Salary,58524.0,Upi,Chennai,asdfgh,2024,7,11,3,7288.0,41028.0,3023.0,17113.0,34,61673.0
T11177,U084,2024-10-14,Income,Investment,61673.0,Cash,Pune,Train ticket,2024,10,14,0,58524.0,7288.0,41028.0,35613.333333333336,35,2092.0
T12816,U084,2024-11-07,Expense,Food,2092.0,Upi,Lucknow,No Notes,2024,11,7,3,61673.0,58524.0,7288.0,42495.0,36,4737.0
T7498,U084,2024-11-16,Expense,Food,4737.0,Bank_Transfer,Chennai,Coffee,2024,11,16,5,2092.0,61673.0,58524.0,40763.0,37,3386.0
T2483,U084,2024-11-28,Expense,Others,3386.0,Card,Unknown,No Notes,2024,11,28,3,4737.0,2092.0,61673.0,22834.0,38,892217.0
T1037,U084,2024-12-05,Income,Others,892217.0,Card,Jaipur,Movie tickets,2024,12,5,3,3386.0,4737.0,2092.0,3405.0,39,4115.0
T3940,U085,2021-06-25,Expense,Food,9784.0,Card,Jaipur,Uber ride,2021,6,25,4,699.0,44598.0,5866.0,17054.333333333332,3,4395.0
T12904,U085,2021-06-26,Expense,Rent,4395.0,Bank_Transfer,Pune,Train ticket,2021,6,26,5,9784.0,699.0,44598.0,18360.333333333332,4,2717.0
T9514,U085,2021-07-02,Expense,Travel,2717.0,Bank_Transfer,Delhi,Medicine,2021,7,2,4,4395.0,9784.0,699.0,4959.333333333333,5,8981.0
T4016,U085,2021-07-30,Expense,Food,8981.0,Card,Pune,Medicine,2021,7,30,4,2717.0,4395.0,9784.0,5632.0,6,6780.0
T9846,U085,2021-07-31,Expense,Travel,6780.0,Bank_Transfer,Hyderabad,Movie tickets,2021,7,31,5,8981.0,2717.0,4395.0,5364.333333333333,7,55365.0
T12038,U085,2021-12-15,Income,Bonus,55365.0,Cash,Mumbai,xyz123,2021,12,15,2,6780.0,8981.0,2717.0,6159.333333333333,8,2142.0
T5698,U085,2022-05-10,Expense,Food,2142.0,Upi,Hyderabad,Uber ride,2022,5,10,1,55365.0,6780.0,8981.0,23708.666666666668,9,2765.0
T5453,U085,2022-06-22,Expense,Travel,2765.0,Upi,Kolkata,Books,2022,6,22,2,2142.0,55365.0,6780.0,21429.0,10,5196.0
T11339,U085,2022-07-09,Expense,Food,5196.0,Card,Kolkata,Coffee,2022,7,9,5,2765.0,2142.0,55365.0,20090.666666666668,11,8403.0
T11316,U085,2022-07-09,Expense,Food,8403.0,Upi,Bangalore,No Notes,2022,7,9,5,5196.0,2765.0,2142.0,3367.6666666666665,12,9335.0
T0304,U085,2022-08-27,Expense,Education,9335.0,Cash,Lucknow,Monthly rent payment,2022,8,27,5,8403.0,5196.0,2765.0,5454.666666666667,13,8062.0
T1727,U085,2022-11-02,Expense,Utilities,8062.0,Card,Bangalore,No Notes,2022,11,2,2,9335.0,8403.0,5196.0,7644.666666666667,14,2143.0
T13175,U085,2022-12-25,Expense,Food,2143.0,Bank_Transfer,Chennai,!!!,2022,12,25,6,8062.0,9335.0,8403.0,8600.0,15,6456.0
T8666,U085,2023-09-23,Expense,Food,6456.0,Card,Kolkata,Doctor consultation,2023,9,23,5,2143.0,8062.0,9335.0,6513.333333333333,16,2165.0
T2715,U085,2023-11-03,Expense,Travel,2165.0,Bank_Transfer,Kolkata,Grocery shopping,2023,11,3,4,6456.0,2143.0,8062.0,5553.666666666667,17,75385.0
T9391,U085,2023-11-26,Income,Bonus,75385.0,Card,Pune,test,2023,11,26,6,2165.0,6456.0,2143.0,3588.0,18,5105.0
T8459,U085,2023-12-01,Expense,Utilities,5105.0,Card,Pune,No Notes,2023,12,1,4,75385.0,2165.0,6456.0,28002.0,19,4697.0
T7856,U085,2023-12-10,Expense,Travel,4697.0,Upi,Jaipur,...,2023,12,10,6,5105.0,75385.0,2165.0,27551.666666666668,20,59283.0
T12638,U085,2024-01-16,Income,Freelance,59283.0,Cash,Unknown,Uber ride,2024,1,16,1,4697.0,5105.0,75385.0,28395.666666666668,21,5409.0
T11214,U085,2024-02-17,Expense,Entertainment,5409.0,Card,Lucknow,Monthly rent payment,2024,2,17,5,59283.0,4697.0,5105.0,23028.333333333332,22,5713.0
T0867,U085,2024-03-11,Expense,Food,5713.0,Bank_Transfer,Chennai,Fixed deposit,2024,3,11,0,5409.0,59283.0,4697.0,23129.666666666668,23,71894.0
T0188,U085,2024-04-14,Income,Bonus,71894.0,Bank_Transfer,Mumbai,Shopping,2024,4,14,6,5713.0,5409.0,59283.0,23468.333333333332,24,6488.0
T0878,U085,2024-04-19,Expense,Utilities,6488.0,Unknown,Hyderabad,EMI payment,2024,4,19,4,71894.0,5713.0,5409.0,27672.0,25,941.0
T2236,U085,2024-08-27,Expense,Food,941.0,Cash,Chennai,misc,2024,8,27,1,6488.0,71894.0,5713.0,28031.666666666668,26,5683.0
T4552,U085,2024-08-30,Expense,Health,5683.0,Cash,Hyderabad,...,2024,8,30,4,941.0,6488.0,71894.0,26441.0,27,1515.0
T11142,U085,2024-09-23,Expense,Food,1515.0,Bank_Transfer,Chennai,Coffee,2024,9,23,0,5683.0,941.0,6488.0,4370.666666666667,28,6445.0
T0734,U085,2024-11-07,Expense,Food,6445.0,Bank_Transfer,Chennai,No Notes,2024,11,7,3,1515.0,5683.0,941.0,2713.0,29,603.0
T1325,U085,2024-12-08,Expense,Rent,603.0,Card,Hyderabad,No Notes,2024,12,8,6,6445.0,1515.0,5683.0,4547.666666666667,30,28632.0
T4962,U085,2024-12-18,Income,Bonus,28632.0,Bank_Transfer,Jaipur,Fixed deposit,2024,12,18,2,603.0,6445.0,1515.0,2854.3333333333335,31,2727.0
T6318,U085,2024-12-22,Expense,Food,2727.0,Upi,Delhi,No Notes,2024,12,22,6,28632.0,603.0,6445.0,11893.333333333334,32,8373.0
T12649,U086,2021-03-19,Expense,Travel,7457.0,Card,Delhi,Books,2021,3,19,4,2892.0,5120.0,9427.0,5813.0,3,2615.0
T5844,U086,2021-04-24,Expense,Food,2615.0,Card,Lucknow,ATM withdrawal,2021,4,24,5,7457.0,2892.0,5120.0,5156.333333333333,4,7003.0
T5609,U086,2021-09-02,Expense,Rent,7003.0,Bank_Transfer,Unknown,Monthly rent payment,2021,9,2,3,2615.0,7457.0,2892.0,4321.333333333333,5,8723.0
T8202,U086,2021-09-19,Expense,Travel,8723.0,Card,Lucknow,Coffee,2021,9,19,6,7003.0,2615.0,7457.0,5691.666666666667,6,5982.0
T5476,U086,2021-12-28,Expense,Rent,5982.0,Upi,Ahmedabad,No Notes,2021,12,28,1,8723.0,7003.0,2615.0,6113.666666666667,7,1663.0
T7338,U086,2022-01-25,Expense,Food,1663.0,Unknown,Pune,Gym membership,2022,1,25,1,5982.0,8723.0,7003.0,7236.0,8,3754.0
T2872,U086,2022-02-25,Expense,Utilities,3754.0,Cash,Lucknow,Electricity bill,2022,2,25,4,1663.0,5982.0,8723.0,5456.0,9,4341.0
T2632,U086,2022-03-24,Expense,Food,4341.0,Upi,Kolkata,Shopping,2022,3,24,3,3754.0,1663.0,5982.0,3799.6666666666665,10,4385.0
T3006,U086,2022-03-29,Expense,Food,4385.0,Unknown,Kolkata,No Notes,2022,3,29,1,4341.0,3754.0,1663.0,3252.6666666666665,11,4550.0
T10928,U086,2022-04-12,Expense,Food,4550.0,Bank_Transfer,Chennai,Shopping,2022,4,12,1,4385.0,4341.0,3754.0,4160.0,12,2186.0
T1799,U086,2022-05-31,Expense,Food,2186.0,Bank_Transfer,Chennai,Train ticket,2022,5,31,1,4550.0,4385.0,4341.0,4425.333333333333,13,9364.0
T10901,U086,2022-07-12,Expense,Travel,9364.0,Upi,Delhi,EMI payment,2022,7,12,1,2186.0,4550.0,4385.0,3707.0,14,3462.0
T9071,U086,2022-07-19,Expense,Rent,3462.0,Upi,Pune,Gym membership,2022,7,19,1,9364.0,2186.0,4550.0,5366.666666666667,15,1004.0
T4049,U086,2022-08-18,Expense,Travel,1004.0,Card,Lucknow,No Notes,2022,8,18,3,3462.0,9364.0,2186.0,5004.0,16,2134.0
T1769,U086,2022-09-21,Expense,Utilities,2134.0,Unknown,Chennai,Electricity bill,2022,9,21,2,1004.0,3462.0,9364.0,4610.0,17,3159.0
T0922,U086,2022-12-12,Expense,Entertainment,3159.0,Bank_Transfer,Ahmedabad,No Notes,2022,12,12,0,2134.0,1004.0,3462.0,2200.0,18,4017.0
T13678,U086,2023-03-17,Expense,Education,4017.0,Bank_Transfer,Kolkata,Doctor consultation,2023,3,17,4,3159.0,2134.0,1004.0,2099.0,19,9648.0
T7919,U086,2023-05-27,Expense,Entertainment,9648.0,Bank_Transfer,Kolkata,!!!,2023,5,27,5,4017.0,3159.0,2134.0,3103.3333333333335,20,8097.0
T12011,U086,2023-07-28,Expense,Utilities,8097.0,Card,Mumbai,asdfgh,2023,7,28,4,9648.0,4017.0,3159.0,5608.0,21,1706.0
T8701,U086,2023-08-20,Expense,Travel,1706.0,Cash,Pune,Monthly rent payment,2023,8,20,6,8097.0,9648.0,4017.0,7254.0,22,2238.0
T1596,U086,2023-11-28,Expense,Food,2238.0,Cash,Bangalore,No Notes,2023,11,28,1,1706.0,8097.0,9648.0,6483.666666666667,23,2701.0
T4485,U086,2024-02-07,Expense,Food,2701.0,Bank_Transfer,Hyderabad,Internet bill,2024,2,7,2,2238.0,1706.0,8097.0,4013.6666666666665,24,5280.0
T10666,U086,2024-06-25,Expense,Rent,5280.0,Cash,Delhi,Electricity bill,2024,6,25,1,2701.0,2238.0,1706.0,2215.0,25,48693.0
T9644,U086,2024-07-01,Income,Investment,48693.0,Unknown,Mumbai,Monthly rent payment,2024,7,1,0,5280.0,2701.0,2238.0,3406.3333333333335,26,39095.0
T11021,U086,2024-08-11,Income,Bonus,39095.0,Bank_Transfer,Chennai,Train ticket,2024,8,11,6,48693.0,5280.0,2701.0,18891.333333333332,27,9236.0
T12524,U086,2024-09-19,Expense,Rent,9236.0,Card,Pune,Petrol,2024,9,19,3,39095.0,48693.0,5280.0,31022.666666666668,28,9188.0
T6200,U086,2024-10-27,Expense,Others,9188.0,Bank_Transfer,Lucknow,No Notes,2024,10,27,6,9236.0,39095.0,48693.0,32341.333333333332,29,894.0
T13504,U087,2021-02-24,Expense,Food,1417.0,Upi,Pune,Grocery shopping,2021,2,24,2,2343.0,72704.0,4192.0,26413.0,3,46587.0
T10279,U087,2021-03-13,Income,Freelance,46587.0,Card,Lucknow,asdfgh,2021,3,13,5,1417.0,2343.0,72704.0,25488.0,4,1651.0
T5605,U087,2021-09-22,Expense,Education,1651.0,Bank_Transfer,Ahmedabad,Movie tickets,2021,9,22,2,46587.0,1417.0,2343.0,16782.333333333332,5,8914.0
T3359,U087,2021-12-23,Expense,Rent,8914.0,Cash,Hyderabad,No Notes,2021,12,23,3,1651.0,46587.0,1417.0,16551.666666666668,6,2162.0
T10430,U087,2022-01-10,Expense,Travel,2162.0,Card,Mumbai,Petrol,2022,1,10,0,8914.0,1651.0,46587.0,19050.666666666668,7,11292.0
T2163,U087,2022-01-12,Income,Bonus,11292.0,Bank_Transfer,Bangalore,No Notes,2022,1,12,2,2162.0,8914.0,1651.0,4242.333333333333,8,7550.0
T13029,U087,2022-01-12,Expense,Entertainment,7550.0,Upi,Kolkata,xyz123,2022,1,12,2,11292.0,2162.0,8914.0,7456.0,9,1996.0
T10165,U087,2022-02-06,Expense,Food,1996.0,Upi,Ahmedabad,EMI payment,2022,2,6,6,7550.0,11292.0,2162.0,7001.333333333333,10,7173.0
T2991,U087,2022-02-22,Expense,Travel,7173.0,Bank_Transfer,Hyderabad,Shopping,2022,2,22,1,1996.0,7550.0,11292.0,6946.0,11,39198.0
T12723,U087,2022-03-30,Income,Salary,39198.0,Bank_Transfer,Delhi,No Notes,2022,3,30,2,7173.0,1996.0,7550.0,5573.0,12,8214.0
T2126,U087,2022-05-03,Expense,Education,8214.0,Card,Kolkata,No Notes,2022,5,3,1,39198.0,7173.0,1996.0,16122.333333333334,13,3835.0
T8559,U087,2022-05-03,Expense,Entertainment,3835.0,Cash,Ahmedabad,!!!,2022,5,3,1,8214.0,39198.0,7173.0,18195.0,14,934.0
T2289,U087,2022-08-31,Expense,Others,934.0,Bank_Transfer,Ahmedabad,Medicine,2022,8,31,2,3835.0,8214.0,39198.0,17082.333333333332,15,11408.0
T3637,U087,2022-11-12,Income,Bonus,11408.0,Cash,Kolkata,Online course,2022,11,12,5,934.0,3835.0,8214.0,4327.666666666667,16,8167.0
T12371,U087,2022-12-11,Expense,Rent,8167.0,Bank_Transfer,Pune,ATM withdrawal,2022,12,11,6,11408.0,934.0,3835.0,5392.333333333333,17,45305.0
T0627,U087,2023-04-02,Income,Bonus,45305.0,Cash,Kolkata,Medicine,2023,4,2,6,8167.0,11408.0,934.0,6836.333333333333,18,2829.0
T13842,U087,2023-05-04,Expense,Food,2829.0,Bank_Transfer,Ahmedabad,Fixed deposit,2023,5,4,3,45305.0,8167.0,11408.0,21626.666666666668,19,9634.0
T12829,U087,2023-06-22,Expense,Education,9634.0,Upi,Kolkata,No Notes,2023,6,22,3,2829.0,45305.0,8167.0,18767.0,20,4012.0
T6756,U087,2023-07-13,Expense,Rent,4012.0,Upi,Unknown,No Notes,2023,7,13,3,9634.0,2829.0,45305.0,19256.0,21,2217.0
T12119,U087,2023-08-15,Expense,Food,2217.0,Bank_Transfer,Unknown,Petrol,2023,8,15,1,4012.0,9634.0,2829.0,5491.666666666667,22,7529.0
T2080,U087,2023-09-05,Expense,Utilities,7529.0,Card,Pune,asdfgh,2023,9,5,1,2217.0,4012.0,9634.0,5287.666666666667,23,8191.0
T4026,U087,2023-12-29,Expense,Others,8191.0,Cash,Lucknow,Monthly rent payment,2023,12,29,4,7529.0,2217.0,4012.0,4586.0,24,64602.0
T0092,U087,2024-02-29,Income,Bonus,64602.0,Unknown,Jaipur,ATM withdrawal,2024,2,29,3,8191.0,7529.0,2217.0,5979.0,25,78341.0
T10064,U087,2024-04-17,Income,Freelance,78341.0,Unknown,Mumbai,Movie tickets,2024,4,17,2,64602.0,8191.0,7529.0,26774.0,26,9040.0
T2264,U087,2024-05-17,Expense,Utilities,9040.0,Card,Chennai,No Notes,2024,5,17,4,78341.0,64602.0,8191.0,50378.0,27,2970.0
T8075,U087,2024-08-11,Expense,Rent,2970.0,Cash,Mumbai,Electricity bill,2024,8,11,6,9040.0,78341.0,64602.0,50661.0,28,7933.0
T6448,U087,2024-08-15,Expense,Food,7933.0,Cash,Jaipur,Internet bill,2024,8,15,3,2970.0,9040.0,78341.0,30117.0,29,28908.0
T11968,U087,2024-10-21,Income,Investment,28908.0,Card,Kolkata,...,2024,10,21,0,7933.0,2970.0,9040.0,6647.666666666667,30,6329.0
T10748,U088,2021-07-14,Expense,Food,9465.0,Bank_Transfer,Chennai,No Notes,2021,7,14,2,9968.0,2174.0,33639.0,15260.333333333334,3,66865.0
T9784,U088,2021-10-31,Income,Others,66865.0,Cash,Pune,!!!,2021,10,31,6,9465.0,9968.0,2174.0,7202.333333333333,4,526.0
T13012,U088,2022-02-27,Expense,Food,526.0,Card,Delhi,No Notes,2022,2,27,6,66865.0,9465.0,9968.0,28766.0,5,1476.0
T9465,U088,2022-03-01,Expense,Rent,1476.0,Bank_Transfer,Delhi,Train ticket,2022,3,1,1,526.0,66865.0,9465.0,25618.666666666668,6,25754.0
T12824,U088,2022-03-17,Expense,Rent,25754.0,Bank_Transfer,Delhi,Uber ride,2022,3,17,3,1476.0,526.0,66865.0,22955.666666666668,7,1548.0
T9396,U088,2022-03-30,Expense,Food,1548.0,Cash,Pune,Medicine,2022,3,30,2,25754.0,1476.0,526.0,9252.0,8,9507.0
T7754,U088,2022-04-09,Expense,Savings,9507.0,Bank_Transfer,Jaipur,Doctor consultation,2022,4,9,5,1548.0,25754.0,1476.0,9592.666666666666,9,52079.0
T0995,U088,2022-07-11,Income,Others,52079.0,Card,Mumbai,Fixed deposit,2022,7,11,0,9507.0,1548.0,25754.0,12269.666666666666,10,8786.0
T2167,U088,2022-12-07,Expense,Travel,8786.0,Cash,Mumbai,Doctor consultation,2022,12,7,2,52079.0,9507.0,1548.0,21044.666666666668,11,17147.0
T4484,U088,2022-12-10,Expense,Rent,17147.0,Cash,Hyderabad,Electricity bill,2022,12,10,5,8786.0,52079.0,9507.0,23457.333333333332,12,2016.0
T7852,U088,2023-01-31,Expense,Rent,2016.0,Upi,Chennai,Grocery shopping,2023,1,31,1,17147.0,8786.0,52079.0,26004.0,13,5552.0
T6812,U088,2023-02-16,Expense,Travel,5552.0,Cash,Kolkata,Coffee,2023,2,16,3,2016.0,17147.0,8786.0,9316.333333333334,14,4525.0
T4754,U088,2023-03-08,Expense,Food,4525.0,Cash,Jaipur,Gym membership,2023,3,8,2,5552.0,2016.0,17147.0,8238.333333333334,15,2905.0
T7129,U088,2023-03-25,Expense,Travel,2905.0,Card,Pune,EMI payment,2023,3,25,5,4525.0,5552.0,2016.0,4031.0,16,3657.0
T1910,U088,2023-05-02,Expense,Food,3657.0,Upi,Delhi,EMI payment,2023,5,2,1,2905.0,4525.0,5552.0,4327.333333333333,17,2129.0
T3342,U088,2023-06-09,Expense,Rent,2129.0,Card,Hyderabad,Gym membership,2023,6,9,4,3657.0,2905.0,4525.0,3695.6666666666665,18,5075.0
T8336,U088,2023-07-09,Expense,Rent,5075.0,Bank_Transfer,Hyderabad,No Notes,2023,7,9,6,2129.0,3657.0,2905.0,2897.0,19,5900.0
T9533,U088,2023-07-20,Expense,Rent,5900.0,Upi,Pune,Grocery shopping,2023,7,20,3,5075.0,2129.0,3657.0,3620.3333333333335,20,8669.0
T13933,U088,2023-08-04,Expense,Entertainment,8669.0,Bank_Transfer,Hyderabad,Books,2023,8,4,4,5900.0,5075.0,2129.0,4368.0,21,57643.0
T1973,U088,2023-08-12,Income,Others,57643.0,Upi,Bangalore,No Notes,2023,8,12,5,8669.0,5900.0,5075.0,6548.0,22,56655.0
T8008,U088,2023-09-16,Income,Freelance,56655.0,Cash,Pune,Gym membership,2023,9,16,5,57643.0,8669.0,5900.0,24070.666666666668,23,1182.0
T1565,U088,2024-02-10,Expense,Food,1182.0,Card,Hyderabad,No Notes,2024,2,10,5,56655.0,57643.0,8669.0,40989.0,24,3674.0
T7809,U088,2024-03-24,Expense,Food,3674.0,Cash,Jaipur,No Notes,2024,3,24,6,1182.0,56655.0,57643.0,38493.333333333336,25,6488.0
T10518,U088,2024-06-14,Expense,Food,6488.0,Bank_Transfer,Lucknow,...,2024,6,14,4,3674.0,1182.0,56655.0,20503.666666666668,26,8162.0
T5386,U088,2024-06-17,Expense,Entertainment,8162.0,Bank_Transfer,Jaipur,Medicine,2024,6,17,0,6488.0,3674.0,1182.0,3781.3333333333335,27,6035.0
T5197,U088,2024-06-20,Expense,Entertainment,6035.0,Bank_Transfer,Chennai,Online course,2024,6,20,3,8162.0,6488.0,3674.0,6108.0,28,71695.0
T1691,U088,2024-06-28,Income,Freelance,71695.0,Upi,Ahmedabad,xyz123,2024,6,28,4,6035.0,8162.0,6488.0,6895.0,29,4749.0
T0749,U088,2024-07-04,Expense,Food,4749.0,Bank_Transfer,Delhi,Uber ride,2024,7,4,3,71695.0,6035.0,8162.0,28630.666666666668,30,1973.0
T9239,U088,2024-08-28,Expense,Utilities,1973.0,Upi,Lucknow,Coffee,2024,8,28,2,4749.0,71695.0,6035.0,27493.0,31,4761.0
T2110,U088,2024-09-23,Expense,Travel,4761.0,Bank_Transfer,Jaipur,Petrol,2024,9,23,0,1973.0,4749.0,71695.0,26139.0,32,16713.0
T6452,U088,2024-09-24,Expense,Rent,16713.0,Cash,Chennai,No Notes,2024,9,24,1,4761.0,1973.0,4749.0,3827.6666666666665,33,7355.0
T4035,U088,2024-10-18,Expense,Food,7355.0,Upi,Delhi,No Notes,2024,10,18,4,16713.0,4761.0,1973.0,7815.666666666667,34,3825.0
T9927,U089,2021-03-31,Expense,Utilities,7494.0,Bank_Transfer,Bangalore,Electricity bill,2021,3,31,2,49683.0,33121.0,3273.0,28692.333333333332,3,4888.0
T0838,U089,2021-04-29,Expense,Entertainment,4888.0,Cash,Pune,Medicine,2021,4,29,3,7494.0,49683.0,33121.0,30099.333333333332,4,7697.0
T11320,U089,2021-05-28,Expense,Rent,7697.0,Upi,Chennai,Monthly rent payment,2021,5,28,4,4888.0,7494.0,49683.0,20688.333333333332,5,3987.0
T10284,U089,2021-06-04,Expense,Rent,3987.0,Unknown,Ahmedabad,Doctor consultation,2021,6,4,4,7697.0,4888.0,7494.0,6693.0,6,5119.0
T8739,U089,2021-06-06,Expense,Entertainment,5119.0,Card,Unknown,Gym membership,2021,6,6,6,3987.0,7697.0,4888.0,5524.0,7,1514.0
T7654,U089,2021-11-28,Expense,Entertainment,1514.0,Card,Kolkata,ATM withdrawal,2021,11,28,6,5119.0,3987.0,7697.0,5601.0,8,4978.0
T9287,U089,2021-12-15,Expense,Education,4978.0,Cash,Hyderabad,Doctor consultation,2021,12,15,2,1514.0,5119.0,3987.0,3540.0,9,12054.0
T1340,U089,2022-01-07,Income,Freelance,12054.0,Cash,Mumbai,Fixed deposit,2022,1,7,4,4978.0,1514.0,5119.0,3870.3333333333335,10,4945.0
T8417,U089,2022-05-17,Expense,Food,4945.0,Card,Ahmedabad,test,2022,5,17,1,12054.0,4978.0,1514.0,6182.0,11,5201.0
T3021,U089,2022-07-20,Expense,Entertainment,5201.0,Bank_Transfer,Delhi,Shopping,2022,7,20,2,4945.0,12054.0,4978.0,7325.666666666667,12,9028.0
T13341,U089,2023-05-21,Expense,Entertainment,9028.0,Card,Pune,Gym membership,2023,5,21,6,5201.0,4945.0,12054.0,7400.0,13,12254.0
T10084,U089,2023-08-14,Income,Bonus,12254.0,Upi,Lucknow,Train ticket,2023,8,14,0,9028.0,5201.0,4945.0,6391.333333333333,14,622.0
T8540,U089,2023-08-26,Expense,Food,622.0,Upi,Lucknow,No Notes,2023,8,26,5,12254.0,9028.0,5201.0,8827.666666666666,15,9577.0
T5494,U089,2023-09-16,Expense,Rent,9577.0,Cash,Lucknow,Grocery shopping,2023,9,16,5,622.0,12254.0,9028.0,7301.333333333333,16,58231.0
T5068,U089,2023-11-29,Income,Bonus,58231.0,Cash,Ahmedabad,Doctor consultation,2023,11,29,2,9577.0,622.0,12254.0,7484.333333333333,17,8470.0
T4439,U089,2023-12-08,Expense,Education,8470.0,Cash,Kolkata,Books,2023,12,8,4,58231.0,9577.0,622.0,22810.0,18,5391.0
T7665,U089,2024-01-11,Expense,Rent,5391.0,Card,Mumbai,No Notes,2024,1,11,3,8470.0,58231.0,9577.0,25426.0,19,3414.0
T9179,U089,2024-03-09,Expense,Food,3414.0,Cash,Hyderabad,EMI payment,2024,3,9,5,5391.0,8470.0,58231.0,24030.666666666668,20,21376.0
T9022,U089,2024-03-10,Expense,Rent,21376.0,Upi,Chennai,test,2024,3,10,6,3414.0,5391.0,8470.0,5758.333333333333,21,43714.0
T1202,U089,2024-03-17,Expense,Rent,43714.0,Bank_Transfer,Hyderabad,Books,2024,3,17,6,21376.0,3414.0,5391.0,10060.333333333334,22,1925.0
T4840,U089,2024-04-18,Expense,Education,1925.0,Card,Mumbai,Coffee,2024,4,18,3,43714.0,21376.0,3414.0,22834.666666666668,23,46614.0
T7760,U089,2024-05-11,Expense,Rent,46614.0,Bank_Transfer,Lucknow,...,2024,5,11,5,1925.0,43714.0,21376.0,22338.333333333332,24,999999.0
T3735,U089,2024-08-13,Expense,Rent,999999.0,Upi,Bangalore,No Notes,2024,8,13,1,46614.0,1925.0,43714.0,30751.0,25,9308.0
T9613,U089,2024-08-22,Expense,Utilities,9308.0,Upi,Delhi,asdfgh,2024,8,22,3,999999.0,46614.0,1925.0,349512.6666666667,26,68142.0
T10344,U089,2024-10-03,Income,Salary,68142.0,Upi,Mumbai,Internet bill,2024,10,3,3,9308.0,999999.0,46614.0,351973.6666666667,27,9806.0
T7891,U090,2021-03-20,Expense,Health,1383.0,Bank_Transfer,Unknown,Doctor consultation,2021,3,20,5,8624.0,72923.0,737.0,27428.0,3,42810.0
T4054,U090,2021-06-03,Income,Salary,42810.0,Cash,Kolkata,asdfgh,2021,6,3,3,1383.0,8624.0,72923.0,27643.333333333332,4,7710.0
T12792,U090,2021-06-18,Expense,Others,7710.0,Upi,Bangalore,Movie tickets,2021,6,18,4,42810.0,1383.0,8624.0,17605.666666666668,5,8026.0
T4387,U090,2021-07-21,Expense,Utilities,8026.0,Bank_Transfer,Pune,Lunch,2021,7,21,2,7710.0,42810.0,1383.0,17301.0,6,3813.0
T2943,U090,2021-08-05,Expense,Food,3813.0,Cash,Hyderabad,EMI payment,2021,8,5,3,8026.0,7710.0,42810.0,19515.333333333332,7,9794.0
T11543,U090,2021-10-09,Expense,Others,9794.0,Bank_Transfer,Lucknow,Internet bill,2021,10,9,5,3813.0,8026.0,7710.0,6516.333333333333,8,5453.0
T3981,U090,2021-10-17,Expense,Travel,5453.0,Upi,Chennai,Shopping,2021,10,17,6,9794.0,3813.0,8026.0,7211.0,9,937.0
T10753,U090,2021-10-19,Expense,Food,937.0,Cash,Lucknow,Monthly rent payment,2021,10,19,1,5453.0,9794.0,3813.0,6353.333333333333,10,23592.0
T10851,U090,2021-11-13,Expense,Rent,23592.0,Cash,Hyderabad,Train ticket,2021,11,13,5,937.0,5453.0,9794.0,5394.666666666667,11,26342.0
T11857,U090,2021-11-24,Expense,Rent,26342.0,Cash,Lucknow,Coffee,2021,11,24,2,23592.0,937.0,5453.0,9994.0,12,1852.0
T0295,U090,2021-12-16,Expense,Travel,1852.0,Bank_Transfer,Chennai,Internet bill,2021,12,16,3,26342.0,23592.0,937.0,16957.0,13,7821.0
T2017,U090,2022-01-14,Expense,Utilities,7821.0,Cash,Pune,test,2022,1,14,4,1852.0,26342.0,23592.0,17262.0,14,4097.0
T7173,U090,2022-02-09,Expense,Utilities,4097.0,Cash,Kolkata,Movie tickets,2022,2,9,2,7821.0,1852.0,26342.0,12005.0,15,6365.0
T11688,U090,2022-05-17,Expense,Rent,6365.0,Card,Ahmedabad,Fixed deposit,2022,5,17,1,4097.0,7821.0,1852.0,4590.0,16,9408.0
T9500,U090,2022-06-07,Expense,Health,9408.0,Cash,Hyderabad,Electricity bill,2022,6,7,1,6365.0,4097.0,7821.0,6094.333333333333,17,55483.0
T12504,U090,2022-09-02,Income,Freelance,55483.0,Bank_Transfer,Hyderabad,test,2022,9,2,4,9408.0,6365.0,4097.0,6623.333333333333,18,3076.0
T1023,U090,2022-10-04,Expense,Travel,3076.0,Upi,Bangalore,asdfgh,2022,10,4,1,55483.0,9408.0,6365.0,23752.0,19,7838.0
T8881,U090,2022-11-05,Expense,Utilities,7838.0,Upi,Bangalore,Electricity bill,2022,11,5,5,3076.0,55483.0,9408.0,22655.666666666668,20,9789.0
T6195,U090,2022-11-15,Expense,Food,9789.0,Card,Pune,ATM withdrawal,2022,11,15,1,7838.0,3076.0,55483.0,22132.333333333332,21,6677.0
T13929,U090,2022-11-26,Expense,Rent,6677.0,Bank_Transfer,Ahmedabad,Uber ride,2022,11,26,5,9789.0,7838.0,3076.0,6901.0,22,9078.0
T0472,U090,2023-03-12,Expense,Utilities,9078.0,Cash,Bangalore,Fixed deposit,2023,3,12,6,6677.0,9789.0,7838.0,8101.333333333333,23,55112.0
T9404,U090,2023-03-20,Income,Salary,55112.0,Card,Hyderabad,Doctor consultation,2023,3,20,0,9078.0,6677.0,9789.0,8514.666666666666,24,314.0
T4408,U090,2023-04-30,Expense,Utilities,314.0,Card,Delhi,!!!,2023,4,30,6,55112.0,9078.0,6677.0,23622.333333333332,25,8500.0
T13786,U090,2023-05-29,Expense,Others,8500.0,Card,Unknown,Online course,2023,5,29,0,314.0,55112.0,9078.0,21501.333333333332,26,9618.0
T7165,U090,2023-08-11,Expense,Travel,9618.0,Unknown,Unknown,Electricity bill,2023,8,11,4,8500.0,314.0,55112.0,21308.666666666668,27,1290.0
T8460,U090,2023-10-03,Expense,Food,1290.0,Card,Ahmedabad,Petrol,2023,10,3,1,9618.0,8500.0,314.0,6144.0,28,5447.0
T12991,U090,2024-01-08,Expense,Food,5447.0,Cash,Mumbai,No Notes,2024,1,8,0,1290.0,9618.0,8500.0,6469.333333333333,29,8034.0
T8009,U090,2024-01-29,Expense,Rent,8034.0,Cash,Unknown,Shopping,2024,1,29,0,5447.0,1290.0,9618.0,5451.666666666667,30,6208.0
T1446,U090,2024-03-17,Expense,Utilities,6208.0,Cash,Pune,Movie tickets,2024,3,17,6,8034.0,5447.0,1290.0,4923.666666666667,31,2092.0
T9026,U090,2024-11-09,Expense,Food,2092.0,Bank_Transfer,Mumbai,Monthly rent payment,2024,11,9,5,6208.0,8034.0,5447.0,6563.0,32,7287.0
T2433,U090,2024-12-02,Expense,Utilities,7287.0,Upi,Bangalore,EMI payment,2024,12,2,0,2092.0,6208.0,8034.0,5444.666666666667,33,740.0
T2731,U091,2021-07-22,Expense,Rent,6857.0,Upi,Ahmedabad,Movie tickets,2021,7,22,3,4398.0,1211.0,8853.0,4820.666666666667,3,7812.0
T8553,U091,2021-08-21,Expense,Rent,7812.0,Bank_Transfer,Lucknow,No Notes,2021,8,21,5,6857.0,4398.0,1211.0,4155.333333333333,4,9586.0
T6093,U091,2021-10-05,Expense,Entertainment,9586.0,Card,Delhi,Train ticket,2021,10,5,1,7812.0,6857.0,4398.0,6355.666666666667,5,56416.0
T12394,U091,2021-10-31,Income,Others,56416.0,Cash,Bangalore,Shopping,2021,10,31,6,9586.0,7812.0,6857.0,8085.0,6,2214.0
T8829,U091,2021-10-31,Expense,Rent,2214.0,Card,Pune,Train ticket,2021,10,31,6,56416.0,9586.0,7812.0,24604.666666666668,7,666707.0
T3958,U091,2021-11-06,Income,Investment,666707.0,Unknown,Lucknow,No Notes,2021,11,6,5,2214.0,56416.0,9586.0,22738.666666666668,8,3775.0
T13171,U091,2021-12-04,Expense,Others,3775.0,Card,Kolkata,Internet bill,2021,12,4,5,666707.0,2214.0,56416.0,241779.0,9,655.0
T13383,U091,2022-01-10,Expense,Food,655.0,Cash,Unknown,Medicine,2022,1,10,0,3775.0,666707.0,2214.0,224232.0,10,2943.0
T9296,U091,2022-01-18,Expense,Food,2943.0,Upi,Ahmedabad,xyz123,2022,1,18,1,655.0,3775.0,666707.0,223712.33333333334,11,9282.0
T5442,U091,2022-03-07,Expense,Entertainment,9282.0,Card,Delhi,ATM withdrawal,2022,3,7,0,2943.0,655.0,3775.0,2457.6666666666665,12,2787.0
T11079,U091,2022-03-25,Expense,Rent,2787.0,Card,Chennai,No Notes,2022,3,25,4,9282.0,2943.0,655.0,4293.333333333333,13,2417.0
T8902,U091,2022-09-01,Expense,Food,2417.0,Upi,Chennai,Internet bill,2022,9,1,3,2787.0,9282.0,2943.0,5004.0,14,9511.0
T3816,U091,2022-09-16,Expense,Others,9511.0,Bank_Transfer,Bangalore,Shopping,2022,9,16,4,2417.0,2787.0,9282.0,4828.666666666667,15,2106.0
T1694,U091,2022-10-01,Expense,Savings,2106.0,Card,Ahmedabad,Petrol,2022,10,1,5,9511.0,2417.0,2787.0,4905.0,16,7836.0
T9331,U091,2022-11-07,Expense,Rent,7836.0,Card,Lucknow,!!!,2022,11,7,0,2106.0,9511.0,2417.0,4678.0,17,52172.0
T11085,U091,2022-12-17,Income,Bonus,52172.0,Bank_Transfer,Kolkata,Fixed deposit,2022,12,17,5,7836.0,2106.0,9511.0,6484.333333333333,18,6173.0
T5483,U091,2023-03-03,Expense,Rent,6173.0,Bank_Transfer,Hyderabad,Gym membership,2023,3,3,4,52172.0,7836.0,2106.0,20704.666666666668,19,6142.0
T1302,U091,2023-05-27,Expense,Rent,6142.0,Upi,Chennai,Internet bill,2023,5,27,5,6173.0,52172.0,7836.0,22060.333333333332,20,999999.0
T7085,U091,2023-06-22,Expense,Entertainment,999999.0,Cash,Mumbai,Shopping,2023,6,22,3,6142.0,6173.0,52172.0,21495.666666666668,21,3186.0
T1551,U091,2023-06-27,Expense,Travel,3186.0,Card,Hyderabad,No Notes,2023,6,27,1,999999.0,6142.0,6173.0,337438.0,22,58544.0
T3896,U091,2023-07-31,Income,Bonus,58544.0,Upi,Chennai,Shopping,2023,7,31,0,3186.0,999999.0,6142.0,336442.3333333333,23,25115.0
T9142,U091,2023-08-27,Expense,Rent,25115.0,Upi,Pune,Lunch,2023,8,27,6,58544.0,3186.0,999999.0,353909.6666666667,24,659.0
T10063,U091,2023-08-29,Expense,Rent,659.0,Card,Mumbai,Online course,2023,8,29,1,25115.0,58544.0,3186.0,28948.333333333332,25,819.0
T3100,U091,2023-10-24,Expense,Travel,819.0,Bank_Transfer,Lucknow,ATM withdrawal,2023,10,24,1,659.0,25115.0,58544.0,28106.0,26,3891.0
T6756,U091,2023-11-09,Expense,Education,3891.0,Cash,Hyderabad,misc,2023,11,9,3,819.0,659.0,25115.0,8864.333333333334,27,48899.0
T7883,U091,2023-12-10,Income,Bonus,48899.0,Upi,Unknown,Medicine,2023,12,10,6,3891.0,819.0,659.0,1789.6666666666667,28,2416.0
T0834,U091,2023-12-14,Expense,Rent,2416.0,Bank_Transfer,Delhi,Electricity bill,2023,12,14,3,48899.0,3891.0,819.0,17869.666666666668,29,8715.0
T9112,U091,2023-12-22,Expense,Travel,8715.0,Cash,Bangalore,...,2023,12,22,4,2416.0,48899.0,3891.0,18402.0,30,8372.0
T7875,U091,2024-01-18,Expense,Travel,8372.0,Bank_Transfer,Pune,Shopping,2024,1,18,3,8715.0,2416.0,48899.0,20010.0,31,4851.0
T6822,U091,2024-02-02,Expense,Food,4851.0,Bank_Transfer,Hyderabad,xyz123,2024,2,2,4,8372.0,8715.0,2416.0,6501.0,32,74617.0
T0989,U091,2024-02-08,Income,Freelance,74617.0,Bank_Transfer,Kolkata,test,2024,2,8,3,4851.0,8372.0,8715.0,7312.666666666667,33,2513.0
T10168,U091,2024-02-27,Expense,Entertainment,2513.0,Cash,Pune,Train ticket,2024,2,27,1,74617.0,4851.0,8372.0,29280.0,34,8009.0
T8757,U091,2024-04-01,Expense,Food,8009.0,Bank_Transfer,Hyderabad,No Notes,2024,4,1,0,2513.0,74617.0,4851.0,27327.0,35,452.0
T3812,U091,2024-05-03,Expense,Travel,452.0,Card,Unknown,ATM withdrawal,2024,5,3,4,8009.0,2513.0,74617.0,28379.666666666668,36,3385.0
T6252,U091,2024-05-17,Expense,Food,3385.0,Unknown,Kolkata,ATM withdrawal,2024,5,17,4,452.0,8009.0,2513.0,3658.0,37,3682.0
T7680,U091,2024-08-13,Expense,Food,3682.0,Cash,Unknown,Monthly rent payment,2024,8,13,1,3385.0,452.0,8009.0,3948.6666666666665,38,29391.0
T0825,U091,2024-10-08,Income,Investment,29391.0,Bank_Transfer,Delhi,Shopping,2024,10,8,1,3682.0,3385.0,452.0,2506.3333333333335,39,7811.0
T11798,U091,2024-10-14,Expense,Travel,7811.0,Upi,Ahmedabad,Medicine,2024,10,14,0,29391.0,3682.0,3385.0,12152.666666666666,40,6283.0
T6071,U091,2024-10-29,Expense,Entertainment,6283.0,Cash,Bangalore,Lunch,2024,10,29,1,7811.0,29391.0,3682.0,13628.0,41,47394.0
T6954,U091,2024-11-14,Expense,Rent,47394.0,Card,Bangalore,Electricity bill,2024,11,14,3,6283.0,7811.0,29391.0,14495.0,42,2460.0
T13907,U091,2024-11-28,Expense,Food,2460.0,Upi,Unknown,Internet bill,2024,11,28,3,47394.0,6283.0,7811.0,20496.0,43,6921.0
T10100,U092,2021-03-26,Expense,Food,2268.0,Cash,Hyderabad,No Notes,2021,3,26,4,5726.0,6534.0,45810.0,19356.666666666668,3,3869.0
T6940,U092,2021-04-22,Expense,Travel,3869.0,Cash,Chennai,Coffee,2021,4,22,3,2268.0,5726.0,6534.0,4842.666666666667,4,9636.0
T5518,U092,2021-05-15,Expense,Travel,9636.0,Card,Mumbai,Monthly rent payment,2021,5,15,5,3869.0,2268.0,5726.0,3954.3333333333335,5,2235.0
T12584,U092,2021-06-10,Expense,Entertainment,2235.0,Cash,Lucknow,No Notes,2021,6,10,3,9636.0,3869.0,2268.0,5257.666666666667,6,43459.0
T10159,U092,2021-09-19,Expense,Rent,43459.0,Cash,Unknown,test,2021,9,19,6,2235.0,9636.0,3869.0,5246.666666666667,7,3475.0
T2721,U092,2021-10-16,Expense,Rent,3475.0,Card,Chennai,EMI payment,2021,10,16,5,43459.0,2235.0,9636.0,18443.333333333332,8,8936.0
T6962,U092,2021-11-08,Expense,Food,8936.0,Cash,Mumbai,Uber ride,2021,11,8,0,3475.0,43459.0,2235.0,16389.666666666668,9,4318.0
T9908,U092,2021-11-11,Expense,Food,4318.0,Cash,Delhi,Restaurant dinner,2021,11,11,3,8936.0,3475.0,43459.0,18623.333333333332,10,38338.0
T8092,U092,2021-11-16,Expense,Rent,38338.0,Card,Ahmedabad,No Notes,2021,11,16,1,4318.0,8936.0,3475.0,5576.333333333333,11,196.0
T1677,U092,2021-12-01,Expense,Entertainment,196.0,Cash,Kolkata,Coffee,2021,12,1,2,38338.0,4318.0,8936.0,17197.333333333332,12,9511.0
T3917,U092,2022-01-02,Expense,Food,9511.0,Card,Chennai,No Notes,2022,1,2,6,196.0,38338.0,4318.0,14284.0,13,72870.0
T13979,U092,2022-01-25,Income,Others,72870.0,Upi,Chennai,Fixed deposit,2022,1,25,1,9511.0,196.0,38338.0,16015.0,14,3876.0
T10976,U092,2022-01-27,Expense,Travel,3876.0,Bank_Transfer,Lucknow,Medicine,2022,1,27,3,72870.0,9511.0,196.0,27525.666666666668,15,4005.0
T11225,U092,2022-03-09,Expense,Food,4005.0,Cash,Mumbai,No Notes,2022,3,9,2,3876.0,72870.0,9511.0,28752.333333333332,16,2139.0
T11200,U092,2022-04-09,Expense,Rent,2139.0,Upi,Pune,Restaurant dinner,2022,4,9,5,4005.0,3876.0,72870.0,26917.0,17,9911.0
T9363,U092,2022-05-11,Expense,Rent,9911.0,Bank_Transfer,Bangalore,Electricity bill,2022,5,11,2,2139.0,4005.0,3876.0,3340.0,18,60619.0
T6459,U092,2022-06-15,Income,Bonus,60619.0,Card,Hyderabad,asdfgh,2022,6,15,2,9911.0,2139.0,4005.0,5351.666666666667,19,3280.0
T6020,U092,2022-08-03,Expense,Food,3280.0,Bank_Transfer,Jaipur,xyz123,2022,8,3,2,60619.0,9911.0,2139.0,24223.0,20,1013.0
T5188,U092,2022-09-27,Expense,Education,1013.0,Card,Kolkata,Uber ride,2022,9,27,1,3280.0,60619.0,9911.0,24603.333333333332,21,6189.0
T4423,U092,2022-10-20,Expense,Food,6189.0,Card,Delhi,EMI payment,2022,10,20,3,1013.0,3280.0,60619.0,21637.333333333332,22,5416.0
T3891,U092,2022-10-23,Expense,Entertainment,5416.0,Upi,Unknown,Shopping,2022,10,23,6,6189.0,1013.0,3280.0,3494.0,23,7823.0
T6620,U092,2022-10-25,Expense,Education,7823.0,Cash,Lucknow,Medicine,2022,10,25,1,5416.0,6189.0,1013.0,4206.0,24,5337.0
T1088,U092,2022-12-20,Expense,Travel,5337.0,Cash,Jaipur,test,2022,12,20,1,7823.0,5416.0,6189.0,6476.0,25,562.0
T9714,U092,2022-12-25,Expense,Food,562.0,Card,Chennai,No Notes,2022,12,25,6,5337.0,7823.0,5416.0,6192.0,26,1128.0
T8179,U092,2023-01-10,Expense,Food,1128.0,Card,Kolkata,Gym membership,2023,1,10,1,562.0,5337.0,7823.0,4574.0,27,5136.0
T3199,U092,2023-02-28,Expense,Travel,5136.0,Cash,Bangalore,Coffee,2023,2,28,1,1128.0,562.0,5337.0,2342.3333333333335,28,7309.0
T7204,U092,2023-03-18,Expense,Travel,7309.0,Cash,Pune,ATM withdrawal,2023,3,18,5,5136.0,1128.0,562.0,2275.3333333333335,29,25379.0
T1725,U092,2023-03-30,Income,Salary,25379.0,Cash,Chennai,Petrol,2023,3,30,3,7309.0,5136.0,1128.0,4524.333333333333,30,3178.0
T9525,U092,2023-04-01,Expense,Travel,3178.0,Cash,Mumbai,No Notes,2023,4,1,5,25379.0,7309.0,5136.0,12608.0,31,3236.0
T5332,U092,2023-08-02,Expense,Rent,3236.0,Upi,Unknown,Petrol,2023,8,2,2,3178.0,25379.0,7309.0,11955.333333333334,32,8419.0
T13502,U092,2023-09-15,Expense,Education,8419.0,Bank_Transfer,Ahmedabad,No Notes,2023,9,15,4,3236.0,3178.0,25379.0,10597.666666666666,33,5452.0
T13574,U092,2023-11-01,Expense,Food,5452.0,Upi,Jaipur,Online course,2023,11,1,2,8419.0,3236.0,3178.0,4944.333333333333,34,6552.0
T2970,U092,2023-11-13,Expense,Entertainment,6552.0,Bank_Transfer,Unknown,Monthly rent payment,2023,11,13,0,5452.0,8419.0,3236.0,5702.333333333333,35,7181.0
T10401,U092,2024-01-02,Expense,Education,7181.0,Cash,Mumbai,EMI payment,2024,1,2,1,6552.0,5452.0,8419.0,6807.666666666667,36,4349.0
T0892,U092,2024-01-11,Expense,Travel,4349.0,Cash,Mumbai,...,2024,1,11,3,7181.0,6552.0,5452.0,6395.0,37,4811.0
T4789,U092,2024-01-12,Expense,Food,4811.0,Bank_Transfer,Mumbai,Shopping,2024,1,12,4,4349.0,7181.0,6552.0,6027.333333333333,38,9486.0
T9559,U092,2024-01-23,Expense,Food,9486.0,Cash,Ahmedabad,No Notes,2024,1,23,1,4811.0,4349.0,7181.0,5447.0,39,9134.0
T0495,U092,2024-02-14,Expense,Rent,9134.0,Upi,Bangalore,Gym membership,2024,2,14,2,9486.0,4811.0,4349.0,6215.333333333333,40,2221.0
T8279,U092,2024-04-04,Expense,Food,2221.0,Bank_Transfer,Bangalore,EMI payment,2024,4,4,3,9134.0,9486.0,4811.0,7810.333333333333,41,7045.0
T3307,U092,2024-04-29,Expense,Travel,7045.0,Cash,Hyderabad,No Notes,2024,4,29,0,2221.0,9134.0,9486.0,6947.0,42,4685.0
T12730,U092,2024-05-10,Expense,Others,4685.0,Upi,Delhi,misc,2024,5,10,4,7045.0,2221.0,9134.0,6133.333333333333,43,601.0
T1277,U092,2024-05-23,Expense,Education,601.0,Upi,Pune,Books,2024,5,23,3,4685.0,7045.0,2221.0,4650.333333333333,44,6871.0
T8435,U092,2024-08-21,Expense,Travel,6871.0,Bank_Transfer,Mumbai,Grocery shopping,2024,8,21,2,601.0,4685.0,7045.0,4110.333333333333,45,8733.0
T9610,U092,2024-08-31,Expense,Travel,8733.0,Unknown,Unknown,No Notes,2024,8,31,5,6871.0,601.0,4685.0,4052.3333333333335,46,1247.0
T6981,U092,2024-09-24,Expense,Education,1247.0,Upi,Lucknow,Electricity bill,2024,9,24,1,8733.0,6871.0,601.0,5401.666666666667,47,5589.0
T9611,U092,2024-10-16,Expense,Entertainment,5589.0,Card,Bangalore,No Notes,2024,10,16,2,1247.0,8733.0,6871.0,5617.0,48,1574.0
T11876,U092,2024-10-27,Expense,Health,1574.0,Card,Bangalore,Internet bill,2024,10,27,6,5589.0,1247.0,8733.0,5189.666666666667,49,5077.0
T7294,U093,2021-05-10,Income,Investment,26841.0,Unknown,Unknown,Monthly rent payment,2021,5,10,0,4198.0,7849.0,3103.0,5050.0,3,2253.0
T10674,U093,2021-06-23,Expense,Utilities,2253.0,Card,Chennai,Movie tickets,2021,6,23,2,26841.0,4198.0,7849.0,12962.666666666666,4,415.0
T1632,U093,2021-08-21,Expense,Utilities,415.0,Upi,Ahmedabad,No Notes,2021,8,21,5,2253.0,26841.0,4198.0,11097.333333333334,5,20156.0
T9324,U093,2021-10-03,Income,Others,20156.0,Cash,Pune,No Notes,2021,10,3,6,415.0,2253.0,26841.0,9836.333333333334,6,2302.0
T11080,U093,2021-11-20,Expense,Travel,2302.0,Upi,Lucknow,ATM withdrawal,2021,11,20,5,20156.0,415.0,2253.0,7608.0,7,705.0
T3885,U093,2021-11-22,Expense,Entertainment,705.0,Bank_Transfer,Jaipur,Books,2021,11,22,0,2302.0,20156.0,415.0,7624.333333333333,8,3830.0
T2238,U093,2022-04-04,Expense,Utilities,3830.0,Bank_Transfer,Delhi,...,2022,4,4,0,705.0,2302.0,20156.0,7721.0,9,598.0
T6860,U093,2022-07-12,Expense,Food,598.0,Card,Hyderabad,Monthly rent payment,2022,7,12,1,3830.0,705.0,2302.0,2279.0,10,793.0
T12940,U093,2022-08-07,Expense,Education,793.0,Upi,Mumbai,Doctor consultation,2022,8,7,6,598.0,3830.0,705.0,1711.0,11,904.0
T2467,U093,2022-11-06,Expense,Entertainment,904.0,Unknown,Kolkata,No Notes,2022,11,6,6,793.0,598.0,3830.0,1740.3333333333333,12,6358.0
T13345,U093,2023-02-06,Expense,Travel,6358.0,Unknown,Hyderabad,Coffee,2023,2,6,0,904.0,793.0,598.0,765.0,13,1202.0
T8657,U093,2023-05-04,Expense,Health,1202.0,Cash,Mumbai,Internet bill,2023,5,4,3,6358.0,904.0,793.0,2685.0,14,78210.0
T4230,U093,2023-05-12,Income,Freelance,78210.0,Bank_Transfer,Kolkata,Uber ride,2023,5,12,4,1202.0,6358.0,904.0,2821.3333333333335,15,49853.0
T4461,U093,2023-06-29,Expense,Rent,49853.0,Upi,Ahmedabad,Uber ride,2023,6,29,3,78210.0,1202.0,6358.0,28590.0,16,3614.0
T4753,U093,2023-09-24,Expense,Utilities,3614.0,Bank_Transfer,Chennai,No Notes,2023,9,24,6,49853.0,78210.0,1202.0,43088.333333333336,17,8875.0
T5510,U093,2023-10-09,Expense,Travel,8875.0,Upi,Hyderabad,test,2023,10,9,0,3614.0,49853.0,78210.0,43892.333333333336,18,17463.0
T1906,U093,2023-10-19,Expense,Rent,17463.0,Cash,Kolkata,Monthly rent payment,2023,10,19,3,8875.0,3614.0,49853.0,20780.666666666668,19,1389.0
T3024,U093,2023-10-23,Expense,Travel,1389.0,Upi,Delhi,Shopping,2023,10,23,0,17463.0,8875.0,3614.0,9984.0,20,63241.0
T5524,U093,2023-11-05,Income,Others,63241.0,Upi,Pune,...,2023,11,5,6,1389.0,17463.0,8875.0,9242.333333333334,21,9597.0
T3922,U093,2023-11-29,Expense,Savings,9597.0,Bank_Transfer,Ahmedabad,Coffee,2023,11,29,2,63241.0,1389.0,17463.0,27364.333333333332,22,66981.0
T2880,U093,2024-01-23,Income,Investment,66981.0,Cash,Bangalore,No Notes,2024,1,23,1,9597.0,63241.0,1389.0,24742.333333333332,23,6070.0
T6191,U093,2024-02-26,Expense,Health,6070.0,Cash,Chennai,Electricity bill,2024,2,26,0,66981.0,9597.0,63241.0,46606.333333333336,24,9531.0
T8099,U093,2024-06-03,Expense,Entertainment,9531.0,Bank_Transfer,Bangalore,Uber ride,2024,6,3,0,6070.0,66981.0,9597.0,27549.333333333332,25,5547.0
T0705,U093,2024-06-13,Expense,Education,5547.0,Upi,Lucknow,Medicine,2024,6,13,3,9531.0,6070.0,66981.0,27527.333333333332,26,49776.0
T11791,U093,2024-06-14,Income,Investment,49776.0,Upi,Delhi,!!!,2024,6,14,4,5547.0,9531.0,6070.0,7049.333333333333,27,3746.0
T3390,U093,2024-06-17,Expense,Food,3746.0,Cash,Chennai,Fixed deposit,2024,6,17,0,49776.0,5547.0,9531.0,21618.0,28,591.0
T12033,U093,2024-07-26,Expense,Utilities,591.0,Upi,Delhi,EMI payment,2024,7,26,4,3746.0,49776.0,5547.0,19689.666666666668,29,24915.0
T5071,U093,2024-09-05,Income,Investment,24915.0,Cash,Pune,Petrol,2024,9,5,3,591.0,3746.0,49776.0,18037.666666666668,30,49634.0
T12859,U094,2021-08-07,Expense,Travel,1039.0,Upi,Chennai,Petrol,2021,8,7,5,20350.0,1331.0,22534.0,14738.333333333334,3,9255.0
T0329,U094,2021-08-16,Expense,Education,9255.0,Card,Delhi,No Notes,2021,8,16,0,1039.0,20350.0,1331.0,7573.333333333333,4,1358.0
T7551,U094,2021-08-27,Expense,Entertainment,1358.0,Cash,Delhi,Petrol,2021,8,27,4,9255.0,1039.0,20350.0,10214.666666666666,5,4390.0
T13121,U094,2021-09-16,Expense,Food,4390.0,Card,Unknown,No Notes,2021,9,16,3,1358.0,9255.0,1039.0,3884.0,6,9451.0
T4575,U094,2021-10-05,Expense,Food,9451.0,Upi,Delhi,Movie tickets,2021,10,5,1,4390.0,1358.0,9255.0,5001.0,7,2517.0
T12935,U094,2022-03-28,Expense,Food,2517.0,Upi,Pune,EMI payment,2022,3,28,0,9451.0,4390.0,1358.0,5066.333333333333,8,4215.0
T12265,U094,2022-04-02,Expense,Utilities,4215.0,Card,Hyderabad,ATM withdrawal,2022,4,2,5,2517.0,9451.0,4390.0,5452.666666666667,9,18760.0
T7870,U094,2022-04-03,Income,Salary,18760.0,Upi,Unknown,No Notes,2022,4,3,6,4215.0,2517.0,9451.0,5394.333333333333,10,3662.0
T0265,U094,2022-05-27,Expense,Travel,3662.0,Card,Lucknow,Movie tickets,2022,5,27,4,18760.0,4215.0,2517.0,8497.333333333334,11,7230.0
T2160,U094,2022-06-03,Expense,Travel,7230.0,Cash,Pune,asdfgh,2022,6,3,4,3662.0,18760.0,4215.0,8879.0,12,5193.0
T4408,U094,2022-07-20,Expense,Utilities,5193.0,Upi,Chennai,Electricity bill,2022,7,20,2,7230.0,3662.0,18760.0,9884.0,13,3959.0
T6431,U094,2022-10-15,Expense,Food,3959.0,Upi,Pune,Internet bill,2022,10,15,5,5193.0,7230.0,3662.0,5361.666666666667,14,4440.0
T11357,U094,2022-11-14,Expense,Utilities,4440.0,Upi,Unknown,Electricity bill,2022,11,14,0,3959.0,5193.0,7230.0,5460.666666666667,15,5301.0
T8059,U094,2022-12-14,Expense,Food,5301.0,Cash,Ahmedabad,Movie tickets,2022,12,14,2,4440.0,3959.0,5193.0,4530.666666666667,16,2122.0
T10270,U094,2022-12-29,Expense,Food,2122.0,Card,Kolkata,Lunch,2022,12,29,3,5301.0,4440.0,3959.0,4566.666666666667,17,7331.0
T6206,U094,2023-01-23,Expense,Utilities,7331.0,Cash,Pune,Movie tickets,2023,1,23,0,2122.0,5301.0,4440.0,3954.3333333333335,18,76454.0
T9833,U094,2023-01-31,Income,Bonus,76454.0,Card,Jaipur,test,2023,1,31,1,7331.0,2122.0,5301.0,4918.0,19,30379.0
T3379,U094,2023-04-22,Expense,Rent,30379.0,Bank_Transfer,Unknown,Coffee,2023,4,22,5,76454.0,7331.0,2122.0,28635.666666666668,20,1517.0
T2643,U094,2023-04-23,Expense,Utilities,1517.0,Bank_Transfer,Ahmedabad,Doctor consultation,2023,4,23,6,30379.0,76454.0,7331.0,38054.666666666664,21,157.0
T5162,U094,2023-05-04,Expense,Utilities,157.0,Cash,Lucknow,No Notes,2023,5,4,3,1517.0,30379.0,76454.0,36116.666666666664,22,76741.0
T1095,U094,2023-05-28,Income,Freelance,76741.0,Unknown,Ahmedabad,Books,2023,5,28,6,157.0,1517.0,30379.0,10684.333333333334,23,3864.0
T5022,U094,2023-07-22,Expense,Travel,3864.0,Cash,Jaipur,Train ticket,2023,7,22,5,76741.0,157.0,1517.0,26138.333333333332,24,9482.0
T12248,U094,2023-09-30,Expense,Entertainment,9482.0,Card,Hyderabad,EMI payment,2023,9,30,5,3864.0,76741.0,157.0,26920.666666666668,25,5715.0
T13291,U094,2023-10-26,Expense,Savings,5715.0,Cash,Kolkata,Electricity bill,2023,10,26,3,9482.0,3864.0,76741.0,30029.0,26,1955.0
T0487,U094,2023-11-19,Expense,Health,1955.0,Cash,Kolkata,Coffee,2023,11,19,6,5715.0,9482.0,3864.0,6353.666666666667,27,8582.0
T9164,U094,2023-12-07,Expense,Rent,8582.0,Bank_Transfer,Hyderabad,Monthly rent payment,2023,12,7,3,1955.0,5715.0,9482.0,5717.333333333333,28,1783.0
T4739,U094,2023-12-10,Expense,Food,1783.0,Bank_Transfer,Delhi,No Notes,2023,12,10,6,8582.0,1955.0,5715.0,5417.333333333333,29,59766.0
T1691,U094,2023-12-16,Income,Investment,59766.0,Card,Ahmedabad,EMI payment,2023,12,16,5,1783.0,8582.0,1955.0,4106.666666666667,30,8755.0
T8165,U094,2023-12-28,Expense,Travel,8755.0,Bank_Transfer,Unknown,No Notes,2023,12,28,3,59766.0,1783.0,8582.0,23377.0,31,3706.0
T6889,U094,2024-01-10,Expense,Education,3706.0,Upi,Jaipur,No Notes,2024,1,10,2,8755.0,59766.0,1783.0,23434.666666666668,32,6582.0
T9819,U094,2024-01-31,Expense,Others,6582.0,Cash,Chennai,No Notes,2024,1,31,2,3706.0,8755.0,59766.0,24075.666666666668,33,975.0
T3724,U094,2024-03-17,Expense,Travel,975.0,Upi,Hyderabad,xyz123,2024,3,17,6,6582.0,3706.0,8755.0,6347.666666666667,34,1980.0
T11274,U094,2024-03-31,Expense,Entertainment,1980.0,Card,Chennai,Online course,2024,3,31,6,975.0,6582.0,3706.0,3754.3333333333335,35,63801.0
T13863,U094,2024-04-06,Income,Bonus,63801.0,Bank_Transfer,Mumbai,Books,2024,4,6,5,1980.0,975.0,6582.0,3179.0,36,4382.0
T6513,U094,2024-04-09,Expense,Entertainment,4382.0,Cash,Pune,No Notes,2024,4,9,1,63801.0,1980.0,975.0,22252.0,37,5035.0
T5254,U094,2024-05-13,Expense,Food,5035.0,Upi,Unknown,Train ticket,2024,5,13,0,4382.0,63801.0,1980.0,23387.666666666668,38,4127.0
T2404,U094,2024-09-11,Expense,Rent,4127.0,Card,Unknown,misc,2024,9,11,2,5035.0,4382.0,63801.0,24406.0,39,738.0
T7993,U095,2021-06-04,Expense,Rent,1519.0,Bank_Transfer,Delhi,No Notes,2021,6,4,4,7315.0,1359.0,2171.0,3615.0,3,45625.0
T3584,U095,2021-06-30,Income,Freelance,45625.0,Bank_Transfer,Chennai,EMI payment,2021,6,30,2,1519.0,7315.0,1359.0,3397.6666666666665,4,42618.0
T6367,U095,2021-10-15,Income,Salary,42618.0,Upi,Ahmedabad,Doctor consultation,2021,10,15,4,45625.0,1519.0,7315.0,18153.0,5,68265.0
T2009,U095,2021-11-02,Income,Others,68265.0,Card,Bangalore,Train ticket,2021,11,2,1,42618.0,45625.0,1519.0,29920.666666666668,6,1107.0
T10603,U095,2021-12-05,Expense,Entertainment,1107.0,Bank_Transfer,Unknown,EMI payment,2021,12,5,6,68265.0,42618.0,45625.0,52169.333333333336,7,4368.0
T7872,U095,2022-01-02,Expense,Food,4368.0,Card,Mumbai,EMI payment,2022,1,2,6,1107.0,68265.0,42618.0,37330.0,8,6625.0
T5956,U095,2022-03-24,Expense,Food,6625.0,Cash,Pune,No Notes,2022,3,24,3,4368.0,1107.0,68265.0,24580.0,9,2918.0
T10899,U095,2022-06-04,Expense,Utilities,2918.0,Cash,Lucknow,Petrol,2022,6,4,5,6625.0,4368.0,1107.0,4033.3333333333335,10,3794.0
T11537,U095,2022-07-12,Expense,Entertainment,3794.0,Card,Bangalore,!!!,2022,7,12,1,2918.0,6625.0,4368.0,4637.0,11,8353.0
T8655,U095,2023-01-19,Expense,Utilities,8353.0,Bank_Transfer,Mumbai,No Notes,2023,1,19,3,3794.0,2918.0,6625.0,4445.666666666667,12,41028.0
T5489,U095,2023-02-17,Income,Others,41028.0,Card,Unknown,No Notes,2023,2,17,4,8353.0,3794.0,2918.0,5021.666666666667,13,177.0
T1533,U095,2023-03-17,Expense,Food,177.0,Upi,Chennai,Internet bill,2023,3,17,4,41028.0,8353.0,3794.0,17725.0,14,757.0
T6441,U095,2023-03-20,Expense,Utilities,757.0,Upi,Kolkata,Restaurant dinner,2023,3,20,0,177.0,41028.0,8353.0,16519.333333333332,15,896.0
T13454,U095,2023-04-27,Expense,Others,896.0,Cash,Kolkata,Coffee,2023,4,27,3,757.0,177.0,41028.0,13987.333333333334,16,4076.0
T13597,U095,2023-06-11,Expense,Utilities,4076.0,Cash,Pune,Books,2023,6,11,6,896.0,757.0,177.0,610.0,17,9391.0
T7553,U095,2023-06-18,Expense,Travel,9391.0,Cash,Unknown,No Notes,2023,6,18,6,4076.0,896.0,757.0,1909.6666666666667,18,4135.0
T10636,U095,2023-06-20,Expense,Utilities,4135.0,Cash,Mumbai,misc,2023,6,20,1,9391.0,4076.0,896.0,4787.666666666667,19,1056.0
T4528,U095,2023-06-23,Expense,Food,1056.0,Upi,Delhi,No Notes,2023,6,23,4,4135.0,9391.0,4076.0,5867.333333333333,20,5495.0
T2135,U095,2023-07-22,Expense,Food,5495.0,Upi,Mumbai,misc,2023,7,22,5,1056.0,4135.0,9391.0,4860.666666666667,21,307.0
T3879,U095,2023-08-07,Expense,Rent,307.0,Upi,Kolkata,ATM withdrawal,2023,8,7,0,5495.0,1056.0,4135.0,3562.0,22,3271.0
T0927,U095,2023-08-15,Expense,Travel,3271.0,Bank_Transfer,Delhi,asdfgh,2023,8,15,1,307.0,5495.0,1056.0,2286.0,23,6232.0
T8636,U095,2023-12-23,Expense,Entertainment,6232.0,Cash,Chennai,test,2023,12,23,5,3271.0,307.0,5495.0,3024.3333333333335,24,999999.0
T12513,U095,2024-01-07,Expense,Utilities,999999.0,Cash,Hyderabad,Lunch,2024,1,7,6,6232.0,3271.0,307.0,3270.0,25,7624.0
T7229,U095,2024-01-15,Expense,Savings,7624.0,Card,Chennai,No Notes,2024,1,15,0,999999.0,6232.0,3271.0,336500.6666666667,26,34145.0
T3552,U095,2024-01-21,Income,Bonus,34145.0,Bank_Transfer,Hyderabad,!!!,2024,1,21,6,7624.0,999999.0,6232.0,337951.6666666667,27,999999.0
T7225,U095,2024-02-12,Expense,Food,999999.0,Cash,Bangalore,test,2024,2,12,0,34145.0,7624.0,999999.0,347256.0,28,2319.0
T4984,U095,2024-05-21,Expense,Rent,2319.0,Card,Kolkata,Monthly rent payment,2024,5,21,1,999999.0,34145.0,7624.0,347256.0,29,7546.0
T2111,U095,2024-08-05,Expense,Rent,7546.0,Card,Chennai,test,2024,8,5,0,2319.0,999999.0,34145.0,345487.6666666667,30,53820.0
T1779,U095,2024-08-09,Income,Freelance,53820.0,Card,Delhi,Gym membership,2024,8,9,4,7546.0,2319.0,999999.0,336621.3333333333,31,3102.0
T5424,U095,2024-08-13,Expense,Food,3102.0,Bank_Transfer,Delhi,Fixed deposit,2024,8,13,1,53820.0,7546.0,2319.0,21228.333333333332,32,5393.0
T10146,U095,2024-09-06,Expense,Rent,5393.0,Upi,Chennai,Train ticket,2024,9,6,4,3102.0,53820.0,7546.0,21489.333333333332,33,6608.0
T9512,U095,2024-09-23,Expense,Savings,6608.0,Bank_Transfer,Bangalore,misc,2024,9,23,0,5393.0,3102.0,53820.0,20771.666666666668,34,2955.0
T2150,U095,2024-09-25,Expense,Health,2955.0,Upi,Unknown,Doctor consultation,2024,9,25,2,6608.0,5393.0,3102.0,5034.333333333333,35,9682.0
T3915,U095,2024-11-08,Expense,Travel,9682.0,Cash,Bangalore,No Notes,2024,11,8,4,2955.0,6608.0,5393.0,4985.333333333333,36,1162.0
T2764,U096,2021-03-23,Expense,Rent,6618.0,Cash,Hyderabad,No Notes,2021,3,23,1,6051.0,38346.0,231.0,14876.0,3,2474.0
T0366,U096,2021-08-20,Expense,Utilities,2474.0,Cash,Unknown,Internet bill,2021,8,20,4,6618.0,6051.0,38346.0,17005.0,4,3582.0
T0460,U096,2021-10-03,Expense,Food,3582.0,Card,Pune,asdfgh,2021,10,3,6,2474.0,6618.0,6051.0,5047.666666666667,5,31487.0
T2919,U096,2021-10-11,Income,Bonus,31487.0,Upi,Delhi,Grocery shopping,2021,10,11,0,3582.0,2474.0,6618.0,4224.666666666667,6,9635.0
T3130,U096,2021-11-09,Expense,Food,9635.0,Bank_Transfer,Kolkata,Gym membership,2021,11,9,1,31487.0,3582.0,2474.0,12514.333333333334,7,3518.0
T13560,U096,2022-01-30,Expense,Food,3518.0,Cash,Hyderabad,Monthly rent payment,2022,1,30,6,9635.0,31487.0,3582.0,14901.333333333334,8,3618.0
T2034,U096,2022-02-06,Expense,Food,3618.0,Card,Ahmedabad,No Notes,2022,2,6,6,3518.0,9635.0,31487.0,14880.0,9,2120.0
T3168,U096,2022-02-07,Expense,Utilities,2120.0,Card,Ahmedabad,No Notes,2022,2,7,0,3618.0,3518.0,9635.0,5590.333333333333,10,949.0
T10913,U096,2022-03-15,Expense,Travel,949.0,Cash,Lucknow,...,2022,3,15,1,2120.0,3618.0,3518.0,3085.3333333333335,11,10440.0
T7721,U096,2022-05-22,Income,Investment,10440.0,Card,Delhi,!!!,2022,5,22,6,949.0,2120.0,3618.0,2229.0,12,1245.0
T13803,U096,2022-06-07,Expense,Utilities,1245.0,Card,Pune,No Notes,2022,6,7,1,10440.0,949.0,2120.0,4503.0,13,9213.0
T9753,U096,2022-07-23,Expense,Travel,9213.0,Bank_Transfer,Lucknow,asdfgh,2022,7,23,5,1245.0,10440.0,949.0,4211.333333333333,14,909296.0
T2143,U096,2022-08-27,Income,Freelance,909296.0,Bank_Transfer,Pune,Books,2022,8,27,5,9213.0,1245.0,10440.0,6966.0,15,1009.0
T13724,U096,2022-08-28,Expense,Rent,1009.0,Upi,Kolkata,asdfgh,2022,8,28,6,909296.0,9213.0,1245.0,306584.6666666667,16,1617.0
T0289,U096,2022-09-12,Expense,Travel,1617.0,Card,Ahmedabad,EMI payment,2022,9,12,0,1009.0,909296.0,9213.0,306506.0,17,50866.0
T8717,U096,2022-09-14,Income,Salary,50866.0,Upi,Kolkata,xyz123,2022,9,14,2,1617.0,1009.0,909296.0,303974.0,18,4217.0
T11738,U096,2022-10-03,Expense,Food,4217.0,Card,Chennai,Uber ride,2022,10,3,0,50866.0,1617.0,1009.0,17830.666666666668,19,695.0
T12775,U096,2022-10-18,Expense,Food,695.0,Card,Delhi,Restaurant dinner,2022,10,18,1,4217.0,50866.0,1617.0,18900.0,20,4053.0
T9913,U096,2022-11-14,Expense,Rent,4053.0,Cash,Pune,Gym membership,2022,11,14,0,695.0,4217.0,50866.0,18592.666666666668,21,9681.0
T7093,U096,2023-03-29,Expense,Travel,9681.0,Upi,Delhi,Online course,2023,3,29,2,4053.0,695.0,4217.0,2988.3333333333335,22,1587.0
T4989,U096,2023-04-08,Expense,Travel,1587.0,Bank_Transfer,Hyderabad,Movie tickets,2023,4,8,5,9681.0,4053.0,695.0,4809.666666666667,23,7489.0
T1945,U096,2023-04-08,Expense,Education,7489.0,Bank_Transfer,Kolkata,No Notes,2023,4,8,5,1587.0,9681.0,4053.0,5107.0,24,9790.0
T12402,U096,2023-04-23,Expense,Rent,9790.0,Card,Kolkata,Grocery shopping,2023,4,23,6,7489.0,1587.0,9681.0,6252.333333333333,25,61313.0
T6069,U096,2023-04-26,Income,Bonus,61313.0,Upi,Kolkata,EMI payment,2023,4,26,2,9790.0,7489.0,1587.0,6288.666666666667,26,9396.0
T10932,U096,2023-05-03,Expense,Travel,9396.0,Cash,Hyderabad,Grocery shopping,2023,5,3,2,61313.0,9790.0,7489.0,26197.333333333332,27,2847.0
T5389,U096,2023-09-30,Expense,Food,2847.0,Upi,Bangalore,xyz123,2023,9,30,5,9396.0,61313.0,9790.0,26833.0,28,580.0
T12706,U096,2023-10-04,Expense,Health,580.0,Card,Pune,Restaurant dinner,2023,10,4,2,2847.0,9396.0,61313.0,24518.666666666668,29,6396.0
T8118,U096,2023-11-06,Expense,Travel,6396.0,Upi,Pune,Online course,2023,11,6,0,580.0,2847.0,9396.0,4274.333333333333,30,104.0
T12023,U096,2023-11-25,Expense,Travel,104.0,Upi,Pune,...,2023,11,25,5,6396.0,580.0,2847.0,3274.3333333333335,31,56617.0
T10888,U096,2024-01-05,Income,Others,56617.0,Bank_Transfer,Delhi,No Notes,2024,1,5,4,104.0,6396.0,580.0,2360.0,32,19068.0
T1761,U096,2024-05-22,Income,Bonus,19068.0,Upi,Lucknow,Medicine,2024,5,22,2,56617.0,104.0,6396.0,21039.0,33,9715.0
T13088,U096,2024-09-24,Expense,Utilities,9715.0,Cash,Mumbai,Coffee,2024,9,24,1,19068.0,56617.0,104.0,25263.0,34,999999.0
T1532,U096,2024-10-17,Expense,Utilities,999999.0,Card,Unknown,Coffee,2024,10,17,3,9715.0,19068.0,56617.0,28466.666666666668,35,7285.0
T12562,U097,2021-11-28,Expense,Health,4122.0,Bank_Transfer,Ahmedabad,No Notes,2021,11,28,6,1119.0,8674.0,76175.0,28656.0,3,5732.0
T11997,U097,2022-01-12,Expense,Travel,5732.0,Card,Mumbai,Grocery shopping,2022,1,12,2,4122.0,1119.0,8674.0,4638.333333333333,4,24764.0
T0032,U097,2022-02-11,Expense,Rent,24764.0,Cash,Hyderabad,Doctor consultation,2022,2,11,4,5732.0,4122.0,1119.0,3657.6666666666665,5,999999.0
T4239,U097,2022-02-23,Expense,Rent,999999.0,Upi,Ahmedabad,Coffee,2022,2,23,2,24764.0,5732.0,4122.0,11539.333333333334,6,1406.0
T8395,U097,2022-03-03,Expense,Education,1406.0,Cash,Unknown,Internet bill,2022,3,3,3,999999.0,24764.0,5732.0,343498.3333333333,7,32522.0
T7506,U097,2022-04-23,Income,Freelance,32522.0,Card,Hyderabad,Electricity bill,2022,4,23,5,1406.0,999999.0,24764.0,342056.3333333333,8,10481.0
T2627,U097,2022-06-20,Expense,Rent,10481.0,Cash,Pune,Internet bill,2022,6,20,0,32522.0,1406.0,999999.0,344642.3333333333,9,6136.0
T8249,U097,2022-09-07,Expense,Rent,6136.0,Upi,Unknown,No Notes,2022,9,7,2,10481.0,32522.0,1406.0,14803.0,10,3519.0
T11034,U097,2022-10-16,Expense,Food,3519.0,Bank_Transfer,Pune,No Notes,2022,10,16,6,6136.0,10481.0,32522.0,16379.666666666666,11,2446.0
T1329,U097,2022-10-17,Expense,Travel,2446.0,Card,Chennai,Internet bill,2022,10,17,0,3519.0,6136.0,10481.0,6712.0,12,4931.0
T11930,U097,2022-12-26,Expense,Food,4931.0,Cash,Lucknow,Coffee,2022,12,26,0,2446.0,3519.0,6136.0,4033.6666666666665,13,8303.0
T12494,U097,2023-01-02,Expense,Savings,8303.0,Unknown,Mumbai,Gym membership,2023,1,2,0,4931.0,2446.0,3519.0,3632.0,14,1681.0
T7844,U097,2023-01-22,Expense,Travel,1681.0,Unknown,Jaipur,Books,2023,1,22,6,8303.0,4931.0,2446.0,5226.666666666667,15,2091.0
T6520,U097,2023-02-06,Expense,Travel,2091.0,Card,Jaipur,Uber ride,2023,2,6,0,1681.0,8303.0,4931.0,4971.666666666667,16,47389.0
T5700,U097,2023-03-02,Income,Salary,47389.0,Upi,Mumbai,No Notes,2023,3,2,3,2091.0,1681.0,8303.0,4025.0,17,4730.0
T5845,U097,2023-04-08,Expense,Education,4730.0,Bank_Transfer,Mumbai,ATM withdrawal,2023,4,8,5,47389.0,2091.0,1681.0,17053.666666666668,18,3197.0
T2611,U097,2023-09-15,Expense,Travel,3197.0,Bank_Transfer,Unknown,Uber ride,2023,9,15,4,4730.0,47389.0,2091.0,18070.0,19,6960.0
T8144,U097,2023-09-30,Expense,Entertainment,6960.0,Upi,Chennai,EMI payment,2023,9,30,5,3197.0,4730.0,47389.0,18438.666666666668,20,8706.0
T3539,U097,2023-11-25,Expense,Utilities,8706.0,Card,Delhi,Uber ride,2023,11,25,5,6960.0,3197.0,4730.0,4962.333333333333,21,3928.0
T9387,U097,2024-04-18,Expense,Savings,3928.0,Upi,Unknown,Restaurant dinner,2024,4,18,3,8706.0,6960.0,3197.0,6287.666666666667,22,2715.0
T1572,U097,2024-06-02,Expense,Education,2715.0,Card,Ahmedabad,asdfgh,2024,6,2,6,3928.0,8706.0,6960.0,6531.333333333333,23,3988.0
T2563,U097,2024-06-13,Expense,Food,3988.0,Bank_Transfer,Hyderabad,Books,2024,6,13,3,2715.0,3928.0,8706.0,5116.333333333333,24,19295.0
T12336,U097,2024-06-13,Income,Investment,19295.0,Card,Pune,Books,2024,6,13,3,3988.0,2715.0,3928.0,3543.6666666666665,25,9803.0
T12783,U097,2024-08-04,Expense,Travel,9803.0,Cash,Bangalore,Fixed deposit,2024,8,4,6,19295.0,3988.0,2715.0,8666.0,26,8371.0
T10036,U097,2024-08-13,Expense,Rent,8371.0,Cash,Bangalore,EMI payment,2024,8,13,1,9803.0,19295.0,3988.0,11028.666666666666,27,2396.0
T6806,U097,2024-08-23,Expense,Food,2396.0,Upi,Lucknow,Medicine,2024,8,23,4,8371.0,9803.0,19295.0,12489.666666666666,28,1959.0
T3514,U097,2024-09-08,Expense,Utilities,1959.0,Cash,Ahmedabad,Gym membership,2024,9,8,6,2396.0,8371.0,9803.0,6856.666666666667,29,1315.0
T10671,U097,2024-09-26,Expense,Utilities,1315.0,Upi,Mumbai,misc,2024,9,26,3,1959.0,2396.0,8371.0,4242.0,30,4608.0
T12984,U097,2024-10-01,Expense,Food,4608.0,Upi,Ahmedabad,Electricity bill,2024,10,1,1,1315.0,1959.0,2396.0,1890.0,31,5548.0
T12246,U097,2024-10-07,Expense,Travel,5548.0,Bank_Transfer,Lucknow,Monthly rent payment,2024,10,7,0,4608.0,1315.0,1959.0,2627.3333333333335,32,9925.0
T1294,U097,2024-10-18,Expense,Food,9925.0,Card,Unknown,Books,2024,10,18,4,5548.0,4608.0,1315.0,3823.6666666666665,33,4138.0
T9555,U097,2024-12-13,Expense,Travel,4138.0,Upi,Jaipur,ATM withdrawal,2024,12,13,4,9925.0,5548.0,4608.0,6693.666666666667,34,52875.0
T6163,U098,2021-10-04,Expense,Travel,7802.0,Upi,Hyderabad,Coffee,2021,10,4,0,17069.0,7894.0,12502.0,12488.333333333334,3,1426.0
T4998,U098,2021-11-05,Expense,Rent,1426.0,Card,Lucknow,Coffee,2021,11,5,4,7802.0,17069.0,7894.0,10921.666666666666,4,5545.0
T12279,U098,2021-11-17,Expense,Education,5545.0,Cash,Hyderabad,No Notes,2021,11,17,2,1426.0,7802.0,17069.0,8765.666666666666,5,3915.0
T9701,U098,2021-12-14,Expense,Utilities,3915.0,Card,Lucknow,Grocery shopping,2021,12,14,1,5545.0,1426.0,7802.0,4924.333333333333,6,749253.0
T0163,U098,2021-12-20,Income,Others,749253.0,Bank_Transfer,Ahmedabad,Electricity bill,2021,12,20,0,3915.0,5545.0,1426.0,3628.6666666666665,7,28550.0
T9596,U098,2021-12-22,Expense,Rent,28550.0,Upi,Mumbai,Doctor consultation,2021,12,22,2,749253.0,3915.0,5545.0,252904.33333333334,8,4060.0
T12111,U098,2021-12-26,Expense,Travel,4060.0,Bank_Transfer,Chennai,Books,2021,12,26,6,28550.0,749253.0,3915.0,260572.66666666666,9,3364.0
T0623,U098,2021-12-31,Expense,Utilities,3364.0,Upi,Lucknow,misc,2021,12,31,4,4060.0,28550.0,749253.0,260621.0,10,1087.0
T7543,U098,2022-01-21,Expense,Others,1087.0,Cash,Bangalore,xyz123,2022,1,21,4,3364.0,4060.0,28550.0,11991.333333333334,11,36962.0
T4342,U098,2022-01-25,Income,Salary,36962.0,Cash,Hyderabad,Shopping,2022,1,25,1,1087.0,3364.0,4060.0,2837.0,12,19017.0
T13328,U098,2022-02-28,Income,Others,19017.0,Bank_Transfer,Lucknow,Doctor consultation,2022,2,28,0,36962.0,1087.0,3364.0,13804.333333333334,13,4897.0
T5900,U098,2022-06-10,Expense,Entertainment,4897.0,Upi,Chennai,Lunch,2022,6,10,4,19017.0,36962.0,1087.0,19022.0,14,16911.0
T13299,U098,2022-06-10,Expense,Rent,16911.0,Cash,Hyderabad,Uber ride,2022,6,10,4,4897.0,19017.0,36962.0,20292.0,15,999999.0
T2175,U098,2022-07-31,Expense,Food,999999.0,Cash,Lucknow,Doctor consultation,2022,7,31,6,16911.0,4897.0,19017.0,13608.333333333334,16,25714.0
T4770,U098,2022-10-19,Income,Salary,25714.0,Cash,Jaipur,Gym membership,2022,10,19,2,999999.0,16911.0,4897.0,340602.3333333333,17,1657.0
T5769,U098,2023-01-20,Expense,Education,1657.0,Cash,Pune,Online course,2023,1,20,4,25714.0,999999.0,16911.0,347541.3333333333,18,2673.0
T6351,U098,2023-02-18,Expense,Food,2673.0,Upi,Jaipur,Monthly rent payment,2023,2,18,5,1657.0,25714.0,999999.0,342456.6666666667,19,4717.0
T5307,U098,2023-03-07,Expense,Education,4717.0,Card,Bangalore,Movie tickets,2023,3,7,1,2673.0,1657.0,25714.0,10014.666666666666,20,179.0
T10008,U098,2023-04-12,Expense,Utilities,179.0,Card,Lucknow,test,2023,4,12,2,4717.0,2673.0,1657.0,3015.6666666666665,21,4852.0
T7918,U098,2023-05-01,Expense,Food,4852.0,Card,Kolkata,No Notes,2023,5,1,0,179.0,4717.0,2673.0,2523.0,22,5086.0
T10017,U098,2023-06-15,Expense,Entertainment,5086.0,Card,Kolkata,Uber ride,2023,6,15,3,4852.0,179.0,4717.0,3249.3333333333335,23,347.0
T12414,U098,2023-08-19,Expense,Food,347.0,Upi,Bangalore,xyz123,2023,8,19,5,5086.0,4852.0,179.0,3372.3333333333335,24,7916.0
T5561,U098,2023-08-27,Expense,Food,7916.0,Upi,Ahmedabad,No Notes,2023,8,27,6,347.0,5086.0,4852.0,3428.3333333333335,25,2581.0
T1082,U098,2023-08-31,Expense,Rent,2581.0,Card,Pune,Fixed deposit,2023,8,31,3,7916.0,347.0,5086.0,4449.666666666667,26,8866.0
T2900,U098,2023-09-10,Expense,Education,8866.0,Bank_Transfer,Bangalore,Books,2023,9,10,6,2581.0,7916.0,347.0,3614.6666666666665,27,7693.0
T0340,U098,2023-10-02,Expense,Health,7693.0,Upi,Kolkata,!!!,2023,10,2,0,8866.0,2581.0,7916.0,6454.333333333333,28,2295.0
T10840,U098,2023-11-11,Expense,Food,2295.0,Bank_Transfer,Kolkata,Doctor consultation,2023,11,11,5,7693.0,8866.0,2581.0,6380.0,29,4307.0
T0349,U098,2023-11-20,Expense,Food,4307.0,Cash,Delhi,xyz123,2023,11,20,0,2295.0,7693.0,8866.0,6284.666666666667,30,6826.0
T10358,U098,2024-02-07,Expense,Rent,6826.0,Bank_Transfer,Unknown,...,2024,2,7,2,4307.0,2295.0,7693.0,4765.0,31,6140.0
T13808,U098,2024-05-07,Expense,Rent,6140.0,Cash,Unknown,Restaurant dinner,2024,5,7,1,6826.0,4307.0,2295.0,4476.0,32,72760.0
T3465,U098,2024-06-14,Income,Salary,72760.0,Cash,Chennai,Gym membership,2024,6,14,4,6140.0,6826.0,4307.0,5757.666666666667,33,435.0
T11067,U098,2024-07-24,Expense,Food,435.0,Card,Kolkata,Doctor consultation,2024,7,24,2,72760.0,6140.0,6826.0,28575.333333333332,34,17088.0
T12126,U098,2024-08-23,Income,Freelance,17088.0,Upi,Ahmedabad,EMI payment,2024,8,23,4,435.0,72760.0,6140.0,26445.0,35,5617.0
T3739,U098,2024-09-27,Expense,Utilities,5617.0,Cash,Mumbai,Internet bill,2024,9,27,4,17088.0,435.0,72760.0,30094.333333333332,36,3255.0
T9988,U098,2024-11-02,Expense,Education,3255.0,Card,Hyderabad,Uber ride,2024,11,2,5,5617.0,17088.0,435.0,7713.333333333333,37,7572.0
T13459,U098,2024-12-05,Expense,Utilities,7572.0,Cash,Kolkata,Electricity bill,2024,12,5,3,3255.0,5617.0,17088.0,8653.333333333334,38,6957.0
T10549,U099,2021-06-21,Expense,Travel,7219.0,Card,Pune,Doctor consultation,2021,6,21,0,37244.0,9602.0,5990.0,17612.0,3,15821.0
T0581,U099,2021-06-23,Income,Salary,15821.0,Bank_Transfer,Unknown,Uber ride,2021,6,23,2,7219.0,37244.0,9602.0,18021.666666666668,4,28198.0
T5670,U099,2021-07-30,Income,Investment,28198.0,Cash,Kolkata,test,2021,7,30,4,15821.0,7219.0,37244.0,20094.666666666668,5,6348.0
T1248,U099,2021-09-20,Expense,Rent,6348.0,Card,Ahmedabad,xyz123,2021,9,20,0,28198.0,15821.0,7219.0,17079.333333333332,6,716.0
T5568,U099,2021-10-16,Expense,Rent,716.0,Cash,Pune,Doctor consultation,2021,10,16,5,6348.0,28198.0,15821.0,16789.0,7,7568.0
T5617,U099,2021-11-29,Expense,Entertainment,7568.0,Upi,Pune,Fixed deposit,2021,11,29,0,716.0,6348.0,28198.0,11754.0,8,9521.0
T0714,U099,2021-12-19,Expense,Entertainment,9521.0,Bank_Transfer,Bangalore,No Notes,2021,12,19,6,7568.0,716.0,6348.0,4877.333333333333,9,5285.0
T13546,U099,2022-04-08,Expense,Utilities,5285.0,Card,Mumbai,ATM withdrawal,2022,4,8,4,9521.0,7568.0,716.0,5935.0,10,7402.0
T10580,U099,2022-05-22,Expense,Utilities,7402.0,Cash,Mumbai,No Notes,2022,5,22,6,5285.0,9521.0,7568.0,7458.0,11,3678.0
T3694,U099,2022-06-12,Expense,Food,3678.0,Cash,Mumbai,EMI payment,2022,6,12,6,7402.0,5285.0,9521.0,7402.666666666667,12,9356.0
T3043,U099,2022-07-09,Expense,Savings,9356.0,Cash,Bangalore,xyz123,2022,7,9,5,3678.0,7402.0,5285.0,5455.0,13,34663.0
T8582,U099,2022-08-02,Income,Freelance,34663.0,Card,Chennai,Monthly rent payment,2022,8,2,1,9356.0,3678.0,7402.0,6812.0,14,6945.0
T11862,U099,2022-09-05,Expense,Food,6945.0,Cash,Hyderabad,Gym membership,2022,9,5,0,34663.0,9356.0,3678.0,15899.0,15,1956.0
T4411,U099,2023-01-12,Expense,Food,1956.0,Card,Jaipur,Coffee,2023,1,12,3,6945.0,34663.0,9356.0,16988.0,16,7206.0
T12925,U099,2023-01-15,Expense,Rent,7206.0,Upi,Pune,No Notes,2023,1,15,6,1956.0,6945.0,34663.0,14521.333333333334,17,3051.0
T8419,U099,2023-01-26,Expense,Travel,3051.0,Cash,Delhi,Shopping,2023,1,26,3,7206.0,1956.0,6945.0,5369.0,18,9065.0
T4086,U099,2023-03-16,Expense,Food,9065.0,Cash,Bangalore,Movie tickets,2023,3,16,3,3051.0,7206.0,1956.0,4071.0,19,16138.0
T7893,U099,2023-06-27,Expense,Rent,16138.0,Cash,Delhi,No Notes,2023,6,27,1,9065.0,3051.0,7206.0,6440.666666666667,20,55020.0
T3268,U099,2023-08-16,Income,Others,55020.0,Bank_Transfer,Unknown,Online course,2023,8,16,2,16138.0,9065.0,3051.0,9418.0,21,3701.0
T12232,U099,2023-12-14,Expense,Education,3701.0,Upi,Lucknow,ATM withdrawal,2023,12,14,3,55020.0,16138.0,9065.0,26741.0,22,7425.0
T11204,U099,2023-12-30,Expense,Rent,7425.0,Card,Chennai,No Notes,2023,12,30,5,3701.0,55020.0,16138.0,24953.0,23,832.0
T0647,U099,2024-01-07,Expense,Health,832.0,Card,Unknown,No Notes,2024,1,7,6,7425.0,3701.0,55020.0,22048.666666666668,24,6474.0
T3665,U099,2024-01-21,Expense,Rent,6474.0,Card,Delhi,Medicine,2024,1,21,6,832.0,7425.0,3701.0,3986.0,25,6427.0
T7128,U099,2024-02-22,Expense,Health,6427.0,Bank_Transfer,Hyderabad,Restaurant dinner,2024,2,22,3,6474.0,832.0,7425.0,4910.333333333333,26,2164.0
T6733,U099,2024-03-02,Expense,Utilities,2164.0,Upi,Jaipur,Train ticket,2024,3,2,5,6427.0,6474.0,832.0,4577.666666666667,27,63843.0
T11349,U099,2024-03-06,Income,Salary,63843.0,Card,Mumbai,No Notes,2024,3,6,2,2164.0,6427.0,6474.0,5021.666666666667,28,13455.0
T6148,U099,2024-05-22,Expense,Rent,13455.0,Bank_Transfer,Delhi,Shopping,2024,5,22,2,63843.0,2164.0,6427.0,24144.666666666668,29,1574.0
T6767,U099,2024-08-03,Expense,Food,1574.0,Card,Delhi,ATM withdrawal,2024,8,3,5,13455.0,63843.0,2164.0,26487.333333333332,30,9727.0
T3992,U099,2024-08-31,Expense,Travel,9727.0,Upi,Ahmedabad,Gym membership,2024,8,31,5,1574.0,13455.0,63843.0,26290.666666666668,31,3573.0
T11435,U099,2024-09-27,Expense,Utilities,3573.0,Bank_Transfer,Ahmedabad,Uber ride,2024,9,27,4,9727.0,1574.0,13455.0,8252.0,32,63736.0
T3271,U099,2024-11-25,Income,Freelance,63736.0,Bank_Transfer,Pune,Lunch,2024,11,25,0,3573.0,9727.0,1574.0,4958.0,33,8119.0
T4396,U100,2021-02-27,Expense,Rent,3935.0,Card,Lucknow,Internet bill,2021,2,27,5,23426.0,74183.0,5431.0,34346.666666666664,3,2318.0
T2315,U100,2021-03-02,Expense,Food,2318.0,Cash,Delhi,Petrol,2021,3,2,1,3935.0,23426.0,74183.0,33848.0,4,66794.0
T11724,U100,2021-04-19,Income,Bonus,66794.0,Cash,Ahmedabad,ATM withdrawal,2021,4,19,0,2318.0,3935.0,23426.0,9893.0,5,53888.0
T0851,U100,2021-04-23,Income,Freelance,53888.0,Cash,Pune,Electricity bill,2021,4,23,4,66794.0,2318.0,3935.0,24349.0,6,3045.0
T5238,U100,2021-06-16,Expense,Food,3045.0,Cash,Lucknow,!!!,2021,6,16,2,53888.0,66794.0,2318.0,41000.0,7,7411.0
T8100,U100,2021-07-23,Expense,Entertainment,7411.0,Upi,Chennai,Movie tickets,2021,7,23,4,3045.0,53888.0,66794.0,41242.333333333336,8,6837.0
T9774,U100,2021-07-26,Expense,Rent,6837.0,Cash,Ahmedabad,No Notes,2021,7,26,0,7411.0,3045.0,53888.0,21448.0,9,4708.0
T1331,U100,2021-10-28,Expense,Utilities,4708.0,Bank_Transfer,Jaipur,Doctor consultation,2021,10,28,3,6837.0,7411.0,3045.0,5764.333333333333,10,6669.0
T5693,U100,2021-10-31,Expense,Entertainment,6669.0,Card,Unknown,xyz123,2021,10,31,6,4708.0,6837.0,7411.0,6318.666666666667,11,3255.0
T8626,U100,2022-01-13,Expense,Health,3255.0,Upi,Jaipur,Coffee,2022,1,13,3,6669.0,4708.0,6837.0,6071.333333333333,12,3548.0
T5871,U100,2022-02-27,Expense,Food,3548.0,Bank_Transfer,Pune,misc,2022,2,27,6,3255.0,6669.0,4708.0,4877.333333333333,13,4356.0
T2821,U100,2022-04-07,Expense,Food,4356.0,Bank_Transfer,Delhi,Books,2022,4,7,3,3548.0,3255.0,6669.0,4490.666666666667,14,76606.0
T3111,U100,2022-04-19,Income,Investment,76606.0,Card,Chennai,!!!,2022,4,19,1,4356.0,3548.0,3255.0,3719.6666666666665,15,5693.0
T11169,U100,2022-11-05,Expense,Rent,5693.0,Card,Mumbai,ATM withdrawal,2022,11,5,5,76606.0,4356.0,3548.0,28170.0,16,6704.0
T11932,U100,2023-02-10,Expense,Utilities,6704.0,Upi,Mumbai,Doctor consultation,2023,2,10,4,5693.0,76606.0,4356.0,28885.0,17,5549.0
T10442,U100,2023-05-14,Expense,Travel,5549.0,Unknown,Mumbai,!!!,2023,5,14,6,6704.0,5693.0,76606.0,29667.666666666668,18,39046.0
T5295,U100,2023-05-15,Income,Investment,39046.0,Cash,Bangalore,misc,2023,5,15,0,5549.0,6704.0,5693.0,5982.0,19,7388.0
T6178,U100,2023-05-31,Expense,Education,7388.0,Bank_Transfer,Pune,!!!,2023,5,31,2,39046.0,5549.0,6704.0,17099.666666666668,20,4899.0
T13577,U100,2023-06-09,Expense,Travel,4899.0,Card,Kolkata,Online course,2023,6,9,4,7388.0,39046.0,5549.0,17327.666666666668,21,3588.0
T8431,U100,2023-06-11,Expense,Rent,3588.0,Cash,Pune,No Notes,2023,6,11,6,4899.0,7388.0,39046.0,17111.0,22,38688.0
T10927,U100,2023-09-17,Expense,Rent,38688.0,Cash,Bangalore,EMI payment,2023,9,17,6,3588.0,4899.0,7388.0,5291.666666666667,23,5587.0
T2801,U100,2023-10-16,Expense,Food,5587.0,Card,Unknown,Coffee,2023,10,16,0,38688.0,3588.0,4899.0,15725.0,24,35601.0
T3428,U100,2023-10-23,Expense,Rent,35601.0,Cash,Mumbai,No Notes,2023,10,23,0,5587.0,38688.0,3588.0,15954.333333333334,25,8858.0
T4589,U100,2023-11-22,Expense,Rent,8858.0,Upi,Jaipur,No Notes,2023,11,22,2,35601.0,5587.0,38688.0,26625.333333333332,26,4838.0
T11769,U100,2023-11-27,Expense,Utilities,4838.0,Card,Kolkata,Monthly rent payment,2023,11,27,0,8858.0,35601.0,5587.0,16682.0,27,2835.0
T13802,U100,2023-11-27,Expense,Food,2835.0,Cash,Kolkata,Coffee,2023,11,27,0,4838.0,8858.0,35601.0,16432.333333333332,28,36616.0
T2684,U100,2024-05-20,Income,Freelance,36616.0,Card,Pune,Books,2024,5,20,0,2835.0,4838.0,8858.0,5510.333333333333,29,3309.0
T4977,U100,2024-05-29,Expense,Food,3309.0,Upi,Kolkata,Petrol,2024,5,29,2,36616.0,2835.0,4838.0,14763.0,30,7353.0
T6505,U100,2024-06-11,Expense,Utilities,7353.0,Bank_Transfer,Kolkata,No Notes,2024,6,11,1,3309.0,36616.0,2835.0,14253.333333333334,31,2445.0
T6054,U100,2024-06-30,Expense,Food,2445.0,Upi,Kolkata,No Notes,2024,6,30,6,7353.0,3309.0,36616.0,15759.333333333334,32,9701.0
T4655,U100,2024-07-23,Expense,Rent,9701.0,Card,Jaipur,No Notes,2024,7,23,1,2445.0,7353.0,3309.0,4369.0,33,8108.0
T4500,U100,2024-09-23,Expense,Education,8108.0,Bank_Transfer,Lucknow,Books,2024,9,23,0,9701.0,2445.0,7353.0,6499.666666666667,34,984.0
T3217,U101,2021-04-16,Expense,Utilities,7022.0,Upi,Pune,Petrol,2021,4,16,4,4122.0,6894.0,1902.0,4306.0,3,999999.0
T0900,U101,2021-11-01,Expense,Health,999999.0,Bank_Transfer,Hyderabad,Monthly rent payment,2021,11,1,0,7022.0,4122.0,6894.0,6012.666666666667,4,1559.0
T7903,U101,2021-11-02,Expense,Food,1559.0,Card,Pune,No Notes,2021,11,2,1,999999.0,7022.0,4122.0,337047.6666666667,5,22047.0
T13998,U101,2021-12-02,Income,Bonus,22047.0,Card,Bangalore,EMI payment,2021,12,2,3,1559.0,999999.0,7022.0,336193.3333333333,6,1683.0
T10850,U101,2021-12-25,Expense,Travel,1683.0,Bank_Transfer,Kolkata,Online course,2021,12,25,5,22047.0,1559.0,999999.0,341201.6666666667,7,20394.0
T10421,U101,2022-02-17,Income,Freelance,20394.0,Upi,Hyderabad,Monthly rent payment,2022,2,17,3,1683.0,22047.0,1559.0,8429.666666666666,8,1563.0
T3289,U101,2022-04-08,Expense,Entertainment,1563.0,Unknown,Jaipur,No Notes,2022,4,8,4,20394.0,1683.0,22047.0,14708.0,9,18123.0
T13229,U101,2022-04-15,Income,Salary,18123.0,Cash,Ahmedabad,Medicine,2022,4,15,4,1563.0,20394.0,1683.0,7880.0,10,23217.0
T10628,U101,2022-04-28,Income,Freelance,23217.0,Upi,Pune,No Notes,2022,4,28,3,18123.0,1563.0,20394.0,13360.0,11,5578.0
T2333,U101,2022-05-02,Expense,Health,5578.0,Cash,Chennai,...,2022,5,2,0,23217.0,18123.0,1563.0,14301.0,12,4863.0
T10692,U101,2022-07-13,Expense,Rent,4863.0,Upi,Kolkata,ATM withdrawal,2022,7,13,2,5578.0,23217.0,18123.0,15639.333333333334,13,7319.0
T5097,U101,2022-07-19,Expense,Entertainment,7319.0,Bank_Transfer,Jaipur,Doctor consultation,2022,7,19,1,4863.0,5578.0,23217.0,11219.333333333334,14,79183.0
T5145,U101,2022-10-13,Income,Others,79183.0,Unknown,Hyderabad,Fixed deposit,2022,10,13,3,7319.0,4863.0,5578.0,5920.0,15,34751.0
T1908,U101,2022-12-12,Expense,Rent,34751.0,Card,Chennai,Internet bill,2022,12,12,0,79183.0,7319.0,4863.0,30455.0,16,7897.0
T11508,U101,2023-01-05,Expense,Travel,7897.0,Card,Hyderabad,Monthly rent payment,2023,1,5,3,34751.0,79183.0,7319.0,40417.666666666664,17,22543.0
T11708,U101,2023-02-16,Expense,Rent,22543.0,Bank_Transfer,Mumbai,No Notes,2023,2,16,3,7897.0,34751.0,79183.0,40610.333333333336,18,3744.0
T9941,U101,2023-03-11,Expense,Food,3744.0,Bank_Transfer,Jaipur,asdfgh,2023,3,11,5,22543.0,7897.0,34751.0,21730.333333333332,19,9715.0
T8870,U101,2023-03-11,Expense,Travel,9715.0,Upi,Jaipur,Internet bill,2023,3,11,5,3744.0,22543.0,7897.0,11394.666666666666,20,5890.0
T9450,U101,2023-05-24,Expense,Food,5890.0,Unknown,Kolkata,No Notes,2023,5,24,2,9715.0,3744.0,22543.0,12000.666666666666,21,37019.0
T7683,U101,2023-05-27,Expense,Rent,37019.0,Cash,Pune,Grocery shopping,2023,5,27,5,5890.0,9715.0,3744.0,6449.666666666667,22,42631.0
T0254,U101,2023-08-21,Income,Others,42631.0,Card,Delhi,Books,2023,8,21,0,37019.0,5890.0,9715.0,17541.333333333332,23,6098.0
T1703,U101,2023-10-14,Expense,Food,6098.0,Cash,Kolkata,Online course,2023,10,14,5,42631.0,37019.0,5890.0,28513.333333333332,24,64972.0
T11782,U101,2023-11-06,Income,Salary,64972.0,Upi,Hyderabad,Lunch,2023,11,6,0,6098.0,42631.0,37019.0,28582.666666666668,25,9001.0
T2929,U101,2023-11-23,Expense,Savings,9001.0,Card,Chennai,Fixed deposit,2023,11,23,3,64972.0,6098.0,42631.0,37900.333333333336,26,6319.0
T2802,U101,2023-12-12,Expense,Savings,6319.0,Bank_Transfer,Mumbai,!!!,2023,12,12,1,9001.0,64972.0,6098.0,26690.333333333332,27,56990.0
T1099,U101,2023-12-24,Income,Investment,56990.0,Upi,Chennai,No Notes,2023,12,24,6,6319.0,9001.0,64972.0,26764.0,28,2643.0
T10234,U101,2024-05-04,Expense,Utilities,2643.0,Unknown,Lucknow,Grocery shopping,2024,5,4,5,56990.0,6319.0,9001.0,24103.333333333332,29,1554.0
T4415,U101,2024-06-05,Expense,Education,1554.0,Cash,Lucknow,No Notes,2024,6,5,2,2643.0,56990.0,6319.0,21984.0,30,3416.0
T11006,U101,2024-06-22,Expense,Travel,3416.0,Card,Chennai,Gym membership,2024,6,22,5,1554.0,2643.0,56990.0,20395.666666666668,31,7389.0
T2794,U101,2024-07-08,Expense,Health,7389.0,Cash,Jaipur,asdfgh,2024,7,8,0,3416.0,1554.0,2643.0,2537.6666666666665,32,6496.0
T0533,U101,2024-08-12,Expense,Savings,6496.0,Card,Bangalore,Restaurant dinner,2024,8,12,0,7389.0,3416.0,1554.0,4119.666666666667,33,6954.0
T12436,U101,2024-09-17,Expense,Health,6954.0,Cash,Bangalore,Restaurant dinner,2024,9,17,1,6496.0,7389.0,3416.0,5767.0,34,9997.0
T2287,U101,2024-09-17,Expense,Food,9997.0,Bank_Transfer,Unknown,Coffee,2024,9,17,1,6954.0,6496.0,7389.0,6946.333333333333,35,3103.0
T13954,U102,2021-09-12,Expense,Education,9904.0,Upi,Lucknow,asdfgh,2021,9,12,6,3183.0,3482.0,74830.0,27165.0,3,9387.0
T13634,U102,2021-12-01,Expense,Others,9387.0,Upi,Hyderabad,Monthly rent payment,2021,12,1,2,9904.0,3183.0,3482.0,5523.0,4,1125.0
T11105,U102,2022-01-26,Expense,Entertainment,1125.0,Bank_Transfer,Ahmedabad,ATM withdrawal,2022,1,26,2,9387.0,9904.0,3183.0,7491.333333333333,5,38733.0
T6436,U102,2022-03-28,Income,Investment,38733.0,Card,Hyderabad,...,2022,3,28,0,1125.0,9387.0,9904.0,6805.333333333333,6,808527.0
T3146,U102,2022-04-01,Income,Freelance,808527.0,Bank_Transfer,Unknown,Fixed deposit,2022,4,1,4,38733.0,1125.0,9387.0,16415.0,7,5593.0
T0079,U102,2022-04-28,Expense,Education,5593.0,Bank_Transfer,Ahmedabad,asdfgh,2022,4,28,3,808527.0,38733.0,1125.0,282795.0,8,298.0
T9809,U102,2022-05-10,Expense,Entertainment,298.0,Card,Pune,...,2022,5,10,1,5593.0,808527.0,38733.0,284284.3333333333,9,29319.0
T4479,U102,2022-08-05,Income,Bonus,29319.0,Upi,Chennai,No Notes,2022,8,5,4,298.0,5593.0,808527.0,271472.6666666667,10,9581.0
T12047,U102,2022-08-20,Expense,Food,9581.0,Card,Lucknow,Movie tickets,2022,8,20,5,29319.0,298.0,5593.0,11736.666666666666,11,8158.0
T9929,U102,2023-03-15,Expense,Utilities,8158.0,Card,Ahmedabad,ATM withdrawal,2023,3,15,2,9581.0,29319.0,298.0,13066.0,12,1142.0
T2055,U102,2023-06-23,Expense,Savings,1142.0,Bank_Transfer,Mumbai,test,2023,6,23,4,8158.0,9581.0,29319.0,15686.0,13,32223.0
T12147,U102,2023-09-15,Income,Others,32223.0,Cash,Jaipur,Shopping,2023,9,15,4,1142.0,8158.0,9581.0,6293.666666666667,14,391.0
T12353,U102,2024-01-12,Expense,Others,391.0,Card,Chennai,No Notes,2024,1,12,4,32223.0,1142.0,8158.0,13841.0,15,4058.0
T0959,U102,2024-01-27,Expense,Food,4058.0,Card,Lucknow,ATM withdrawal,2024,1,27,5,391.0,32223.0,1142.0,11252.0,16,2671.0
T9938,U102,2024-02-10,Expense,Entertainment,2671.0,Cash,Jaipur,No Notes,2024,2,10,5,4058.0,391.0,32223.0,12224.0,17,4943.0
T10054,U102,2024-02-20,Expense,Utilities,4943.0,Bank_Transfer,Pune,...,2024,2,20,1,2671.0,4058.0,391.0,2373.3333333333335,18,4961.0
T13441,U102,2024-05-15,Expense,Food,4961.0,Card,Ahmedabad,Restaurant dinner,2024,5,15,2,4943.0,2671.0,4058.0,3890.6666666666665,19,7656.0
T1622,U102,2024-05-23,Expense,Entertainment,7656.0,Upi,Lucknow,No Notes,2024,5,23,3,4961.0,4943.0,2671.0,4191.666666666667,20,3201.0
T3029,U102,2024-07-19,Expense,Food,3201.0,Cash,Ahmedabad,Doctor consultation,2024,7,19,4,7656.0,4961.0,4943.0,5853.333333333333,21,68176.0
T11799,U103,2021-06-16,Expense,Food,3246.0,Upi,Hyderabad,test,2021,6,16,2,7091.0,6201.0,3252.0,5514.666666666667,3,2392.0
T11836,U103,2021-06-23,Expense,Rent,2392.0,Card,Chennai,Medicine,2021,6,23,2,3246.0,7091.0,6201.0,5512.666666666667,4,499.0
T1580,U103,2021-07-30,Expense,Food,499.0,Card,Lucknow,misc,2021,7,30,4,2392.0,3246.0,7091.0,4243.0,5,6155.0
T10288,U103,2021-10-21,Expense,Entertainment,6155.0,Bank_Transfer,Ahmedabad,EMI payment,2021,10,21,3,499.0,2392.0,3246.0,2045.6666666666667,6,10340.0
T6355,U103,2021-10-28,Income,Others,10340.0,Card,Bangalore,Monthly rent payment,2021,10,28,3,6155.0,499.0,2392.0,3015.3333333333335,7,9357.0
T8917,U103,2021-12-05,Expense,Health,9357.0,Card,Lucknow,EMI payment,2021,12,5,6,10340.0,6155.0,499.0,5664.666666666667,8,2615.0
T11591,U103,2022-02-13,Expense,Travel,2615.0,Card,Kolkata,EMI payment,2022,2,13,6,9357.0,10340.0,6155.0,8617.333333333334,9,2831.0
T10819,U103,2022-03-17,Expense,Utilities,2831.0,Upi,Kolkata,No Notes,2022,3,17,3,2615.0,9357.0,10340.0,7437.333333333333,10,9454.0
T11258,U103,2022-03-20,Expense,Rent,9454.0,Upi,Mumbai,No Notes,2022,3,20,6,2831.0,2615.0,9357.0,4934.333333333333,11,7222.0
T11921,U103,2022-06-28,Expense,Rent,7222.0,Bank_Transfer,Jaipur,No Notes,2022,6,28,1,9454.0,2831.0,2615.0,4966.666666666667,12,615.0
T12483,U103,2023-02-20,Expense,Travel,615.0,Cash,Pune,Medicine,2023,2,20,0,7222.0,9454.0,2831.0,6502.333333333333,13,6264.0
T11702,U103,2023-04-05,Expense,Health,6264.0,Cash,Chennai,No Notes,2023,4,5,2,615.0,7222.0,9454.0,5763.666666666667,14,4119.0
T1069,U103,2023-06-20,Expense,Utilities,4119.0,Cash,Pune,Online course,2023,6,20,1,6264.0,615.0,7222.0,4700.333333333333,15,9334.0
T8898,U103,2023-08-08,Expense,Others,9334.0,Bank_Transfer,Bangalore,Lunch,2023,8,8,1,4119.0,6264.0,615.0,3666.0,16,2141.0
T6193,U103,2023-08-27,Expense,Food,2141.0,Card,Ahmedabad,Uber ride,2023,8,27,6,9334.0,4119.0,6264.0,6572.333333333333,17,4952.0
T10322,U103,2023-11-13,Expense,Entertainment,4952.0,Bank_Transfer,Kolkata,Petrol,2023,11,13,0,2141.0,9334.0,4119.0,5198.0,18,7205.0
T2685,U103,2023-12-21,Expense,Utilities,7205.0,Upi,Chennai,No Notes,2023,12,21,3,4952.0,2141.0,9334.0,5475.666666666667,19,69864.0
T10469,U103,2024-02-05,Income,Salary,69864.0,Cash,Kolkata,Grocery shopping,2024,2,5,0,7205.0,4952.0,2141.0,4766.0,20,1820.0
T5058,U103,2024-03-07,Expense,Education,1820.0,Bank_Transfer,Mumbai,Doctor consultation,2024,3,7,3,69864.0,7205.0,4952.0,27340.333333333332,21,49639.0
T3751,U103,2024-05-31,Income,Bonus,49639.0,Unknown,Hyderabad,Online course,2024,5,31,4,1820.0,69864.0,7205.0,26296.333333333332,22,1775.0
T9810,U103,2024-06-08,Expense,Food,1775.0,Card,Jaipur,Uber ride,2024,6,8,5,49639.0,1820.0,69864.0,40441.0,23,76200.0
T3374,U103,2024-06-15,Income,Freelance,76200.0,Upi,Kolkata,Gym membership,2024,6,15,5,1775.0,49639.0,1820.0,17744.666666666668,24,4305.0
T5066,U103,2024-07-05,Expense,Entertainment,4305.0,Bank_Transfer,Kolkata,Shopping,2024,7,5,4,76200.0,1775.0,49639.0,42538.0,25,8781.0
T10155,U103,2024-08-06,Expense,Entertainment,8781.0,Card,Bangalore,!!!,2024,8,6,1,4305.0,76200.0,1775.0,27426.666666666668,26,9236.0
T6328,U103,2024-09-30,Expense,Utilities,9236.0,Bank_Transfer,Lucknow,...,2024,9,30,0,8781.0,4305.0,76200.0,29762.0,27,3974.0
T11016,U103,2024-10-14,Expense,Others,3974.0,Cash,Delhi,No Notes,2024,10,14,0,9236.0,8781.0,4305.0,7440.666666666667,28,55629.0
T5072,U104,2021-09-08,Expense,Others,8889.0,Bank_Transfer,Delhi,...,2021,9,8,2,1004.0,6695.0,26154.0,11284.333333333334,3,5435.0
T9832,U104,2021-10-10,Expense,Travel,5435.0,Upi,Mumbai,No Notes,2021,10,10,6,8889.0,1004.0,6695.0,5529.333333333333,4,6661.0
T11800,U104,2021-10-14,Expense,Health,6661.0,Card,Unknown,Uber ride,2021,10,14,3,5435.0,8889.0,1004.0,5109.333333333333,5,3205.0
T5643,U104,2021-11-03,Expense,Education,3205.0,Bank_Transfer,Hyderabad,EMI payment,2021,11,3,2,6661.0,5435.0,8889.0,6995.0,6,6362.0
T1514,U104,2021-12-06,Expense,Rent,6362.0,Cash,Hyderabad,Uber ride,2021,12,6,0,3205.0,6661.0,5435.0,5100.333333333333,7,9649.0
T2850,U104,2022-02-23,Expense,Food,9649.0,Upi,Kolkata,No Notes,2022,2,23,2,6362.0,3205.0,6661.0,5409.333333333333,8,2049.0
T9421,U104,2022-04-19,Expense,Food,2049.0,Cash,Jaipur,Electricity bill,2022,4,19,1,9649.0,6362.0,3205.0,6405.333333333333,9,63184.0
T4931,U104,2022-06-24,Income,Others,63184.0,Upi,Lucknow,Electricity bill,2022,6,24,4,2049.0,9649.0,6362.0,6020.0,10,7670.0
T5894,U104,2022-08-12,Expense,Health,7670.0,Upi,Bangalore,...,2022,8,12,4,63184.0,2049.0,9649.0,24960.666666666668,11,1666.0
T13127,U104,2022-08-24,Expense,Entertainment,1666.0,Upi,Lucknow,No Notes,2022,8,24,2,7670.0,63184.0,2049.0,24301.0,12,64620.0
T12963,U104,2022-11-30,Income,Investment,64620.0,Bank_Transfer,Kolkata,...,2022,11,30,2,1666.0,7670.0,63184.0,24173.333333333332,13,1281.0
T4829,U104,2022-12-28,Expense,Utilities,1281.0,Upi,Mumbai,Internet bill,2022,12,28,2,64620.0,1666.0,7670.0,24652.0,14,4829.0
T6428,U104,2023-01-27,Expense,Rent,4829.0,Card,Bangalore,Grocery shopping,2023,1,27,4,1281.0,64620.0,1666.0,22522.333333333332,15,16219.0
T6537,U104,2023-02-15,Expense,Rent,16219.0,Upi,Mumbai,Lunch,2023,2,15,2,4829.0,1281.0,64620.0,23576.666666666668,16,6023.0
T10524,U104,2023-04-25,Expense,Rent,6023.0,Cash,Jaipur,Restaurant dinner,2023,4,25,1,16219.0,4829.0,1281.0,7443.0,17,3947.0
T10854,U104,2023-05-08,Expense,Food,3947.0,Card,Pune,Shopping,2023,5,8,0,6023.0,16219.0,4829.0,9023.666666666666,18,601.0
T13224,U104,2023-05-14,Expense,Entertainment,601.0,Bank_Transfer,Delhi,Coffee,2023,5,14,6,3947.0,6023.0,16219.0,8729.666666666666,19,1078.0
T6064,U104,2023-11-04,Expense,Food,1078.0,Bank_Transfer,Delhi,No Notes,2023,11,4,5,601.0,3947.0,6023.0,3523.6666666666665,20,5292.0
T5467,U104,2023-11-05,Expense,Food,5292.0,Bank_Transfer,Hyderabad,Gym membership,2023,11,5,6,1078.0,601.0,3947.0,1875.3333333333333,21,79.0
T6073,U104,2023-11-27,Expense,Food,79.0,Upi,Bangalore,asdfgh,2023,11,27,0,5292.0,1078.0,601.0,2323.6666666666665,22,4924.0
T13861,U104,2023-11-29,Expense,Food,4924.0,Cash,Chennai,Shopping,2023,11,29,2,79.0,5292.0,1078.0,2149.6666666666665,23,74980.0
T1765,U104,2023-12-17,Income,Bonus,74980.0,Bank_Transfer,Jaipur,Fixed deposit,2023,12,17,6,4924.0,79.0,5292.0,3431.6666666666665,24,9864.0
T4243,U104,2024-01-08,Expense,Utilities,9864.0,Unknown,Lucknow,Internet bill,2024,1,8,0,74980.0,4924.0,79.0,26661.0,25,2796.0
T7200,U104,2024-03-23,Expense,Travel,2796.0,Cash,Hyderabad,xyz123,2024,3,23,5,9864.0,74980.0,4924.0,29922.666666666668,26,1690.0
T1046,U104,2024-05-06,Expense,Others,1690.0,Bank_Transfer,Kolkata,...,2024,5,6,0,2796.0,9864.0,74980.0,29213.333333333332,27,2683.0
T10088,U104,2024-05-12,Expense,Rent,2683.0,Card,Bangalore,No Notes,2024,5,12,6,1690.0,2796.0,9864.0,4783.333333333333,28,4636.0
T9502,U104,2024-06-20,Expense,Health,4636.0,Bank_Transfer,Lucknow,misc,2024,6,20,3,2683.0,1690.0,2796.0,2389.6666666666665,29,1972.0
T10078,U104,2024-07-01,Expense,Food,1972.0,Upi,Delhi,Internet bill,2024,7,1,0,4636.0,2683.0,1690.0,3003.0,30,8670.0
T6804,U104,2024-07-01,Expense,Others,8670.0,Bank_Transfer,Pune,test,2024,7,1,0,1972.0,4636.0,2683.0,3097.0,31,1358.0
T3632,U104,2024-08-27,Expense,Food,1358.0,Cash,Kolkata,No Notes,2024,8,27,1,8670.0,1972.0,4636.0,5092.666666666667,32,6228.0
T10128,U104,2024-09-06,Expense,Others,6228.0,Cash,Hyderabad,No Notes,2024,9,6,4,1358.0,8670.0,1972.0,4000.0,33,8048.0
T6125,U104,2024-09-25,Expense,Rent,8048.0,Cash,Pune,No Notes,2024,9,25,2,6228.0,1358.0,8670.0,5418.666666666667,34,6957.0
T0186,U104,2024-10-26,Expense,Utilities,6957.0,Card,Chennai,No Notes,2024,10,26,5,8048.0,6228.0,1358.0,5211.333333333333,35,4565.0
T10587,U104,2024-12-02,Expense,Food,4565.0,Cash,Lucknow,EMI payment,2024,12,2,0,6957.0,8048.0,6228.0,7077.666666666667,36,4852.0
T2689,U105,2021-06-16,Expense,Travel,7842.0,Upi,Pune,No Notes,2021,6,16,2,50731.0,8562.0,69323.0,42872.0,3,3311.0
T13962,U105,2021-06-27,Expense,Savings,3311.0,Cash,Hyderabad,Doctor consultation,2021,6,27,6,7842.0,50731.0,8562.0,22378.333333333332,4,1592.0
T0751,U105,2021-08-06,Expense,Food,1592.0,Cash,Delhi,EMI payment,2021,8,6,4,3311.0,7842.0,50731.0,20628.0,5,9210.0
T8258,U105,2021-10-02,Expense,Rent,9210.0,Unknown,Unknown,Internet bill,2021,10,2,5,1592.0,3311.0,7842.0,4248.333333333333,6,3300.0
T9921,U105,2021-11-18,Expense,Food,3300.0,Card,Ahmedabad,Online course,2021,11,18,3,9210.0,1592.0,3311.0,4704.333333333333,7,4038.0
T3417,U105,2021-12-31,Expense,Travel,4038.0,Cash,Jaipur,Train ticket,2021,12,31,4,3300.0,9210.0,1592.0,4700.666666666667,8,8162.0
T12970,U105,2022-03-17,Expense,Rent,8162.0,Cash,Delhi,asdfgh,2022,3,17,3,4038.0,3300.0,9210.0,5516.0,9,4682.0
T0501,U105,2022-08-27,Expense,Rent,4682.0,Cash,Kolkata,Books,2022,8,27,5,8162.0,4038.0,3300.0,5166.666666666667,10,9245.0
T13022,U105,2023-04-22,Expense,Utilities,9245.0,Bank_Transfer,Ahmedabad,Train ticket,2023,4,22,5,4682.0,8162.0,4038.0,5627.333333333333,11,254.0
T1374,U105,2023-05-06,Expense,Entertainment,254.0,Upi,Delhi,!!!,2023,5,6,5,9245.0,4682.0,8162.0,7363.0,12,7109.0
T7713,U105,2023-06-21,Expense,Utilities,7109.0,Bank_Transfer,Jaipur,Monthly rent payment,2023,6,21,2,254.0,9245.0,4682.0,4727.0,13,9025.0
T11886,U105,2023-07-05,Expense,Travel,9025.0,Cash,Bangalore,Gym membership,2023,7,5,2,7109.0,254.0,9245.0,5536.0,14,6534.0
T6517,U105,2023-07-11,Expense,Food,6534.0,Cash,Bangalore,Electricity bill,2023,7,11,1,9025.0,7109.0,254.0,5462.666666666667,15,8088.0
T3166,U105,2023-08-09,Expense,Rent,8088.0,Unknown,Hyderabad,Medicine,2023,8,9,2,6534.0,9025.0,7109.0,7556.0,16,698.0
T3085,U105,2023-10-01,Expense,Food,698.0,Bank_Transfer,Unknown,Grocery shopping,2023,10,1,6,8088.0,6534.0,9025.0,7882.333333333333,17,9019.0
T7433,U105,2023-10-10,Expense,Utilities,9019.0,Unknown,Ahmedabad,Monthly rent payment,2023,10,10,1,698.0,8088.0,6534.0,5106.666666666667,18,46795.0
T1428,U105,2023-10-26,Income,Bonus,46795.0,Bank_Transfer,Chennai,No Notes,2023,10,26,3,9019.0,698.0,8088.0,5935.0,19,28443.0
T3613,U105,2023-11-19,Expense,Rent,28443.0,Card,Kolkata,Monthly rent payment,2023,11,19,6,46795.0,9019.0,698.0,18837.333333333332,20,7355.0
T1471,U105,2023-11-30,Expense,Utilities,7355.0,Upi,Unknown,!!!,2023,11,30,3,28443.0,46795.0,9019.0,28085.666666666668,21,5561.0
T3993,U105,2023-12-14,Expense,Travel,5561.0,Bank_Transfer,Mumbai,Uber ride,2023,12,14,3,7355.0,28443.0,46795.0,27531.0,22,6176.0
T6412,U105,2024-02-13,Expense,Health,6176.0,Cash,Kolkata,Doctor consultation,2024,2,13,1,5561.0,7355.0,28443.0,13786.333333333334,23,8555.0
T5562,U105,2024-02-23,Expense,Rent,8555.0,Cash,Ahmedabad,Uber ride,2024,2,23,4,6176.0,5561.0,7355.0,6364.0,24,1611.0
T0203,U105,2024-06-05,Expense,Food,1611.0,Cash,Lucknow,Fixed deposit,2024,6,5,2,8555.0,6176.0,5561.0,6764.0,25,32722.0
T1095,U105,2024-06-28,Income,Freelance,32722.0,Cash,Jaipur,Gym membership,2024,6,28,4,1611.0,8555.0,6176.0,5447.333333333333,26,3130.0
T3897,U105,2024-07-05,Expense,Food,3130.0,Upi,Lucknow,...,2024,7,5,4,32722.0,1611.0,8555.0,14296.0,27,3479.0
T10031,U105,2024-08-17,Expense,Utilities,3479.0,Upi,Delhi,!!!,2024,8,17,5,3130.0,32722.0,1611.0,12487.666666666666,28,28409.0
T5316,U105,2024-08-31,Income,Investment,28409.0,Card,Pune,No Notes,2024,8,31,5,3479.0,3130.0,32722.0,13110.333333333334,29,47477.0
T4675,U105,2024-09-24,Expense,Rent,47477.0,Cash,Delhi,asdfgh,2024,9,24,1,28409.0,3479.0,3130.0,11672.666666666666,30,31567.0
T5929,U105,2024-09-28,Expense,Rent,31567.0,Bank_Transfer,Unknown,No Notes,2024,9,28,5,47477.0,28409.0,3479.0,26455.0,31,653.0
T5768,U105,2024-10-31,Expense,Food,653.0,Unknown,Delhi,EMI payment,2024,10,31,3,31567.0,47477.0,28409.0,35817.666666666664,32,3929.0
T1125,U105,2024-11-22,Expense,Health,3929.0,Card,Unknown,Shopping,2024,11,22,4,653.0,31567.0,47477.0,26565.666666666668,33,2842.0
T6154,U105,2024-12-13,Expense,Utilities,2842.0,Cash,Kolkata,!!!,2024,12,13,4,3929.0,653.0,31567.0,12049.666666666666,34,67688.0
T7417,U106,2021-03-15,Expense,Rent,9379.0,Card,Bangalore,Doctor consultation,2021,3,15,0,5871.0,3973.0,2938.0,4260.666666666667,3,507.0
T6283,U106,2021-06-19,Expense,Utilities,507.0,Bank_Transfer,Ahmedabad,ATM withdrawal,2021,6,19,5,9379.0,5871.0,3973.0,6407.666666666667,4,7234.0
T5357,U106,2021-07-07,Expense,Travel,7234.0,Cash,Lucknow,Internet bill,2021,7,7,2,507.0,9379.0,5871.0,5252.333333333333,5,7316.0
T2881,U106,2021-07-09,Expense,Travel,7316.0,Bank_Transfer,Lucknow,Monthly rent payment,2021,7,9,4,7234.0,507.0,9379.0,5706.666666666667,6,3482.0
T0439,U106,2021-08-15,Expense,Food,3482.0,Bank_Transfer,Kolkata,Medicine,2021,8,15,6,7316.0,7234.0,507.0,5019.0,7,21603.0
T9379,U106,2021-11-26,Expense,Rent,21603.0,Cash,Jaipur,Petrol,2021,11,26,4,3482.0,7316.0,7234.0,6010.666666666667,8,2822.0
T4274,U106,2021-11-26,Expense,Food,2822.0,Bank_Transfer,Hyderabad,ATM withdrawal,2021,11,26,4,21603.0,3482.0,7316.0,10800.333333333334,9,5680.0
T12081,U106,2022-01-05,Expense,Rent,5680.0,Card,Kolkata,...,2022,1,5,2,2822.0,21603.0,3482.0,9302.333333333334,10,5518.0
T8947,U106,2022-02-25,Expense,Entertainment,5518.0,Upi,Jaipur,!!!,2022,2,25,4,5680.0,2822.0,21603.0,10035.0,11,21220.0
T9352,U106,2022-04-06,Expense,Rent,21220.0,Card,Kolkata,Books,2022,4,6,2,5518.0,5680.0,2822.0,4673.333333333333,12,1872.0
T0011,U106,2022-05-24,Expense,Food,1872.0,Card,Unknown,test,2022,5,24,1,21220.0,5518.0,5680.0,10806.0,13,9776.0
T7727,U106,2022-09-12,Expense,Health,9776.0,Card,Ahmedabad,Internet bill,2022,9,12,0,1872.0,21220.0,5518.0,9536.666666666666,14,4981.0
T1258,U106,2022-11-14,Expense,Rent,4981.0,Unknown,Jaipur,...,2022,11,14,0,9776.0,1872.0,21220.0,10956.0,15,20419.0
T4368,U106,2022-12-19,Income,Others,20419.0,Cash,Mumbai,Lunch,2022,12,19,0,4981.0,9776.0,1872.0,5543.0,16,184818.0
T8918,U106,2022-12-21,Income,Freelance,184818.0,Upi,Pune,Fixed deposit,2022,12,21,2,20419.0,4981.0,9776.0,11725.333333333334,17,3686.0
T6918,U106,2023-01-12,Expense,Utilities,3686.0,Upi,Pune,Medicine,2023,1,12,3,184818.0,20419.0,4981.0,70072.66666666667,18,47358.0
T7011,U106,2023-04-10,Expense,Rent,47358.0,Upi,Mumbai,ATM withdrawal,2023,4,10,0,3686.0,184818.0,20419.0,69641.0,19,6066.0
T0920,U106,2023-06-12,Expense,Rent,6066.0,Cash,Kolkata,No Notes,2023,6,12,0,47358.0,3686.0,184818.0,78620.66666666667,20,3505.0
T7078,U106,2023-08-12,Expense,Entertainment,3505.0,Upi,Hyderabad,ATM withdrawal,2023,8,12,5,6066.0,47358.0,3686.0,19036.666666666668,21,6136.0
T8327,U106,2023-10-25,Expense,Others,6136.0,Upi,Unknown,Monthly rent payment,2023,10,25,2,3505.0,6066.0,47358.0,18976.333333333332,22,2428.0
T1570,U106,2023-12-01,Expense,Health,2428.0,Cash,Bangalore,Shopping,2023,12,1,4,6136.0,3505.0,6066.0,5235.666666666667,23,8081.0
T9829,U106,2023-12-14,Expense,Food,8081.0,Card,Unknown,Gym membership,2023,12,14,3,2428.0,6136.0,3505.0,4023.0,24,4771.0
T0802,U106,2023-12-24,Expense,Entertainment,4771.0,Cash,Kolkata,No Notes,2023,12,24,6,8081.0,2428.0,6136.0,5548.333333333333,25,1780.0
T10392,U106,2024-02-21,Expense,Rent,1780.0,Bank_Transfer,Ahmedabad,No Notes,2024,2,21,2,4771.0,8081.0,2428.0,5093.333333333333,26,7253.0
T7127,U106,2024-02-26,Expense,Entertainment,7253.0,Card,Kolkata,Movie tickets,2024,2,26,0,1780.0,4771.0,8081.0,4877.333333333333,27,4327.0
T1702,U106,2024-04-01,Expense,Entertainment,4327.0,Card,Pune,Medicine,2024,4,1,0,7253.0,1780.0,4771.0,4601.333333333333,28,7085.0
T3450,U106,2024-04-23,Expense,Travel,7085.0,Card,Delhi,No Notes,2024,4,23,1,4327.0,7253.0,1780.0,4453.333333333333,29,3654.0
T12485,U106,2024-05-04,Expense,Food,3654.0,Cash,Hyderabad,Petrol,2024,5,4,5,7085.0,4327.0,7253.0,6221.666666666667,30,8181.0
T9706,U106,2024-06-15,Expense,Entertainment,8181.0,Card,Chennai,Lunch,2024,6,15,5,3654.0,7085.0,4327.0,5022.0,31,6214.0
T0121,U106,2024-07-15,Expense,Others,6214.0,Bank_Transfer,Unknown,Grocery shopping,2024,7,15,0,8181.0,3654.0,7085.0,6306.666666666667,32,4166.0
T2312,U106,2024-11-05,Expense,Others,4166.0,Card,Chennai,asdfgh,2024,11,5,1,6214.0,8181.0,3654.0,6016.333333333333,33,40631.0
T7453,U107,2021-08-23,Expense,Rent,4419.0,Bank_Transfer,Delhi,EMI payment,2021,8,23,0,9629.0,1874.0,70223.0,27242.0,3,8947.0
T7813,U107,2021-10-04,Expense,Rent,8947.0,Bank_Transfer,Ahmedabad,Medicine,2021,10,4,0,4419.0,9629.0,1874.0,5307.333333333333,4,1016.0
T13081,U107,2021-10-14,Expense,Entertainment,1016.0,Upi,Pune,No Notes,2021,10,14,3,8947.0,4419.0,9629.0,7665.0,5,6506.0
T2410,U107,2022-02-28,Expense,Entertainment,6506.0,Cash,Jaipur,Monthly rent payment,2022,2,28,0,1016.0,8947.0,4419.0,4794.0,6,7223.0
T4894,U107,2022-03-28,Expense,Entertainment,7223.0,Bank_Transfer,Jaipur,test,2022,3,28,0,6506.0,1016.0,8947.0,5489.666666666667,7,7088.0
T3383,U107,2022-04-22,Expense,Rent,7088.0,Cash,Bangalore,Lunch,2022,4,22,4,7223.0,6506.0,1016.0,4915.0,8,46496.0
T13446,U107,2022-06-02,Expense,Rent,46496.0,Cash,Ahmedabad,test,2022,6,2,3,7088.0,7223.0,6506.0,6939.0,9,6170.0
T4511,U107,2022-07-06,Expense,Travel,6170.0,Card,Bangalore,No Notes,2022,7,6,2,46496.0,7088.0,7223.0,20269.0,10,7403.0
T4723,U107,2022-07-19,Expense,Utilities,7403.0,Bank_Transfer,Pune,test,2022,7,19,1,6170.0,46496.0,7088.0,19918.0,11,2114.0
T0557,U107,2022-07-20,Expense,Travel,2114.0,Upi,Mumbai,No Notes,2022,7,20,2,7403.0,6170.0,46496.0,20023.0,12,2718.0
T12104,U107,2022-08-06,Expense,Food,2718.0,Card,Chennai,Online course,2022,8,6,5,2114.0,7403.0,6170.0,5229.0,13,9451.0
T13870,U107,2022-09-07,Expense,Travel,9451.0,Bank_Transfer,Ahmedabad,No Notes,2022,9,7,2,2718.0,2114.0,7403.0,4078.3333333333335,14,8521.0
T9916,U107,2023-02-26,Expense,Food,8521.0,Cash,Chennai,Medicine,2023,2,26,6,9451.0,2718.0,2114.0,4761.0,15,9050.0
T13738,U107,2023-03-07,Expense,Travel,9050.0,Cash,Kolkata,...,2023,3,7,1,8521.0,9451.0,2718.0,6896.666666666667,16,1037.0
T4948,U107,2023-03-13,Expense,Others,1037.0,Bank_Transfer,Lucknow,ATM withdrawal,2023,3,13,0,9050.0,8521.0,9451.0,9007.333333333334,17,3585.0
T2023,U107,2023-03-24,Expense,Food,3585.0,Card,Ahmedabad,Uber ride,2023,3,24,4,1037.0,9050.0,8521.0,6202.666666666667,18,8679.0
T11576,U107,2023-04-15,Expense,Education,8679.0,Bank_Transfer,Mumbai,Medicine,2023,4,15,5,3585.0,1037.0,9050.0,4557.333333333333,19,1684.0
T10969,U107,2023-07-01,Expense,Food,1684.0,Card,Jaipur,test,2023,7,1,5,8679.0,3585.0,1037.0,4433.666666666667,20,2978.0
T5315,U107,2023-08-25,Expense,Food,2978.0,Cash,Delhi,No Notes,2023,8,25,4,1684.0,8679.0,3585.0,4649.333333333333,21,11161.0
T2754,U107,2023-09-19,Expense,Rent,11161.0,Bank_Transfer,Delhi,!!!,2023,9,19,1,2978.0,1684.0,8679.0,4447.0,22,13567.0
T6381,U107,2023-10-29,Income,Freelance,13567.0,Card,Kolkata,No Notes,2023,10,29,6,11161.0,2978.0,1684.0,5274.333333333333,23,9660.0
T2568,U107,2023-11-07,Expense,Rent,9660.0,Bank_Transfer,Jaipur,!!!,2023,11,7,1,13567.0,11161.0,2978.0,9235.333333333334,24,4846.0
T3354,U107,2023-12-15,Expense,Food,4846.0,Card,Mumbai,Restaurant dinner,2023,12,15,4,9660.0,13567.0,11161.0,11462.666666666666,25,41449.0
T11120,U107,2023-12-20,Income,Freelance,41449.0,Card,Chennai,Gym membership,2023,12,20,2,4846.0,9660.0,13567.0,9357.666666666666,26,5240.0
T11277,U107,2023-12-31,Expense,Travel,5240.0,Card,Hyderabad,Internet bill,2023,12,31,6,41449.0,4846.0,9660.0,18651.666666666668,27,9814.0
T10830,U107,2024-03-21,Expense,Utilities,9814.0,Cash,Lucknow,No Notes,2024,3,21,3,5240.0,41449.0,4846.0,17178.333333333332,28,2726.0
T9786,U107,2024-10-16,Expense,Utilities,2726.0,Cash,Pune,!!!,2024,10,16,2,9814.0,5240.0,41449.0,18834.333333333332,29,2370.0
T8572,U108,2021-07-15,Expense,Utilities,1186.0,Bank_Transfer,Bangalore,Lunch,2021,7,15,3,3943.0,1023.0,4322.0,3096.0,3,4019.0
T10849,U108,2021-08-24,Expense,Food,4019.0,Card,Ahmedabad,Monthly rent payment,2021,8,24,1,1186.0,3943.0,1023.0,2050.6666666666665,4,1259.0
T4639,U108,2021-10-13,Expense,Food,1259.0,Card,Delhi,Shopping,2021,10,13,2,4019.0,1186.0,3943.0,3049.3333333333335,5,4222.0
T9872,U108,2021-11-12,Expense,Food,4222.0,Upi,Bangalore,Restaurant dinner,2021,11,12,4,1259.0,4019.0,1186.0,2154.6666666666665,6,621.0
T2124,U108,2022-02-26,Expense,Food,621.0,Upi,Pune,Shopping,2022,2,26,5,4222.0,1259.0,4019.0,3166.6666666666665,7,1564.0
T1330,U108,2022-03-21,Expense,Rent,1564.0,Unknown,Unknown,Doctor consultation,2022,3,21,0,621.0,4222.0,1259.0,2034.0,8,4856.0
T2676,U108,2022-04-06,Expense,Food,4856.0,Upi,Pune,Petrol,2022,4,6,2,1564.0,621.0,4222.0,2135.6666666666665,9,5526.0
T9827,U108,2022-06-06,Expense,Food,5526.0,Cash,Delhi,Uber ride,2022,6,6,0,4856.0,1564.0,621.0,2347.0,10,50898.0
T4971,U108,2022-08-13,Income,Freelance,50898.0,Card,Unknown,No Notes,2022,8,13,5,5526.0,4856.0,1564.0,3982.0,11,1152.0
T13017,U108,2022-09-13,Expense,Rent,1152.0,Card,Kolkata,Internet bill,2022,9,13,1,50898.0,5526.0,4856.0,20426.666666666668,12,7914.0
T0804,U108,2022-11-14,Expense,Savings,7914.0,Cash,Jaipur,Internet bill,2022,11,14,0,1152.0,50898.0,5526.0,19192.0,13,75222.0
T9871,U108,2023-03-20,Income,Salary,75222.0,Bank_Transfer,Hyderabad,EMI payment,2023,3,20,0,7914.0,1152.0,50898.0,19988.0,14,10276.0
T0645,U108,2023-04-21,Expense,Rent,10276.0,Upi,Ahmedabad,Online course,2023,4,21,4,75222.0,7914.0,1152.0,28096.0,15,5675.0
T1467,U108,2023-07-14,Expense,Education,5675.0,Cash,Ahmedabad,Books,2023,7,14,4,10276.0,75222.0,7914.0,31137.333333333332,16,392.0
T0481,U108,2023-07-17,Expense,Utilities,392.0,Bank_Transfer,Pune,Uber ride,2023,7,17,0,5675.0,10276.0,75222.0,30391.0,17,6624.0
T12899,U108,2023-09-09,Expense,Education,6624.0,Bank_Transfer,Chennai,...,2023,9,9,5,392.0,5675.0,10276.0,5447.666666666667,18,4259.0
T6456,U108,2023-11-24,Expense,Rent,4259.0,Upi,Mumbai,Uber ride,2023,11,24,4,6624.0,392.0,5675.0,4230.333333333333,19,7489.0
T13244,U108,2023-12-16,Expense,Health,7489.0,Upi,Chennai,ATM withdrawal,2023,12,16,5,4259.0,6624.0,392.0,3758.3333333333335,20,453.0
T8774,U108,2024-01-27,Expense,Food,453.0,Card,Delhi,Grocery shopping,2024,1,27,5,7489.0,4259.0,6624.0,6124.0,21,8929.0
T11914,U108,2024-02-03,Expense,Others,8929.0,Upi,Hyderabad,Gym membership,2024,2,3,5,453.0,7489.0,4259.0,4067.0,22,7890.0
T10706,U108,2024-02-03,Expense,Food,7890.0,Cash,Pune,Lunch,2024,2,3,5,8929.0,453.0,7489.0,5623.666666666667,23,7837.0
T10594,U108,2024-02-07,Expense,Savings,7837.0,Bank_Transfer,Ahmedabad,Petrol,2024,2,7,2,7890.0,8929.0,453.0,5757.333333333333,24,9063.0
T12712,U108,2024-02-15,Expense,Food,9063.0,Bank_Transfer,Chennai,Monthly rent payment,2024,2,15,3,7837.0,7890.0,8929.0,8218.666666666666,25,7483.0
T4628,U108,2024-02-17,Expense,Travel,7483.0,Cash,Bangalore,No Notes,2024,2,17,5,9063.0,7837.0,7890.0,8263.333333333334,26,4433.0
T8565,U108,2024-02-25,Expense,Food,4433.0,Upi,Unknown,Medicine,2024,2,25,6,7483.0,9063.0,7837.0,8127.666666666667,27,1869.0
T4245,U108,2024-04-10,Expense,Travel,1869.0,Upi,Jaipur,Electricity bill,2024,4,10,2,4433.0,7483.0,9063.0,6993.0,28,3797.0
T4264,U108,2024-04-11,Expense,Travel,3797.0,Card,Chennai,Coffee,2024,4,11,3,1869.0,4433.0,7483.0,4595.0,29,55221.0
T10268,U108,2024-04-14,Income,Others,55221.0,Upi,Bangalore,ATM withdrawal,2024,4,14,6,3797.0,1869.0,4433.0,3366.3333333333335,30,3515.0
T7153,U108,2024-09-28,Expense,Rent,3515.0,Card,Hyderabad,...,2024,9,28,5,55221.0,3797.0,1869.0,20295.666666666668,31,4714.0
T12530,U108,2024-10-04,Expense,Others,4714.0,Upi,Mumbai,Restaurant dinner,2024,10,4,4,3515.0,55221.0,3797.0,20844.333333333332,32,1120.0
T3696,U109,2021-04-16,Expense,Utilities,5786.0,Card,Bangalore,Coffee,2021,4,16,4,2227.0,2353.0,4045.0,2875.0,3,7149.0
T0346,U109,2021-08-17,Expense,Rent,7149.0,Cash,Unknown,Grocery shopping,2021,8,17,1,5786.0,2227.0,2353.0,3455.3333333333335,4,2226.0
T5569,U109,2021-09-06,Expense,Travel,2226.0,Cash,Unknown,!!!,2021,9,6,0,7149.0,5786.0,2227.0,5054.0,5,5518.0
T1874,U109,2021-10-15,Expense,Entertainment,5518.0,Bank_Transfer,Kolkata,No Notes,2021,10,15,4,2226.0,7149.0,5786.0,5053.666666666667,6,4593.0
T5819,U109,2021-11-21,Expense,Travel,4593.0,Unknown,Bangalore,Lunch,2021,11,21,6,5518.0,2226.0,7149.0,4964.333333333333,7,4225.0
T8989,U109,2022-03-14,Expense,Savings,4225.0,Card,Hyderabad,...,2022,3,14,0,4593.0,5518.0,2226.0,4112.333333333333,8,5710.0
T1528,U109,2022-04-11,Expense,Health,5710.0,Cash,Mumbai,Books,2022,4,11,0,4225.0,4593.0,5518.0,4778.666666666667,9,7615.0
T3256,U109,2022-04-15,Expense,Health,7615.0,Cash,Pune,Train ticket,2022,4,15,4,5710.0,4225.0,4593.0,4842.666666666667,10,9724.0
T1941,U109,2022-05-24,Expense,Utilities,9724.0,Bank_Transfer,Hyderabad,Train ticket,2022,5,24,1,7615.0,5710.0,4225.0,5850.0,11,1621.0
T2290,U109,2022-06-05,Expense,Health,1621.0,Unknown,Bangalore,Coffee,2022,6,5,6,9724.0,7615.0,5710.0,7683.0,12,4605.0
T2688,U109,2022-06-09,Expense,Food,4605.0,Cash,Lucknow,Restaurant dinner,2022,6,9,3,1621.0,9724.0,7615.0,6320.0,13,7284.0
T5002,U109,2022-07-19,Expense,Food,7284.0,Card,Unknown,Shopping,2022,7,19,1,4605.0,1621.0,9724.0,5316.666666666667,14,8325.0
T12010,U109,2022-10-23,Expense,Travel,8325.0,Upi,Bangalore,Internet bill,2022,10,23,6,7284.0,4605.0,1621.0,4503.333333333333,15,9786.0
T12782,U109,2023-03-08,Expense,Travel,9786.0,Cash,Hyderabad,Doctor consultation,2023,3,8,2,8325.0,7284.0,4605.0,6738.0,16,28542.0
T0964,U109,2023-03-21,Income,Freelance,28542.0,Card,Ahmedabad,Monthly rent payment,2023,3,21,1,9786.0,8325.0,7284.0,8465.0,17,12315.0
T10803,U109,2023-06-14,Income,Bonus,12315.0,Card,Unknown,Gym membership,2023,6,14,2,28542.0,9786.0,8325.0,15551.0,18,8602.0
T0403,U109,2023-09-03,Expense,Utilities,8602.0,Bank_Transfer,Ahmedabad,!!!,2023,9,3,6,12315.0,28542.0,9786.0,16881.0,19,38553.0
T13259,U109,2024-01-16,Expense,Rent,38553.0,Card,Mumbai,misc,2024,1,16,1,8602.0,12315.0,28542.0,16486.333333333332,20,6700.0
T11184,U109,2024-05-13,Expense,Utilities,6700.0,Unknown,Hyderabad,No Notes,2024,5,13,0,38553.0,8602.0,12315.0,19823.333333333332,21,5180.0
T3790,U109,2024-06-18,Expense,Health,5180.0,Card,Mumbai,...,2024,6,18,1,6700.0,38553.0,8602.0,17951.666666666668,22,5384.0
T12061,U109,2024-08-08,Expense,Rent,5384.0,Bank_Transfer,Hyderabad,!!!,2024,8,8,3,5180.0,6700.0,38553.0,16811.0,23,1586.0
T10582,U109,2024-10-03,Expense,Rent,1586.0,Card,Kolkata,Grocery shopping,2024,10,3,3,5384.0,5180.0,6700.0,5754.666666666667,24,1024.0
T11966,U109,2024-10-20,Expense,Food,1024.0,Bank_Transfer,Lucknow,No Notes,2024,10,20,6,1586.0,5384.0,5180.0,4050.0,25,2163.0
T4498,U109,2024-10-26,Expense,Others,2163.0,Card,Chennai,Uber ride,2024,10,26,5,1024.0,1586.0,5384.0,2664.6666666666665,26,2792.0
T14000,U110,2021-06-13,Expense,Food,4159.0,Cash,Unknown,Lunch,2021,6,13,6,3677.0,8105.0,64814.0,25532.0,3,8061.0
T11860,U110,2021-07-10,Expense,Travel,8061.0,Cash,Unknown,No Notes,2021,7,10,5,4159.0,3677.0,8105.0,5313.666666666667,4,3173.0
T2131,U110,2021-07-14,Expense,Food,3173.0,Cash,Mumbai,test,2021,7,14,2,8061.0,4159.0,3677.0,5299.0,5,11323.0
T8861,U110,2021-07-19,Income,Investment,11323.0,Upi,Chennai,Books,2021,7,19,0,3173.0,8061.0,4159.0,5131.0,6,8571.0
T1688,U110,2021-10-29,Expense,Utilities,8571.0,Unknown,Unknown,Shopping,2021,10,29,4,11323.0,3173.0,8061.0,7519.0,7,8156.0
T10321,U110,2021-11-29,Expense,Food,8156.0,Card,Bangalore,Gym membership,2021,11,29,0,8571.0,11323.0,3173.0,7689.0,8,40414.0
T10918,U110,2022-01-28,Expense,Rent,40414.0,Unknown,Jaipur,asdfgh,2022,1,28,4,8156.0,8571.0,11323.0,9350.0,9,6037.0
T5989,U110,2022-02-26,Expense,Travel,6037.0,Bank_Transfer,Jaipur,Medicine,2022,2,26,5,40414.0,8156.0,8571.0,19047.0,10,3341.0
T8588,U110,2022-04-11,Expense,Food,3341.0,Card,Lucknow,Fixed deposit,2022,4,11,0,6037.0,40414.0,8156.0,18202.333333333332,11,3246.0
T11151,U110,2022-04-22,Expense,Food,3246.0,Cash,Hyderabad,No Notes,2022,4,22,4,3341.0,6037.0,40414.0,16597.333333333332,12,845.0
T1448,U110,2022-05-07,Expense,Food,845.0,Card,Chennai,Gym membership,2022,5,7,5,3246.0,3341.0,6037.0,4208.0,13,2346.0
T9077,U110,2022-06-25,Expense,Food,2346.0,Bank_Transfer,Ahmedabad,No Notes,2022,6,25,5,845.0,3246.0,3341.0,2477.3333333333335,14,2636.0
T0210,U110,2022-06-26,Expense,Entertainment,2636.0,Upi,Jaipur,No Notes,2022,6,26,6,2346.0,845.0,3246.0,2145.6666666666665,15,8197.0
T0509,U110,2022-07-25,Expense,Rent,8197.0,Upi,Chennai,xyz123,2022,7,25,0,2636.0,2346.0,845.0,1942.3333333333333,16,1687.0
T13819,U110,2022-08-13,Expense,Food,1687.0,Upi,Chennai,Restaurant dinner,2022,8,13,5,8197.0,2636.0,2346.0,4393.0,17,6814.0
T12881,U110,2022-08-19,Expense,Health,6814.0,Cash,Mumbai,Train ticket,2022,8,19,4,1687.0,8197.0,2636.0,4173.333333333333,18,41084.0
T9168,U110,2022-10-07,Expense,Rent,41084.0,Card,Chennai,Fixed deposit,2022,10,7,4,6814.0,1687.0,8197.0,5566.0,19,24300.0
T0873,U110,2022-10-12,Income,Freelance,24300.0,Cash,Bangalore,No Notes,2022,10,12,2,41084.0,6814.0,1687.0,16528.333333333332,20,6894.0
T11851,U110,2022-10-13,Expense,Food,6894.0,Card,Lucknow,Gym membership,2022,10,13,3,24300.0,41084.0,6814.0,24066.0,21,4044.0
T12646,U110,2023-03-30,Expense,Food,4044.0,Card,Hyderabad,Uber ride,2023,3,30,3,6894.0,24300.0,41084.0,24092.666666666668,22,418.0
T9330,U110,2023-04-07,Expense,Education,418.0,Card,Mumbai,No Notes,2023,4,7,4,4044.0,6894.0,24300.0,11746.0,23,5922.0
T3516,U110,2023-04-21,Expense,Rent,5922.0,Cash,Bangalore,!!!,2023,4,21,4,418.0,4044.0,6894.0,3785.3333333333335,24,5624.0
T4859,U110,2023-06-08,Expense,Food,5624.0,Bank_Transfer,Lucknow,No Notes,2023,6,8,3,5922.0,418.0,4044.0,3461.3333333333335,25,7226.0
T0085,U110,2023-06-29,Expense,Education,7226.0,Cash,Bangalore,Monthly rent payment,2023,6,29,3,5624.0,5922.0,418.0,3988.0,26,9363.0
T4528,U110,2023-09-29,Expense,Utilities,9363.0,Bank_Transfer,Unknown,Gym membership,2023,9,29,4,7226.0,5624.0,5922.0,6257.333333333333,27,3696.0
T1848,U110,2023-10-19,Expense,Food,3696.0,Cash,Kolkata,Medicine,2023,10,19,3,9363.0,7226.0,5624.0,7404.333333333333,28,4641.0
T6095,U110,2024-01-11,Expense,Rent,4641.0,Bank_Transfer,Delhi,ATM withdrawal,2024,1,11,3,3696.0,9363.0,7226.0,6761.666666666667,29,1505.0
T5130,U110,2024-03-02,Expense,Entertainment,1505.0,Bank_Transfer,Kolkata,Uber ride,2024,3,2,5,4641.0,3696.0,9363.0,5900.0,30,70126.0
T12955,U110,2024-05-28,Income,Bonus,70126.0,Bank_Transfer,Ahmedabad,Online course,2024,5,28,1,1505.0,4641.0,3696.0,3280.6666666666665,31,1098.0
T6734,U110,2024-06-03,Expense,Travel,1098.0,Unknown,Pune,No Notes,2024,6,3,0,70126.0,1505.0,4641.0,25424.0,32,1350.0
T13581,U110,2024-06-21,Expense,Utilities,1350.0,Bank_Transfer,Hyderabad,No Notes,2024,6,21,4,1098.0,70126.0,1505.0,24243.0,33,4420.0
T9306,U110,2024-07-24,Expense,Utilities,4420.0,Upi,Jaipur,Fixed deposit,2024,7,24,2,1350.0,1098.0,70126.0,24191.333333333332,34,6769.0
T5704,U110,2024-08-16,Expense,Entertainment,6769.0,Cash,Jaipur,No Notes,2024,8,16,4,4420.0,1350.0,1098.0,2289.3333333333335,35,9247.0
T5404,U110,2024-09-05,Expense,Rent,9247.0,Upi,Unknown,Online course,2024,9,5,3,6769.0,4420.0,1350.0,4179.666666666667,36,4511.0
T6368,U110,2024-11-01,Expense,Education,4511.0,Cash,Chennai,ATM withdrawal,2024,11,1,4,9247.0,6769.0,4420.0,6812.0,37,2979.0
T4053,U111,2021-04-03,Expense,Rent,45370.0,Cash,Bangalore,Books,2021,4,3,5,3002.0,6003.0,1824.0,3609.6666666666665,3,68886.0
T0556,U111,2021-07-02,Income,Investment,68886.0,Card,Hyderabad,No Notes,2021,7,2,4,45370.0,3002.0,6003.0,18125.0,4,6508.0
T0132,U111,2021-07-21,Expense,Education,6508.0,Card,Ahmedabad,Movie tickets,2021,7,21,2,68886.0,45370.0,3002.0,39086.0,5,6171.0
T3341,U111,2021-09-24,Expense,Rent,6171.0,Card,Kolkata,No Notes,2021,9,24,4,6508.0,68886.0,45370.0,40254.666666666664,6,585.0
T3021,U111,2021-09-25,Expense,Food,585.0,Upi,Delhi,Shopping,2021,9,25,5,6171.0,6508.0,68886.0,27188.333333333332,7,1074.0
T0711,U111,2021-10-22,Expense,Food,1074.0,Bank_Transfer,Ahmedabad,asdfgh,2021,10,22,4,585.0,6171.0,6508.0,4421.333333333333,8,3380.0
T10959,U111,2021-11-07,Expense,Travel,3380.0,Unknown,Jaipur,Monthly rent payment,2021,11,7,6,1074.0,585.0,6171.0,2610.0,9,7215.0
T4677,U111,2021-12-03,Expense,Education,7215.0,Card,Pune,asdfgh,2021,12,3,4,3380.0,1074.0,585.0,1679.6666666666667,10,6926.0
T9624,U111,2021-12-08,Expense,Utilities,6926.0,Cash,Bangalore,Fixed deposit,2021,12,8,2,7215.0,3380.0,1074.0,3889.6666666666665,11,4169.0
T13675,U111,2021-12-15,Expense,Education,4169.0,Upi,Pune,misc,2021,12,15,2,6926.0,7215.0,3380.0,5840.333333333333,12,2250.0
T7278,U111,2022-01-26,Expense,Food,2250.0,Cash,Mumbai,No Notes,2022,1,26,2,4169.0,6926.0,7215.0,6103.333333333333,13,7111.0
T10274,U111,2022-03-17,Expense,Travel,7111.0,Cash,Delhi,EMI payment,2022,3,17,3,2250.0,4169.0,6926.0,4448.333333333333,14,1300.0
T6189,U111,2022-04-14,Expense,Food,1300.0,Bank_Transfer,Ahmedabad,Restaurant dinner,2022,4,14,3,7111.0,2250.0,4169.0,4510.0,15,1789.0
T10548,U111,2022-05-08,Expense,Food,1789.0,Upi,Kolkata,No Notes,2022,5,8,6,1300.0,7111.0,2250.0,3553.6666666666665,16,4100.0
T11520,U111,2022-05-20,Expense,Others,4100.0,Bank_Transfer,Pune,asdfgh,2022,5,20,4,1789.0,1300.0,7111.0,3400.0,17,4935.0
T13704,U111,2022-06-10,Expense,Travel,4935.0,Cash,Delhi,Restaurant dinner,2022,6,10,4,4100.0,1789.0,1300.0,2396.3333333333335,18,76469.0
T5516,U111,2022-07-11,Income,Salary,76469.0,Cash,Chennai,Petrol,2022,7,11,0,4935.0,4100.0,1789.0,3608.0,19,30247.0
T7470,U111,2022-11-02,Income,Investment,30247.0,Bank_Transfer,Pune,Gym membership,2022,11,2,2,76469.0,4935.0,4100.0,28501.333333333332,20,6246.0
T11350,U111,2022-11-27,Expense,Utilities,6246.0,Card,Lucknow,Doctor consultation,2022,11,27,6,30247.0,76469.0,4935.0,37217.0,21,4919.0
T13548,U111,2023-01-03,Expense,Entertainment,4919.0,Cash,Kolkata,Medicine,2023,1,3,1,6246.0,30247.0,76469.0,37654.0,22,9718.0
T5710,U111,2023-01-24,Expense,Health,9718.0,Bank_Transfer,Pune,ATM withdrawal,2023,1,24,1,4919.0,6246.0,30247.0,13804.0,23,1434.0
T3281,U111,2023-08-27,Expense,Travel,1434.0,Cash,Mumbai,No Notes,2023,8,27,6,9718.0,4919.0,6246.0,6961.0,24,6081.0
T7474,U111,2023-10-26,Expense,Education,6081.0,Upi,Unknown,Petrol,2023,10,26,3,1434.0,9718.0,4919.0,5357.0,25,30476.0
T3550,U111,2023-11-13,Income,Investment,30476.0,Cash,Kolkata,xyz123,2023,11,13,0,6081.0,1434.0,9718.0,5744.333333333333,26,1367.0
T4412,U111,2023-12-14,Expense,Rent,1367.0,Card,Hyderabad,Electricity bill,2023,12,14,3,30476.0,6081.0,1434.0,12663.666666666666,27,8969.0
T3832,U111,2024-02-07,Expense,Others,8969.0,Card,Jaipur,No Notes,2024,2,7,2,1367.0,30476.0,6081.0,12641.333333333334,28,7553.0
T12819,U111,2024-02-18,Expense,Travel,7553.0,Bank_Transfer,Bangalore,asdfgh,2024,2,18,6,8969.0,1367.0,30476.0,13604.0,29,8027.0
T8424,U111,2024-02-28,Expense,Food,8027.0,Upi,Jaipur,Uber ride,2024,2,28,2,7553.0,8969.0,1367.0,5963.0,30,2099.0
T6439,U111,2024-04-16,Expense,Food,2099.0,Bank_Transfer,Mumbai,Medicine,2024,4,16,1,8027.0,7553.0,8969.0,8183.0,31,6684.0
T4636,U111,2024-04-18,Expense,Rent,6684.0,Upi,Kolkata,Internet bill,2024,4,18,3,2099.0,8027.0,7553.0,5893.0,32,798.0
T8802,U111,2024-05-11,Expense,Travel,798.0,Bank_Transfer,Pune,Fixed deposit,2024,5,11,5,6684.0,2099.0,8027.0,5603.333333333333,33,5749.0
T3961,U111,2024-07-15,Expense,Health,5749.0,Cash,Pune,Internet bill,2024,7,15,0,798.0,6684.0,2099.0,3193.6666666666665,34,2363.0
T6720,U111,2024-07-16,Expense,Food,2363.0,Upi,Bangalore,...,2024,7,16,1,5749.0,798.0,6684.0,4410.333333333333,35,1759.0
T8871,U111,2024-08-10,Expense,Travel,1759.0,Cash,Unknown,Doctor consultation,2024,8,10,5,2363.0,5749.0,798.0,2970.0,36,859.0
T0476,U112,2021-09-14,Expense,Food,423.0,Bank_Transfer,Lucknow,Restaurant dinner,2021,9,14,1,1945.0,4262.0,9707.0,5304.666666666667,3,9783.0
T6123,U112,2021-10-15,Expense,Travel,9783.0,Upi,Unknown,xyz123,2021,10,15,4,423.0,1945.0,4262.0,2210.0,4,61649.0
T7171,U112,2022-01-01,Income,Freelance,61649.0,Upi,Delhi,Medicine,2022,1,1,5,9783.0,423.0,1945.0,4050.3333333333335,5,9225.0
T2020,U112,2022-01-25,Expense,Entertainment,9225.0,Card,Kolkata,Restaurant dinner,2022,1,25,1,61649.0,9783.0,423.0,23951.666666666668,6,4115.0
T10202,U112,2022-03-24,Expense,Travel,4115.0,Cash,Delhi,ATM withdrawal,2022,3,24,3,9225.0,61649.0,9783.0,26885.666666666668,7,4689.0
T12667,U112,2022-08-31,Expense,Education,4689.0,Cash,Hyderabad,Internet bill,2022,8,31,2,4115.0,9225.0,61649.0,24996.333333333332,8,2512.0
T5324,U112,2022-11-17,Expense,Entertainment,2512.0,Unknown,Jaipur,Monthly rent payment,2022,11,17,3,4689.0,4115.0,9225.0,6009.666666666667,9,5104.0
T0220,U112,2023-01-07,Expense,Food,5104.0,Cash,Bangalore,Medicine,2023,1,7,5,2512.0,4689.0,4115.0,3772.0,10,12377.0
T9647,U112,2023-01-08,Income,Investment,12377.0,Upi,Ahmedabad,Fixed deposit,2023,1,8,6,5104.0,2512.0,4689.0,4101.666666666667,11,25785.0
T5789,U112,2023-05-05,Income,Bonus,25785.0,Cash,Delhi,No Notes,2023,5,5,4,12377.0,5104.0,2512.0,6664.333333333333,12,116.0
T5455,U112,2023-05-24,Expense,Food,116.0,Card,Bangalore,Train ticket,2023,5,24,2,25785.0,12377.0,5104.0,14422.0,13,42662.0
T1594,U112,2023-07-19,Income,Bonus,42662.0,Unknown,Kolkata,ATM withdrawal,2023,7,19,2,116.0,25785.0,12377.0,12759.333333333334,14,3428.0
T8638,U112,2023-07-20,Expense,Health,3428.0,Card,Bangalore,Gym membership,2023,7,20,3,42662.0,116.0,25785.0,22854.333333333332,15,1248.0
T4643,U112,2023-08-18,Expense,Food,1248.0,Upi,Bangalore,Train ticket,2023,8,18,4,3428.0,42662.0,116.0,15402.0,16,8040.0
T12339,U112,2023-10-14,Expense,Entertainment,8040.0,Upi,Delhi,Restaurant dinner,2023,10,14,5,1248.0,3428.0,42662.0,15779.333333333334,17,8880.0
T1252,U112,2023-11-19,Expense,Entertainment,8880.0,Cash,Delhi,Coffee,2023,11,19,6,8040.0,1248.0,3428.0,4238.666666666667,18,62765.0
T3969,U112,2023-12-08,Income,Bonus,62765.0,Unknown,Jaipur,No Notes,2023,12,8,4,8880.0,8040.0,1248.0,6056.0,19,2890.0
T1850,U112,2023-12-09,Expense,Education,2890.0,Cash,Lucknow,No Notes,2023,12,9,5,62765.0,8880.0,8040.0,26561.666666666668,20,35255.0
T7473,U112,2023-12-27,Expense,Rent,35255.0,Card,Pune,No Notes,2023,12,27,2,2890.0,62765.0,8880.0,24845.0,21,5246.0
T5470,U112,2024-06-24,Expense,Entertainment,5246.0,Card,Pune,No Notes,2024,6,24,0,35255.0,2890.0,62765.0,33636.666666666664,22,3546.0
T8245,U112,2024-07-27,Expense,Food,3546.0,Upi,Mumbai,Internet bill,2024,7,27,5,5246.0,35255.0,2890.0,14463.666666666666,23,9231.0
T10309,U112,2024-09-02,Expense,Food,9231.0,Upi,Pune,Petrol,2024,9,2,0,3546.0,5246.0,35255.0,14682.333333333334,24,1571.0
T0923,U112,2024-09-27,Expense,Education,1571.0,Card,Lucknow,test,2024,9,27,4,9231.0,3546.0,5246.0,6007.666666666667,25,3941.0
T5583,U112,2024-10-19,Expense,Travel,3941.0,Upi,Kolkata,Grocery shopping,2024,10,19,5,1571.0,9231.0,3546.0,4782.666666666667,26,3762.0
T0086,U113,2021-05-18,Expense,Utilities,2613.0,Cash,Hyderabad,test,2021,5,18,1,5549.0,1226.0,8747.0,5174.0,3,4747.0
T3222,U113,2021-05-22,Expense,Travel,4747.0,Card,Chennai,test,2021,5,22,5,2613.0,5549.0,1226.0,3129.3333333333335,4,1785.0
T2099,U113,2021-05-28,Expense,Food,1785.0,Card,Bangalore,asdfgh,2021,5,28,4,4747.0,2613.0,5549.0,4303.0,5,27406.0
T4483,U113,2021-06-27,Income,Salary,27406.0,Cash,Delhi,Lunch,2021,6,27,6,1785.0,4747.0,2613.0,3048.3333333333335,6,2278.0
T13898,U113,2021-08-12,Expense,Others,2278.0,Upi,Hyderabad,No Notes,2021,8,12,3,27406.0,1785.0,4747.0,11312.666666666666,7,5535.0
T4846,U113,2021-09-20,Expense,Utilities,5535.0,Cash,Unknown,Lunch,2021,9,20,0,2278.0,27406.0,1785.0,10489.666666666666,8,6805.0
T5346,U113,2021-10-03,Expense,Food,6805.0,Card,Unknown,No Notes,2021,10,3,6,5535.0,2278.0,27406.0,11739.666666666666,9,21432.0
T12841,U113,2021-10-03,Expense,Rent,21432.0,Card,Kolkata,No Notes,2021,10,3,6,6805.0,5535.0,2278.0,4872.666666666667,10,361.0
T6420,U113,2022-01-01,Expense,Utilities,361.0,Upi,Hyderabad,ATM withdrawal,2022,1,1,5,21432.0,6805.0,5535.0,11257.333333333334,11,5655.0
T12927,U113,2022-01-03,Expense,Travel,5655.0,Bank_Transfer,Hyderabad,Monthly rent payment,2022,1,3,0,361.0,21432.0,6805.0,9532.666666666666,12,7447.0
T0335,U113,2022-01-13,Expense,Utilities,7447.0,Cash,Bangalore,No Notes,2022,1,13,3,5655.0,361.0,21432.0,9149.333333333334,13,47473.0
T4967,U113,2022-02-17,Expense,Rent,47473.0,Bank_Transfer,Hyderabad,Online course,2022,2,17,3,7447.0,5655.0,361.0,4487.666666666667,14,70943.0
T2370,U113,2022-02-26,Income,Bonus,70943.0,Upi,Delhi,asdfgh,2022,2,26,5,47473.0,7447.0,5655.0,20191.666666666668,15,33767.0
T0692,U113,2022-03-19,Expense,Rent,33767.0,Bank_Transfer,Lucknow,test,2022,3,19,5,70943.0,47473.0,7447.0,41954.333333333336,16,4410.0
T7255,U113,2022-04-06,Expense,Others,4410.0,Card,Delhi,misc,2022,4,6,2,33767.0,70943.0,47473.0,50727.666666666664,17,1850.0
T7795,U113,2022-04-08,Expense,Utilities,1850.0,Cash,Bangalore,ATM withdrawal,2022,4,8,4,4410.0,33767.0,70943.0,36373.333333333336,18,8265.0
T0253,U113,2022-04-22,Expense,Rent,8265.0,Upi,Bangalore,Electricity bill,2022,4,22,4,1850.0,4410.0,33767.0,13342.333333333334,19,993.0
T0270,U113,2022-04-24,Expense,Utilities,993.0,Upi,Delhi,EMI payment,2022,4,24,6,8265.0,1850.0,4410.0,4841.666666666667,20,1050.0
T2989,U113,2022-07-27,Expense,Travel,1050.0,Cash,Ahmedabad,Doctor consultation,2022,7,27,2,993.0,8265.0,1850.0,3702.6666666666665,21,25499.0
T1913,U113,2022-10-24,Income,Others,25499.0,Cash,Delhi,Coffee,2022,10,24,0,1050.0,993.0,8265.0,3436.0,22,6984.0
T12316,U113,2022-11-02,Expense,Travel,6984.0,Cash,Mumbai,misc,2022,11,2,2,25499.0,1050.0,993.0,9180.666666666666,23,3527.0
T3028,U113,2022-11-13,Expense,Food,3527.0,Card,Mumbai,Internet bill,2022,11,13,6,6984.0,25499.0,1050.0,11177.666666666666,24,4901.0
T10737,U113,2022-12-18,Expense,Food,4901.0,Cash,Mumbai,Electricity bill,2022,12,18,6,3527.0,6984.0,25499.0,12003.333333333334,25,655.0
T2087,U113,2022-12-31,Expense,Health,655.0,Bank_Transfer,Lucknow,Uber ride,2022,12,31,5,4901.0,3527.0,6984.0,5137.333333333333,26,6756.0
T2217,U113,2023-04-02,Expense,Rent,6756.0,Bank_Transfer,Pune,No Notes,2023,4,2,6,655.0,4901.0,3527.0,3027.6666666666665,27,4099.0
T13063,U113,2023-04-16,Expense,Travel,4099.0,Cash,Lucknow,Movie tickets,2023,4,16,6,6756.0,655.0,4901.0,4104.0,28,203.0
T12072,U113,2023-05-05,Expense,Food,203.0,Cash,Hyderabad,Doctor consultation,2023,5,5,4,4099.0,6756.0,655.0,3836.6666666666665,29,255.0
T5545,U113,2023-06-11,Expense,Utilities,255.0,Cash,Pune,Online course,2023,6,11,6,203.0,4099.0,6756.0,3686.0,30,907.0
T9024,U113,2023-06-11,Expense,Utilities,907.0,Upi,Chennai,No Notes,2023,6,11,6,255.0,203.0,4099.0,1519.0,31,8290.0
T6785,U113,2023-07-23,Expense,Entertainment,8290.0,Bank_Transfer,Hyderabad,Coffee,2023,7,23,6,907.0,255.0,203.0,455.0,32,7110.0
T5002,U113,2023-10-03,Expense,Travel,7110.0,Card,Pune,ATM withdrawal,2023,10,3,1,8290.0,907.0,255.0,3150.6666666666665,33,1387.0
T6695,U113,2023-10-07,Expense,Rent,1387.0,Bank_Transfer,Kolkata,asdfgh,2023,10,7,5,7110.0,8290.0,907.0,5435.666666666667,34,8311.0
T6086,U113,2023-10-13,Expense,Food,8311.0,Upi,Hyderabad,Online course,2023,10,13,4,1387.0,7110.0,8290.0,5595.666666666667,35,678.0
T8337,U113,2023-11-08,Expense,Rent,678.0,Upi,Mumbai,Grocery shopping,2023,11,8,2,8311.0,1387.0,7110.0,5602.666666666667,36,21272.0
T9728,U113,2023-11-12,Expense,Rent,21272.0,Cash,Jaipur,misc,2023,11,12,6,678.0,8311.0,1387.0,3458.6666666666665,37,4416.0
T11311,U113,2024-05-17,Expense,Utilities,4416.0,Card,Bangalore,Movie tickets,2024,5,17,4,21272.0,678.0,8311.0,10087.0,38,9895.0
T0073,U113,2024-06-02,Expense,Rent,9895.0,Upi,Pune,ATM withdrawal,2024,6,2,6,4416.0,21272.0,678.0,8788.666666666666,39,23072.0
T0780,U113,2024-07-24,Expense,Rent,23072.0,Card,Chennai,!!!,2024,7,24,2,9895.0,4416.0,21272.0,11861.0,40,5275.0
T8370,U114,2021-02-06,Expense,Food,3080.0,Upi,Pune,Gym membership,2021,2,6,5,45894.0,4008.0,758.0,16886.666666666668,3,9201.0
T4109,U114,2021-03-22,Expense,Food,9201.0,Cash,Jaipur,No Notes,2021,3,22,0,3080.0,45894.0,4008.0,17660.666666666668,4,1161.0
T3220,U114,2021-04-16,Expense,Food,1161.0,Cash,Chennai,asdfgh,2021,4,16,4,9201.0,3080.0,45894.0,19391.666666666668,5,8010.0
T6048,U114,2021-05-14,Expense,Education,8010.0,Upi,Bangalore,Internet bill,2021,5,14,4,1161.0,9201.0,3080.0,4480.666666666667,6,2424.0
T10646,U114,2021-06-02,Expense,Travel,2424.0,Upi,Pune,Internet bill,2021,6,2,2,8010.0,1161.0,9201.0,6124.0,7,40824.0
T2531,U114,2021-07-17,Expense,Rent,40824.0,Upi,Lucknow,...,2021,7,17,5,2424.0,8010.0,1161.0,3865.0,8,988.0
T9479,U114,2021-08-14,Expense,Rent,988.0,Upi,Unknown,Restaurant dinner,2021,8,14,5,40824.0,2424.0,8010.0,17086.0,9,8768.0
T5994,U114,2021-10-06,Expense,Food,8768.0,Card,Mumbai,No Notes,2021,10,6,2,988.0,40824.0,2424.0,14745.333333333334,10,9958.0
T6719,U114,2022-03-06,Expense,Travel,9958.0,Bank_Transfer,Delhi,Grocery shopping,2022,3,6,6,8768.0,988.0,40824.0,16860.0,11,6158.0
T2199,U114,2022-10-07,Expense,Education,6158.0,Upi,Ahmedabad,No Notes,2022,10,7,4,9958.0,8768.0,988.0,6571.333333333333,12,28899.0
T1116,U114,2023-01-01,Expense,Rent,28899.0,Cash,Unknown,!!!,2023,1,1,6,6158.0,9958.0,8768.0,8294.666666666666,13,654.0
T11229,U114,2023-05-07,Expense,Others,654.0,Upi,Pune,No Notes,2023,5,7,6,28899.0,6158.0,9958.0,15005.0,14,2375.0
T12846,U114,2023-07-17,Expense,Travel,2375.0,Upi,Unknown,misc,2023,7,17,0,654.0,28899.0,6158.0,11903.666666666666,15,2081.0
T7075,U114,2023-07-25,Expense,Travel,2081.0,Cash,Pune,No Notes,2023,7,25,1,2375.0,654.0,28899.0,10642.666666666666,16,9814.0
T13294,U114,2023-10-31,Expense,Rent,9814.0,Cash,Kolkata,No Notes,2023,10,31,1,2081.0,2375.0,654.0,1703.3333333333333,17,3669.0
T9190,U114,2024-01-26,Expense,Travel,3669.0,Cash,Mumbai,Internet bill,2024,1,26,4,9814.0,2081.0,2375.0,4756.666666666667,18,4342.0
T5439,U114,2024-03-04,Expense,Food,4342.0,Card,Jaipur,xyz123,2024,3,4,0,3669.0,9814.0,2081.0,5188.0,19,4410.0
T5560,U114,2024-04-13,Expense,Others,4410.0,Bank_Transfer,Ahmedabad,Coffee,2024,4,13,5,4342.0,3669.0,9814.0,5941.666666666667,20,798.0
T6097,U114,2024-06-12,Expense,Utilities,798.0,Cash,Ahmedabad,Monthly rent payment,2024,6,12,2,4410.0,4342.0,3669.0,4140.333333333333,21,3147.0
T9521,U114,2024-07-09,Expense,Food,3147.0,Card,Unknown,Gym membership,2024,7,9,1,798.0,4410.0,4342.0,3183.3333333333335,22,8710.0
T4206,U115,2021-07-30,Expense,Utilities,6511.0,Cash,Kolkata,Grocery shopping,2021,7,30,4,2686.0,7989.0,2220.0,4298.333333333333,3,26949.0
T2790,U115,2021-09-13,Income,Others,26949.0,Card,Pune,Fixed deposit,2021,9,13,0,6511.0,2686.0,7989.0,5728.666666666667,4,6801.0
T10459,U115,2021-09-13,Expense,Others,6801.0,Upi,Jaipur,Doctor consultation,2021,9,13,0,26949.0,6511.0,2686.0,12048.666666666666,5,462.0
T7827,U115,2021-09-17,Expense,Education,462.0,Cash,Jaipur,EMI payment,2021,9,17,4,6801.0,26949.0,6511.0,13420.333333333334,6,5785.0
T10718,U115,2021-10-05,Expense,Education,5785.0,Card,Pune,Medicine,2021,10,5,1,462.0,6801.0,26949.0,11404.0,7,8575.0
T9617,U115,2021-12-25,Expense,Health,8575.0,Bank_Transfer,Unknown,Movie tickets,2021,12,25,5,5785.0,462.0,6801.0,4349.333333333333,8,2556.0
T6132,U115,2021-12-30,Expense,Entertainment,2556.0,Cash,Jaipur,...,2021,12,30,3,8575.0,5785.0,462.0,4940.666666666667,9,8518.0
T10865,U115,2022-01-05,Expense,Rent,8518.0,Cash,Delhi,Monthly rent payment,2022,1,5,2,2556.0,8575.0,5785.0,5638.666666666667,10,4457.0
T12064,U115,2022-04-21,Expense,Education,4457.0,Cash,Unknown,Train ticket,2022,4,21,3,8518.0,2556.0,8575.0,6549.666666666667,11,12915.0
T6570,U115,2022-05-19,Expense,Rent,12915.0,Unknown,Delhi,Doctor consultation,2022,5,19,3,4457.0,8518.0,2556.0,5177.0,12,6738.0
T6192,U115,2022-05-23,Expense,Education,6738.0,Cash,Bangalore,Grocery shopping,2022,5,23,0,12915.0,4457.0,8518.0,8630.0,13,2074.0
T11944,U115,2022-06-21,Expense,Travel,2074.0,Bank_Transfer,Jaipur,Medicine,2022,6,21,1,6738.0,12915.0,4457.0,8036.666666666667,14,1007.0
T11721,U115,2022-07-05,Expense,Travel,1007.0,Card,Ahmedabad,ATM withdrawal,2022,7,5,1,2074.0,6738.0,12915.0,7242.333333333333,15,813.0
T10769,U115,2022-08-12,Expense,Food,813.0,Cash,Ahmedabad,Electricity bill,2022,8,12,4,1007.0,2074.0,6738.0,3273.0,16,5623.0
T2119,U115,2022-08-12,Expense,Food,5623.0,Bank_Transfer,Delhi,No Notes,2022,8,12,4,813.0,1007.0,2074.0,1298.0,17,2909.0
T4756,U115,2022-08-24,Expense,Entertainment,2909.0,Upi,Kolkata,No Notes,2022,8,24,2,5623.0,813.0,1007.0,2481.0,18,25509.0
T3162,U115,2022-11-25,Income,Investment,25509.0,Card,Kolkata,No Notes,2022,11,25,4,2909.0,5623.0,813.0,3115.0,19,5854.0
T2078,U115,2022-12-09,Expense,Food,5854.0,Upi,Ahmedabad,Petrol,2022,12,9,4,25509.0,2909.0,5623.0,11347.0,20,7220.0
T2885,U115,2023-05-04,Expense,Travel,7220.0,Card,Mumbai,Online course,2023,5,4,3,5854.0,25509.0,2909.0,11424.0,21,39718.0
T12099,U115,2023-05-19,Income,Bonus,39718.0,Cash,Kolkata,xyz123,2023,5,19,4,7220.0,5854.0,25509.0,12861.0,22,543.0
T12149,U115,2023-08-27,Expense,Utilities,543.0,Bank_Transfer,Unknown,test,2023,8,27,6,39718.0,7220.0,5854.0,17597.333333333332,23,4542.0
T12831,U115,2023-09-17,Expense,Rent,4542.0,Cash,Kolkata,!!!,2023,9,17,6,543.0,39718.0,7220.0,15827.0,24,1395.0
T4634,U115,2023-09-27,Expense,Food,1395.0,Card,Chennai,Fixed deposit,2023,9,27,2,4542.0,543.0,39718.0,14934.333333333334,25,26660.0
T10403,U115,2023-10-13,Income,Bonus,26660.0,Cash,Kolkata,Shopping,2023,10,13,4,1395.0,4542.0,543.0,2160.0,26,6289.0
T10258,U115,2023-11-16,Expense,Savings,6289.0,Cash,Chennai,Restaurant dinner,2023,11,16,3,26660.0,1395.0,4542.0,10865.666666666666,27,7134.0
T4712,U115,2024-01-30,Expense,Utilities,7134.0,Card,Hyderabad,Online course,2024,1,30,1,6289.0,26660.0,1395.0,11448.0,28,2873.0
T0608,U115,2024-02-28,Expense,Health,2873.0,Cash,Ahmedabad,Gym membership,2024,2,28,2,7134.0,6289.0,26660.0,13361.0,29,2706.0
T4497,U115,2024-03-01,Expense,Food,2706.0,Bank_Transfer,Chennai,xyz123,2024,3,1,4,2873.0,7134.0,6289.0,5432.0,30,1904.0
T2116,U115,2024-04-07,Expense,Utilities,1904.0,Cash,Mumbai,Grocery shopping,2024,4,7,6,2706.0,2873.0,7134.0,4237.666666666667,31,5230.0
T8920,U115,2024-04-23,Expense,Utilities,5230.0,Upi,Ahmedabad,ATM withdrawal,2024,4,23,1,1904.0,2706.0,2873.0,2494.3333333333335,32,15451.0
T2696,U115,2024-05-13,Income,Salary,15451.0,Bank_Transfer,Delhi,Grocery shopping,2024,5,13,0,5230.0,1904.0,2706.0,3280.0,33,6643.0
T4864,U115,2024-07-22,Expense,Food,6643.0,Bank_Transfer,Delhi,No Notes,2024,7,22,0,15451.0,5230.0,1904.0,7528.333333333333,34,3718.0
T5869,U115,2024-08-12,Expense,Others,3718.0,Bank_Transfer,Kolkata,Restaurant dinner,2024,8,12,0,6643.0,15451.0,5230.0,9108.0,35,3639.0
T6475,U115,2024-08-13,Expense,Education,3639.0,Cash,Unknown,!!!,2024,8,13,1,3718.0,6643.0,15451.0,8604.0,36,6796.0
T4799,U115,2024-08-21,Expense,Food,6796.0,Cash,Pune,Online course,2024,8,21,2,3639.0,3718.0,6643.0,4666.666666666667,37,66078.0
T5331,U115,2024-09-03,Income,Investment,66078.0,Unknown,Hyderabad,Books,2024,9,3,1,6796.0,3639.0,3718.0,4717.666666666667,38,9138.0
T8215,U115,2024-09-16,Expense,Food,9138.0,Card,Lucknow,EMI payment,2024,9,16,0,66078.0,6796.0,3639.0,25504.333333333332,39,6207.0
T11893,U115,2024-09-16,Expense,Travel,6207.0,Cash,Hyderabad,misc,2024,9,16,0,9138.0,66078.0,6796.0,27337.333333333332,40,9403.0
T8905,U115,2024-10-28,Expense,Travel,9403.0,Bank_Transfer,Lucknow,Movie tickets,2024,10,28,0,6207.0,9138.0,66078.0,27141.0,41,59813.0
T4620,U115,2024-11-01,Income,Others,59813.0,Bank_Transfer,Pune,Shopping,2024,11,1,4,9403.0,6207.0,9138.0,8249.333333333334,42,402.0
T10535,U115,2024-11-04,Expense,Health,402.0,Bank_Transfer,Delhi,xyz123,2024,11,4,0,59813.0,9403.0,6207.0,25141.0,43,3418.0
T8403,U116,2021-02-22,Expense,Education,7996.0,Bank_Transfer,Hyderabad,EMI payment,2021,2,22,0,6892.0,479.0,1735.0,3035.3333333333335,3,30473.0
T8316,U116,2021-05-22,Income,Investment,30473.0,Bank_Transfer,Delhi,Shopping,2021,5,22,5,7996.0,6892.0,479.0,5122.333333333333,4,2621.0
T4153,U116,2021-05-23,Expense,Travel,2621.0,Bank_Transfer,Ahmedabad,Monthly rent payment,2021,5,23,6,30473.0,7996.0,6892.0,15120.333333333334,5,2263.0
T4075,U116,2021-06-14,Expense,Food,2263.0,Cash,Bangalore,Grocery shopping,2021,6,14,0,2621.0,30473.0,7996.0,13696.666666666666,6,7250.0
T6749,U116,2021-07-13,Expense,Travel,7250.0,Cash,Lucknow,Uber ride,2021,7,13,1,2263.0,2621.0,30473.0,11785.666666666666,7,78729.0
T11183,U116,2021-07-29,Income,Bonus,78729.0,Upi,Ahmedabad,Doctor consultation,2021,7,29,3,7250.0,2263.0,2621.0,4044.6666666666665,8,1248.0
T6714,U116,2021-07-29,Expense,Food,1248.0,Card,Pune,No Notes,2021,7,29,3,78729.0,7250.0,2263.0,29414.0,9,24908.0
T10970,U116,2021-08-09,Expense,Rent,24908.0,Card,Pune,Grocery shopping,2021,8,9,0,1248.0,78729.0,7250.0,29075.666666666668,10,490.0
T12876,U116,2022-01-09,Expense,Food,490.0,Card,Pune,Internet bill,2022,1,9,6,24908.0,1248.0,78729.0,34961.666666666664,11,42012.0
T4835,U116,2022-03-07,Expense,Rent,42012.0,Upi,Bangalore,Monthly rent payment,2022,3,7,0,490.0,24908.0,1248.0,8882.0,12,26977.0
T13535,U116,2022-04-05,Expense,Rent,26977.0,Upi,Mumbai,Grocery shopping,2022,4,5,1,42012.0,490.0,24908.0,22470.0,13,2131.0
T7142,U116,2022-06-12,Expense,Entertainment,2131.0,Upi,Jaipur,Monthly rent payment,2022,6,12,6,26977.0,42012.0,490.0,23159.666666666668,14,30827.0
T11538,U116,2022-08-07,Expense,Rent,30827.0,Card,Hyderabad,Coffee,2022,8,7,6,2131.0,26977.0,42012.0,23706.666666666668,15,1824.0
T2255,U116,2022-10-30,Expense,Food,1824.0,Card,Delhi,Gym membership,2022,10,30,6,30827.0,2131.0,26977.0,19978.333333333332,16,3306.0
T3431,U116,2022-12-29,Expense,Utilities,3306.0,Card,Mumbai,Medicine,2022,12,29,3,1824.0,30827.0,2131.0,11594.0,17,9071.0
T5202,U116,2022-12-30,Expense,Entertainment,9071.0,Card,Delhi,!!!,2022,12,30,4,3306.0,1824.0,30827.0,11985.666666666666,18,7428.0
T9466,U116,2023-01-30,Expense,Entertainment,7428.0,Upi,Delhi,No Notes,2023,1,30,0,9071.0,3306.0,1824.0,4733.666666666667,19,481.0
T13983,U116,2023-02-25,Expense,Rent,481.0,Cash,Unknown,Internet bill,2023,2,25,5,7428.0,9071.0,3306.0,6601.666666666667,20,2988.0
T11559,U116,2023-05-09,Expense,Utilities,2988.0,Bank_Transfer,Lucknow,...,2023,5,9,1,481.0,7428.0,9071.0,5660.0,21,2374.0
T4603,U116,2023-05-23,Expense,Travel,2374.0,Upi,Hyderabad,Uber ride,2023,5,23,1,2988.0,481.0,7428.0,3632.3333333333335,22,9487.0
T2514,U116,2023-06-19,Expense,Education,9487.0,Card,Unknown,...,2023,6,19,0,2374.0,2988.0,481.0,1947.6666666666667,23,4403.0
T1063,U116,2023-08-05,Expense,Food,4403.0,Card,Bangalore,test,2023,8,5,5,9487.0,2374.0,2988.0,4949.666666666667,24,5695.0
T2714,U116,2023-09-04,Expense,Rent,5695.0,Cash,Chennai,ATM withdrawal,2023,9,4,0,4403.0,9487.0,2374.0,5421.333333333333,25,55602.0
T9418,U116,2023-10-07,Income,Investment,55602.0,Cash,Unknown,misc,2023,10,7,5,5695.0,4403.0,9487.0,6528.333333333333,26,2548.0
T4210,U116,2023-10-29,Expense,Rent,2548.0,Upi,Chennai,No Notes,2023,10,29,6,55602.0,5695.0,4403.0,21900.0,27,3832.0
T13767,U116,2023-12-28,Expense,Savings,3832.0,Cash,Kolkata,Lunch,2023,12,28,3,2548.0,55602.0,5695.0,21281.666666666668,28,556.0
T12781,U116,2023-12-29,Expense,Education,556.0,Card,Delhi,asdfgh,2023,12,29,4,3832.0,2548.0,55602.0,20660.666666666668,29,1110.0
T0161,U116,2024-02-01,Expense,Rent,1110.0,Bank_Transfer,Delhi,Coffee,2024,2,1,3,556.0,3832.0,2548.0,2312.0,30,2152.0
T4722,U116,2024-06-10,Expense,Rent,2152.0,Upi,Hyderabad,Restaurant dinner,2024,6,10,0,1110.0,556.0,3832.0,1832.6666666666667,31,1130.0
T5775,U116,2024-07-25,Expense,Rent,1130.0,Card,Bangalore,Fixed deposit,2024,7,25,3,2152.0,1110.0,556.0,1272.6666666666667,32,7731.0
T8934,U116,2024-07-28,Expense,Food,7731.0,Bank_Transfer,Unknown,Grocery shopping,2024,7,28,6,1130.0,2152.0,1110.0,1464.0,33,18396.0
T11218,U116,2024-08-17,Expense,Rent,18396.0,Bank_Transfer,Lucknow,Monthly rent payment,2024,8,17,5,7731.0,1130.0,2152.0,3671.0,34,3377.0
T9736,U116,2024-10-15,Expense,Utilities,3377.0,Card,Unknown,misc,2024,10,15,1,18396.0,7731.0,1130.0,9085.666666666666,35,6507.0
T11261,U116,2024-11-04,Expense,Others,6507.0,Bank_Transfer,Mumbai,Restaurant dinner,2024,11,4,0,3377.0,18396.0,7731.0,9834.666666666666,36,12316.0
T3628,U116,2024-12-07,Expense,Rent,12316.0,Cash,Jaipur,Medicine,2024,12,7,5,6507.0,3377.0,18396.0,9426.666666666666,37,60900.0
T2234,U117,2021-04-30,Expense,Food,427.0,Card,Bangalore,Coffee,2021,4,30,4,9681.0,8842.0,5351.0,7958.0,3,2087.0
T10249,U117,2021-06-19,Expense,Travel,2087.0,Upi,Mumbai,xyz123,2021,6,19,5,427.0,9681.0,8842.0,6316.666666666667,4,29690.0
T12314,U117,2021-07-04,Income,Others,29690.0,Upi,Unknown,Restaurant dinner,2021,7,4,6,2087.0,427.0,9681.0,4065.0,5,4571.0
T13519,U117,2021-09-08,Expense,Food,4571.0,Card,Lucknow,xyz123,2021,9,8,2,29690.0,2087.0,427.0,10734.666666666666,6,9225.0
T13474,U117,2021-09-24,Expense,Rent,9225.0,Cash,Bangalore,Doctor consultation,2021,9,24,4,4571.0,29690.0,2087.0,12116.0,7,3449.0
T9704,U117,2021-10-14,Expense,Rent,3449.0,Cash,Hyderabad,Internet bill,2021,10,14,3,9225.0,4571.0,29690.0,14495.333333333334,8,644.0
T7073,U117,2022-02-03,Expense,Food,644.0,Cash,Chennai,!!!,2022,2,3,3,3449.0,9225.0,4571.0,5748.333333333333,9,9065.0
T13034,U117,2022-03-05,Expense,Rent,9065.0,Card,Pune,Petrol,2022,3,5,5,644.0,3449.0,9225.0,4439.333333333333,10,1557.0
T6369,U117,2022-04-28,Expense,Food,1557.0,Upi,Lucknow,Coffee,2022,4,28,3,9065.0,644.0,3449.0,4386.0,11,2460.0
T5658,U117,2022-06-01,Expense,Rent,2460.0,Bank_Transfer,Delhi,Lunch,2022,6,1,2,1557.0,9065.0,644.0,3755.3333333333335,12,6701.0
T5852,U117,2022-06-21,Expense,Entertainment,6701.0,Bank_Transfer,Unknown,No Notes,2022,6,21,1,2460.0,1557.0,9065.0,4360.666666666667,13,9459.0
T13734,U117,2022-09-01,Expense,Rent,9459.0,Card,Delhi,Petrol,2022,9,1,3,6701.0,2460.0,1557.0,3572.6666666666665,14,34776.0
T7986,U117,2022-09-13,Income,Bonus,34776.0,Cash,Delhi,Grocery shopping,2022,9,13,1,9459.0,6701.0,2460.0,6206.666666666667,15,2424.0
T13270,U117,2022-11-01,Expense,Food,2424.0,Card,Pune,No Notes,2022,11,1,1,34776.0,9459.0,6701.0,16978.666666666668,16,1283.0
T7404,U117,2022-11-06,Expense,Rent,1283.0,Upi,Hyderabad,Restaurant dinner,2022,11,6,6,2424.0,34776.0,9459.0,15553.0,17,8886.0
T5083,U117,2022-12-14,Expense,Food,8886.0,Cash,Delhi,misc,2022,12,14,2,1283.0,2424.0,34776.0,12827.666666666666,18,2980.0
T0529,U117,2022-12-22,Expense,Entertainment,2980.0,Card,Kolkata,...,2022,12,22,3,8886.0,1283.0,2424.0,4197.666666666667,19,3884.0
T12294,U117,2023-01-14,Expense,Food,3884.0,Card,Mumbai,Coffee,2023,1,14,5,2980.0,8886.0,1283.0,4383.0,20,943.0
T4950,U117,2023-01-16,Expense,Entertainment,943.0,Bank_Transfer,Ahmedabad,Online course,2023,1,16,0,3884.0,2980.0,8886.0,5250.0,21,2779.0
T7650,U117,2023-01-27,Expense,Food,2779.0,Upi,Ahmedabad,Electricity bill,2023,1,27,4,943.0,3884.0,2980.0,2602.3333333333335,22,961.0
T0067,U117,2023-01-28,Expense,Food,961.0,Unknown,Ahmedabad,...,2023,1,28,5,2779.0,943.0,3884.0,2535.3333333333335,23,2184.0
T0324,U117,2023-02-04,Expense,Food,2184.0,Cash,Bangalore,No Notes,2023,2,4,5,961.0,2779.0,943.0,1561.0,24,79476.0
T7975,U117,2023-03-04,Income,Freelance,79476.0,Bank_Transfer,Chennai,No Notes,2023,3,4,5,2184.0,961.0,2779.0,1974.6666666666667,25,9476.0
T6698,U117,2023-04-20,Expense,Food,9476.0,Card,Ahmedabad,Electricity bill,2023,4,20,3,79476.0,2184.0,961.0,27540.333333333332,26,8182.0
T0593,U117,2023-06-18,Expense,Travel,8182.0,Bank_Transfer,Hyderabad,Train ticket,2023,6,18,6,9476.0,79476.0,2184.0,30378.666666666668,27,2635.0
T1530,U117,2023-07-20,Expense,Utilities,2635.0,Card,Jaipur,xyz123,2023,7,20,3,8182.0,9476.0,79476.0,32378.0,28,9919.0
T0635,U117,2023-08-10,Expense,Food,9919.0,Upi,Bangalore,ATM withdrawal,2023,8,10,3,2635.0,8182.0,9476.0,6764.333333333333,29,1680.0
T2838,U117,2023-08-16,Expense,Rent,1680.0,Card,Mumbai,Train ticket,2023,8,16,2,9919.0,2635.0,8182.0,6912.0,30,4577.0
T4887,U117,2023-08-20,Expense,Food,4577.0,Cash,Jaipur,Electricity bill,2023,8,20,6,1680.0,9919.0,2635.0,4744.666666666667,31,9894.0
T10659,U117,2023-08-24,Expense,Rent,9894.0,Bank_Transfer,Bangalore,No Notes,2023,8,24,3,4577.0,1680.0,9919.0,5392.0,32,55338.0
T6607,U117,2023-09-14,Income,Freelance,55338.0,Bank_Transfer,Kolkata,Uber ride,2023,9,14,3,9894.0,4577.0,1680.0,5383.666666666667,33,9335.0
T9524,U117,2024-02-05,Expense,Food,9335.0,Upi,Ahmedabad,Fixed deposit,2024,2,5,0,55338.0,9894.0,4577.0,23269.666666666668,34,4571.0
T11939,U117,2024-02-06,Expense,Education,4571.0,Bank_Transfer,Lucknow,No Notes,2024,2,6,1,9335.0,55338.0,9894.0,24855.666666666668,35,883.0
T8626,U117,2024-03-30,Expense,Rent,883.0,Card,Bangalore,Electricity bill,2024,3,30,5,4571.0,9335.0,55338.0,23081.333333333332,36,42691.0
T1074,U117,2024-03-31,Expense,Rent,42691.0,Cash,Jaipur,Lunch,2024,3,31,6,883.0,4571.0,9335.0,4929.666666666667,37,4968.0
T7529,U117,2024-04-08,Expense,Rent,4968.0,Card,Delhi,No Notes,2024,4,8,0,42691.0,883.0,4571.0,16048.333333333334,38,3950.0
T9552,U117,2024-05-11,Expense,Food,3950.0,Upi,Hyderabad,Uber ride,2024,5,11,5,4968.0,42691.0,883.0,16180.666666666666,39,700.0
T10837,U117,2024-07-31,Expense,Health,700.0,Unknown,Chennai,Coffee,2024,7,31,2,3950.0,4968.0,42691.0,17203.0,40,6348.0
T7895,U117,2024-08-23,Expense,Utilities,6348.0,Card,Chennai,!!!,2024,8,23,4,700.0,3950.0,4968.0,3206.0,41,1862.0
T4401,U117,2024-08-28,Expense,Health,1862.0,Upi,Pune,Fixed deposit,2024,8,28,2,6348.0,700.0,3950.0,3666.0,42,24620.0
T9799,U117,2024-10-04,Income,Salary,24620.0,Cash,Ahmedabad,No Notes,2024,10,4,4,1862.0,6348.0,700.0,2970.0,43,22105.0
T4694,U118,2021-04-29,Expense,Education,8802.0,Bank_Transfer,Kolkata,No Notes,2021,4,29,3,3418.0,1920.0,51266.0,18868.0,3,25941.0
T4363,U118,2021-06-03,Income,Bonus,25941.0,Card,Bangalore,No Notes,2021,6,3,3,8802.0,3418.0,1920.0,4713.333333333333,4,4895.0
T6194,U118,2021-06-26,Expense,Savings,4895.0,Upi,Bangalore,Internet bill,2021,6,26,5,25941.0,8802.0,3418.0,12720.333333333334,5,6284.0
T8653,U118,2021-08-07,Expense,Utilities,6284.0,Upi,Unknown,Electricity bill,2021,8,7,5,4895.0,25941.0,8802.0,13212.666666666666,6,2858.0
T3900,U118,2021-08-19,Expense,Savings,2858.0,Bank_Transfer,Delhi,Train ticket,2021,8,19,3,6284.0,4895.0,25941.0,12373.333333333334,7,7019.0
T12181,U118,2021-10-11,Expense,Utilities,7019.0,Bank_Transfer,Kolkata,...,2021,10,11,0,2858.0,6284.0,4895.0,4679.0,8,5516.0
T1819,U118,2021-11-13,Expense,Savings,5516.0,Card,Hyderabad,Coffee,2021,11,13,5,7019.0,2858.0,6284.0,5387.0,9,20509.0
T12210,U118,2022-01-25,Expense,Rent,20509.0,Bank_Transfer,Bangalore,Train ticket,2022,1,25,1,5516.0,7019.0,2858.0,5131.0,10,8615.0
T2397,U118,2022-02-01,Expense,Utilities,8615.0,Upi,Lucknow,Lunch,2022,2,1,1,20509.0,5516.0,7019.0,11014.666666666666,11,1341.0
T13021,U118,2022-05-06,Expense,Entertainment,1341.0,Upi,Lucknow,Books,2022,5,6,4,8615.0,20509.0,5516.0,11546.666666666666,12,392.0
T4773,U118,2022-05-19,Expense,Health,392.0,Card,Jaipur,...,2022,5,19,3,1341.0,8615.0,20509.0,10155.0,13,8931.0
T8381,U118,2022-06-14,Expense,Others,8931.0,Bank_Transfer,Mumbai,Restaurant dinner,2022,6,14,1,392.0,1341.0,8615.0,3449.3333333333335,14,4897.0
T7332,U118,2022-06-17,Expense,Travel,4897.0,Card,Delhi,Internet bill,2022,6,17,4,8931.0,392.0,1341.0,3554.6666666666665,15,9521.0
T3235,U118,2022-07-29,Expense,Food,9521.0,Cash,Kolkata,Grocery shopping,2022,7,29,4,4897.0,8931.0,392.0,4740.0,16,1249.0
T12201,U118,2022-08-02,Expense,Travel,1249.0,Card,Pune,!!!,2022,8,2,1,9521.0,4897.0,8931.0,7783.0,17,5061.0
T6411,U118,2022-08-11,Expense,Entertainment,5061.0,Bank_Transfer,Ahmedabad,Gym membership,2022,8,11,3,1249.0,9521.0,4897.0,5222.333333333333,18,38776.0
T3347,U118,2022-08-30,Income,Bonus,38776.0,Upi,Unknown,asdfgh,2022,8,30,1,5061.0,1249.0,9521.0,5277.0,19,7439.0
T5800,U118,2022-10-23,Expense,Travel,7439.0,Upi,Lucknow,misc,2022,10,23,6,38776.0,5061.0,1249.0,15028.666666666666,20,4300.0
T1155,U118,2023-02-08,Expense,Food,4300.0,Bank_Transfer,Delhi,misc,2023,2,8,2,7439.0,38776.0,5061.0,17092.0,21,1136.0
T6313,U118,2023-02-08,Expense,Utilities,1136.0,Upi,Kolkata,Doctor consultation,2023,2,8,2,4300.0,7439.0,38776.0,16838.333333333332,22,1917.0
T7572,U118,2023-02-11,Expense,Education,1917.0,Upi,Hyderabad,Monthly rent payment,2023,2,11,5,1136.0,4300.0,7439.0,4291.666666666667,23,5139.0
T3535,U118,2023-04-12,Expense,Food,5139.0,Upi,Mumbai,test,2023,4,12,2,1917.0,1136.0,4300.0,2451.0,24,1341.0
T5395,U118,2023-05-22,Expense,Food,1341.0,Bank_Transfer,Pune,test,2023,5,22,0,5139.0,1917.0,1136.0,2730.6666666666665,25,9715.0
T9067,U118,2023-10-29,Expense,Travel,9715.0,Upi,Chennai,Online course,2023,10,29,6,1341.0,5139.0,1917.0,2799.0,26,3896.0
T12011,U118,2023-11-20,Expense,Food,3896.0,Cash,Jaipur,xyz123,2023,11,20,0,9715.0,1341.0,5139.0,5398.333333333333,27,7634.0
T4462,U118,2023-12-09,Expense,Rent,7634.0,Upi,Pune,No Notes,2023,12,9,5,3896.0,9715.0,1341.0,4984.0,28,552.0
T8580,U118,2024-01-10,Expense,Travel,552.0,Card,Delhi,Medicine,2024,1,10,2,7634.0,3896.0,9715.0,7081.666666666667,29,9163.0
T10606,U118,2024-03-02,Expense,Utilities,9163.0,Cash,Jaipur,No Notes,2024,3,2,5,552.0,7634.0,3896.0,4027.3333333333335,30,7091.0
T2658,U118,2024-03-12,Expense,Rent,7091.0,Card,Hyderabad,Doctor consultation,2024,3,12,1,9163.0,552.0,7634.0,5783.0,31,7271.0
T7749,U118,2024-03-20,Expense,Utilities,7271.0,Upi,Chennai,Lunch,2024,3,20,2,7091.0,9163.0,552.0,5602.0,32,20996.0
T7804,U118,2024-05-02,Income,Investment,20996.0,Bank_Transfer,Chennai,Electricity bill,2024,5,2,3,7271.0,7091.0,9163.0,7841.666666666667,33,3190.0
T11101,U118,2024-07-28,Expense,Food,3190.0,Upi,Jaipur,No Notes,2024,7,28,6,20996.0,7271.0,7091.0,11786.0,34,199798.0
T11973,U118,2024-09-02,Income,Others,199798.0,Bank_Transfer,Jaipur,ATM withdrawal,2024,9,2,0,3190.0,20996.0,7271.0,10485.666666666666,35,3591.0
T2590,U118,2024-09-06,Expense,Utilities,3591.0,Card,Unknown,Movie tickets,2024,9,6,4,199798.0,3190.0,20996.0,74661.33333333333,36,4220.0
T1586,U118,2024-09-08,Expense,Food,4220.0,Cash,Hyderabad,test,2024,9,8,6,3591.0,199798.0,3190.0,68859.66666666667,37,17940.0
T8993,U118,2024-10-01,Income,Freelance,17940.0,Bank_Transfer,Chennai,No Notes,2024,10,1,1,4220.0,3591.0,199798.0,69203.0,38,6273.0
T2836,U118,2024-10-12,Expense,Travel,6273.0,Bank_Transfer,Ahmedabad,asdfgh,2024,10,12,5,17940.0,4220.0,3591.0,8583.666666666666,39,1311.0
T2391,U118,2024-10-14,Expense,Food,1311.0,Bank_Transfer,Chennai,...,2024,10,14,0,6273.0,17940.0,4220.0,9477.666666666666,40,6085.0
T10515,U119,2021-05-06,Expense,Food,4562.0,Cash,Bangalore,No Notes,2021,5,6,3,7368.0,7740.0,7472.0,7526.666666666667,3,4673.0
T0444,U119,2021-05-20,Expense,Rent,4673.0,Unknown,Kolkata,Restaurant dinner,2021,5,20,3,4562.0,7368.0,7740.0,6556.666666666667,4,7639.0
T13476,U119,2021-06-04,Expense,Savings,7639.0,Bank_Transfer,Unknown,Restaurant dinner,2021,6,4,4,4673.0,4562.0,7368.0,5534.333333333333,5,1869.0
T4676,U119,2021-06-28,Expense,Rent,1869.0,Card,Pune,ATM withdrawal,2021,6,28,0,7639.0,4673.0,4562.0,5624.666666666667,6,75302.0
T4895,U119,2021-09-27,Income,Bonus,75302.0,Bank_Transfer,Bangalore,Monthly rent payment,2021,9,27,0,1869.0,7639.0,4673.0,4727.0,7,4406.0
T1792,U119,2021-10-09,Expense,Food,4406.0,Bank_Transfer,Hyderabad,Train ticket,2021,10,9,5,75302.0,1869.0,7639.0,28270.0,8,1130.0
T5885,U119,2021-11-05,Expense,Education,1130.0,Card,Ahmedabad,Train ticket,2021,11,5,4,4406.0,75302.0,1869.0,27192.333333333332,9,999999.0
T5033,U119,2021-12-18,Expense,Travel,999999.0,Upi,Pune,Lunch,2021,12,18,5,1130.0,4406.0,75302.0,26946.0,10,433.0
T7211,U119,2022-01-02,Expense,Rent,433.0,Card,Bangalore,Electricity bill,2022,1,2,6,999999.0,1130.0,4406.0,335178.3333333333,11,1364.0
T7584,U119,2022-05-24,Expense,Food,1364.0,Cash,Unknown,Monthly rent payment,2022,5,24,1,433.0,999999.0,1130.0,333854.0,12,5628.0
T8269,U119,2022-05-24,Expense,Utilities,5628.0,Bank_Transfer,Kolkata,Petrol,2022,5,24,1,1364.0,433.0,999999.0,333932.0,13,6432.0
T10275,U119,2022-06-03,Expense,Food,6432.0,Card,Chennai,No Notes,2022,6,3,4,5628.0,1364.0,433.0,2475.0,14,46028.0
T5434,U119,2022-09-26,Income,Freelance,46028.0,Cash,Lucknow,asdfgh,2022,9,26,0,6432.0,5628.0,1364.0,4474.666666666667,15,17119.0
T3053,U119,2022-10-19,Expense,Rent,17119.0,Cash,Lucknow,Medicine,2022,10,19,2,46028.0,6432.0,5628.0,19362.666666666668,16,8152.0
T7583,U119,2022-11-11,Expense,Travel,8152.0,Upi,Jaipur,Monthly rent payment,2022,11,11,4,17119.0,46028.0,6432.0,23193.0,17,9301.0
T3159,U119,2023-01-25,Expense,Rent,9301.0,Cash,Ahmedabad,Coffee,2023,1,25,2,8152.0,17119.0,46028.0,23766.333333333332,18,2008.0
T1615,U119,2023-05-02,Expense,Rent,2008.0,Card,Chennai,Uber ride,2023,5,2,1,9301.0,8152.0,17119.0,11524.0,19,8477.0
T12670,U119,2023-06-25,Expense,Food,8477.0,Unknown,Bangalore,Lunch,2023,6,25,6,2008.0,9301.0,8152.0,6487.0,20,6177.0
T4521,U119,2023-07-03,Expense,Rent,6177.0,Cash,Bangalore,Movie tickets,2023,7,3,0,8477.0,2008.0,9301.0,6595.333333333333,21,4179.0
T1461,U119,2023-08-05,Expense,Education,4179.0,Upi,Mumbai,Fixed deposit,2023,8,5,5,6177.0,8477.0,2008.0,5554.0,22,493.0
T4259,U119,2023-08-29,Expense,Education,493.0,Bank_Transfer,Delhi,Books,2023,8,29,1,4179.0,6177.0,8477.0,6277.666666666667,23,6971.0
T9775,U119,2023-10-10,Expense,Entertainment,6971.0,Card,Delhi,Books,2023,10,10,1,493.0,4179.0,6177.0,3616.3333333333335,24,7628.0
T2449,U119,2023-10-15,Expense,Food,7628.0,Bank_Transfer,Kolkata,Lunch,2023,10,15,6,6971.0,493.0,4179.0,3881.0,25,8181.0
T13337,U119,2023-12-10,Expense,Food,8181.0,Card,Mumbai,Uber ride,2023,12,10,6,7628.0,6971.0,493.0,5030.666666666667,26,3815.0
T3810,U119,2024-03-03,Expense,Utilities,3815.0,Bank_Transfer,Lucknow,!!!,2024,3,3,6,8181.0,7628.0,6971.0,7593.333333333333,27,2580.0
T6522,U119,2024-04-13,Expense,Travel,2580.0,Bank_Transfer,Lucknow,Uber ride,2024,4,13,5,3815.0,8181.0,7628.0,6541.333333333333,28,8081.0
T8353,U119,2024-06-22,Expense,Entertainment,8081.0,Unknown,Unknown,test,2024,6,22,5,2580.0,3815.0,8181.0,4858.666666666667,29,5362.0
T3808,U119,2024-07-14,Expense,Health,5362.0,Card,Bangalore,No Notes,2024,7,14,6,8081.0,2580.0,3815.0,4825.333333333333,30,2910.0
T2239,U119,2024-07-15,Expense,Savings,2910.0,Upi,Unknown,No Notes,2024,7,15,0,5362.0,8081.0,2580.0,5341.0,31,8007.0
T5929,U119,2024-10-27,Expense,Rent,8007.0,Upi,Bangalore,No Notes,2024,10,27,6,2910.0,5362.0,8081.0,5451.0,32,4921.0
T11638,U120,2021-04-27,Expense,Entertainment,6460.0,Bank_Transfer,Jaipur,No Notes,2021,4,27,1,72863.0,3006.0,39406.0,38425.0,3,2386.0
T5924,U120,2021-06-16,Expense,Rent,2386.0,Unknown,Hyderabad,Movie tickets,2021,6,16,2,6460.0,72863.0,3006.0,27443.0,4,15158.0
T9120,U120,2021-07-27,Expense,Rent,15158.0,Bank_Transfer,Lucknow,Fixed deposit,2021,7,27,1,2386.0,6460.0,72863.0,27236.333333333332,5,41519.0
T11113,U120,2021-08-31,Income,Salary,41519.0,Cash,Ahmedabad,No Notes,2021,8,31,1,15158.0,2386.0,6460.0,8001.333333333333,6,75496.0
T1876,U120,2022-02-22,Income,Bonus,75496.0,Upi,Pune,No Notes,2022,2,22,1,41519.0,15158.0,2386.0,19687.666666666668,7,982.0
T9374,U120,2022-03-09,Expense,Food,982.0,Bank_Transfer,Bangalore,asdfgh,2022,3,9,2,75496.0,41519.0,15158.0,44057.666666666664,8,8331.0
T12439,U120,2022-03-24,Expense,Rent,8331.0,Card,Jaipur,...,2022,3,24,3,982.0,75496.0,41519.0,39332.333333333336,9,46791.0
T9380,U120,2022-04-14,Income,Others,46791.0,Bank_Transfer,Hyderabad,Train ticket,2022,4,14,3,8331.0,982.0,75496.0,28269.666666666668,10,3926.0
T2438,U120,2022-07-10,Expense,Food,3926.0,Cash,Unknown,Coffee,2022,7,10,6,46791.0,8331.0,982.0,18701.333333333332,11,796.0
T4406,U120,2023-01-01,Expense,Food,796.0,Bank_Transfer,Ahmedabad,...,2023,1,1,6,3926.0,46791.0,8331.0,19682.666666666668,12,754.0
T11614,U120,2023-03-06,Expense,Rent,754.0,Bank_Transfer,Unknown,Internet bill,2023,3,6,0,796.0,3926.0,46791.0,17171.0,13,7073.0
T4674,U120,2023-03-14,Expense,Rent,7073.0,Cash,Bangalore,No Notes,2023,3,14,1,754.0,796.0,3926.0,1825.3333333333333,14,7800.0
T1113,U120,2023-05-01,Expense,Utilities,7800.0,Bank_Transfer,Delhi,Medicine,2023,5,1,0,7073.0,754.0,796.0,2874.3333333333335,15,5835.0
T7447,U120,2023-05-26,Expense,Utilities,5835.0,Cash,Bangalore,Online course,2023,5,26,4,7800.0,7073.0,754.0,5209.0,16,33389.0
T2014,U120,2023-05-31,Income,Others,33389.0,Cash,Jaipur,Movie tickets,2023,5,31,2,5835.0,7800.0,7073.0,6902.666666666667,17,3858.0
T7172,U120,2023-06-23,Expense,Food,3858.0,Card,Lucknow,Lunch,2023,6,23,4,33389.0,5835.0,7800.0,15674.666666666666,18,7979.0
T10821,U120,2023-08-27,Expense,Travel,7979.0,Bank_Transfer,Bangalore,Doctor consultation,2023,8,27,6,3858.0,33389.0,5835.0,14360.666666666666,19,6347.0
T5180,U120,2023-11-21,Expense,Travel,6347.0,Bank_Transfer,Hyderabad,Coffee,2023,11,21,1,7979.0,3858.0,33389.0,15075.333333333334,20,725.0
T9734,U120,2024-02-20,Expense,Food,725.0,Card,Pune,No Notes,2024,2,20,1,6347.0,7979.0,3858.0,6061.333333333333,21,4321.0
T11749,U120,2024-06-01,Expense,Food,4321.0,Unknown,Lucknow,Train ticket,2024,6,1,5,725.0,6347.0,7979.0,5017.0,22,4117.0
T8250,U120,2024-08-04,Expense,Food,4117.0,Bank_Transfer,Unknown,asdfgh,2024,8,4,6,4321.0,725.0,6347.0,3797.6666666666665,23,4986.0
T13271,U120,2024-08-15,Expense,Food,4986.0,Bank_Transfer,Bangalore,Coffee,2024,8,15,3,4117.0,4321.0,725.0,3054.3333333333335,24,1210.0
T2382,U120,2024-08-19,Expense,Food,1210.0,Cash,Bangalore,Petrol,2024,8,19,0,4986.0,4117.0,4321.0,4474.666666666667,25,5243.0
T13349,U120,2024-09-09,Expense,Food,5243.0,Bank_Transfer,Ahmedabad,ATM withdrawal,2024,9,9,0,1210.0,4986.0,4117.0,3437.6666666666665,26,30590.0
T11159,U120,2024-09-20,Income,Salary,30590.0,Cash,Mumbai,Monthly rent payment,2024,9,20,4,5243.0,1210.0,4986.0,3813.0,27,37994.0
T1142,U120,2024-09-24,Expense,Rent,37994.0,Card,Hyderabad,...,2024,9,24,1,30590.0,5243.0,1210.0,12347.666666666666,28,3165.0
T8264,U120,2024-10-21,Expense,Travel,3165.0,Bank_Transfer,Delhi,misc,2024,10,21,0,37994.0,30590.0,5243.0,24609.0,29,39367.0
T6717,U121,2021-09-27,Expense,Food,3864.0,Upi,Ahmedabad,No Notes,2021,9,27,0,3269.0,413.0,8855.0,4179.0,3,9835.0
T1998,U121,2021-10-31,Expense,Others,9835.0,Card,Lucknow,ATM withdrawal,2021,10,31,6,3864.0,3269.0,413.0,2515.3333333333335,4,60680.0
T8428,U121,2021-12-30,Income,Investment,60680.0,Cash,Delhi,Grocery shopping,2021,12,30,3,9835.0,3864.0,3269.0,5656.0,5,8924.0
T0624,U121,2022-01-02,Expense,Travel,8924.0,Card,Kolkata,No Notes,2022,1,2,6,60680.0,9835.0,3864.0,24793.0,6,49122.0
T13868,U121,2022-01-16,Expense,Rent,49122.0,Card,Jaipur,Petrol,2022,1,16,6,8924.0,60680.0,9835.0,26479.666666666668,7,75916.0
T0077,U121,2022-02-02,Income,Others,75916.0,Card,Kolkata,Electricity bill,2022,2,2,2,49122.0,8924.0,60680.0,39575.333333333336,8,4749.0
T6600,U121,2022-02-09,Expense,Food,4749.0,Upi,Mumbai,asdfgh,2022,2,9,2,75916.0,49122.0,8924.0,44654.0,9,5167.0
T13136,U121,2022-02-26,Expense,Travel,5167.0,Cash,Hyderabad,Coffee,2022,2,26,5,4749.0,75916.0,49122.0,43262.333333333336,10,4167.0
T11564,U121,2022-03-22,Expense,Utilities,4167.0,Cash,Pune,Electricity bill,2022,3,22,1,5167.0,4749.0,75916.0,28610.666666666668,11,5855.0
T11783,U121,2022-07-01,Expense,Travel,5855.0,Cash,Kolkata,Doctor consultation,2022,7,1,4,4167.0,5167.0,4749.0,4694.333333333333,12,4391.0
T13148,U121,2022-09-08,Expense,Food,4391.0,Upi,Ahmedabad,No Notes,2022,9,8,3,5855.0,4167.0,5167.0,5063.0,13,49059.0
T11131,U121,2022-09-17,Income,Others,49059.0,Card,Jaipur,Petrol,2022,9,17,5,4391.0,5855.0,4167.0,4804.333333333333,14,3084.0
T2058,U121,2022-11-17,Expense,Savings,3084.0,Cash,Jaipur,Train ticket,2022,11,17,3,49059.0,4391.0,5855.0,19768.333333333332,15,3930.0
T6258,U121,2022-12-23,Expense,Travel,3930.0,Cash,Jaipur,No Notes,2022,12,23,4,3084.0,49059.0,4391.0,18844.666666666668,16,8287.0
T4460,U121,2023-02-11,Expense,Rent,8287.0,Cash,Kolkata,No Notes,2023,2,11,5,3930.0,3084.0,49059.0,18691.0,17,5145.0
T8593,U121,2023-03-10,Expense,Food,5145.0,Card,Mumbai,Electricity bill,2023,3,10,4,8287.0,3930.0,3084.0,5100.333333333333,18,999999.0
T3431,U121,2023-07-19,Expense,Entertainment,999999.0,Bank_Transfer,Jaipur,No Notes,2023,7,19,2,5145.0,8287.0,3930.0,5787.333333333333,19,20997.0
T1999,U121,2023-07-31,Expense,Rent,20997.0,Card,Chennai,No Notes,2023,7,31,0,999999.0,5145.0,8287.0,337810.3333333333,20,980.0
T3514,U121,2023-08-29,Expense,Food,980.0,Card,Chennai,Fixed deposit,2023,8,29,1,20997.0,999999.0,5145.0,342047.0,21,4266.0
T11475,U121,2023-09-10,Expense,Education,4266.0,Card,Pune,Movie tickets,2023,9,10,6,980.0,20997.0,999999.0,340658.6666666667,22,28555.0
T3397,U121,2024-01-25,Expense,Rent,28555.0,Bank_Transfer,Chennai,No Notes,2024,1,25,3,4266.0,980.0,20997.0,8747.666666666666,23,3360.0
T9497,U121,2024-02-05,Expense,Entertainment,3360.0,Cash,Kolkata,No Notes,2024,2,5,0,28555.0,4266.0,980.0,11267.0,24,3790.0
T6515,U121,2024-03-16,Expense,Health,3790.0,Card,Ahmedabad,...,2024,3,16,5,3360.0,28555.0,4266.0,12060.333333333334,25,3808.0
T12193,U121,2024-05-08,Expense,Entertainment,3808.0,Bank_Transfer,Hyderabad,Medicine,2024,5,8,2,3790.0,3360.0,28555.0,11901.666666666666,26,2839.0
T9429,U121,2024-07-30,Expense,Food,2839.0,Cash,Bangalore,Fixed deposit,2024,7,30,1,3808.0,3790.0,3360.0,3652.6666666666665,27,2832.0
T0966,U121,2024-11-15,Expense,Food,2832.0,Card,Pune,Shopping,2024,11,15,4,2839.0,3808.0,3790.0,3479.0,28,1842.0
T0064,U122,2021-06-24,Expense,Entertainment,9708.0,Bank_Transfer,Pune,Electricity bill,2021,6,24,3,6719.0,3078.0,8285.0,6027.333333333333,3,7273.0
T3967,U122,2021-07-10,Expense,Entertainment,7273.0,Upi,Ahmedabad,No Notes,2021,7,10,5,9708.0,6719.0,3078.0,6501.666666666667,4,2461.0
T0511,U122,2021-08-14,Expense,Education,2461.0,Bank_Transfer,Chennai,Electricity bill,2021,8,14,5,7273.0,9708.0,6719.0,7900.0,5,7976.0
T1320,U122,2021-08-26,Expense,Entertainment,7976.0,Cash,Delhi,Shopping,2021,8,26,3,2461.0,7273.0,9708.0,6480.666666666667,6,1204.0
T5935,U122,2021-09-15,Expense,Food,1204.0,Card,Hyderabad,Grocery shopping,2021,9,15,2,7976.0,2461.0,7273.0,5903.333333333333,7,36365.0
T0009,U122,2021-12-05,Income,Freelance,36365.0,Upi,Ahmedabad,Restaurant dinner,2021,12,5,6,1204.0,7976.0,2461.0,3880.3333333333335,8,6643.0
T1024,U122,2021-12-16,Expense,Rent,6643.0,Card,Lucknow,Petrol,2021,12,16,3,36365.0,1204.0,7976.0,15181.666666666666,9,1806.0
T5182,U122,2021-12-22,Expense,Food,1806.0,Cash,Pune,Restaurant dinner,2021,12,22,2,6643.0,36365.0,1204.0,14737.333333333334,10,1099.0
T5344,U122,2022-01-21,Expense,Food,1099.0,Bank_Transfer,Lucknow,Books,2022,1,21,4,1806.0,6643.0,36365.0,14938.0,11,2560.0
T6474,U122,2022-02-21,Expense,Education,2560.0,Card,Ahmedabad,Train ticket,2022,2,21,0,1099.0,1806.0,6643.0,3182.6666666666665,12,4220.0
T4021,U122,2022-03-02,Expense,Food,4220.0,Bank_Transfer,Jaipur,No Notes,2022,3,2,2,2560.0,1099.0,1806.0,1821.6666666666667,13,1899.0
T9184,U122,2022-03-08,Expense,Health,1899.0,Upi,Mumbai,asdfgh,2022,3,8,1,4220.0,2560.0,1099.0,2626.3333333333335,14,1261.0
T0760,U122,2022-03-15,Expense,Food,1261.0,Cash,Delhi,Petrol,2022,3,15,1,1899.0,4220.0,2560.0,2893.0,15,7222.0
T8985,U122,2022-03-27,Expense,Utilities,7222.0,Bank_Transfer,Mumbai,Shopping,2022,3,27,6,1261.0,1899.0,4220.0,2460.0,16,514.0
T1192,U122,2022-07-13,Expense,Food,514.0,Card,Unknown,ATM withdrawal,2022,7,13,2,7222.0,1261.0,1899.0,3460.6666666666665,17,7087.0
T2538,U122,2022-09-04,Expense,Travel,7087.0,Card,Delhi,Doctor consultation,2022,9,4,6,514.0,7222.0,1261.0,2999.0,18,4041.0
T9467,U122,2022-09-17,Expense,Food,4041.0,Bank_Transfer,Delhi,Coffee,2022,9,17,5,7087.0,514.0,7222.0,4941.0,19,1738.0
T2897,U122,2022-10-07,Expense,Rent,1738.0,Upi,Kolkata,No Notes,2022,10,7,4,4041.0,7087.0,514.0,3880.6666666666665,20,2224.0
T2061,U122,2023-01-17,Expense,Health,2224.0,Cash,Bangalore,Shopping,2023,1,17,1,1738.0,4041.0,7087.0,4288.666666666667,21,4219.0
T0994,U122,2023-03-02,Expense,Entertainment,4219.0,Cash,Kolkata,Doctor consultation,2023,3,2,3,2224.0,1738.0,4041.0,2667.6666666666665,22,52935.0
T8088,U122,2023-03-20,Income,Freelance,52935.0,Bank_Transfer,Unknown,Uber ride,2023,3,20,0,4219.0,2224.0,1738.0,2727.0,23,7457.0
T13456,U122,2023-08-05,Expense,Food,7457.0,Card,Unknown,Lunch,2023,8,5,5,52935.0,4219.0,2224.0,19792.666666666668,24,39411.0
T11831,U122,2023-11-20,Expense,Rent,39411.0,Upi,Jaipur,Grocery shopping,2023,11,20,0,7457.0,52935.0,4219.0,21537.0,25,27774.0
T6613,U122,2024-01-18,Expense,Rent,27774.0,Upi,Bangalore,!!!,2024,1,18,3,39411.0,7457.0,52935.0,33267.666666666664,26,9907.0
T10152,U122,2024-04-19,Expense,Food,9907.0,Cash,Hyderabad,Train ticket,2024,4,19,4,27774.0,39411.0,7457.0,24880.666666666668,27,9636.0
T13058,U122,2024-07-16,Expense,Rent,9636.0,Bank_Transfer,Unknown,No Notes,2024,7,16,1,9907.0,27774.0,39411.0,25697.333333333332,28,8854.0
T8795,U122,2024-08-25,Expense,Education,8854.0,Upi,Jaipur,Doctor consultation,2024,8,25,6,9636.0,9907.0,27774.0,15772.333333333334,29,9442.0
T10278,U122,2024-09-17,Expense,Utilities,9442.0,Cash,Ahmedabad,No Notes,2024,9,17,1,8854.0,9636.0,9907.0,9465.666666666666,30,5355.0
T1771,U123,2021-03-23,Expense,Travel,3957.0,Card,Kolkata,No Notes,2021,3,23,1,33728.0,3532.0,3346.0,13535.333333333334,3,31079.0
T6162,U123,2021-07-17,Income,Freelance,31079.0,Bank_Transfer,Mumbai,No Notes,2021,7,17,5,3957.0,33728.0,3532.0,13739.0,4,2437.0
T3918,U123,2021-07-22,Expense,Food,2437.0,Upi,Jaipur,No Notes,2021,7,22,3,31079.0,3957.0,33728.0,22921.333333333332,5,8424.0
T2937,U123,2021-08-18,Expense,Rent,8424.0,Cash,Ahmedabad,Electricity bill,2021,8,18,2,2437.0,31079.0,3957.0,12491.0,6,5968.0
T1648,U123,2021-09-14,Expense,Health,5968.0,Bank_Transfer,Chennai,Fixed deposit,2021,9,14,1,8424.0,2437.0,31079.0,13980.0,7,7164.0
T6438,U123,2021-11-02,Expense,Others,7164.0,Bank_Transfer,Bangalore,!!!,2021,11,2,1,5968.0,8424.0,2437.0,5609.666666666667,8,9771.0
T13529,U123,2021-11-05,Expense,Health,9771.0,Bank_Transfer,Pune,Petrol,2021,11,5,4,7164.0,5968.0,8424.0,7185.333333333333,9,2857.0
T1143,U123,2021-12-19,Expense,Entertainment,2857.0,Upi,Lucknow,test,2021,12,19,6,9771.0,7164.0,5968.0,7634.333333333333,10,3783.0
T11364,U123,2022-04-18,Expense,Food,3783.0,Card,Chennai,Lunch,2022,4,18,0,2857.0,9771.0,7164.0,6597.333333333333,11,3168.0
T11797,U123,2022-05-11,Expense,Food,3168.0,Bank_Transfer,Lucknow,Medicine,2022,5,11,2,3783.0,2857.0,9771.0,5470.333333333333,12,444.0
T2247,U123,2022-09-09,Expense,Others,444.0,Card,Kolkata,...,2022,9,9,4,3168.0,3783.0,2857.0,3269.3333333333335,13,4125.0
T12704,U123,2022-09-30,Expense,Rent,4125.0,Cash,Ahmedabad,Fixed deposit,2022,9,30,4,444.0,3168.0,3783.0,2465.0,14,2756.0
T9106,U123,2022-10-29,Expense,Food,2756.0,Card,Pune,test,2022,10,29,5,4125.0,444.0,3168.0,2579.0,15,2352.0
T7331,U123,2022-12-18,Expense,Education,2352.0,Bank_Transfer,Lucknow,ATM withdrawal,2022,12,18,6,2756.0,4125.0,444.0,2441.6666666666665,16,4565.0
T8321,U123,2023-01-28,Expense,Travel,4565.0,Upi,Ahmedabad,Doctor consultation,2023,1,28,5,2352.0,2756.0,4125.0,3077.6666666666665,17,289.0
T11244,U123,2023-02-06,Expense,Entertainment,289.0,Cash,Delhi,No Notes,2023,2,6,0,4565.0,2352.0,2756.0,3224.3333333333335,18,5876.0
T6061,U123,2023-03-06,Expense,Rent,5876.0,Bank_Transfer,Mumbai,Books,2023,3,6,0,289.0,4565.0,2352.0,2402.0,19,36012.0
T12258,U123,2023-04-14,Income,Salary,36012.0,Cash,Mumbai,Online course,2023,4,14,4,5876.0,289.0,4565.0,3576.6666666666665,20,9474.0
T2158,U123,2023-09-07,Expense,Education,9474.0,Upi,Bangalore,No Notes,2023,9,7,3,36012.0,5876.0,289.0,14059.0,21,2939.0
T9530,U123,2023-09-19,Expense,Utilities,2939.0,Bank_Transfer,Kolkata,No Notes,2023,9,19,1,9474.0,36012.0,5876.0,17120.666666666668,22,2703.0
T8191,U123,2023-10-12,Expense,Entertainment,2703.0,Unknown,Kolkata,Shopping,2023,10,12,3,2939.0,9474.0,36012.0,16141.666666666666,23,38882.0
T9476,U123,2023-10-18,Expense,Rent,38882.0,Upi,Hyderabad,No Notes,2023,10,18,2,2703.0,2939.0,9474.0,5038.666666666667,24,6696.0
T13182,U123,2023-12-02,Expense,Others,6696.0,Bank_Transfer,Unknown,Online course,2023,12,2,5,38882.0,2703.0,2939.0,14841.333333333334,25,5276.0
T12545,U123,2024-05-11,Expense,Rent,5276.0,Cash,Lucknow,Monthly rent payment,2024,5,11,5,6696.0,38882.0,2703.0,16093.666666666666,26,4714.0
T5760,U123,2024-07-30,Expense,Entertainment,4714.0,Card,Unknown,Movie tickets,2024,7,30,1,5276.0,6696.0,38882.0,16951.333333333332,27,6060.0
T10013,U123,2024-11-27,Expense,Rent,6060.0,Bank_Transfer,Pune,...,2024,11,27,2,4714.0,5276.0,6696.0,5562.0,28,8592.0
T1317,U124,2021-03-30,Expense,Savings,8044.0,Card,Jaipur,No Notes,2021,3,30,1,56879.0,30880.0,1663.0,29807.333333333332,3,334.0
T12808,U124,2021-04-29,Expense,Entertainment,334.0,Upi,Unknown,Fixed deposit,2021,4,29,3,8044.0,56879.0,30880.0,31934.333333333332,4,8136.0
T10712,U124,2021-05-15,Expense,Food,8136.0,Upi,Lucknow,Coffee,2021,5,15,5,334.0,8044.0,56879.0,21752.333333333332,5,4241.0
T5843,U124,2021-05-26,Expense,Entertainment,4241.0,Cash,Hyderabad,Grocery shopping,2021,5,26,2,8136.0,334.0,8044.0,5504.666666666667,6,2799.0
T11557,U124,2021-05-27,Expense,Travel,2799.0,Card,Ahmedabad,Restaurant dinner,2021,5,27,3,4241.0,8136.0,334.0,4237.0,7,8998.0
T13347,U124,2021-06-19,Expense,Travel,8998.0,Bank_Transfer,Pune,Uber ride,2021,6,19,5,2799.0,4241.0,8136.0,5058.666666666667,8,9814.0
T11777,U124,2021-06-19,Expense,Utilities,9814.0,Card,Ahmedabad,No Notes,2021,6,19,5,8998.0,2799.0,4241.0,5346.0,9,7612.0
T3858,U124,2021-06-30,Expense,Education,7612.0,Card,Jaipur,Restaurant dinner,2021,6,30,2,9814.0,8998.0,2799.0,7203.666666666667,10,4359.0
T0650,U124,2021-07-18,Expense,Education,4359.0,Bank_Transfer,Lucknow,Uber ride,2021,7,18,6,7612.0,9814.0,8998.0,8808.0,11,41568.0
T6484,U124,2021-07-31,Income,Others,41568.0,Upi,Ahmedabad,misc,2021,7,31,5,4359.0,7612.0,9814.0,7261.666666666667,12,54485.0
T3308,U124,2021-08-27,Income,Freelance,54485.0,Bank_Transfer,Hyderabad,No Notes,2021,8,27,4,41568.0,4359.0,7612.0,17846.333333333332,13,9178.0
T6630,U124,2021-10-18,Expense,Health,9178.0,Card,Lucknow,ATM withdrawal,2021,10,18,0,54485.0,41568.0,4359.0,33470.666666666664,14,9531.0
T0473,U124,2021-10-24,Expense,Health,9531.0,Bank_Transfer,Bangalore,Electricity bill,2021,10,24,6,9178.0,54485.0,41568.0,35077.0,15,921.0
T3649,U124,2021-10-27,Expense,Health,921.0,Bank_Transfer,Jaipur,misc,2021,10,27,2,9531.0,9178.0,54485.0,24398.0,16,5337.0
T3259,U124,2022-01-08,Expense,Travel,5337.0,Cash,Jaipur,asdfgh,2022,1,8,5,921.0,9531.0,9178.0,6543.333333333333,17,5108.0
T9536,U124,2022-02-10,Expense,Entertainment,5108.0,Bank_Transfer,Chennai,Grocery shopping,2022,2,10,3,5337.0,921.0,9531.0,5263.0,18,4577.0
T9947,U124,2022-03-16,Expense,Food,4577.0,Card,Delhi,Electricity bill,2022,3,16,2,5108.0,5337.0,921.0,3788.6666666666665,19,24178.0
T5622,U124,2022-04-28,Income,Freelance,24178.0,Cash,Lucknow,Lunch,2022,4,28,3,4577.0,5108.0,5337.0,5007.333333333333,20,4701.0
T4612,U124,2022-04-30,Expense,Education,4701.0,Bank_Transfer,Chennai,xyz123,2022,4,30,5,24178.0,4577.0,5108.0,11287.666666666666,21,4876.0
T2048,U124,2022-07-13,Expense,Food,4876.0,Card,Jaipur,Medicine,2022,7,13,2,4701.0,24178.0,4577.0,11152.0,22,1408.0
T6538,U124,2022-08-15,Expense,Entertainment,1408.0,Cash,Kolkata,Lunch,2022,8,15,0,4876.0,4701.0,24178.0,11251.666666666666,23,35588.0
T2960,U124,2022-09-05,Expense,Rent,35588.0,Cash,Jaipur,Grocery shopping,2022,9,5,0,1408.0,4876.0,4701.0,3661.6666666666665,24,25148.0
T2129,U124,2022-10-17,Income,Freelance,25148.0,Bank_Transfer,Lucknow,No Notes,2022,10,17,0,35588.0,1408.0,4876.0,13957.333333333334,25,5706.0
T0296,U124,2022-11-29,Expense,Entertainment,5706.0,Cash,Delhi,No Notes,2022,11,29,1,25148.0,35588.0,1408.0,20714.666666666668,26,9652.0
T7232,U124,2022-12-25,Expense,Entertainment,9652.0,Unknown,Unknown,misc,2022,12,25,6,5706.0,25148.0,35588.0,22147.333333333332,27,5791.0
T12874,U124,2023-02-15,Expense,Entertainment,5791.0,Unknown,Chennai,EMI payment,2023,2,15,2,9652.0,5706.0,25148.0,13502.0,28,7821.0
T13533,U124,2023-02-18,Expense,Travel,7821.0,Upi,Jaipur,Fixed deposit,2023,2,18,5,5791.0,9652.0,5706.0,7049.666666666667,29,4270.0
T0230,U124,2023-02-20,Expense,Education,4270.0,Upi,Mumbai,Grocery shopping,2023,2,20,0,7821.0,5791.0,9652.0,7754.666666666667,30,35286.0
T5866,U124,2023-03-04,Income,Salary,35286.0,Upi,Lucknow,Gym membership,2023,3,4,5,4270.0,7821.0,5791.0,5960.666666666667,31,834.0
T2016,U124,2023-05-08,Expense,Travel,834.0,Unknown,Delhi,No Notes,2023,5,8,0,35286.0,4270.0,7821.0,15792.333333333334,32,3748.0
T2266,U124,2023-06-05,Expense,Travel,3748.0,Upi,Mumbai,EMI payment,2023,6,5,0,834.0,35286.0,4270.0,13463.333333333334,33,5203.0
T10756,U124,2023-06-11,Expense,Education,5203.0,Card,Delhi,No Notes,2023,6,11,6,3748.0,834.0,35286.0,13289.333333333334,34,1667.0
T12158,U124,2023-06-22,Expense,Food,1667.0,Card,Unknown,No Notes,2023,6,22,3,5203.0,3748.0,834.0,3261.6666666666665,35,1409.0
T4986,U124,2023-07-04,Expense,Travel,1409.0,Upi,Chennai,xyz123,2023,7,4,1,1667.0,5203.0,3748.0,3539.3333333333335,36,2506.0
T5559,U124,2023-08-06,Expense,Education,2506.0,Cash,Jaipur,No Notes,2023,8,6,6,1409.0,1667.0,5203.0,2759.6666666666665,37,8964.0
T13987,U124,2023-09-08,Expense,Utilities,8964.0,Upi,Lucknow,Grocery shopping,2023,9,8,4,2506.0,1409.0,1667.0,1860.6666666666667,38,1090.0
T8945,U124,2023-10-13,Expense,Utilities,1090.0,Cash,Pune,No Notes,2023,10,13,4,8964.0,2506.0,1409.0,4293.0,39,8640.0
T6605,U124,2023-10-17,Expense,Food,8640.0,Cash,Jaipur,Coffee,2023,10,17,1,1090.0,8964.0,2506.0,4186.666666666667,40,4680.0
T3381,U124,2023-12-03,Expense,Health,4680.0,Cash,Ahmedabad,asdfgh,2023,12,3,6,8640.0,1090.0,8964.0,6231.333333333333,41,7288.0
T6188,U124,2024-01-07,Expense,Entertainment,7288.0,Cash,Pune,asdfgh,2024,1,7,6,4680.0,8640.0,1090.0,4803.333333333333,42,9004.0
T1457,U124,2024-03-19,Expense,Travel,9004.0,Upi,Ahmedabad,Doctor consultation,2024,3,19,1,7288.0,4680.0,8640.0,6869.333333333333,43,1969.0
T12965,U124,2024-05-25,Expense,Food,1969.0,Cash,Jaipur,xyz123,2024,5,25,5,9004.0,7288.0,4680.0,6990.666666666667,44,4802.0
T13420,U125,2021-07-29,Expense,Education,6733.0,Bank_Transfer,Chennai,Books,2021,7,29,3,3045.0,685.0,18032.0,7254.0,3,53234.0
T8041,U125,2021-10-31,Income,Salary,53234.0,Upi,Hyderabad,Monthly rent payment,2021,10,31,6,6733.0,3045.0,685.0,3487.6666666666665,4,8400.0
T12095,U125,2022-03-20,Expense,Savings,8400.0,Upi,Chennai,Petrol,2022,3,20,6,53234.0,6733.0,3045.0,21004.0,5,9867.0
T1460,U125,2022-04-15,Expense,Utilities,9867.0,Upi,Jaipur,Shopping,2022,4,15,4,8400.0,53234.0,6733.0,22789.0,6,2917.0
T2069,U125,2022-04-20,Expense,Food,2917.0,Upi,Chennai,Restaurant dinner,2022,4,20,2,9867.0,8400.0,53234.0,23833.666666666668,7,72998.0
T13578,U125,2022-04-24,Income,Others,72998.0,Card,Ahmedabad,xyz123,2022,4,24,6,2917.0,9867.0,8400.0,7061.333333333333,8,4234.0
T10764,U125,2022-06-03,Expense,Rent,4234.0,Bank_Transfer,Chennai,Gym membership,2022,6,3,4,72998.0,2917.0,9867.0,28594.0,9,1437.0
T3935,U125,2022-06-17,Expense,Food,1437.0,Bank_Transfer,Chennai,No Notes,2022,6,17,4,4234.0,72998.0,2917.0,26716.333333333332,10,3514.0
T7616,U125,2022-06-19,Expense,Food,3514.0,Card,Bangalore,Online course,2022,6,19,6,1437.0,4234.0,72998.0,26223.0,11,66829.0
T13936,U125,2022-06-30,Income,Freelance,66829.0,Cash,Pune,Uber ride,2022,6,30,3,3514.0,1437.0,4234.0,3061.6666666666665,12,7609.0
T2414,U125,2022-08-09,Expense,Travel,7609.0,Upi,Mumbai,No Notes,2022,8,9,1,66829.0,3514.0,1437.0,23926.666666666668,13,6249.0
T2384,U125,2022-08-31,Expense,Travel,6249.0,Bank_Transfer,Unknown,Train ticket,2022,8,31,2,7609.0,66829.0,3514.0,25984.0,14,3152.0
T10271,U125,2022-11-03,Expense,Travel,3152.0,Card,Delhi,Monthly rent payment,2022,11,3,3,6249.0,7609.0,66829.0,26895.666666666668,15,8653.0
T5918,U125,2022-12-09,Expense,Rent,8653.0,Cash,Pune,xyz123,2022,12,9,4,3152.0,6249.0,7609.0,5670.0,16,7127.0
T2133,U125,2022-12-11,Expense,Education,7127.0,Cash,Kolkata,Train ticket,2022,12,11,6,8653.0,3152.0,6249.0,6018.0,17,9581.0
T2375,U125,2022-12-24,Expense,Others,9581.0,Bank_Transfer,Delhi,Petrol,2022,12,24,5,7127.0,8653.0,3152.0,6310.666666666667,18,13881.0
T2390,U125,2023-03-03,Income,Bonus,13881.0,Cash,Pune,Internet bill,2023,3,3,4,9581.0,7127.0,8653.0,8453.666666666666,19,2634.0
T2272,U125,2023-03-08,Expense,Health,2634.0,Card,Kolkata,Lunch,2023,3,8,2,13881.0,9581.0,7127.0,10196.333333333334,20,8623.0
T1262,U125,2023-07-01,Expense,Rent,8623.0,Card,Unknown,ATM withdrawal,2023,7,1,5,2634.0,13881.0,9581.0,8698.666666666666,21,67240.0
T12233,U125,2023-07-17,Income,Freelance,67240.0,Upi,Jaipur,No Notes,2023,7,17,0,8623.0,2634.0,13881.0,8379.333333333334,22,3209.0
T9451,U125,2023-11-13,Expense,Utilities,3209.0,Cash,Hyderabad,Train ticket,2023,11,13,0,67240.0,8623.0,2634.0,26165.666666666668,23,8603.0
T5055,U125,2023-11-23,Expense,Rent,8603.0,Unknown,Ahmedabad,Restaurant dinner,2023,11,23,3,3209.0,67240.0,8623.0,26357.333333333332,24,35329.0
T10890,U125,2024-01-09,Expense,Rent,35329.0,Cash,Chennai,Electricity bill,2024,1,9,1,8603.0,3209.0,67240.0,26350.666666666668,25,1012.0
T12944,U125,2024-01-21,Expense,Utilities,1012.0,Cash,Kolkata,Books,2024,1,21,6,35329.0,8603.0,3209.0,15713.666666666666,26,793.0
T7242,U125,2024-01-21,Expense,Food,793.0,Cash,Kolkata,Shopping,2024,1,21,6,1012.0,35329.0,8603.0,14981.333333333334,27,999999.0
T2589,U125,2024-02-07,Expense,Utilities,999999.0,Unknown,Delhi,Fixed deposit,2024,2,7,2,793.0,1012.0,35329.0,12378.0,28,3873.0
T6222,U125,2024-04-04,Expense,Utilities,3873.0,Card,Ahmedabad,No Notes,2024,4,4,3,999999.0,793.0,1012.0,333934.6666666667,29,1146.0
T6280,U125,2024-05-11,Expense,Rent,1146.0,Card,Chennai,...,2024,5,11,5,3873.0,999999.0,793.0,334888.3333333333,30,9698.0
T3619,U125,2024-09-10,Expense,Travel,9698.0,Cash,Jaipur,Grocery shopping,2024,9,10,1,1146.0,3873.0,999999.0,335006.0,31,4769.0
T2874,U125,2024-09-21,Expense,Utilities,4769.0,Cash,Lucknow,Coffee,2024,9,21,5,9698.0,1146.0,3873.0,4905.666666666667,32,2949.0
T11501,U125,2024-11-14,Expense,Entertainment,2949.0,Bank_Transfer,Delhi,Internet bill,2024,11,14,3,4769.0,9698.0,1146.0,5204.333333333333,33,6358.0
T3850,U125,2024-12-15,Expense,Food,6358.0,Card,Lucknow,Gym membership,2024,12,15,6,2949.0,4769.0,9698.0,5805.333333333333,34,9963.0
T6805,U126,2021-05-16,Expense,Rent,2108.0,Bank_Transfer,Lucknow,!!!,2021,5,16,6,9186.0,8488.0,1131.0,6268.333333333333,3,1841.0
T1705,U126,2021-08-24,Expense,Entertainment,1841.0,Unknown,Chennai,!!!,2021,8,24,1,2108.0,9186.0,8488.0,6594.0,4,196.0
T7588,U126,2021-09-27,Expense,Utilities,196.0,Cash,Bangalore,No Notes,2021,9,27,0,1841.0,2108.0,9186.0,4378.333333333333,5,6959.0
T4030,U126,2021-11-23,Expense,Education,6959.0,Upi,Mumbai,Books,2021,11,23,1,196.0,1841.0,2108.0,1381.6666666666667,6,27197.0
T0191,U126,2022-01-21,Income,Salary,27197.0,Unknown,Delhi,misc,2022,1,21,4,6959.0,196.0,1841.0,2998.6666666666665,7,7663.0
T0727,U126,2022-01-25,Expense,Food,7663.0,Bank_Transfer,Ahmedabad,asdfgh,2022,1,25,1,27197.0,6959.0,196.0,11450.666666666666,8,126.0
T10585,U126,2022-02-17,Expense,Health,126.0,Cash,Unknown,Doctor consultation,2022,2,17,3,7663.0,27197.0,6959.0,13939.666666666666,9,7306.0
T2674,U126,2022-03-22,Expense,Utilities,7306.0,Bank_Transfer,Ahmedabad,No Notes,2022,3,22,1,126.0,7663.0,27197.0,11662.0,10,508.0
T2269,U126,2022-03-27,Expense,Entertainment,508.0,Card,Delhi,xyz123,2022,3,27,6,7306.0,126.0,7663.0,5031.666666666667,11,21948.0
T7407,U126,2022-04-29,Expense,Rent,21948.0,Bank_Transfer,Pune,Fixed deposit,2022,4,29,4,508.0,7306.0,126.0,2646.6666666666665,12,56184.0
T2227,U126,2022-06-24,Income,Others,56184.0,Bank_Transfer,Jaipur,No Notes,2022,6,24,4,21948.0,508.0,7306.0,9920.666666666666,13,8568.0
T5446,U126,2022-07-02,Expense,Entertainment,8568.0,Bank_Transfer,Bangalore,Medicine,2022,7,2,5,56184.0,21948.0,508.0,26213.333333333332,14,129.0
T12421,U126,2022-07-28,Expense,Food,129.0,Cash,Mumbai,EMI payment,2022,7,28,3,8568.0,56184.0,21948.0,28900.0,15,4409.0
T10153,U126,2022-10-01,Expense,Food,4409.0,Cash,Jaipur,Petrol,2022,10,1,5,129.0,8568.0,56184.0,21627.0,16,780.0
T7089,U126,2022-10-03,Expense,Travel,780.0,Bank_Transfer,Pune,test,2022,10,3,0,4409.0,129.0,8568.0,4368.666666666667,17,976.0
T7869,U126,2022-10-17,Expense,Education,976.0,Upi,Jaipur,Internet bill,2022,10,17,0,780.0,4409.0,129.0,1772.6666666666667,18,22865.0
T2047,U126,2022-11-28,Income,Salary,22865.0,Cash,Unknown,No Notes,2022,11,28,0,976.0,780.0,4409.0,2055.0,19,8703.0
T12835,U126,2022-12-15,Expense,Health,8703.0,Upi,Pune,No Notes,2022,12,15,3,22865.0,976.0,780.0,8207.0,20,4706.0
T7146,U126,2023-01-06,Expense,Entertainment,4706.0,Upi,Lucknow,No Notes,2023,1,6,4,8703.0,22865.0,976.0,10848.0,21,9399.0
T11837,U126,2023-01-28,Expense,Food,9399.0,Card,Jaipur,ATM withdrawal,2023,1,28,5,4706.0,8703.0,22865.0,12091.333333333334,22,28322.0
T8011,U126,2023-03-09,Income,Freelance,28322.0,Bank_Transfer,Jaipur,No Notes,2023,3,9,3,9399.0,4706.0,8703.0,7602.666666666667,23,6958.0
T12673,U126,2023-06-12,Expense,Rent,6958.0,Card,Jaipur,Shopping,2023,6,12,0,28322.0,9399.0,4706.0,14142.333333333334,24,57365.0
T11066,U126,2023-06-17,Income,Salary,57365.0,Cash,Ahmedabad,test,2023,6,17,5,6958.0,28322.0,9399.0,14893.0,25,9690.0
T0062,U126,2023-06-28,Expense,Education,9690.0,Upi,Pune,Movie tickets,2023,6,28,2,57365.0,6958.0,28322.0,30881.666666666668,26,8358.0
T6184,U126,2023-07-11,Expense,Rent,8358.0,Unknown,Delhi,Electricity bill,2023,7,11,1,9690.0,57365.0,6958.0,24671.0,27,5765.0
T5691,U126,2023-08-31,Expense,Food,5765.0,Upi,Chennai,No Notes,2023,8,31,3,8358.0,9690.0,57365.0,25137.666666666668,28,5708.0
T12140,U126,2023-09-21,Expense,Travel,5708.0,Upi,Delhi,!!!,2023,9,21,3,5765.0,8358.0,9690.0,7937.666666666667,29,9979.0
T2128,U126,2023-10-18,Expense,Health,9979.0,Upi,Hyderabad,Internet bill,2023,10,18,2,5708.0,5765.0,8358.0,6610.333333333333,30,3466.0
T0770,U126,2023-12-10,Expense,Travel,3466.0,Bank_Transfer,Chennai,Books,2023,12,10,6,9979.0,5708.0,5765.0,7150.666666666667,31,49713.0
T6353,U126,2024-01-13,Income,Freelance,49713.0,Cash,Unknown,test,2024,1,13,5,3466.0,9979.0,5708.0,6384.333333333333,32,8260.0
T7473,U126,2024-03-23,Expense,Rent,8260.0,Cash,Chennai,Fixed deposit,2024,3,23,5,49713.0,3466.0,9979.0,21052.666666666668,33,6872.0
T1347,U126,2024-04-23,Expense,Rent,6872.0,Upi,Bangalore,Grocery shopping,2024,4,23,1,8260.0,49713.0,3466.0,20479.666666666668,34,1316.0
T4640,U126,2024-04-25,Expense,Food,1316.0,Upi,Mumbai,Train ticket,2024,4,25,3,6872.0,8260.0,49713.0,21615.0,35,720.0
T4966,U126,2024-04-27,Expense,Food,720.0,Bank_Transfer,Bangalore,xyz123,2024,4,27,5,1316.0,6872.0,8260.0,5482.666666666667,36,9256.0
T0788,U126,2024-04-30,Expense,Rent,9256.0,Cash,Kolkata,Uber ride,2024,4,30,1,720.0,1316.0,6872.0,2969.3333333333335,37,917.0
T13155,U126,2024-05-24,Expense,Food,917.0,Upi,Unknown,Coffee,2024,5,24,4,9256.0,720.0,1316.0,3764.0,38,4985.0
T2976,U126,2024-07-31,Expense,Travel,4985.0,Bank_Transfer,Lucknow,Train ticket,2024,7,31,2,917.0,9256.0,720.0,3631.0,39,2575.0
T4481,U126,2024-09-14,Expense,Food,2575.0,Bank_Transfer,Pune,EMI payment,2024,9,14,5,4985.0,917.0,9256.0,5052.666666666667,40,5673.0
T7894,U126,2024-09-18,Expense,Travel,5673.0,Card,Ahmedabad,No Notes,2024,9,18,2,2575.0,4985.0,917.0,2825.6666666666665,41,48411.0
T9840,U126,2024-09-24,Expense,Rent,48411.0,Upi,Lucknow,Doctor consultation,2024,9,24,1,5673.0,2575.0,4985.0,4411.0,42,64627.0
T0180,U126,2024-11-03,Income,Others,64627.0,Bank_Transfer,Pune,No Notes,2024,11,3,6,48411.0,5673.0,2575.0,18886.333333333332,43,57103.0
T10094,U126,2024-11-11,Income,Salary,57103.0,Upi,Unknown,Gym membership,2024,11,11,0,64627.0,48411.0,5673.0,39570.333333333336,44,224611.0
T1690,U127,2021-11-02,Expense,Education,2012.0,Card,Unknown,Internet bill,2021,11,2,1,9113.0,3146.0,3444.0,5234.333333333333,3,445.0
T4162,U127,2021-12-27,Expense,Health,445.0,Upi,Ahmedabad,xyz123,2021,12,27,0,2012.0,9113.0,3146.0,4757.0,4,1758.0
T2134,U127,2022-02-17,Expense,Travel,1758.0,Upi,Unknown,No Notes,2022,2,17,3,445.0,2012.0,9113.0,3856.6666666666665,5,3824.0
T3057,U127,2022-02-27,Expense,Utilities,3824.0,Cash,Delhi,Restaurant dinner,2022,2,27,6,1758.0,445.0,2012.0,1405.0,6,6565.0
T5947,U127,2022-03-28,Expense,Utilities,6565.0,Cash,Unknown,ATM withdrawal,2022,3,28,0,3824.0,1758.0,445.0,2009.0,7,7423.0
T12166,U127,2022-04-15,Expense,Utilities,7423.0,Bank_Transfer,Hyderabad,Grocery shopping,2022,4,15,4,6565.0,3824.0,1758.0,4049.0,8,7310.0
T7139,U127,2022-04-22,Expense,Health,7310.0,Cash,Delhi,Fixed deposit,2022,4,22,4,7423.0,6565.0,3824.0,5937.333333333333,9,5832.0
T6745,U127,2022-04-24,Expense,Travel,5832.0,Cash,Pune,Coffee,2022,4,24,6,7310.0,7423.0,6565.0,7099.333333333333,10,40009.0
T12567,U127,2022-05-06,Income,Investment,40009.0,Upi,Ahmedabad,Train ticket,2022,5,6,4,5832.0,7310.0,7423.0,6855.0,11,3774.0
T4949,U127,2022-06-26,Expense,Health,3774.0,Cash,Hyderabad,Train ticket,2022,6,26,6,40009.0,5832.0,7310.0,17717.0,12,5253.0
T9411,U127,2022-09-03,Expense,Food,5253.0,Cash,Pune,Monthly rent payment,2022,9,3,5,3774.0,40009.0,5832.0,16538.333333333332,13,2137.0
T5967,U127,2022-10-20,Expense,Food,2137.0,Cash,Delhi,Medicine,2022,10,20,3,5253.0,3774.0,40009.0,16345.333333333334,14,3980.0
T4064,U127,2023-04-11,Expense,Food,3980.0,Upi,Pune,Petrol,2023,4,11,1,2137.0,5253.0,3774.0,3721.3333333333335,15,36037.0
T5017,U127,2023-11-03,Income,Salary,36037.0,Upi,Ahmedabad,Coffee,2023,11,3,4,3980.0,2137.0,5253.0,3790.0,16,1845.0
T1070,U127,2024-03-02,Expense,Food,1845.0,Bank_Transfer,Hyderabad,...,2024,3,2,5,36037.0,3980.0,2137.0,14051.333333333334,17,37975.0
T11158,U127,2024-03-11,Income,Bonus,37975.0,Card,Delhi,...,2024,3,11,0,1845.0,36037.0,3980.0,13954.0,18,285939.0
T7369,U127,2024-06-15,Income,Bonus,285939.0,Cash,Mumbai,Electricity bill,2024,6,15,5,37975.0,1845.0,36037.0,25285.666666666668,19,3629.0
T5893,U127,2024-06-16,Expense,Food,3629.0,Unknown,Mumbai,misc,2024,6,16,6,285939.0,37975.0,1845.0,108586.33333333333,20,1635.0
T12445,U127,2024-10-14,Expense,Travel,1635.0,Cash,Delhi,ATM withdrawal,2024,10,14,0,3629.0,285939.0,37975.0,109181.0,21,6574.0
T13825,U127,2024-11-17,Expense,Food,6574.0,Upi,Delhi,Petrol,2024,11,17,6,1635.0,3629.0,285939.0,97067.66666666667,22,1113.0
T0776,U128,2021-03-16,Expense,Food,6856.0,Unknown,Mumbai,Books,2021,3,16,1,2969.0,116.0,1095.0,1393.3333333333333,3,8041.0
T0045,U128,2021-04-16,Expense,Rent,8041.0,Card,Mumbai,!!!,2021,4,16,4,6856.0,2969.0,116.0,3313.6666666666665,4,1323.0
T10711,U128,2021-04-27,Expense,Savings,1323.0,Upi,Unknown,No Notes,2021,4,27,1,8041.0,6856.0,2969.0,5955.333333333333,5,57527.0
T6340,U128,2021-06-19,Income,Salary,57527.0,Card,Bangalore,No Notes,2021,6,19,5,1323.0,8041.0,6856.0,5406.666666666667,6,28527.0
T1411,U128,2021-07-15,Income,Salary,28527.0,Upi,Jaipur,Online course,2021,7,15,3,57527.0,1323.0,8041.0,22297.0,7,2804.0
T9203,U128,2021-07-26,Expense,Travel,2804.0,Upi,Bangalore,ATM withdrawal,2021,7,26,0,28527.0,57527.0,1323.0,29125.666666666668,8,2678.0
T0888,U128,2021-08-24,Expense,Utilities,2678.0,Bank_Transfer,Bangalore,Electricity bill,2021,8,24,1,2804.0,28527.0,57527.0,29619.333333333332,9,999999.0
T2183,U128,2021-08-26,Expense,Travel,999999.0,Upi,Mumbai,Petrol,2021,8,26,3,2678.0,2804.0,28527.0,11336.333333333334,10,7052.0
T5353,U128,2021-08-28,Expense,Entertainment,7052.0,Card,Delhi,No Notes,2021,8,28,5,999999.0,2678.0,2804.0,335160.3333333333,11,2556.0
T6071,U128,2021-09-11,Expense,Food,2556.0,Card,Unknown,No Notes,2021,9,11,5,7052.0,999999.0,2678.0,336576.3333333333,12,6484.0
T10267,U128,2021-10-19,Expense,Rent,6484.0,Upi,Jaipur,Fixed deposit,2021,10,19,1,2556.0,7052.0,999999.0,336535.6666666667,13,5021.0
T10729,U128,2021-11-20,Expense,Rent,5021.0,Card,Delhi,misc,2021,11,20,5,6484.0,2556.0,7052.0,5364.0,14,43218.0
T10579,U128,2022-01-09,Income,Others,43218.0,Upi,Delhi,Shopping,2022,1,9,6,5021.0,6484.0,2556.0,4687.0,15,3124.0
T13500,U128,2022-03-21,Expense,Food,3124.0,Bank_Transfer,Ahmedabad,...,2022,3,21,0,43218.0,5021.0,6484.0,18241.0,16,4096.0
T4912,U128,2022-04-07,Expense,Food,4096.0,Cash,Ahmedabad,test,2022,4,7,3,3124.0,43218.0,5021.0,17121.0,17,20238.0
T9065,U128,2022-04-21,Income,Bonus,20238.0,Upi,Jaipur,Monthly rent payment,2022,4,21,3,4096.0,3124.0,43218.0,16812.666666666668,18,5138.0
T6735,U128,2022-05-03,Expense,Entertainment,5138.0,Card,Mumbai,Train ticket,2022,5,3,1,20238.0,4096.0,3124.0,9152.666666666666,19,8945.0
T8613,U128,2022-05-06,Expense,Health,8945.0,Upi,Jaipur,No Notes,2022,5,6,4,5138.0,20238.0,4096.0,9824.0,20,4736.0
T6634,U128,2022-08-05,Expense,Entertainment,4736.0,Unknown,Jaipur,Internet bill,2022,8,5,4,8945.0,5138.0,20238.0,11440.333333333334,21,77493.0
T1500,U128,2022-10-06,Income,Others,77493.0,Upi,Pune,Restaurant dinner,2022,10,6,3,4736.0,8945.0,5138.0,6273.0,22,5560.0
T8753,U128,2022-10-31,Expense,Travel,5560.0,Upi,Mumbai,Fixed deposit,2022,10,31,0,77493.0,4736.0,8945.0,30391.333333333332,23,3386.0
T6093,U128,2022-11-25,Expense,Education,3386.0,Cash,Kolkata,EMI payment,2022,11,25,4,5560.0,77493.0,4736.0,29263.0,24,3287.0
T11730,U128,2023-02-11,Expense,Food,3287.0,Cash,Chennai,ATM withdrawal,2023,2,11,5,3386.0,5560.0,77493.0,28813.0,25,1794.0
T1289,U128,2023-02-15,Expense,Food,1794.0,Upi,Chennai,Online course,2023,2,15,2,3287.0,3386.0,5560.0,4077.6666666666665,26,5845.0
T1712,U128,2023-02-23,Expense,Rent,5845.0,Upi,Pune,xyz123,2023,2,23,3,1794.0,3287.0,3386.0,2822.3333333333335,27,2532.0
T7656,U128,2023-04-07,Expense,Food,2532.0,Upi,Unknown,Movie tickets,2023,4,7,4,5845.0,1794.0,3287.0,3642.0,28,42939.0
T7008,U128,2023-04-29,Expense,Rent,42939.0,Cash,Mumbai,No Notes,2023,4,29,5,2532.0,5845.0,1794.0,3390.3333333333335,29,7101.0
T4147,U128,2023-05-09,Expense,Food,7101.0,Cash,Delhi,Shopping,2023,5,9,1,42939.0,2532.0,5845.0,17105.333333333332,30,35731.0
T5544,U128,2023-11-08,Expense,Rent,35731.0,Upi,Mumbai,xyz123,2023,11,8,2,7101.0,42939.0,2532.0,17524.0,31,865.0
T13128,U128,2023-11-14,Expense,Health,865.0,Bank_Transfer,Lucknow,Train ticket,2023,11,14,1,35731.0,7101.0,42939.0,28590.333333333332,32,44729.0
T6774,U128,2023-11-23,Income,Bonus,44729.0,Upi,Kolkata,EMI payment,2023,11,23,3,865.0,35731.0,7101.0,14565.666666666666,33,6823.0
T10481,U128,2024-09-03,Expense,Travel,6823.0,Upi,Jaipur,Lunch,2024,9,3,1,44729.0,865.0,35731.0,27108.333333333332,34,20102.0
T5986,U128,2024-11-03,Income,Bonus,20102.0,Bank_Transfer,Ahmedabad,No Notes,2024,11,3,6,6823.0,44729.0,865.0,17472.333333333332,35,693.0
T3387,U129,2021-09-01,Income,Others,25243.0,Card,Unknown,Shopping,2021,9,1,2,8549.0,12151.0,6905.0,9201.666666666666,3,825.0
T6071,U129,2021-09-13,Expense,Utilities,825.0,Bank_Transfer,Mumbai,ATM withdrawal,2021,9,13,0,25243.0,8549.0,12151.0,15314.333333333334,4,8842.0
T2799,U129,2021-10-21,Expense,Education,8842.0,Upi,Ahmedabad,Internet bill,2021,10,21,3,825.0,25243.0,8549.0,11539.0,5,2456.0
T5163,U129,2022-03-13,Expense,Health,2456.0,Bank_Transfer,Pune,test,2022,3,13,6,8842.0,825.0,25243.0,11636.666666666666,6,6819.0
T11553,U129,2022-03-30,Expense,Savings,6819.0,Cash,Kolkata,Shopping,2022,3,30,2,2456.0,8842.0,825.0,4041.0,7,8847.0
T13217,U129,2022-05-25,Expense,Savings,8847.0,Bank_Transfer,Mumbai,Online course,2022,5,25,2,6819.0,2456.0,8842.0,6039.0,8,4120.0
T6042,U129,2022-07-05,Expense,Food,4120.0,Upi,Pune,Coffee,2022,7,5,1,8847.0,6819.0,2456.0,6040.666666666667,9,6799.0
T5011,U129,2022-07-16,Expense,Travel,6799.0,Card,Bangalore,Restaurant dinner,2022,7,16,5,4120.0,8847.0,6819.0,6595.333333333333,10,47971.0
T0833,U129,2022-07-19,Income,Salary,47971.0,Upi,Chennai,Books,2022,7,19,1,6799.0,4120.0,8847.0,6588.666666666667,11,1611.0
T11073,U129,2022-07-25,Expense,Travel,1611.0,Cash,Pune,No Notes,2022,7,25,0,47971.0,6799.0,4120.0,19630.0,12,6937.0
T12083,U129,2022-08-01,Expense,Education,6937.0,Cash,Ahmedabad,No Notes,2022,8,1,0,1611.0,47971.0,6799.0,18793.666666666668,13,2533.0
T3201,U129,2022-08-11,Expense,Food,2533.0,Upi,Lucknow,Online course,2022,8,11,3,6937.0,1611.0,47971.0,18839.666666666668,14,1373.0
T10736,U129,2022-08-18,Expense,Food,1373.0,Bank_Transfer,Pune,Electricity bill,2022,8,18,3,2533.0,6937.0,1611.0,3693.6666666666665,15,1956.0
T5241,U129,2022-12-01,Expense,Health,1956.0,Card,Delhi,Gym membership,2022,12,1,3,1373.0,2533.0,6937.0,3614.3333333333335,16,59790.0
T0653,U129,2023-02-06,Income,Bonus,59790.0,Upi,Chennai,Shopping,2023,2,6,0,1956.0,1373.0,2533.0,1954.0,17,2399.0
T0222,U129,2023-03-24,Expense,Entertainment,2399.0,Card,Mumbai,Gym membership,2023,3,24,4,59790.0,1956.0,1373.0,21039.666666666668,18,2719.0
T10649,U129,2023-06-24,Expense,Food,2719.0,Bank_Transfer,Bangalore,Petrol,2023,6,24,5,2399.0,59790.0,1956.0,21381.666666666668,19,8780.0
T9063,U129,2023-06-25,Expense,Travel,8780.0,Cash,Lucknow,Books,2023,6,25,6,2719.0,2399.0,59790.0,21636.0,20,1433.0
T13876,U129,2023-07-07,Expense,Rent,1433.0,Card,Bangalore,!!!,2023,7,7,4,8780.0,2719.0,2399.0,4632.666666666667,21,7048.0
T12817,U129,2023-07-30,Expense,Utilities,7048.0,Unknown,Mumbai,No Notes,2023,7,30,6,1433.0,8780.0,2719.0,4310.666666666667,22,122.0
T9100,U129,2023-10-04,Expense,Food,122.0,Unknown,Mumbai,Uber ride,2023,10,4,2,7048.0,1433.0,8780.0,5753.666666666667,23,8846.0
T12033,U129,2023-10-12,Expense,Entertainment,8846.0,Bank_Transfer,Hyderabad,Shopping,2023,10,12,3,122.0,7048.0,1433.0,2867.6666666666665,24,4990.0
T10419,U129,2023-11-06,Expense,Food,4990.0,Bank_Transfer,Chennai,Doctor consultation,2023,11,6,0,8846.0,122.0,7048.0,5338.666666666667,25,26382.0
T10145,U129,2023-12-08,Income,Others,26382.0,Upi,Jaipur,asdfgh,2023,12,8,4,4990.0,8846.0,122.0,4652.666666666667,26,33748.0
T10114,U129,2024-01-14,Expense,Rent,33748.0,Upi,Delhi,No Notes,2024,1,14,6,26382.0,4990.0,8846.0,13406.0,27,3980.0
T4952,U129,2024-02-24,Expense,Rent,3980.0,Bank_Transfer,Chennai,Uber ride,2024,2,24,5,33748.0,26382.0,4990.0,21706.666666666668,28,28176.0
T7468,U129,2024-03-02,Expense,Rent,28176.0,Upi,Hyderabad,EMI payment,2024,3,2,5,3980.0,33748.0,26382.0,21370.0,29,2919.0
T8182,U129,2024-03-20,Expense,Utilities,2919.0,Card,Chennai,Electricity bill,2024,3,20,2,28176.0,3980.0,33748.0,21968.0,30,6832.0
T5287,U129,2024-04-11,Expense,Entertainment,6832.0,Cash,Jaipur,Fixed deposit,2024,4,11,3,2919.0,28176.0,3980.0,11691.666666666666,31,4212.0
T10529,U129,2024-04-14,Expense,Rent,4212.0,Bank_Transfer,Hyderabad,Doctor consultation,2024,4,14,6,6832.0,2919.0,28176.0,12642.333333333334,32,23498.0
T4542,U129,2024-08-15,Income,Salary,23498.0,Cash,Hyderabad,Lunch,2024,8,15,3,4212.0,6832.0,2919.0,4654.333333333333,33,38533.0
T8033,U129,2024-09-05,Income,Salary,38533.0,Unknown,Ahmedabad,No Notes,2024,9,5,3,23498.0,4212.0,6832.0,11514.0,34,2345.0
T6141,U129,2024-09-16,Expense,Travel,2345.0,Bank_Transfer,Kolkata,Monthly rent payment,2024,9,16,0,38533.0,23498.0,4212.0,22081.0,35,3624.0
T1692,U129,2024-09-24,Expense,Utilities,3624.0,Card,Bangalore,test,2024,9,24,1,2345.0,38533.0,23498.0,21458.666666666668,36,3229.0
T5879,U130,2021-05-21,Expense,Food,4649.0,Upi,Bangalore,Petrol,2021,5,21,4,4144.0,770.0,4771.0,3228.3333333333335,3,8312.0
T11260,U130,2021-05-23,Expense,Food,8312.0,Cash,Ahmedabad,No Notes,2021,5,23,6,4649.0,4144.0,770.0,3187.6666666666665,4,9056.0
T7178,U130,2021-05-28,Expense,Rent,9056.0,Card,Kolkata,Monthly rent payment,2021,5,28,4,8312.0,4649.0,4144.0,5701.666666666667,5,8532.0
T4146,U130,2021-07-06,Expense,Entertainment,8532.0,Card,Ahmedabad,Grocery shopping,2021,7,6,1,9056.0,8312.0,4649.0,7339.0,6,4356.0
T6504,U130,2021-07-26,Expense,Food,4356.0,Upi,Bangalore,No Notes,2021,7,26,0,8532.0,9056.0,8312.0,8633.333333333334,7,12387.0
T3495,U130,2021-08-21,Income,Others,12387.0,Upi,Lucknow,Monthly rent payment,2021,8,21,5,4356.0,8532.0,9056.0,7314.666666666667,8,6776.0
T0411,U130,2021-08-24,Expense,Entertainment,6776.0,Unknown,Lucknow,Movie tickets,2021,8,24,1,12387.0,4356.0,8532.0,8425.0,9,8910.0
T9875,U130,2021-09-28,Expense,Rent,8910.0,Card,Unknown,Fixed deposit,2021,9,28,1,6776.0,12387.0,4356.0,7839.666666666667,10,4585.0
T9543,U130,2021-10-12,Expense,Rent,4585.0,Card,Unknown,No Notes,2021,10,12,1,8910.0,6776.0,12387.0,9357.666666666666,11,6398.0
T9162,U130,2021-12-14,Expense,Entertainment,6398.0,Bank_Transfer,Lucknow,Doctor consultation,2021,12,14,1,4585.0,8910.0,6776.0,6757.0,12,8143.0
T6793,U130,2021-12-17,Expense,Travel,8143.0,Upi,Hyderabad,Electricity bill,2021,12,17,4,6398.0,4585.0,8910.0,6631.0,13,20656.0
T4918,U130,2022-05-01,Expense,Rent,20656.0,Card,Kolkata,No Notes,2022,5,1,6,8143.0,6398.0,4585.0,6375.333333333333,14,15269.0
T5280,U130,2022-05-08,Expense,Rent,15269.0,Card,Unknown,No Notes,2022,5,8,6,20656.0,8143.0,6398.0,11732.333333333334,15,310817.0
T1953,U130,2022-05-20,Income,Bonus,310817.0,Cash,Lucknow,Lunch,2022,5,20,4,15269.0,20656.0,8143.0,14689.333333333334,16,9363.0
T3255,U130,2022-06-26,Expense,Others,9363.0,Bank_Transfer,Kolkata,asdfgh,2022,6,26,6,310817.0,15269.0,20656.0,115580.66666666667,17,6260.0
T3349,U130,2022-08-02,Expense,Utilities,6260.0,Card,Mumbai,Electricity bill,2022,8,2,1,9363.0,310817.0,15269.0,111816.33333333333,18,54209.0
T7117,U130,2022-08-28,Income,Others,54209.0,Cash,Pune,Electricity bill,2022,8,28,6,6260.0,9363.0,310817.0,108813.33333333333,19,47161.0
T7632,U130,2022-10-04,Expense,Rent,47161.0,Bank_Transfer,Ahmedabad,Monthly rent payment,2022,10,4,1,54209.0,6260.0,9363.0,23277.333333333332,20,7211.0
T3569,U130,2022-10-24,Expense,Travel,7211.0,Cash,Jaipur,Gym membership,2022,10,24,0,47161.0,54209.0,6260.0,35876.666666666664,21,6196.0
T9291,U130,2022-11-19,Expense,Food,6196.0,Bank_Transfer,Jaipur,No Notes,2022,11,19,5,7211.0,47161.0,54209.0,36193.666666666664,22,3035.0
T5054,U130,2023-02-19,Expense,Travel,3035.0,Card,Delhi,Fixed deposit,2023,2,19,6,6196.0,7211.0,47161.0,20189.333333333332,23,4971.0
T8923,U130,2023-04-17,Expense,Utilities,4971.0,Unknown,Kolkata,Electricity bill,2023,4,17,0,3035.0,6196.0,7211.0,5480.666666666667,24,8766.0
T11817,U130,2023-05-31,Expense,Travel,8766.0,Upi,Kolkata,Medicine,2023,5,31,2,4971.0,3035.0,6196.0,4734.0,25,6631.0
T6803,U130,2023-06-05,Expense,Utilities,6631.0,Bank_Transfer,Bangalore,Grocery shopping,2023,6,5,0,8766.0,4971.0,3035.0,5590.666666666667,26,22327.0
T2094,U130,2023-07-14,Income,Salary,22327.0,Unknown,Pune,Online course,2023,7,14,4,6631.0,8766.0,4971.0,6789.333333333333,27,5749.0
T7793,U130,2023-08-07,Expense,Entertainment,5749.0,Upi,Mumbai,xyz123,2023,8,7,0,22327.0,6631.0,8766.0,12574.666666666666,28,3367.0
T11046,U130,2023-08-11,Expense,Utilities,3367.0,Cash,Chennai,Books,2023,8,11,4,5749.0,22327.0,6631.0,11569.0,29,61333.0
T6300,U130,2023-09-08,Income,Freelance,61333.0,Card,Jaipur,Grocery shopping,2023,9,8,4,3367.0,5749.0,22327.0,10481.0,30,5774.0
T8743,U130,2023-09-11,Expense,Rent,5774.0,Bank_Transfer,Jaipur,Coffee,2023,9,11,0,61333.0,3367.0,5749.0,23483.0,31,63860.0
T2764,U130,2023-10-01,Income,Investment,63860.0,Upi,Hyderabad,Fixed deposit,2023,10,1,6,5774.0,61333.0,3367.0,23491.333333333332,32,6715.0
T0570,U130,2023-12-13,Expense,Utilities,6715.0,Card,Ahmedabad,No Notes,2023,12,13,2,63860.0,5774.0,61333.0,43655.666666666664,33,6016.0
T12176,U130,2023-12-17,Expense,Food,6016.0,Bank_Transfer,Chennai,No Notes,2023,12,17,6,6715.0,63860.0,5774.0,25449.666666666668,34,4656.0
T1997,U130,2023-12-22,Expense,Utilities,4656.0,Bank_Transfer,Pune,Electricity bill,2023,12,22,4,6016.0,6715.0,63860.0,25530.333333333332,35,1048.0
T13692,U130,2023-12-25,Expense,Utilities,1048.0,Bank_Transfer,Hyderabad,Movie tickets,2023,12,25,0,4656.0,6016.0,6715.0,5795.666666666667,36,9177.0
T0694,U130,2024-01-02,Expense,Utilities,9177.0,Cash,Ahmedabad,...,2024,1,2,1,1048.0,4656.0,6016.0,3906.6666666666665,37,78084.0
T0478,U130,2024-01-20,Income,Freelance,78084.0,Bank_Transfer,Hyderabad,No Notes,2024,1,20,5,9177.0,1048.0,4656.0,4960.333333333333,38,6734.0
T7786,U130,2024-02-15,Expense,Travel,6734.0,Upi,Pune,Electricity bill,2024,2,15,3,78084.0,9177.0,1048.0,29436.333333333332,39,1537.0
T6084,U130,2024-03-16,Expense,Food,1537.0,Upi,Jaipur,Online course,2024,3,16,5,6734.0,78084.0,9177.0,31331.666666666668,40,59192.0
T12680,U130,2024-03-20,Income,Others,59192.0,Upi,Mumbai,Lunch,2024,3,20,2,1537.0,6734.0,78084.0,28785.0,41,4406.0
T7860,U130,2024-06-10,Expense,Travel,4406.0,Upi,Bangalore,Electricity bill,2024,6,10,0,59192.0,1537.0,6734.0,22487.666666666668,42,14969.0
T8416,U130,2024-06-13,Income,Freelance,14969.0,Bank_Transfer,Lucknow,Fixed deposit,2024,6,13,3,4406.0,59192.0,1537.0,21711.666666666668,43,4424.0
T9007,U130,2024-06-18,Expense,Food,4424.0,Upi,Delhi,No Notes,2024,6,18,1,14969.0,4406.0,59192.0,26189.0,44,4780.0
T3090,U130,2024-06-30,Expense,Food,4780.0,Bank_Transfer,Jaipur,Grocery shopping,2024,6,30,6,4424.0,14969.0,4406.0,7933.0,45,967.0
T8158,U130,2024-12-21,Expense,Food,967.0,Card,Bangalore,Internet bill,2024,12,21,5,4780.0,4424.0,14969.0,8057.666666666667,46,970.0
T6757,U130,2024-12-22,Expense,Food,970.0,Cash,Chennai,Fixed deposit,2024,12,22,6,967.0,4780.0,4424.0,3390.3333333333335,47,6428.0
T11657,U131,2021-02-12,Expense,Rent,16334.0,Card,Lucknow,No Notes,2021,2,12,4,4960.0,9248.0,9915.0,8041.0,3,8737.0
T1839,U131,2021-02-15,Expense,Food,8737.0,Card,Pune,No Notes,2021,2,15,0,16334.0,4960.0,9248.0,10180.666666666666,4,45898.0
T3208,U131,2021-06-11,Income,Others,45898.0,Cash,Chennai,Medicine,2021,6,11,4,8737.0,16334.0,4960.0,10010.333333333334,5,7752.0
T7830,U131,2021-07-08,Expense,Rent,7752.0,Cash,Kolkata,Internet bill,2021,7,8,3,45898.0,8737.0,16334.0,23656.333333333332,6,3056.0
T2819,U131,2021-07-19,Expense,Utilities,3056.0,Card,Bangalore,Shopping,2021,7,19,0,7752.0,45898.0,8737.0,20795.666666666668,7,1370.0
T13588,U131,2021-09-25,Expense,Rent,1370.0,Card,Delhi,Lunch,2021,9,25,5,3056.0,7752.0,45898.0,18902.0,8,8777.0
T5220,U131,2021-10-18,Expense,Rent,8777.0,Bank_Transfer,Chennai,Lunch,2021,10,18,0,1370.0,3056.0,7752.0,4059.3333333333335,9,5011.0
T12527,U131,2021-11-27,Expense,Entertainment,5011.0,Card,Chennai,asdfgh,2021,11,27,5,8777.0,1370.0,3056.0,4401.0,10,5681.0
T6133,U131,2022-03-02,Expense,Utilities,5681.0,Bank_Transfer,Bangalore,Restaurant dinner,2022,3,2,2,5011.0,8777.0,1370.0,5052.666666666667,11,7766.0
T4309,U131,2022-03-17,Expense,Rent,7766.0,Bank_Transfer,Pune,xyz123,2022,3,17,3,5681.0,5011.0,8777.0,6489.666666666667,12,2783.0
T5441,U131,2022-03-26,Expense,Food,2783.0,Bank_Transfer,Lucknow,ATM withdrawal,2022,3,26,5,7766.0,5681.0,5011.0,6152.666666666667,13,999999.0
T12040,U131,2022-04-11,Expense,Utilities,999999.0,Unknown,Kolkata,Restaurant dinner,2022,4,11,0,2783.0,7766.0,5681.0,5410.0,14,2707.0
T7065,U131,2022-04-30,Expense,Food,2707.0,Upi,Pune,asdfgh,2022,4,30,5,999999.0,2783.0,7766.0,336849.3333333333,15,7769.0
T4885,U131,2022-05-18,Expense,Travel,7769.0,Card,Chennai,misc,2022,5,18,2,2707.0,999999.0,2783.0,335163.0,16,6108.0
T4947,U131,2022-06-11,Expense,Education,6108.0,Bank_Transfer,Jaipur,ATM withdrawal,2022,6,11,5,7769.0,2707.0,999999.0,336825.0,17,2654.0
T13310,U131,2022-06-20,Expense,Education,2654.0,Unknown,Bangalore,Lunch,2022,6,20,0,6108.0,7769.0,2707.0,5528.0,18,7074.0
T4910,U131,2022-06-26,Expense,Travel,7074.0,Upi,Chennai,Train ticket,2022,6,26,6,2654.0,6108.0,7769.0,5510.333333333333,19,642.0
T13472,U131,2022-07-04,Expense,Others,642.0,Card,Pune,test,2022,7,4,0,7074.0,2654.0,6108.0,5278.666666666667,20,46846.0
T12313,U131,2022-07-08,Income,Freelance,46846.0,Unknown,Unknown,No Notes,2022,7,8,4,642.0,7074.0,2654.0,3456.6666666666665,21,667.0
T10169,U131,2022-07-31,Expense,Health,667.0,Cash,Mumbai,Uber ride,2022,7,31,6,46846.0,642.0,7074.0,18187.333333333332,22,4988.0
T7112,U131,2022-08-11,Expense,Entertainment,4988.0,Bank_Transfer,Pune,No Notes,2022,8,11,3,667.0,46846.0,642.0,16051.666666666666,23,9872.0
T2231,U131,2022-08-29,Expense,Health,9872.0,Card,Lucknow,Internet bill,2022,8,29,0,4988.0,667.0,46846.0,17500.333333333332,24,8740.0
T12788,U131,2022-09-14,Expense,Travel,8740.0,Unknown,Kolkata,Electricity bill,2022,9,14,2,9872.0,4988.0,667.0,5175.666666666667,25,5762.0
T2528,U131,2022-09-26,Expense,Food,5762.0,Bank_Transfer,Mumbai,Monthly rent payment,2022,9,26,0,8740.0,9872.0,4988.0,7866.666666666667,26,9110.0
T9167,U131,2022-11-25,Expense,Rent,9110.0,Upi,Jaipur,Doctor consultation,2022,11,25,4,5762.0,8740.0,9872.0,8124.666666666667,27,8929.0
T11176,U131,2023-02-03,Expense,Travel,8929.0,Cash,Ahmedabad,...,2023,2,3,4,9110.0,5762.0,8740.0,7870.666666666667,28,922.0
T1844,U131,2023-02-04,Expense,Utilities,922.0,Card,Chennai,No Notes,2023,2,4,5,8929.0,9110.0,5762.0,7933.666666666667,29,303.0
T6643,U131,2023-03-12,Expense,Education,303.0,Cash,Unknown,ATM withdrawal,2023,3,12,6,922.0,8929.0,9110.0,6320.333333333333,30,50775.0
T13147,U131,2023-03-17,Income,Freelance,50775.0,Upi,Ahmedabad,test,2023,3,17,4,303.0,922.0,8929.0,3384.6666666666665,31,4558.0
T3123,U131,2023-04-03,Expense,Entertainment,4558.0,Bank_Transfer,Pune,Doctor consultation,2023,4,3,0,50775.0,303.0,922.0,17333.333333333332,32,9589.0
T10163,U131,2023-05-17,Expense,Rent,9589.0,Cash,Kolkata,Fixed deposit,2023,5,17,2,4558.0,50775.0,303.0,18545.333333333332,33,9268.0
T10919,U131,2023-05-23,Expense,Utilities,9268.0,Cash,Lucknow,Coffee,2023,5,23,1,9589.0,4558.0,50775.0,21640.666666666668,34,9887.0
T3822,U131,2023-06-02,Expense,Utilities,9887.0,Cash,Pune,Uber ride,2023,6,2,4,9268.0,9589.0,4558.0,7805.0,35,4916.0
T12306,U131,2023-06-30,Expense,Entertainment,4916.0,Upi,Delhi,Movie tickets,2023,6,30,4,9887.0,9268.0,9589.0,9581.333333333334,36,5947.0
T7343,U131,2023-09-15,Expense,Travel,5947.0,Card,Lucknow,Movie tickets,2023,9,15,4,4916.0,9887.0,9268.0,8023.666666666667,37,8927.0
T3545,U131,2023-09-22,Expense,Food,8927.0,Cash,Unknown,!!!,2023,9,22,4,5947.0,4916.0,9887.0,6916.666666666667,38,3573.0
T9976,U131,2023-10-14,Expense,Utilities,3573.0,Upi,Unknown,asdfgh,2023,10,14,5,8927.0,5947.0,4916.0,6596.666666666667,39,8719.0
T12549,U131,2024-01-05,Expense,Entertainment,8719.0,Unknown,Bangalore,No Notes,2024,1,5,4,3573.0,8927.0,5947.0,6149.0,40,6560.0
T4791,U131,2024-03-06,Expense,Others,6560.0,Bank_Transfer,Jaipur,misc,2024,3,6,2,8719.0,3573.0,8927.0,7073.0,41,4796.0
T2394,U131,2024-04-13,Expense,Education,4796.0,Cash,Pune,Books,2024,4,13,5,6560.0,8719.0,3573.0,6284.0,42,8063.0
T7388,U131,2024-06-04,Expense,Entertainment,8063.0,Unknown,Chennai,No Notes,2024,6,4,1,4796.0,6560.0,8719.0,6691.666666666667,43,76448.0
T8049,U131,2024-07-17,Income,Others,76448.0,Card,Pune,No Notes,2024,7,17,2,8063.0,4796.0,6560.0,6473.0,44,538.0
T1730,U131,2024-09-02,Expense,Rent,538.0,Upi,Lucknow,Books,2024,9,2,0,76448.0,8063.0,4796.0,29769.0,45,56023.0
T12787,U131,2024-11-03,Income,Salary,56023.0,Cash,Mumbai,Uber ride,2024,11,3,6,538.0,76448.0,8063.0,28349.666666666668,46,17251.0
T13776,U131,2024-11-12,Income,Bonus,17251.0,Upi,Unknown,asdfgh,2024,11,12,1,56023.0,538.0,76448.0,44336.333333333336,47,8102.0
T3326,U132,2021-09-09,Expense,Savings,2670.0,Bank_Transfer,Hyderabad,No Notes,2021,9,9,3,268.0,6147.0,61112.0,22509.0,3,34506.0
T2748,U132,2021-10-05,Income,Investment,34506.0,Card,Pune,No Notes,2021,10,5,1,2670.0,268.0,6147.0,3028.3333333333335,4,1824.0
T0675,U132,2021-10-20,Expense,Food,1824.0,Upi,Ahmedabad,Lunch,2021,10,20,2,34506.0,2670.0,268.0,12481.333333333334,5,7509.0
T13710,U132,2021-12-28,Expense,Health,7509.0,Upi,Pune,Uber ride,2021,12,28,1,1824.0,34506.0,2670.0,13000.0,6,2264.0
T5271,U132,2022-01-01,Expense,Food,2264.0,Bank_Transfer,Lucknow,Lunch,2022,1,1,5,7509.0,1824.0,34506.0,14613.0,7,34555.0
T12185,U132,2022-05-22,Expense,Rent,34555.0,Upi,Jaipur,Uber ride,2022,5,22,6,2264.0,7509.0,1824.0,3865.6666666666665,8,5612.0
T6780,U132,2022-06-03,Expense,Health,5612.0,Bank_Transfer,Bangalore,Electricity bill,2022,6,3,4,34555.0,2264.0,7509.0,14776.0,9,247.0
T4003,U132,2022-07-30,Expense,Food,247.0,Upi,Hyderabad,Lunch,2022,7,30,5,5612.0,34555.0,2264.0,14143.666666666666,10,7586.0
T3184,U132,2022-08-15,Expense,Savings,7586.0,Bank_Transfer,Ahmedabad,Coffee,2022,8,15,0,247.0,5612.0,34555.0,13471.333333333334,11,5714.0
T11823,U132,2022-09-09,Expense,Savings,5714.0,Bank_Transfer,Kolkata,!!!,2022,9,9,4,7586.0,247.0,5612.0,4481.666666666667,12,16967.0
T5021,U132,2022-09-13,Income,Bonus,16967.0,Cash,Lucknow,!!!,2022,9,13,1,5714.0,7586.0,247.0,4515.666666666667,13,6082.0
T11937,U132,2022-09-29,Expense,Food,6082.0,Cash,Unknown,Petrol,2022,9,29,3,16967.0,5714.0,7586.0,10089.0,14,1461.0
T7605,U132,2022-10-01,Expense,Entertainment,1461.0,Upi,Jaipur,Electricity bill,2022,10,1,5,6082.0,16967.0,5714.0,9587.666666666666,15,41374.0
T7491,U132,2022-11-22,Expense,Rent,41374.0,Upi,Kolkata,Shopping,2022,11,22,1,1461.0,6082.0,16967.0,8170.0,16,7375.0
T13565,U132,2022-12-17,Expense,Travel,7375.0,Cash,Kolkata,Train ticket,2022,12,17,5,41374.0,1461.0,6082.0,16305.666666666666,17,5474.0
T7123,U132,2022-12-25,Expense,Entertainment,5474.0,Unknown,Unknown,asdfgh,2022,12,25,6,7375.0,41374.0,1461.0,16736.666666666668,18,692.0
T0974,U132,2023-01-12,Expense,Rent,692.0,Upi,Lucknow,!!!,2023,1,12,3,5474.0,7375.0,41374.0,18074.333333333332,19,4265.0
T10296,U132,2023-06-01,Expense,Rent,4265.0,Card,Bangalore,asdfgh,2023,6,1,3,692.0,5474.0,7375.0,4513.666666666667,20,1926.0
T9576,U132,2023-06-24,Expense,Utilities,1926.0,Upi,Delhi,xyz123,2023,6,24,5,4265.0,692.0,5474.0,3477.0,21,3101.0
T9665,U132,2023-08-01,Expense,Education,3101.0,Card,Jaipur,Doctor consultation,2023,8,1,1,1926.0,4265.0,692.0,2294.3333333333335,22,8348.0
T7177,U132,2023-08-12,Expense,Rent,8348.0,Bank_Transfer,Mumbai,Gym membership,2023,8,12,5,3101.0,1926.0,4265.0,3097.3333333333335,23,2599.0
T7864,U132,2023-08-15,Expense,Entertainment,2599.0,Card,Unknown,Uber ride,2023,8,15,1,8348.0,3101.0,1926.0,4458.333333333333,24,5906.0
T10170,U132,2023-08-27,Expense,Rent,5906.0,Bank_Transfer,Mumbai,Medicine,2023,8,27,6,2599.0,8348.0,3101.0,4682.666666666667,25,3499.0
T10378,U132,2023-10-22,Expense,Utilities,3499.0,Bank_Transfer,Mumbai,ATM withdrawal,2023,10,22,6,5906.0,2599.0,8348.0,5617.666666666667,26,4468.0
T4078,U132,2023-11-26,Expense,Education,4468.0,Card,Ahmedabad,test,2023,11,26,6,3499.0,5906.0,2599.0,4001.3333333333335,27,1582.0
T12734,U132,2024-03-06,Expense,Utilities,1582.0,Card,Bangalore,test,2024,3,6,2,4468.0,3499.0,5906.0,4624.333333333333,28,6503.0
T6648,U132,2024-03-12,Expense,Savings,6503.0,Cash,Chennai,Coffee,2024,3,12,1,1582.0,4468.0,3499.0,3183.0,29,2771.0
T3185,U132,2024-04-28,Expense,Travel,2771.0,Upi,Lucknow,No Notes,2024,4,28,6,6503.0,1582.0,4468.0,4184.333333333333,30,41736.0
T3212,U132,2024-06-25,Expense,Rent,41736.0,Bank_Transfer,Unknown,Gym membership,2024,6,25,1,2771.0,6503.0,1582.0,3618.6666666666665,31,9510.0
T6137,U132,2024-08-26,Expense,Health,9510.0,Bank_Transfer,Hyderabad,ATM withdrawal,2024,8,26,0,41736.0,2771.0,6503.0,17003.333333333332,32,8167.0
T7932,U132,2024-10-05,Expense,Entertainment,8167.0,Card,Lucknow,Fixed deposit,2024,10,5,5,9510.0,41736.0,2771.0,18005.666666666668,33,7732.0
T5678,U132,2024-11-16,Expense,Utilities,7732.0,Bank_Transfer,Ahmedabad,No Notes,2024,11,16,5,8167.0,9510.0,41736.0,19804.333333333332,34,4421.0
T1413,U133,2021-08-15,Expense,Travel,1690.0,Cash,Mumbai,Electricity bill,2021,8,15,6,4070.0,4058.0,4181.0,4103.0,3,5400.0
T7913,U133,2021-10-06,Expense,Utilities,5400.0,Bank_Transfer,Bangalore,Medicine,2021,10,6,2,1690.0,4070.0,4058.0,3272.6666666666665,4,1391.0
T13020,U133,2021-11-01,Expense,Food,1391.0,Bank_Transfer,Pune,Medicine,2021,11,1,0,5400.0,1690.0,4070.0,3720.0,5,659.0
T4890,U133,2021-11-27,Expense,Food,659.0,Bank_Transfer,Ahmedabad,Online course,2021,11,27,5,1391.0,5400.0,1690.0,2827.0,6,2103.0
T9309,U133,2021-12-05,Expense,Entertainment,2103.0,Cash,Jaipur,asdfgh,2021,12,5,6,659.0,1391.0,5400.0,2483.3333333333335,7,54987.0
T12497,U133,2021-12-10,Income,Investment,54987.0,Cash,Jaipur,Shopping,2021,12,10,4,2103.0,659.0,1391.0,1384.3333333333333,8,36033.0
T11492,U133,2021-12-16,Income,Investment,36033.0,Card,Ahmedabad,...,2021,12,16,3,54987.0,2103.0,659.0,19249.666666666668,9,4925.0
T7222,U133,2022-01-22,Expense,Food,4925.0,Bank_Transfer,Chennai,Monthly rent payment,2022,1,22,5,36033.0,54987.0,2103.0,31041.0,10,12632.0
T5838,U133,2022-02-22,Income,Others,12632.0,Cash,Ahmedabad,asdfgh,2022,2,22,1,4925.0,36033.0,54987.0,31981.666666666668,11,7581.0
T11398,U133,2022-09-03,Expense,Travel,7581.0,Cash,Lucknow,Monthly rent payment,2022,9,3,5,12632.0,4925.0,36033.0,17863.333333333332,12,46170.0
T0264,U133,2022-09-11,Income,Investment,46170.0,Card,Unknown,Shopping,2022,9,11,6,7581.0,12632.0,4925.0,8379.333333333334,13,9818.0
T8384,U133,2022-12-15,Expense,Travel,9818.0,Card,Ahmedabad,Uber ride,2022,12,15,3,46170.0,7581.0,12632.0,22127.666666666668,14,8987.0
T9822,U133,2023-03-08,Expense,Food,8987.0,Bank_Transfer,Chennai,Electricity bill,2023,3,8,2,9818.0,46170.0,7581.0,21189.666666666668,15,7647.0
T3366,U133,2023-04-23,Expense,Rent,7647.0,Upi,Chennai,test,2023,4,23,6,8987.0,9818.0,46170.0,21658.333333333332,16,14036.0
T4334,U133,2023-05-07,Income,Others,14036.0,Card,Chennai,Movie tickets,2023,5,7,6,7647.0,8987.0,9818.0,8817.333333333334,17,3019.0
T7829,U133,2023-05-13,Expense,Travel,3019.0,Bank_Transfer,Delhi,Electricity bill,2023,5,13,5,14036.0,7647.0,8987.0,10223.333333333334,18,9154.0
T2386,U133,2023-09-18,Expense,Entertainment,9154.0,Cash,Mumbai,Electricity bill,2023,9,18,0,3019.0,14036.0,7647.0,8234.0,19,73105.0
T7600,U133,2024-02-28,Income,Freelance,73105.0,Bank_Transfer,Unknown,!!!,2024,2,28,2,9154.0,3019.0,14036.0,8736.333333333334,20,4062.0
T6208,U133,2024-03-04,Expense,Health,4062.0,Unknown,Ahmedabad,No Notes,2024,3,4,0,73105.0,9154.0,3019.0,28426.0,21,802.0
T10333,U133,2024-03-31,Expense,Travel,802.0,Card,Delhi,No Notes,2024,3,31,6,4062.0,73105.0,9154.0,28773.666666666668,22,61863.0
T13618,U133,2024-04-07,Income,Investment,61863.0,Upi,Ahmedabad,...,2024,4,7,6,802.0,4062.0,73105.0,25989.666666666668,23,6800.0
T0432,U133,2024-04-10,Expense,Food,6800.0,Cash,Kolkata,Doctor consultation,2024,4,10,2,61863.0,802.0,4062.0,22242.333333333332,24,1096.0
T0897,U133,2024-10-04,Expense,Travel,1096.0,Unknown,Chennai,Electricity bill,2024,10,4,4,6800.0,61863.0,802.0,23155.0,25,8452.0
T1655,U133,2024-10-19,Expense,Education,8452.0,Upi,Mumbai,Fixed deposit,2024,10,19,5,1096.0,6800.0,61863.0,23253.0,26,5565.0
T11763,U134,2021-05-20,Expense,Food,4512.0,Bank_Transfer,Hyderabad,Uber ride,2021,5,20,3,3570.0,45096.0,8794.0,19153.333333333332,3,1350.0
T7488,U134,2021-05-24,Expense,Food,1350.0,Bank_Transfer,Ahmedabad,EMI payment,2021,5,24,0,4512.0,3570.0,45096.0,17726.0,4,9185.0
T5286,U134,2021-06-05,Expense,Food,9185.0,Card,Ahmedabad,No Notes,2021,6,5,5,1350.0,4512.0,3570.0,3144.0,5,1227.0
T11700,U134,2021-06-07,Expense,Travel,1227.0,Cash,Hyderabad,Petrol,2021,6,7,0,9185.0,1350.0,4512.0,5015.666666666667,6,2864.0
T0351,U134,2021-06-24,Expense,Education,2864.0,Bank_Transfer,Pune,No Notes,2021,6,24,3,1227.0,9185.0,1350.0,3920.6666666666665,7,3438.0
T6284,U134,2021-10-20,Expense,Entertainment,3438.0,Unknown,Hyderabad,asdfgh,2021,10,20,2,2864.0,1227.0,9185.0,4425.333333333333,8,9882.0
T11548,U134,2021-12-21,Expense,Entertainment,9882.0,Card,Pune,No Notes,2021,12,21,1,3438.0,2864.0,1227.0,2509.6666666666665,9,3784.0
T7792,U134,2021-12-30,Expense,Food,3784.0,Card,Lucknow,Grocery shopping,2021,12,30,3,9882.0,3438.0,2864.0,5394.666666666667,10,20778.0
T3777,U134,2022-01-10,Expense,Rent,20778.0,Bank_Transfer,Kolkata,No Notes,2022,1,10,0,3784.0,9882.0,3438.0,5701.333333333333,11,854.0
T10964,U134,2022-03-16,Expense,Entertainment,854.0,Card,Pune,asdfgh,2022,3,16,2,20778.0,3784.0,9882.0,11481.333333333334,12,35598.0
T3546,U134,2022-04-20,Expense,Rent,35598.0,Cash,Delhi,Shopping,2022,4,20,2,854.0,20778.0,3784.0,8472.0,13,5296.0
T11304,U134,2022-06-01,Expense,Savings,5296.0,Card,Hyderabad,Monthly rent payment,2022,6,1,2,35598.0,854.0,20778.0,19076.666666666668,14,45903.0
T12786,U134,2022-06-06,Expense,Rent,45903.0,Card,Hyderabad,EMI payment,2022,6,6,0,5296.0,35598.0,854.0,13916.0,15,3769.0
T8511,U134,2022-06-17,Expense,Entertainment,3769.0,Upi,Chennai,EMI payment,2022,6,17,4,45903.0,5296.0,35598.0,28932.333333333332,16,7864.0
T2307,U134,2022-07-04,Expense,Travel,7864.0,Upi,Unknown,Coffee,2022,7,4,0,3769.0,45903.0,5296.0,18322.666666666668,17,6030.0
T0589,U134,2022-07-06,Expense,Rent,6030.0,Card,Pune,misc,2022,7,6,2,7864.0,3769.0,45903.0,19178.666666666668,18,7171.0
T2324,U134,2022-08-05,Expense,Others,7171.0,Cash,Delhi,asdfgh,2022,8,5,4,6030.0,7864.0,3769.0,5887.666666666667,19,941.0
T3847,U134,2022-10-11,Expense,Utilities,941.0,Cash,Kolkata,Fixed deposit,2022,10,11,1,7171.0,6030.0,7864.0,7021.666666666667,20,3697.0
T4711,U134,2022-11-03,Expense,Food,3697.0,Upi,Kolkata,Gym membership,2022,11,3,3,941.0,7171.0,6030.0,4714.0,21,2816.0
T10725,U134,2022-11-29,Expense,Education,2816.0,Card,Hyderabad,!!!,2022,11,29,1,3697.0,941.0,7171.0,3936.3333333333335,22,5608.0
T2112,U134,2022-12-19,Expense,Travel,5608.0,Cash,Mumbai,Electricity bill,2022,12,19,0,2816.0,3697.0,941.0,2484.6666666666665,23,8180.0
T7509,U134,2023-03-07,Expense,Rent,8180.0,Upi,Jaipur,EMI payment,2023,3,7,1,5608.0,2816.0,3697.0,4040.3333333333335,24,6150.0
T3967,U134,2023-04-13,Expense,Entertainment,6150.0,Bank_Transfer,Pune,No Notes,2023,4,13,3,8180.0,5608.0,2816.0,5534.666666666667,25,463.0
T13120,U134,2023-06-10,Expense,Education,463.0,Bank_Transfer,Delhi,Lunch,2023,6,10,5,6150.0,8180.0,5608.0,6646.0,26,7182.0
T0596,U134,2023-07-19,Expense,Education,7182.0,Upi,Delhi,Gym membership,2023,7,19,2,463.0,6150.0,8180.0,4931.0,27,2443.0
T3668,U134,2023-11-27,Expense,Food,2443.0,Upi,Pune,Lunch,2023,11,27,0,7182.0,463.0,6150.0,4598.333333333333,28,5749.0
T4008,U134,2024-01-03,Expense,Travel,5749.0,Card,Ahmedabad,Internet bill,2024,1,3,2,2443.0,7182.0,463.0,3362.6666666666665,29,4592.0
T4775,U134,2024-02-10,Expense,Food,4592.0,Card,Kolkata,ATM withdrawal,2024,2,10,5,5749.0,2443.0,7182.0,5124.666666666667,30,9238.0
T4573,U134,2024-02-19,Expense,Utilities,9238.0,Bank_Transfer,Ahmedabad,Coffee,2024,2,19,0,4592.0,5749.0,2443.0,4261.333333333333,31,5000.0
T1273,U134,2024-09-03,Expense,Utilities,5000.0,Cash,Pune,No Notes,2024,9,3,1,9238.0,4592.0,5749.0,6526.333333333333,32,3520.0
T13926,U134,2024-09-16,Expense,Utilities,3520.0,Cash,Mumbai,test,2024,9,16,0,5000.0,9238.0,4592.0,6276.666666666667,33,67602.0
T4472,U134,2024-10-28,Income,Investment,67602.0,Unknown,Unknown,asdfgh,2024,10,28,0,3520.0,5000.0,9238.0,5919.333333333333,34,2788.0
T10869,U135,2021-02-18,Expense,Travel,9142.0,Bank_Transfer,Pune,Grocery shopping,2021,2,18,3,3427.0,936.0,49188.0,17850.333333333332,3,3432.0
T6261,U135,2021-04-02,Expense,Education,3432.0,Card,Chennai,Monthly rent payment,2021,4,2,4,9142.0,3427.0,936.0,4501.666666666667,4,7264.0
T5290,U135,2021-04-17,Expense,Others,7264.0,Card,Delhi,Grocery shopping,2021,4,17,5,3432.0,9142.0,3427.0,5333.666666666667,5,19104.0
T2355,U135,2021-07-05,Income,Salary,19104.0,Bank_Transfer,Mumbai,xyz123,2021,7,5,0,7264.0,3432.0,9142.0,6612.666666666667,6,1664.0
T9931,U135,2021-08-20,Expense,Travel,1664.0,Card,Kolkata,No Notes,2021,8,20,4,19104.0,7264.0,3432.0,9933.333333333334,7,2566.0
T11234,U135,2021-09-23,Expense,Entertainment,2566.0,Upi,Kolkata,...,2021,9,23,3,1664.0,19104.0,7264.0,9344.0,8,279.0
T3277,U135,2021-09-29,Expense,Food,279.0,Bank_Transfer,Delhi,EMI payment,2021,9,29,2,2566.0,1664.0,19104.0,7778.0,9,842.0
T2950,U135,2021-11-04,Expense,Food,842.0,Upi,Bangalore,Monthly rent payment,2021,11,4,3,279.0,2566.0,1664.0,1503.0,10,32436.0
T11219,U135,2021-11-12,Expense,Rent,32436.0,Card,Unknown,No Notes,2021,11,12,4,842.0,279.0,2566.0,1229.0,11,6137.0
T4255,U135,2021-12-13,Expense,Education,6137.0,Upi,Chennai,Lunch,2021,12,13,0,32436.0,842.0,279.0,11185.666666666666,12,2366.0
T6404,U135,2021-12-20,Expense,Rent,2366.0,Card,Bangalore,Lunch,2021,12,20,0,6137.0,32436.0,842.0,13138.333333333334,13,3464.0
T5044,U135,2022-01-16,Expense,Rent,3464.0,Cash,Pune,Fixed deposit,2022,1,16,6,2366.0,6137.0,32436.0,13646.333333333334,14,895.0
T7733,U135,2022-02-04,Expense,Travel,895.0,Card,Mumbai,test,2022,2,4,4,3464.0,2366.0,6137.0,3989.0,15,6811.0
T12908,U135,2022-04-11,Expense,Travel,6811.0,Cash,Ahmedabad,No Notes,2022,4,11,0,895.0,3464.0,2366.0,2241.6666666666665,16,1315.0
T9207,U135,2022-05-09,Expense,Others,1315.0,Upi,Hyderabad,Train ticket,2022,5,9,0,6811.0,895.0,3464.0,3723.3333333333335,17,61181.0
T3125,U135,2022-05-20,Income,Salary,61181.0,Cash,Lucknow,Train ticket,2022,5,20,4,1315.0,6811.0,895.0,3007.0,18,7471.0
T9989,U135,2022-08-29,Expense,Rent,7471.0,Upi,Lucknow,Gym membership,2022,8,29,0,61181.0,1315.0,6811.0,23102.333333333332,19,63548.0
T6848,U135,2023-01-21,Income,Salary,63548.0,Card,Hyderabad,No Notes,2023,1,21,5,7471.0,61181.0,1315.0,23322.333333333332,20,8122.0
T12830,U135,2023-02-27,Expense,Utilities,8122.0,Card,Ahmedabad,ATM withdrawal,2023,2,27,0,63548.0,7471.0,61181.0,44066.666666666664,21,6474.0
T8098,U135,2023-03-10,Expense,Education,6474.0,Upi,Delhi,No Notes,2023,3,10,4,8122.0,63548.0,7471.0,26380.333333333332,22,8735.0
T3938,U135,2023-03-14,Expense,Rent,8735.0,Cash,Pune,test,2023,3,14,1,6474.0,8122.0,63548.0,26048.0,23,7204.0
T12583,U135,2023-04-01,Expense,Entertainment,7204.0,Cash,Unknown,Coffee,2023,4,1,5,8735.0,6474.0,8122.0,7777.0,24,25762.0
T4830,U135,2023-04-02,Expense,Rent,25762.0,Cash,Delhi,ATM withdrawal,2023,4,2,6,7204.0,8735.0,6474.0,7471.0,25,20394.0
T6702,U135,2023-05-21,Expense,Rent,20394.0,Bank_Transfer,Bangalore,No Notes,2023,5,21,6,25762.0,7204.0,8735.0,13900.333333333334,26,14941.0
T9434,U135,2023-08-31,Expense,Rent,14941.0,Card,Jaipur,Uber ride,2023,8,31,3,20394.0,25762.0,7204.0,17786.666666666668,27,55022.0
T7023,U135,2023-11-02,Income,Investment,55022.0,Upi,Ahmedabad,Coffee,2023,11,2,3,14941.0,20394.0,25762.0,20365.666666666668,28,7009.0
T0542,U135,2024-02-23,Expense,Travel,7009.0,Card,Unknown,No Notes,2024,2,23,4,55022.0,14941.0,20394.0,30119.0,29,6653.0
T8067,U135,2024-06-18,Expense,Rent,6653.0,Upi,Jaipur,EMI payment,2024,6,18,1,7009.0,55022.0,14941.0,25657.333333333332,30,70327.0
T2396,U135,2024-09-24,Income,Investment,70327.0,Cash,Delhi,xyz123,2024,9,24,1,6653.0,7009.0,55022.0,22894.666666666668,31,6845.0
T11599,U135,2024-09-28,Expense,Education,6845.0,Card,Delhi,Online course,2024,9,28,5,70327.0,6653.0,7009.0,27996.333333333332,32,7390.0
T9333,U135,2024-10-02,Expense,Travel,7390.0,Upi,Delhi,Online course,2024,10,2,2,6845.0,70327.0,6653.0,27941.666666666668,33,1410.0
T10351,U135,2024-10-13,Expense,Food,1410.0,Bank_Transfer,Hyderabad,Uber ride,2024,10,13,6,7390.0,6845.0,70327.0,28187.333333333332,34,78359.0
T8351,U135,2024-12-21,Income,Freelance,78359.0,Cash,Delhi,!!!,2024,12,21,5,1410.0,7390.0,6845.0,5215.0,35,1829.0
T3574,U136,2021-05-08,Expense,Entertainment,9557.0,Card,Delhi,Restaurant dinner,2021,5,8,5,2732.0,5806.0,1859.0,3465.6666666666665,3,8101.0
T11174,U136,2021-05-30,Expense,Utilities,8101.0,Cash,Chennai,Fixed deposit,2021,5,30,6,9557.0,2732.0,5806.0,6031.666666666667,4,4713.0
T8420,U136,2021-06-03,Expense,Utilities,4713.0,Cash,Bangalore,Doctor consultation,2021,6,3,3,8101.0,9557.0,2732.0,6796.666666666667,5,6819.0
T12583,U136,2021-07-05,Expense,Entertainment,6819.0,Cash,Unknown,No Notes,2021,7,5,0,4713.0,8101.0,9557.0,7457.0,6,2496.0
T12563,U136,2021-07-31,Expense,Food,2496.0,Cash,Jaipur,EMI payment,2021,7,31,5,6819.0,4713.0,8101.0,6544.333333333333,7,1752.0
T5881,U136,2021-08-15,Expense,Food,1752.0,Unknown,Chennai,Internet bill,2021,8,15,6,2496.0,6819.0,4713.0,4676.0,8,5331.0
T11805,U136,2021-09-08,Expense,Savings,5331.0,Bank_Transfer,Pune,asdfgh,2021,9,8,2,1752.0,2496.0,6819.0,3689.0,9,6960.0
T12440,U136,2021-10-01,Expense,Entertainment,6960.0,Cash,Mumbai,Internet bill,2021,10,1,4,5331.0,1752.0,2496.0,3193.0,10,3884.0
T10166,U136,2021-11-25,Expense,Food,3884.0,Card,Kolkata,Coffee,2021,11,25,3,6960.0,5331.0,1752.0,4681.0,11,8689.0
T2519,U136,2021-12-03,Expense,Rent,8689.0,Card,Lucknow,test,2021,12,3,4,3884.0,6960.0,5331.0,5391.666666666667,12,7524.0
T9001,U136,2022-01-08,Expense,Savings,7524.0,Bank_Transfer,Pune,Grocery shopping,2022,1,8,5,8689.0,3884.0,6960.0,6511.0,13,32906.0
T12585,U136,2022-03-07,Income,Others,32906.0,Upi,Kolkata,Gym membership,2022,3,7,0,7524.0,8689.0,3884.0,6699.0,14,28183.0
T4792,U136,2022-03-17,Expense,Rent,28183.0,Upi,Chennai,Electricity bill,2022,3,17,3,32906.0,7524.0,8689.0,16373.0,15,2358.0
T12245,U136,2022-04-08,Expense,Travel,2358.0,Card,Mumbai,No Notes,2022,4,8,4,28183.0,32906.0,7524.0,22871.0,16,6097.0
T10001,U136,2022-06-04,Expense,Others,6097.0,Upi,Delhi,Train ticket,2022,6,4,5,2358.0,28183.0,32906.0,21149.0,17,6061.0
T8855,U136,2022-06-19,Expense,Entertainment,6061.0,Cash,Pune,No Notes,2022,6,19,6,6097.0,2358.0,28183.0,12212.666666666666,18,6515.0
T11419,U136,2022-12-07,Expense,Travel,6515.0,Card,Ahmedabad,Uber ride,2022,12,7,2,6061.0,6097.0,2358.0,4838.666666666667,19,497.0
T11861,U136,2022-12-15,Expense,Utilities,497.0,Bank_Transfer,Delhi,ATM withdrawal,2022,12,15,3,6515.0,6061.0,6097.0,6224.333333333333,20,109.0
T5201,U136,2023-01-06,Expense,Rent,109.0,Upi,Unknown,asdfgh,2023,1,6,4,497.0,6515.0,6061.0,4357.666666666667,21,5506.0
T5849,U136,2023-01-23,Expense,Rent,5506.0,Card,Kolkata,xyz123,2023,1,23,0,109.0,497.0,6515.0,2373.6666666666665,22,18733.0
T12272,U136,2023-04-15,Income,Salary,18733.0,Card,Ahmedabad,!!!,2023,4,15,5,5506.0,109.0,497.0,2037.3333333333333,23,128.0
T11917,U136,2023-05-12,Expense,Education,128.0,Unknown,Hyderabad,Monthly rent payment,2023,5,12,4,18733.0,5506.0,109.0,8116.0,24,64871.0
T8481,U136,2023-06-19,Income,Investment,64871.0,Cash,Ahmedabad,Restaurant dinner,2023,6,19,0,128.0,18733.0,5506.0,8122.333333333333,25,8239.0
T6347,U136,2023-07-23,Expense,Others,8239.0,Card,Lucknow,asdfgh,2023,7,23,6,64871.0,128.0,18733.0,27910.666666666668,26,920.0
T8506,U136,2023-09-24,Expense,Food,920.0,Cash,Lucknow,Petrol,2023,9,24,6,8239.0,64871.0,128.0,24412.666666666668,27,1199.0
T1610,U136,2023-10-23,Expense,Food,1199.0,Upi,Kolkata,No Notes,2023,10,23,0,920.0,8239.0,64871.0,24676.666666666668,28,67640.0
T9219,U136,2023-11-02,Income,Bonus,67640.0,Unknown,Pune,ATM withdrawal,2023,11,2,3,1199.0,920.0,8239.0,3452.6666666666665,29,9022.0
T13697,U136,2023-11-03,Expense,Entertainment,9022.0,Cash,Kolkata,Grocery shopping,2023,11,3,4,67640.0,1199.0,920.0,23253.0,30,114.0
T13665,U136,2023-12-22,Expense,Entertainment,114.0,Card,Hyderabad,Shopping,2023,12,22,4,9022.0,67640.0,1199.0,25953.666666666668,31,3255.0
T0036,U136,2024-02-02,Expense,Travel,3255.0,Card,Ahmedabad,Lunch,2024,2,2,4,114.0,9022.0,67640.0,25592.0,32,7341.0
T13077,U136,2024-04-17,Expense,Food,7341.0,Upi,Kolkata,Electricity bill,2024,4,17,2,3255.0,114.0,9022.0,4130.333333333333,33,8525.0
T6795,U136,2024-07-12,Expense,Food,8525.0,Card,Chennai,Medicine,2024,7,12,4,7341.0,3255.0,114.0,3570.0,34,6848.0
T13917,U136,2024-08-11,Expense,Food,6848.0,Upi,Kolkata,Coffee,2024,8,11,6,8525.0,7341.0,3255.0,6373.666666666667,35,4600.0
T0543,U136,2024-08-13,Expense,Utilities,4600.0,Upi,Pune,EMI payment,2024,8,13,1,6848.0,8525.0,7341.0,7571.333333333333,36,3972.0
T5836,U137,2021-04-30,Expense,Entertainment,887.0,Unknown,Ahmedabad,Coffee,2021,4,30,4,37834.0,8841.0,4885.0,17186.666666666668,3,822.0
T7328,U137,2021-08-20,Expense,Food,822.0,Upi,Jaipur,No Notes,2021,8,20,4,887.0,37834.0,8841.0,15854.0,4,4669.0
T7010,U137,2021-09-05,Expense,Utilities,4669.0,Bank_Transfer,Kolkata,Electricity bill,2021,9,5,6,822.0,887.0,37834.0,13181.0,5,1530.0
T6779,U137,2021-10-29,Expense,Food,1530.0,Bank_Transfer,Lucknow,Electricity bill,2021,10,29,4,4669.0,822.0,887.0,2126.0,6,6343.0
T4769,U137,2022-02-02,Expense,Rent,6343.0,Upi,Delhi,Lunch,2022,2,2,2,1530.0,4669.0,822.0,2340.3333333333335,7,38967.0
T7174,U137,2022-03-26,Income,Others,38967.0,Bank_Transfer,Ahmedabad,xyz123,2022,3,26,5,6343.0,1530.0,4669.0,4180.666666666667,8,3897.0
T6319,U137,2022-05-19,Expense,Food,3897.0,Unknown,Delhi,No Notes,2022,5,19,3,38967.0,6343.0,1530.0,15613.333333333334,9,39248.0
T9378,U137,2022-06-21,Income,Others,39248.0,Cash,Jaipur,Movie tickets,2022,6,21,1,3897.0,38967.0,6343.0,16402.333333333332,10,9048.0
T1975,U137,2022-07-01,Expense,Utilities,9048.0,Upi,Pune,Internet bill,2022,7,1,4,39248.0,3897.0,38967.0,27370.666666666668,11,64875.0
T8060,U137,2022-08-01,Income,Salary,64875.0,Cash,Bangalore,Fixed deposit,2022,8,1,0,9048.0,39248.0,3897.0,17397.666666666668,12,1350.0
T10393,U137,2022-08-14,Expense,Food,1350.0,Card,Hyderabad,Grocery shopping,2022,8,14,6,64875.0,9048.0,39248.0,37723.666666666664,13,12773.0
T2765,U137,2022-12-18,Expense,Rent,12773.0,Bank_Transfer,Kolkata,No Notes,2022,12,18,6,1350.0,64875.0,9048.0,25091.0,14,22802.0
T7723,U137,2023-02-24,Income,Freelance,22802.0,Card,Kolkata,No Notes,2023,2,24,4,12773.0,1350.0,64875.0,26332.666666666668,15,58338.0
T8801,U137,2023-02-25,Income,Bonus,58338.0,Upi,Chennai,Movie tickets,2023,2,25,5,22802.0,12773.0,1350.0,12308.333333333334,16,3473.0
T7252,U137,2023-03-27,Expense,Education,3473.0,Card,Mumbai,No Notes,2023,3,27,0,58338.0,22802.0,12773.0,31304.333333333332,17,6538.0
T11109,U137,2023-03-31,Expense,Food,6538.0,Unknown,Kolkata,No Notes,2023,3,31,4,3473.0,58338.0,22802.0,28204.333333333332,18,4427.0
T0486,U137,2023-04-11,Expense,Food,4427.0,Cash,Bangalore,Gym membership,2023,4,11,1,6538.0,3473.0,58338.0,22783.0,19,2538.0
T8587,U137,2023-06-05,Expense,Food,2538.0,Card,Lucknow,Uber ride,2023,6,5,0,4427.0,6538.0,3473.0,4812.666666666667,20,19429.0
T12692,U137,2023-08-30,Expense,Rent,19429.0,Upi,Lucknow,Medicine,2023,8,30,2,2538.0,4427.0,6538.0,4501.0,21,9941.0
T0467,U137,2023-10-05,Expense,Travel,9941.0,Bank_Transfer,Pune,Gym membership,2023,10,5,3,19429.0,2538.0,4427.0,8798.0,22,5192.0
T8908,U137,2024-01-05,Expense,Rent,5192.0,Bank_Transfer,Unknown,No Notes,2024,1,5,4,9941.0,19429.0,2538.0,10636.0,23,34498.0
T9388,U137,2024-05-06,Income,Others,34498.0,Upi,Chennai,No Notes,2024,5,6,0,5192.0,9941.0,19429.0,11520.666666666666,24,3336.0
T5515,U137,2024-05-18,Expense,Savings,3336.0,Bank_Transfer,Pune,misc,2024,5,18,5,34498.0,5192.0,9941.0,16543.666666666668,25,1065.0
T12281,U137,2024-05-21,Expense,Entertainment,1065.0,Card,Kolkata,Electricity bill,2024,5,21,1,3336.0,34498.0,5192.0,14342.0,26,9544.0
T8877,U137,2024-05-27,Expense,Entertainment,9544.0,Unknown,Mumbai,Lunch,2024,5,27,0,1065.0,3336.0,34498.0,12966.333333333334,27,75739.0
T5740,U137,2024-05-28,Income,Salary,75739.0,Cash,Delhi,No Notes,2024,5,28,1,9544.0,1065.0,3336.0,4648.333333333333,28,3341.0
T10679,U137,2024-06-05,Expense,Travel,3341.0,Cash,Bangalore,ATM withdrawal,2024,6,5,2,75739.0,9544.0,1065.0,28782.666666666668,29,3017.0
T11976,U137,2024-08-29,Expense,Utilities,3017.0,Cash,Chennai,EMI payment,2024,8,29,3,3341.0,75739.0,9544.0,29541.333333333332,30,1771.0
T10011,U137,2024-09-04,Expense,Food,1771.0,Card,Delhi,test,2024,9,4,2,3017.0,3341.0,75739.0,27365.666666666668,31,220.0
T13109,U137,2024-09-29,Expense,Food,220.0,Bank_Transfer,Ahmedabad,No Notes,2024,9,29,6,1771.0,3017.0,3341.0,2709.6666666666665,32,1554.0
T4572,U137,2024-09-29,Expense,Food,1554.0,Upi,Ahmedabad,test,2024,9,29,6,220.0,1771.0,3017.0,1669.3333333333333,33,3417.0
T11015,U138,2021-02-08,Expense,Food,5375.0,Upi,Bangalore,Movie tickets,2021,2,8,0,4566.0,29287.0,1575.0,11809.333333333334,3,28832.0
T9187,U138,2021-02-19,Expense,Rent,28832.0,Cash,Delhi,asdfgh,2021,2,19,4,5375.0,4566.0,29287.0,13076.0,4,47508.0
T11977,U138,2021-03-14,Income,Others,47508.0,Card,Unknown,No Notes,2021,3,14,6,28832.0,5375.0,4566.0,12924.333333333334,5,16454.0
T12385,U138,2021-03-29,Expense,Rent,16454.0,Bank_Transfer,Pune,Online course,2021,3,29,0,47508.0,28832.0,5375.0,27238.333333333332,6,9886.0
T3697,U138,2021-06-04,Expense,Travel,9886.0,Card,Lucknow,No Notes,2021,6,4,4,16454.0,47508.0,28832.0,30931.333333333332,7,17142.0
T13721,U138,2021-08-18,Income,Bonus,17142.0,Bank_Transfer,Jaipur,Train ticket,2021,8,18,2,9886.0,16454.0,47508.0,24616.0,8,108891.0
T8528,U138,2021-10-25,Income,Investment,108891.0,Card,Ahmedabad,No Notes,2021,10,25,0,17142.0,9886.0,16454.0,14494.0,9,999999.0
T9313,U138,2021-11-03,Expense,Food,999999.0,Card,Bangalore,!!!,2021,11,3,2,108891.0,17142.0,9886.0,45306.333333333336,10,6474.0
T2378,U138,2021-11-24,Expense,Food,6474.0,Unknown,Chennai,No Notes,2021,11,24,2,999999.0,108891.0,17142.0,375344.0,11,4616.0
T5012,U138,2021-12-03,Expense,Rent,4616.0,Cash,Kolkata,!!!,2021,12,3,4,6474.0,999999.0,108891.0,371788.0,12,2543.0
T13727,U138,2021-12-16,Expense,Travel,2543.0,Card,Ahmedabad,Train ticket,2021,12,16,3,4616.0,6474.0,999999.0,337029.6666666667,13,9886.0
T3322,U138,2022-02-03,Expense,Utilities,9886.0,Card,Lucknow,Internet bill,2022,2,3,3,2543.0,4616.0,6474.0,4544.333333333333,14,46537.0
T0968,U138,2022-04-14,Income,Salary,46537.0,Cash,Hyderabad,Medicine,2022,4,14,3,9886.0,2543.0,4616.0,5681.666666666667,15,1062.0
T7364,U138,2022-06-09,Expense,Food,1062.0,Unknown,Kolkata,No Notes,2022,6,9,3,46537.0,9886.0,2543.0,19655.333333333332,16,7229.0
T2070,U138,2022-06-22,Expense,Rent,7229.0,Bank_Transfer,Ahmedabad,Lunch,2022,6,22,2,1062.0,46537.0,9886.0,19161.666666666668,17,1413.0
T10561,U138,2022-09-22,Expense,Rent,1413.0,Bank_Transfer,Pune,Fixed deposit,2022,9,22,3,7229.0,1062.0,46537.0,18276.0,18,5719.0
T10025,U138,2022-10-10,Expense,Rent,5719.0,Unknown,Chennai,No Notes,2022,10,10,0,1413.0,7229.0,1062.0,3234.6666666666665,19,4476.0
T2143,U138,2022-10-26,Expense,Food,4476.0,Upi,Pune,Books,2022,10,26,2,5719.0,1413.0,7229.0,4787.0,20,2715.0
T2454,U138,2022-12-02,Expense,Travel,2715.0,Cash,Pune,Uber ride,2022,12,2,4,4476.0,5719.0,1413.0,3869.3333333333335,21,7727.0
T12746,U138,2022-12-22,Expense,Travel,7727.0,Upi,Mumbai,Fixed deposit,2022,12,22,3,2715.0,4476.0,5719.0,4303.333333333333,22,483.0
T7375,U138,2023-01-03,Expense,Food,483.0,Bank_Transfer,Delhi,Train ticket,2023,1,3,1,7727.0,2715.0,4476.0,4972.666666666667,23,4221.0
T4907,U138,2023-02-21,Expense,Food,4221.0,Upi,Pune,...,2023,2,21,1,483.0,7727.0,2715.0,3641.6666666666665,24,2488.0
T7995,U138,2023-02-28,Expense,Food,2488.0,Bank_Transfer,Bangalore,Internet bill,2023,2,28,1,4221.0,483.0,7727.0,4143.666666666667,25,4069.0
T10177,U138,2023-07-15,Expense,Food,4069.0,Cash,Kolkata,test,2023,7,15,5,2488.0,4221.0,483.0,2397.3333333333335,26,5585.0
T3315,U138,2023-09-06,Expense,Utilities,5585.0,Cash,Hyderabad,EMI payment,2023,9,6,2,4069.0,2488.0,4221.0,3592.6666666666665,27,6236.0
T7865,U138,2023-10-18,Expense,Entertainment,6236.0,Card,Kolkata,Monthly rent payment,2023,10,18,2,5585.0,4069.0,2488.0,4047.3333333333335,28,50508.0
T10219,U138,2023-11-08,Income,Salary,50508.0,Bank_Transfer,Hyderabad,Fixed deposit,2023,11,8,2,6236.0,5585.0,4069.0,5296.666666666667,29,4619.0
T4125,U138,2023-11-21,Expense,Entertainment,4619.0,Card,Delhi,Train ticket,2023,11,21,1,50508.0,6236.0,5585.0,20776.333333333332,30,22648.0
T8721,U138,2023-12-30,Expense,Rent,22648.0,Card,Mumbai,No Notes,2023,12,30,5,4619.0,50508.0,6236.0,20454.333333333332,31,366.0
T1389,U138,2024-03-10,Expense,Education,366.0,Upi,Bangalore,ATM withdrawal,2024,3,10,6,22648.0,4619.0,50508.0,25925.0,32,9968.0
T13543,U138,2024-03-15,Expense,Rent,9968.0,Unknown,Unknown,misc,2024,3,15,4,366.0,22648.0,4619.0,9211.0,33,2035.0
T10801,U138,2024-03-27,Expense,Food,2035.0,Card,Jaipur,Electricity bill,2024,3,27,2,9968.0,366.0,22648.0,10994.0,34,7820.0
T0316,U138,2024-04-01,Expense,Rent,7820.0,Card,Mumbai,EMI payment,2024,4,1,0,2035.0,9968.0,366.0,4123.0,35,8867.0
T10331,U138,2024-05-12,Expense,Entertainment,8867.0,Bank_Transfer,Bangalore,Electricity bill,2024,5,12,6,7820.0,2035.0,9968.0,6607.666666666667,36,9950.0
T2841,U138,2024-11-01,Expense,Education,9950.0,Cash,Chennai,EMI payment,2024,11,1,4,8867.0,7820.0,2035.0,6240.666666666667,37,212.0
T5671,U138,2024-11-07,Expense,Savings,212.0,Card,Mumbai,EMI payment,2024,11,7,3,9950.0,8867.0,7820.0,8879.0,38,4471.0
T3496,U139,2021-07-23,Expense,Food,4399.0,Bank_Transfer,Mumbai,!!!,2021,7,23,4,2214.0,1707.0,37741.0,13887.333333333334,3,1558.0
T10121,U139,2021-09-12,Expense,Rent,1558.0,Bank_Transfer,Unknown,Doctor consultation,2021,9,12,6,4399.0,2214.0,1707.0,2773.3333333333335,4,2889.0
T4860,U139,2021-09-14,Expense,Food,2889.0,Card,Unknown,Restaurant dinner,2021,9,14,1,1558.0,4399.0,2214.0,2723.6666666666665,5,5298.0
T4212,U139,2021-11-08,Expense,Education,5298.0,Upi,Pune,Coffee,2021,11,8,0,2889.0,1558.0,4399.0,2948.6666666666665,6,30096.0
T7303,U139,2021-11-10,Expense,Rent,30096.0,Card,Jaipur,...,2021,11,10,2,5298.0,2889.0,1558.0,3248.3333333333335,7,6335.0
T12452,U139,2022-01-06,Expense,Utilities,6335.0,Card,Mumbai,No Notes,2022,1,6,3,30096.0,5298.0,2889.0,12761.0,8,351.0
T11739,U139,2022-01-12,Expense,Education,351.0,Upi,Ahmedabad,No Notes,2022,1,12,2,6335.0,30096.0,5298.0,13909.666666666666,9,557.0
T10733,U139,2022-08-28,Expense,Travel,557.0,Cash,Unknown,Petrol,2022,8,28,6,351.0,6335.0,30096.0,12260.666666666666,10,7649.0
T8169,U139,2022-10-01,Expense,Food,7649.0,Cash,Hyderabad,No Notes,2022,10,1,5,557.0,351.0,6335.0,2414.3333333333335,11,8420.0
T0014,U139,2022-10-05,Expense,Utilities,8420.0,Card,Lucknow,Internet bill,2022,10,5,2,7649.0,557.0,351.0,2852.3333333333335,12,3061.0
T5371,U139,2022-11-20,Expense,Food,3061.0,Upi,Pune,Doctor consultation,2022,11,20,6,8420.0,7649.0,557.0,5542.0,13,57170.0
T1468,U139,2022-12-07,Income,Freelance,57170.0,Upi,Delhi,Movie tickets,2022,12,7,2,3061.0,8420.0,7649.0,6376.666666666667,14,117318.0
T3685,U139,2023-02-06,Income,Freelance,117318.0,Cash,Mumbai,Movie tickets,2023,2,6,0,57170.0,3061.0,8420.0,22883.666666666668,15,8651.0
T2871,U139,2023-02-08,Expense,Travel,8651.0,Upi,Pune,No Notes,2023,2,8,2,117318.0,57170.0,3061.0,59183.0,16,4373.0
T4475,U139,2023-05-17,Expense,Food,4373.0,Card,Unknown,asdfgh,2023,5,17,2,8651.0,117318.0,57170.0,61046.333333333336,17,8529.0
T8964,U139,2023-05-26,Expense,Entertainment,8529.0,Card,Unknown,Books,2023,5,26,4,4373.0,8651.0,117318.0,43447.333333333336,18,8002.0
T6407,U139,2023-10-23,Expense,Entertainment,8002.0,Cash,Unknown,EMI payment,2023,10,23,0,8529.0,4373.0,8651.0,7184.333333333333,19,5593.0
T1903,U139,2023-12-04,Expense,Health,5593.0,Bank_Transfer,Delhi,No Notes,2023,12,4,0,8002.0,8529.0,4373.0,6968.0,20,2098.0
T13850,U139,2023-12-24,Expense,Food,2098.0,Upi,Unknown,No Notes,2023,12,24,6,5593.0,8002.0,8529.0,7374.666666666667,21,4591.0
T4457,U139,2024-01-04,Expense,Health,4591.0,Upi,Mumbai,Coffee,2024,1,4,3,2098.0,5593.0,8002.0,5231.0,22,8082.0
T10627,U139,2024-01-19,Expense,Education,8082.0,Bank_Transfer,Lucknow,Internet bill,2024,1,19,4,4591.0,2098.0,5593.0,4094.0,23,302.0
T0584,U139,2024-03-15,Expense,Utilities,302.0,Upi,Mumbai,asdfgh,2024,3,15,4,8082.0,4591.0,2098.0,4923.666666666667,24,8873.0
T0175,U139,2024-04-22,Expense,Food,8873.0,Card,Pune,Uber ride,2024,4,22,0,302.0,8082.0,4591.0,4325.0,25,9180.0
T3355,U139,2024-07-29,Expense,Food,9180.0,Unknown,Hyderabad,asdfgh,2024,7,29,0,8873.0,302.0,8082.0,5752.333333333333,26,3913.0
T12671,U139,2024-10-30,Expense,Food,3913.0,Card,Hyderabad,Shopping,2024,10,30,2,9180.0,8873.0,302.0,6118.333333333333,27,1120.0
T10428,U139,2024-11-07,Expense,Education,1120.0,Upi,Jaipur,Lunch,2024,11,7,3,3913.0,9180.0,8873.0,7322.0,28,6330.0
T13843,U140,2021-06-14,Expense,Health,8863.0,Upi,Jaipur,Electricity bill,2021,6,14,0,6652.0,4433.0,73105.0,28063.333333333332,3,8365.0
T0905,U140,2021-06-21,Expense,Others,8365.0,Card,Ahmedabad,Monthly rent payment,2021,6,21,0,8863.0,6652.0,4433.0,6649.333333333333,4,6278.0
T11295,U140,2021-06-23,Expense,Education,6278.0,Card,Lucknow,Movie tickets,2021,6,23,2,8365.0,8863.0,6652.0,7960.0,5,8104.0
T5232,U140,2021-10-10,Expense,Utilities,8104.0,Bank_Transfer,Delhi,No Notes,2021,10,10,6,6278.0,8365.0,8863.0,7835.333333333333,6,1720.0
T10277,U140,2021-10-24,Expense,Entertainment,1720.0,Card,Hyderabad,Medicine,2021,10,24,6,8104.0,6278.0,8365.0,7582.333333333333,7,5671.0
T1636,U140,2022-04-20,Expense,Food,5671.0,Cash,Kolkata,...,2022,4,20,2,1720.0,8104.0,6278.0,5367.333333333333,8,7868.0
T10526,U140,2022-05-11,Expense,Travel,7868.0,Card,Chennai,test,2022,5,11,2,5671.0,1720.0,8104.0,5165.0,9,6319.0
T5624,U140,2022-08-10,Expense,Rent,6319.0,Bank_Transfer,Delhi,Train ticket,2022,8,10,2,7868.0,5671.0,1720.0,5086.333333333333,10,2979.0
T1128,U140,2022-08-15,Expense,Education,2979.0,Cash,Bangalore,Train ticket,2022,8,15,0,6319.0,7868.0,5671.0,6619.333333333333,11,38943.0
T10846,U140,2023-01-16,Expense,Rent,38943.0,Upi,Ahmedabad,Medicine,2023,1,16,0,2979.0,6319.0,7868.0,5722.0,12,7635.0
T2839,U140,2023-01-24,Expense,Travel,7635.0,Card,Unknown,asdfgh,2023,1,24,1,38943.0,2979.0,6319.0,16080.333333333334,13,77128.0
T3011,U140,2023-03-18,Income,Freelance,77128.0,Cash,Delhi,xyz123,2023,3,18,5,7635.0,38943.0,2979.0,16519.0,14,32922.0
T4827,U140,2023-04-30,Expense,Rent,32922.0,Unknown,Unknown,...,2023,4,30,6,77128.0,7635.0,38943.0,41235.333333333336,15,4324.0
T7768,U140,2023-06-13,Expense,Travel,4324.0,Upi,Kolkata,No Notes,2023,6,13,1,32922.0,77128.0,7635.0,39228.333333333336,16,49188.0
T12211,U140,2023-06-26,Income,Freelance,49188.0,Card,Bangalore,Internet bill,2023,6,26,0,4324.0,32922.0,77128.0,38124.666666666664,17,3215.0
T10305,U140,2023-07-24,Expense,Travel,3215.0,Bank_Transfer,Ahmedabad,!!!,2023,7,24,0,49188.0,4324.0,32922.0,28811.333333333332,18,3794.0
T8850,U140,2023-08-03,Expense,Utilities,3794.0,Card,Hyderabad,Monthly rent payment,2023,8,3,3,3215.0,49188.0,4324.0,18909.0,19,33082.0
T13814,U140,2023-08-22,Income,Others,33082.0,Bank_Transfer,Bangalore,Lunch,2023,8,22,1,3794.0,3215.0,49188.0,18732.333333333332,20,9910.0
T13503,U140,2023-10-18,Expense,Utilities,9910.0,Cash,Mumbai,Petrol,2023,10,18,2,33082.0,3794.0,3215.0,13363.666666666666,21,9442.0
T1800,U140,2023-11-23,Expense,Travel,9442.0,Bank_Transfer,Delhi,Doctor consultation,2023,11,23,3,9910.0,33082.0,3794.0,15595.333333333334,22,54330.0
T10705,U140,2023-12-22,Income,Others,54330.0,Card,Delhi,ATM withdrawal,2023,12,22,4,9442.0,9910.0,33082.0,17478.0,23,1915.0
T3275,U140,2024-01-11,Expense,Utilities,1915.0,Upi,Kolkata,Coffee,2024,1,11,3,54330.0,9442.0,9910.0,24560.666666666668,24,7019.0
T11595,U140,2024-01-12,Expense,Education,7019.0,Unknown,Chennai,Medicine,2024,1,12,4,1915.0,54330.0,9442.0,21895.666666666668,25,28677.0
T7472,U140,2024-06-13,Income,Salary,28677.0,Upi,Jaipur,Online course,2024,6,13,3,7019.0,1915.0,54330.0,21088.0,26,25994.0
T3660,U140,2024-10-17,Income,Investment,25994.0,Upi,Jaipur,EMI payment,2024,10,17,3,28677.0,7019.0,1915.0,12537.0,27,4793.0
T12686,U141,2021-06-28,Expense,Food,3915.0,Bank_Transfer,Hyderabad,Grocery shopping,2021,6,28,0,5832.0,7760.0,58.0,4550.0,3,49021.0
T8359,U141,2021-06-29,Income,Investment,49021.0,Bank_Transfer,Lucknow,Coffee,2021,6,29,1,3915.0,5832.0,7760.0,5835.666666666667,4,4354.0
T2743,U141,2021-07-29,Expense,Savings,4354.0,Bank_Transfer,Lucknow,No Notes,2021,7,29,3,49021.0,3915.0,5832.0,19589.333333333332,5,38906.0
T7924,U141,2021-08-01,Expense,Rent,38906.0,Upi,Lucknow,Restaurant dinner,2021,8,1,6,4354.0,49021.0,3915.0,19096.666666666668,6,2671.0
T7671,U141,2021-08-03,Expense,Food,2671.0,Bank_Transfer,Mumbai,...,2021,8,3,1,38906.0,4354.0,49021.0,30760.333333333332,7,3478.0
T10457,U141,2021-08-04,Expense,Food,3478.0,Upi,Kolkata,Restaurant dinner,2021,8,4,2,2671.0,38906.0,4354.0,15310.333333333334,8,9725.0
T0815,U141,2021-10-05,Expense,Education,9725.0,Bank_Transfer,Chennai,Restaurant dinner,2021,10,5,1,3478.0,2671.0,38906.0,15018.333333333334,9,4301.0
T11588,U141,2021-10-11,Expense,Rent,4301.0,Cash,Hyderabad,Lunch,2021,10,11,0,9725.0,3478.0,2671.0,5291.333333333333,10,3737.0
T3904,U141,2021-10-28,Expense,Rent,3737.0,Unknown,Jaipur,ATM withdrawal,2021,10,28,3,4301.0,9725.0,3478.0,5834.666666666667,11,521.0
T0173,U141,2021-11-11,Expense,Entertainment,521.0,Bank_Transfer,Pune,No Notes,2021,11,11,3,3737.0,4301.0,9725.0,5921.0,12,8622.0
T5085,U141,2021-12-12,Expense,Entertainment,8622.0,Cash,Kolkata,Doctor consultation,2021,12,12,6,521.0,3737.0,4301.0,2853.0,13,59269.0
T9828,U141,2022-02-02,Income,Salary,59269.0,Card,Pune,Doctor consultation,2022,2,2,2,8622.0,521.0,3737.0,4293.333333333333,14,6833.0
T10355,U141,2022-07-29,Expense,Rent,6833.0,Card,Chennai,EMI payment,2022,7,29,4,59269.0,8622.0,521.0,22804.0,15,9615.0
T5942,U141,2022-08-30,Expense,Savings,9615.0,Cash,Pune,Monthly rent payment,2022,8,30,1,6833.0,59269.0,8622.0,24908.0,16,1546.0
T1743,U141,2022-09-12,Expense,Food,1546.0,Card,Hyderabad,Internet bill,2022,9,12,0,9615.0,6833.0,59269.0,25239.0,17,6631.0
T4203,U141,2022-09-28,Expense,Entertainment,6631.0,Upi,Ahmedabad,Gym membership,2022,9,28,2,1546.0,9615.0,6833.0,5998.0,18,5832.0
T1268,U141,2022-11-05,Expense,Travel,5832.0,Card,Lucknow,Uber ride,2022,11,5,5,6631.0,1546.0,9615.0,5930.666666666667,19,754.0
T3573,U141,2022-12-06,Expense,Education,754.0,Upi,Hyderabad,Movie tickets,2022,12,6,1,5832.0,6631.0,1546.0,4669.666666666667,20,13272.0
T9126,U141,2022-12-11,Income,Bonus,13272.0,Bank_Transfer,Hyderabad,Internet bill,2022,12,11,6,754.0,5832.0,6631.0,4405.666666666667,21,39024.0
T3176,U141,2022-12-13,Expense,Rent,39024.0,Card,Delhi,ATM withdrawal,2022,12,13,1,13272.0,754.0,5832.0,6619.333333333333,22,6927.0
T8546,U141,2023-02-27,Expense,Rent,6927.0,Cash,Bangalore,Internet bill,2023,2,27,0,39024.0,13272.0,754.0,17683.333333333332,23,9973.0
T5948,U141,2023-02-27,Expense,Health,9973.0,Bank_Transfer,Unknown,Train ticket,2023,2,27,0,6927.0,39024.0,13272.0,19741.0,24,2844.0
T9523,U141,2023-03-26,Expense,Health,2844.0,Bank_Transfer,Chennai,Coffee,2023,3,26,6,9973.0,6927.0,39024.0,18641.333333333332,25,6453.0
T13902,U141,2023-04-14,Expense,Entertainment,6453.0,Bank_Transfer,Ahmedabad,EMI payment,2023,4,14,4,2844.0,9973.0,6927.0,6581.333333333333,26,3057.0
T7350,U141,2023-05-02,Expense,Travel,3057.0,Cash,Delhi,!!!,2023,5,2,1,6453.0,2844.0,9973.0,6423.333333333333,27,4645.0
T9433,U141,2023-05-04,Expense,Food,4645.0,Card,Jaipur,Internet bill,2023,5,4,3,3057.0,6453.0,2844.0,4118.0,28,4566.0
T0550,U141,2023-06-03,Expense,Entertainment,4566.0,Bank_Transfer,Pune,Train ticket,2023,6,3,5,4645.0,3057.0,6453.0,4718.333333333333,29,4733.0
T7012,U141,2023-07-23,Expense,Rent,4733.0,Unknown,Pune,ATM withdrawal,2023,7,23,6,4566.0,4645.0,3057.0,4089.3333333333335,30,2511.0
T9795,U141,2023-09-22,Expense,Food,2511.0,Upi,Kolkata,...,2023,9,22,4,4733.0,4566.0,4645.0,4648.0,31,1544.0
T2403,U141,2023-10-12,Expense,Education,1544.0,Upi,Chennai,xyz123,2023,10,12,3,2511.0,4733.0,4566.0,3936.6666666666665,32,51876.0
T2067,U141,2023-10-19,Income,Freelance,51876.0,Unknown,Pune,Monthly rent payment,2023,10,19,3,1544.0,2511.0,4733.0,2929.3333333333335,33,6463.0
T0938,U141,2024-02-09,Expense,Utilities,6463.0,Bank_Transfer,Lucknow,Restaurant dinner,2024,2,9,4,51876.0,1544.0,2511.0,18643.666666666668,34,9578.0
T3088,U141,2024-03-05,Expense,Education,9578.0,Bank_Transfer,Lucknow,Electricity bill,2024,3,5,1,6463.0,51876.0,1544.0,19961.0,35,7111.0
T10454,U141,2024-03-11,Expense,Utilities,7111.0,Upi,Delhi,EMI payment,2024,3,11,0,9578.0,6463.0,51876.0,22639.0,36,301.0
T9812,U141,2024-05-24,Expense,Food,301.0,Cash,Bangalore,No Notes,2024,5,24,4,7111.0,9578.0,6463.0,7717.333333333333,37,5667.0
T6363,U141,2024-07-02,Expense,Food,5667.0,Bank_Transfer,Delhi,ATM withdrawal,2024,7,2,1,301.0,7111.0,9578.0,5663.333333333333,38,48916.0
T13900,U141,2024-07-24,Income,Investment,48916.0,Card,Pune,!!!,2024,7,24,2,5667.0,301.0,7111.0,4359.666666666667,39,8723.0
T6842,U141,2024-09-08,Expense,Food,8723.0,Upi,Pune,misc,2024,9,8,6,48916.0,5667.0,301.0,18294.666666666668,40,972.0
T12473,U141,2024-11-01,Expense,Food,972.0,Cash,Jaipur,No Notes,2024,11,1,4,8723.0,48916.0,5667.0,21102.0,41,6601.0
T8327,U142,2021-03-27,Expense,Food,7589.0,Upi,Delhi,Doctor consultation,2021,3,27,5,4922.0,18885.0,955.0,8254.0,3,2770.0
T5891,U142,2021-04-04,Expense,Food,2770.0,Bank_Transfer,Bangalore,Coffee,2021,4,4,6,7589.0,4922.0,18885.0,10465.333333333334,4,3417.0
T8544,U142,2021-06-03,Expense,Travel,3417.0,Unknown,Kolkata,misc,2021,6,3,3,2770.0,7589.0,4922.0,5093.666666666667,5,4770.0
T1739,U142,2021-06-10,Expense,Utilities,4770.0,Card,Pune,Internet bill,2021,6,10,3,3417.0,2770.0,7589.0,4592.0,6,7308.0
T13745,U142,2021-08-22,Expense,Utilities,7308.0,Cash,Chennai,EMI payment,2021,8,22,6,4770.0,3417.0,2770.0,3652.3333333333335,7,8562.0
T0811,U142,2021-10-24,Expense,Education,8562.0,Unknown,Delhi,Internet bill,2021,10,24,6,7308.0,4770.0,3417.0,5165.0,8,4476.0
T1598,U142,2021-12-27,Expense,Food,4476.0,Upi,Lucknow,EMI payment,2021,12,27,0,8562.0,7308.0,4770.0,6880.0,9,35784.0
T10555,U142,2022-01-18,Income,Bonus,35784.0,Cash,Jaipur,ATM withdrawal,2022,1,18,1,4476.0,8562.0,7308.0,6782.0,10,34683.0
T8772,U142,2022-02-14,Income,Others,34683.0,Bank_Transfer,Ahmedabad,Train ticket,2022,2,14,0,35784.0,4476.0,8562.0,16274.0,11,1575.0
T8999,U142,2022-02-18,Expense,Food,1575.0,Unknown,Pune,Fixed deposit,2022,2,18,4,34683.0,35784.0,4476.0,24981.0,12,195.0
T12777,U142,2022-04-23,Expense,Food,195.0,Upi,Lucknow,No Notes,2022,4,23,5,1575.0,34683.0,35784.0,24014.0,13,5298.0
T4120,U142,2022-04-24,Expense,Utilities,5298.0,Bank_Transfer,Mumbai,No Notes,2022,4,24,6,195.0,1575.0,34683.0,12151.0,14,8453.0
T11905,U142,2022-04-28,Expense,Utilities,8453.0,Cash,Jaipur,test,2022,4,28,3,5298.0,195.0,1575.0,2356.0,15,2225.0
T8035,U142,2022-04-28,Expense,Food,2225.0,Card,Chennai,asdfgh,2022,4,28,3,8453.0,5298.0,195.0,4648.666666666667,16,6297.0
T8447,U142,2022-06-16,Expense,Travel,6297.0,Cash,Ahmedabad,test,2022,6,16,3,2225.0,8453.0,5298.0,5325.333333333333,17,4504.0
T5771,U142,2022-06-20,Expense,Food,4504.0,Card,Pune,ATM withdrawal,2022,6,20,0,6297.0,2225.0,8453.0,5658.333333333333,18,2130.0
T9118,U142,2022-07-28,Expense,Food,2130.0,Card,Lucknow,No Notes,2022,7,28,3,4504.0,6297.0,2225.0,4342.0,19,76688.0
T0722,U142,2022-07-31,Income,Salary,76688.0,Unknown,Delhi,Internet bill,2022,7,31,6,2130.0,4504.0,6297.0,4310.333333333333,20,8247.0
T0118,U142,2022-08-03,Expense,Entertainment,8247.0,Upi,Pune,Uber ride,2022,8,3,2,76688.0,2130.0,4504.0,27774.0,21,8248.0
T9494,U142,2022-12-18,Expense,Food,8248.0,Bank_Transfer,Mumbai,Petrol,2022,12,18,6,8247.0,76688.0,2130.0,29021.666666666668,22,4409.0
T6345,U142,2023-01-11,Expense,Rent,4409.0,Upi,Ahmedabad,Doctor consultation,2023,1,11,2,8248.0,8247.0,76688.0,31061.0,23,57584.0
T2032,U142,2023-03-01,Income,Freelance,57584.0,Bank_Transfer,Mumbai,No Notes,2023,3,1,2,4409.0,8248.0,8247.0,6968.0,24,13052.0
T7964,U142,2023-05-18,Income,Investment,13052.0,Upi,Lucknow,EMI payment,2023,5,18,3,57584.0,4409.0,8248.0,23413.666666666668,25,550580.0
T7130,U142,2023-05-21,Income,Others,550580.0,Card,Delhi,Medicine,2023,5,21,6,13052.0,57584.0,4409.0,25015.0,26,47099.0
T7712,U142,2023-06-25,Expense,Rent,47099.0,Card,Hyderabad,Books,2023,6,25,6,550580.0,13052.0,57584.0,207072.0,27,7298.0
T3224,U142,2023-10-08,Expense,Rent,7298.0,Card,Kolkata,Petrol,2023,10,8,6,47099.0,550580.0,13052.0,203577.0,28,6003.0
T2706,U142,2023-12-25,Expense,Education,6003.0,Card,Ahmedabad,misc,2023,12,25,0,7298.0,47099.0,550580.0,201659.0,29,9818.0
T11714,U142,2024-01-07,Expense,Savings,9818.0,Upi,Lucknow,asdfgh,2024,1,7,6,6003.0,7298.0,47099.0,20133.333333333332,30,3348.0
T9364,U142,2024-01-18,Expense,Education,3348.0,Unknown,Jaipur,No Notes,2024,1,18,3,9818.0,6003.0,7298.0,7706.333333333333,31,38714.0
T13139,U142,2024-06-11,Income,Bonus,38714.0,Card,Lucknow,Restaurant dinner,2024,6,11,1,3348.0,9818.0,6003.0,6389.666666666667,32,2495.0
T11668,U143,2021-03-18,Expense,Food,231.0,Upi,Jaipur,Uber ride,2021,3,18,3,2303.0,18584.0,150.0,7012.333333333333,3,5733.0
T0217,U143,2021-03-27,Expense,Travel,5733.0,Card,Lucknow,Coffee,2021,3,27,5,231.0,2303.0,18584.0,7039.333333333333,4,9508.0
T6612,U143,2021-04-27,Expense,Savings,9508.0,Upi,Chennai,Movie tickets,2021,4,27,1,5733.0,231.0,2303.0,2755.6666666666665,5,7640.0
T1605,U143,2021-05-22,Expense,Travel,7640.0,Upi,Kolkata,Lunch,2021,5,22,5,9508.0,5733.0,231.0,5157.333333333333,6,32134.0
T0276,U143,2021-08-31,Expense,Rent,32134.0,Upi,Delhi,Fixed deposit,2021,8,31,1,7640.0,9508.0,5733.0,7627.0,7,14330.0
T0412,U143,2021-09-15,Expense,Rent,14330.0,Bank_Transfer,Mumbai,No Notes,2021,9,15,2,32134.0,7640.0,9508.0,16427.333333333332,8,812.0
T3209,U143,2021-11-12,Expense,Food,812.0,Card,Kolkata,No Notes,2021,11,12,4,14330.0,32134.0,7640.0,18034.666666666668,9,9687.0
T2384,U143,2022-03-02,Expense,Travel,9687.0,Upi,Lucknow,No Notes,2022,3,2,2,812.0,14330.0,32134.0,15758.666666666666,10,3570.0
T6322,U143,2022-03-08,Expense,Entertainment,3570.0,Bank_Transfer,Kolkata,Uber ride,2022,3,8,1,9687.0,812.0,14330.0,8276.333333333334,11,6363.0
T3710,U143,2022-07-07,Expense,Food,6363.0,Cash,Chennai,Movie tickets,2022,7,7,3,3570.0,9687.0,812.0,4689.666666666667,12,6714.0
T4407,U143,2022-07-29,Expense,Education,6714.0,Bank_Transfer,Hyderabad,No Notes,2022,7,29,4,6363.0,3570.0,9687.0,6540.0,13,3476.0
T5131,U143,2022-09-11,Expense,Food,3476.0,Bank_Transfer,Jaipur,No Notes,2022,9,11,6,6714.0,6363.0,3570.0,5549.0,14,3418.0
T13633,U143,2022-11-22,Expense,Others,3418.0,Bank_Transfer,Jaipur,Books,2022,11,22,1,3476.0,6714.0,6363.0,5517.666666666667,15,6267.0
T12674,U143,2023-01-07,Expense,Entertainment,6267.0,Card,Jaipur,No Notes,2023,1,7,5,3418.0,3476.0,6714.0,4536.0,16,4205.0
T8056,U143,2023-01-12,Expense,Entertainment,4205.0,Cash,Lucknow,Coffee,2023,1,12,3,6267.0,3418.0,3476.0,4387.0,17,64553.0
T8414,U143,2023-01-19,Income,Freelance,64553.0,Upi,Kolkata,Shopping,2023,1,19,3,4205.0,6267.0,3418.0,4630.0,18,2505.0
T10195,U143,2023-02-14,Expense,Entertainment,2505.0,Card,Pune,No Notes,2023,2,14,1,64553.0,4205.0,6267.0,25008.333333333332,19,1614.0
T0116,U143,2023-03-07,Expense,Rent,1614.0,Bank_Transfer,Delhi,Medicine,2023,3,7,1,2505.0,64553.0,4205.0,23754.333333333332,20,43829.0
T10452,U143,2023-05-28,Expense,Rent,43829.0,Card,Bangalore,EMI payment,2023,5,28,6,1614.0,2505.0,64553.0,22890.666666666668,21,7208.0
T13622,U143,2023-08-12,Expense,Education,7208.0,Cash,Mumbai,xyz123,2023,8,12,5,43829.0,1614.0,2505.0,15982.666666666666,22,8950.0
T1015,U143,2023-09-26,Expense,Rent,8950.0,Cash,Bangalore,Petrol,2023,9,26,1,7208.0,43829.0,1614.0,17550.333333333332,23,386572.0
T9468,U143,2023-11-13,Income,Investment,386572.0,Cash,Unknown,!!!,2023,11,13,0,8950.0,7208.0,43829.0,19995.666666666668,24,6068.0
T0885,U143,2023-11-29,Expense,Entertainment,6068.0,Card,Unknown,Coffee,2023,11,29,2,386572.0,8950.0,7208.0,134243.33333333334,25,6278.0
T3966,U143,2023-12-09,Expense,Others,6278.0,Upi,Unknown,!!!,2023,12,9,5,6068.0,386572.0,8950.0,133863.33333333334,26,782862.0
T2639,U143,2024-01-18,Income,Investment,782862.0,Cash,Lucknow,test,2024,1,18,3,6278.0,6068.0,386572.0,132972.66666666666,27,58332.0
T10501,U143,2024-04-17,Income,Others,58332.0,Cash,Bangalore,Uber ride,2024,4,17,2,782862.0,6278.0,6068.0,265069.3333333333,28,6257.0
T4565,U143,2024-05-03,Expense,Food,6257.0,Card,Ahmedabad,Doctor consultation,2024,5,3,4,58332.0,782862.0,6278.0,282490.6666666667,29,2736.0
T10519,U144,2021-07-14,Income,Investment,37195.0,Card,Jaipur,No Notes,2021,7,14,2,4927.0,404.0,51541.0,18957.333333333332,3,3458.0
T13836,U144,2021-10-19,Expense,Entertainment,3458.0,Cash,Delhi,asdfgh,2021,10,19,1,37195.0,4927.0,404.0,14175.333333333334,4,8646.0
T5661,U144,2021-11-13,Expense,Rent,8646.0,Card,Unknown,No Notes,2021,11,13,5,3458.0,37195.0,4927.0,15193.333333333334,5,9872.0
T2725,U144,2021-11-15,Expense,Rent,9872.0,Upi,Jaipur,No Notes,2021,11,15,0,8646.0,3458.0,37195.0,16433.0,6,8281.0
T7934,U144,2021-12-12,Expense,Travel,8281.0,Bank_Transfer,Lucknow,test,2021,12,12,6,9872.0,8646.0,3458.0,7325.333333333333,7,6609.0
T5830,U144,2022-01-03,Expense,Savings,6609.0,Upi,Chennai,Restaurant dinner,2022,1,3,0,8281.0,9872.0,8646.0,8933.0,8,4254.0
T6440,U144,2022-02-09,Expense,Rent,4254.0,Bank_Transfer,Chennai,asdfgh,2022,2,9,2,6609.0,8281.0,9872.0,8254.0,9,1686.0
T13620,U144,2022-03-20,Expense,Utilities,1686.0,Upi,Jaipur,No Notes,2022,3,20,6,4254.0,6609.0,8281.0,6381.333333333333,10,3385.0
T12105,U144,2022-04-14,Expense,Food,3385.0,Bank_Transfer,Hyderabad,asdfgh,2022,4,14,3,1686.0,4254.0,6609.0,4183.0,11,9535.0
T0245,U144,2022-06-12,Expense,Utilities,9535.0,Upi,Jaipur,No Notes,2022,6,12,6,3385.0,1686.0,4254.0,3108.3333333333335,12,4502.0
T2529,U144,2022-06-23,Expense,Travel,4502.0,Bank_Transfer,Bangalore,xyz123,2022,6,23,3,9535.0,3385.0,1686.0,4868.666666666667,13,34920.0
T10102,U144,2022-07-13,Expense,Rent,34920.0,Upi,Mumbai,No Notes,2022,7,13,2,4502.0,9535.0,3385.0,5807.333333333333,14,2499.0
T0101,U144,2022-07-15,Expense,Entertainment,2499.0,Upi,Ahmedabad,Books,2022,7,15,4,34920.0,4502.0,9535.0,16319.0,15,6908.0
T3840,U144,2022-08-23,Expense,Utilities,6908.0,Card,Bangalore,No Notes,2022,8,23,1,2499.0,34920.0,4502.0,13973.666666666666,16,9400.0
T7756,U144,2022-09-23,Expense,Rent,9400.0,Bank_Transfer,Ahmedabad,No Notes,2022,9,23,4,6908.0,2499.0,34920.0,14775.666666666666,17,2141.0
T5190,U144,2022-09-29,Expense,Education,2141.0,Bank_Transfer,Ahmedabad,test,2022,9,29,3,9400.0,6908.0,2499.0,6269.0,18,9164.0
T11584,U144,2022-10-03,Expense,Food,9164.0,Card,Jaipur,asdfgh,2022,10,3,0,2141.0,9400.0,6908.0,6149.666666666667,19,3359.0
T0236,U144,2022-12-14,Expense,Food,3359.0,Cash,Unknown,No Notes,2022,12,14,2,9164.0,2141.0,9400.0,6901.666666666667,20,26635.0
T6476,U144,2022-12-23,Expense,Rent,26635.0,Cash,Mumbai,...,2022,12,23,4,3359.0,9164.0,2141.0,4888.0,21,5531.0
T12861,U144,2023-01-03,Expense,Entertainment,5531.0,Upi,Bangalore,Medicine,2023,1,3,1,26635.0,3359.0,9164.0,13052.666666666666,22,5997.0
T0949,U144,2023-04-06,Expense,Food,5997.0,Card,Bangalore,!!!,2023,4,6,3,5531.0,26635.0,3359.0,11841.666666666666,23,53848.0
T8763,U144,2023-05-24,Income,Others,53848.0,Card,Unknown,No Notes,2023,5,24,2,5997.0,5531.0,26635.0,12721.0,24,18227.0
T3517,U144,2023-06-28,Income,Others,18227.0,Card,Pune,No Notes,2023,6,28,2,53848.0,5997.0,5531.0,21792.0,25,6539.0
T5024,U144,2023-09-06,Expense,Travel,6539.0,Upi,Chennai,Train ticket,2023,9,6,2,18227.0,53848.0,5997.0,26024.0,26,6165.0
T13191,U144,2023-10-16,Expense,Food,6165.0,Bank_Transfer,Bangalore,Movie tickets,2023,10,16,0,6539.0,18227.0,53848.0,26204.666666666668,27,8528.0
T2861,U144,2023-11-08,Expense,Utilities,8528.0,Unknown,Hyderabad,Train ticket,2023,11,8,2,6165.0,6539.0,18227.0,10310.333333333334,28,53035.0
T5322,U144,2023-12-18,Income,Freelance,53035.0,Bank_Transfer,Ahmedabad,misc,2023,12,18,0,8528.0,6165.0,6539.0,7077.333333333333,29,2031.0
T10696,U144,2024-01-16,Expense,Education,2031.0,Card,Kolkata,Electricity bill,2024,1,16,1,53035.0,8528.0,6165.0,22576.0,30,64156.0
T5183,U144,2024-03-11,Income,Investment,64156.0,Cash,Delhi,Monthly rent payment,2024,3,11,0,2031.0,53035.0,8528.0,21198.0,31,3043.0
T4964,U144,2024-08-20,Expense,Food,3043.0,Bank_Transfer,Mumbai,misc,2024,8,20,1,64156.0,2031.0,53035.0,39740.666666666664,32,4274.0
T1131,U145,2021-05-02,Expense,Entertainment,2912.0,Upi,Kolkata,misc,2021,5,2,6,1530.0,2560.0,7391.0,3827.0,3,9693.0
T11873,U145,2021-11-15,Expense,Health,9693.0,Upi,Chennai,No Notes,2021,11,15,0,2912.0,1530.0,2560.0,2334.0,4,6351.0
T8476,U145,2021-11-26,Expense,Entertainment,6351.0,Bank_Transfer,Lucknow,Gym membership,2021,11,26,4,9693.0,2912.0,1530.0,4711.666666666667,5,8773.0
T2228,U145,2022-01-19,Expense,Travel,8773.0,Card,Delhi,test,2022,1,19,2,6351.0,9693.0,2912.0,6318.666666666667,6,3956.0
T1626,U145,2022-01-30,Expense,Others,3956.0,Bank_Transfer,Kolkata,...,2022,1,30,6,8773.0,6351.0,9693.0,8272.333333333334,7,3156.0
T8787,U145,2022-04-29,Expense,Food,3156.0,Cash,Ahmedabad,EMI payment,2022,4,29,4,3956.0,8773.0,6351.0,6360.0,8,77593.0
T10672,U145,2022-07-12,Income,Others,77593.0,Bank_Transfer,Chennai,Grocery shopping,2022,7,12,1,3156.0,3956.0,8773.0,5295.0,9,13482.0
T1895,U145,2022-08-18,Income,Freelance,13482.0,Bank_Transfer,Delhi,...,2022,8,18,3,77593.0,3156.0,3956.0,28235.0,10,5984.0
T13562,U145,2022-09-26,Expense,Food,5984.0,Card,Ahmedabad,Petrol,2022,9,26,0,13482.0,77593.0,3156.0,31410.333333333332,11,6690.0
T6800,U145,2022-10-29,Expense,Entertainment,6690.0,Cash,Ahmedabad,Internet bill,2022,10,29,5,5984.0,13482.0,77593.0,32353.0,12,6540.0
T4193,U145,2022-11-18,Expense,Rent,6540.0,Card,Ahmedabad,No Notes,2022,11,18,4,6690.0,5984.0,13482.0,8718.666666666666,13,8193.0
T8109,U145,2022-11-29,Expense,Rent,8193.0,Cash,Lucknow,No Notes,2022,11,29,1,6540.0,6690.0,5984.0,6404.666666666667,14,40564.0
T9557,U145,2022-12-23,Expense,Rent,40564.0,Upi,Ahmedabad,Uber ride,2022,12,23,4,8193.0,6540.0,6690.0,7141.0,15,4723.0
T5823,U145,2023-03-29,Expense,Education,4723.0,Unknown,Mumbai,EMI payment,2023,3,29,2,40564.0,8193.0,6540.0,18432.333333333332,16,8024.0
T4333,U145,2023-05-11,Expense,Entertainment,8024.0,Card,Chennai,Books,2023,5,11,3,4723.0,40564.0,8193.0,17826.666666666668,17,6741.0
T1947,U145,2023-05-15,Expense,Rent,6741.0,Unknown,Chennai,Movie tickets,2023,5,15,0,8024.0,4723.0,40564.0,17770.333333333332,18,3517.0
T7051,U145,2023-05-24,Expense,Rent,3517.0,Upi,Kolkata,Gym membership,2023,5,24,2,6741.0,8024.0,4723.0,6496.0,19,6760.0
T9603,U145,2023-06-28,Expense,Rent,6760.0,Bank_Transfer,Kolkata,Uber ride,2023,6,28,2,3517.0,6741.0,8024.0,6094.0,20,3898.0
T8837,U145,2023-07-23,Expense,Entertainment,3898.0,Cash,Chennai,test,2023,7,23,6,6760.0,3517.0,6741.0,5672.666666666667,21,325.0
T1751,U145,2023-08-21,Expense,Health,325.0,Cash,Chennai,Monthly rent payment,2023,8,21,0,3898.0,6760.0,3517.0,4725.0,22,789.0
T6263,U145,2023-08-29,Expense,Travel,789.0,Upi,Kolkata,No Notes,2023,8,29,1,325.0,3898.0,6760.0,3661.0,23,2421.0
T3673,U145,2023-09-04,Expense,Savings,2421.0,Card,Delhi,Gym membership,2023,9,4,0,789.0,325.0,3898.0,1670.6666666666667,24,9011.0
T4992,U145,2023-09-16,Expense,Travel,9011.0,Card,Delhi,Grocery shopping,2023,9,16,5,2421.0,789.0,325.0,1178.3333333333333,25,23968.0
T7581,U145,2023-09-25,Income,Bonus,23968.0,Bank_Transfer,Chennai,ATM withdrawal,2023,9,25,0,9011.0,2421.0,789.0,4073.6666666666665,26,369.0
T10533,U145,2023-11-11,Expense,Others,369.0,Cash,Bangalore,...,2023,11,11,5,23968.0,9011.0,2421.0,11800.0,27,838.0
T2969,U145,2024-01-11,Expense,Food,838.0,Cash,Kolkata,!!!,2024,1,11,3,369.0,23968.0,9011.0,11116.0,28,257.0
T10335,U145,2024-02-27,Expense,Entertainment,257.0,Upi,Pune,No Notes,2024,2,27,1,838.0,369.0,23968.0,8391.666666666666,29,8099.0
T11009,U145,2024-04-24,Expense,Travel,8099.0,Bank_Transfer,Lucknow,asdfgh,2024,4,24,2,257.0,838.0,369.0,488.0,30,6812.0
T2068,U145,2024-05-03,Expense,Entertainment,6812.0,Upi,Delhi,asdfgh,2024,5,3,4,8099.0,257.0,838.0,3064.6666666666665,31,52361.0
T12228,U145,2024-05-13,Income,Freelance,52361.0,Cash,Jaipur,asdfgh,2024,5,13,0,6812.0,8099.0,257.0,5056.0,32,3982.0
T13448,U145,2024-06-02,Expense,Travel,3982.0,Card,Hyderabad,No Notes,2024,6,2,6,52361.0,6812.0,8099.0,22424.0,33,7630.0
T9876,U145,2024-07-02,Expense,Education,7630.0,Cash,Pune,...,2024,7,2,1,3982.0,52361.0,6812.0,21051.666666666668,34,1761.0
T5480,U145,2024-08-16,Expense,Health,1761.0,Unknown,Ahmedabad,!!!,2024,8,16,4,7630.0,3982.0,52361.0,21324.333333333332,35,66394.0
T12299,U145,2024-09-15,Income,Others,66394.0,Upi,Bangalore,Medicine,2024,9,15,6,1761.0,7630.0,3982.0,4457.666666666667,36,934.0
T2196,U145,2024-10-31,Expense,Utilities,934.0,Card,Mumbai,Fixed deposit,2024,10,31,3,66394.0,1761.0,7630.0,25261.666666666668,37,1792.0
T9455,U145,2024-11-02,Expense,Food,1792.0,Card,Delhi,Internet bill,2024,11,2,5,934.0,66394.0,1761.0,23029.666666666668,38,7185.0
T0745,U145,2024-11-17,Expense,Utilities,7185.0,Cash,Kolkata,ATM withdrawal,2024,11,17,6,1792.0,934.0,66394.0,23040.0,39,481.0
T10596,U146,2021-05-29,Income,Salary,19190.0,Unknown,Mumbai,...,2021,5,29,5,5885.0,8808.0,6659.0,7117.333333333333,3,5936.0
T1670,U146,2021-08-26,Expense,Food,5936.0,Card,Ahmedabad,Online course,2021,8,26,3,19190.0,5885.0,8808.0,11294.333333333334,4,5865.0
T2237,U146,2021-12-06,Expense,Health,5865.0,Card,Ahmedabad,No Notes,2021,12,6,0,5936.0,19190.0,5885.0,10337.0,5,5581.0
T0792,U146,2022-01-12,Expense,Rent,5581.0,Bank_Transfer,Bangalore,!!!,2022,1,12,2,5865.0,5936.0,19190.0,10330.333333333334,6,2118.0
T5925,U146,2022-03-23,Expense,Travel,2118.0,Card,Unknown,Coffee,2022,3,23,2,5581.0,5865.0,5936.0,5794.0,7,50347.0
T11808,U146,2022-04-05,Income,Salary,50347.0,Cash,Jaipur,No Notes,2022,4,5,1,2118.0,5581.0,5865.0,4521.333333333333,8,3287.0
T13072,U146,2022-04-25,Expense,Food,3287.0,Cash,Bangalore,Medicine,2022,4,25,0,50347.0,2118.0,5581.0,19348.666666666668,9,48885.0
T12355,U146,2022-06-01,Income,Bonus,48885.0,Bank_Transfer,Delhi,No Notes,2022,6,1,2,3287.0,50347.0,2118.0,18584.0,10,61594.0
T8042,U146,2022-06-30,Income,Salary,61594.0,Unknown,Chennai,...,2022,6,30,3,48885.0,3287.0,50347.0,34173.0,11,1464.0
T3693,U146,2022-10-12,Expense,Utilities,1464.0,Upi,Delhi,misc,2022,10,12,2,61594.0,48885.0,3287.0,37922.0,12,35442.0
T9471,U146,2022-11-03,Expense,Rent,35442.0,Cash,Kolkata,Petrol,2022,11,3,3,1464.0,61594.0,48885.0,37314.333333333336,13,4460.0
T10376,U146,2022-12-19,Expense,Rent,4460.0,Bank_Transfer,Bangalore,!!!,2022,12,19,0,35442.0,1464.0,61594.0,32833.333333333336,14,3832.0
T12131,U146,2022-12-23,Expense,Rent,3832.0,Unknown,Lucknow,No Notes,2022,12,23,4,4460.0,35442.0,1464.0,13788.666666666666,15,2586.0
T12598,U146,2023-01-26,Expense,Utilities,2586.0,Card,Mumbai,asdfgh,2023,1,26,3,3832.0,4460.0,35442.0,14578.0,16,8082.0
T7061,U146,2023-02-09,Expense,Travel,8082.0,Upi,Pune,No Notes,2023,2,9,3,2586.0,3832.0,4460.0,3626.0,17,59374.0
T6153,U146,2023-02-21,Income,Investment,59374.0,Cash,Mumbai,No Notes,2023,2,21,1,8082.0,2586.0,3832.0,4833.333333333333,18,73422.0
T0996,U146,2023-04-12,Income,Salary,73422.0,Card,Pune,Monthly rent payment,2023,4,12,2,59374.0,8082.0,2586.0,23347.333333333332,19,4506.0
T7313,U146,2023-05-28,Expense,Food,4506.0,Upi,Jaipur,Petrol,2023,5,28,6,73422.0,59374.0,8082.0,46959.333333333336,20,8190.0
T0042,U146,2023-06-19,Expense,Entertainment,8190.0,Upi,Unknown,Monthly rent payment,2023,6,19,0,4506.0,73422.0,59374.0,45767.333333333336,21,4974.0
T6486,U146,2023-06-24,Expense,Rent,4974.0,Bank_Transfer,Hyderabad,xyz123,2023,6,24,5,8190.0,4506.0,73422.0,28706.0,22,61776.0
T3674,U146,2023-07-12,Income,Salary,61776.0,Card,Pune,...,2023,7,12,2,4974.0,8190.0,4506.0,5890.0,23,1661.0
T11592,U146,2023-08-22,Expense,Travel,1661.0,Card,Kolkata,Shopping,2023,8,22,1,61776.0,4974.0,8190.0,24980.0,24,4322.0
T7094,U146,2023-08-23,Expense,Food,4322.0,Cash,Jaipur,xyz123,2023,8,23,2,1661.0,61776.0,4974.0,22803.666666666668,25,6310.0
T8332,U146,2023-09-14,Expense,Travel,6310.0,Bank_Transfer,Kolkata,Internet bill,2023,9,14,3,4322.0,1661.0,61776.0,22586.333333333332,26,7612.0
T12898,U146,2023-11-17,Expense,Utilities,7612.0,Cash,Ahmedabad,No Notes,2023,11,17,4,6310.0,4322.0,1661.0,4097.666666666667,27,10666.0
T13689,U146,2023-11-29,Expense,Rent,10666.0,Card,Lucknow,test,2023,11,29,2,7612.0,6310.0,4322.0,6081.333333333333,28,4596.0
T9332,U146,2024-01-04,Expense,Education,4596.0,Bank_Transfer,Lucknow,Uber ride,2024,1,4,3,10666.0,7612.0,6310.0,8196.0,29,8074.0
T11499,U146,2024-07-07,Expense,Utilities,8074.0,Cash,Kolkata,misc,2024,7,7,6,4596.0,10666.0,7612.0,7624.666666666667,30,29663.0
T2082,U147,2021-06-22,Expense,Education,9379.0,Card,Kolkata,Books,2021,6,22,1,36216.0,6185.0,3802.0,15401.0,3,7807.0
T5554,U147,2021-08-21,Expense,Entertainment,7807.0,Unknown,Lucknow,No Notes,2021,8,21,5,9379.0,36216.0,6185.0,17260.0,4,69831.0
T5174,U147,2021-11-13,Income,Bonus,69831.0,Cash,Unknown,No Notes,2021,11,13,5,7807.0,9379.0,36216.0,17800.666666666668,5,39184.0
T5632,U147,2022-02-05,Income,Bonus,39184.0,Card,Jaipur,Train ticket,2022,2,5,5,69831.0,7807.0,9379.0,29005.666666666668,6,28546.0
T8985,U147,2022-02-13,Income,Salary,28546.0,Cash,Unknown,xyz123,2022,2,13,6,39184.0,69831.0,7807.0,38940.666666666664,7,7151.0
T2066,U147,2022-04-14,Expense,Rent,7151.0,Cash,Unknown,No Notes,2022,4,14,3,28546.0,39184.0,69831.0,45853.666666666664,8,2357.0
T0977,U147,2022-06-24,Expense,Food,2357.0,Upi,Chennai,Gym membership,2022,6,24,4,7151.0,28546.0,39184.0,24960.333333333332,9,621176.0
T13301,U147,2022-07-09,Income,Others,621176.0,Card,Chennai,Restaurant dinner,2022,7,9,5,2357.0,7151.0,28546.0,12684.666666666666,10,3310.0
T4015,U147,2022-08-04,Expense,Education,3310.0,Cash,Ahmedabad,Coffee,2022,8,4,3,621176.0,2357.0,7151.0,210228.0,11,7781.0
T8064,U147,2022-09-07,Expense,Entertainment,7781.0,Upi,Ahmedabad,EMI payment,2022,9,7,2,3310.0,621176.0,2357.0,208947.66666666666,12,49391.0
T6816,U147,2022-09-10,Expense,Rent,49391.0,Upi,Chennai,ATM withdrawal,2022,9,10,5,7781.0,3310.0,621176.0,210755.66666666666,13,4585.0
T7957,U147,2022-11-08,Expense,Food,4585.0,Upi,Jaipur,No Notes,2022,11,8,1,49391.0,7781.0,3310.0,20160.666666666668,14,7454.0
T10473,U147,2022-11-24,Expense,Utilities,7454.0,Cash,Hyderabad,Coffee,2022,11,24,3,4585.0,49391.0,7781.0,20585.666666666668,15,6893.0
T13190,U147,2022-12-28,Expense,Entertainment,6893.0,Upi,Lucknow,Gym membership,2022,12,28,2,7454.0,4585.0,49391.0,20476.666666666668,16,7854.0
T5620,U147,2023-01-25,Expense,Rent,7854.0,Bank_Transfer,Bangalore,Gym membership,2023,1,25,2,6893.0,7454.0,4585.0,6310.666666666667,17,113.0
T6455,U147,2023-03-27,Expense,Food,113.0,Bank_Transfer,Mumbai,Petrol,2023,3,27,0,7854.0,6893.0,7454.0,7400.333333333333,18,8290.0
T9663,U147,2023-06-15,Expense,Rent,8290.0,Card,Lucknow,!!!,2023,6,15,3,113.0,7854.0,6893.0,4953.333333333333,19,400.0
T7787,U147,2023-07-06,Expense,Food,400.0,Bank_Transfer,Ahmedabad,Shopping,2023,7,6,3,8290.0,113.0,7854.0,5419.0,20,6062.0
T13932,U147,2023-11-21,Expense,Education,6062.0,Bank_Transfer,Lucknow,!!!,2023,11,21,1,400.0,8290.0,113.0,2934.3333333333335,21,8504.0
T8539,U147,2023-11-26,Expense,Utilities,8504.0,Upi,Pune,No Notes,2023,11,26,6,6062.0,400.0,8290.0,4917.333333333333,22,558.0
T0405,U147,2023-12-07,Expense,Travel,558.0,Cash,Chennai,Train ticket,2023,12,7,3,8504.0,6062.0,400.0,4988.666666666667,23,50177.0
T4305,U147,2023-12-17,Income,Bonus,50177.0,Upi,Chennai,Grocery shopping,2023,12,17,6,558.0,8504.0,6062.0,5041.333333333333,24,7874.0
T7330,U147,2023-12-21,Expense,Food,7874.0,Bank_Transfer,Pune,EMI payment,2023,12,21,3,50177.0,558.0,8504.0,19746.333333333332,25,1553.0
T12732,U147,2024-03-08,Expense,Food,1553.0,Upi,Pune,No Notes,2024,3,8,4,7874.0,50177.0,558.0,19536.333333333332,26,8270.0
T3700,U147,2024-07-19,Expense,Education,8270.0,Bank_Transfer,Lucknow,ATM withdrawal,2024,7,19,4,1553.0,7874.0,50177.0,19868.0,27,6722.0
T12254,U147,2024-07-30,Expense,Utilities,6722.0,Unknown,Jaipur,No Notes,2024,7,30,1,8270.0,1553.0,7874.0,5899.0,28,885.0
T12397,U147,2024-08-13,Expense,Education,885.0,Upi,Delhi,asdfgh,2024,8,13,1,6722.0,8270.0,1553.0,5515.0,29,5935.0
T5216,U147,2024-09-13,Expense,Travel,5935.0,Upi,Hyderabad,Books,2024,9,13,4,885.0,6722.0,8270.0,5292.333333333333,30,6379.0
T1095,U147,2024-09-23,Expense,Entertainment,6379.0,Bank_Transfer,Mumbai,!!!,2024,9,23,0,5935.0,885.0,6722.0,4514.0,31,287.0
T4430,U147,2024-10-04,Expense,Rent,287.0,Card,Hyderabad,Restaurant dinner,2024,10,4,4,6379.0,5935.0,885.0,4399.666666666667,32,2247.0
T9277,U147,2024-11-02,Expense,Education,2247.0,Card,Lucknow,misc,2024,11,2,5,287.0,6379.0,5935.0,4200.333333333333,33,707.0
T4582,U147,2024-12-15,Expense,Food,707.0,Bank_Transfer,Lucknow,Doctor consultation,2024,12,15,6,2247.0,287.0,6379.0,2971.0,34,45547.0
T0408,U147,2024-12-19,Expense,Rent,45547.0,Card,Mumbai,Restaurant dinner,2024,12,19,3,707.0,2247.0,287.0,1080.3333333333333,35,79015.0
T10828,U148,2021-08-23,Income,Freelance,75155.0,Upi,Jaipur,!!!,2021,8,23,0,6889.0,716.0,18437.0,8680.666666666666,3,9178.0
T10940,U148,2021-08-28,Expense,Travel,9178.0,Unknown,Mumbai,Restaurant dinner,2021,8,28,5,75155.0,6889.0,716.0,27586.666666666668,4,156.0
T13602,U148,2021-09-05,Expense,Travel,156.0,Card,Chennai,!!!,2021,9,5,6,9178.0,75155.0,6889.0,30407.333333333332,5,67320.0
T3461,U148,2021-10-21,Income,Investment,67320.0,Bank_Transfer,Jaipur,Gym membership,2021,10,21,3,156.0,9178.0,75155.0,28163.0,6,5387.0
T10349,U148,2022-01-02,Expense,Entertainment,5387.0,Bank_Transfer,Unknown,EMI payment,2022,1,2,6,67320.0,156.0,9178.0,25551.333333333332,7,12787.0
T6644,U148,2022-01-31,Income,Others,12787.0,Cash,Delhi,Grocery shopping,2022,1,31,0,5387.0,67320.0,156.0,24287.666666666668,8,3279.0
T8723,U148,2022-05-15,Expense,Food,3279.0,Cash,Hyderabad,misc,2022,5,15,6,12787.0,5387.0,67320.0,28498.0,9,3479.0
T12167,U148,2022-05-25,Expense,Food,3479.0,Card,Lucknow,misc,2022,5,25,2,3279.0,12787.0,5387.0,7151.0,10,2750.0
T4281,U148,2022-06-04,Expense,Travel,2750.0,Card,Bangalore,Train ticket,2022,6,4,5,3479.0,3279.0,12787.0,6515.0,11,74667.0
T5001,U148,2022-08-31,Income,Investment,74667.0,Upi,Delhi,xyz123,2022,8,31,2,2750.0,3479.0,3279.0,3169.3333333333335,12,4759.0
T0191,U148,2022-09-04,Expense,Entertainment,4759.0,Card,Hyderabad,Uber ride,2022,9,4,6,74667.0,2750.0,3479.0,26965.333333333332,13,2691.0
T5540,U148,2022-10-22,Expense,Health,2691.0,Cash,Hyderabad,Restaurant dinner,2022,10,22,5,4759.0,74667.0,2750.0,27392.0,14,5101.0
T9038,U148,2022-10-30,Expense,Health,5101.0,Bank_Transfer,Pune,Books,2022,10,30,6,2691.0,4759.0,74667.0,27372.333333333332,15,4832.0
T8289,U148,2023-01-05,Expense,Utilities,4832.0,Card,Chennai,Train ticket,2023,1,5,3,5101.0,2691.0,4759.0,4183.666666666667,16,18868.0
T9732,U148,2023-02-27,Expense,Rent,18868.0,Upi,Jaipur,Doctor consultation,2023,2,27,0,4832.0,5101.0,2691.0,4208.0,17,6515.0
T11848,U148,2023-03-04,Expense,Travel,6515.0,Cash,Lucknow,Internet bill,2023,3,4,5,18868.0,4832.0,5101.0,9600.333333333334,18,2340.0
T5805,U148,2023-06-06,Expense,Entertainment,2340.0,Bank_Transfer,Mumbai,Shopping,2023,6,6,1,6515.0,18868.0,4832.0,10071.666666666666,19,4247.0
T10245,U148,2023-07-30,Expense,Travel,4247.0,Upi,Chennai,No Notes,2023,7,30,6,2340.0,6515.0,18868.0,9241.0,20,4729.0
T5064,U148,2023-10-14,Expense,Food,4729.0,Cash,Delhi,No Notes,2023,10,14,5,4247.0,2340.0,6515.0,4367.333333333333,21,4194.0
T12091,U148,2023-11-05,Expense,Utilities,4194.0,Bank_Transfer,Mumbai,misc,2023,11,5,6,4729.0,4247.0,2340.0,3772.0,22,11741.0
T10634,U148,2024-06-17,Expense,Rent,11741.0,Cash,Bangalore,test,2024,6,17,0,4194.0,4729.0,4247.0,4390.0,23,5353.0
T12334,U148,2024-06-22,Expense,Education,5353.0,Card,Pune,Fixed deposit,2024,6,22,5,11741.0,4194.0,4729.0,6888.0,24,7503.0
T2267,U148,2024-07-02,Expense,Food,7503.0,Bank_Transfer,Pune,Internet bill,2024,7,2,1,5353.0,11741.0,4194.0,7096.0,25,42663.0
T2243,U148,2024-08-27,Expense,Rent,42663.0,Bank_Transfer,Delhi,No Notes,2024,8,27,1,7503.0,5353.0,11741.0,8199.0,26,2460.0
T4170,U148,2024-09-21,Expense,Food,2460.0,Card,Ahmedabad,Lunch,2024,9,21,5,42663.0,7503.0,5353.0,18506.333333333332,27,5908.0
T13645,U148,2024-09-22,Expense,Food,5908.0,Upi,Bangalore,Electricity bill,2024,9,22,6,2460.0,42663.0,7503.0,17542.0,28,20252.0
T5834,U148,2024-09-25,Income,Others,20252.0,Upi,Jaipur,Online course,2024,9,25,2,5908.0,2460.0,42663.0,17010.333333333332,29,3087.0
T2263,U148,2024-10-22,Expense,Food,3087.0,Card,Mumbai,Restaurant dinner,2024,10,22,1,20252.0,5908.0,2460.0,9540.0,30,7063.0
T12215,U148,2024-10-29,Expense,Food,7063.0,Card,Chennai,EMI payment,2024,10,29,1,3087.0,20252.0,5908.0,9749.0,31,7804.0
T1560,U148,2024-11-27,Expense,Travel,7804.0,Upi,Kolkata,EMI payment,2024,11,27,2,7063.0,3087.0,20252.0,10134.0,32,3983.0
T4295,U149,2021-05-05,Expense,Food,163.0,Card,Kolkata,test,2021,5,5,2,3191.0,5529.0,3226.0,3982.0,3,5005.0
T3447,U149,2021-05-08,Expense,Travel,5005.0,Cash,Jaipur,asdfgh,2021,5,8,5,163.0,3191.0,5529.0,2961.0,4,4825.0
T7970,U149,2021-06-24,Expense,Entertainment,4825.0,Bank_Transfer,Unknown,asdfgh,2021,6,24,3,5005.0,163.0,3191.0,2786.3333333333335,5,9638.0
T12612,U149,2021-08-20,Expense,Rent,9638.0,Card,Pune,Train ticket,2021,8,20,4,4825.0,5005.0,163.0,3331.0,6,6231.0
T2859,U149,2021-09-20,Expense,Travel,6231.0,Cash,Lucknow,asdfgh,2021,9,20,0,9638.0,4825.0,5005.0,6489.333333333333,7,9139.0
T3914,U149,2021-10-21,Expense,Food,9139.0,Upi,Ahmedabad,Fixed deposit,2021,10,21,3,6231.0,9638.0,4825.0,6898.0,8,7781.0
T13525,U149,2021-12-29,Expense,Others,7781.0,Card,Bangalore,Doctor consultation,2021,12,29,2,9139.0,6231.0,9638.0,8336.0,9,38108.0
T9215,U149,2022-01-07,Income,Bonus,38108.0,Bank_Transfer,Ahmedabad,Online course,2022,1,7,4,7781.0,9139.0,6231.0,7717.0,10,9509.0
T7586,U149,2022-01-11,Expense,Entertainment,9509.0,Card,Kolkata,No Notes,2022,1,11,1,38108.0,7781.0,9139.0,18342.666666666668,11,9061.0
T2351,U149,2022-03-02,Expense,Entertainment,9061.0,Cash,Bangalore,Internet bill,2022,3,2,2,9509.0,38108.0,7781.0,18466.0,12,6985.0
T1738,U149,2022-04-20,Expense,Savings,6985.0,Upi,Mumbai,misc,2022,4,20,2,9061.0,9509.0,38108.0,18892.666666666668,13,1329.0
T5151,U149,2022-04-26,Expense,Utilities,1329.0,Card,Bangalore,!!!,2022,4,26,1,6985.0,9061.0,9509.0,8518.333333333334,14,8214.0
T5992,U149,2022-06-24,Expense,Travel,8214.0,Cash,Mumbai,No Notes,2022,6,24,4,1329.0,6985.0,9061.0,5791.666666666667,15,1671.0
T13615,U149,2022-06-28,Expense,Education,1671.0,Upi,Chennai,Internet bill,2022,6,28,1,8214.0,1329.0,6985.0,5509.333333333333,16,3512.0
T11483,U149,2022-08-06,Expense,Food,3512.0,Upi,Jaipur,Restaurant dinner,2022,8,6,5,1671.0,8214.0,1329.0,3738.0,17,14916.0
T7897,U149,2022-09-29,Income,Investment,14916.0,Bank_Transfer,Bangalore,No Notes,2022,9,29,3,3512.0,1671.0,8214.0,4465.666666666667,18,6328.0
T13527,U149,2022-10-05,Expense,Education,6328.0,Cash,Mumbai,Restaurant dinner,2022,10,5,2,14916.0,3512.0,1671.0,6699.666666666667,19,7327.0
T1931,U149,2023-01-18,Expense,Rent,7327.0,Upi,Delhi,...,2023,1,18,2,6328.0,14916.0,3512.0,8252.0,20,3622.0
T11679,U149,2023-01-24,Expense,Education,3622.0,Cash,Jaipur,Coffee,2023,1,24,1,7327.0,6328.0,14916.0,9523.666666666666,21,6114.0
T13864,U149,2023-03-21,Expense,Travel,6114.0,Upi,Kolkata,Shopping,2023,3,21,1,3622.0,7327.0,6328.0,5759.0,22,194.0
T8716,U149,2023-03-29,Expense,Food,194.0,Upi,Pune,Online course,2023,3,29,2,6114.0,3622.0,7327.0,5687.666666666667,23,5933.0
T6838,U149,2023-05-16,Expense,Travel,5933.0,Bank_Transfer,Pune,Train ticket,2023,5,16,1,194.0,6114.0,3622.0,3310.0,24,4043.0
T9035,U149,2023-07-02,Expense,Utilities,4043.0,Card,Jaipur,EMI payment,2023,7,2,6,5933.0,194.0,6114.0,4080.3333333333335,25,459085.0
T13817,U149,2023-07-21,Income,Freelance,459085.0,Upi,Bangalore,Internet bill,2023,7,21,4,4043.0,5933.0,194.0,3390.0,26,6880.0
T12623,U149,2023-07-29,Expense,Travel,6880.0,Cash,Hyderabad,Grocery shopping,2023,7,29,5,459085.0,4043.0,5933.0,156353.66666666666,27,2074.0
T13462,U149,2023-08-24,Expense,Utilities,2074.0,Upi,Ahmedabad,Medicine,2023,8,24,3,6880.0,459085.0,4043.0,156669.33333333334,28,6696.0
T1322,U149,2023-08-31,Expense,Entertainment,6696.0,Unknown,Pune,Internet bill,2023,8,31,3,2074.0,6880.0,459085.0,156013.0,29,18129.0
T3288,U149,2023-10-17,Income,Others,18129.0,Bank_Transfer,Pune,...,2023,10,17,1,6696.0,2074.0,6880.0,5216.666666666667,30,9476.0
T1562,U149,2023-11-22,Expense,Education,9476.0,Bank_Transfer,Ahmedabad,No Notes,2023,11,22,2,18129.0,6696.0,2074.0,8966.333333333334,31,3726.0
T6859,U149,2024-01-08,Expense,Food,3726.0,Unknown,Lucknow,Internet bill,2024,1,8,0,9476.0,18129.0,6696.0,11433.666666666666,32,6736.0
T13683,U149,2024-05-21,Expense,Education,6736.0,Bank_Transfer,Jaipur,Gym membership,2024,5,21,1,3726.0,9476.0,18129.0,10443.666666666666,33,8065.0
T1519,U149,2024-06-14,Expense,Entertainment,8065.0,Upi,Chennai,Coffee,2024,6,14,4,6736.0,3726.0,9476.0,6646.0,34,880.0
T5208,U149,2024-06-28,Expense,Food,880.0,Bank_Transfer,Kolkata,Gym membership,2024,6,28,4,8065.0,6736.0,3726.0,6175.666666666667,35,317.0
T9351,U149,2024-07-07,Expense,Others,317.0,Unknown,Pune,No Notes,2024,7,7,6,880.0,8065.0,6736.0,5227.0,36,26401.0
T6618,U149,2024-08-22,Income,Freelance,26401.0,Unknown,Kolkata,EMI payment,2024,8,22,3,317.0,880.0,8065.0,3087.3333333333335,37,7003.0
T4927,U149,2024-09-25,Expense,Savings,7003.0,Cash,Delhi,No Notes,2024,9,25,2,26401.0,317.0,880.0,9199.333333333334,38,2188.0
T8609,U149,2024-10-22,Expense,Utilities,2188.0,Upi,Hyderabad,Petrol,2024,10,22,1,7003.0,26401.0,317.0,11240.333333333334,39,1954.0
T0821,U149,2024-11-23,Expense,Utilities,1954.0,Card,Jaipur,Gym membership,2024,11,23,5,2188.0,7003.0,26401.0,11864.0,40,8836.0
T12036,U149,2024-12-09,Expense,Utilities,8836.0,Bank_Transfer,Chennai,Internet bill,2024,12,9,0,1954.0,2188.0,7003.0,3715.0,41,8350.0
T12351,U150,2021-10-15,Expense,Utilities,6569.0,Upi,Jaipur,xyz123,2021,10,15,4,13459.0,1093.0,47628.0,20726.666666666668,3,63302.0
T9427,U150,2021-10-31,Income,Others,63302.0,Bank_Transfer,Pune,misc,2021,10,31,6,6569.0,13459.0,1093.0,7040.333333333333,4,3009.0
T4690,U150,2021-12-01,Expense,Travel,3009.0,Cash,Kolkata,ATM withdrawal,2021,12,1,2,63302.0,6569.0,13459.0,27776.666666666668,5,5563.0
T12568,U150,2022-02-18,Expense,Travel,5563.0,Upi,Hyderabad,Books,2022,2,18,4,3009.0,63302.0,6569.0,24293.333333333332,6,7063.0
T0431,U150,2022-03-01,Expense,Rent,7063.0,Upi,Bangalore,Online course,2022,3,1,1,5563.0,3009.0,63302.0,23958.0,7,999999.0
T4614,U150,2022-03-18,Expense,Utilities,999999.0,Cash,Jaipur,Electricity bill,2022,3,18,4,7063.0,5563.0,3009.0,5211.666666666667,8,2639.0
T0192,U150,2022-05-13,Expense,Food,2639.0,Cash,Mumbai,Electricity bill,2022,5,13,4,999999.0,7063.0,5563.0,337541.6666666667,9,9279.0
T13436,U150,2022-05-13,Expense,Health,9279.0,Cash,Jaipur,asdfgh,2022,5,13,4,2639.0,999999.0,7063.0,336567.0,10,840.0
T12474,U150,2022-06-09,Expense,Utilities,840.0,Upi,Kolkata,Doctor consultation,2022,6,9,3,9279.0,2639.0,999999.0,337305.6666666667,11,76222.0
T9537,U150,2022-09-01,Income,Bonus,76222.0,Cash,Lucknow,Petrol,2022,9,1,3,840.0,9279.0,2639.0,4252.666666666667,12,19947.0
T2849,U150,2022-10-10,Income,Investment,19947.0,Bank_Transfer,Lucknow,Coffee,2022,10,10,0,76222.0,840.0,9279.0,28780.333333333332,13,4012.0
T4217,U150,2022-10-17,Expense,Food,4012.0,Card,Kolkata,Monthly rent payment,2022,10,17,0,19947.0,76222.0,840.0,32336.333333333332,14,2515.0
T1018,U150,2022-12-04,Expense,Travel,2515.0,Bank_Transfer,Delhi,Train ticket,2022,12,4,6,4012.0,19947.0,76222.0,33393.666666666664,15,1248.0
T1487,U150,2023-03-01,Expense,Travel,1248.0,Bank_Transfer,Pune,No Notes,2023,3,1,2,2515.0,4012.0,19947.0,8824.666666666666,16,33062.0
T8023,U150,2023-03-08,Income,Investment,33062.0,Cash,Bangalore,Books,2023,3,8,2,1248.0,2515.0,4012.0,2591.6666666666665,17,8512.0
T8310,U150,2023-07-29,Expense,Food,8512.0,Cash,Ahmedabad,asdfgh,2023,7,29,5,33062.0,1248.0,2515.0,12275.0,18,2166.0
T8956,U150,2023-12-10,Expense,Rent,2166.0,Cash,Bangalore,EMI payment,2023,12,10,6,8512.0,33062.0,1248.0,14274.0,19,3478.0
T5633,U150,2023-12-13,Expense,Savings,3478.0,Bank_Transfer,Pune,Gym membership,2023,12,13,2,2166.0,8512.0,33062.0,14580.0,20,4455.0
T11039,U150,2024-01-07,Expense,Rent,4455.0,Upi,Bangalore,Doctor consultation,2024,1,7,6,3478.0,2166.0,8512.0,4718.666666666667,21,44906.0
T7556,U150,2024-01-26,Income,Salary,44906.0,Card,Bangalore,Movie tickets,2024,1,26,4,4455.0,3478.0,2166.0,3366.3333333333335,22,76239.0
T10707,U150,2024-02-12,Income,Salary,76239.0,Card,Mumbai,Internet bill,2024,2,12,0,44906.0,4455.0,3478.0,17613.0,23,4055.0
T2101,U150,2024-03-23,Expense,Food,4055.0,Bank_Transfer,Lucknow,Grocery shopping,2024,3,23,5,76239.0,44906.0,4455.0,41866.666666666664,24,6164.0
T7648,U150,2024-07-10,Expense,Savings,6164.0,Cash,Ahmedabad,No Notes,2024,7,10,2,4055.0,76239.0,44906.0,41733.333333333336,25,2420.0
