transaction_id,user_id,date,transaction_type,category,amount,payment_mode,location,notes
T4999,U018,2023-04-25,Expense,Educaton,3888.0,card,Ahmedabad,Movie tickets
T12828,U133,08/05/2022,Expense,rent,649.0,,Hyderabad,asdfgh
T7403,U091,31-12-23,Income,Freelance,13239.0,Csh,BAN,Books
T7495,U088,10/28/2022,Expense,entertainment,2287.0,CARD,Hyderabad,No Notes
T12465,U042,04/11/2024,Expense,Foods,4168.0,,Unknown,test
T4518,U026,08/16/2022,Expense,education,828.0,Crd,Lucknow,Uber ride
T9824,U061,2024-12-12,Income,Salary,62061.0,CRD,AHM,...
T0741,U053,13-03-24,Expense,Utilties,5070.0,upi,KOL,Grocery shopping
T12403,U004,11/10/2023,Income,Others,59543.0,UPI,LUC,Gym membership
T6861,U112,2021-04-18,Expense,Utility,4262.0,upi,AHM,Uber ride
T9446,U006,06/29/2022,Expense,Utlities,5767.0,Bank Transfer,BANGALORE,No Notes
T3016,U099,02/24/2022,Expense,Rentt,23760.0,CRD,BANGALORE,Electricity bill
T11564,U148,08/28/2023,Expense,Food,898.0,UPI,LUC,Restaurant dinner
T11382,U111,02-06-23,Income,Freelance,25143.0,card,CHENNAI,No Notes
T3133,U024,17-07-24,Expense,rent,9567.0,bank transfer,PUNE,ATM withdrawal
T1982,U089,2021-02-27,Income,Others,49683.0,,lucknow,xyz123
T7154,U039,21-09-2024,Expense,FOOD,222.0,UPI,Bangalore,misc
T2699,U092,25-02-23,Expense,Travel,2553.0,UPi,LUC,Doctor consultation
T5774,U005,2021-02-14,Expense,food,7406.0,card,BANGALORE,xyz123
T12850,U076,06/09/2021,Expense,rent,3010.0,UPI,KOL,No Notes
T6195,U038,20-11-2024,Income,Salary,855881.0,BankTransfer,Jaipur,No Notes
T5731,U027,2023-02-04,Expense,Foods,2206.0,Bank_Transfer,Unknown,xyz123
T0909,U013,2024-04-20,Expense,Entertainment,7038.0,card,JAI,Gym membership
T7565,U075,24-01-22,Expense,Travl,4286.0,BankTransfer,hyderabad,No Notes
T1653,U099,2024-12-16,Expense,education,8119.0,CARD,Hyderabad,Books
T6239,U150,28-12-21,Expense,education,4189.0,Card,Bangalore,Uber ride
T2849,U150,2022-10-10,Income,Investment,19947.0,Bank Transfr,LUCKNOW,Coffee
T3127,U023,2021-05-22,Expense,FOOD,5107.0,upi,Unknown,Shopping
T4949,U101,03-01-23,Expense,Foodd,3865.0,BankTransfer,JAI,No Notes
T3563,U007,05-05-21,Expense,Travel,2407.0,CRD,CHE,Internet bill
T10891,U055,09/08/2024,Expense,Food,3085.0,CARD,JAIPUR,Electricity bill
T10872,U080,2023-02-22,Expense,HEALTH,5252.0,,Delhi,Online course
T6786,U017,12/15/2022,Expense,rent,1380.0,Bank Transfr,hyderabad,Train ticket
T3396,U136,22-09-2021,Expense,RENT,7619.0,csh,pune,Movie tickets
T1215,U150,29-12-23,Expense,Others,4823.0,Cash,Ahmedabad,...
T5293,U044,23-02-21,Expense,Helth,8497.0,,KOLKATA,Gym membership
T12220,U122,11/14/2023,Expense,Foods,999999.0,UPi,LUC,No Notes
T2003,U149,04/15/2021,Expense,Travel,8241.0,upi,Unknown,Movie tickets
T9452,U062,24-09-23,Expense,rent,8579.0,bank transfer,AHMEDABAD,...
T4924,U082,05/25/2022,Expense,Foods,235.0,card,CHENNAI,ATM withdrawal
T11911,U069,22-06-2023,Expense,Foodd,1263.0,upi,lucknow,No Notes
T11270,U022,2023-08-09,Expense,HEALTH,2134.0,Bank Transfr,JAI,Books
T13032,U150,06/19/2021,Expense,Education,2228.0,Cash,DELHI,Movie tickets
T6095,U110,2024-01-11,Expense,RENT,4641.0,BankTransfer,delhi,ATM withdrawal
T0361,U055,2023-08-16,Expense,utilities,1081.0,CRD,PUNE,No Notes
T7314,U103,26-02-2022,Expense,entertainment,371.0,Csh,MUM,Uber ride
T11430,U108,07/10/2021,Expense,Food,225.0,Crd,Pune,!!!
T12663,U052,04/15/2023,Expense,Rent,23776.0,Upi,Bangalore,Doctor consultation
T6106,U008,23-04-23,Expense,HEALTH,6707.0,card,DELHI,No Notes
T9628,U096,22-03-24,Expense,Fod,8380.0,Bank Transfer,hyderabad,No Notes
T1623,U017,04/10/2021,Expense,Utlities,601.0,bank transfer,JAIPUR,Medicine
T13765,U034,09/05/2024,Expense,Others,3219.0,csh,hyderabad,Internet bill
T5930,U011,04/21/2024,Expense,savings,8111.0,,DEL,Grocery shopping
T1627,U069,04/18/2022,Expense,Utilties,5554.0,Bank Transfer,HYDERABAD,EMI payment
T4242,U053,2024-08-15,Income,Salary,41573.0,Bank Transfr,mumbai,Coffee
T12437,U004,12-01-2024,Expense,EDU,3110.0,BankTransfer,chennai,Doctor consultation
T8670,U030,25-07-24,Expense,Foodd,4277.0,Crd,PUNE,Train ticket
T11341,U127,17-01-24,Expense,Foods,3047.0,CRD,Mumbai,Grocery shopping
T9556,U008,2024-06-27,Income,Freelance,10183.0,,DELHI,No Notes
T2449,U028,04/16/2022,Expense,Travel,9888.0,bank transfer,DEL,Shopping
T4357,U088,07/03/2024,Expense,Rentt,7217.0,cash,DELHI,Internet bill
T0815,U141,2021-10-05,Expense,Education,9725.0,Bank Transfr,CHE,Restaurant dinner
T7919,U086,2023-05-27,Expense,entertainment,9648.0,Bank Transfr,kolkata,!!!
T5695,U061,2023-10-22,Expense,Traval,1643.0,CARD,Mumbai,Petrol
T2471,U066,12/23/2021,Expense,Education,7397.0,Csh,DEL,test
T3475,U046,2022-12-10,Income,Freelance,70075.0,Upi,Kolkata,Gym membership
T5875,U081,2021-10-31,Expense,Foods,864.0,Bank Transfr,Mumbai,Shopping
T10128,U104,2024-09-06,Expense,,6228.0,Cash,hyderabad,No Notes
T3491,U061,04/10/2024,Expense,Educaton,1206.0,cash,Ahmedabad,Shopping
T2225,U028,2023-07-06,Expense,Education,8204.0,CRD,Unknown,!!!
T6946,U068,06/23/2024,Expense,EDU,5756.0,UPI,HYDERABAD,xyz123
T2022,U056,12/20/2021,Expense,food,5576.0,BankTransfer,DEL,Medicine
T13529,U123,2021-11-05,Expense,health,9771.0,Bank_Transfer,Pune,Petrol
T12210,U118,2022-01-25,Expense,Rentt,20509.0,Bank Transfr,bangalore,Train ticket
T6904,U063,2024-09-13,Income,Bonus,62193.0,Upi,CHE,Electricity bill
T0713,U055,2023-08-22,Expense,Utility,3367.0,Bank_Transfer,Ahmedabad,Monthly rent payment
T7323,U009,2024-05-13,Expense,health,2721.0,Upi,BANGALORE,EMI payment
T10231,U089,02/13/2023,Expense,rent,2962.0,Upi,ahmedabad,Books
T11570,U052,2022-09-23,Expense,travel,8283.0,card,AHMEDABAD,...
T13926,U134,2024-09-16,Expense,Utilities,3520.0,csh,MUMBAI,test
T0884,U115,04/07/2024,Expense,Travel,5524.0,Bank Transfer,Hyderabad,Fixed deposit
T5033,U119,2021-12-18,Expense,Traval,999999.0,upi,pune,Lunch
T8492,U101,11/14/2024,Expense,Entertainment,1800.0,Bank Transfer,ahmedabad,Internet bill
T4699,U090,08/07/2023,Income,Investment,32146.0,CASH,Delhi,ATM withdrawal
T1841,U097,03/10/2021,Income,Others,57173.0,Cash,Unknown,No Notes
T3041,U018,2021-07-11,Expense,Rnt,2966.0,Cash,bangalore,EMI payment
T7693,U116,31-08-24,Expense,Entertain,1004.0,Bank Transfer,KOLKATA,No Notes
T0071,U078,2024-04-26,Expense,Rnt,6141.0,csh,Pune,No Notes
T12197,U026,04/18/2022,Expense,Travel,9154.0,Crd,DELHI,...
T8563,U080,12/29/2024,Expense,travel,9705.0,CASH,Unknown,misc
T6626,U049,2022-08-14,Expense,Food,2637.0,Cash,jaipur,Fixed deposit
T7302,U102,09/19/2024,Expense,FOOD,1073.0,CRD,lucknow,No Notes
T3552,U095,2024-01-21,Income,Bonus,34145.0,Bank Transfer,HYDERABAD,!!!
T1620,U040,08/30/2024,Expense,Utilties,527.0,Cash,MUM,No Notes
T7912,U115,06/15/2022,Expense,Saving,5195.0,UPi,LUC,Grocery shopping
T3571,U064,2024-10-05,Expense,Entrtnmnt,3143.0,Upi,CHENNAI,Books
T10957,U081,08/06/2023,Expense,travel,2135.0,CASH,Lucknow,Medicine
T0294,U080,25-12-24,Expense,Foodd,2163.0,Upi,mumbai,Doctor consultation
T9414,U149,06/09/2024,Expense,Rentt,42078.0,UPI,Kolkata,No Notes
T10537,U079,08-01-2023,Expense,Foods,2778.0,UPi,Ahmedabad,...
T1125,U105,2024-11-22,Expense,HEALTH,3929.0,CRD,Unknown,Shopping
T8978,U103,05-10-2024,Income,Freelance,23852.0,Crd,LUC,Coffee
T5936,U022,2021-06-13,Expense,,6856.0,,Chennai,Shopping
T3751,U103,2024-05-31,Income,Bonus,49639.0,,hyderabad,Online course
T0626,U122,19-08-2024,Expense,education,3150.0,BankTransfer,CHE,Coffee
T9500,U090,2022-06-07,Expense,Helth,9408.0,cash,hyderabad,Electricity bill
T1537,U056,06/25/2022,Expense,Entertain,4114.0,Upi,Delhi,Fixed deposit
T9185,U117,12/12/2022,Income,Bonus,14249.0,Bank Transfr,LUCKNOW,No Notes
T7093,U096,2023-03-29,Expense,TRAVEL,9681.0,Upi,delhi,Online course
T1990,U121,29-03-22,Expense,travel,3011.0,CRD,Kolkata,Grocery shopping
T4706,U150,06/13/2024,Expense,health,3150.0,UPi,Jaipur,No Notes
T8416,U133,05/05/2023,Income,Bonus,32789.0,csh,bangalore,Lunch
T11932,U100,2023-02-10,Expense,Utility,6704.0,UPI,MUM,Doctor consultation
T4683,U062,2022-08-27,Expense,Travel,4427.0,Card,Chennai,Gym membership
T10528,U071,27-11-21,Expense,entertainment,3121.0,Bank_Transfer,PUNE,Grocery shopping
T10806,U149,05/19/2024,Expense,FOOD,3802.0,Upi,Jaipur,Petrol
T10505,U099,03/06/2021,Expense,Education,544.0,upi,Ahmedabad,Lunch
T13682,U145,03/09/2023,Expense,Travel,9053.0,,LUCKNOW,...
T12807,U029,2021-06-05,Income,Freelance,32381.0,Bank Transfer,chennai,...
T6557,U007,28-01-23,Expense,Travel,8305.0,UPi,pune,test
T0409,U137,2021-02-08,Expense,Utility,8841.0,,mumbai,No Notes
T10784,U022,04/30/2021,Income,Investment,46219.0,CRD,Lucknow,No Notes
T2457,U054,03-10-21,Expense,Traval,9800.0,Cash,Mumbai,misc
T12395,U062,04/10/2021,Expense,Utilties,4451.0,Bank Transfer,MUMBAI,...
T1882,U101,09/25/2022,Expense,Education,9358.0,CRD,mumbai,No Notes
T13924,U035,08/24/2021,Expense,RENT,3569.0,cash,jaipur,Online course
T13453,U110,2024-11-05,Expense,Rnt,2979.0,cash,HYD,Medicine
T9836,U058,2024-09-11,Expense,Travel,1863.0,Bank_Transfer,hyderabad,Lunch
T13845,U066,06/24/2022,Expense,Rent,34984.0,UPi,chennai,Petrol
T11381,U107,05/12/2024,Income,Investment,44031.0,Bank Transfr,HYD,Online course
T5758,U049,08-04-2023,Expense,Rentt,21771.0,upi,chennai,No Notes
T12059,U077,12/11/2021,Income,Salary,24920.0,upi,chennai,Online course
T8889,U131,01-07-21,Expense,SAVINGS,8861.0,Bank Transfr,PUNE,...
T10327,U136,25-05-22,Expense,health,4201.0,Bank_Transfer,KOL,Online course
T4967,U113,2022-02-17,Expense,Rentt,47473.0,BankTransfer,hyderabad,Online course
T11849,U040,12/06/2021,Income,Investment,75822.0,csh,Mumbai,Medicine
T5167,U014,10/26/2021,Expense,food,677.0,Bank_Transfer,MUMBAI,Medicine
T3952,U120,08/26/2024,Expense,Rent,43252.0,csh,delhi,test
T5844,U086,2021-04-24,Expense,Food,2615.0,CRD,Lucknow,ATM withdrawal
T13040,U009,06-04-24,Expense,Foods,2855.0,UPI,BAN,misc
T3167,U145,28-11-21,Income,Bonus,57358.0,cash,Delhi,!!!
T8867,U105,11/14/2022,Expense,,6348.0,CRD,mumbai,Medicine
T5926,U016,13-07-24,Expense,RENT,4583.0,Bank_Transfer,Unknown,Lunch
T13662,U129,10/18/2021,Expense,Misc,4952.0,cash,HYDERABAD,ATM withdrawal
T13593,U018,03-11-24,Expense,others,3941.0,bank transfer,MUMBAI,Lunch
T12216,U116,21-04-23,Income,Others,47262.0,BankTransfer,KOL,No Notes
T8335,U001,19-06-21,Expense,Entertain,1998.0,upi,Lucknow,Internet bill
T4933,U018,03/17/2021,Expense,food,8124.0,,PUNE,Coffee
T7036,U105,01-12-21,Expense,Travel,1326.0,Card,Unknown,asdfgh
T9072,U066,09/26/2024,Expense,savings,4328.0,Upi,MUMBAI,Medicine
T8270,U081,04-04-2023,Expense,Foodd,276.0,Bank_Transfer,Pune,Restaurant dinner
T12265,U094,2022-04-02,Expense,Utlities,4215.0,Crd,hyderabad,ATM withdrawal
T4637,U005,11/04/2023,Expense,Utlities,6316.0,UPi,PUN,ATM withdrawal
T9022,U089,2024-03-10,Expense,Rentt,21376.0,UPI,CHE,test
T7016,U145,2021-01-09,Expense,Utility,7391.0,cash,hyderabad,Uber ride
T12109,U144,05/31/2023,Expense,Travel,2990.0,upi,MUM,Train ticket
T9952,U045,2022-12-24,Expense,Utility,2230.0,,delhi,ATM withdrawal
T13401,U064,2021-09-17,Expense,Fod,6197.0,upi,Unknown,xyz123
T11100,U142,06-05-2021,Expense,food,6502.0,card,jaipur,Shopping
T4072,U067,07-11-21,Expense,,6902.0,Crd,DELHI,Petrol
T9115,U060,21-04-22,Expense,Entertainment,9939.0,Bank Transfer,pune,No Notes
T2668,U126,12/30/2022,Expense,RENT,1518.0,Bank Transfer,LUC,Electricity bill
T1256,U035,06-03-2021,Expense,Traval,2985.0,csh,Delhi,Restaurant dinner
T7219,U002,2024-06-28,Expense,Educaton,3150.0,Bank Transfr,ahmedabad,No Notes
T7845,U014,27-12-2024,Expense,utilities,6671.0,UPi,ahmedabad,Doctor consultation
T4986,U124,2023-07-04,Expense,Traval,1409.0,upi,chennai,xyz123
T1883,U047,07/20/2024,Expense,EDU,2497.0,Bank Transfr,KOL,!!!
T7034,U108,03/24/2021,Expense,Utility,6324.0,Crd,Chennai,Gym membership
T11835,U125,04-12-22,Expense,education,7315.0,Bank Transfr,jaipur,No Notes
T0231,U031,02/08/2023,Expense,Utlities,7080.0,Bank_Transfer,kolkata,test
T2017,U090,2022-01-14,Expense,Utility,7821.0,CASH,PUN,test
T9479,U114,2021-08-14,Expense,rent,988.0,upi,Unknown,Restaurant dinner
T1312,U070,12/15/2022,Income,Freelance,23504.0,bank transfer,HYDERABAD,Electricity bill
T0010,U017,04/19/2024,Expense,,1064.0,csh,AHM,Books
T11433,U083,10/12/2021,Expense,food,2683.0,Csh,DELHI,xyz123
T4446,U017,11/30/2023,Expense,food,5022.0,Cash,Hyderabad,Internet bill
T2782,U093,2021-04-01,Expense,FOOD,7849.0,,Pune,Petrol
T11291,U040,2024-06-10,Income,Bonus,33565.0,Csh,HYDERABAD,Gym membership
T6224,U092,11/04/2024,Income,Salary,66678.0,Bank Transfr,Chennai,EMI payment
T4124,U119,03-05-2024,Expense,education,6304.0,UPI,PUNE,Fixed deposit
T10115,U091,23-02-2022,Income,Freelance,50009.0,Bank Transfer,PUNE,No Notes
T3531,U134,08-07-21,Expense,food,5811.0,Bank Transfer,Pune,No Notes
T1066,U057,2023-02-05,Expense,Entertainment,7713.0,upi,pune,Monthly rent payment
T9037,U142,12/19/2022,Income,Salary,70693.0,csh,AHMEDABAD,No Notes
T12498,U012,20-03-24,Expense,Helth,2603.0,cash,Kolkata,Monthly rent payment
T6556,U037,12/22/2023,Expense,Foods,314.0,CASH,MUM,Train ticket
T4233,U089,2024-10-30,Expense,Education,9806.0,Bank_Transfer,CHENNAI,Petrol
T1925,U060,2023-02-04,Expense,Foodd,3762.0,BankTransfer,HYD,No Notes
T9678,U092,03/15/2021,Expense,travel,9891.0,UPi,Unknown,Grocery shopping
T3468,U143,08/09/2024,Expense,Health,6869.0,Crd,Jaipur,asdfgh
T2217,U113,2023-04-02,Expense,Rnt,6756.0,Bank_Transfer,PUN,No Notes
T7901,U028,2021-09-07,Expense,entertainment,356.0,BankTransfer,jaipur,No Notes
T9324,U093,2021-10-03,Income,Others,20156.0,cash,Pune,No Notes
T6515,U121,2024-03-16,Expense,health,3790.0,Crd,AHM,...
T3401,U071,10-07-2021,Expense,,6766.0,CARD,BANGALORE,Gym membership
T2246,U061,04-01-21,Expense,Foods,3765.0,bank transfer,Chennai,Fixed deposit
T7960,U028,25-07-21,Expense,Entertainment,4638.0,card,Unknown,!!!
T13793,U141,09/23/2021,Income,Freelance,11650.0,csh,HYD,!!!
T7316,U144,22-02-24,Expense,Utilties,5790.0,,PUN,misc
T4875,U076,06/16/2024,Expense,Rentt,12435.0,UPi,Lucknow,No Notes
T1216,U042,31-01-22,Income,Investment,31183.0,Bank Transfer,Jaipur,Shopping
T11898,U035,2023-04-13,Expense,Food,775.0,UPi,Unknown,Monthly rent payment
T3071,U139,11/03/2021,Expense,entertainment,8230.0,Bank_Transfer,lucknow,EMI payment
T12468,U043,12/14/2024,Expense,Rnt,5582.0,UPI,AHMEDABAD,Monthly rent payment
T5511,U114,04/20/2024,Expense,Fod,5918.0,bank transfer,Pune,No Notes
T5607,U093,02/05/2024,Income,Investment,73830.0,UPi,PUNE,xyz123
T9770,U040,02/21/2021,Expense,Rent,23340.0,CRD,lucknow,Doctor consultation
T11278,U009,2022-07-19,Expense,Rentt,40813.0,Upi,delhi,Books
T10427,U077,2024-12-31,Expense,Utlities,3414.0,Upi,pune,test
T1377,U044,31-03-22,Expense,Food,2033.0,UPI,MUMBAI,EMI payment
T2469,U038,11/30/2023,Income,Bonus,44932.0,Bank Transfr,KOL,Lunch
T6621,U104,14-08-22,Expense,FOOD,999999.0,CASH,Jaipur,xyz123
T7679,U079,2024-05-03,Expense,Education,2274.0,cash,HYDERABAD,Grocery shopping
T8635,U039,28-02-2023,Expense,travel,330.0,Bank Transfer,chennai,No Notes
T4874,U123,2024-12-30,Expense,travel,8592.0,Csh,PUN,Lunch
T3143,U025,2023-05-01,Expense,rent,6779.0,csh,Delhi,Monthly rent payment
T13475,U033,01-12-22,Income,Investment,29235.0,bank transfer,Unknown,xyz123
T8560,U023,04/02/2023,Expense,Health,2143.0,Card,delhi,asdfgh
T8417,U089,2022-05-17,Expense,Foods,4945.0,CRD,ahmedabad,test
T8379,U106,16-10-21,Expense,Entertainment,8152.0,Upi,DELHI,Uber ride
T13913,U006,12/07/2022,Expense,Other,7300.0,Bank_Transfer,pune,!!!
T11359,U135,04-06-24,Expense,Foods,4603.0,bank transfer,AHMEDABAD,EMI payment
T8916,U035,2022-10-13,Expense,Entrtnmnt,4719.0,card,MUM,Coffee
T5752,U112,12-05-22,Expense,Rent,27792.0,bank transfer,PUN,Doctor consultation
T11316,U053,06-10-2022,Expense,TRAVEL,6691.0,card,HYD,Doctor consultation
T4377,U065,2022-04-05,Expense,RENT,5935.0,Bank Transfr,HYD,Coffee
T10191,U150,02/26/2024,Expense,TRAVEL,9750.0,UPI,mumbai,ATM withdrawal
T10267,U128,2021-10-19,Expense,RENT,6484.0,Upi,JAI,Fixed deposit
T10019,U029,18-02-2024,Expense,entertainment,2398.0,bank transfer,LUC,Medicine
T1053,U081,25-08-2021,Expense,Food,498.0,Csh,delhi,Coffee
T2960,U124,2022-09-05,Expense,Rent,35588.0,CASH,JAIPUR,Grocery shopping
T5402,U053,2021-11-02,Income,Others,13131.0,CARD,Lucknow,Fixed deposit
T1989,U027,06/08/2024,Expense,Health,6321.0,Cash,AHM,ATM withdrawal
T7284,U114,08/30/2023,Expense,Rent,28207.0,BankTransfer,Unknown,Fixed deposit
T1195,U102,08-06-23,Expense,Rentt,10749.0,Cash,lucknow,Uber ride
T6008,U053,2023-05-21,Expense,Foodd,2232.0,,PUN,Books
T11465,U149,03/30/2022,Expense,SAVINGS,8161.0,CARD,Bangalore,Restaurant dinner
T8940,U088,2024-11-05,Expense,,3825.0,CASH,Bangalore,No Notes
T2577,U075,2022-07-13,Expense,Utilities,4923.0,bank transfer,MUMBAI,No Notes
T6064,U104,2023-11-04,Expense,Food,1078.0,Bank_Transfer,DELHI,No Notes
T1619,U053,16-02-21,Income,Investment,74630.0,BankTransfer,AHM,No Notes
T1405,U109,02-12-2022,Income,Freelance,14180.0,Cash,mumbai,Online course
T0352,U149,11-08-2024,Expense,utilities,8479.0,UPi,Bangalore,Monthly rent payment
T5467,U104,2023-11-05,Expense,food,5292.0,Bank_Transfer,hyderabad,Gym membership
T10397,U013,10/20/2022,Expense,TRAVEL,3942.0,Bank_Transfer,Lucknow,!!!
T3306,U065,2022-07-22,Expense,entertainment,2923.0,Bank Transfer,Delhi,Doctor consultation
T12923,U075,09/01/2023,Expense,entertainment,8943.0,Crd,Pune,Monthly rent payment
T2497,U149,22-11-2022,Expense,utilities,3159.0,CARD,DELHI,ATM withdrawal
T12309,U024,18-12-2023,Expense,Rent,12484.0,CRD,BAN,No Notes
T6608,U081,04-06-23,Expense,rent,4331.0,Csh,HYDERABAD,Train ticket
T4870,U014,2024-10-04,Expense,Rnt,9348.0,bank transfer,JAIPUR,No Notes
T12187,U060,06/26/2024,Expense,FOOD,8174.0,bank transfer,Pune,No Notes
T13685,U047,2021-08-03,Income,Investment,74243.0,Cash,JAIPUR,Shopping
T6605,U124,2023-10-17,Expense,FOOD,8640.0,cash,Jaipur,Coffee
T3940,U085,2021-06-25,Expense,food,9784.0,Crd,JAIPUR,Uber ride
T12289,U001,26-12-2021,Expense,Rentt,45093.0,CRD,PUN,Electricity bill
T12849,U049,04/21/2021,Expense,FOOD,2130.0,UPI,lucknow,Restaurant dinner
T6257,U036,2023-02-21,Expense,Food,4816.0,UPi,PUN,Lunch
T3936,U039,10/05/2023,Expense,food,2247.0,card,chennai,Uber ride
T10279,U087,2021-03-13,Income,Freelance,46587.0,CRD,LUCKNOW,asdfgh
T0177,U038,2022-06-13,Expense,Others,6610.0,csh,PUNE,Restaurant dinner
T3986,U077,2024-12-20,Expense,travel,4692.0,upi,jaipur,Fixed deposit
T3810,U004,02-03-21,Expense,Educaton,5305.0,bank transfer,CHE,Restaurant dinner
T7155,U060,08/14/2022,Income,Bonus,67675.0,Bank Transfer,BANGALORE,No Notes
T8163,U016,2021-03-29,Expense,Entertain,7845.0,csh,DEL,asdfgh
T7044,U049,18-05-22,Expense,Entertainment,7183.0,cash,Unknown,Shopping
T3840,U144,2022-08-23,Expense,Utilties,6908.0,Card,BAN,No Notes
T3774,U020,2023-09-08,Expense,Rentt,47146.0,card,Delhi,No Notes
T3961,U111,2024-07-15,Expense,HEALTH,5749.0,csh,pune,Internet bill
T13582,U133,26-10-2021,Expense,Entrtnmnt,5542.0,CARD,Kolkata,Petrol
T11104,U121,14-09-22,Expense,travel,3429.0,card,MUM,Lunch
T8714,U065,2021-06-23,Expense,Entertain,237.0,Bank Transfer,JAIPUR,Petrol
T2709,U138,18-08-22,Expense,SAVINGS,8231.0,UPI,CHENNAI,Lunch
T2156,U018,11-05-22,Expense,Utlities,9859.0,UPI,kolkata,EMI payment
T8551,U065,2024-03-20,Expense,utilities,2288.0,UPI,Kolkata,No Notes
T10622,U030,2022-01-26,Expense,Travel,5756.0,Bank_Transfer,HYD,ATM withdrawal
T9673,U145,10/31/2021,Expense,Rentt,28183.0,Upi,Delhi,...
T8967,U125,16-03-23,Income,Others,41720.0,Bank_Transfer,pune,Doctor consultation
T11141,U098,10/07/2024,Expense,rent,7335.0,Bank Transfer,CHENNAI,!!!
T4430,U147,2024-10-04,Expense,RENT,287.0,CARD,HYDERABAD,Restaurant dinner
T11810,U060,12/30/2021,Income,Others,57828.0,UPI,ahmedabad,Shopping
T10574,U061,2021-10-28,Expense,Education,9601.0,,kolkata,Uber ride
T9406,U131,12/08/2021,Expense,Entertainment,2186.0,CRD,Bangalore,Online course
T2288,U143,14-06-21,Expense,Entrtnmnt,8093.0,CARD,lucknow,asdfgh
T1733,U080,05/03/2023,Expense,Travel,2272.0,Bank Transfer,HYD,Gym membership
T13220,U140,02/05/2024,Expense,Foodd,4549.0,Csh,CHENNAI,ATM withdrawal
T9379,U106,2021-11-26,Expense,Rent,21603.0,csh,JAIPUR,Petrol
T0617,U046,2021-01-22,Expense,Fod,1641.0,csh,kolkata,No Notes
T13759,U109,27-12-21,Expense,Educaton,7941.0,Upi,CHENNAI,test
T0147,U114,27-06-21,Expense,Travl,7135.0,cash,LUCKNOW,ATM withdrawal
T4332,U089,21-11-23,Expense,FOOD,4265.0,UPi,hyderabad,No Notes
T12052,U046,09/09/2023,Expense,savings,8634.0,Bank Transfer,LUC,Gym membership
T4585,U003,2024-05-21,Expense,Entertain,1006.0,Upi,hyderabad,Medicine
T0859,U132,27-10-2024,Expense,TRAVEL,475.0,BankTransfer,DEL,No Notes
T5011,U129,2022-07-16,Expense,TRAVEL,6799.0,CARD,Bangalore,Restaurant dinner
T1330,U108,2022-03-21,Expense,rent,1564.0,,Unknown,Doctor consultation
T4361,U008,19-03-23,Expense,education,1002.0,Bank_Transfer,AHMEDABAD,No Notes
T7760,U089,2024-05-11,Expense,Rent,46614.0,Bank Transfr,LUC,...
T7501,U047,01/12/2021,Expense,Food,4005.0,cash,kolkata,Monthly rent payment
T10853,U083,2023-04-28,Expense,Travel,4601.0,Upi,PUN,Medicine
T5130,U075,2021-09-10,Expense,Rent,46896.0,UPI,delhi,Lunch
T4248,U058,2022-03-21,Income,Salary,78532.0,Bank_Transfer,kolkata,misc
T5305,U046,01/16/2023,Income,Bonus,178518.0,Bank Transfr,pune,Shopping
T6784,U022,2021-01-12,Expense,Fod,8687.0,,BANGALORE,Coffee
T1468,U139,2022-12-07,Income,Freelance,57170.0,UPi,DEL,Movie tickets
T5253,U075,2021-08-07,Expense,FOOD,7235.0,Crd,BAN,test
T6241,U037,04-07-22,Expense,TRAVEL,9675.0,csh,MUM,Restaurant dinner
T4458,U075,04/21/2022,Expense,Food,4895.0,UPi,AHM,Fixed deposit
T4529,U064,2024-01-31,Income,Bonus,21355.0,Bank_Transfer,JAI,EMI payment
T5154,U072,11-03-24,Income,Others,13183.0,upi,CHENNAI,Books
T10901,U086,2022-07-12,Expense,Traval,9364.0,UPI,DELHI,EMI payment
T12719,U019,2021-05-18,Expense,FOOD,5042.0,cash,JAI,EMI payment
T6988,U044,10/07/2023,Expense,Rnt,2824.0,UPI,AHM,Doctor consultation
T2128,U126,2023-10-18,Expense,HEALTH,9979.0,upi,HYD,Internet bill
T1182,U023,2024-09-20,Expense,Health,8548.0,,BAN,ATM withdrawal
T4182,U117,03/03/2023,Expense,Food,700.0,Bank Transfr,PUN,Gym membership
T4082,U138,07/23/2021,Expense,food,6556.0,Upi,mumbai,No Notes
T8735,U023,2023-07-12,Expense,FOOD,8641.0,Card,HYDERABAD,No Notes
T8123,U020,2023-05-15,Expense,RENT,5988.0,Bank Transfer,MUM,Movie tickets
T7895,U117,2024-08-23,Expense,Utlities,6348.0,card,Chennai,!!!
T8735,U113,2021-05-15,Expense,Rnt,5549.0,UPi,Unknown,Fixed deposit
T10792,U053,2022-07-15,Expense,Rent,44898.0,cash,Chennai,Coffee
T8838,U010,16-07-2023,Expense,RENT,3221.0,Upi,DEL,ATM withdrawal
T1044,U075,2021-05-06,Expense,food,1810.0,Card,KOL,Internet bill
T8602,U097,12/07/2024,Expense,RENT,9944.0,UPI,DEL,misc
T7931,U085,12-08-21,Expense,travel,1037.0,CASH,BANGALORE,Electricity bill
T13820,U148,10/16/2023,Expense,utilities,6278.0,BankTransfer,HYD,No Notes
T0241,U148,13-12-23,Expense,TRAVEL,2963.0,UPI,Unknown,xyz123
T9531,U149,06/15/2021,Expense,Utilities,999.0,csh,CHENNAI,Fixed deposit
T1003,U064,08-11-22,Income,Investment,43737.0,UPI,LUCKNOW,Internet bill
T5549,U114,2021-01-30,Expense,Rent,45894.0,Bank Transfr,MUM,Petrol
T13844,U006,2024-05-29,Expense,Travl,7040.0,UPi,JAIPUR,Uber ride
T9591,U034,08/22/2022,Expense,entertainment,5011.0,upi,Unknown,Uber ride
T5042,U008,13-07-23,Expense,Travl,2082.0,Csh,DEL,Grocery shopping
T6831,U145,23-05-22,Income,Freelance,43378.0,upi,Unknown,No Notes
T0131,U108,07-01-23,Expense,Entertainment,4167.0,csh,pune,No Notes
T3349,U130,2022-08-02,Expense,Utilities,6260.0,CARD,Mumbai,Electricity bill
T5111,U051,09/02/2023,Expense,rent,747.0,Crd,chennai,!!!
T2986,U127,31-03-21,Expense,travel,3645.0,,lucknow,Internet bill
T3113,U079,2023-03-17,Expense,Helth,5958.0,bank transfer,mumbai,misc
T5430,U061,12/08/2022,Income,Investment,49098.0,CASH,chennai,xyz123
T13440,U062,19-06-22,Expense,Traval,3833.0,CARD,HYDERABAD,EMI payment
T1572,U097,2024-06-02,Expense,Education,2715.0,card,ahmedabad,asdfgh
T13022,U105,2023-04-22,Expense,utilities,9245.0,Bank Transfer,ahmedabad,Train ticket
T3628,U116,2024-12-07,Expense,Rentt,12316.0,cash,JAI,Medicine
T7622,U124,20-03-24,Expense,entertainment,2561.0,Bank Transfr,Unknown,misc
T5287,U129,2024-04-11,Expense,Entertainment,6832.0,CASH,JAI,Fixed deposit
T6525,U061,2021-04-23,Expense,Rnt,9714.0,CASH,DEL,Gym membership
T11583,U036,2024-10-20,Income,Bonus,73654.0,Crd,Mumbai,asdfgh
T5046,U123,12/20/2023,Expense,rent,5622.0,Bank Transfer,jaipur,ATM withdrawal
T9393,U030,31-07-2022,Expense,Traval,7748.0,card,BANGALORE,xyz123
T1258,U106,2022-11-14,Expense,RENT,4981.0,,Jaipur,...
T0928,U102,05/13/2022,Expense,Foodd,301.0,Card,HYDERABAD,Grocery shopping
T6037,U009,10/05/2024,Expense,FOOD,3830.0,card,Unknown,Gym membership
T12742,U139,18-10-21,Expense,Travel,2985.0,UPI,KOLKATA,Gym membership
T7198,U069,01/27/2021,Income,Others,79870.0,Upi,PUN,Movie tickets
T2353,U082,02/12/2023,Expense,Foodd,4426.0,bank transfer,Unknown,Fixed deposit
T7335,U024,07/26/2024,Expense,Entertainment,3640.0,UPI,DELHI,EMI payment
T7798,U040,2023-10-09,Expense,Utility,9476.0,Upi,BAN,Movie tickets
T3213,U148,05/31/2023,Expense,travel,7070.0,upi,HYD,No Notes
T10710,U006,08/01/2023,Expense,Travel,7174.0,upi,chennai,Uber ride
T0922,U086,2022-12-12,Expense,Entertain,3159.0,BankTransfer,AHMEDABAD,No Notes
T5592,U028,24-03-23,Expense,health,1606.0,upi,Lucknow,Fixed deposit
T2671,U058,31-12-21,Expense,Rnt,9434.0,upi,lucknow,No Notes
T6020,U092,2022-08-03,Expense,Food,3280.0,Bank Transfr,jaipur,xyz123
T10398,U069,2022-10-06,Income,Investment,15131.0,Cash,Unknown,asdfgh
T9004,U011,23-11-22,Expense,EDU,886.0,Csh,Ahmedabad,Train ticket
T7005,U026,2022-11-20,Expense,Rentt,7109.0,BankTransfer,DELHI,asdfgh
T12998,U146,12/08/2022,Expense,entertainment,4201.0,csh,Jaipur,Electricity bill
T3988,U129,23-02-2024,Expense,Fod,655.0,bank transfer,HYD,ATM withdrawal
T5319,U037,2023-03-10,Income,,61598.0,Cash,chennai,Medicine
T3862,U042,10/16/2022,Income,Investment,44066.0,Cash,KOLKATA,Grocery shopping
T5165,U126,2024-12-12,Income,Others,224611.0,Upi,DEL,Movie tickets
T4714,U112,05/30/2024,Expense,Rent,46284.0,UPi,Ahmedabad,No Notes
T4195,U097,01-02-2024,Income,Bonus,174110.0,card,lucknow,Gym membership
T11757,U068,2024-09-21,Expense,food,2044.0,BankTransfer,Pune,Online course
T10285,U040,01/29/2024,Expense,Savings,5277.0,UPI,kolkata,No Notes
T10345,U058,2021-07-25,Expense,Rent,47843.0,UPi,kolkata,EMI payment
T8961,U043,2021-05-19,Expense,Traval,1115.0,CRD,BAN,Internet bill
T0428,U006,2021-10-09,Expense,Foodd,2017.0,Bank Transfer,Bangalore,Medicine
T9117,U119,05/28/2021,Expense,education,2053.0,Bank Transfr,CHE,Gym membership
T9348,U007,29-01-2022,Expense,Entertain,8839.0,cash,chennai,No Notes
T3503,U017,15-01-22,Expense,Entrtnmnt,9635.0,Csh,Lucknow,Gym membership
T11648,U132,13-04-2022,Income,Salary,56581.0,Bank Transfr,mumbai,test
T0481,U108,2023-07-17,Expense,Utility,392.0,bank transfer,pune,Uber ride
T2248,U048,12/10/2024,Expense,Rent,26916.0,Csh,KOLKATA,Petrol
T3455,U150,09/27/2022,Expense,Foods,994.0,,kolkata,test
T12178,U072,02/02/2022,Income,Salary,63125.0,Csh,chennai,misc
T4186,U002,11/11/2022,Expense,Foods,175.0,Bank Transfer,CHE,xyz123
T9132,U067,2022-08-10,Income,Freelance,24394.0,upi,DELHI,Monthly rent payment
T2400,U126,14-10-2021,Income,Investment,67910.0,cash,delhi,Gym membership
T8437,U143,20-07-24,Expense,EDU,9531.0,upi,Lucknow,Gym membership
T8881,U090,2022-11-05,Expense,Utilties,7838.0,UPi,BANGALORE,Electricity bill
T10071,U043,09/26/2021,Expense,Fod,2511.0,card,CHENNAI,Online course
T13867,U026,2023-09-11,Expense,Saving,7734.0,cash,Unknown,Internet bill
T13196,U061,16-06-24,Expense,RENT,1461.0,upi,JAI,Coffee
T5099,U008,10/12/2024,Expense,EDU,2398.0,Bank_Transfer,chennai,Grocery shopping
T1027,U011,03/21/2024,Income,Freelance,33170.0,Card,KOLKATA,Restaurant dinner
T2238,U023,2023-09-24,Expense,TRAVEL,7858.0,,KOL,Grocery shopping
T12671,U139,2024-10-30,Expense,food,3913.0,CARD,hyderabad,Shopping
T4155,U042,2022-12-09,Expense,Travel,5279.0,csh,jaipur,Lunch
T8170,U148,02/08/2021,Expense,Savings,4694.0,Upi,ahmedabad,Monthly rent payment
T11558,U012,20-08-24,Expense,Food,2060.0,UPI,hyderabad,Fixed deposit
T11219,U135,2021-11-12,Expense,Rentt,32436.0,Crd,Unknown,No Notes
T13688,U003,2024-12-01,Expense,food,7717.0,,lucknow,ATM withdrawal
T12772,U145,02/12/2023,Income,Others,42921.0,Csh,MUMBAI,misc
T13289,U072,23-12-2022,Expense,Foodd,3021.0,Bank Transfer,Ahmedabad,xyz123
T9714,U092,2022-12-25,Expense,Food,562.0,CARD,chennai,No Notes
T6767,U099,2024-08-03,Expense,Fod,1574.0,Crd,DELHI,ATM withdrawal
T12720,U031,2024-10-30,Expense,,6879.0,csh,LUC,Movie tickets
T0721,U005,13-02-2022,Expense,RENT,5599.0,BankTransfer,Bangalore,No Notes
T3212,U143,15-02-2021,Expense,Entertainment,4374.0,Bank Transfer,Hyderabad,...
T8580,U118,2024-01-10,Expense,TRAVEL,552.0,Crd,delhi,Medicine
T11720,U080,03/02/2024,Expense,Utilties,1686.0,,chennai,asdfgh
T8316,U116,2021-05-22,Income,Investment,30473.0,bank transfer,DELHI,Shopping
T2817,U104,13-07-24,Expense,Utilities,3325.0,UPI,KOL,No Notes
T1400,U066,11/25/2023,Expense,Travl,5535.0,CRD,JAIPUR,Train ticket
T2220,U092,06/02/2022,Expense,Rentt,33228.0,UPi,JAI,Electricity bill
T9269,U093,29-03-21,Expense,Rent,999999.0,bank transfer,BAN,misc
T6710,U008,11-12-23,Income,Freelance,44802.0,card,LUC,Uber ride
T7206,U142,01/03/2023,Expense,rent,9188.0,CARD,AHMEDABAD,Medicine
T7386,U054,08-09-21,Expense,Educaton,8716.0,Bank Transfer,Pune,Books
T0019,U011,23-03-21,Expense,Education,9273.0,card,BAN,!!!
T13011,U031,2023-06-28,Expense,Rent,39845.0,CASH,Delhi,Restaurant dinner
T5686,U139,25-02-21,Income,Salary,18231.0,upi,DELHI,Train ticket
T13942,U125,06/05/2022,Expense,FOOD,9636.0,Cash,MUMBAI,Grocery shopping
T10500,U042,03/30/2024,Expense,education,7121.0,csh,Chennai,Fixed deposit
T1516,U076,09/23/2023,Expense,health,5447.0,Upi,Mumbai,Shopping
T4498,U109,2024-10-26,Expense,OTHERS,2163.0,CRD,CHENNAI,Uber ride
T0053,U089,09/05/2022,Expense,food,6402.0,Upi,KOLKATA,Monthly rent payment
T5945,U039,2022-02-13,Expense,Rentt,19467.0,BankTransfer,bangalore,Gym membership
T4812,U066,09-08-22,Expense,Helth,1336.0,Cash,AHMEDABAD,No Notes
T4854,U111,05/16/2024,Expense,Travl,7761.0,Cash,BANGALORE,Coffee
T5368,U033,03-12-2024,Expense,,9556.0,BankTransfer,LUCKNOW,!!!
T8845,U040,03/02/2024,Expense,Utilties,8138.0,Bank_Transfer,PUNE,Fixed deposit
T7231,U038,2023-11-22,Income,,13959.0,csh,Chennai,ATM withdrawal
T2058,U121,2022-11-17,Expense,Savings,3084.0,Csh,JAI,Train ticket
T12121,U105,23-07-21,Expense,education,887.0,upi,KOL,Fixed deposit
T7330,U147,2023-12-21,Expense,FOOD,7874.0,Bank Transfer,PUNE,EMI payment
T8770,U028,01/23/2024,Expense,Utilties,7174.0,upi,BANGALORE,Medicine
T13194,U017,2022-09-20,Expense,Traval,5391.0,,JAIPUR,test
T8201,U104,07/12/2023,Expense,Utilties,4771.0,Bank Transfr,PUN,Medicine
T11881,U089,06/22/2023,Expense,entertainment,9430.0,BankTransfer,Lucknow,No Notes
T12496,U018,09/28/2023,Expense,FOOD,5045.0,Cash,CHE,Gym membership
T6321,U138,2021-01-11,Expense,Rent,29287.0,Card,DEL,Internet bill
T9997,U105,06/23/2022,Expense,Travel,9991.0,Bank Transfer,Unknown,Grocery shopping
T6756,U091,2023-11-09,Expense,Educaton,3891.0,cash,Hyderabad,misc
T3533,U130,02/28/2024,Expense,Rentt,37865.0,UPI,Bangalore,test
T11620,U149,05/29/2022,Expense,others,4955.0,CARD,CHENNAI,Movie tickets
T1544,U083,05/29/2021,Expense,RENT,9757.0,Bank_Transfer,HYDERABAD,No Notes
T5786,U149,10-07-2023,Income,Salary,43818.0,Bank_Transfer,DELHI,No Notes
T4990,U093,02/15/2022,Expense,Traval,3607.0,card,AHMEDABAD,Medicine
T5113,U094,16-05-24,Expense,Health,1150.0,Bank Transfer,PUNE,Online course
T0591,U021,01-11-2023,Expense,others,999999.0,Bank Transfer,MUMBAI,...
T7367,U063,04/28/2024,Expense,Foodd,1453.0,Crd,Lucknow,Train ticket
T7885,U040,24-02-21,Income,Salary,69923.0,bank transfer,HYD,!!!
T8892,U063,08-10-22,Expense,food,9369.0,Bank Transfr,Hyderabad,Grocery shopping
T1799,U086,2022-05-31,Expense,Foodd,2186.0,Bank Transfer,Chennai,Train ticket
T13397,U132,05/04/2023,Expense,entertainment,2642.0,CASH,delhi,...
T6170,U073,06/11/2021,Income,Investment,27454.0,,KOLKATA,EMI payment
T4918,U130,2022-05-01,Expense,Rentt,20656.0,Card,Kolkata,No Notes
T13238,U059,01/30/2023,Income,Investment,10347.0,Csh,BAN,Monthly rent payment
T9845,U086,08/31/2022,Expense,TRAVEL,388.0,CARD,MUMBAI,Shopping
T3845,U117,09-05-2022,Expense,FOOD,3756.0,bank transfer,JAIPUR,Grocery shopping
T9152,U068,07/25/2023,Expense,others,4153.0,UPI,DEL,...
T5889,U061,08/19/2024,Income,Bonus,36129.0,Upi,KOL,Books
T1409,U060,08-01-21,Expense,Travl,384.0,Bank Transfr,Delhi,Coffee
T13399,U119,07/14/2022,Expense,Entertainment,3700.0,CARD,AHM,Doctor consultation
T7644,U076,26-04-2022,Expense,Foodd,3901.0,Bank Transfr,Lucknow,Monthly rent payment
T0997,U087,12/23/2023,Expense,RENT,3507.0,upi,delhi,xyz123
T8909,U002,27-06-2024,Expense,Entrtnmnt,9883.0,CASH,CHE,asdfgh
T10044,U062,06/09/2022,Income,Salary,63348.0,Card,KOLKATA,Petrol
T0328,U095,12/12/2024,Income,Investment,45361.0,Card,hyderabad,Electricity bill
T1479,U045,08/20/2021,Expense,food,236.0,CASH,Unknown,Online course
T6902,U016,14-12-23,Expense,RENT,6168.0,,MUMBAI,Lunch
T2648,U033,2021-03-26,Expense,rent,6798.0,csh,BANGALORE,Shopping
T12733,U057,2021-04-06,Expense,Foodd,4051.0,Card,Bangalore,Grocery shopping
T11044,U145,30-09-24,Expense,Saving,7998.0,upi,Lucknow,EMI payment
T4115,U053,10-09-23,Expense,Foods,1255.0,Bank Transfr,BAN,Movie tickets
T13558,U080,08/09/2021,Expense,Travl,1621.0,CARD,mumbai,xyz123
T12420,U044,2022-09-28,Expense,Utilties,6725.0,cash,Chennai,...
T9183,U137,04-01-2021,Expense,Foods,2799.0,CASH,Hyderabad,Shopping
T7634,U033,2022-01-13,Expense,utilities,4958.0,Bank_Transfer,PUN,No Notes
T5344,U122,2022-01-21,Expense,Foods,1099.0,Bank_Transfer,lucknow,Books
T13242,U031,2022-11-13,Expense,Educaton,5642.0,CARD,BAN,Gym membership
T4096,U047,2024-03-25,Expense,Rnt,1020.0,Cash,BAN,No Notes
T0987,U049,05/20/2024,Expense,FOOD,3738.0,Bank Transfer,MUMBAI,No Notes
T7842,U087,07/12/2023,Expense,Rnt,3192.0,Csh,KOLKATA,No Notes
T6844,U012,21-05-2023,Expense,Health,7691.0,Upi,JAIPUR,No Notes
T4457,U139,12-08-23,Expense,Traval,9222.0,Card,CHE,xyz123
T5843,U124,2021-05-26,Expense,Entertainment,4241.0,cash,hyderabad,Grocery shopping
T8397,U144,17-12-2023,Expense,FOOD,1180.0,BankTransfer,kolkata,Medicine
T1364,U048,2021-02-17,Expense,Rent,36056.0,Upi,mumbai,No Notes
T6632,U009,2023-05-10,Expense,Rentt,6358.0,CRD,BANGALORE,Uber ride
T2424,U069,15-08-22,Expense,rent,5345.0,Bank Transfer,CHENNAI,EMI payment
T9900,U048,04/30/2021,Expense,Travl,702.0,Bank_Transfer,lucknow,Petrol
T0903,U102,20-12-2023,Expense,entertainment,7292.0,UPI,Pune,Movie tickets
T3847,U134,2022-10-11,Expense,Utility,941.0,Cash,kolkata,Fixed deposit
T13825,U127,2024-11-17,Expense,food,6574.0,UPi,DEL,Petrol
T3164,U023,2024-11-26,Expense,TRAVEL,409.0,UPI,Pune,ATM withdrawal
T12585,U136,2022-03-07,Income,Others,32906.0,UPi,kolkata,Gym membership
T5327,U072,2023-12-14,Expense,Foods,3903.0,Cash,DEL,Grocery shopping
T8454,U087,05/24/2021,Expense,Traval,9694.0,cash,JAI,misc
T12124,U037,09-08-2024,Expense,Entertainment,9013.0,Upi,BANGALORE,No Notes
T4591,U091,09/05/2022,Expense,Utilties,1980.0,Csh,Jaipur,Lunch
T12097,U132,09-04-21,Expense,utilities,7818.0,UPI,Jaipur,Internet bill
T2661,U078,2024-01-09,Expense,Rnt,9237.0,Upi,AHM,No Notes
T6007,U138,04/03/2022,Expense,SAVINGS,6682.0,CASH,MUM,Movie tickets
T4407,U143,2022-07-29,Expense,Education,6714.0,bank transfer,Hyderabad,No Notes
T5887,U060,08/23/2021,Expense,TRAVEL,8859.0,Cash,KOLKATA,Internet bill
T6734,U110,2024-06-03,Expense,TRAVEL,1098.0,,PUN,No Notes
T9475,U092,11-06-2023,Income,Freelance,35719.0,UPI,Pune,Fixed deposit
T4511,U107,2022-07-06,Expense,Travl,6170.0,CRD,BANGALORE,No Notes
T12067,U046,09/23/2023,Expense,Food,2318.0,BankTransfer,mumbai,Gym membership
T9561,U117,03-11-22,Expense,Traval,6354.0,Bank Transfer,LUCKNOW,No Notes
T9929,U102,2023-03-15,Expense,Utlities,8158.0,Crd,AHMEDABAD,ATM withdrawal
T5732,U038,08/16/2021,Expense,Foodd,1702.0,UPI,pune,Medicine
T9603,U145,2023-06-28,Expense,rent,6760.0,Bank_Transfer,Kolkata,Uber ride
T2106,U010,21-04-2023,Expense,Educaton,8201.0,UPI,JAI,Shopping
T0824,U007,2021-03-04,Expense,Entertainment,3219.0,UPI,LUCKNOW,Monthly rent payment
T13434,U145,30-05-22,Expense,Travel,2954.0,card,PUNE,misc
T9341,U059,10/15/2022,Expense,Helth,8122.0,BankTransfer,Unknown,No Notes
T5459,U067,2021-08-28,Expense,HEALTH,1008.0,Upi,Jaipur,Medicine
T2041,U009,2023-02-15,Expense,SAVINGS,8382.0,UPi,lucknow,Internet bill
T3551,U025,2023-09-23,Expense,Traval,1372.0,CARD,MUMBAI,Train ticket
T10339,U081,05/05/2022,Income,Freelance,46281.0,upi,HYD,EMI payment
T8081,U100,12/14/2021,Expense,Utility,6566.0,Bank Transfr,MUMBAI,No Notes
T5647,U082,2023-05-10,Expense,Helth,984.0,Card,BANGALORE,Online course
T4580,U149,11-07-23,Expense,TRAVEL,1259.0,CRD,pune,Monthly rent payment
T8724,U074,09/24/2024,Income,Bonus,46784.0,Cash,Unknown,Shopping
T3529,U017,2024-01-23,Expense,Entertain,7393.0,cash,Bangalore,Online course
T0924,U133,13-09-23,Income,Salary,56971.0,Csh,PUNE,Coffee
T13214,U004,09/09/2023,Expense,Educaton,9349.0,Bank_Transfer,Unknown,Coffee
T6638,U084,2023-08-02,Expense,travel,1868.0,CASH,Bangalore,Grocery shopping
T9811,U048,2024-01-06,Expense,RENT,2774.0,Bank Transfr,PUNE,Internet bill
T1789,U038,2022-05-31,Income,Salary,30722.0,CRD,JAIPUR,...
T1978,U035,01/02/2024,Expense,Traval,2481.0,Bank Transfr,Jaipur,xyz123
T1222,U121,2021-01-11,Expense,Utility,8855.0,UPi,Delhi,asdfgh
T8043,U007,11-10-2022,Expense,Education,3954.0,Bank Transfr,Unknown,xyz123
T11433,U004,05-11-21,Expense,Food,4941.0,bank transfer,Mumbai,Medicine
T11885,U128,04/21/2024,Expense,Foods,2043.0,Csh,BAN,Gym membership
T4257,U104,06/26/2024,Expense,RENT,6574.0,CASH,LUCKNOW,Coffee
T13042,U008,28-07-2022,Expense,Foodd,2392.0,Bank Transfr,Jaipur,Gym membership
T1288,U071,2024-12-23,Expense,health,6626.0,bank transfer,lucknow,Monthly rent payment
T12635,U026,2024-07-22,Expense,Foods,3054.0,cash,Pune,test
T3008,U055,2022-07-30,Income,Freelance,37631.0,CRD,MUM,Fixed deposit
T6709,U067,21-12-23,Expense,Rentt,38973.0,UPI,DEL,Fixed deposit
T4064,U127,2023-04-11,Expense,Foodd,3980.0,UPi,PUNE,Petrol
T9245,U041,24-05-21,Expense,Educaton,8729.0,UPi,LUCKNOW,Train ticket
T6899,U106,30-10-2022,Expense,Entrtnmnt,7773.0,Csh,LUCKNOW,Petrol
T0874,U136,09/07/2021,Expense,health,210.0,UPi,Bangalore,No Notes
T4836,U123,17-12-2023,Expense,Foods,2611.0,Csh,PUNE,Gym membership
T12202,U037,11/02/2022,Expense,Rent,34418.0,UPi,Chennai,Books
T4056,U143,24-08-21,Expense,Other,4883.0,Crd,CHENNAI,Shopping
T0449,U128,28-07-21,Expense,entertainment,1652.0,CRD,Hyderabad,No Notes
T13189,U021,2021-03-17,Expense,Saving,8006.0,cash,Unknown,xyz123
T4959,U150,06/10/2022,Expense,RENT,6829.0,cash,JAI,misc
T8420,U136,2021-06-03,Expense,utilities,4713.0,cash,BAN,Doctor consultation
T10250,U057,2024-12-20,Income,Salary,14297.0,Bank Transfr,Mumbai,Electricity bill
T4214,U036,2021-12-13,Expense,Foodd,2087.0,card,bangalore,!!!
T12332,U054,30-04-23,Income,Others,11168.0,bank transfer,mumbai,Shopping
T0949,U144,2023-04-06,Expense,food,5997.0,CRD,bangalore,!!!
T2428,U029,16-12-23,Expense,Entertainment,8195.0,cash,Hyderabad,misc
T5449,U035,2023-04-19,Expense,Foods,4677.0,CARD,Jaipur,EMI payment
T0494,U034,15-07-2022,Income,Bonus,59853.0,card,AHMEDABAD,Electricity bill
T11981,U128,04/26/2022,Expense,Entertainment,464.0,upi,Chennai,No Notes
T11887,U009,2023-04-15,Expense,Rent,48330.0,UPi,LUC,xyz123
T5579,U030,2023-06-06,Expense,Helth,8757.0,Bank Transfer,AHMEDABAD,asdfgh
T11783,U121,2022-07-01,Expense,Traval,5855.0,csh,kolkata,Doctor consultation
T12587,U133,10-02-2024,Expense,Saving,3444.0,CRD,ahmedabad,Monthly rent payment
T3025,U146,12/19/2022,Expense,Rent,14582.0,upi,DEL,Internet bill
T12272,U136,2023-04-15,Income,Salary,18733.0,Card,AHM,!!!
T5026,U009,07/16/2024,Expense,food,3702.0,Upi,Mumbai,No Notes
T13932,U147,2023-11-21,Expense,Educaton,6062.0,Bank_Transfer,lucknow,!!!
T7669,U082,2023-08-04,Expense,food,9155.0,Csh,MUMBAI,EMI payment
T1165,U017,2023-04-04,Expense,Utility,4949.0,Cash,jaipur,No Notes
T5963,U081,03/21/2022,Expense,Utility,5066.0,BankTransfer,LUC,No Notes
T10275,U119,2022-06-03,Expense,FOOD,6432.0,Card,CHENNAI,No Notes
T4226,U070,2021-04-23,Expense,Travel,1945.0,Bank Transfr,mumbai,No Notes
T12985,U022,2023-02-18,Expense,Entertainment,7288.0,Card,delhi,Medicine
T3001,U099,07/14/2024,Expense,Education,4942.0,UPI,Bangalore,Monthly rent payment
T7356,U059,2022-03-03,Expense,Foodd,1443.0,CARD,KOL,Shopping
T7058,U036,14-09-21,Income,Salary,66905.0,Card,MUM,test
T3582,U058,10/11/2023,Expense,Foods,1731.0,BankTransfer,pune,asdfgh
T12681,U061,24-07-2024,Expense,Entertainment,4462.0,Bank_Transfer,ahmedabad,Medicine
T3707,U107,20-02-21,Expense,health,4343.0,CARD,BANGALORE,Train ticket
T2950,U135,2021-11-04,Expense,Food,842.0,UPI,bangalore,Monthly rent payment
T3609,U095,22-07-23,Expense,Food,1969.0,csh,kolkata,Gym membership
T10866,U095,05-05-24,Expense,Food,2811.0,Csh,lucknow,Online course
T5999,U045,21-10-24,Expense,Rnt,1223.0,CRD,Hyderabad,Gym membership
T3159,U119,2023-01-25,Expense,Rentt,9301.0,cash,ahmedabad,Coffee
T5007,U080,02/28/2023,Income,Others,19382.0,Bank Transfer,AHMEDABAD,Doctor consultation
T0060,U038,2024-01-12,Expense,Food,2984.0,CRD,Unknown,Restaurant dinner
T11837,U126,2023-01-28,Expense,Fod,9399.0,Card,jaipur,ATM withdrawal
T1448,U110,2022-05-07,Expense,Fod,845.0,CRD,chennai,Gym membership
T8400,U082,07/10/2022,Expense,Utilities,8421.0,Bank_Transfer,AHMEDABAD,Uber ride
T5292,U034,2022-01-27,Expense,Others,7687.0,Cash,DELHI,No Notes
T0358,U097,10/23/2022,Expense,rent,8337.0,Upi,Chennai,No Notes
T12179,U042,2023-04-13,Expense,travel,5205.0,BankTransfer,Pune,Shopping
T2843,U097,02/18/2022,Expense,Utilities,4206.0,BankTransfer,Mumbai,xyz123
T9460,U014,08/30/2024,Expense,Foods,1690.0,Upi,Lucknow,No Notes
T7743,U090,05/24/2022,Income,,37280.0,upi,kolkata,Uber ride
T3030,U083,2024-01-21,Expense,Travel,744.0,bank transfer,CHENNAI,xyz123
T1421,U127,05-06-22,Expense,Foodd,773.0,Csh,Jaipur,Monthly rent payment
T11211,U068,24-12-23,Expense,Educaton,4103.0,BankTransfer,pune,Movie tickets
T11014,U107,01/06/2021,Expense,Entertain,3389.0,,ahmedabad,Electricity bill
T1121,U096,10/17/2023,Expense,SAVINGS,847.0,CARD,Unknown,ATM withdrawal
T11298,U086,11-11-2021,Expense,Rentt,49400.0,CARD,CHE,ATM withdrawal
T8808,U073,07/18/2023,Expense,TRAVEL,5271.0,card,Hyderabad,xyz123
T7009,U004,2022-04-05,Expense,Travel,4005.0,Csh,JAIPUR,Fixed deposit
T5062,U114,10-08-24,Expense,Educaton,9352.0,Bank Transfr,chennai,Doctor consultation
T4736,U113,04-10-21,Expense,Education,8679.0,csh,Mumbai,No Notes
T7426,U115,07/15/2023,Income,Freelance,61209.0,,Chennai,No Notes
T1835,U041,07/19/2023,Income,Salary,12429.0,card,Unknown,Online course
T1617,U010,05/24/2021,Expense,entertainment,2583.0,BankTransfer,Unknown,Doctor consultation
T13174,U064,2021-11-21,Expense,Entertainment,6829.0,card,Lucknow,Coffee
T11208,U006,11-06-21,Expense,travel,9647.0,upi,PUNE,Gym membership
T13156,U047,04/24/2022,Expense,Travl,7482.0,Card,Pune,Internet bill
T10465,U085,06/30/2022,Expense,Utlities,9698.0,Cash,hyderabad,Doctor consultation
T0273,U137,02/12/2022,Expense,Savings,8773.0,Csh,HYDERABAD,EMI payment
T7155,U076,2022-09-07,Expense,Foods,2236.0,Cash,CHE,No Notes
T1069,U103,2023-06-20,Expense,Utility,4119.0,Csh,PUN,Online course
T2552,U019,27-09-22,Income,Others,50800.0,UPi,KOL,Monthly rent payment
T12833,U059,16-09-23,Expense,Rnt,1790.0,bank transfer,MUM,Shopping
T9201,U019,19-09-2022,Expense,food,788.0,Csh,pune,Online course
T10730,U008,04/15/2024,Expense,rent,5717.0,Bank_Transfer,KOLKATA,Movie tickets
T3185,U132,2024-04-28,Expense,travel,2771.0,Upi,LUC,No Notes
T4506,U113,07/02/2021,Income,Bonus,222939.0,Bank Transfer,DELHI,Gym membership
T6940,U092,2021-04-22,Expense,Travl,3869.0,Cash,chennai,Coffee
T8627,U054,2024-12-22,Expense,,2837.0,bank transfer,Pune,No Notes
T10707,U150,2024-02-12,Income,Salary,76239.0,CRD,mumbai,Internet bill
T11015,U138,2021-02-08,Expense,FOOD,5375.0,Upi,BAN,Movie tickets
T6233,U026,01-12-21,Expense,Traval,4953.0,Upi,Mumbai,ATM withdrawal
T11312,U018,05-12-2022,Expense,utilities,4494.0,Bank Transfer,JAIPUR,No Notes
T5179,U050,27-03-21,Expense,Fod,619.0,CRD,bangalore,Lunch
T8773,U004,2023-09-24,Expense,Traval,5649.0,BankTransfer,jaipur,No Notes
T12753,U059,2023-06-23,Expense,Travl,845.0,Upi,ahmedabad,Restaurant dinner
T8713,U041,2024-01-12,Income,Salary,37665.0,UPI,bangalore,Lunch
T1091,U033,30-10-2022,Expense,HEALTH,740.0,bank transfer,BAN,Shopping
T11096,U064,2024-08-18,Income,Investment,77578.0,csh,bangalore,No Notes
T7666,U009,11/27/2024,Expense,Travl,7815.0,UPI,Unknown,No Notes
T3826,U111,27-03-2024,Expense,Foods,2158.0,card,DEL,test
T6281,U027,2024-07-08,Expense,Foodd,3765.0,Bank_Transfer,MUMBAI,Internet bill
T2649,U023,2022-12-27,Expense,Rnt,4039.0,Upi,kolkata,EMI payment
T3645,U085,10-07-23,Expense,Utilities,4218.0,card,BANGALORE,xyz123
T13724,U096,2022-08-28,Expense,rent,1009.0,UPi,KOL,asdfgh
T4315,U049,2022-04-16,Expense,Foodd,2220.0,Bank Transfer,MUMBAI,Train ticket
T4131,U032,07/02/2023,Expense,Food,1969.0,CARD,Jaipur,Movie tickets
T0599,U010,06/23/2022,Expense,RENT,3050.0,BankTransfer,pune,No Notes
T6679,U006,2022-07-29,Income,Freelance,50581.0,Upi,Unknown,Internet bill
T3446,U036,2022-11-19,Income,Salary,65464.0,UPi,Kolkata,Uber ride
T4680,U003,10-03-22,Expense,Food,3207.0,Bank_Transfer,DEL,Grocery shopping
T3972,U027,2022-05-01,Expense,education,8479.0,upi,Jaipur,Uber ride
T11462,U147,13-04-24,Expense,Food,861.0,UPi,hyderabad,Shopping
T11490,U127,08/01/2024,Income,Others,34452.0,CRD,PUN,Internet bill
T2973,U052,2023-07-24,Expense,Rnt,9804.0,CASH,Bangalore,Medicine
T12274,U016,2024-01-08,Expense,FOOD,6666.0,CRD,jaipur,misc
T3587,U089,05/29/2023,Expense,utilities,8355.0,Bank Transfr,DEL,asdfgh
T9205,U111,02/24/2021,Expense,Travel,9644.0,UPI,Hyderabad,Gym membership
T2439,U129,04/02/2022,Expense,rent,1690.0,card,Pune,Online course
T9679,U028,2023-05-20,Expense,Utility,9727.0,Upi,Lucknow,Restaurant dinner
T13096,U110,15-03-23,Expense,Food,4753.0,csh,delhi,Monthly rent payment
T11952,U052,08/02/2021,Expense,food,5025.0,Bank Transfr,KOLKATA,No Notes
T1629,U060,03-07-2021,Expense,Foods,2628.0,BankTransfer,Unknown,Grocery shopping
T11073,U129,2022-07-25,Expense,Travel,1611.0,Csh,Pune,No Notes
T0496,U065,2023-01-15,Expense,education,6020.0,CRD,Pune,Online course
T3419,U081,2023-12-14,Expense,Utility,3123.0,Bank_Transfer,CHENNAI,Monthly rent payment
T12923,U119,11-12-22,Expense,Rentt,25106.0,BankTransfer,Unknown,misc
T10148,U078,2023-08-10,Expense,Entertainment,1317.0,UPI,Pune,Medicine
T0881,U069,2023-02-16,Expense,Foodd,4235.0,Bank_Transfer,DELHI,test
T4819,U041,2024-03-01,Expense,education,2966.0,BankTransfer,Unknown,Lunch
T11108,U114,03-07-2022,Expense,Education,2265.0,UPi,Delhi,Petrol
T6885,U100,03/07/2021,Expense,Utlities,1346.0,BankTransfer,MUMBAI,Petrol
T13677,U014,05/16/2023,Expense,TRAVEL,702.0,card,hyderabad,Petrol
T5130,U110,2024-03-02,Expense,Entertain,1505.0,Bank Transfer,KOL,Uber ride
T9955,U032,06/27/2024,Expense,RENT,4697.0,Crd,bangalore,Movie tickets
T1203,U082,08/16/2023,Expense,Rentt,10239.0,BankTransfer,KOL,test
T2284,U125,09-07-21,Expense,Entertainment,999999.0,Upi,KOLKATA,xyz123
T1030,U031,2021-09-22,Expense,entertainment,7245.0,Csh,MUMBAI,ATM withdrawal
T0932,U081,2024-12-10,Expense,Travl,4258.0,bank transfer,Bangalore,Books
T12819,U002,21-04-2023,Expense,Entrtnmnt,4253.0,Card,HYD,Books
T1137,U026,2022-01-06,Expense,FOOD,6666.0,bank transfer,Jaipur,test
T4052,U066,2021-11-11,Expense,Travel,4882.0,CASH,LUCKNOW,asdfgh
T6325,U076,12-03-23,Expense,Foods,4597.0,,LUCKNOW,Restaurant dinner
T12879,U124,12-11-23,Income,Freelance,65471.0,Upi,Unknown,Books
T9995,U025,2024-04-20,Income,Bonus,28581.0,Bank Transfr,Unknown,Online course
T3904,U141,2021-10-28,Expense,RENT,3737.0,,jaipur,ATM withdrawal
T2126,U087,2022-05-03,Expense,education,8214.0,Card,kolkata,No Notes
T2433,U090,2024-12-02,Expense,Utilties,7287.0,Upi,BAN,EMI payment
T1875,U062,05/13/2023,Expense,FOOD,6868.0,Csh,PUNE,Medicine
T2991,U087,2022-02-22,Expense,Travl,7173.0,bank transfer,HYDERABAD,Shopping
T0651,U038,2021-02-23,Expense,RENT,2693.0,upi,Bangalore,Shopping
T7770,U118,28-09-22,Expense,Health,7900.0,Crd,ahmedabad,Petrol
T4293,U056,03/27/2024,Income,Bonus,75757.0,Cash,CHE,No Notes
T0163,U098,2021-12-20,Income,Others,749253.0,BankTransfer,AHMEDABAD,Electricity bill
T11855,U094,08/19/2021,Expense,Educaton,5531.0,cash,CHENNAI,asdfgh
T1122,U095,16-05-23,Expense,Rent,6790.0,Csh,Kolkata,No Notes
T4911,U041,22-11-2023,Expense,Foods,4827.0,Crd,Ahmedabad,No Notes
T2532,U002,30-11-22,Expense,TRAVEL,5094.0,csh,Bangalore,Grocery shopping
T4480,U079,25-01-24,Expense,Rentt,36568.0,cash,Pune,misc
T12486,U068,13-11-24,Expense,Travl,5316.0,UPi,DEL,Restaurant dinner
T0896,U029,02-05-21,Expense,Food,3429.0,CASH,jaipur,Uber ride
T5973,U072,07-06-21,Expense,Rentt,41358.0,CARD,JAIPUR,EMI payment
T6904,U007,14-02-24,Expense,Entertain,6805.0,Crd,bangalore,Grocery shopping
T8131,U032,28-03-21,Expense,Rnt,2358.0,cash,Unknown,!!!
T1677,U092,2021-12-01,Expense,entertainment,196.0,csh,Kolkata,Coffee
T1491,U057,2024-05-12,Expense,Other,1060.0,Card,DEL,No Notes
T10357,U030,09-11-2021,Expense,Entrtnmnt,6159.0,upi,Delhi,asdfgh
T12436,U101,2024-09-17,Expense,Health,6954.0,csh,Bangalore,Restaurant dinner
T5733,U026,10/09/2024,Expense,RENT,761.0,Bank_Transfer,KOL,...
T5311,U090,2024-12-11,Expense,RENT,740.0,BankTransfer,pune,...
T11851,U139,03/21/2022,Income,Bonus,56318.0,Cash,delhi,Lunch
T11308,U130,04/19/2024,Expense,Utilities,5925.0,BankTransfer,Ahmedabad,No Notes
T4886,U084,29-04-24,Expense,Education,8050.0,card,Kolkata,Monthly rent payment
T1292,U033,09-03-2021,Expense,Foodd,2524.0,card,Unknown,Electricity bill
T10247,U004,2023-04-21,Expense,RENT,1765.0,UPi,DELHI,No Notes
T6267,U118,10/18/2022,Expense,travel,6244.0,CRD,JAIPUR,Lunch
T2147,U083,20-05-2023,Expense,Misc,3685.0,cash,Unknown,Petrol
T2372,U027,11/09/2024,Expense,travel,577.0,,Unknown,Coffee
T13416,U036,2021-04-04,Expense,Utilties,8458.0,Card,KOLKATA,Doctor consultation
T5176,U012,2023-05-28,Expense,travel,4457.0,Bank_Transfer,Unknown,test
T11325,U112,12/16/2021,Expense,Utilities,4041.0,CRD,delhi,No Notes
T2985,U019,2023-04-22,Expense,Rent,8682.0,csh,BANGALORE,Electricity bill
T9918,U013,18-09-24,Expense,Foodd,1015.0,Bank Transfer,Hyderabad,Online course
T2483,U084,2024-11-28,Expense,,3386.0,CARD,Unknown,No Notes
T4024,U111,2024-12-12,Expense,FOOD,859.0,Crd,Lucknow,!!!
T5269,U009,2022-08-17,Expense,utilities,6325.0,bank transfer,AHMEDABAD,No Notes
T1909,U001,2024-07-15,Income,Freelance,25294.0,Csh,Chennai,Coffee
T5739,U050,02/12/2023,Expense,Rnt,6743.0,CASH,LUCKNOW,Doctor consultation
T9914,U011,01-03-2023,Expense,Entertainment,8612.0,CARD,DELHI,No Notes
T1696,U135,09/03/2023,Expense,Foodd,4741.0,BankTransfer,CHENNAI,Fixed deposit
T4382,U083,2024-02-11,Expense,,6928.0,Upi,pune,test
T1703,U101,2023-10-14,Expense,FOOD,6098.0,cash,KOL,Online course
T11839,U024,2021-09-06,Expense,Entrtnmnt,7894.0,upi,bangalore,xyz123
T3779,U121,31-05-21,Expense,others,4833.0,Cash,AHM,Electricity bill
T8367,U118,03/12/2022,Expense,Savings,7676.0,CASH,MUMBAI,Gym membership
T8883,U011,2021-03-18,Expense,HEALTH,7316.0,CARD,Ahmedabad,Gym membership
T12170,U150,07/27/2024,Expense,FOOD,4959.0,csh,Delhi,Gym membership
T2377,U129,03-02-22,Expense,Utilities,4716.0,csh,Unknown,Monthly rent payment
T12406,U014,08-05-22,Expense,health,7861.0,UPi,LUCKNOW,Electricity bill
T2841,U138,2024-11-01,Expense,Education,9950.0,Csh,CHENNAI,EMI payment
T6630,U038,11-10-22,Expense,TRAVEL,165.0,Csh,chennai,...
T4021,U122,2022-03-02,Expense,food,4220.0,bank transfer,JAIPUR,No Notes
T1959,U073,07/28/2024,Expense,Helth,6813.0,Bank Transfr,Unknown,Monthly rent payment
T10141,U059,02/05/2024,Expense,TRAVEL,8656.0,card,Delhi,Fixed deposit
T6884,U060,09/12/2023,Expense,Entrtnmnt,2491.0,Cash,PUN,Doctor consultation
T6263,U145,2023-08-29,Expense,TRAVEL,789.0,UPI,KOLKATA,No Notes
T3619,U125,2024-09-10,Expense,TRAVEL,9698.0,Csh,JAIPUR,Grocery shopping
T10606,U118,2024-03-02,Expense,Utility,9163.0,Cash,jaipur,No Notes
T6395,U027,2024-01-01,Expense,Rentt,12083.0,Card,DELHI,Restaurant dinner
T6127,U082,2023-10-17,Expense,travel,4367.0,CRD,AHM,Internet bill
T0780,U113,2024-07-24,Expense,Rent,23072.0,card,Chennai,!!!
T10538,U054,12/06/2024,Expense,food,1213.0,Bank_Transfer,Unknown,Gym membership
T0850,U062,29-09-22,Expense,Travel,2790.0,,PUN,test
T12046,U001,2024-02-01,Expense,Foods,4103.0,,BAN,No Notes
T2132,U052,2021-09-09,Expense,Rentt,14145.0,card,delhi,Train ticket
T1316,U018,2023-05-15,Expense,Traval,4022.0,CRD,pune,Shopping
T12512,U083,02/20/2023,Income,Bonus,11930.0,bank transfer,BAN,Train ticket
T2536,U051,08/17/2023,Expense,Utilties,1718.0,csh,Chennai,Online course
T3512,U128,11-09-2024,Income,Freelance,73576.0,CASH,HYDERABAD,Gym membership
T4136,U106,14-04-24,Expense,Rnt,9445.0,Crd,DEL,test
T10852,U069,2023-01-31,Income,Bonus,35129.0,Card,Delhi,Fixed deposit
T8877,U137,2024-05-27,Expense,Entertain,9544.0,,Mumbai,Lunch
T13911,U141,2024-11-14,Expense,food,6601.0,Bank Transfer,Delhi,Online course
T11074,U135,12-02-2024,Expense,Foodd,4585.0,upi,mumbai,Gym membership
T9787,U058,2021-01-03,Expense,Other,2876.0,Card,AHM,No Notes
T3957,U003,03/03/2022,Expense,Education,2838.0,cash,LUC,Internet bill
T10152,U122,2024-04-19,Expense,food,9907.0,Csh,Hyderabad,Train ticket
T5677,U047,09/07/2024,Expense,rent,4862.0,Cash,DEL,asdfgh
T4598,U094,04-02-23,Expense,Foodd,4833.0,cash,JAI,Shopping
T8207,U011,04/06/2022,Expense,Utlities,5528.0,card,lucknow,EMI payment
T0255,U080,11/21/2021,Expense,Rentt,36537.0,Card,PUN,No Notes
T13215,U069,04/19/2022,Expense,Entrtnmnt,6629.0,cash,CHENNAI,Shopping
T6386,U078,2021-08-11,Expense,Travel,4914.0,CRD,MUMBAI,Books
T10026,U083,03/10/2022,Expense,education,3272.0,Bank_Transfer,lucknow,No Notes
T2700,U070,02/01/2021,Expense,Rnt,5143.0,Bank Transfer,HYD,Coffee
T8653,U118,2021-08-07,Expense,Utlities,6284.0,UPI,Unknown,Electricity bill
T7799,U086,05/11/2023,Expense,Fod,3142.0,Bank_Transfer,JAI,Gym membership
T4008,U134,2024-01-03,Expense,travel,5749.0,CRD,Ahmedabad,Internet bill
T1591,U066,2024-01-11,Expense,,4161.0,UPi,BAN,Online course
T5065,U039,2022-05-11,Expense,FOOD,2470.0,Crd,DELHI,EMI payment
T2539,U098,05-02-22,Expense,Utlities,3559.0,CRD,AHM,!!!
T4307,U053,06-10-2024,Income,Salary,57937.0,Crd,KOL,Monthly rent payment
T0795,U071,25-01-2024,Expense,Utlities,938.0,UPI,Pune,No Notes
T2180,U098,11/19/2024,Income,Investment,45500.0,Csh,delhi,Doctor consultation
T13678,U086,2023-03-17,Expense,Educaton,4017.0,Bank_Transfer,KOL,Doctor consultation
T13787,U073,10/03/2021,Expense,entertainment,2362.0,CRD,HYD,Restaurant dinner
T11242,U075,09/27/2021,Expense,food,9607.0,Cash,jaipur,No Notes
T2367,U145,29-06-2024,Expense,EDU,5859.0,UPI,Unknown,Grocery shopping
T9543,U130,2021-10-12,Expense,Rnt,4585.0,CRD,Unknown,No Notes
T1870,U029,2021-08-13,Expense,Misc,6041.0,upi,delhi,!!!
T0104,U010,12/25/2021,Expense,Utilities,6604.0,UPI,Unknown,No Notes
T6138,U037,2024-03-12,Expense,Foodd,2732.0,bank transfer,KOL,Petrol
T12908,U135,2022-04-11,Expense,Travel,6811.0,CASH,AHM,No Notes
T9882,U004,06/19/2022,Expense,Rent,29728.0,card,Chennai,Books
T4453,U149,08-09-21,Expense,Rent,34972.0,card,delhi,No Notes
T12958,U051,05/05/2021,Income,Investment,19404.0,Bank Transfr,DEL,!!!
T13294,U114,2023-10-31,Expense,rent,9814.0,cash,kolkata,No Notes
T5391,U095,11/07/2023,Expense,Rent,15273.0,CASH,Unknown,Medicine
T11689,U005,06/21/2024,Expense,Rent,13391.0,bank transfer,AHMEDABAD,Fixed deposit
T1685,U015,2021-11-04,Expense,Traval,1536.0,Bank Transfer,LUC,Gym membership
T13468,U079,12/20/2023,Expense,education,6413.0,csh,Ahmedabad,Internet bill
T0539,U072,07/30/2021,Expense,Foodd,4046.0,Upi,LUCKNOW,xyz123
T1494,U043,01-12-21,Expense,utilities,799.0,Cash,ahmedabad,!!!
T13791,U112,11/22/2021,Expense,Travl,676.0,upi,PUN,test
T13881,U103,06-09-2022,Income,Bonus,55142.0,CARD,BAN,Medicine
T1940,U088,20-09-2021,Expense,Foods,678.0,,CHE,Lunch
T7589,U081,2023-02-03,Expense,Travel,7054.0,UPi,Bangalore,asdfgh
T10175,U065,16-08-22,Expense,HEALTH,5833.0,card,PUNE,No Notes
T9571,U080,2023-07-14,Expense,rent,9116.0,upi,Unknown,Lunch
T10362,U128,04-06-23,Expense,TRAVEL,5930.0,upi,hyderabad,!!!
T6164,U090,02/23/2021,Expense,Food,3283.0,UPi,KOL,ATM withdrawal
T0582,U090,31-05-24,Expense,Entrtnmnt,9782.0,BankTransfer,MUM,Movie tickets
T8729,U132,28-09-22,Expense,RENT,5889.0,Crd,BANGALORE,test
T4175,U014,2022-02-09,Expense,Entertainment,4213.0,Upi,DEL,Online course
T11778,U034,12-04-2024,Expense,entertainment,474.0,Card,Kolkata,Doctor consultation
T1559,U057,10/18/2024,Expense,food,2484.0,Bank_Transfer,JAIPUR,Coffee
T3671,U005,11/23/2024,Expense,Rent,10276.0,CARD,DELHI,Electricity bill
T6046,U049,2024-01-04,Expense,Education,1355.0,Upi,JAIPUR,Doctor consultation
T12992,U038,08/25/2022,Expense,FOOD,8939.0,upi,HYDERABAD,Movie tickets
T1562,U149,2023-11-22,Expense,Education,9476.0,Bank_Transfer,AHM,No Notes
T3667,U140,01/03/2022,Expense,Entrtnmnt,7781.0,Bank Transfr,LUCKNOW,misc
T13403,U002,06/25/2022,Expense,education,8199.0,cash,Jaipur,Online course
T3698,U142,11-08-21,Income,Others,35988.0,card,delhi,No Notes
T12454,U068,20-04-24,Expense,health,3990.0,Upi,MUMBAI,Shopping
T7566,U024,2022-01-31,Expense,Fod,3937.0,Bank Transfr,HYD,Movie tickets
T0802,U106,2023-12-24,Expense,Entertain,4771.0,Csh,Kolkata,No Notes
T1518,U098,07/16/2024,Expense,Entertainment,4172.0,Csh,delhi,Restaurant dinner
T1920,U004,02-04-22,Expense,Rentt,9438.0,Upi,Hyderabad,No Notes
T8718,U003,09/02/2021,Expense,Food,2978.0,card,Pune,Movie tickets
T9684,U117,01-12-21,Expense,Food,3929.0,bank transfer,BANGALORE,No Notes
T4578,U033,02/13/2021,Expense,Travel,5634.0,Card,DELHI,Coffee
T6058,U043,2022-10-14,Expense,Rent,45761.0,CRD,bangalore,No Notes
T5876,U103,02/24/2021,Expense,food,5735.0,UPi,Mumbai,Electricity bill
T10549,U099,2021-06-21,Expense,Travel,7219.0,Card,PUNE,Doctor consultation
T1594,U112,2023-07-19,Income,Bonus,42662.0,,kolkata,ATM withdrawal
T7175,U117,26-03-22,Expense,Rnt,2088.0,Crd,AHMEDABAD,No Notes
T0038,U055,2022-06-08,Expense,FOOD,6329.0,UPI,MUMBAI,...
T10021,U116,15-06-23,Expense,entertainment,5427.0,bank transfer,Ahmedabad,xyz123
T8235,U046,01-01-23,Expense,Food,2291.0,UPI,lucknow,No Notes
T11808,U146,2022-04-05,Income,Salary,50347.0,Cash,JAI,No Notes
T1904,U145,2021-03-01,Expense,Food,2560.0,Bank Transfer,bangalore,Books
T13997,U086,10/22/2024,Expense,Utilties,4593.0,upi,Pune,Movie tickets
T9241,U121,2021-09-20,Expense,rent,3269.0,,HYDERABAD,No Notes
T0813,U028,2023-05-21,Expense,Foods,4978.0,card,hyderabad,No Notes
T0479,U131,07/22/2021,Expense,Foodd,1813.0,Upi,LUC,...
T9722,U135,05/24/2023,Expense,TRAVEL,5676.0,CARD,JAIPUR,No Notes
T4138,U092,29-07-24,Expense,Rent,48145.0,CRD,Pune,Grocery shopping
T6090,U131,27-10-2022,Income,Others,62697.0,CARD,Bangalore,!!!
T8427,U134,22-08-2021,Expense,Utility,9156.0,card,hyderabad,No Notes
T3881,U134,12/14/2021,Expense,Rnt,9614.0,UPi,Chennai,misc
T0566,U140,06/08/2024,Income,Others,248568.0,Crd,JAIPUR,Medicine
T0940,U034,07-12-24,Expense,savings,5059.0,,Lucknow,misc
T6444,U082,2022-10-08,Expense,Education,7280.0,Crd,Unknown,No Notes
T6141,U129,2024-09-16,Expense,travel,2345.0,Bank Transfr,KOLKATA,Monthly rent payment
T11676,U067,2021-03-26,Expense,Entrtnmnt,8677.0,UPi,HYDERABAD,Train ticket
T13375,U136,23-04-22,Expense,Foods,2160.0,CRD,hyderabad,Gym membership
T2941,U124,06/27/2024,Income,Bonus,22339.0,Csh,ahmedabad,!!!
T2546,U027,28-08-22,Expense,food,9979.0,Upi,PUNE,Electricity bill
T11011,U051,2024-10-01,Expense,Utlities,6700.0,Card,Unknown,Doctor consultation
T8410,U060,2023-06-15,Expense,rent,1852.0,cash,AHM,Lunch
T8791,U004,12-06-21,Expense,Saving,5377.0,CASH,Chennai,Grocery shopping
T10864,U024,11/05/2021,Expense,savings,7392.0,card,lucknow,No Notes
T7902,U046,07/17/2024,Expense,Utilties,9741.0,upi,mumbai,Gym membership
T9467,U122,2022-09-17,Expense,Food,4041.0,bank transfer,Delhi,Coffee
T9495,U010,2023-06-02,Expense,,6607.0,UPI,Delhi,test
T10384,U125,01/22/2023,Expense,Food,1023.0,,Chennai,misc
T13708,U064,2023-04-24,Income,Bonus,19377.0,cash,DELHI,No Notes
T12330,U061,20-07-24,Expense,Entertain,9816.0,CRD,mumbai,Fixed deposit
T13948,U113,10/31/2024,Expense,Others,8979.0,CASH,Ahmedabad,EMI payment
T0840,U105,29-03-21,Expense,travel,6579.0,Cash,PUN,Monthly rent payment
T11621,U064,18-03-24,Expense,travel,6668.0,CRD,AHM,No Notes
T4547,U097,10/27/2021,Expense,Health,2407.0,CASH,JAIPUR,Shopping
T0661,U052,06/18/2024,Income,Freelance,71587.0,BankTransfer,LUCKNOW,xyz123
T0653,U129,2023-02-06,Income,Bonus,59790.0,upi,CHENNAI,Shopping
T11406,U131,12/01/2022,Income,Bonus,18816.0,Crd,LUC,Movie tickets
T7999,U088,26-07-24,Expense,Foodd,2548.0,Cash,Bangalore,Monthly rent payment
T6551,U032,02/09/2023,Income,Freelance,63775.0,Crd,LUC,Internet bill
T1751,U145,2023-08-21,Expense,HEALTH,325.0,Csh,CHENNAI,Monthly rent payment
T13856,U077,10-05-2024,Income,Others,17694.0,BankTransfer,Ahmedabad,Grocery shopping
T2157,U148,10-02-21,Expense,RENT,9019.0,CRD,Jaipur,No Notes
T7815,U147,15-03-2023,Income,Investment,67233.0,Csh,Lucknow,Fixed deposit
T10450,U075,27-07-24,Expense,rent,5147.0,Card,KOL,No Notes
T10586,U063,14-05-21,Expense,Food,922.0,card,PUNE,Internet bill
T4189,U145,03/11/2022,Expense,RENT,2112.0,,KOL,Train ticket
T5142,U030,12/29/2022,Expense,utilities,4635.0,card,KOLKATA,misc
T7047,U007,04/18/2024,Expense,Education,3122.0,CARD,Lucknow,No Notes
T7286,U144,12-11-23,Income,Bonus,76998.0,Crd,MUMBAI,Lunch
T4558,U079,08/01/2024,Expense,Foods,4394.0,,BAN,xyz123
T1436,U040,17-01-23,Expense,food,3663.0,bank transfer,JAI,Fixed deposit
T7831,U048,2021-09-06,Income,Others,63251.0,Card,Unknown,Internet bill
T12764,U076,12/24/2023,Expense,Helth,179.0,Upi,mumbai,asdfgh
T13667,U127,01/17/2022,Expense,Fod,3471.0,upi,HYD,Internet bill
T12777,U142,2022-04-23,Expense,Foodd,195.0,Upi,Lucknow,No Notes
T3170,U042,07-02-21,Income,Bonus,44914.0,BankTransfer,LUCKNOW,EMI payment
T2549,U101,09/08/2024,Expense,RENT,6768.0,Cash,DEL,...
T9668,U068,09/27/2021,Expense,Utilities,9021.0,BankTransfer,HYD,Internet bill
T12822,U049,04-10-22,Expense,Foods,4300.0,Bank_Transfer,delhi,Petrol
T6652,U147,12/21/2023,Expense,Traval,2386.0,,delhi,Books
T2336,U144,2021-03-05,Expense,TRAVEL,404.0,BankTransfer,Unknown,No Notes
T13834,U091,2024-12-09,Expense,Entrtnmnt,6921.0,BankTransfer,DEL,!!!
T5253,U082,2021-11-21,Expense,Rentt,17265.0,bank transfer,chennai,Lunch
T8310,U150,2023-07-29,Expense,FOOD,8512.0,cash,ahmedabad,asdfgh
T6469,U102,09-06-2023,Expense,Travel,1416.0,card,Unknown,Fixed deposit
T8469,U113,10/18/2024,Expense,Rent,32952.0,Bank Transfr,PUNE,Gym membership
T3376,U045,2024-04-05,Income,Investment,44601.0,Card,jaipur,...
T7940,U022,22-08-2024,Expense,rent,8736.0,Crd,pune,Online course
T12826,U049,02-03-2023,Expense,Food,235.0,csh,JAIPUR,!!!
T3023,U014,16-10-24,Expense,EDU,3588.0,bank transfer,jaipur,Petrol
T12125,U067,01/31/2021,Expense,FOOD,4113.0,upi,lucknow,Shopping
T2989,U113,2022-07-27,Expense,Travel,1050.0,Csh,Ahmedabad,Doctor consultation
T6708,U071,04/29/2021,Income,Bonus,38205.0,upi,KOLKATA,Books
T5247,U017,12/21/2023,Expense,Entertain,9194.0,CARD,bangalore,Movie tickets
T8711,U048,2024-07-31,Expense,Health,8483.0,Bank_Transfer,bangalore,Shopping
T4378,U026,2021-07-12,Expense,Utilities,2766.0,Crd,HYDERABAD,Electricity bill
T11317,U056,08/23/2024,Expense,Rnt,9917.0,CRD,Mumbai,Online course
T8957,U028,12-04-2024,Expense,Utilities,5476.0,CASH,Jaipur,Restaurant dinner
T2753,U105,10-01-21,Expense,education,9290.0,Card,Mumbai,Petrol
T0466,U062,16-12-21,Expense,SAVINGS,578.0,upi,AHMEDABAD,Restaurant dinner
T9846,U085,2021-07-31,Expense,Travel,6780.0,Bank_Transfer,HYD,Movie tickets
T11252,U094,04-03-23,Income,Investment,39948.0,Bank Transfer,Jaipur,No Notes
T4500,U100,2024-09-23,Expense,Education,8108.0,bank transfer,LUC,Books
T10389,U016,2022-05-05,Expense,health,5533.0,UPi,HYDERABAD,Gym membership
T5559,U124,2023-08-06,Expense,Education,2506.0,CASH,JAIPUR,No Notes
T12545,U123,2024-05-11,Expense,Rentt,5276.0,CASH,Lucknow,Monthly rent payment
T3176,U141,2022-12-13,Expense,Rent,39024.0,Card,DEL,ATM withdrawal
T3837,U077,2023-02-05,Expense,Travel,8285.0,Cash,CHENNAI,Restaurant dinner
T8514,U036,03/05/2021,Expense,rent,8250.0,,MUM,Online course
T8308,U015,07/20/2024,Expense,food,8413.0,Cash,Unknown,No Notes
T4973,U038,27-04-22,Expense,Foodd,3579.0,CRD,jaipur,Electricity bill
T10078,U104,2024-07-01,Expense,Food,1972.0,Upi,DEL,Internet bill
T1393,U138,06/13/2022,Expense,Foods,232.0,Cash,LUC,asdfgh
T1876,U120,2022-02-22,Income,Bonus,75496.0,Upi,PUNE,No Notes
T8135,U056,06-02-21,Expense,Utilties,6351.0,Crd,Unknown,No Notes
T5140,U091,12-06-23,Expense,entertainment,1313.0,UPi,PUNE,Coffee
T12073,U039,09-01-22,Expense,RENT,387.0,Crd,HYD,Medicine
T12701,U017,07/16/2022,Expense,Health,2407.0,Crd,LUC,Movie tickets
T3877,U002,01/24/2023,Expense,travel,3999.0,CRD,kolkata,EMI payment
T3286,U080,2024-08-22,Income,Freelance,60670.0,CASH,Unknown,Gym membership
T11601,U073,2021-08-13,Expense,Utilities,2585.0,UPI,pune,Restaurant dinner
T7846,U055,2023-05-14,Expense,education,4227.0,cash,Unknown,EMI payment
T3826,U018,29-02-2024,Expense,Entertainment,8718.0,CASH,pune,No Notes
T1749,U024,2023-12-17,Income,Investment,40858.0,UPI,Kolkata,Medicine
T11574,U013,2022-03-29,Expense,Foods,2845.0,Csh,Bangalore,No Notes
T13106,U147,04/29/2024,Expense,Fod,7932.0,Cash,CHE,!!!
T3387,U129,2021-09-01,Income,Others,25243.0,Crd,Unknown,Shopping
T4221,U116,2021-01-29,Expense,Fod,479.0,Csh,lucknow,Online course
T0569,U045,12/22/2022,Expense,others,5063.0,BankTransfer,LUCKNOW,Train ticket
T8649,U018,2021-03-16,Expense,FOOD,8067.0,,HYDERABAD,...
T7523,U120,11/02/2024,Expense,Other,9734.0,Bank Transfer,MUMBAI,Train ticket
T11043,U111,10-05-21,Income,Investment,157969.0,Upi,mumbai,Movie tickets
T10987,U076,2024-12-09,Expense,Educaton,8335.0,csh,mumbai,Internet bill
T11329,U008,26-07-23,Expense,food,7477.0,Csh,hyderabad,Grocery shopping
T5470,U072,07/06/2021,Income,Bonus,77877.0,card,DEL,!!!
T8398,U061,23-03-22,Expense,Foodd,230.0,bank transfer,PUN,Train ticket
T7828,U059,22-02-23,Expense,Utilties,4165.0,CARD,ahmedabad,Coffee
T9944,U143,02/22/2023,Expense,Food,4469.0,bank transfer,Bangalore,!!!
T0187,U092,15-12-21,Income,Salary,33995.0,cash,KOL,!!!
T11992,U004,2021-02-13,Expense,Travel,2391.0,Crd,BAN,No Notes
T8385,U106,2024-12-09,Income,Salary,40631.0,BankTransfer,PUN,No Notes
T4041,U112,26-07-24,Expense,,7695.0,Upi,Unknown,Monthly rent payment
T10725,U134,2022-11-29,Expense,EDU,2816.0,Crd,HYDERABAD,!!!
T4695,U030,2021-05-12,Expense,Foodd,3502.0,,mumbai,Restaurant dinner
T4784,U011,09/14/2022,Expense,Food,222.0,,MUMBAI,Online course
T5682,U027,2022-08-02,Expense,rent,8810.0,csh,PUNE,Electricity bill
T8500,U117,22-01-24,Income,Freelance,511549.0,UPi,jaipur,asdfgh
T5443,U044,2023-05-28,Expense,Fod,6167.0,CASH,hyderabad,Uber ride
T13279,U008,2022-05-20,Income,Others,74525.0,Card,JAIPUR,Movie tickets
T3150,U025,2024-03-07,Income,Freelance,33351.0,UPI,pune,...
T2918,U072,08-02-23,Expense,utilities,7362.0,Cash,jaipur,misc
T13681,U080,14-08-23,Expense,Traval,2207.0,CASH,Lucknow,Medicine
T0736,U081,02/08/2023,Expense,Travl,665.0,csh,Unknown,No Notes
T1128,U140,2022-08-15,Expense,education,2979.0,cash,BAN,Train ticket
T9459,U067,08/27/2023,Expense,entertainment,7995.0,cash,BANGALORE,Grocery shopping
T2035,U066,02/26/2022,Expense,food,7805.0,cash,Bangalore,Monthly rent payment
T13789,U123,12/15/2024,Expense,rent,3902.0,CRD,PUN,Restaurant dinner
T7696,U069,2022-07-01,Expense,Savings,2059.0,Bank_Transfer,jaipur,Online course
T0671,U064,2021-01-19,Expense,Food,1768.0,Bank Transfr,BAN,Shopping
T12751,U113,06/29/2022,Expense,Travel,7470.0,CRD,bangalore,Lunch
T4929,U123,05/28/2024,Expense,Health,8718.0,csh,LUC,No Notes
T6242,U121,05/03/2024,Expense,Foodd,2721.0,upi,BANGALORE,Online course
T9064,U117,01-11-22,Expense,RENT,7200.0,,Mumbai,Internet bill
T7275,U016,2022-06-24,Income,Freelance,45702.0,upi,JAI,test
T10524,U104,2023-04-25,Expense,Rnt,6023.0,CASH,JAIPUR,Restaurant dinner
T13963,U149,10/03/2021,Expense,Fod,5085.0,Csh,PUNE,asdfgh
T11583,U002,01-05-24,Expense,entertainment,2306.0,UPi,bangalore,Uber ride
T1740,U011,01/05/2021,Income,Others,18229.0,Upi,Ahmedabad,Movie tickets
T0320,U045,03/19/2021,Expense,Travel,5034.0,csh,LUC,misc
T7448,U011,2021-04-19,Expense,Rnt,9386.0,cash,HYD,Restaurant dinner
T13497,U034,2023-08-06,Income,Salary,36713.0,card,hyderabad,Restaurant dinner
T0706,U074,2024-03-13,Expense,Traval,9189.0,CASH,DEL,Gym membership
T11467,U058,01-03-2021,Expense,Foods,4129.0,cash,MUMBAI,Internet bill
T12562,U077,13-09-23,Expense,Utilties,1947.0,Upi,Kolkata,No Notes
T1588,U024,27-04-2021,Expense,Entertainment,4200.0,upi,Delhi,Internet bill
T8798,U059,04-11-24,Expense,Entertain,5519.0,UPi,jaipur,Internet bill
T1988,U148,08/02/2021,Expense,Rent,32169.0,CARD,KOLKATA,!!!
T2305,U017,08/11/2022,Income,Others,73108.0,Upi,Hyderabad,No Notes
T11488,U060,2022-10-11,Expense,education,9420.0,cash,Bangalore,No Notes
T1704,U019,27-03-22,Income,Bonus,33482.0,card,LUCKNOW,Grocery shopping
T5950,U082,02-10-21,Expense,Misc,4290.0,csh,MUMBAI,Restaurant dinner
T5833,U016,06/02/2024,Expense,food,938.0,UPi,DEL,Online course
T5207,U073,24-08-21,Expense,Rnt,436.0,Csh,jaipur,Electricity bill
T8120,U118,08-12-2024,Income,Investment,55932.0,Bank_Transfer,Chennai,!!!
T7067,U102,02/26/2023,Expense,TRAVEL,1363.0,Upi,CHENNAI,Shopping
T7794,U149,01/09/2021,Expense,Travel,5615.0,CASH,Bangalore,Grocery shopping
T4424,U034,06/26/2024,Expense,travel,355.0,UPi,Ahmedabad,No Notes
T0252,U018,2022-08-17,Expense,Foods,1588.0,cash,KOLKATA,Lunch
T4645,U072,02/22/2022,Expense,Rent,30779.0,Bank_Transfer,MUM,Lunch
T4685,U081,06/06/2023,Expense,TRAVEL,4072.0,CASH,CHE,No Notes
T4043,U058,2021-04-18,Expense,Entertainment,8886.0,CASH,hyderabad,Gym membership
T13653,U004,2022-12-03,Expense,Utlities,4890.0,,mumbai,!!!
T8128,U142,06-05-2022,Expense,food,6532.0,UPi,Mumbai,Restaurant dinner
T4070,U018,2021-04-15,Income,Others,26564.0,cash,Mumbai,Books
T4493,U068,2022-10-19,Expense,Utlities,8220.0,Bank Transfr,CHE,...
T7203,U066,2022-03-11,Expense,FOOD,7260.0,bank transfer,Unknown,Fixed deposit
T0708,U018,05/17/2024,Expense,travel,1167.0,CRD,bangalore,Movie tickets
T1025,U074,23-10-2022,Income,Freelance,51393.0,Bank Transfr,ahmedabad,Shopping
T2296,U037,2024-07-11,Expense,TRAVEL,2608.0,,JAIPUR,!!!
T0549,U049,2023-05-17,Expense,Travel,1855.0,CRD,Unknown,No Notes
T10851,U090,2021-11-13,Expense,Rent,23592.0,cash,Hyderabad,Train ticket
T8997,U071,2021-04-13,Expense,Entertain,4097.0,Bank Transfr,chennai,Monthly rent payment
T13095,U123,06/19/2023,Expense,Rent,27897.0,,KOLKATA,No Notes
T13223,U019,22-07-24,Expense,Travel,2206.0,Upi,LUC,Lunch
T12434,U069,05-05-2023,Expense,Fod,6064.0,upi,pune,Electricity bill
T0821,U149,2024-11-23,Expense,Utility,1954.0,Card,JAIPUR,Gym membership
T0766,U087,19-08-24,Expense,Educaton,7621.0,UPI,JAI,test
T12075,U035,09/15/2024,Expense,Fod,1156.0,Cash,LUC,Online course
T2955,U137,06/13/2022,Expense,TRAVEL,8204.0,Upi,Unknown,Grocery shopping
T3923,U025,05/16/2023,Expense,Rentt,27034.0,csh,Unknown,Books
T11176,U131,2023-02-03,Expense,Travel,8929.0,csh,AHM,...
T9206,U012,2022-05-06,Income,Salary,17856.0,Csh,MUM,asdfgh
T4395,U008,2023-04-07,Expense,Traval,8630.0,bank transfer,PUNE,Lunch
T7563,U148,04-11-24,Expense,Rent,47690.0,Bank Transfr,JAI,No Notes
T9380,U120,2022-04-14,Income,Others,46791.0,Bank_Transfer,Hyderabad,Train ticket
T7731,U076,05-09-21,Expense,Utility,1601.0,Upi,CHE,No Notes
T10255,U053,13-11-23,Income,Others,31321.0,Bank Transfer,BANGALORE,Lunch
T8610,U038,2024-10-12,Expense,RENT,3710.0,Cash,PUNE,No Notes
T10323,U016,25-05-21,Expense,EDU,5734.0,upi,Bangalore,asdfgh
T9971,U087,04-03-24,Expense,Entrtnmnt,2795.0,Upi,pune,Grocery shopping
T13335,U029,29-04-23,Income,Salary,45040.0,CASH,LUCKNOW,Shopping
T13651,U010,03/24/2023,Expense,Education,2596.0,Bank Transfr,MUMBAI,Gym membership
T3385,U037,12/28/2023,Expense,rent,552.0,card,Jaipur,Monthly rent payment
T9853,U059,29-04-2023,Expense,FOOD,7344.0,Bank Transfer,lucknow,Fixed deposit
T13718,U038,2022-11-19,Expense,rent,8629.0,Upi,DELHI,asdfgh
T8159,U061,2021-09-24,Income,Salary,13923.0,card,Pune,No Notes
T10075,U131,18-07-23,Expense,Rent,11474.0,UPI,MUM,Books
T1212,U104,11/08/2023,Expense,Travl,4398.0,bank transfer,AHM,Books
T10217,U029,2024-09-01,Expense,Travl,3064.0,upi,bangalore,Medicine
T5110,U116,07-03-24,Expense,Rent,7733.0,csh,DEL,!!!
T5471,U115,04/30/2022,Expense,RENT,3243.0,CRD,LUC,Movie tickets
T9260,U148,09/15/2022,Expense,TRAVEL,5177.0,bank transfer,JAI,Movie tickets
T8213,U146,04/11/2022,Expense,,5891.0,Bank Transfer,KOLKATA,Books
T11592,U146,2023-08-22,Expense,TRAVEL,1661.0,Card,KOL,Shopping
T13218,U049,2024-07-31,Expense,Traval,1701.0,card,BAN,Internet bill
T4470,U049,2024-04-21,Expense,Rnt,8034.0,bank transfer,KOL,Shopping
T6540,U088,04-07-22,Expense,Foodd,2342.0,card,Unknown,Coffee
T13473,U084,2023-01-30,Expense,Rentt,12318.0,UPI,Bangalore,xyz123
T7722,U067,10/13/2023,Expense,entertainment,6373.0,card,Delhi,misc
T5154,U023,16-05-24,Expense,Foodd,3651.0,Bank Transfer,Bangalore,Train ticket
T11094,U002,2024-09-12,Expense,Helth,9538.0,Bank_Transfer,Pune,No Notes
T12912,U084,2022-01-03,Expense,Utilities,1153.0,UPI,Mumbai,No Notes
T5633,U150,2023-12-13,Expense,Savings,3478.0,Bank_Transfer,PUN,Gym membership
T8092,U092,2021-11-16,Expense,Rentt,38338.0,CARD,ahmedabad,No Notes
T1565,U088,2024-02-10,Expense,Foodd,1182.0,card,Hyderabad,No Notes
T6791,U141,06/06/2022,Expense,entertainment,8980.0,csh,HYD,Medicine
T9104,U031,12/27/2023,Expense,RENT,6403.0,BankTransfer,KOLKATA,Doctor consultation
T4300,U098,06/15/2024,Expense,RENT,2577.0,UPi,PUNE,!!!
T1208,U049,12/25/2021,Expense,Educaton,1256.0,CASH,Hyderabad,Online course
T11346,U068,2022-05-29,Expense,Fod,1730.0,,Hyderabad,Uber ride
T5353,U128,2021-08-28,Expense,entertainment,7052.0,CARD,DEL,No Notes
T10336,U147,02/18/2021,Expense,food,4813.0,card,Unknown,Movie tickets
T2102,U085,08/22/2024,Expense,health,1339.0,Card,LUCKNOW,Grocery shopping
T9433,U141,2023-05-04,Expense,food,4645.0,card,JAI,Internet bill
T7393,U069,2024-12-25,Income,Bonus,880897.0,Card,BAN,Gym membership
T12004,U011,11-08-24,Income,Salary,59168.0,cash,Pune,Train ticket
T7459,U055,23-06-24,Expense,utilities,9616.0,UPi,AHM,No Notes
T4310,U077,2022-09-24,Expense,Utilties,2229.0,upi,Unknown,!!!
T9144,U076,23-04-21,Expense,Rent,10372.0,Bank_Transfer,LUC,!!!
T0751,U105,2021-08-06,Expense,Foods,1592.0,CASH,Delhi,EMI payment
T13315,U131,24-06-24,Expense,Rnt,4507.0,Bank Transfr,LUCKNOW,Electricity bill
T10212,U140,01/29/2021,Income,Salary,44992.0,Upi,hyderabad,Shopping
T12076,U107,06/11/2022,Income,Investment,55153.0,Cash,ahmedabad,Medicine
T2510,U063,2024-08-03,Expense,Fod,6905.0,CRD,HYDERABAD,No Notes
T0285,U077,16-02-23,Expense,Rent,13817.0,Bank_Transfer,chennai,Electricity bill
T9738,U017,07-03-2023,Expense,TRAVEL,4848.0,Card,Chennai,EMI payment
T5660,U129,06/15/2021,Expense,food,5865.0,bank transfer,pune,Petrol
T1061,U132,09/02/2022,Income,Bonus,67414.0,UPi,Lucknow,No Notes
T10644,U029,2023-10-21,Expense,Fod,6111.0,Crd,PUNE,No Notes
T7726,U069,10/23/2024,Expense,RENT,1365.0,UPi,Pune,Grocery shopping
T1337,U039,20-05-24,Expense,savings,6151.0,Csh,Ahmedabad,Movie tickets
T10544,U059,2024-01-05,Income,Bonus,69872.0,Cash,mumbai,Restaurant dinner
T9761,U029,24-06-22,Income,Investment,34091.0,upi,LUCKNOW,Shopping
T12782,U028,2023-12-24,Expense,rent,4252.0,bank transfer,Ahmedabad,No Notes
T3601,U044,15-05-22,Income,Salary,58578.0,CRD,Delhi,No Notes
T4879,U033,2022-11-12,Expense,Travel,1666.0,Csh,Delhi,No Notes
T9572,U099,2021-04-21,Expense,RENT,5990.0,Bank Transfer,HYD,Doctor consultation
T4001,U104,08/21/2024,Expense,Rent,11745.0,card,delhi,Train ticket
T1300,U063,01/07/2024,Expense,Travel,4354.0,BankTransfer,Bangalore,No Notes
T6716,U117,01/21/2023,Expense,Entertainment,999999.0,CASH,KOL,Uber ride
T1323,U093,09-01-21,Expense,Foods,4333.0,UPi,CHENNAI,Monthly rent payment
T10129,U143,13-07-24,Expense,Health,2130.0,csh,Lucknow,Uber ride
T13918,U115,2021-02-06,Expense,Food,2220.0,Cash,DEL,!!!
T1449,U028,2024-06-07,Expense,FOOD,5177.0,CARD,CHENNAI,No Notes
T6254,U109,2024-11-25,Expense,Foodd,2792.0,Bank Transfer,Ahmedabad,Electricity bill
T1200,U105,26-04-2022,Expense,Foodd,3515.0,CARD,pune,Monthly rent payment
T2757,U049,11-12-24,Expense,Entertain,1266.0,cash,jaipur,misc
T1085,U072,18-08-2021,Expense,Utilities,203.0,card,KOLKATA,Fixed deposit
T9227,U009,2023-06-27,Income,Salary,35465.0,csh,Lucknow,misc
T2642,U056,2023-01-05,Expense,HEALTH,2115.0,CASH,AHM,Internet bill
T9340,U022,2022-08-21,Expense,travel,3503.0,Bank_Transfer,KOL,ATM withdrawal
T12740,U040,02/06/2024,Expense,RENT,4484.0,Cash,bangalore,!!!
T6152,U012,20-04-2022,Income,Salary,54591.0,,PUNE,asdfgh
T0845,U094,28-07-2024,Expense,Utilities,8299.0,card,DELHI,Train ticket
T9723,U129,09-03-2021,Income,Freelance,40910.0,BankTransfer,JAIPUR,No Notes
T11264,U056,2024-09-29,Expense,FOOD,2093.0,Cash,bangalore,Books
T2647,U102,03-03-24,Expense,Utility,1727.0,Upi,BANGALORE,xyz123
T4179,U008,06/15/2024,Expense,Rent,38838.0,,DEL,Fixed deposit
T3199,U092,2023-02-28,Expense,travel,5136.0,Cash,BANGALORE,Coffee
T7241,U003,01-08-2024,Income,Investment,61592.0,UPi,Unknown,Movie tickets
T4727,U104,12-04-22,Expense,Rnt,9627.0,card,Kolkata,Uber ride
T1792,U119,2021-10-09,Expense,Food,4406.0,Bank Transfr,Hyderabad,Train ticket
T0291,U012,11-09-24,Expense,Foods,2678.0,Bank Transfer,BANGALORE,Lunch
T1065,U006,06/18/2024,Income,Bonus,23810.0,Upi,PUN,...
T12411,U095,04/22/2024,Expense,HEALTH,7137.0,CARD,Kolkata,Electricity bill
T3346,U023,2023-12-14,Expense,Educaton,9662.0,card,Lucknow,No Notes
T8680,U064,2022-01-08,Expense,Utlities,4785.0,UPi,delhi,Coffee
T6619,U111,05/19/2023,Income,Bonus,45865.0,CARD,Kolkata,Books
T7818,U119,05/19/2021,Expense,travel,583.0,Bank_Transfer,bangalore,Shopping
T13634,U102,2021-12-01,Expense,Other,9387.0,UPi,hyderabad,Monthly rent payment
T9993,U120,02-04-2022,Expense,Educaton,5124.0,UPi,ahmedabad,Lunch
T12800,U010,2023-06-04,Expense,Foods,324.0,CARD,JAIPUR,Train ticket
T2227,U126,2022-06-24,Income,,56184.0,bank transfer,JAI,No Notes
T1387,U017,2023-08-16,Expense,Entrtnmnt,1629.0,CARD,Delhi,Monthly rent payment
T13703,U024,2021-08-01,Expense,Utilties,2708.0,CRD,DEL,ATM withdrawal
T8450,U004,05-12-2024,Expense,RENT,2092.0,upi,pune,Monthly rent payment
T2154,U066,06/06/2023,Expense,utilities,1763.0,card,ahmedabad,test
T9216,U065,2024-06-22,Expense,education,5239.0,upi,BANGALORE,No Notes
T6539,U046,25-06-23,Expense,Utlities,5668.0,Bank_Transfer,PUNE,Petrol
T2755,U054,09-04-2024,Income,Salary,34107.0,Bank_Transfer,pune,Doctor consultation
T7740,U111,25-01-23,Expense,Travl,8540.0,csh,Ahmedabad,Grocery shopping
T0637,U063,12/09/2023,Expense,Health,1756.0,UPi,BAN,Coffee
T2749,U033,05-05-2021,Expense,Helth,7103.0,UPi,Pune,!!!
T11671,U091,10/02/2022,Expense,Foodd,4956.0,,jaipur,Coffee
T3169,U014,27-02-2024,Income,Bonus,24567.0,bank transfer,HYDERABAD,misc
T7072,U068,02/08/2021,Expense,Rent,6184.0,Bank Transfer,Ahmedabad,misc
T4648,U057,06-07-23,Expense,Misc,3226.0,UPI,CHENNAI,EMI payment
T2204,U049,02-03-2022,Expense,Rent,25651.0,UPi,DEL,misc
T10378,U132,2023-10-22,Expense,utilities,3499.0,Bank Transfer,MUM,ATM withdrawal
T5278,U050,17-01-24,Expense,education,9354.0,Bank Transfr,bangalore,Movie tickets
T4653,U078,2023-04-07,Expense,Rent,13033.0,Card,MUMBAI,No Notes
T4505,U039,08/30/2022,Expense,Utilities,5628.0,Upi,lucknow,No Notes
T1024,U122,2021-12-16,Expense,Rnt,6643.0,Card,Lucknow,Petrol
T8508,U054,08/03/2021,Expense,Rent,39484.0,Bank Transfr,LUCKNOW,Lunch
T3679,U101,04/11/2022,Expense,education,5595.0,CARD,LUC,Grocery shopping
T8203,U147,10/16/2024,Expense,Travel,1396.0,UPI,chennai,No Notes
T9129,U149,12/22/2023,Expense,RENT,2325.0,Cash,HYD,No Notes
T13482,U039,01/18/2023,Expense,Saving,7379.0,Crd,lucknow,...
T13343,U112,25-04-2023,Expense,rent,1568.0,CASH,Ahmedabad,Online course
T3384,U110,07/17/2022,Expense,RENT,1759.0,Bank_Transfer,BANGALORE,No Notes
T13876,U129,2023-07-07,Expense,rent,1433.0,CARD,BANGALORE,!!!
T12679,U028,12/20/2024,Expense,RENT,5106.0,CASH,HYD,Grocery shopping
T4093,U098,2021-02-07,Expense,Fod,7894.0,Csh,DELHI,Medicine
T9321,U087,11-04-24,Expense,Foods,1117.0,Card,KOL,No Notes
T12623,U149,2023-07-29,Expense,Travl,6880.0,CASH,Hyderabad,Grocery shopping
T12878,U041,25-11-23,Expense,Food,1763.0,Upi,PUN,No Notes
T12206,U077,2023-02-10,Expense,Rent,18358.0,Crd,mumbai,Shopping
T8244,U025,2023-03-06,Income,Investment,10557.0,Csh,AHM,Train ticket
T11840,U110,13-07-2021,Expense,Saving,5892.0,cash,AHMEDABAD,Gym membership
T7718,U110,2021-02-21,Expense,Rnt,8105.0,UPI,Ahmedabad,Online course
T0583,U074,01/01/2024,Expense,Helth,6347.0,Csh,kolkata,Online course
T2302,U007,03/25/2024,Expense,Utility,3377.0,UPi,jaipur,No Notes
T1912,U077,2023-11-02,Expense,Food,3391.0,UPi,lucknow,asdfgh
T10930,U127,10/28/2024,Expense,rent,5889.0,cash,bangalore,No Notes
T7287,U051,2021-03-16,Expense,Travel,8951.0,Crd,CHENNAI,ATM withdrawal
T11132,U117,08-03-2021,Expense,Food,1218.0,csh,Unknown,Restaurant dinner
T12005,U005,06/10/2024,Expense,Utility,6856.0,cash,MUMBAI,No Notes
T6431,U094,2022-10-15,Expense,Food,3959.0,UPI,Pune,Internet bill
T12451,U110,03-11-23,Expense,Entrtnmnt,5009.0,csh,Chennai,Fixed deposit
T9003,U025,07/16/2021,Expense,Utility,5841.0,CRD,kolkata,Fixed deposit
T3789,U113,25-09-2023,Expense,Rentt,17432.0,Crd,Mumbai,Uber ride
T2036,U117,20-10-2024,Expense,Utlities,390.0,Upi,HYD,Books
T6031,U138,02/07/2023,Expense,savings,3413.0,csh,chennai,Online course
T5640,U035,2021-01-10,Expense,Rnt,7583.0,upi,Jaipur,asdfgh
T12673,U126,2023-06-12,Expense,RENT,6958.0,card,Jaipur,Shopping
T3402,U014,2022-04-21,Income,Bonus,14080.0,Bank Transfr,DEL,Online course
T6762,U071,2021-01-02,Expense,Rentt,8065.0,CASH,MUM,Monthly rent payment
T11143,U068,26-03-2022,Expense,Travel,301.0,csh,LUCKNOW,Monthly rent payment
T7060,U030,09/03/2021,Expense,entertainment,7231.0,UPi,LUCKNOW,asdfgh
T2674,U126,2022-03-22,Expense,Utlities,7306.0,Bank Transfr,AHMEDABAD,No Notes
T10533,U145,2023-11-11,Expense,Other,369.0,csh,BANGALORE,...
T6371,U039,30-09-2021,Expense,Utlities,7080.0,CARD,LUC,test
T5970,U010,2024-04-23,Expense,Food,2704.0,csh,DELHI,EMI payment
T0349,U098,2023-11-20,Expense,Food,4307.0,Cash,DEL,xyz123
T10973,U045,23-02-24,Income,Others,55060.0,UPi,jaipur,Books
T4864,U115,2024-07-22,Expense,Fod,6643.0,BankTransfer,Delhi,No Notes
T3431,U121,2023-07-19,Expense,Entertain,999999.0,Bank_Transfer,JAIPUR,No Notes
T6816,U147,2022-09-10,Expense,Rentt,49391.0,UPi,chennai,ATM withdrawal
T1039,U005,05-11-21,Expense,FOOD,2898.0,CRD,KOL,Petrol
T8844,U027,2023-12-02,Expense,Food,3476.0,Cash,pune,ATM withdrawal
T13020,U133,2021-11-01,Expense,FOOD,1391.0,BankTransfer,PUNE,Medicine
T4301,U119,28-05-2022,Expense,Fod,7331.0,CASH,DEL,!!!
T9803,U067,08/19/2023,Expense,FOOD,6022.0,Bank Transfer,Delhi,Gym membership
T1967,U090,09/14/2024,Expense,health,1210.0,cash,LUCKNOW,EMI payment
T9323,U029,07-11-24,Expense,Fod,6207.0,CARD,JAI,Coffee
T1311,U122,23-12-23,Income,Bonus,78671.0,Csh,Delhi,Electricity bill
T1305,U060,2024-12-09,Expense,Other,4512.0,UPi,HYD,Grocery shopping
T3769,U021,24-06-2024,Expense,Fod,8786.0,CARD,ahmedabad,Coffee
T8444,U055,11/07/2024,Income,Others,15169.0,CARD,ahmedabad,EMI payment
T5357,U106,2021-07-07,Expense,Travl,7234.0,csh,lucknow,Internet bill
T2553,U095,10/03/2024,Expense,Travel,4220.0,Card,Ahmedabad,No Notes
T13833,U032,11/06/2022,Expense,Utility,733.0,UPi,Lucknow,Coffee
T11047,U076,2024-07-30,Expense,Entertain,1503.0,UPI,Mumbai,Internet bill
T9129,U084,03/06/2022,Expense,rent,9706.0,,LUC,Coffee
T13371,U100,03/13/2024,Expense,Foods,1145.0,CRD,hyderabad,Electricity bill
T5787,U113,04-10-24,Income,Salary,70904.0,CASH,hyderabad,Coffee
T13200,U074,12/08/2024,Expense,Utility,4999.0,Bank Transfr,LUCKNOW,Restaurant dinner
T13014,U149,07/15/2021,Expense,food,8070.0,card,MUM,No Notes
T11753,U101,21-03-22,Expense,Traval,2027.0,CARD,Pune,Petrol
T7986,U023,19-11-2021,Expense,Entertain,9073.0,Upi,Pune,Fixed deposit
T2903,U083,2023-01-14,Expense,Health,2280.0,Bank Transfr,Unknown,Petrol
T4794,U125,06-11-2022,Expense,FOOD,6428.0,Bank Transfer,KOLKATA,Coffee
T3593,U038,03/12/2021,Expense,Foodd,3053.0,Crd,bangalore,!!!
T4690,U150,2021-12-01,Expense,Travel,3009.0,Csh,kolkata,ATM withdrawal
T11484,U112,12/13/2021,Expense,TRAVEL,8766.0,upi,KOL,Uber ride
T7457,U066,12/15/2021,Expense,Entertainment,4021.0,csh,Jaipur,Train ticket
T13960,U148,2021-07-18,Expense,Others,6889.0,Upi,CHENNAI,asdfgh
T7007,U127,30-05-23,Expense,Educaton,2381.0,Card,Unknown,Books
T4599,U079,01-10-23,Expense,Fod,4542.0,UPi,pune,Doctor consultation
T10831,U062,09/30/2024,Expense,Educaton,9525.0,bank transfer,Pune,xyz123
T10681,U049,01-12-2022,Expense,Utilities,9964.0,,Unknown,xyz123
T5878,U127,06/03/2023,Expense,Rentt,35345.0,CASH,Unknown,Train ticket
T4351,U145,11-04-2021,Expense,education,9312.0,,JAI,...
T0561,U036,2022-02-13,Expense,travel,9384.0,Bank Transfer,Ahmedabad,No Notes
T8165,U094,2023-12-28,Expense,TRAVEL,8755.0,BankTransfer,Unknown,No Notes
T4108,U015,2024-05-21,Expense,,6219.0,cash,MUM,Monthly rent payment
T0624,U134,07/16/2024,Expense,TRAVEL,8913.0,upi,Jaipur,Lunch
T12538,U059,2023-10-21,Expense,Food,3975.0,Cash,Lucknow,xyz123
T6041,U007,07/18/2023,Expense,Utility,9757.0,Bank_Transfer,Jaipur,No Notes
T7841,U109,17-01-23,Expense,Education,549.0,Crd,BAN,Movie tickets
T13938,U083,2023-10-08,Expense,HEALTH,8719.0,CARD,DEL,EMI payment
T2763,U029,2023-04-19,Expense,Rnt,4572.0,UPI,PUN,Gym membership
T3886,U148,2021-06-13,Expense,Utilties,716.0,UPi,AHMEDABAD,Shopping
T1723,U132,2021-01-21,Income,Bonus,61112.0,CASH,jaipur,No Notes
T3123,U018,2021-02-09,Expense,EDU,9132.0,UPI,MUMBAI,Electricity bill
T1238,U132,24-04-2023,Expense,Foodd,3517.0,Cash,Bangalore,No Notes
T0511,U122,2021-08-14,Expense,education,2461.0,Bank Transfr,CHENNAI,Electricity bill
T10005,U088,26-07-21,Expense,Foodd,3758.0,Crd,PUNE,Online course
T1577,U019,2023-02-13,Expense,,8172.0,UPi,pune,Grocery shopping
T11005,U042,12/29/2022,Expense,Foodd,3680.0,CASH,Chennai,Internet bill
T5709,U107,07/21/2023,Expense,Traval,9309.0,UPi,DELHI,Online course
T0174,U068,2024-01-20,Expense,Foodd,2206.0,cash,DELHI,Online course
T12409,U108,24-07-2024,Expense,Rent,36084.0,Crd,Mumbai,Movie tickets
T11580,U066,2022-10-21,Expense,Entrtnmnt,794.0,BankTransfer,Unknown,Online course
T2609,U058,2022-08-01,Income,Investment,60328.0,BankTransfer,AHM,EMI payment
T13566,U002,04/30/2023,Expense,food,4009.0,Bank Transfer,Unknown,Restaurant dinner
T5093,U074,03/27/2021,Expense,Rentt,12491.0,,bangalore,!!!
T1969,U100,16-03-2021,Expense,TRAVEL,5345.0,UPI,Lucknow,No Notes
T8327,U106,2023-10-25,Expense,Other,6136.0,upi,Unknown,Monthly rent payment
T1935,U063,06/07/2022,Expense,Misc,993.0,UPi,HYDERABAD,Petrol
T0700,U138,04-09-21,Expense,Entrtnmnt,9768.0,Crd,ahmedabad,xyz123
T3884,U058,11/28/2023,Expense,Entertain,7942.0,card,MUM,Movie tickets
T13781,U132,24-12-2022,Expense,FOOD,8573.0,UPi,MUMBAI,Online course
T3561,U079,2022-07-30,Expense,Rent,31361.0,Crd,chennai,xyz123
T6339,U077,02/16/2022,Expense,others,8697.0,Upi,ahmedabad,misc
T6697,U096,04/16/2022,Income,Investment,70158.0,Upi,mumbai,Internet bill
T4975,U132,16-07-23,Expense,RENT,1286.0,upi,DEL,No Notes
T0732,U115,07/03/2021,Expense,RENT,2861.0,Card,HYD,Electricity bill
T6210,U141,25-04-22,Income,Investment,57735.0,Bank Transfr,bangalore,Shopping
T10570,U008,10/04/2024,Expense,Rnt,7047.0,Cash,delhi,No Notes
T0880,U053,2023-08-07,Expense,Rnt,1526.0,UPi,Kolkata,misc
T4114,U027,26-11-22,Expense,RENT,5302.0,Bank Transfer,MUMBAI,test
T7654,U089,2021-11-28,Expense,Entrtnmnt,1514.0,CRD,Kolkata,ATM withdrawal
T12475,U024,05/03/2021,Expense,Utilties,4397.0,Card,Hyderabad,asdfgh
T9285,U134,08/28/2022,Expense,FOOD,9691.0,Bank_Transfer,LUC,Books
T12446,U084,05/26/2024,Expense,food,7843.0,CARD,chennai,Train ticket
T6442,U074,2023-06-10,Expense,SAVINGS,7288.0,Upi,BAN,Shopping
T10963,U100,01-06-21,Expense,Utility,6741.0,Bank Transfer,LUCKNOW,Electricity bill
T12010,U109,2022-10-23,Expense,Travel,8325.0,upi,BAN,Internet bill
T12501,U093,10/22/2024,Income,Bonus,19211.0,Card,AHMEDABAD,Medicine
T5845,U097,2023-04-08,Expense,education,4730.0,BankTransfer,MUMBAI,ATM withdrawal
T2993,U091,22-01-22,Expense,Entrtnmnt,9197.0,CARD,KOLKATA,ATM withdrawal
T9124,U089,08/11/2022,Income,Bonus,24714.0,CRD,AHMEDABAD,Coffee
T2293,U115,20-12-22,Expense,Travel,3445.0,Cash,JAIPUR,Petrol
T3626,U017,23-08-23,Expense,Utilties,6754.0,CASH,BANGALORE,xyz123
T3866,U149,05/12/2024,Expense,Savings,8393.0,BankTransfer,CHENNAI,Books
T5164,U017,25-10-22,Expense,Entertain,4468.0,BankTransfer,AHM,test
T10582,U109,2024-10-03,Expense,Rnt,1586.0,CRD,KOL,Grocery shopping
T0886,U126,05-11-24,Expense,Fod,3550.0,upi,JAIPUR,test
T5764,U067,25-03-23,Expense,RENT,4237.0,Csh,MUM,Electricity bill
T9904,U016,2022-03-22,Expense,Travl,4125.0,CASH,Kolkata,EMI payment
T12552,U097,02/05/2022,Expense,Rnt,2949.0,upi,chennai,test
T8639,U066,24-06-22,Expense,Entrtnmnt,2962.0,CASH,Kolkata,Shopping
T10101,U100,21-11-2022,Expense,Fod,5150.0,bank transfer,Chennai,Shopping
T7920,U064,30-05-21,Expense,Rnt,7744.0,CASH,lucknow,No Notes
T0314,U075,12/28/2021,Income,Investment,57089.0,Bank Transfr,Chennai,Monthly rent payment
T11006,U101,2024-06-22,Expense,TRAVEL,3416.0,CARD,chennai,Gym membership
T3388,U119,19-03-23,Expense,Fod,2799.0,UPI,PUN,Uber ride
T4385,U014,17-04-22,Expense,Fod,999999.0,Bank_Transfer,bangalore,EMI payment
T13788,U055,10/09/2024,Income,Bonus,51772.0,csh,Unknown,No Notes
T1078,U033,2022-12-16,Expense,Helth,2891.0,Csh,Bangalore,Grocery shopping
T5322,U144,2023-12-18,Income,Freelance,53035.0,Bank_Transfer,Ahmedabad,misc
T7867,U065,2021-04-14,Expense,travel,1419.0,upi,AHM,Grocery shopping
T11877,U092,01/10/2024,Expense,Foods,2685.0,Cash,JAIPUR,Grocery shopping
T3137,U108,27-05-21,Income,Others,30703.0,UPi,KOL,No Notes
T2095,U065,2023-05-05,Expense,Food,3573.0,Crd,PUNE,ATM withdrawal
T13184,U049,02/22/2024,Expense,Rent,49694.0,Upi,CHE,No Notes
T4553,U022,19-04-23,Expense,FOOD,1842.0,cash,CHENNAI,Shopping
T0269,U069,10/25/2022,Expense,FOOD,5806.0,upi,LUC,asdfgh
T0541,U048,2021-05-29,Expense,Saving,5319.0,upi,Pune,ATM withdrawal
T8642,U085,07/23/2024,Expense,rent,8077.0,,DELHI,Grocery shopping
T5317,U115,03-04-2021,Expense,Traval,2005.0,card,CHE,!!!
T3092,U004,27-11-24,Expense,Fod,3212.0,csh,BANGALORE,Online course
T5594,U100,22-05-22,Expense,Health,5023.0,CRD,LUC,Grocery shopping
T2737,U009,04/29/2024,Expense,Travl,8833.0,Card,BANGALORE,Doctor consultation
T2016,U124,2023-05-08,Expense,TRAVEL,834.0,,DELHI,No Notes
T1702,U106,2024-04-01,Expense,Entrtnmnt,4327.0,Card,PUNE,Medicine
T10010,U073,2022-05-09,Expense,utilities,396.0,card,Delhi,Movie tickets
T10970,U116,2021-08-09,Expense,Rent,24908.0,Crd,PUN,Grocery shopping
T13819,U110,2022-08-13,Expense,FOOD,1687.0,UPI,chennai,Restaurant dinner
T6154,U105,2024-12-13,Expense,Utilities,2842.0,CASH,Kolkata,!!!
T4930,U030,11-07-2024,Expense,Rnt,1669.0,cash,Unknown,EMI payment
T7904,U001,11/06/2021,Expense,Rnt,3483.0,csh,pune,Books
T4042,U044,06-06-23,Income,Bonus,74365.0,upi,Chennai,No Notes
T6214,U007,06/03/2023,Expense,Food,4757.0,Bank Transfr,LUCKNOW,Fixed deposit
T3730,U075,02/16/2024,Expense,Foods,2331.0,Csh,Lucknow,Online course
T4527,U065,21-03-2022,Expense,FOOD,2193.0,Bank_Transfer,CHENNAI,Uber ride
T5911,U087,24-11-21,Expense,Fod,2640.0,Cash,Kolkata,Shopping
T8268,U060,2024-04-08,Expense,entertainment,7870.0,CASH,KOL,Monthly rent payment
T12342,U142,12-08-24,Expense,utilities,5971.0,csh,MUM,xyz123
T13018,U016,31-08-22,Expense,travel,1881.0,Card,jaipur,Monthly rent payment
T3570,U139,2021-03-27,Expense,Foods,2214.0,Upi,MUM,Electricity bill
T7786,U130,2024-02-15,Expense,TRAVEL,6734.0,Upi,pune,Electricity bill
T7042,U066,01/22/2021,Expense,Rent,7699.0,CRD,LUC,Lunch
T10452,U143,2023-05-28,Expense,Rentt,43829.0,Card,BANGALORE,EMI payment
T6600,U121,2022-02-09,Expense,food,4749.0,upi,mumbai,asdfgh
T4761,U133,13-07-2024,Expense,Utilties,5559.0,card,Bangalore,Internet bill
T10326,U139,01/10/2021,Expense,Foodd,3091.0,bank transfer,ahmedabad,Restaurant dinner
T0722,U111,06-05-21,Expense,Helth,1909.0,Bank Transfer,jaipur,Doctor consultation
T8210,U013,02/01/2022,Income,Others,14332.0,Cash,Unknown,Books
T4187,U107,09/21/2022,Expense,Helth,2498.0,Card,mumbai,Restaurant dinner
T1138,U027,18-10-21,Income,Others,10591.0,Upi,kolkata,Electricity bill
T10041,U100,08-06-22,Expense,Traval,8266.0,UPI,CHENNAI,EMI payment
T13863,U094,2024-04-06,Income,Bonus,63801.0,bank transfer,Mumbai,Books
T9429,U121,2024-07-30,Expense,FOOD,2839.0,Cash,bangalore,Fixed deposit
T11637,U044,06/30/2022,Expense,Entertain,4888.0,Crd,MUM,Movie tickets
T9795,U141,2023-09-22,Expense,food,2511.0,UPi,KOL,...
T10098,U057,2023-08-08,Expense,rent,2977.0,Crd,DELHI,Monthly rent payment
T12317,U061,2024-05-11,Expense,travel,1928.0,upi,DEL,!!!
T9928,U041,06-11-24,Expense,Foods,933.0,Csh,LUCKNOW,Petrol
T3430,U089,11/27/2024,Expense,Traval,5084.0,Crd,LUC,Petrol
T5061,U042,2022-09-21,Expense,Utility,7841.0,Upi,JAI,No Notes
T2335,U065,2024-08-22,Expense,Travl,1580.0,UPi,CHE,asdfgh
T5256,U068,01-11-2022,Expense,Educaton,4587.0,Csh,CHENNAI,Gym membership
T6343,U142,20-06-23,Income,Salary,14430.0,bank transfer,ahmedabad,test
T0044,U108,2024-11-15,Expense,HEALTH,1120.0,Bank_Transfer,BAN,No Notes
T6013,U041,20-09-23,Income,Freelance,76663.0,csh,AHM,No Notes
T0436,U148,18-09-2022,Expense,Helth,6967.0,Upi,Lucknow,Uber ride
T8578,U118,02/08/2022,Expense,travel,5837.0,UPi,delhi,!!!
T8073,U045,2021-04-03,Expense,FOOD,9447.0,BankTransfer,PUN,Petrol
T9519,U106,02-07-2022,Income,Others,25793.0,Bank_Transfer,lucknow,Restaurant dinner
T2020,U112,2022-01-25,Expense,Entrtnmnt,9225.0,Card,Kolkata,Restaurant dinner
T4674,U070,15-11-21,Expense,Rnt,420.0,bank transfer,mumbai,Restaurant dinner
T3082,U047,28-12-2022,Expense,Foodd,4391.0,UPI,DEL,Train ticket
T11813,U009,07/11/2021,Expense,Rent,19439.0,CASH,MUM,EMI payment
T10525,U096,04/15/2023,Expense,rent,6306.0,CRD,lucknow,No Notes
T1664,U100,06/29/2021,Expense,Utlities,7350.0,CARD,Kolkata,No Notes
T8856,U068,2024-05-20,Expense,Entertain,2596.0,Csh,Delhi,Shopping
T13703,U109,08/28/2021,Expense,rent,3016.0,Bank Transfr,hyderabad,No Notes
T6505,U100,2024-06-11,Expense,Utilties,7353.0,Bank Transfer,KOL,No Notes
T8887,U041,04/30/2021,Expense,RENT,462.0,csh,Ahmedabad,Fixed deposit
T0823,U057,07/03/2021,Expense,Rentt,26092.0,UPI,Unknown,Monthly rent payment
T6935,U137,10-10-23,Expense,utilities,8996.0,cash,HYD,Books
T4540,U072,2023-02-20,Income,Bonus,11567.0,Bank Transfr,hyderabad,!!!
T1859,U134,30-05-2021,Income,Freelance,21664.0,BankTransfer,PUN,Internet bill
T4143,U016,05/28/2024,Expense,Rent,45883.0,card,LUC,xyz123
T7725,U008,18-04-2021,Expense,TRAVEL,6162.0,bank transfer,hyderabad,Grocery shopping
T12707,U063,29-10-2022,Expense,Rentt,36849.0,Upi,PUNE,Online course
T6498,U119,03/21/2024,Expense,Utlities,1444.0,CASH,AHM,xyz123
T2482,U077,2023-05-23,Expense,Foods,3230.0,,mumbai,Grocery shopping
T9736,U116,2024-10-15,Expense,Utilities,3377.0,card,Unknown,misc
T6693,U077,2023-07-07,Expense,TRAVEL,9934.0,csh,MUM,EMI payment
T6497,U056,28-12-2024,Expense,Rentt,10976.0,CASH,bangalore,Movie tickets
T2239,U119,2024-07-15,Expense,Savings,2910.0,UPi,Unknown,No Notes
T5661,U144,2021-11-13,Expense,Rent,8646.0,CARD,Unknown,No Notes
T3040,U069,2022-09-07,Expense,food,8282.0,Card,Unknown,misc
T3653,U087,30-07-23,Expense,Education,5861.0,Bank Transfr,Delhi,Coffee
T7603,U121,10-10-2022,Expense,Traval,936.0,cash,Unknown,No Notes
T7466,U023,01/26/2023,Expense,Entrtnmnt,7837.0,Crd,bangalore,Fixed deposit
T4739,U094,2023-12-10,Expense,Foodd,1783.0,BankTransfer,delhi,No Notes
T3077,U106,09-12-2024,Income,Bonus,61600.0,CARD,AHM,asdfgh
T6105,U072,06/28/2024,Expense,Foodd,3379.0,card,Delhi,No Notes
T10862,U105,06/30/2023,Expense,FOOD,8922.0,csh,Chennai,ATM withdrawal
T1072,U022,2022-06-07,Expense,Entertainment,1817.0,upi,KOL,!!!
T13137,U018,2024-03-08,Expense,Food,1575.0,,Unknown,Petrol
T7767,U033,05/06/2023,Income,Bonus,79594.0,UPI,AHMEDABAD,Shopping
T8546,U141,2023-02-27,Expense,Rnt,6927.0,CASH,BANGALORE,Internet bill
T0201,U010,01-01-21,Expense,Foods,4214.0,Upi,CHENNAI,No Notes
T9098,U041,2022-12-24,Income,Salary,45134.0,CARD,Unknown,Fixed deposit
T3024,U093,2023-10-23,Expense,Travl,1389.0,UPI,delhi,Shopping
T12948,U076,08/31/2024,Income,Investment,52125.0,Crd,Hyderabad,Movie tickets
T6435,U005,2024-10-15,Expense,EDU,9998.0,Upi,Ahmedabad,Doctor consultation
T2829,U048,02-12-2021,Expense,FOOD,3535.0,card,Jaipur,Online course
T7445,U046,26-09-21,Expense,Educaton,5472.0,UPI,hyderabad,Petrol
T8611,U040,2021-11-07,Expense,rent,8489.0,Cash,ahmedabad,Fixed deposit
T5883,U106,08/06/2023,Expense,Fod,2092.0,Bank_Transfer,CHE,Internet bill
T5005,U009,12/02/2024,Expense,Traval,990.0,UPI,Unknown,Doctor consultation
T2591,U066,02/12/2023,Expense,Rentt,43659.0,Upi,lucknow,Lunch
T3614,U072,2024-05-04,Expense,Rnt,7889.0,CRD,BAN,ATM withdrawal
T8570,U014,11-11-2021,Expense,Rent,30032.0,CARD,DEL,Books
T8239,U051,2022-06-28,Income,Investment,66783.0,upi,ahmedabad,Monthly rent payment
T3274,U079,03/06/2021,Income,Investment,60496.0,cash,mumbai,Coffee
T1251,U024,27-11-24,Expense,Saving,2295.0,,CHE,asdfgh
T12802,U053,2023-06-07,Expense,others,3630.0,CASH,JAI,No Notes
T0647,U099,2024-01-07,Expense,health,832.0,CRD,Unknown,No Notes
T13336,U049,27-10-23,Income,Bonus,31943.0,UPI,delhi,Online course
T1946,U130,17-04-23,Expense,Utilties,2754.0,Bank_Transfer,BAN,Train ticket
T5723,U003,2024-08-24,Expense,,2791.0,UPi,Delhi,No Notes
T8601,U118,04/25/2022,Expense,Entrtnmnt,5534.0,UPi,HYDERABAD,Doctor consultation
T6404,U135,2021-12-20,Expense,Rnt,2366.0,CRD,Bangalore,Lunch
T6690,U094,06/27/2022,Expense,HEALTH,6869.0,card,AHM,Books
T8906,U002,2024-06-21,Expense,Rentt,18922.0,bank transfer,PUNE,Books
T6096,U079,2021-08-09,Expense,Helth,9173.0,Upi,DEL,EMI payment
T5582,U116,03/30/2023,Expense,Traval,8982.0,csh,Bangalore,Online course
T0124,U037,30-12-24,Income,Bonus,61007.0,Bank Transfr,delhi,No Notes
T9746,U018,12-06-2022,Income,Others,30853.0,Bank Transfer,MUMBAI,Grocery shopping
T4702,U093,29-08-24,Expense,Entertain,8631.0,cash,CHE,ATM withdrawal
T11749,U025,01/20/2021,Expense,Food,770.0,csh,Delhi,No Notes
T0970,U050,09/25/2021,Expense,Entertain,999999.0,CARD,HYDERABAD,test
T9158,U044,12/23/2021,Expense,entertainment,3141.0,,chennai,Petrol
T12863,U011,2021-02-16,Expense,rent,6658.0,UPI,delhi,Shopping
T11384,U097,12/26/2024,Expense,entertainment,623.0,CARD,Chennai,Gym membership
T4938,U036,2022-06-15,Income,Bonus,40888.0,upi,BAN,misc
T8962,U101,12/14/2024,Expense,Utilties,5608.0,,Jaipur,No Notes
T11712,U137,11-11-2024,Expense,utilities,7746.0,Cash,LUCKNOW,Train ticket
T5096,U011,10/05/2024,Expense,Utility,5135.0,cash,lucknow,Grocery shopping
T12364,U027,13-09-2023,Expense,Foodd,4185.0,Crd,LUCKNOW,No Notes
T7895,U052,14-05-24,Expense,Utility,8718.0,csh,MUMBAI,Lunch
T9757,U021,2021-10-08,Expense,Rentt,14576.0,cash,mumbai,Uber ride
T7880,U115,08/18/2021,Expense,Utilities,4609.0,Bank Transfr,KOL,Uber ride
T6715,U018,17-12-21,Expense,Utility,6452.0,Upi,DELHI,Internet bill
T7066,U023,12/23/2024,Income,Salary,53920.0,Upi,ahmedabad,!!!
T1675,U059,12-06-24,Income,Freelance,76580.0,Card,bangalore,Gym membership
T5629,U035,13-03-21,Expense,Health,1804.0,Bank_Transfer,Chennai,Uber ride
T4094,U037,2024-12-11,Expense,rent,386.0,upi,KOL,Coffee
T7083,U088,23-02-22,Expense,SAVINGS,3074.0,Bank_Transfer,HYD,No Notes
T2476,U025,10-12-22,Expense,education,9231.0,csh,Ahmedabad,Monthly rent payment
T11667,U004,02/07/2022,Expense,Utility,1041.0,Csh,delhi,No Notes
T12391,U121,03/17/2024,Expense,Travel,1743.0,Bank_Transfer,Lucknow,misc
T3478,U078,2021-09-07,Expense,Foodd,3025.0,BankTransfer,pune,Movie tickets
T12092,U073,17-07-2024,Expense,Food,472.0,Bank Transfr,DEL,EMI payment
T4441,U148,06-09-21,Expense,food,3603.0,UPI,BAN,No Notes
T9822,U133,2023-03-08,Expense,Fod,8987.0,Bank_Transfer,Chennai,Electricity bill
T1380,U046,06-08-21,Income,Others,61795.0,Upi,chennai,Coffee
T7469,U149,03/20/2024,Expense,Rent,38750.0,Crd,chennai,Lunch
T6764,U148,05/27/2024,Expense,rent,8263.0,CRD,JAI,No Notes
T7924,U141,2021-08-01,Expense,Rent,38906.0,UPI,LUCKNOW,Restaurant dinner
T2462,U024,2022-04-04,Expense,Entertainment,8428.0,upi,JAIPUR,No Notes
T9267,U046,18-02-23,Income,Investment,59307.0,UPI,HYD,No Notes
T4993,U049,12/21/2021,Expense,Travel,7669.0,UPi,KOLKATA,...
T5407,U090,27-09-24,Expense,Foodd,2296.0,Bank Transfer,Bangalore,No Notes
T3269,U046,2022-07-19,Expense,food,766.0,CRD,ahmedabad,Medicine
T2877,U148,04-09-2024,Expense,Utilities,1906.0,UPI,Unknown,Petrol
T10353,U070,05-07-2021,Expense,TRAVEL,3472.0,BankTransfer,Kolkata,asdfgh
T12478,U049,29-07-23,Expense,Rnt,145.0,UPI,KOL,Restaurant dinner
T6806,U003,2024-01-03,Expense,Utlities,3397.0,UPi,AHM,Electricity bill
T9677,U108,09/16/2021,Expense,RENT,4868.0,Cash,Mumbai,No Notes
T1206,U035,2023-04-10,Expense,Foodd,1392.0,BankTransfer,lucknow,Train ticket
T4276,U127,11/07/2021,Income,Freelance,55811.0,UPi,ahmedabad,No Notes
T3640,U044,05/27/2024,Income,Investment,79367.0,,Kolkata,Doctor consultation
T10897,U079,2023-06-18,Income,Salary,45035.0,UPI,JAIPUR,Train ticket
T2670,U006,01-03-2023,Expense,Entertainment,2390.0,CASH,HYD,Movie tickets
T11185,U136,10-10-2024,Expense,Foodd,4752.0,cash,BANGALORE,Uber ride
T7218,U109,25-04-2024,Expense,food,6913.0,upi,PUN,Gym membership
T12492,U054,2024-10-04,Expense,Entertainment,9345.0,Cash,kolkata,Train ticket
T2139,U142,02/09/2023,Expense,Fod,1207.0,Bank_Transfer,LUCKNOW,Internet bill
T9979,U072,03/04/2024,Expense,Other,5126.0,BankTransfer,Lucknow,Books
T1168,U048,16-11-2022,Expense,Food,139.0,CRD,HYD,Books
T12090,U010,11/11/2023,Expense,Traval,2810.0,Bank_Transfer,Unknown,Train ticket
T5297,U036,12/25/2021,Expense,OTHERS,1799.0,UPI,BAN,Movie tickets
T12521,U076,09/07/2021,Expense,Rnt,560.0,Bank_Transfer,LUC,Internet bill
T12678,U084,06-10-22,Expense,Food,2688.0,card,DEL,ATM withdrawal
T13865,U037,10/04/2023,Expense,Education,3670.0,BankTransfer,JAI,ATM withdrawal
T6990,U097,08/09/2024,Expense,Fod,9095.0,BankTransfer,jaipur,asdfgh
T0157,U003,03-01-21,Expense,Utlities,8780.0,CRD,CHENNAI,!!!
T11554,U085,12/12/2023,Expense,FOOD,4414.0,CASH,KOLKATA,No Notes
T2977,U049,07/19/2023,Income,Freelance,30887.0,Bank Transfr,HYD,No Notes
T10333,U133,2024-03-31,Expense,Travel,802.0,CRD,Delhi,No Notes
T13111,U147,23-01-2023,Expense,rent,387.0,upi,AHM,...
T8026,U140,09-12-21,Expense,Helth,9857.0,CARD,HYDERABAD,Movie tickets
T2752,U104,06/20/2022,Income,Others,73053.0,UPi,BAN,xyz123
T10878,U046,25-02-2021,Expense,EDU,5098.0,Bank Transfr,LUC,Petrol
T13364,U052,04/09/2023,Expense,Travel,452.0,CASH,JAI,No Notes
T8491,U059,2021-10-23,Expense,HEALTH,2945.0,Cash,Unknown,Fixed deposit
T13253,U137,31-12-2022,Income,Freelance,66153.0,Upi,Unknown,!!!
T1857,U063,2021-06-29,Expense,rent,4016.0,csh,mumbai,test
T11820,U070,25-08-2023,Expense,RENT,825.0,Upi,kolkata,Grocery shopping
T6408,U147,10-02-2023,Expense,Entertainment,6474.0,card,Jaipur,Books
T11565,U047,13-02-23,Expense,Foods,1290.0,,AHM,...
T12143,U016,06/02/2022,Expense,savings,5081.0,card,hyderabad,Grocery shopping
T12744,U030,2024-02-10,Income,Bonus,75823.0,Upi,BANGALORE,Gym membership
T9751,U012,06/22/2023,Income,Freelance,31120.0,Upi,jaipur,No Notes
T2080,U087,2023-09-05,Expense,Utlities,7529.0,Card,PUNE,asdfgh
T4349,U013,2024-08-10,Expense,Educaton,2771.0,BankTransfer,KOLKATA,Internet bill
T1244,U008,20-05-2023,Expense,Travel,9686.0,CARD,ahmedabad,Restaurant dinner
T11672,U073,05/09/2022,Expense,rent,3584.0,,PUNE,Restaurant dinner
T7390,U146,16-07-21,Expense,rent,9042.0,bank transfer,lucknow,Medicine
T9830,U070,28-04-23,Income,Investment,49059.0,CASH,Jaipur,Electricity bill
T9925,U144,10/23/2023,Expense,education,8630.0,csh,AHM,Books
T3358,U115,06/15/2022,Expense,Rnt,6926.0,cash,Kolkata,Coffee
T6504,U130,2021-07-26,Expense,Food,4356.0,Upi,bangalore,No Notes
T12399,U083,04/04/2024,Expense,Rent,18668.0,UPi,PUNE,xyz123
T4457,U139,2024-01-04,Expense,HEALTH,4591.0,upi,mumbai,Coffee
T8931,U076,08-03-24,Expense,Rnt,279.0,CRD,LUC,Monthly rent payment
T0397,U063,12/21/2023,Expense,Travl,7616.0,CASH,Mumbai,Doctor consultation
T0743,U013,16-07-2022,Expense,Rentt,11372.0,bank transfer,Unknown,Monthly rent payment
T0500,U038,23-07-2022,Expense,others,3540.0,Upi,JAI,Coffee
T12407,U018,09-12-23,Expense,others,8221.0,Bank Transfer,hyderabad,ATM withdrawal
T4795,U043,06/12/2022,Expense,entertainment,8571.0,Crd,delhi,Medicine
T11422,U039,2023-07-03,Expense,Utility,2306.0,Crd,Jaipur,EMI payment
T8022,U004,2023-08-04,Income,Investment,76991.0,,chennai,No Notes
T12290,U092,01/16/2021,Expense,Foods,1107.0,CARD,HYD,!!!
T7905,U053,08/27/2024,Expense,Travel,9775.0,UPI,Jaipur,Gym membership
T6134,U023,11/26/2021,Expense,Fod,3900.0,,KOLKATA,Books
T1493,U070,2022-09-20,Expense,Saving,6906.0,Csh,LUCKNOW,Monthly rent payment
T13309,U047,2021-06-20,Expense,Foods,340.0,bank transfer,PUN,Monthly rent payment
T3889,U093,07/04/2023,Expense,Entrtnmnt,6224.0,Upi,Bangalore,Online course
T2338,U051,2023-04-20,Expense,EDU,4242.0,BankTransfer,Unknown,Gym membership
T10514,U039,2022-09-11,Expense,Educaton,639.0,Cash,AHMEDABAD,xyz123
T10337,U098,12/29/2023,Expense,Travel,1547.0,Bank Transfr,Unknown,Coffee
T9043,U012,06-02-24,Expense,,1881.0,,Unknown,Uber ride
T10489,U142,05/31/2021,Expense,others,155.0,cash,AHM,Petrol
T8169,U025,27-12-2022,Income,Freelance,37978.0,CASH,LUC,Gym membership
T10539,U149,25-06-2023,Expense,Travel,1040.0,cash,Unknown,Gym membership
T9771,U149,25-10-23,Income,Investment,44913.0,UPI,jaipur,EMI payment
T3032,U147,16-01-2022,Expense,TRAVEL,3621.0,card,Ahmedabad,Books
T2866,U036,11/11/2023,Expense,Fod,7582.0,Cash,DEL,misc
T8905,U115,2024-10-28,Expense,travel,9403.0,bank transfer,LUC,Movie tickets
T13231,U118,21-04-24,Expense,Education,1845.0,Bank_Transfer,Bangalore,!!!
T1180,U001,04/17/2023,Income,Investment,48060.0,,KOL,No Notes
T9100,U129,2023-10-04,Expense,FOOD,122.0,,MUMBAI,Uber ride
T0363,U010,2022-07-13,Expense,savings,791.0,,delhi,No Notes
T12313,U131,2022-07-08,Income,Freelance,46846.0,,Unknown,No Notes
T9378,U137,2022-06-21,Income,Others,39248.0,cash,jaipur,Movie tickets
T13689,U146,2023-11-29,Expense,Rent,10666.0,Card,Lucknow,test
T7983,U138,16-07-22,Expense,utilities,1316.0,Bank Transfer,AHMEDABAD,Online course
T8548,U082,04-05-23,Expense,Foods,4364.0,csh,Jaipur,Online course
T10064,U087,2024-04-17,Income,Freelance,78341.0,,MUM,Movie tickets
T9286,U103,11-10-23,Expense,Food,3765.0,UPI,BANGALORE,No Notes
T3843,U070,10-08-2023,Expense,Utilties,2375.0,UPI,KOLKATA,xyz123
T9133,U035,08/16/2024,Expense,Utilities,9313.0,CASH,JAI,Train ticket
T8486,U149,28-09-21,Expense,Health,6129.0,CASH,Unknown,...
T7447,U120,2023-05-26,Expense,Utilities,5835.0,CASH,BANGALORE,Online course
T2727,U078,2023-11-14,Expense,travel,7539.0,Crd,jaipur,Medicine
T4987,U086,08/28/2021,Expense,Rent,33245.0,Bank_Transfer,pune,!!!
T9984,U114,10/30/2021,Expense,Food,576.0,Cash,Jaipur,Lunch
T9688,U143,03/23/2023,Income,Others,50255.0,CRD,LUC,Petrol
T10482,U109,08-06-2023,Expense,Rent,46470.0,Bank Transfr,MUM,misc
T13755,U080,2024-06-05,Expense,Utilties,6402.0,upi,LUC,Restaurant dinner
T13615,U149,2022-06-28,Expense,Education,1671.0,UPi,Chennai,Internet bill
T2711,U086,05/03/2021,Expense,RENT,3371.0,Cash,Mumbai,Petrol
T12142,U103,16-07-22,Income,Investment,360058.0,Card,Delhi,Petrol
T10540,U143,25-05-2021,Expense,TRAVEL,4353.0,UPI,Unknown,misc
T0270,U113,2022-04-24,Expense,Utilities,993.0,UPI,DEL,EMI payment
T11218,U116,2024-08-17,Expense,Rentt,18396.0,Bank Transfer,LUC,Monthly rent payment
T2669,U061,2023-10-02,Expense,Fod,510.0,Bank Transfer,chennai,ATM withdrawal
T8617,U080,2024-07-26,Expense,FOOD,9358.0,CASH,PUN,Movie tickets
T4165,U028,07-10-24,Expense,Entrtnmnt,6435.0,BankTransfer,hyderabad,test
T1336,U022,2022-10-28,Expense,Savings,9615.0,cash,LUC,No Notes
T2490,U146,2021-01-04,Expense,Travl,6659.0,upi,Unknown,xyz123
T7234,U061,05-05-2021,Expense,Fod,8074.0,Cash,jaipur,Coffee
T13004,U144,08/24/2021,Expense,utilities,8309.0,csh,Hyderabad,test
T4839,U016,10-11-2022,Expense,EDU,1993.0,CARD,JAIPUR,misc
T6363,U141,2024-07-02,Expense,food,5667.0,BankTransfer,DEL,ATM withdrawal
T9663,U147,2023-06-15,Expense,RENT,8290.0,Crd,Lucknow,!!!
T10936,U017,02/11/2021,Expense,rent,993.0,Upi,Pune,No Notes
T3805,U067,08/04/2021,Expense,Foodd,231.0,upi,mumbai,Online course
T4435,U131,03/20/2022,Expense,Fod,1731.0,Bank Transfr,MUMBAI,Uber ride
T11127,U009,04/06/2024,Expense,Entrtnmnt,9061.0,Bank_Transfer,chennai,No Notes
T13964,U046,08/11/2021,Income,Investment,32601.0,upi,Bangalore,Electricity bill
T1353,U114,01/29/2021,Income,Freelance,41522.0,UPI,AHM,Electricity bill
T6364,U128,27-10-21,Expense,Foods,3755.0,csh,CHENNAI,Books
T12597,U108,05/23/2024,Income,Freelance,50480.0,cash,delhi,Movie tickets
T13511,U076,2024-09-26,Expense,SAVINGS,5210.0,card,AHM,Uber ride
T4109,U114,2021-03-22,Expense,food,9201.0,Cash,jaipur,No Notes
T4725,U066,2023-12-17,Expense,Health,6307.0,bank transfer,Delhi,Doctor consultation
T3147,U101,26-10-23,Income,Others,53514.0,Crd,MUM,Monthly rent payment
T7787,U147,2023-07-06,Expense,Foods,400.0,bank transfer,AHM,Shopping
T8275,U042,2024-10-23,Expense,Rent,5511.0,CARD,ahmedabad,No Notes
T0331,U137,28-12-23,Expense,Foods,587.0,Bank Transfr,Delhi,Movie tickets
T13074,U033,2022-07-19,Income,Others,61140.0,Upi,KOL,Shopping
T11974,U053,2023-10-10,Expense,utilities,9628.0,card,kolkata,Grocery shopping
T13645,U148,2024-09-22,Expense,FOOD,5908.0,Upi,bangalore,Electricity bill
T7549,U127,01/18/2021,Expense,Health,7537.0,Csh,Lucknow,asdfgh
T13889,U107,05-04-24,Expense,food,3892.0,Upi,HYD,No Notes
T7879,U072,2023-01-06,Expense,rent,6176.0,csh,BAN,Gym membership
T8301,U099,07/21/2022,Expense,Rentt,45945.0,CARD,Mumbai,No Notes
T0412,U143,2021-09-15,Expense,Rentt,14330.0,Bank_Transfer,Mumbai,No Notes
T3481,U072,2024-11-02,Expense,Rentt,32903.0,bank transfer,MUMBAI,Train ticket
T6629,U118,08-06-24,Expense,RENT,735.0,Card,delhi,No Notes
T5573,U136,15-02-22,Expense,Rent,48793.0,Bank Transfr,KOLKATA,xyz123
T11568,U019,2023-01-22,Expense,Rentt,17355.0,Crd,PUN,Restaurant dinner
T5982,U112,01/18/2023,Expense,Foodd,2370.0,UPi,mumbai,Doctor consultation
T7909,U066,04-11-23,Expense,Entrtnmnt,5199.0,upi,chennai,test
T9948,U009,04/25/2022,Expense,RENT,6440.0,BankTransfer,Lucknow,No Notes
T13732,U135,19-04-2024,Income,Salary,46790.0,Bank Transfr,BAN,Internet bill
T5157,U140,11/11/2021,Expense,,6547.0,Bank Transfr,kolkata,Train ticket
T13169,U141,15-12-2021,Expense,education,5354.0,,HYD,Coffee
T5442,U091,2022-03-07,Expense,Entrtnmnt,9282.0,Crd,DELHI,ATM withdrawal
T6826,U047,23-01-24,Expense,Educaton,5591.0,upi,MUMBAI,Restaurant dinner
T12068,U089,18-09-24,Expense,RENT,2077.0,Crd,DELHI,Train ticket
T1756,U022,07-07-21,Expense,Utilties,4047.0,card,Unknown,Lunch
T13311,U112,21-12-23,Expense,Education,5808.0,Cash,Jaipur,!!!
T9618,U055,11/03/2024,Expense,Traval,9745.0,UPI,Kolkata,Electricity bill
T5605,U087,2021-09-22,Expense,Education,1651.0,bank transfer,Ahmedabad,Movie tickets
T8841,U101,2021-01-21,Expense,travel,1902.0,BankTransfer,Hyderabad,misc
T5482,U029,05/31/2023,Expense,education,7093.0,bank transfer,hyderabad,Online course
T5385,U067,2023-01-14,Income,Freelance,19423.0,,chennai,Movie tickets
T3722,U145,11/02/2021,Expense,utilities,8937.0,card,CHE,Monthly rent payment
T9440,U150,01/06/2024,Expense,FOOD,7041.0,Csh,LUCKNOW,Uber ride
T10913,U096,2022-03-15,Expense,Traval,949.0,cash,LUC,...
T8840,U137,06/12/2021,Income,Salary,29816.0,Card,Delhi,No Notes
T6268,U076,2024-01-12,Expense,Rentt,34284.0,cash,Unknown,!!!
T8762,U039,21-09-24,Expense,Utilities,2204.0,UPi,MUMBAI,Fixed deposit
T6974,U080,18-01-23,Expense,FOOD,4505.0,Upi,LUCKNOW,Gym membership
T4863,U031,2021-03-13,Income,Others,25390.0,upi,AHM,test
T6533,U055,11/06/2024,Expense,Foods,3133.0,Bank Transfer,HYDERABAD,EMI payment
T6775,U094,27-03-2024,Expense,Rent,13149.0,card,Unknown,No Notes
T1774,U053,09/15/2021,Expense,Traval,8339.0,bank transfer,Unknown,No Notes
T6463,U067,01/26/2023,Income,Investment,43524.0,UPi,hyderabad,No Notes
T0495,U014,2022-07-06,Income,Freelance,142875.0,upi,kolkata,Movie tickets
T7606,U107,18-08-23,Expense,food,1377.0,Bank Transfer,BAN,misc
T7024,U117,2021-03-07,Expense,food,8842.0,cash,Jaipur,test
T1788,U007,2021-07-21,Expense,health,6696.0,CRD,Kolkata,Grocery shopping
T4811,U025,29-05-23,Expense,Foods,1892.0,Bank Transfer,MUMBAI,Shopping
T1252,U112,2023-11-19,Expense,Entertainment,8880.0,Csh,Delhi,Coffee
T5363,U054,11/26/2022,Expense,Food,937.0,Bank Transfer,CHE,asdfgh
T5086,U142,03/27/2023,Income,Freelance,64120.0,CASH,JAIPUR,Medicine
T11273,U045,09/11/2023,Expense,Traval,2375.0,Bank_Transfer,Unknown,Movie tickets
T12276,U104,24-03-21,Expense,Utilities,7563.0,Upi,PUN,Uber ride
T0072,U011,03/16/2024,Expense,education,7481.0,csh,MUMBAI,Internet bill
T0297,U025,2021-12-27,Expense,HEALTH,1107.0,cash,Ahmedabad,ATM withdrawal
T2578,U045,13-03-21,Expense,Others,9500.0,Bank Transfer,Ahmedabad,xyz123
T13129,U020,2024-10-07,Expense,Food,518.0,bank transfer,Unknown,test
T13971,U021,2024-11-05,Expense,travel,8573.0,card,DEL,No Notes
T10307,U112,31-08-2023,Expense,Rent,15504.0,Bank Transfr,bangalore,Medicine
T3343,U077,02/12/2021,Expense,entertainment,925.0,csh,bangalore,Uber ride
T9156,U039,2022-04-22,Expense,Fod,8291.0,Crd,Unknown,asdfgh
T7369,U127,2024-06-15,Income,Bonus,285939.0,CASH,MUM,Electricity bill
T10784,U112,2024-11-23,Expense,EDU,3762.0,BankTransfer,hyderabad,Coffee
T1566,U073,2021-11-16,Expense,Utilties,7998.0,UPI,HYDERABAD,No Notes
T13691,U074,2023-04-24,Expense,Rent,44674.0,Crd,KOLKATA,Medicine
T3586,U086,04/17/2022,Expense,food,999999.0,Bank Transfr,AHMEDABAD,!!!
T1597,U013,2023-05-03,Expense,Saving,6271.0,UPI,mumbai,Petrol
T13665,U136,2023-12-22,Expense,Entertain,114.0,Card,hyderabad,Shopping
T3931,U109,19-04-22,Income,Others,12226.0,BankTransfer,AHMEDABAD,Coffee
T0299,U016,30-01-2024,Expense,Utlities,4723.0,bank transfer,pune,xyz123
T12008,U026,2024-11-29,Expense,Foods,1239.0,UPi,PUN,EMI payment
T2447,U110,08-01-23,Expense,entertainment,5424.0,bank transfer,Bangalore,No Notes
T10835,U053,06-08-21,Expense,RENT,335.0,CARD,Bangalore,No Notes
T11023,U100,01/30/2022,Expense,Food,1239.0,bank transfer,BANGALORE,Medicine
T6243,U030,05/12/2024,Expense,food,6149.0,CASH,PUNE,Coffee
T5047,U069,31-05-23,Expense,travel,4061.0,Card,KOLKATA,No Notes
T10076,U042,08/28/2021,Expense,TRAVEL,5964.0,Crd,JAIPUR,Restaurant dinner
T4871,U116,05-08-2024,Expense,Fod,3758.0,CRD,lucknow,Electricity bill
T2170,U092,16-07-2021,Expense,education,9322.0,UPi,PUN,Coffee
T12688,U069,2022-04-07,Expense,Rentt,39620.0,card,Hyderabad,Electricity bill
T1680,U037,2022-07-16,Expense,Travel,5983.0,Bank Transfr,Chennai,ATM withdrawal
T7159,U088,27-12-2021,Expense,TRAVEL,4678.0,csh,AHMEDABAD,Petrol
T1690,U127,2021-11-02,Expense,Educaton,2012.0,Crd,Unknown,Internet bill
T2034,U096,2022-02-06,Expense,Foodd,3618.0,Card,AHMEDABAD,No Notes
T7866,U017,12/18/2021,Expense,Entertainment,6511.0,BankTransfer,Unknown,No Notes
T0166,U015,03/26/2022,Income,Freelance,57026.0,,Lucknow,Shopping
T1825,U065,07/15/2022,Expense,Travel,4725.0,,Jaipur,Fixed deposit
T1492,U047,2021-05-15,Income,Bonus,112085.0,Crd,chennai,No Notes
T8255,U132,28-12-2023,Income,Bonus,57627.0,cash,CHE,ATM withdrawal
T8509,U023,2023-04-06,Expense,RENT,1301.0,cash,LUC,Monthly rent payment
T5541,U150,25-10-2024,Expense,Saving,7036.0,UPi,Unknown,Uber ride
T5561,U098,2023-08-27,Expense,food,7916.0,UPi,Ahmedabad,No Notes
T11358,U039,2021-06-27,Expense,Misc,6136.0,CARD,Chennai,No Notes
T10995,U032,02/19/2023,Expense,Rent,45912.0,Upi,KOLKATA,Restaurant dinner
T8191,U123,2023-10-12,Expense,Entrtnmnt,2703.0,,Kolkata,Shopping
T1359,U040,04/30/2024,Expense,food,7644.0,upi,Ahmedabad,No Notes
T7949,U120,08-05-21,Expense,FOOD,7932.0,bank transfer,BAN,Doctor consultation
T2494,U099,01/10/2023,Expense,Foodd,4670.0,csh,Bangalore,Restaurant dinner
T12542,U044,16-10-2024,Expense,Rnt,8846.0,Bank Transfer,Lucknow,Shopping
T9692,U096,14-10-2023,Expense,Fod,9303.0,upi,Pune,Petrol
T7439,U066,05-11-22,Expense,Rentt,46063.0,upi,Jaipur,Train ticket
T6651,U102,05/02/2023,Expense,Travl,6737.0,card,LUC,No Notes
T0971,U025,2022-04-05,Expense,rent,1568.0,CASH,LUCKNOW,Uber ride
T8869,U102,2021-01-09,Income,Others,74830.0,CRD,lucknow,Gym membership
T13230,U023,26-09-24,Expense,entertainment,8903.0,BankTransfer,Bangalore,Electricity bill
T10388,U124,2021-01-08,Expense,Utlities,1663.0,,KOLKATA,Monthly rent payment
T5836,U137,2021-04-30,Expense,Entrtnmnt,887.0,,ahmedabad,Coffee
T1172,U051,04/18/2022,Expense,Fod,8766.0,UPi,BAN,Fixed deposit
T8922,U076,2021-06-26,Expense,Foodd,3695.0,cash,BAN,test
T6375,U083,04/15/2024,Expense,entertainment,213.0,Bank_Transfer,Hyderabad,!!!
T1832,U034,2024-05-20,Expense,Utlities,2880.0,CARD,PUNE,No Notes
T2233,U032,2021-12-01,Expense,HEALTH,2593.0,Upi,JAI,Books
T3854,U032,10/16/2022,Expense,travel,6895.0,CASH,kolkata,!!!
T9536,U124,2022-02-10,Expense,Entertainment,5108.0,BankTransfer,CHE,Grocery shopping
T1593,U085,11/06/2022,Income,Salary,740026.0,CARD,Mumbai,No Notes
T9835,U063,2024-09-21,Expense,Entertainment,5150.0,UPi,JAI,No Notes
T2860,U068,19-01-24,Expense,Food,3519.0,,BAN,Train ticket
T9052,U035,2024-07-31,Income,Salary,911154.0,Bank Transfer,BANGALORE,Grocery shopping
T6829,U018,13-02-22,Expense,Foodd,703.0,UPI,Jaipur,!!!
T10601,U134,2024-12-08,Expense,Fod,2788.0,BankTransfer,MUMBAI,xyz123
T8780,U070,30-08-2021,Expense,TRAVEL,2002.0,bank transfer,ahmedabad,Grocery shopping
T1820,U018,02/25/2021,Expense,,6686.0,upi,KOL,Coffee
T6438,U123,2021-11-02,Expense,OTHERS,7164.0,bank transfer,Bangalore,!!!
T8939,U140,2021-05-04,Expense,Travl,4433.0,UPI,AHMEDABAD,Monthly rent payment
T13492,U055,2021-04-03,Expense,Foods,1196.0,CASH,hyderabad,Fixed deposit
T11971,U132,02/02/2022,Expense,others,7238.0,UPI,kolkata,Books
T1944,U105,12/01/2022,Expense,OTHERS,1275.0,card,HYD,Doctor consultation
T10332,U025,2024-01-14,Expense,Rentt,7195.0,upi,Mumbai,ATM withdrawal
T0150,U016,03/27/2023,Expense,FOOD,6690.0,UPI,Jaipur,Books
T8237,U050,05/16/2023,Expense,Utilities,2718.0,upi,PUNE,ATM withdrawal
T9345,U061,09/02/2023,Expense,utilities,5069.0,UPI,Lucknow,asdfgh
T6199,U150,12/06/2021,Expense,Utilties,7956.0,Csh,hyderabad,Electricity bill
T4433,U119,2021-02-24,Expense,rent,7368.0,UPi,BANGALORE,No Notes
T8104,U057,01/07/2022,Expense,Travel,4856.0,UPI,Unknown,test
T12293,U101,02/25/2021,Expense,Rentt,47775.0,Csh,MUMBAI,Restaurant dinner
T7838,U122,05/24/2021,Expense,TRAVEL,4687.0,cash,Mumbai,No Notes
T13239,U066,23-09-24,Expense,Fod,7218.0,BankTransfer,delhi,Online course
T4144,U059,2022-10-14,Expense,Rent,30161.0,card,bangalore,Medicine
T3613,U105,2023-11-19,Expense,Rent,28443.0,Card,Kolkata,Monthly rent payment
T0218,U047,07-03-24,Income,Bonus,48096.0,Crd,hyderabad,No Notes
T12058,U117,26-09-22,Expense,Food,2846.0,UPi,BAN,Internet bill
T1423,U057,10/05/2023,Income,Others,41149.0,CASH,Bangalore,Monthly rent payment
T12102,U103,10/29/2022,Expense,Entertainment,3518.0,BankTransfer,Unknown,No Notes
T5720,U073,27-03-23,Income,Salary,10205.0,upi,HYDERABAD,Monthly rent payment
T7802,U115,09/26/2022,Expense,Helth,5682.0,Cash,Ahmedabad,No Notes
T2393,U129,12/10/2021,Expense,Entertain,836.0,bank transfer,CHE,Internet bill
T9127,U006,19-10-23,Expense,Travl,5955.0,Upi,pune,Monthly rent payment
T6361,U040,03/05/2024,Income,Salary,581306.0,cash,Unknown,Train ticket
T3012,U076,08/10/2023,Expense,travel,1964.0,CASH,kolkata,No Notes
T5670,U099,2021-07-30,Income,Investment,28198.0,Cash,kolkata,test
T3894,U080,2021-12-19,Expense,rent,9664.0,Crd,bangalore,Lunch
T3999,U046,11/05/2023,Expense,Traval,1540.0,card,lucknow,asdfgh
T1034,U044,02-03-24,Expense,TRAVEL,2787.0,card,chennai,xyz123
T9956,U014,13-08-22,Expense,food,4860.0,card,pune,Lunch
T1604,U066,2021-11-09,Expense,TRAVEL,3752.0,Bank Transfer,DELHI,!!!
T12945,U102,01-12-2024,Income,Bonus,57861.0,Bank_Transfer,lucknow,EMI payment
T8930,U047,10-03-21,Expense,FOOD,4918.0,csh,CHENNAI,Restaurant dinner
T9513,U087,06/05/2024,Expense,Misc,2372.0,Bank Transfer,PUN,EMI payment
T8348,U095,09/03/2023,Expense,Rentt,10141.0,CASH,jaipur,Books
T5826,U047,2021-03-23,Expense,TRAVEL,9612.0,Bank_Transfer,CHE,Lunch
T9805,U032,03/28/2022,Expense,Food,515.0,cash,Jaipur,Online course
T10390,U045,2024-10-09,Expense,RENT,4682.0,Upi,Pune,No Notes
T6630,U124,2021-10-18,Expense,health,9178.0,Card,Lucknow,ATM withdrawal
T7429,U065,09/08/2022,Expense,Utilities,2168.0,bank transfer,ahmedabad,Train ticket
T9635,U086,05/31/2022,Expense,Entrtnmnt,6136.0,CRD,jaipur,EMI payment
T5830,U144,2022-01-03,Expense,SAVINGS,6609.0,UPI,CHE,Restaurant dinner
T2797,U090,06/11/2024,Expense,RENT,2802.0,UPi,HYD,No Notes
T0092,U087,2024-02-29,Income,Bonus,64602.0,,JAIPUR,ATM withdrawal
T5151,U149,2022-04-26,Expense,utilities,1329.0,Crd,BAN,!!!
T1552,U025,2022-09-06,Income,Freelance,48760.0,UPI,PUNE,!!!
T11864,U080,08-11-2023,Expense,,3603.0,CRD,HYD,Coffee
T10177,U138,2023-07-15,Expense,Food,4069.0,cash,kolkata,test
T0114,U148,09-05-24,Expense,Foodd,4320.0,CARD,MUM,No Notes
T6071,U013,21-11-2022,Expense,Educaton,5179.0,CARD,Delhi,Train ticket
T9289,U061,2021-04-26,Expense,utilities,9305.0,Upi,Bangalore,No Notes
T6993,U019,2023-07-31,Expense,Rent,18710.0,CRD,Bangalore,No Notes
T7846,U142,05-07-2024,Expense,Fod,8286.0,Csh,PUN,Electricity bill
T6473,U059,11-03-22,Income,Others,51604.0,Bank Transfer,LUCKNOW,Fixed deposit
T11744,U082,2024-02-24,Income,Salary,41199.0,,LUC,No Notes
T4842,U116,07-08-2022,Expense,Rnt,5716.0,Csh,Unknown,Electricity bill
T13814,U140,2023-08-22,Income,Others,33082.0,BankTransfer,bangalore,Lunch
T1890,U110,13-03-21,Expense,Rent,21048.0,UPi,Mumbai,Grocery shopping
T11498,U105,01/13/2021,Expense,food,2287.0,CASH,lucknow,No Notes
T10309,U112,2024-09-02,Expense,food,9231.0,Upi,pune,Petrol
T6439,U111,2024-04-16,Expense,Foods,2099.0,Bank_Transfer,MUM,Medicine
T6279,U030,28-11-24,Expense,Foods,2461.0,CARD,Unknown,No Notes
T3052,U026,25-02-24,Expense,Rnt,5162.0,Card,CHENNAI,Internet bill
T3064,U037,03/20/2021,Income,Others,44161.0,CARD,Unknown,No Notes
T6115,U051,12-10-21,Expense,travel,1616.0,UPI,Jaipur,Online course
T4160,U036,01/28/2023,Income,Freelance,32104.0,cash,HYDERABAD,misc
T2358,U074,2022-03-15,Income,Bonus,70687.0,,ahmedabad,No Notes
T9164,U094,2023-12-07,Expense,Rent,8582.0,Bank Transfer,hyderabad,Monthly rent payment
T3630,U052,27-08-24,Expense,utilities,4389.0,Bank_Transfer,CHENNAI,Online course
T8862,U140,2021-05-28,Expense,health,6652.0,CASH,Unknown,misc
T8377,U141,09/22/2022,Expense,Fod,5133.0,BankTransfer,MUMBAI,Petrol
T2800,U056,2022-01-05,Expense,Rent,46587.0,upi,Jaipur,Grocery shopping
T1460,U125,2022-04-15,Expense,Utilities,9867.0,UPI,JAIPUR,Shopping
T9095,U044,2022-10-14,Expense,Rentt,18297.0,Upi,Chennai,No Notes
T1717,U012,10/17/2021,Expense,utilities,7175.0,bank transfer,kolkata,test
T10529,U129,2024-04-14,Expense,RENT,4212.0,Bank_Transfer,hyderabad,Doctor consultation
T0261,U019,09-06-2021,Income,Freelance,78969.0,Crd,PUNE,Movie tickets
T10042,U004,2021-08-30,Expense,Utility,8704.0,Upi,lucknow,xyz123
T3442,U070,2022-07-17,Income,Investment,17401.0,bank transfer,Pune,Internet bill
T12426,U062,21-10-2021,Expense,Entertain,7103.0,Cash,LUCKNOW,xyz123
T0295,U090,2021-12-16,Expense,TRAVEL,1852.0,BankTransfer,CHE,Internet bill
T7362,U050,2022-08-05,Expense,travel,1052.0,Cash,Lucknow,misc
T10065,U057,2023-04-01,Expense,Savings,433.0,Bank_Transfer,Kolkata,EMI payment
T7182,U094,10/25/2021,Expense,EDU,1312.0,Bank_Transfer,DELHI,EMI payment
T9212,U083,2022-08-05,Expense,Foods,1617.0,card,jaipur,Grocery shopping
T5266,U032,15-01-21,Expense,Rnt,7973.0,cash,Mumbai,Monthly rent payment
T9555,U097,2024-12-13,Expense,Traval,4138.0,upi,JAI,ATM withdrawal
T7543,U098,2022-01-21,Expense,Misc,1087.0,Csh,BAN,xyz123
T11907,U037,12-07-21,Expense,RENT,485.0,Crd,CHENNAI,No Notes
T0610,U135,01/26/2024,Expense,food,4541.0,card,chennai,misc
T2824,U124,07-05-23,Income,Bonus,12888.0,Bank Transfer,HYD,xyz123
T6950,U123,04/14/2021,Expense,food,1736.0,UPi,MUM,Electricity bill
T5397,U009,05/26/2023,Expense,Entrtnmnt,8127.0,cash,DEL,!!!
T0910,U097,08/01/2023,Income,Others,65264.0,BankTransfer,Kolkata,...
T2883,U118,09-05-22,Expense,FOOD,2736.0,Crd,LUCKNOW,Online course
T12133,U041,2021-07-06,Expense,health,7174.0,card,Unknown,No Notes
T5394,U055,07-08-2021,Expense,Utilties,5420.0,Bank Transfer,Pune,Train ticket
T2935,U118,03-08-2021,Expense,Fod,819.0,csh,HYDERABAD,Petrol
T9168,U041,08-05-22,Expense,food,1904.0,UPi,mumbai,No Notes
T5714,U077,03/31/2022,Expense,utilities,5965.0,Cash,JAI,ATM withdrawal
T12625,U094,16-11-24,Expense,Traval,6822.0,UPi,MUM,misc
T11366,U003,2022-04-14,Expense,Fod,8157.0,UPi,PUNE,...
T13303,U022,03/17/2021,Expense,Utility,3876.0,,CHE,!!!
T0870,U130,2024-12-26,Expense,EDU,6428.0,,AHM,ATM withdrawal
T0513,U004,2023-05-03,Expense,Rentt,24628.0,Csh,MUM,Uber ride
T9980,U080,26-07-23,Income,Investment,39501.0,CASH,bangalore,asdfgh
T2735,U146,03/12/2024,Expense,Entertainment,2120.0,bank transfer,BAN,Internet bill
T8531,U110,01/05/2024,Expense,Utility,5268.0,Csh,PUN,Coffee
T0360,U089,27-08-24,Expense,Utility,6888.0,Card,jaipur,Train ticket
T0378,U014,03/15/2021,Expense,Entertainment,8208.0,BankTransfer,bangalore,Restaurant dinner
T3003,U014,08-06-23,Expense,Fod,4748.0,csh,Unknown,No Notes
T9889,U135,24-10-21,Income,Investment,33185.0,Card,DELHI,Grocery shopping
T11944,U115,2022-06-21,Expense,Traval,2074.0,BankTransfer,Jaipur,Medicine
T12079,U119,06/05/2021,Expense,Fod,9634.0,bank transfer,PUN,EMI payment
T12160,U129,23-04-21,Income,Bonus,76874.0,Crd,CHENNAI,!!!
T13612,U015,30-11-21,Income,Others,28010.0,UPI,CHE,...
T13644,U142,16-09-22,Expense,FOOD,1063.0,BankTransfer,Chennai,Grocery shopping
T2767,U031,2021-04-19,Expense,Foods,2817.0,Crd,DELHI,Lunch
T5383,U027,2021-01-02,Expense,Food,3805.0,Csh,bangalore,Grocery shopping
T5120,U075,03/26/2021,Expense,Entrtnmnt,3204.0,csh,BAN,Books
T12917,U007,15-12-21,Expense,FOOD,2821.0,Bank Transfr,Unknown,Doctor consultation
T0894,U028,19-06-2022,Expense,Entertainment,4776.0,,pune,No Notes
T1981,U062,29-05-22,Expense,travel,4658.0,Card,Mumbai,Electricity bill
T6854,U078,03-12-22,Expense,Rnt,4284.0,bank transfer,kolkata,misc
T13728,U003,2024-07-18,Expense,Traval,134.0,bank transfer,jaipur,Medicine
T12945,U009,09/02/2024,Expense,RENT,3317.0,UPi,lucknow,...
T3785,U104,01/10/2021,Expense,Food,3602.0,Crd,DELHI,Electricity bill
T11646,U099,09/28/2022,Expense,HEALTH,3272.0,Card,mumbai,Doctor consultation
T0016,U145,05/31/2021,Expense,food,4102.0,UPI,JAI,EMI payment
T0078,U096,30-07-21,Expense,Food,2284.0,cash,HYDERABAD,Monthly rent payment
T4892,U116,08-12-2022,Expense,Fod,690.0,BankTransfer,JAI,No Notes
T3700,U147,2024-07-19,Expense,EDU,8270.0,Bank Transfer,LUC,ATM withdrawal
T13646,U076,2021-01-10,Income,Others,50568.0,,PUNE,No Notes
T1769,U086,2022-09-21,Expense,Utility,2134.0,,Chennai,Electricity bill
T5958,U032,2024-02-17,Expense,Entertainment,4156.0,BankTransfer,hyderabad,No Notes
T12966,U021,10/19/2023,Expense,utilities,4347.0,card,Jaipur,EMI payment
T7522,U079,2024-05-05,Expense,travel,6639.0,Crd,hyderabad,No Notes
T13639,U108,26-01-2022,Income,Investment,32559.0,,jaipur,No Notes
T12135,U004,08/16/2024,Expense,Education,9378.0,CARD,mumbai,No Notes
T0112,U006,08/07/2023,Expense,Foodd,2885.0,Cash,PUNE,Monthly rent payment
T11552,U102,04-06-2023,Income,Freelance,631644.0,Cash,Pune,Restaurant dinner
T1810,U011,21-07-24,Expense,RENT,3257.0,upi,Bangalore,Uber ride
T4309,U131,2022-03-17,Expense,Rnt,7766.0,BankTransfer,PUNE,xyz123
T2670,U083,2022-04-11,Expense,Helth,9527.0,UPI,CHE,Doctor consultation
T13282,U083,07/15/2024,Expense,Travl,7593.0,CASH,AHM,ATM withdrawal
T2823,U077,30-01-2024,Expense,Rnt,5394.0,Bank Transfr,AHM,Uber ride
T4120,U142,2022-04-24,Expense,Utlities,5298.0,Bank_Transfer,Mumbai,No Notes
T7851,U054,2023-03-08,Expense,entertainment,2853.0,Cash,DELHI,Movie tickets
T5681,U024,02-01-23,Expense,Helth,4366.0,bank transfer,delhi,Grocery shopping
T12691,U013,09/29/2023,Expense,Foods,2402.0,CARD,MUM,...
T3340,U016,07-10-21,Expense,food,329.0,Bank_Transfer,Hyderabad,Electricity bill
T1993,U047,07-10-2024,Expense,Traval,9709.0,BankTransfer,DEL,Petrol
T6704,U078,10/01/2022,Expense,Foodd,4277.0,BankTransfer,Unknown,Medicine
T13000,U018,07/21/2024,Expense,Entertainment,5304.0,,Unknown,Movie tickets
T12553,U140,10-09-2021,Expense,utilities,242.0,UPi,AHMEDABAD,Fixed deposit
T0816,U065,05-01-24,Income,Others,10833.0,CARD,DELHI,Online course
T3869,U051,2021-08-17,Expense,rent,9207.0,Cash,Mumbai,Doctor consultation
T3968,U122,06-06-22,Expense,rent,1513.0,Bank Transfer,AHMEDABAD,...
T2641,U062,2021-01-18,Expense,RENT,3300.0,UPi,ahmedabad,No Notes
T1342,U075,03-05-24,Expense,Utilties,4591.0,cash,Pune,Internet bill
T3860,U102,12/15/2024,Expense,Foodd,103.0,Crd,ahmedabad,No Notes
T0902,U145,12/19/2024,Expense,,1177.0,csh,LUCKNOW,No Notes
T1995,U150,13-11-21,Expense,Savings,530.0,UPi,Bangalore,Uber ride
T6474,U122,2022-02-21,Expense,EDU,2560.0,Card,Ahmedabad,Train ticket
T3834,U103,20-06-2023,Expense,Education,3205.0,upi,PUN,ATM withdrawal
T11206,U010,2023-08-07,Expense,Rnt,1996.0,UPI,Mumbai,Medicine
T8581,U015,02/16/2021,Income,Freelance,59364.0,upi,JAI,Uber ride
T7053,U020,2021-02-01,Expense,Traval,7062.0,CASH,DELHI,Electricity bill
T6000,U105,06/15/2021,Expense,food,300.0,,ahmedabad,Lunch
T4294,U103,2021-01-25,Expense,Savings,3252.0,upi,Ahmedabad,EMI payment
T6455,U147,2023-03-27,Expense,food,113.0,Bank Transfr,Mumbai,Petrol
T0096,U064,2022-12-07,Expense,travel,849.0,UPi,Bangalore,No Notes
T5914,U066,2024-02-29,Income,Salary,39221.0,Bank Transfer,CHENNAI,Uber ride
T0206,U075,2024-10-09,Expense,entertainment,5381.0,Bank_Transfer,PUN,Grocery shopping
T7233,U119,11/02/2023,Expense,Utilities,533.0,Upi,LUC,Internet bill
T7250,U129,04/10/2021,Income,Salary,18141.0,Upi,jaipur,xyz123
T4463,U050,04/13/2023,Expense,Travl,3465.0,Crd,mumbai,Restaurant dinner
T11836,U103,2021-06-23,Expense,RENT,2392.0,CARD,chennai,Medicine
T1768,U120,12/12/2023,Expense,Food,975.0,UPi,CHE,misc
T2576,U001,10/22/2022,Expense,TRAVEL,4510.0,bank transfer,chennai,Coffee
T1891,U027,01-08-2024,Expense,SAVINGS,3582.0,upi,chennai,No Notes
T2509,U135,05/19/2021,Expense,Traval,7397.0,Upi,ahmedabad,Internet bill
T7873,U084,07/06/2023,Expense,Utility,3269.0,Upi,MUM,asdfgh
T9261,U142,11-11-2021,Expense,TRAVEL,7041.0,bank transfer,pune,Doctor consultation
T5570,U061,30-06-2021,Expense,Entrtnmnt,3988.0,Upi,BANGALORE,asdfgh
T3231,U119,08-06-21,Income,Investment,11310.0,Crd,ahmedabad,Restaurant dinner
T13987,U124,2023-09-08,Expense,Utlities,8964.0,UPI,lucknow,Grocery shopping
T6044,U037,10-12-23,Expense,HEALTH,4632.0,upi,KOL,No Notes
T1558,U043,2022-02-25,Expense,FOOD,8521.0,cash,Lucknow,Gym membership
T4494,U077,07/25/2023,Expense,rent,1568.0,Crd,PUN,No Notes
T3031,U054,12/16/2024,Expense,health,2402.0,upi,CHENNAI,No Notes
T4051,U059,2024-11-27,Expense,food,6738.0,UPi,KOL,No Notes
T13249,U061,07-09-2023,Expense,education,839.0,Bank Transfr,KOL,Medicine
T1111,U040,12/28/2022,Expense,Education,4333.0,Bank_Transfer,HYD,Grocery shopping
T12003,U078,24-05-22,Expense,Health,8486.0,upi,hyderabad,Fixed deposit
T7928,U040,24-12-24,Expense,education,9805.0,Crd,KOL,Fixed deposit
T5013,U049,2021-02-11,Expense,travel,5866.0,Card,Delhi,Gym membership
T9903,U033,08-02-22,Expense,TRAVEL,9382.0,bank transfer,Ahmedabad,Train ticket
T7201,U079,04/17/2024,Expense,TRAVEL,785.0,bank transfer,chennai,Coffee
T12011,U118,2023-11-20,Expense,FOOD,3896.0,Cash,Jaipur,xyz123
T0391,U107,08/28/2021,Income,Others,35192.0,Crd,hyderabad,No Notes
T9752,U070,12/07/2021,Expense,Health,6664.0,UPi,Delhi,No Notes
T2688,U109,2022-06-09,Expense,Foodd,4605.0,csh,LUCKNOW,Restaurant dinner
T6977,U017,28-06-2024,Expense,Utilities,150.0,cash,AHMEDABAD,No Notes
T5761,U057,2021-04-04,Income,Bonus,69376.0,Cash,BAN,Monthly rent payment
T0666,U058,10/31/2022,Expense,Utility,9551.0,Card,Unknown,Fixed deposit
T11630,U083,2023-02-15,Expense,Utilties,8104.0,Csh,LUCKNOW,misc
T3868,U023,30-12-23,Expense,Traval,3567.0,upi,Hyderabad,Fixed deposit
T2084,U001,08/01/2024,Expense,education,295.0,Cash,Hyderabad,No Notes
T6086,U113,2023-10-13,Expense,Fod,8311.0,upi,HYDERABAD,Online course
T8554,U140,30-07-24,Expense,Traval,9632.0,upi,lucknow,ATM withdrawal
T6264,U056,2023-08-04,Expense,EDU,4029.0,Upi,Kolkata,Medicine
T11215,U058,2024-01-12,Expense,entertainment,7782.0,Bank Transfer,Hyderabad,Movie tickets
T5100,U056,2024-10-17,Expense,health,610.0,cash,lucknow,Movie tickets
T7595,U061,2024-06-13,Expense,food,2594.0,Card,mumbai,Petrol
T5249,U148,24-05-2022,Expense,rent,2890.0,UPI,Ahmedabad,Petrol
T1753,U040,2022-05-19,Expense,Rent,32851.0,,pune,Online course
T3941,U139,10/06/2024,Expense,Foods,1477.0,BankTransfer,lucknow,...
T10646,U114,2021-06-02,Expense,Travl,2424.0,upi,Pune,Internet bill
T9927,U089,2021-03-31,Expense,Utility,7494.0,BankTransfer,bangalore,Electricity bill
T13970,U052,2021-07-29,Expense,Foodd,2329.0,Upi,HYD,Uber ride
T4607,U143,2021-02-01,Expense,Utility,150.0,upi,BAN,...
T13053,U091,06/04/2024,Expense,Entertain,643.0,upi,LUCKNOW,Coffee
T9188,U141,06/22/2023,Expense,travel,3041.0,BankTransfer,MUMBAI,Movie tickets
T7701,U120,10/30/2024,Expense,RENT,9692.0,upi,bangalore,misc
T8007,U132,2024-12-24,Expense,travel,4421.0,UPi,PUNE,ATM withdrawal
T10359,U119,16-02-22,Expense,entertainment,3301.0,Bank_Transfer,lucknow,Online course
T13166,U043,02/13/2023,Expense,Entertain,2660.0,cash,BAN,No Notes
T12463,U106,06-02-21,Expense,Entrtnmnt,8580.0,cash,JAI,Uber ride
T1501,U035,06/02/2021,Income,Others,10101.0,UPI,MUM,No Notes
T7324,U081,25-09-23,Expense,Food,3862.0,,PUNE,No Notes
T13110,U106,05/12/2021,Expense,Traval,5308.0,upi,Jaipur,Coffee
T11649,U021,2024-02-21,Income,Salary,10082.0,csh,KOL,xyz123
T12017,U003,2024-06-06,Expense,,1623.0,Bank Transfr,Chennai,Medicine
T9382,U015,2023-12-24,Expense,Foods,4299.0,Upi,Bangalore,Petrol
T0606,U101,25-05-24,Expense,Others,7618.0,BankTransfer,delhi,Gym membership
T3035,U113,03/24/2023,Income,Freelance,42808.0,CASH,delhi,Train ticket
T7181,U036,2024-04-11,Expense,Rent,6377.0,Cash,Pune,Coffee
T1223,U029,03/09/2023,Expense,Food,2949.0,UPI,AHM,Gym membership
T3607,U046,29-07-2021,Expense,Rentt,34952.0,csh,Ahmedabad,Books
T0182,U051,08/09/2023,Expense,Health,8108.0,Upi,Kolkata,Online course
T5017,U127,2023-11-03,Income,Salary,36037.0,Upi,AHM,Coffee
T7952,U032,02/02/2023,Expense,Entertain,4691.0,Crd,jaipur,Lunch
T2670,U082,05/19/2023,Expense,Fod,8143.0,CRD,Hyderabad,test
T11388,U058,2024-11-09,Income,Investment,68676.0,Crd,DEL,!!!
T1615,U119,2023-05-02,Expense,rent,2008.0,Crd,CHENNAI,Uber ride
T1437,U041,2023-05-04,Income,Others,61829.0,CASH,delhi,Movie tickets
T0181,U096,22-11-23,Expense,utilities,8689.0,Card,ahmedabad,Electricity bill
T8279,U092,2024-04-04,Expense,Fod,2221.0,BankTransfer,BANGALORE,EMI payment
T6730,U066,03/04/2021,Expense,Travel,7426.0,Csh,CHE,No Notes
T0225,U036,2022-04-17,Expense,rent,9963.0,UPI,AHMEDABAD,No Notes
T9943,U064,13-10-2023,Expense,RENT,9185.0,Crd,BANGALORE,No Notes
T13184,U037,20-05-2024,Expense,Foodd,1113.0,CASH,bangalore,ATM withdrawal
T6427,U050,2022-03-24,Expense,Utilties,1880.0,csh,Unknown,Fixed deposit
T6806,U097,2024-08-23,Expense,Foods,2396.0,upi,lucknow,Medicine
T5418,U080,2022-12-10,Expense,Rent,37626.0,csh,AHM,test
T7775,U049,2024-11-24,Expense,Education,999999.0,CARD,Pune,Electricity bill
T9377,U076,26-07-24,Expense,TRAVEL,9328.0,,Chennai,Online course
T12974,U127,12/29/2021,Expense,travel,6588.0,Bank Transfr,jaipur,No Notes
T6795,U136,2024-07-12,Expense,Fod,8525.0,CARD,CHENNAI,Medicine
T13204,U055,12/05/2024,Expense,Entertain,6148.0,Upi,Lucknow,Monthly rent payment
T2193,U063,02/09/2023,Expense,Others,3012.0,,mumbai,xyz123
T5491,U028,2023-09-26,Expense,utilities,5476.0,CRD,hyderabad,...
T2428,U027,11/09/2023,Expense,Entertainment,9671.0,CASH,Chennai,Doctor consultation
T10547,U116,11-02-24,Expense,rent,7856.0,Upi,KOL,Internet bill
T12122,U044,2022-03-22,Expense,Travel,1488.0,CRD,MUM,asdfgh
T13306,U063,11/16/2023,Expense,Entrtnmnt,3093.0,CARD,DEL,Petrol
T12877,U063,2021-08-09,Expense,Foods,3616.0,Bank Transfer,LUCKNOW,misc
T2898,U017,2023-04-12,Expense,utilities,2074.0,Upi,KOLKATA,Lunch
T5638,U036,2024-05-15,Expense,Travel,5087.0,CRD,LUC,Petrol
T4058,U108,03/29/2021,Expense,Rnt,722.0,Bank Transfr,AHM,ATM withdrawal
T4808,U141,05-03-21,Expense,Fod,391.0,csh,Pune,Lunch
T4568,U008,12/22/2022,Expense,Food,335.0,CRD,HYD,Shopping
T12975,U140,01/22/2023,Expense,Foodd,3554.0,Bank_Transfer,AHM,ATM withdrawal
T7765,U041,23-06-21,Expense,Fod,3909.0,Cash,hyderabad,No Notes
T2268,U093,07-08-23,Expense,Entrtnmnt,2278.0,Card,ahmedabad,misc
T8999,U142,2022-02-18,Expense,FOOD,1575.0,,Pune,Fixed deposit
T2851,U144,11/21/2021,Expense,Rent,18845.0,CARD,lucknow,Gym membership
T10283,U123,10/12/2023,Expense,Helth,3952.0,CARD,HYD,No Notes
T10499,U024,16-03-23,Expense,Education,9268.0,,bangalore,...
T7733,U135,2022-02-04,Expense,TRAVEL,895.0,Crd,mumbai,test
T3498,U143,2021-02-28,Expense,Helth,2303.0,CRD,Unknown,Monthly rent payment
T10448,U051,25-06-2021,Expense,HEALTH,6404.0,Cash,bangalore,Monthly rent payment
T13063,U113,2023-04-16,Expense,Traval,4099.0,Cash,LUC,Movie tickets
T4743,U036,05/10/2021,Expense,Travel,6946.0,Bank Transfer,KOL,Monthly rent payment
T3969,U112,2023-12-08,Income,Bonus,62765.0,,JAIPUR,No Notes
T6849,U014,2023-08-18,Expense,rent,8035.0,CARD,Pune,xyz123
T10991,U089,08-11-24,Expense,RENT,6630.0,Bank Transfr,MUM,No Notes
T7672,U017,08/08/2024,Expense,TRAVEL,7971.0,Bank Transfer,PUNE,Lunch
T3051,U026,08/21/2021,Expense,Utilities,9760.0,CASH,Delhi,!!!
T5837,U077,03/02/2021,Expense,travel,8850.0,UPi,CHENNAI,Petrol
T4018,U069,09/19/2021,Income,Salary,71443.0,Crd,BAN,No Notes
T10401,U092,2024-01-02,Expense,Educaton,7181.0,Csh,MUMBAI,EMI payment
T6420,U113,2022-01-01,Expense,Utilities,361.0,upi,HYD,ATM withdrawal
T0858,U138,07/29/2021,Expense,FOOD,9047.0,Bank Transfr,CHENNAI,Internet bill
T8632,U130,08/15/2024,Income,Freelance,60879.0,CARD,lucknow,Electricity bill
T10380,U055,12/25/2023,Expense,,5051.0,Upi,HYD,Medicine
T6036,U134,05/16/2021,Expense,others,9963.0,CRD,delhi,Electricity bill
T1678,U105,14-01-24,Expense,Travel,9140.0,Upi,HYDERABAD,Monthly rent payment
T6395,U067,23-03-23,Expense,Utilities,6739.0,UPI,KOL,...
T0259,U083,12/08/2023,Expense,Utilties,3410.0,,Pune,No Notes
T2502,U028,15-05-22,Expense,food,8549.0,Upi,Pune,Fixed deposit
T4489,U046,2022-01-05,Expense,Rent,39738.0,upi,Unknown,Train ticket
T7165,U090,2023-08-11,Expense,TRAVEL,9618.0,,Unknown,Electricity bill
T1631,U136,01/23/2023,Income,Investment,12814.0,UPI,LUCKNOW,Online course
T13280,U059,06/29/2024,Expense,Foodd,2797.0,CASH,AHM,Train ticket
T9224,U080,05/09/2022,Expense,Rnt,835.0,Crd,Unknown,Medicine
T7685,U043,2023-07-18,Expense,Fod,9756.0,Card,JAIPUR,Movie tickets
T9494,U142,2022-12-18,Expense,FOOD,8248.0,Bank_Transfer,MUMBAI,Petrol
T2728,U117,22-11-21,Expense,Rnt,4659.0,BankTransfer,ahmedabad,Restaurant dinner
T8920,U115,2024-04-23,Expense,Utility,5230.0,UPI,AHMEDABAD,ATM withdrawal
T1062,U033,16-08-21,Expense,FOOD,7681.0,cash,JAIPUR,Medicine
T2312,U106,2024-11-05,Expense,,4166.0,Crd,CHE,asdfgh
T2910,U045,06/01/2021,Expense,Rnt,5785.0,Bank_Transfer,HYDERABAD,No Notes
T12975,U068,2024-03-22,Expense,Rent,39335.0,CARD,Jaipur,Coffee
T12571,U139,26-10-2021,Income,Salary,72736.0,cash,HYD,Medicine
T3718,U148,21-03-2024,Expense,Helth,2035.0,cash,Unknown,Online course
T10911,U029,09/28/2023,Income,Others,22567.0,CARD,Unknown,No Notes
T10794,U041,2023-06-16,Expense,food,3576.0,bank transfer,CHE,Electricity bill
T7478,U039,01/17/2023,Expense,Education,4000.0,UPI,LUCKNOW,No Notes
T8464,U095,11-10-2024,Expense,Entertainment,308.0,csh,Unknown,No Notes
T9960,U085,11/01/2023,Income,Salary,681983.0,,Pune,Medicine
T3279,U127,08/08/2023,Income,Salary,15344.0,Bank Transfr,Mumbai,Petrol
T12905,U057,10/07/2024,Expense,Traval,5008.0,cash,MUMBAI,Lunch
T12805,U038,2021-04-04,Expense,rent,1456.0,Bank Transfer,KOLKATA,xyz123
T2167,U088,2022-12-07,Expense,Travl,8786.0,CASH,mumbai,Doctor consultation
T1132,U043,09-06-2021,Expense,Utilties,4679.0,,BANGALORE,No Notes
T7301,U008,2024-06-30,Expense,TRAVEL,2092.0,Bank Transfr,BAN,xyz123
T10421,U104,31-05-23,Expense,Educaton,4602.0,Cash,Hyderabad,ATM withdrawal
T11504,U091,11/28/2021,Expense,Rentt,10901.0,card,Chennai,Gym membership
T6982,U017,05/22/2024,Expense,Travel,9518.0,Cash,Hyderabad,Medicine
T3549,U086,05-06-22,Expense,Travl,1593.0,upi,JAIPUR,No Notes
T8897,U073,01/31/2021,Expense,FOOD,7020.0,UPI,JAI,No Notes
T0621,U083,2024-06-02,Expense,Educaton,1003.0,upi,MUM,Monthly rent payment
T1207,U113,04/30/2022,Expense,Entrtnmnt,865.0,,Mumbai,Doctor consultation
T12563,U136,2021-07-31,Expense,Food,2496.0,cash,JAIPUR,EMI payment
T12861,U144,2023-01-03,Expense,Entrtnmnt,5531.0,UPi,Bangalore,Medicine
T11111,U101,05/14/2022,Expense,Food,2906.0,csh,DELHI,Movie tickets
T10972,U009,05-11-22,Expense,Utilities,999999.0,UPi,AHMEDABAD,Books
T7279,U036,19-06-21,Expense,travel,2883.0,bank transfer,Kolkata,No Notes
T10305,U140,2023-07-24,Expense,Travel,3215.0,BankTransfer,AHM,!!!
T6758,U129,03/14/2021,Expense,Rent,43584.0,Cash,Unknown,asdfgh
T5829,U071,09-05-2023,Income,Salary,26163.0,cash,KOL,!!!
T4473,U003,03/19/2023,Expense,Foods,3914.0,upi,KOL,!!!
T0597,U084,2022-11-18,Expense,Education,5257.0,upi,MUMBAI,Grocery shopping
T1511,U009,03/16/2021,Expense,entertainment,8226.0,Bank Transfr,DELHI,test
T10287,U043,14-08-24,Expense,Educaton,5149.0,CRD,Delhi,No Notes
T7243,U055,2022-08-24,Expense,Educaton,3958.0,Bank_Transfer,Unknown,Movie tickets
T3907,U017,04/06/2024,Expense,Savings,594.0,csh,lucknow,Monthly rent payment
T5367,U011,2022-10-28,Expense,Educaton,8149.0,,DELHI,...
T6757,U130,2024-12-22,Expense,Foodd,970.0,Cash,chennai,Fixed deposit
T7342,U145,02-02-2021,Expense,Traval,1378.0,Bank Transfr,AHM,Shopping
T2138,U072,14-08-22,Income,Freelance,39903.0,Bank Transfr,Hyderabad,No Notes
T11832,U064,08/05/2024,Expense,entertainment,5493.0,CRD,PUN,Gym membership
T5102,U011,17-03-21,Expense,Rnt,1474.0,Bank_Transfer,delhi,Lunch
T12762,U036,2022-01-19,Expense,Entrtnmnt,4009.0,Crd,DEL,Uber ride
T3819,U083,18-12-2023,Expense,Other,4050.0,UPI,Bangalore,No Notes
T2164,U084,02/14/2024,Income,Investment,65886.0,,PUN,Monthly rent payment
T1687,U008,08-01-2024,Expense,Traval,7728.0,CRD,Unknown,Movie tickets
T4954,U145,11-11-2022,Expense,Savings,6386.0,UPi,lucknow,No Notes
T7998,U119,2021-01-24,Expense,EDU,7472.0,card,Unknown,Doctor consultation
T8960,U116,26-09-24,Expense,Educaton,4293.0,card,Delhi,ATM withdrawal
T11666,U065,2023-09-27,Expense,education,4956.0,csh,KOLKATA,Online course
T1613,U010,2024-09-13,Expense,Fod,540.0,UPI,CHE,Shopping
T4119,U006,2023-02-07,Expense,Entertain,5721.0,Cash,Unknown,ATM withdrawal
T2053,U147,23-10-21,Expense,Travl,5345.0,Cash,BAN,Gym membership
T13365,U140,15-11-24,Income,Bonus,63063.0,Crd,CHE,Uber ride
T6788,U114,03/31/2024,Expense,Rnt,7678.0,Bank Transfer,Kolkata,asdfgh
T11870,U004,27-06-2021,Expense,utilities,4923.0,Csh,BANGALORE,Petrol
T13150,U040,2021-09-29,Expense,Foods,3819.0,bank transfer,ahmedabad,Internet bill
T9810,U103,2024-06-08,Expense,food,1775.0,CRD,Jaipur,Uber ride
T2151,U066,2021-06-10,Expense,Entertainment,999999.0,UPi,jaipur,Coffee
T6753,U142,07-05-22,Expense,Entrtnmnt,7835.0,Upi,CHE,Grocery shopping
T8615,U086,07/26/2023,Expense,,1024.0,CRD,HYD,Gym membership
T6321,U055,02-04-2024,Expense,Traval,4478.0,upi,CHE,Coffee
T1434,U062,2023-12-16,Income,Investment,12067.0,Bank Transfer,PUN,No Notes
T6448,U087,2024-08-15,Expense,FOOD,7933.0,CASH,JAI,Internet bill
T10065,U016,10-05-23,Income,Investment,55222.0,UPI,AHMEDABAD,misc
T7168,U041,2023-03-31,Expense,RENT,9201.0,Csh,Delhi,Electricity bill
T2314,U063,05/14/2023,Expense,education,2842.0,Csh,BANGALORE,Gym membership
T8633,U061,2022-04-12,Expense,Utility,8273.0,csh,Kolkata,No Notes
T6006,U005,03-12-2021,Expense,RENT,6317.0,CRD,hyderabad,Petrol
T6051,U123,07/05/2022,Expense,Foods,2761.0,,BANGALORE,Lunch
T1367,U103,21-02-2023,Expense,Utilities,8200.0,bank transfer,MUMBAI,Petrol
T1265,U132,11/23/2024,Expense,Foodd,3159.0,Cash,LUC,...
T11994,U119,07/14/2023,Expense,Utility,445.0,,ahmedabad,...
T0262,U148,29-07-23,Expense,Traval,8368.0,bank transfer,JAI,No Notes
T1098,U141,11-08-24,Expense,TRAVEL,8406.0,Bank_Transfer,KOLKATA,Grocery shopping
T0524,U047,24-03-23,Expense,Helth,8067.0,Bank Transfer,AHMEDABAD,Shopping
T3397,U121,2024-01-25,Expense,Rentt,28555.0,Bank Transfr,chennai,No Notes
T2643,U094,2023-04-23,Expense,Utilties,1517.0,Bank_Transfer,ahmedabad,Doctor consultation
T10711,U128,2021-04-27,Expense,Saving,1323.0,UPi,Unknown,No Notes
T11962,U136,06/16/2022,Expense,SAVINGS,6042.0,CRD,PUN,ATM withdrawal
T2238,U093,2022-04-04,Expense,utilities,3830.0,bank transfer,Delhi,...
T10273,U096,10/20/2024,Expense,food,2669.0,,Unknown,Books
T2202,U150,04/09/2022,Expense,Rentt,49196.0,Bank Transfer,Chennai,!!!
T10473,U147,2022-11-24,Expense,Utility,7454.0,CASH,HYD,Coffee
T9450,U101,2023-05-24,Expense,FOOD,5890.0,,Kolkata,No Notes
T6918,U106,2023-01-12,Expense,Utilities,3686.0,upi,PUN,Medicine
T9099,U144,05/01/2024,Expense,RENT,4235.0,Bank_Transfer,ahmedabad,EMI payment
T12926,U052,16-05-23,Expense,Food,4995.0,CARD,jaipur,...
T2771,U080,08/10/2023,Expense,travel,3721.0,Cash,PUNE,Gym membership
T5643,U104,2021-11-03,Expense,education,3205.0,Bank_Transfer,Hyderabad,EMI payment
T8435,U092,2024-08-21,Expense,Travl,6871.0,BankTransfer,Mumbai,Grocery shopping
T13840,U106,04/10/2023,Expense,Foodd,1829.0,csh,KOLKATA,Petrol
T1164,U131,2021-01-04,Expense,Rnt,9915.0,Bank Transfer,Jaipur,Uber ride
T1023,U090,2022-10-04,Expense,TRAVEL,3076.0,UPi,BAN,asdfgh
T4877,U035,2023-10-28,Expense,food,5149.0,BankTransfer,Kolkata,...
T8121,U046,06/04/2022,Expense,,5957.0,CARD,JAI,...
T4972,U144,06/09/2022,Expense,Others,1885.0,Cash,JAI,...
T13258,U068,2022-11-19,Expense,Others,999999.0,,chennai,Coffee
T4689,U052,01/21/2024,Expense,FOOD,7844.0,Bank_Transfer,jaipur,Monthly rent payment
T13923,U033,2021-12-19,Expense,RENT,6171.0,CASH,delhi,misc
T2907,U113,10/24/2024,Expense,rent,6295.0,Cash,AHMEDABAD,No Notes
T13430,U050,2023-04-15,Expense,health,3265.0,,ahmedabad,Movie tickets
T1310,U014,2022-01-20,Expense,Travel,3625.0,Cash,hyderabad,ATM withdrawal
T11724,U100,2021-04-19,Income,Bonus,66794.0,CASH,ahmedabad,ATM withdrawal
T4781,U133,06/03/2023,Expense,TRAVEL,4280.0,Bank Transfr,Unknown,Train ticket
T3176,U083,11/14/2021,Expense,TRAVEL,7632.0,Csh,CHE,Books
T13485,U056,10/12/2021,Expense,Entertainment,8587.0,Upi,delhi,Grocery shopping
T5448,U026,2023-02-02,Expense,savings,6766.0,Bank Transfr,Kolkata,Grocery shopping
T10370,U066,2024-11-13,Expense,rent,403.0,UPI,hyderabad,Online course
T9653,U049,2022-11-14,Expense,Utilties,659.0,BankTransfer,chennai,Lunch
T6303,U059,30-06-24,Income,Investment,35392.0,CARD,Delhi,ATM withdrawal
T12509,U061,10-10-2024,Expense,Foodd,3401.0,CRD,kolkata,...
T7216,U032,21-08-2023,Expense,Rnt,2986.0,Upi,Unknown,EMI payment
T2565,U119,04/25/2021,Expense,rent,478.0,BankTransfer,JAIPUR,Train ticket
T6524,U021,04/26/2021,Income,Bonus,70383.0,Cash,PUNE,EMI payment
T4455,U091,09-12-21,Expense,Food,2625.0,Bank Transfr,AHMEDABAD,Doctor consultation
T5182,U122,2021-12-22,Expense,Foodd,1806.0,CASH,PUN,Restaurant dinner
T2160,U094,2022-06-03,Expense,Traval,7230.0,csh,PUNE,asdfgh
T11796,U110,28-09-22,Expense,rent,6888.0,UPi,Unknown,...
T6694,U125,03/04/2021,Expense,Foodd,4641.0,card,MUM,Restaurant dinner
T4800,U065,2024-05-18,Income,Others,68733.0,cash,kolkata,Movie tickets
T13400,U053,2023-02-03,Expense,Rent,35289.0,Crd,pune,Doctor consultation
T12731,U081,09-10-2024,Expense,Rentt,43283.0,,hyderabad,Movie tickets
T3065,U101,07/14/2024,Income,Investment,24516.0,bank transfer,bangalore,Medicine
T1579,U070,28-03-23,Expense,Fod,4387.0,,AHMEDABAD,Grocery shopping
T8424,U056,06/01/2024,Expense,Foodd,4313.0,,Delhi,ATM withdrawal
T11495,U056,2024-07-07,Expense,Foodd,348.0,UPI,HYD,ATM withdrawal
T4934,U022,2022-11-02,Expense,FOOD,5125.0,csh,JAI,No Notes
T10253,U090,08-01-2023,Expense,Foodd,4199.0,Crd,Chennai,Online course
T1154,U005,03/08/2021,Expense,food,917.0,Csh,Jaipur,Coffee
T0011,U106,2022-05-24,Expense,Food,1872.0,card,Unknown,test
T0733,U001,06/25/2024,Expense,travel,5247.0,Crd,KOLKATA,Electricity bill
T7247,U120,12/11/2022,Expense,Food,828.0,CASH,Kolkata,Petrol
T8354,U067,2023-07-04,Expense,RENT,532.0,UPi,BANGALORE,Train ticket
T0808,U019,30-09-2021,Expense,Food,957.0,CARD,DEL,misc
T13654,U081,2022-11-15,Expense,SAVINGS,2323.0,CASH,JAIPUR,asdfgh
T7178,U130,2021-05-28,Expense,rent,9056.0,CRD,Kolkata,Monthly rent payment
T10003,U073,2024-03-30,Expense,,6523.0,csh,KOLKATA,Books
T11792,U007,12/16/2021,Expense,Savings,7769.0,cash,lucknow,Online course
T2691,U100,16-12-2023,Expense,Others,6047.0,UPI,KOL,No Notes
T1262,U144,11/12/2024,Expense,Helth,2624.0,BankTransfer,bangalore,EMI payment
T6477,U060,02-03-24,Expense,utilities,2455.0,UPi,KOLKATA,test
T11202,U117,01-11-2023,Expense,entertainment,779.0,CASH,Kolkata,Fixed deposit
T1112,U020,2023-06-16,Expense,Education,2827.0,CASH,ahmedabad,Electricity bill
T6692,U100,03-08-21,Expense,food,10000.0,Cash,pune,Internet bill
T11243,U100,07-01-21,Expense,Fod,9806.0,card,PUN,No Notes
T11525,U072,10-04-21,Expense,Foods,2105.0,Csh,LUCKNOW,Shopping
T3207,U068,2022-08-10,Expense,Entertain,1782.0,card,MUM,No Notes
T5507,U126,06-10-2023,Expense,FOOD,1689.0,Card,PUNE,Restaurant dinner
T4652,U075,06/01/2023,Income,Salary,25111.0,Cash,Jaipur,Petrol
T11573,U100,08/08/2022,Expense,travel,9049.0,bank transfer,bangalore,Coffee
T6553,U124,18-09-2023,Income,Freelance,37098.0,upi,Bangalore,No Notes
T4329,U052,2021-02-23,Expense,Fod,189.0,CRD,Unknown,Internet bill
T0474,U122,2021-04-18,Expense,EDU,6719.0,upi,Pune,Online course
T3429,U120,05-05-21,Expense,RENT,5108.0,CARD,PUNE,Books
T8143,U006,03/24/2023,Expense,Rnt,4109.0,CASH,BANGALORE,Electricity bill
T4651,U010,2021-08-14,Expense,Educaton,5002.0,Upi,Delhi,Fixed deposit
T5367,U029,01/16/2023,Expense,Health,9092.0,CASH,bangalore,asdfgh
T8639,U022,06-09-2021,Expense,Entrtnmnt,701.0,UPi,KOLKATA,No Notes
T8386,U014,27-02-22,Expense,EDU,7122.0,UPI,LUCKNOW,Petrol
T8832,U039,2021-08-04,Expense,others,4606.0,Upi,bangalore,Electricity bill
T12082,U002,01/26/2021,Income,Others,65556.0,upi,pune,Restaurant dinner
T10858,U051,19-06-23,Expense,Travel,3864.0,bank transfer,Unknown,Fixed deposit
T11421,U070,08/08/2024,Expense,rent,2779.0,CARD,CHENNAI,!!!
T11658,U083,10/27/2022,Expense,Travl,5958.0,Crd,MUM,asdfgh
T13148,U121,2022-09-08,Expense,Foodd,4391.0,Upi,ahmedabad,No Notes
T6895,U057,06-12-22,Expense,Rent,21486.0,Bank Transfer,CHENNAI,Fixed deposit
T1489,U079,28-11-23,Expense,Utility,868.0,Csh,AHMEDABAD,!!!
T12746,U138,2022-12-22,Expense,Traval,7727.0,UPI,mumbai,Fixed deposit
T13087,U041,06/12/2023,Expense,FOOD,2775.0,Upi,pune,Lunch
T13368,U020,2024-05-16,Expense,food,7279.0,Crd,MUM,No Notes
T10334,U072,19-07-21,Expense,Travel,3038.0,card,Hyderabad,Monthly rent payment
T7402,U045,08-12-23,Expense,Savings,3948.0,cash,BAN,Gym membership
T6723,U138,03/28/2023,Expense,Utilities,2149.0,csh,Hyderabad,No Notes
T12505,U142,22-09-22,Expense,Utlities,2186.0,CASH,chennai,Lunch
T7497,U084,16-04-2024,Expense,,779.0,,chennai,Train ticket
T6916,U010,25-03-23,Expense,Food,4719.0,Card,mumbai,Uber ride
T11385,U122,09-05-21,Expense,Entertainment,9678.0,Bank_Transfer,Bangalore,Movie tickets
T2404,U094,2024-09-11,Expense,rent,4127.0,CRD,Unknown,misc
T0207,U007,04/19/2021,Expense,Foodd,2102.0,Crd,Unknown,Movie tickets
T7632,U130,2022-10-04,Expense,Rentt,47161.0,Bank Transfr,ahmedabad,Monthly rent payment
T9471,U146,2022-11-03,Expense,Rentt,35442.0,csh,KOLKATA,Petrol
T1569,U139,05-09-24,Expense,food,5878.0,Upi,hyderabad,No Notes
T10503,U012,2024-04-19,Expense,Utility,3227.0,CRD,Ahmedabad,Electricity bill
T13349,U120,2024-09-09,Expense,food,5243.0,BankTransfer,Ahmedabad,ATM withdrawal
T6986,U076,2023-08-16,Expense,travel,9124.0,Card,hyderabad,Lunch
T4752,U115,06/22/2024,Expense,RENT,3197.0,Bank Transfr,Jaipur,Lunch
T10046,U142,26-06-2023,Income,Others,51504.0,Crd,Hyderabad,Movie tickets
T5464,U148,03/04/2021,Income,Bonus,70676.0,UPi,PUN,Online course
T4331,U011,18-10-2021,Expense,health,210.0,,delhi,No Notes
T5539,U077,04/22/2021,Expense,health,2222.0,Cash,Unknown,No Notes
T9349,U110,07/26/2022,Expense,TRAVEL,5013.0,Bank Transfr,jaipur,No Notes
T5906,U096,08/06/2023,Expense,Savings,1032.0,CASH,LUC,Monthly rent payment
T9894,U090,24-04-22,Expense,Rent,7250.0,CARD,Unknown,Petrol
T11183,U116,2021-07-29,Income,Bonus,78729.0,upi,Ahmedabad,Doctor consultation
T4111,U027,2021-08-12,Expense,TRAVEL,3380.0,UPI,ahmedabad,Petrol
T8040,U008,05/11/2024,Expense,RENT,2709.0,Cash,PUN,EMI payment
T6798,U054,02/18/2024,Income,Freelance,19605.0,Bank_Transfer,HYD,No Notes
T4944,U022,08-01-22,Expense,Rentt,37578.0,UPI,BANGALORE,Restaurant dinner
T10764,U125,2022-06-03,Expense,rent,4234.0,BankTransfer,CHE,Gym membership
T4317,U014,09/30/2021,Expense,Rent,20078.0,Bank_Transfer,JAI,Coffee
T7480,U115,02-03-2023,Expense,TRAVEL,4840.0,UPI,KOL,Grocery shopping
T8122,U028,10-01-2021,Expense,Rentt,16638.0,Bank Transfr,lucknow,No Notes
T13226,U008,2023-03-11,Expense,Misc,3989.0,CARD,MUM,No Notes
T10921,U132,09/17/2022,Expense,Helth,5277.0,CRD,Unknown,Coffee
T6634,U128,2022-08-05,Expense,entertainment,4736.0,,jaipur,Internet bill
T2762,U001,07/27/2022,Expense,travel,2898.0,cash,kolkata,Coffee
T5842,U078,24-03-2021,Expense,Rentt,26136.0,CRD,KOL,Monthly rent payment
T12307,U038,2021-02-22,Income,Salary,26623.0,CRD,jaipur,Books
T11961,U115,04/24/2021,Expense,education,1185.0,Cash,Bangalore,Coffee
T4405,U045,08-06-24,Expense,Foods,4930.0,Upi,BANGALORE,No Notes
T4325,U036,2023-08-15,Expense,Fod,9606.0,UPI,HYD,Monthly rent payment
T13623,U101,2024-12-31,Expense,Fod,3103.0,UPi,CHE,EMI payment
T6414,U137,04-03-2022,Expense,Rnt,7902.0,BankTransfer,MUMBAI,Petrol
T9947,U124,2022-03-16,Expense,food,4577.0,card,Delhi,Electricity bill
T13610,U063,2022-01-26,Expense,entertainment,4415.0,BankTransfer,mumbai,Internet bill
T13508,U009,2024-04-06,Expense,Rnt,3700.0,bank transfer,Mumbai,No Notes
T7982,U012,2024-12-26,Expense,Utility,1152.0,upi,KOLKATA,Monthly rent payment
T3267,U032,2021-09-18,Expense,Saving,997.0,Bank Transfer,chennai,No Notes
T12614,U131,11/24/2022,Expense,utilities,3148.0,upi,PUNE,xyz123
T5724,U140,19-12-2022,Expense,rent,5900.0,Card,jaipur,xyz123
T2792,U113,21-07-2024,Expense,travel,7292.0,csh,Bangalore,asdfgh
T5606,U091,07/27/2023,Expense,Foodd,505.0,card,HYDERABAD,Doctor consultation
T0329,U094,2021-08-16,Expense,Educaton,9255.0,CRD,DEL,No Notes
T0045,U128,2021-04-16,Expense,Rnt,8041.0,card,Mumbai,!!!
T6011,U143,01/04/2022,Expense,SAVINGS,8962.0,upi,mumbai,Electricity bill
T1930,U049,11/17/2024,Expense,Education,6401.0,Card,HYD,ATM withdrawal
T5532,U100,29-11-2022,Expense,Utilities,9946.0,Bank Transfer,kolkata,Fixed deposit
T6004,U140,26-05-2024,Income,Others,77459.0,Card,LUCKNOW,Shopping
T4393,U018,05/25/2021,Expense,Fod,1494.0,,DELHI,Uber ride
T11345,U080,2024-03-20,Expense,health,6327.0,csh,BAN,...
T12680,U104,2024-12-05,Expense,Rnt,4852.0,UPI,JAI,Lunch
T4224,U113,10/23/2024,Expense,FOOD,2352.0,csh,DEL,!!!
T12665,U140,05/15/2022,Expense,EDU,1830.0,Crd,KOLKATA,No Notes
T4923,U047,2021-02-28,Income,Investment,42752.0,BankTransfer,CHE,Movie tickets
T11224,U014,11/22/2022,Income,Others,28060.0,bank transfer,Mumbai,ATM withdrawal
T4977,U100,2024-05-29,Expense,food,3309.0,UPI,KOL,Petrol
T11790,U045,03-02-24,Expense,health,5801.0,CRD,HYD,!!!
T0288,U010,2023-09-14,Expense,Entrtnmnt,6882.0,UPI,hyderabad,No Notes
T7051,U145,2023-05-24,Expense,rent,3517.0,upi,kolkata,Gym membership
T13257,U148,24-05-2021,Expense,Utility,9263.0,,hyderabad,xyz123
T6677,U063,09-04-24,Expense,Entertain,7853.0,CARD,MUM,Gym membership
T1334,U110,07/21/2021,Expense,entertainment,8991.0,Bank_Transfer,HYDERABAD,Monthly rent payment
T2573,U025,08-05-2024,Expense,Rentt,40794.0,CRD,KOLKATA,Doctor consultation
T13630,U023,15-12-2023,Expense,Foodd,1741.0,UPi,DELHI,Uber ride
T4728,U119,10/12/2021,Expense,Entertainment,2892.0,Cash,BAN,Fixed deposit
T13878,U008,2023-08-05,Expense,Other,6281.0,CARD,BANGALORE,No Notes
T1408,U090,03/05/2021,Expense,Education,7636.0,Bank_Transfer,LUCKNOW,Train ticket
T2485,U013,2021-05-17,Expense,FOOD,9422.0,upi,mumbai,Monthly rent payment
T1127,U001,01/24/2024,Expense,FOOD,6863.0,,Unknown,Petrol
T9989,U135,2022-08-29,Expense,Rentt,7471.0,Upi,LUC,Gym membership
T3222,U113,2021-05-22,Expense,Traval,4747.0,card,chennai,test
T1430,U099,11/17/2021,Expense,Utilities,8177.0,bank transfer,Delhi,No Notes
T4526,U022,06/19/2021,Income,Investment,48442.0,CASH,AHM,Movie tickets
T7011,U069,2024-12-24,Expense,Foodd,4060.0,csh,pune,Petrol
T3060,U084,02-01-24,Expense,Foodd,1049.0,Crd,jaipur,!!!
T0697,U098,11-10-21,Expense,Utilties,4228.0,CRD,delhi,No Notes
T9268,U009,09/05/2021,Income,Salary,31801.0,Upi,PUN,No Notes
T10593,U022,2021-03-15,Expense,Fod,493.0,Card,Unknown,EMI payment
T1747,U063,28-06-22,Expense,Educaton,7462.0,UPi,JAI,Grocery shopping
T8821,U078,17-02-23,Expense,Education,1443.0,CRD,HYDERABAD,Online course
T13062,U127,30-12-22,Expense,Rentt,34096.0,Csh,BANGALORE,No Notes
T5438,U128,01/13/2021,Expense,Fod,3785.0,CASH,BAN,!!!
T13898,U113,2021-08-12,Expense,others,2278.0,UPI,HYDERABAD,No Notes
T3865,U044,2023-10-13,Expense,EDU,2272.0,cash,chennai,No Notes
T3338,U025,05/22/2023,Expense,Foodd,2595.0,Csh,Ahmedabad,Fixed deposit
T8582,U099,2022-08-02,Income,Freelance,34663.0,Card,CHE,Monthly rent payment
T2764,U096,2021-03-23,Expense,rent,6618.0,cash,HYDERABAD,No Notes
T0784,U040,11/29/2024,Expense,FOOD,5000.0,Csh,MUM,...
T8918,U106,2022-12-21,Income,Freelance,184818.0,upi,PUN,Fixed deposit
T11533,U012,28-06-2022,Expense,utilities,9710.0,Csh,lucknow,Gym membership
T3801,U052,16-01-24,Expense,RENT,8847.0,csh,KOLKATA,Electricity bill
T1280,U143,01/27/2021,Expense,entertainment,9783.0,csh,LUCKNOW,Restaurant dinner
T11883,U118,13-06-23,Expense,Foods,2172.0,UPi,Unknown,ATM withdrawal
T7532,U080,16-02-23,Expense,Entrtnmnt,2644.0,Bank Transfer,AHM,Monthly rent payment
T2880,U093,2024-01-23,Income,Investment,66981.0,Cash,Bangalore,No Notes
T12324,U056,03/17/2023,Expense,Rnt,771.0,card,Lucknow,No Notes
T9365,U146,08/23/2024,Expense,Utilties,1529.0,csh,HYD,Shopping
T10521,U031,30-07-22,Expense,Utlities,7006.0,card,Unknown,Medicine
T6142,U076,04/28/2024,Expense,utilities,1272.0,UPi,LUC,No Notes
T12140,U126,2023-09-21,Expense,travel,5708.0,upi,DELHI,!!!
T3153,U029,04-04-2022,Expense,rent,4444.0,UPi,Unknown,...
T3688,U149,12-06-24,Expense,RENT,8827.0,Card,mumbai,Books
T5295,U100,2023-05-15,Income,Investment,39046.0,Cash,bangalore,misc
T5362,U050,03/18/2021,Expense,Utilities,8845.0,Crd,lucknow,Fixed deposit
T3739,U098,2024-09-27,Expense,Utilities,5617.0,Csh,mumbai,Internet bill
T4170,U148,2024-09-21,Expense,FOOD,2460.0,CRD,AHM,Lunch
T10043,U074,01-06-2021,Expense,travel,9504.0,Cash,Lucknow,...
T13379,U076,22-06-23,Expense,Entertain,3729.0,,LUCKNOW,Fixed deposit
T12033,U129,2023-10-12,Expense,Entertain,8846.0,Bank Transfer,hyderabad,Shopping
T10653,U132,08/10/2021,Expense,TRAVEL,1269.0,Bank_Transfer,Unknown,Online course
T2099,U113,2021-05-28,Expense,Foods,1785.0,card,BANGALORE,asdfgh
T12544,U149,03/18/2021,Expense,RENT,500.0,bank transfer,delhi,...
T7875,U091,2024-01-18,Expense,travel,8372.0,Bank Transfer,PUN,Shopping
T7913,U133,2021-10-06,Expense,Utilties,5400.0,Bank Transfer,bangalore,Medicine
T0571,U060,2022-04-30,Income,Others,18437.0,Cash,HYD,Monthly rent payment
T5556,U005,25-07-24,Expense,Entrtnmnt,691.0,card,Hyderabad,Restaurant dinner
T0371,U051,2023-01-23,Income,Bonus,39977.0,CRD,BANGALORE,Electricity bill
T0731,U148,2024-12-01,Expense,education,3983.0,Csh,DELHI,xyz123
T3460,U056,11/04/2021,Expense,Helth,5100.0,Bank Transfr,Unknown,Online course
T5710,U111,2023-01-24,Expense,HEALTH,9718.0,bank transfer,pune,ATM withdrawal
T2463,U136,07/10/2023,Expense,Rent,9477.0,,Kolkata,Online course
T5726,U054,04-01-2023,Expense,Food,945.0,Card,Mumbai,Uber ride
T9160,U077,06/29/2023,Income,Investment,816014.0,Upi,Bangalore,Coffee
T0877,U109,01/09/2022,Expense,TRAVEL,6376.0,CARD,CHENNAI,...
T12871,U058,07/22/2024,Expense,Health,7961.0,Bank Transfr,Delhi,Shopping
T3211,U070,08-02-21,Income,Others,14888.0,bank transfer,delhi,Gym membership
T1263,U122,08/05/2024,Expense,Traval,9062.0,UPi,Jaipur,...
T12134,U133,15-02-23,Expense,Fod,3834.0,Bank Transfer,Bangalore,Internet bill
T8021,U065,10/31/2021,Income,Investment,21531.0,CASH,Pune,Online course
T5236,U039,09/06/2024,Expense,Education,128.0,Bank_Transfer,JAIPUR,Grocery shopping
T13704,U111,2022-06-10,Expense,Traval,4935.0,cash,DEL,Restaurant dinner
T0047,U071,2023-04-30,Expense,Utilities,4991.0,CARD,HYDERABAD,No Notes
T2895,U033,01-12-24,Expense,Traval,1374.0,,Kolkata,test
T4234,U085,12/09/2024,Expense,OTHERS,8431.0,csh,PUN,Lunch
T4435,U009,2024-01-31,Expense,Educaton,5425.0,bank transfer,KOL,Books
T4280,U066,2022-11-26,Expense,Utlities,8928.0,Cash,BAN,No Notes
T4287,U070,01-02-2022,Expense,Utilties,6261.0,Bank Transfr,chennai,!!!
T8608,U075,05/03/2022,Income,Freelance,50354.0,Csh,lucknow,xyz123
T2501,U036,2023-09-19,Expense,Fod,2911.0,Crd,Unknown,Train ticket
T3835,U131,03/11/2023,Expense,Utilities,5869.0,CARD,KOLKATA,Petrol
T0046,U030,08/29/2021,Expense,food,4579.0,Bank_Transfer,Chennai,Fixed deposit
T6067,U016,08/05/2021,Income,Investment,37428.0,Card,DELHI,test
T4843,U066,2023-07-22,Expense,education,8855.0,cash,HYDERABAD,Restaurant dinner
T5603,U022,09/19/2021,Expense,Traval,7085.0,,DEL,Books
T12282,U034,09-06-22,Expense,Rent,24131.0,cash,delhi,Books
T10472,U110,07/12/2022,Expense,Rent,20256.0,card,HYD,No Notes
T11526,U024,07/18/2023,Expense,Food,1505.0,,MUMBAI,Uber ride
T0972,U041,2023-12-24,Income,Freelance,46163.0,card,Chennai,Restaurant dinner
T12644,U122,05-04-24,Income,Bonus,75893.0,bank transfer,HYDERABAD,Coffee
T8240,U032,11/26/2024,Expense,FOOD,999999.0,CARD,CHE,Medicine
T12357,U021,2024-09-14,Expense,entertainment,5593.0,Upi,delhi,Internet bill
T1000,U080,07/02/2021,Expense,FOOD,653.0,,Hyderabad,Gym membership
T1837,U032,2022-07-26,Expense,Foods,3437.0,UPi,DEL,No Notes
T6655,U075,2024-03-01,Expense,Fod,2412.0,upi,hyderabad,Online course
T0212,U003,12/10/2022,Income,Bonus,436526.0,CASH,KOLKATA,Monthly rent payment
T1225,U072,02/05/2021,Expense,Foodd,3654.0,bank transfer,DEL,EMI payment
T11142,U085,2024-09-23,Expense,FOOD,1515.0,Bank Transfer,chennai,Coffee
T5639,U017,2021-03-14,Income,Salary,62348.0,Crd,Hyderabad,Uber ride
T8507,U010,11/23/2023,Expense,Utilities,2817.0,cash,jaipur,No Notes
T6968,U120,11-03-21,Expense,Rentt,31703.0,CARD,LUCKNOW,misc
T12773,U081,31-10-2023,Expense,Food,1354.0,Upi,KOLKATA,Medicine
T1689,U042,06-12-2022,Expense,HEALTH,5547.0,upi,KOL,Shopping
T7413,U034,07/26/2022,Income,Others,34969.0,Upi,PUN,Coffee
T7553,U095,2023-06-18,Expense,TRAVEL,9391.0,cash,Unknown,No Notes
T6890,U001,2023-02-08,Expense,Food,3885.0,Bank Transfer,KOLKATA,No Notes
T5287,U015,27-01-21,Expense,Education,9258.0,Crd,KOLKATA,Internet bill
T1998,U121,2021-10-31,Expense,,9835.0,Crd,lucknow,ATM withdrawal
T0388,U102,2021-06-29,Expense,Utilities,3183.0,CARD,JAIPUR,Medicine
T13650,U141,03/14/2022,Expense,Fod,7194.0,Cash,MUMBAI,test
T2724,U104,2021-06-22,Expense,Utilties,6695.0,Card,Unknown,asdfgh
T8521,U120,02-07-2024,Expense,food,3018.0,Csh,BANGALORE,No Notes
T10720,U053,28-07-2021,Expense,TRAVEL,5111.0,Card,Ahmedabad,Doctor consultation
T4352,U116,03-06-22,Expense,Travel,3562.0,CARD,BAN,!!!
T12387,U007,01-11-2021,Expense,utilities,5111.0,card,Lucknow,Movie tickets
T5063,U041,11/23/2021,Expense,Entertainment,4604.0,Bank_Transfer,Jaipur,...
T11318,U071,2024-07-31,Expense,Education,3275.0,bank transfer,BANGALORE,Books
T9088,U055,14-07-21,Expense,EDU,6864.0,bank transfer,HYD,...
T7586,U149,2022-01-11,Expense,Entertainment,9509.0,Card,kolkata,No Notes
T1139,U028,2024-11-16,Expense,,3538.0,Csh,MUM,asdfgh
T0692,U113,2022-03-19,Expense,Rentt,33767.0,Bank Transfr,lucknow,test
T10739,U146,2021-01-20,Expense,food,8808.0,CASH,PUNE,Medicine
T13974,U050,2022-07-09,Income,Bonus,77428.0,Cash,CHE,...
T6495,U071,01-12-2023,Expense,travel,1581.0,Csh,KOL,Gym membership
T11669,U043,18-09-2023,Expense,rent,4038.0,card,pune,xyz123
T7517,U082,2024-04-06,Expense,Foodd,4766.0,CRD,AHMEDABAD,Restaurant dinner
T6136,U092,2021-03-01,Expense,Education,5726.0,CARD,KOLKATA,Restaurant dinner
T2644,U056,11/27/2024,Expense,Education,4664.0,UPi,AHMEDABAD,Books
T2449,U067,2024-05-12,Expense,Foods,3315.0,card,Ahmedabad,Fixed deposit
T13825,U148,09/01/2022,Income,Others,66873.0,bank transfer,DELHI,...
T9084,U048,2024-11-28,Expense,Fod,3381.0,UPI,KOLKATA,Grocery shopping
T12329,U052,2023-09-16,Income,Freelance,20825.0,Bank_Transfer,JAI,Restaurant dinner
T0598,U097,03/27/2022,Expense,Traval,4730.0,Card,AHM,Books
T10272,U124,09-05-24,Expense,TRAVEL,614.0,card,Jaipur,ATM withdrawal
T3457,U003,2023-01-20,Expense,food,1986.0,Bank Transfer,Unknown,Internet bill
T2008,U006,09/10/2021,Expense,Utility,1664.0,,kolkata,Uber ride
T6132,U115,2021-12-30,Expense,Entertainment,2556.0,csh,JAI,...
T6019,U026,01/12/2022,Expense,Fod,5591.0,CRD,chennai,No Notes
T2712,U075,2022-09-01,Income,Freelance,39709.0,CASH,Delhi,!!!
T11559,U116,2023-05-09,Expense,Utilties,2988.0,Bank Transfer,lucknow,...
T3970,U042,03/13/2024,Income,Investment,47834.0,Bank Transfer,BANGALORE,test
T11727,U081,2024-04-22,Expense,Rentt,16728.0,,Bangalore,asdfgh
T4962,U085,2024-12-18,Income,Bonus,28632.0,bank transfer,jaipur,Fixed deposit
T12893,U144,09-01-2021,Expense,Rnt,5959.0,bank transfer,hyderabad,Train ticket
T8786,U019,2023-01-08,Expense,food,1673.0,UPI,lucknow,Medicine
T5715,U069,2022-09-24,Expense,Entrtnmnt,3440.0,Bank Transfer,JAI,Fixed deposit
T8704,U118,2021-04-14,Expense,Food,3418.0,,mumbai,Electricity bill
T4647,U062,06-03-2021,Expense,Entertain,8875.0,Cash,lucknow,No Notes
T6927,U015,2023-08-19,Expense,TRAVEL,1211.0,card,LUCKNOW,ATM withdrawal
T7038,U080,23-06-2024,Expense,Health,7057.0,csh,KOLKATA,xyz123
T0792,U146,2022-01-12,Expense,Rnt,5581.0,bank transfer,BAN,!!!
T9033,U017,05/19/2024,Expense,FOOD,2373.0,bank transfer,Kolkata,No Notes
T6778,U024,08/21/2024,Expense,TRAVEL,9988.0,Crd,pune,Shopping
T13619,U032,2022-12-11,Income,Salary,71355.0,card,Hyderabad,No Notes
T8781,U049,14-03-22,Income,Freelance,63489.0,Card,Jaipur,No Notes
T9651,U002,11/18/2024,Expense,EDU,4778.0,Card,pune,Doctor consultation
T2969,U145,2024-01-11,Expense,Fod,838.0,CASH,kolkata,!!!
T8731,U023,25-08-2023,Expense,Fod,885.0,Cash,Bangalore,No Notes
T4806,U066,13-09-22,Expense,rent,983.0,,bangalore,Gym membership
T6665,U097,07/13/2022,Expense,food,8422.0,UPi,Unknown,Grocery shopping
T2168,U079,2024-04-01,Expense,Utlities,7181.0,Upi,Mumbai,Online course
T1307,U014,2022-02-21,Expense,Utlities,2459.0,Card,kolkata,No Notes
T7768,U140,2023-06-13,Expense,Traval,4324.0,Upi,kolkata,No Notes
T12600,U077,2022-03-05,Expense,Entertain,5609.0,upi,MUM,Movie tickets
T10387,U034,2023-11-16,Expense,FOOD,8801.0,Bank Transfr,PUN,Gym membership
T12435,U040,23-04-24,Income,Others,63482.0,upi,lucknow,Shopping
T6144,U127,11/13/2023,Expense,Travel,4892.0,Bank Transfer,Delhi,ATM withdrawal
T7470,U111,2022-11-02,Income,Investment,30247.0,Bank Transfr,PUNE,Gym membership
T4420,U052,2024-12-04,Expense,Utility,7493.0,,BAN,Fixed deposit
T0354,U139,01/13/2024,Income,Others,68997.0,Bank Transfer,Unknown,Petrol
T10377,U013,06/28/2024,Expense,Utilties,661.0,Bank Transfr,Unknown,asdfgh
T2470,U046,2021-05-05,Income,Bonus,65615.0,csh,pune,Medicine
T6801,U118,08/14/2023,Expense,Rent,14532.0,upi,Ahmedabad,Petrol
T0985,U147,10-09-21,Expense,Foods,4099.0,CARD,HYDERABAD,Shopping
T2659,U133,10/19/2022,Income,Investment,24380.0,Upi,Chennai,!!!
T2396,U135,2024-09-24,Income,Investment,70327.0,Cash,DELHI,xyz123
T8769,U138,05/07/2022,Expense,Educaton,117.0,CRD,JAI,Grocery shopping
T1117,U038,01/10/2021,Expense,Food,4331.0,Card,CHENNAI,Fixed deposit
T11771,U057,2022-09-06,Expense,utilities,7756.0,Bank Transfr,chennai,Petrol
T11677,U016,2022-02-27,Expense,EDU,1515.0,BankTransfer,Ahmedabad,No Notes
T4859,U110,2023-06-08,Expense,FOOD,5624.0,bank transfer,LUCKNOW,No Notes
T6022,U041,2021-11-01,Expense,RENT,5282.0,CARD,Chennai,Shopping
T4235,U004,2024-04-22,Expense,RENT,4983.0,Upi,KOLKATA,Grocery shopping
T10121,U139,2021-09-12,Expense,RENT,1558.0,Bank Transfer,Unknown,Doctor consultation
T3110,U118,20-12-2024,Expense,food,3335.0,Upi,LUC,No Notes
T2446,U077,08-06-21,Expense,Utilities,6326.0,bank transfer,delhi,Uber ride
T11256,U081,11/24/2022,Expense,RENT,1046.0,bank transfer,mumbai,Petrol
T8403,U116,2021-02-22,Expense,EDU,7996.0,Bank Transfr,HYDERABAD,EMI payment
T2480,U077,01-10-22,Income,Salary,35426.0,Bank Transfr,mumbai,xyz123
T2846,U022,11-01-2022,Income,Investment,49543.0,BankTransfer,Chennai,xyz123
T4353,U126,08-10-21,Income,Investment,40241.0,Crd,LUCKNOW,Monthly rent payment
T11824,U068,05/17/2022,Income,Investment,75740.0,csh,mumbai,Train ticket
T7619,U077,2022-07-04,Expense,Travel,2747.0,Card,delhi,!!!
T8110,U090,10/16/2021,Expense,others,6009.0,cash,DELHI,Movie tickets
T5396,U094,04/11/2023,Expense,entertainment,5114.0,CARD,DEL,Coffee
T13893,U145,05/31/2021,Expense,Entrtnmnt,8098.0,CARD,Jaipur,Doctor consultation
T0188,U085,2024-04-14,Income,Bonus,71894.0,Bank_Transfer,MUM,Shopping
T5698,U085,2022-05-10,Expense,Food,2142.0,upi,hyderabad,Uber ride
T7945,U010,29-07-23,Income,Bonus,71916.0,Upi,jaipur,Doctor consultation
T4488,U133,03-11-22,Expense,utilities,2140.0,UPI,ahmedabad,No Notes
T8801,U051,09-06-21,Income,Freelance,66005.0,card,CHENNAI,No Notes
T11654,U014,03/30/2023,Income,Investment,58050.0,cash,lucknow,Electricity bill
T8056,U143,2023-01-12,Expense,entertainment,4205.0,cash,LUCKNOW,Coffee
T9480,U023,15-11-2024,Expense,Rent,30227.0,CARD,Jaipur,Electricity bill
T8885,U078,09/30/2024,Income,Investment,27598.0,UPi,Mumbai,Shopping
T6253,U039,2024-11-08,Expense,travel,222.0,upi,kolkata,Lunch
T8989,U109,2022-03-14,Expense,SAVINGS,4225.0,CARD,Hyderabad,...
T0005,U081,2021-05-16,Income,Investment,70142.0,UPi,pune,misc
T10828,U148,2021-08-23,Income,Freelance,75155.0,UPi,JAIPUR,!!!
T10946,U049,29-06-22,Expense,Food,4248.0,Upi,Kolkata,No Notes
T10057,U150,04-06-24,Expense,Utilities,4705.0,card,AHM,Monthly rent payment
T4724,U071,05/18/2023,Expense,rent,9048.0,Card,Jaipur,Doctor consultation
T4414,U139,10/17/2022,Expense,FOOD,9554.0,CARD,kolkata,Books
T8985,U147,2022-02-13,Income,Salary,28546.0,Csh,Unknown,xyz123
T0757,U079,13-05-24,Expense,Entertainment,7376.0,Bank Transfer,kolkata,Books
T3971,U119,31-12-2023,Expense,travel,5606.0,Card,MUM,No Notes
T8439,U053,02/22/2023,Expense,education,8991.0,Bank Transfr,PUNE,No Notes
T1084,U009,2021-12-18,Expense,Rnt,8444.0,card,Kolkata,No Notes
T13347,U022,05-11-2024,Expense,food,1648.0,UPI,AHMEDABAD,Books
T3209,U143,2021-11-12,Expense,Food,812.0,card,KOLKATA,No Notes
T9897,U022,25-11-23,Expense,rent,6391.0,BankTransfer,Mumbai,asdfgh
T0866,U148,20-03-21,Expense,Education,3151.0,UPI,HYD,xyz123
T3663,U094,02-01-2021,Expense,travel,6657.0,,JAI,No Notes
T1397,U138,10-11-22,Expense,Traval,4043.0,Bank Transfr,KOL,Doctor consultation
T13504,U087,2021-02-24,Expense,FOOD,1417.0,UPi,pune,Grocery shopping
T12148,U050,09/18/2023,Expense,Foods,3178.0,Cash,HYDERABAD,Lunch
T5359,U043,2024-11-12,Expense,Rent,44120.0,CRD,KOL,Restaurant dinner
T10419,U129,2023-11-06,Expense,Foodd,4990.0,Bank_Transfer,Chennai,Doctor consultation
T1586,U118,2024-09-08,Expense,Foods,4220.0,cash,hyderabad,test
T8738,U041,2024-04-22,Expense,Rnt,122.0,CASH,DELHI,Restaurant dinner
T10257,U037,2024-05-27,Income,Freelance,41869.0,bank transfer,KOL,test
T9338,U149,10/05/2024,Expense,EDU,5306.0,CARD,HYD,Fixed deposit
T5546,U022,09/13/2021,Income,Investment,36470.0,UPI,Unknown,Uber ride
T3223,U068,03/14/2021,Income,Investment,717851.0,csh,Unknown,Medicine
T2410,U107,2022-02-28,Expense,Entrtnmnt,6506.0,Csh,jaipur,Monthly rent payment
T13500,U128,2022-03-21,Expense,Food,3124.0,Bank Transfer,ahmedabad,...
T2902,U150,30-01-2024,Expense,Food,1776.0,,Jaipur,EMI payment
T6960,U003,2024-10-08,Expense,food,6437.0,UPi,HYDERABAD,Books
T12154,U065,04/07/2021,Expense,RENT,9188.0,,Chennai,No Notes
T11271,U010,12/18/2023,Expense,Others,999999.0,Card,Jaipur,Books
T4571,U059,2024-02-23,Expense,Traval,8870.0,CARD,Hyderabad,EMI payment
T3693,U146,2022-10-12,Expense,utilities,1464.0,Upi,Delhi,misc
T5825,U117,12/03/2021,Expense,,999999.0,Bank Transfr,CHE,No Notes
T12256,U024,2021-06-29,Expense,Rent,35836.0,bank transfer,Chennai,No Notes
T9077,U110,2022-06-25,Expense,Food,2346.0,bank transfer,ahmedabad,No Notes
T13617,U037,2023-12-18,Expense,Rnt,5993.0,BankTransfer,bangalore,No Notes
T8360,U100,12/31/2021,Income,Freelance,68432.0,Bank Transfr,HYD,No Notes
T4099,U077,30-05-23,Expense,Educaton,2114.0,Crd,Unknown,Coffee
T9242,U110,25-08-22,Expense,Foodd,1087.0,BankTransfer,Chennai,EMI payment
T5473,U027,2022-07-21,Expense,savings,3541.0,CASH,Kolkata,Internet bill
T10122,U058,02-12-2023,Expense,EDU,4567.0,BankTransfer,CHENNAI,Internet bill
T8455,U147,12/15/2023,Income,Investment,61446.0,Upi,DEL,Internet bill
T13796,U135,02/26/2021,Expense,Travel,498.0,upi,BANGALORE,Coffee
T3662,U068,2022-09-25,Expense,Entertain,9419.0,Card,Chennai,No Notes
T11132,U023,14-08-24,Expense,EDU,4183.0,bank transfer,Mumbai,test
T6973,U062,2022-04-14,Income,Investment,43138.0,Upi,AHM,Books
T12551,U041,2024-03-19,Income,Bonus,69498.0,CASH,Unknown,Uber ride
T5776,U016,2023-10-12,Expense,Others,8147.0,csh,Ahmedabad,asdfgh
T5687,U075,05/22/2022,Expense,TRAVEL,9290.0,CASH,MUMBAI,asdfgh
T7136,U013,05-01-24,Expense,Rentt,21764.0,cash,mumbai,Internet bill
T11567,U007,09-06-23,Income,Bonus,10561.0,Card,Pune,Restaurant dinner
T7921,U036,03/10/2021,Expense,Helth,1094.0,cash,BANGALORE,No Notes
T11159,U120,2024-09-20,Income,Salary,30590.0,Cash,mumbai,Monthly rent payment
T6076,U086,01/21/2023,Expense,travel,1180.0,Card,ahmedabad,Shopping
T10314,U073,11-03-2022,Income,Bonus,74511.0,CASH,Chennai,Restaurant dinner
T4087,U091,09-08-2024,Expense,Helth,8711.0,BankTransfer,HYD,Monthly rent payment
T0516,U028,01/13/2023,Expense,travel,1844.0,upi,MUMBAI,Internet bill
T3787,U066,2024-05-17,Income,Salary,345332.0,card,BANGALORE,Train ticket
T12061,U109,2024-08-08,Expense,RENT,5384.0,BankTransfer,HYD,!!!
T3621,U036,2024-07-06,Expense,Entertainment,4876.0,CARD,LUCKNOW,Internet bill
T5029,U030,2023-05-22,Expense,travel,6900.0,BankTransfer,Unknown,EMI payment
T11603,U064,2021-09-20,Income,Bonus,23156.0,UPi,Kolkata,asdfgh
T3484,U012,10-05-23,Expense,Traval,8169.0,Bank Transfr,AHM,No Notes
T0419,U007,08-04-2022,Expense,Foodd,2747.0,BankTransfer,lucknow,No Notes
T7220,U052,04/25/2024,Expense,,2026.0,Cash,MUMBAI,No Notes
T11920,U076,25-05-23,Expense,Entertain,5900.0,card,JAIPUR,Restaurant dinner
T0238,U098,03/28/2022,Expense,Utlities,259.0,bank transfer,Unknown,No Notes
T7089,U148,13-02-24,Expense,Utlities,1296.0,CRD,MUMBAI,Gym membership
T5697,U130,09/06/2022,Income,Bonus,73294.0,Bank Transfer,KOLKATA,Train ticket
T7070,U019,12/22/2023,Expense,Traval,3515.0,Card,chennai,Gym membership
T0962,U009,10-08-24,Expense,travel,8963.0,cash,DEL,Online course
T11016,U103,2024-10-14,Expense,OTHERS,3974.0,Cash,Delhi,No Notes
T2542,U112,04/02/2022,Expense,Food,3567.0,Bank Transfer,CHE,xyz123
T10728,U147,09/16/2021,Expense,Traval,2587.0,CASH,HYD,xyz123
T1351,U078,2023-01-03,Expense,Travel,6946.0,BankTransfer,Ahmedabad,Coffee
T2883,U117,21-03-22,Income,Salary,62732.0,Upi,CHE,Movie tickets
T3132,U116,04-05-2024,Expense,food,1474.0,card,pune,Books
T11707,U072,29-06-22,Expense,TRAVEL,5089.0,UPI,CHE,Grocery shopping
T5405,U048,2023-08-19,Expense,Utilties,3359.0,Card,Unknown,Online course
T2760,U040,02/22/2023,Expense,TRAVEL,9373.0,Bank Transfr,Unknown,Doctor consultation
T2458,U120,08/02/2021,Expense,Foods,3530.0,card,kolkata,No Notes
T8080,U022,2024-08-01,Expense,entertainment,1467.0,CARD,Chennai,No Notes
T3651,U150,16-02-22,Expense,TRAVEL,6805.0,Card,mumbai,misc
T9272,U067,04-05-2022,Expense,savings,3248.0,CRD,lucknow,!!!
T13054,U077,13-07-2023,Income,Salary,33513.0,UPI,Unknown,ATM withdrawal
T4525,U089,07/25/2023,Expense,Entertain,6430.0,UPi,JAI,asdfgh
T11149,U073,2024-12-31,Expense,HEALTH,9811.0,CRD,chennai,Fixed deposit
T7834,U039,07-05-23,Expense,food,257.0,,Kolkata,Monthly rent payment
T5051,U050,13-09-23,Expense,FOOD,3672.0,Bank_Transfer,lucknow,Lunch
T11444,U024,2024-08-04,Expense,Saving,3234.0,CASH,KOLKATA,test
T7744,U150,05-05-21,Income,Investment,37274.0,csh,Jaipur,Online course
T0438,U027,2021-12-30,Expense,rent,6422.0,CASH,Unknown,Petrol
T2868,U134,06-07-22,Expense,Travl,7085.0,Crd,hyderabad,No Notes
T7957,U147,2022-11-08,Expense,Foods,4585.0,UPi,jaipur,No Notes
T10823,U117,03/08/2022,Expense,RENT,8344.0,csh,delhi,Movie tickets
T9601,U030,17-02-2022,Expense,utilities,7558.0,card,HYDERABAD,Monthly rent payment
T9582,U125,17-08-24,Expense,Education,228.0,Bank Transfer,Bangalore,test
T8499,U132,27-12-22,Income,Investment,67477.0,Csh,Delhi,Uber ride
T7963,U077,09/26/2024,Income,Freelance,18049.0,Csh,Pune,ATM withdrawal
T7339,U003,01/08/2024,Income,Bonus,77669.0,Bank_Transfer,mumbai,Grocery shopping
T2134,U127,2022-02-17,Expense,travel,1758.0,upi,Unknown,No Notes
T2340,U136,06-06-2022,Expense,,9753.0,bank transfer,Unknown,test
T11039,U150,2024-01-07,Expense,rent,4455.0,UPi,BAN,Doctor consultation
T10374,U046,12-07-21,Expense,Utilities,1143.0,Csh,DELHI,!!!
T13642,U106,04/22/2024,Expense,RENT,9516.0,Upi,AHMEDABAD,No Notes
T8866,U017,05-01-22,Expense,rent,3861.0,CARD,HYD,asdfgh
T11064,U044,2022-03-05,Expense,RENT,2348.0,Cash,LUC,No Notes
T8742,U003,20-04-23,Expense,rent,9342.0,cash,LUC,...
T2832,U071,2024-04-20,Income,Freelance,31189.0,csh,AHM,Shopping
T1549,U029,2022-07-06,Expense,Entertainment,3609.0,Bank Transfer,Pune,Monthly rent payment
T13663,U029,2022-12-06,Expense,food,9075.0,UPI,BANGALORE,test
T13339,U065,2021-02-13,Expense,Food,3400.0,CASH,kolkata,EMI payment
T12198,U077,2021-12-16,Expense,Utilities,513.0,Cash,CHENNAI,No Notes
T9041,U041,07/28/2023,Expense,Entertainment,8622.0,card,MUMBAI,Monthly rent payment
T9596,U098,2021-12-22,Expense,Rent,28550.0,UPi,MUMBAI,Doctor consultation
T1326,U053,08/15/2022,Expense,Utilities,1866.0,UPi,Jaipur,!!!
T8557,U142,09-12-24,Expense,food,7489.0,CRD,MUMBAI,xyz123
T5123,U064,07/18/2024,Income,Bonus,68738.0,,KOL,No Notes
T13481,U035,2021-07-04,Expense,Travel,4334.0,Bank Transfr,Delhi,Uber ride
T8950,U110,2021-05-26,Expense,HEALTH,3677.0,BankTransfer,lucknow,Gym membership
T0602,U014,2022-03-25,Expense,FOOD,2828.0,upi,mumbai,Monthly rent payment
T12248,U094,2023-09-30,Expense,Entrtnmnt,9482.0,Crd,hyderabad,EMI payment
T12375,U056,2021-01-14,Income,Investment,68275.0,Card,BANGALORE,Monthly rent payment
T2346,U001,2023-11-13,Expense,Rentt,34793.0,UPI,kolkata,Online course
T7014,U013,2024-03-01,Expense,HEALTH,4447.0,BankTransfer,MUM,No Notes
T7255,U113,2022-04-06,Expense,others,4410.0,Card,delhi,misc
T8914,U114,09/13/2023,Expense,Travl,1324.0,cash,JAI,Petrol
T4173,U133,08-11-23,Expense,Rent,48137.0,bank transfer,LUC,Petrol
T10170,U132,2023-08-27,Expense,Rentt,5906.0,bank transfer,MUM,Medicine
T4164,U148,06-08-2021,Income,,67497.0,CRD,DEL,test
T8055,U001,2021-12-22,Expense,entertainment,5385.0,Upi,Lucknow,Online course
T8857,U054,01/23/2024,Expense,Educaton,1532.0,Crd,KOL,Electricity bill
T7484,U089,03-02-24,Expense,Traval,6693.0,CASH,KOLKATA,misc
T4884,U013,2024-02-20,Expense,Entertain,6798.0,UPi,Ahmedabad,xyz123
T7759,U057,2023-10-07,Expense,education,6170.0,CASH,HYD,No Notes
T8946,U001,2024-04-11,Expense,Food,3907.0,CRD,hyderabad,ATM withdrawal
T13424,U023,07/30/2024,Expense,travel,3877.0,csh,MUM,Internet bill
T7089,U126,2022-10-03,Expense,Travl,780.0,Bank_Transfer,PUN,test
T11705,U111,04-10-2021,Expense,Entrtnmnt,5005.0,Bank Transfer,DEL,EMI payment
T13818,U074,03/09/2022,Expense,rent,7199.0,Card,Ahmedabad,Petrol
T13723,U123,2021-03-10,Income,Freelance,33728.0,Upi,Unknown,No Notes
T5273,U007,04/19/2023,Expense,FOOD,6472.0,Card,HYD,misc
T6443,U021,2021-05-15,Expense,Entertain,8736.0,Card,chennai,No Notes
T0485,U081,2024-07-23,Expense,Foodd,742.0,CASH,Bangalore,No Notes
T3776,U031,03/19/2021,Expense,entertainment,666.0,Csh,delhi,No Notes
T11082,U032,11/17/2022,Expense,Entertain,7889.0,Crd,hyderabad,Grocery shopping
T3205,U067,11/18/2024,Income,Investment,64790.0,Upi,Kolkata,Monthly rent payment
T1008,U150,19-10-24,Income,Others,38626.0,Upi,Hyderabad,test
T5656,U037,11/24/2022,Expense,rent,9444.0,bank transfer,JAIPUR,Monthly rent payment
T5701,U094,14-02-22,Expense,rent,8747.0,CARD,AHMEDABAD,Uber ride
T11782,U101,2023-11-06,Income,Salary,64972.0,UPI,HYDERABAD,Lunch
T7874,U073,10/26/2024,Expense,Foods,4782.0,cash,CHE,No Notes
T9939,U058,27-01-21,Expense,FOOD,6804.0,CARD,BAN,No Notes
T5259,U074,17-11-24,Expense,food,8506.0,Csh,JAIPUR,No Notes
T4069,U132,28-01-24,Income,Investment,76688.0,Upi,bangalore,Restaurant dinner
T9807,U103,17-02-2023,Expense,Foodd,2077.0,cash,JAI,Uber ride
T8681,U082,24-01-23,Income,Salary,73017.0,Cash,CHE,Uber ride
T9384,U062,2024-11-26,Expense,Entertainment,3454.0,Csh,Unknown,Books
T6994,U092,10-05-22,Expense,Entertain,9187.0,UPi,LUC,Train ticket
T0677,U003,18-09-23,Expense,Entertain,3619.0,Upi,BAN,Coffee
T7421,U027,14-07-21,Income,Bonus,30989.0,Crd,CHE,Electricity bill
T1269,U021,2022-04-20,Expense,Travl,3460.0,UPI,JAIPUR,Coffee
T12834,U037,2022-12-01,Expense,Rent,42864.0,Bank_Transfer,Lucknow,Petrol
T3105,U084,2022-07-11,Income,Salary,63429.0,,Pune,Online course
T8932,U107,05-01-2024,Expense,,4076.0,,LUCKNOW,asdfgh
T6746,U125,05/03/2021,Expense,TRAVEL,6569.0,CARD,Kolkata,No Notes
T3130,U096,2021-11-09,Expense,FOOD,9635.0,Bank_Transfer,KOL,Gym membership
T7332,U118,2022-06-17,Expense,Travel,4897.0,CARD,DEL,Internet bill
T11357,U094,2022-11-14,Expense,utilities,4440.0,UPi,Unknown,Electricity bill
T13816,U008,2023-07-19,Expense,Entertain,6978.0,,hyderabad,Movie tickets
T6194,U118,2021-06-26,Expense,SAVINGS,4895.0,upi,BAN,Internet bill
T8700,U080,03/11/2021,Expense,Entertain,7089.0,card,Hyderabad,Petrol
T2086,U078,08/28/2021,Expense,Rnt,1977.0,Bank Transfer,KOLKATA,Monthly rent payment
T10737,U113,2022-12-18,Expense,Fod,4901.0,CASH,Mumbai,Electricity bill
T9895,U035,30-06-2023,Expense,Rentt,27374.0,Bank_Transfer,LUC,No Notes
T12041,U100,14-12-2023,Expense,travel,5514.0,UPi,hyderabad,Electricity bill
T2583,U029,07/01/2021,Expense,Rent,20104.0,card,kolkata,Internet bill
T4198,U060,2024-02-27,Expense,TRAVEL,1272.0,Bank Transfr,Jaipur,Electricity bill
T8187,U069,2022-11-28,Expense,Fod,3837.0,bank transfer,DELHI,Internet bill
T2931,U046,2022-06-17,Expense,Rnt,999999.0,bank transfer,BANGALORE,Train ticket
T6459,U092,2022-06-15,Income,Bonus,60619.0,Card,Hyderabad,asdfgh
T5779,U074,14-02-22,Income,Others,24450.0,CRD,MUM,Train ticket
T9334,U076,2021-08-25,Expense,entertainment,5217.0,UPI,PUNE,Petrol
T6836,U099,02/19/2024,Expense,utilities,9479.0,Bank_Transfer,Chennai,ATM withdrawal
T3996,U012,14-10-21,Expense,Travl,5187.0,Bank_Transfer,MUM,Restaurant dinner
T9634,U075,08/09/2022,Expense,Utilities,5077.0,Card,Pune,EMI payment
T13820,U023,09/08/2022,Expense,RENT,8335.0,Bank_Transfer,JAI,Electricity bill
T1266,U142,02/09/2021,Expense,Utility,2259.0,Crd,Ahmedabad,test
T13616,U006,01/21/2021,Expense,FOOD,4126.0,Bank Transfr,AHMEDABAD,No Notes
T7152,U045,2022-10-15,Expense,travel,6096.0,UPI,kolkata,Electricity bill
T6859,U149,2024-01-08,Expense,Food,3726.0,,Lucknow,Internet bill
T5216,U147,2024-09-13,Expense,travel,5935.0,UPI,hyderabad,Books
T13919,U102,07-07-22,Expense,FOOD,2380.0,Crd,AHMEDABAD,Coffee
T6360,U036,04-05-2024,Expense,Rentt,33185.0,Bank Transfr,CHE,...
T7762,U142,19-11-2022,Expense,Traval,835.0,UPI,AHM,Fixed deposit
T9786,U061,2024-11-25,Expense,rent,7511.0,Upi,LUC,!!!
T3445,U017,17-12-23,Expense,Utlities,9386.0,BankTransfer,BANGALORE,!!!
T13914,U003,06/06/2022,Expense,education,2979.0,CRD,jaipur,...
T1296,U091,06/12/2024,Expense,HEALTH,7110.0,upi,PUNE,Doctor consultation
T7826,U112,2021-07-15,Expense,Savings,1945.0,upi,MUMBAI,misc
T9589,U125,13-08-22,Expense,TRAVEL,2538.0,csh,MUMBAI,Electricity bill
T1766,U026,11/19/2022,Expense,FOOD,561.0,UPi,Lucknow,Restaurant dinner
T9243,U090,19-12-24,Expense,utilities,2083.0,cash,PUNE,Doctor consultation
T6159,U038,2024-12-14,Expense,Foodd,3301.0,UPI,Jaipur,test
T1869,U121,11-01-2024,Expense,Traval,7414.0,cash,LUCKNOW,Uber ride
T5849,U126,10/08/2023,Expense,Travel,9734.0,Upi,Unknown,Movie tickets
T10885,U058,23-09-2022,Income,Freelance,15825.0,Crd,jaipur,Uber ride
T3270,U075,20-12-2022,Expense,Rent,22072.0,cash,JAI,Fixed deposit
T9244,U068,22-07-2021,Income,Others,51181.0,Cash,hyderabad,Fixed deposit
T0471,U054,06-04-22,Expense,rent,6519.0,Card,hyderabad,...
T4520,U041,11/09/2021,Expense,OTHERS,3474.0,UPi,LUCKNOW,Coffee
T12066,U003,11/24/2024,Income,Others,20533.0,bank transfer,KOLKATA,Train ticket
T13939,U076,21-01-24,Expense,Foods,3117.0,Cash,JAI,Coffee
T12976,U024,2021-08-25,Income,Others,27796.0,Upi,Chennai,Coffee
T13838,U040,2022-04-16,Expense,RENT,6078.0,BankTransfer,MUMBAI,No Notes
T9578,U106,2021-01-26,Expense,RENT,5871.0,bank transfer,PUNE,No Notes
T1074,U117,2024-03-31,Expense,Rent,42691.0,csh,Jaipur,Lunch
T8873,U017,2023-04-20,Expense,Traval,258.0,Cash,DELHI,No Notes
T4970,U050,2022-07-08,Expense,RENT,9994.0,UPI,Ahmedabad,Train ticket
T10678,U108,24-12-22,Expense,Health,2416.0,UPi,DEL,Books
T6834,U052,01/18/2021,Expense,Traval,2784.0,Cash,JAI,Online course
T12726,U007,18-03-2022,Expense,Rnt,292.0,CRD,DEL,Uber ride
T0613,U104,02/24/2024,Expense,Foodd,1823.0,bank transfer,lucknow,Lunch
T5429,U001,26-12-2022,Expense,Utility,6861.0,csh,LUC,No Notes
T7918,U098,2023-05-01,Expense,Food,4852.0,card,KOLKATA,No Notes
T8796,U110,05-02-24,Expense,Foods,3167.0,csh,LUC,No Notes
T13873,U024,10/13/2024,Income,Investment,63220.0,card,DELHI,Online course
T1392,U134,19-03-21,Expense,Foodd,3780.0,BankTransfer,PUN,...
T0730,U136,04-02-23,Income,Others,64657.0,CRD,AHMEDABAD,Lunch
T6829,U048,2024-08-08,Expense,Foodd,999999.0,CRD,mumbai,Petrol
T10949,U134,19-03-23,Expense,Misc,5451.0,CASH,PUNE,Coffee
T7463,U046,23-04-24,Expense,food,486.0,Bank_Transfer,HYDERABAD,Fixed deposit
T11179,U001,05/09/2024,Expense,travel,6871.0,Upi,Lucknow,Monthly rent payment
T7414,U111,10/14/2024,Expense,entertainment,7219.0,card,Chennai,Train ticket
T4038,U084,2022-04-28,Expense,Food,1456.0,CASH,Unknown,Shopping
T0425,U088,09/02/2023,Income,Investment,53995.0,Card,MUMBAI,No Notes
T2531,U114,2021-07-17,Expense,Rent,40824.0,UPI,lucknow,...
T9713,U032,15-07-2024,Expense,travel,1803.0,Cash,CHENNAI,Uber ride
T3836,U013,2021-04-19,Income,Salary,23907.0,UPI,AHM,No Notes
T1037,U084,2024-12-05,Income,Others,892217.0,Card,JAIPUR,Movie tickets
T12579,U052,08/03/2023,Expense,Rent,38431.0,Crd,hyderabad,Lunch
T9509,U056,2022-04-08,Expense,Travl,887.0,card,JAIPUR,Restaurant dinner
T13784,U119,08-08-2021,Income,Investment,47751.0,Upi,AHMEDABAD,No Notes
T2575,U128,03/23/2024,Expense,Entrtnmnt,7034.0,,DELHI,Electricity bill
T10059,U019,22-05-2022,Expense,TRAVEL,9371.0,upi,Unknown,Lunch
T0921,U050,2024-05-31,Expense,travel,6726.0,CARD,KOLKATA,Electricity bill
T5938,U071,04/09/2023,Expense,Entrtnmnt,9299.0,BankTransfer,Lucknow,No Notes
T13330,U047,03/10/2022,Expense,EDU,3506.0,Csh,chennai,Restaurant dinner
T10284,U089,2021-06-04,Expense,rent,3987.0,,AHMEDABAD,Doctor consultation
T5636,U085,04/16/2023,Expense,Utilties,4200.0,CRD,MUM,...
T7769,U061,2024-05-22,Expense,Rent,26131.0,Bank Transfr,Unknown,Fixed deposit
T0423,U050,09/16/2021,Expense,Utility,4083.0,Bank_Transfer,HYDERABAD,EMI payment
T3657,U096,12/30/2021,Expense,Rent,31559.0,,PUN,No Notes
T7135,U018,13-05-22,Expense,,7768.0,card,JAI,No Notes
T0724,U016,2023-11-06,Expense,rent,9527.0,cash,Hyderabad,Gym membership
T7550,U077,31-05-2023,Expense,Entrtnmnt,6229.0,Csh,lucknow,misc
T13266,U041,22-01-22,Income,Bonus,49633.0,UPI,Chennai,Books
T2779,U001,12/22/2022,Expense,Savings,1022.0,Csh,pune,Doctor consultation
T3899,U079,2024-02-26,Expense,Utilties,6055.0,CASH,BAN,asdfgh
T7987,U073,2023-08-02,Income,Investment,32845.0,card,CHE,No Notes
T1793,U027,13-12-21,Expense,FOOD,2826.0,CASH,MUMBAI,Lunch
T2408,U001,2022-08-15,Expense,Educaton,7554.0,bank transfer,jaipur,Uber ride
T4091,U072,07/18/2024,Expense,rent,2297.0,Card,PUNE,!!!
T7938,U117,30-08-2023,Expense,food,4517.0,bank transfer,JAI,EMI payment
T2153,U028,2023-02-26,Expense,Rentt,29126.0,Csh,Ahmedabad,Doctor consultation
T10969,U107,2023-07-01,Expense,Fod,1684.0,card,Jaipur,test
T11906,U017,2022-06-28,Expense,Helth,8671.0,Upi,Unknown,Movie tickets
T5291,U013,2024-04-19,Expense,travel,312.0,Cash,lucknow,Doctor consultation
T2775,U104,19-12-2024,Expense,,4564.0,Bank Transfr,Delhi,Monthly rent payment
T7341,U088,17-11-23,Expense,Entertainment,5047.0,Upi,delhi,!!!
T2746,U092,04/30/2023,Expense,travel,6854.0,Card,LUC,Monthly rent payment
T6589,U049,2022-04-19,Expense,Savings,7310.0,bank transfer,BANGALORE,No Notes
T2748,U031,07-07-24,Expense,Travl,4091.0,Bank_Transfer,Pune,asdfgh
T3151,U022,03/20/2024,Expense,HEALTH,4645.0,CRD,hyderabad,Restaurant dinner
T12576,U077,30-03-2023,Expense,EDU,5714.0,UPI,PUN,Lunch
T12380,U103,07-06-2024,Income,Salary,27552.0,Crd,KOLKATA,No Notes
T11212,U091,06/19/2022,Expense,Education,5466.0,,KOL,Petrol
T11767,U008,27-08-2023,Expense,rent,2992.0,Cash,BAN,No Notes
T12667,U112,2022-08-31,Expense,education,4689.0,Csh,Hyderabad,Internet bill
T3763,U037,08/12/2022,Expense,food,6079.0,CRD,delhi,No Notes
T6185,U032,13-12-23,Expense,others,4336.0,CASH,Unknown,No Notes
T1209,U069,17-09-21,Expense,food,1237.0,CASH,CHE,Books
T10151,U035,03/17/2022,Expense,entertainment,8831.0,,BANGALORE,Medicine
T12165,U013,07-09-21,Expense,TRAVEL,4994.0,UPI,Pune,asdfgh
T4788,U001,04/17/2021,Expense,rent,5328.0,Bank Transfr,Hyderabad,EMI payment
T7267,U018,29-08-21,Expense,utilities,4303.0,upi,CHENNAI,Doctor consultation
T11834,U018,21-12-22,Expense,Utilties,4529.0,CARD,HYD,Train ticket
T7946,U103,27-11-22,Income,Freelance,49289.0,card,Ahmedabad,Shopping
T5211,U139,2021-03-18,Expense,education,1707.0,UPI,chennai,Internet bill
T13358,U050,08/02/2022,Expense,Travel,3531.0,cash,hyderabad,Petrol
T1354,U009,14-06-24,Expense,education,6961.0,card,CHENNAI,Uber ride
T10494,U079,01/15/2022,Expense,Foods,1563.0,Cash,Unknown,!!!
T1921,U055,01-10-23,Expense,Traval,5250.0,CARD,mumbai,No Notes
T1425,U066,12/04/2023,Income,Freelance,47990.0,Csh,Lucknow,Electricity bill
T4694,U118,2021-04-29,Expense,Education,8802.0,Bank Transfer,kolkata,No Notes
T11955,U080,10-02-2022,Expense,Health,4865.0,Upi,Mumbai,Internet bill
T12618,U105,10/22/2023,Income,Others,10812.0,Bank Transfer,Unknown,...
T9839,U002,2022-11-17,Expense,Education,9892.0,Crd,Unknown,Online course
T5487,U028,2021-03-08,Expense,Rent,35977.0,Card,HYDERABAD,!!!
T13669,U060,2022-04-16,Expense,Foodd,2575.0,Csh,BANGALORE,test
T13847,U068,2021-04-04,Expense,Other,474.0,CARD,CHENNAI,Shopping
T0266,U077,2024-03-26,Expense,food,7215.0,Crd,Pune,Electricity bill
T0729,U018,12/16/2024,Expense,utilities,6921.0,Upi,PUN,Restaurant dinner
T2586,U066,2023-09-02,Expense,rent,5682.0,,BAN,ATM withdrawal
T9562,U047,22-03-21,Expense,Travl,3925.0,card,kolkata,No Notes
T4729,U025,09-03-22,Income,Investment,59014.0,Cash,CHENNAI,Restaurant dinner
T9946,U057,2021-05-18,Expense,rent,7959.0,CARD,KOLKATA,No Notes
T3017,U058,14-06-21,Expense,utilities,4418.0,Bank Transfr,ahmedabad,Doctor consultation
T7683,U101,2023-05-27,Expense,Rentt,37019.0,csh,Pune,Grocery shopping
T13758,U080,05/30/2021,Expense,food,3541.0,CARD,AHMEDABAD,Shopping
T13692,U130,2023-12-25,Expense,Utilities,1048.0,bank transfer,HYD,Movie tickets
T8157,U031,2024-05-09,Expense,food,838.0,cash,Ahmedabad,Movie tickets
T11910,U053,02/24/2021,Expense,Entrtnmnt,1652.0,cash,bangalore,test
T5217,U101,20-12-21,Expense,Rnt,9794.0,cash,lucknow,Movie tickets
T12469,U053,2021-04-28,Expense,Rentt,17155.0,UPI,pune,Lunch
T3643,U050,09/19/2023,Income,Freelance,71775.0,Csh,CHENNAI,test
T5631,U015,01/03/2023,Expense,Fod,3527.0,CASH,Lucknow,Online course
T2499,U035,08/27/2024,Expense,Traval,4214.0,Crd,Unknown,Train ticket
T0433,U022,10/25/2023,Expense,Utilties,1268.0,Upi,kolkata,Medicine
T13632,U036,02/25/2024,Expense,Traval,6175.0,Card,Unknown,No Notes
T1159,U016,04-04-23,Expense,Rent,43025.0,csh,BANGALORE,No Notes
T1455,U056,05/29/2023,Expense,Entrtnmnt,1415.0,Csh,CHE,Medicine
T3179,U075,2023-03-03,Expense,FOOD,709.0,Bank Transfr,ahmedabad,misc
T8074,U099,04/26/2023,Expense,Travl,6538.0,Upi,HYDERABAD,asdfgh
T11781,U057,2021-08-20,Expense,Rentt,32159.0,UPI,pune,Shopping
T5574,U116,28-07-22,Expense,SAVINGS,4952.0,CRD,HYD,Lunch
T6078,U047,2021-01-06,Income,Investment,32323.0,Upi,AHMEDABAD,Lunch
T0519,U019,21-12-2023,Income,Others,48455.0,UPI,MUMBAI,Doctor consultation
T8527,U078,2023-10-31,Expense,Entertain,8528.0,CARD,CHE,Grocery shopping
T9791,U051,10/28/2023,Income,Others,15408.0,Crd,AHMEDABAD,Books
T9064,U075,10/13/2022,Expense,Health,6652.0,card,DELHI,Train ticket
T9754,U070,2022-06-01,Expense,Food,2348.0,Csh,Unknown,Fixed deposit
T4197,U149,11/22/2024,Expense,Fod,782.0,Cash,CHENNAI,Fixed deposit
T12647,U027,04/13/2023,Expense,Foodd,3079.0,Upi,Delhi,No Notes
T4202,U019,2022-10-05,Expense,Utlities,2847.0,bank transfer,Kolkata,Movie tickets
T10147,U023,12/20/2023,Expense,education,6707.0,CASH,pune,Lunch
T9257,U097,21-08-23,Income,Bonus,74423.0,Bank_Transfer,Hyderabad,Coffee
T4123,U076,2022-12-24,Expense,RENT,7169.0,UPI,Unknown,Monthly rent payment
T13922,U091,04-09-22,Expense,Utility,8027.0,Upi,BAN,No Notes
T5366,U043,15-07-24,Income,Freelance,48444.0,CARD,bangalore,No Notes
T4425,U046,10/06/2022,Expense,Rnt,8482.0,Crd,JAI,test
T12532,U005,23-10-24,Income,Freelance,51092.0,Cash,Unknown,Internet bill
T10608,U046,05-04-23,Income,Freelance,57098.0,CRD,Unknown,ATM withdrawal
T11156,U066,19-04-24,Expense,Rentt,20018.0,CRD,Delhi,test
T7338,U086,2022-01-25,Expense,Food,1663.0,,Pune,Gym membership
T9975,U137,07-09-23,Expense,Utility,6183.0,bank transfer,Chennai,No Notes
T3009,U106,02/11/2022,Expense,rent,5651.0,csh,JAIPUR,No Notes
T12971,U113,10/21/2023,Income,Others,45535.0,UPI,MUM,Petrol
T11716,U021,03/25/2024,Expense,Food,614.0,Upi,Ahmedabad,!!!
T11204,U099,2023-12-30,Expense,rent,7425.0,CARD,CHENNAI,No Notes
T10218,U030,03/28/2022,Expense,RENT,5719.0,Cash,Unknown,Fixed deposit
T11415,U011,2023-11-28,Expense,Health,5284.0,BankTransfer,mumbai,No Notes
T5091,U117,08-03-22,Expense,health,6195.0,UPI,MUMBAI,No Notes
T11718,U146,03/02/2021,Expense,Fod,9407.0,BankTransfer,MUM,misc
T12116,U048,2022-03-11,Expense,travel,3913.0,bank transfer,KOL,Train ticket
T10892,U137,12-11-24,Income,Salary,12644.0,Bank_Transfer,DEL,Lunch
T11060,U072,06-11-24,Income,Investment,10731.0,Card,CHE,Fixed deposit
T2351,U149,2022-03-02,Expense,Entrtnmnt,9061.0,csh,BAN,Internet bill
T0379,U053,05-01-22,Expense,Utility,9695.0,,BAN,!!!
T8243,U020,18-10-2023,Expense,Utilties,3716.0,bank transfer,AHMEDABAD,Coffee
T5400,U001,12-11-24,Expense,Education,8805.0,Bank Transfr,bangalore,misc
T8626,U117,2024-03-30,Expense,Rnt,883.0,card,BAN,Electricity bill
T12869,U101,09-11-2024,Expense,rent,730.0,cash,JAIPUR,test
T2799,U129,2021-10-21,Expense,Education,8842.0,Upi,AHM,Internet bill
T11704,U129,04/27/2023,Expense,Educaton,3236.0,csh,BANGALORE,Electricity bill
T13265,U120,11/04/2022,Expense,RENT,9828.0,UPI,mumbai,Gym membership
T10821,U120,2023-08-27,Expense,travel,7979.0,Bank_Transfer,Bangalore,Doctor consultation
T12606,U052,17-11-21,Expense,Food,3891.0,CARD,Chennai,xyz123
T12104,U107,2022-08-06,Expense,FOOD,2718.0,Card,CHE,Online course
T1417,U079,2022-09-14,Expense,Entertainment,9896.0,csh,DELHI,Monthly rent payment
T2189,U137,16-05-2023,Expense,Foods,4341.0,Csh,kolkata,ATM withdrawal
T3352,U109,01/16/2023,Expense,EDU,323.0,Bank Transfer,delhi,Electricity bill
T5446,U126,2022-07-02,Expense,Entrtnmnt,8568.0,bank transfer,BAN,Medicine
T3731,U057,14-02-22,Expense,rent,9945.0,cash,AHM,Shopping
T6577,U046,2023-06-04,Income,Freelance,75229.0,card,PUN,Restaurant dinner
T9089,U052,03/14/2024,Expense,Utilties,9683.0,Csh,CHE,Lunch
T6580,U031,22-08-21,Income,Freelance,22976.0,Crd,Kolkata,ATM withdrawal
T12549,U131,2024-01-05,Expense,Entrtnmnt,8719.0,,Bangalore,No Notes
T11967,U059,01/04/2022,Income,Salary,69750.0,UPI,Ahmedabad,Fixed deposit
T12642,U069,12/01/2021,Income,Freelance,49094.0,Upi,Pune,Monthly rent payment
T2932,U116,03/24/2022,Expense,Foods,1786.0,card,MUM,test
T13477,U149,08/03/2022,Expense,Entrtnmnt,2334.0,card,Ahmedabad,No Notes
T13317,U032,05-05-2024,Expense,entertainment,4977.0,Upi,delhi,Internet bill
T5185,U076,2022-01-19,Income,Salary,78908.0,Bank Transfr,HYDERABAD,Gym membership
T6646,U143,06-12-24,Expense,entertainment,7361.0,Crd,Jaipur,Electricity bill
T4150,U127,15-09-21,Expense,Health,297.0,Bank Transfr,AHM,Fixed deposit
T1975,U137,2022-07-01,Expense,Utility,9048.0,UPi,pune,Internet bill
T11394,U125,26-01-22,Expense,Food,2803.0,CARD,pune,misc
T2540,U037,2021-10-29,Income,Bonus,15446.0,Upi,JAI,!!!
T9507,U023,07/04/2022,Expense,Education,8582.0,BankTransfer,Unknown,Grocery shopping
T0289,U096,2022-09-12,Expense,Travel,1617.0,card,AHMEDABAD,EMI payment
T2695,U066,2023-06-13,Expense,food,8883.0,Crd,Lucknow,misc
T13306,U005,04/16/2022,Expense,Utilties,9106.0,Crd,HYDERABAD,No Notes
T9316,U086,06/23/2022,Income,Bonus,31030.0,csh,LUC,Restaurant dinner
T9510,U069,08/14/2023,Expense,entertainment,9885.0,Bank Transfer,delhi,No Notes
T11826,U005,12-12-21,Income,Investment,21112.0,Bank Transfr,MUMBAI,Medicine
T13720,U034,10/12/2023,Expense,others,9568.0,bank transfer,delhi,Lunch
T7116,U065,01/26/2022,Expense,Entertain,5821.0,card,LUC,Fixed deposit
T8091,U035,02-06-2022,Expense,Travel,3315.0,csh,hyderabad,...
T4222,U137,30-09-2023,Expense,TRAVEL,131.0,CRD,CHE,Train ticket
T7198,U142,07-08-22,Income,Investment,55171.0,card,Lucknow,asdfgh
T1220,U085,07-12-2023,Expense,Utlities,5868.0,bank transfer,Unknown,xyz123
T9394,U027,2024-06-06,Expense,FOOD,6514.0,BankTransfer,kolkata,No Notes
T5813,U059,06/10/2021,Expense,Food,937.0,csh,lucknow,Gym membership
T8859,U022,20-11-21,Expense,Foods,940.0,Card,BAN,Movie tickets
T4886,U073,09/21/2022,Expense,Saving,1896.0,bank transfer,LUCKNOW,Grocery shopping
T5137,U057,11/02/2021,Expense,Rent,16927.0,CARD,bangalore,Petrol
T2409,U083,24-03-23,Expense,Foods,1391.0,,MUM,test
T13205,U117,2024-10-11,Income,Salary,22105.0,upi,pune,No Notes
T9486,U013,2023-07-01,Expense,rent,4489.0,BankTransfer,delhi,!!!
T1141,U002,01/17/2024,Expense,utilities,3348.0,bank transfer,LUC,Electricity bill
T6938,U066,2023-04-07,Expense,Entertain,5115.0,bank transfer,LUCKNOW,Fixed deposit
T0200,U072,04/02/2022,Expense,Travel,9488.0,CASH,mumbai,Movie tickets
T5180,U120,2023-11-21,Expense,travel,6347.0,Bank Transfr,hyderabad,Coffee
T11339,U085,2022-07-09,Expense,FOOD,5196.0,card,Kolkata,Coffee
T10689,U009,24-10-2024,Expense,Entertainment,6250.0,UPi,Kolkata,xyz123
T9492,U077,2021-05-14,Expense,entertainment,7738.0,Upi,CHE,asdfgh
T1498,U039,11/08/2024,Income,Salary,58671.0,CRD,MUMBAI,No Notes
T8504,U148,24-11-2023,Expense,Entertainment,3326.0,Card,AHM,EMI payment
T1007,U017,2024-06-05,Expense,Foods,923.0,bank transfer,HYDERABAD,test
T5049,U058,06/13/2022,Expense,rent,7397.0,upi,LUCKNOW,Lunch
T8558,U009,09/25/2022,Expense,Education,4288.0,Bank Transfr,LUC,Grocery shopping
T3985,U085,07/05/2021,Expense,Rentt,29253.0,CRD,HYD,Internet bill
T11481,U046,26-03-2022,Expense,Rnt,752.0,Cash,JAIPUR,misc
T6329,U088,19-02-2024,Income,,24030.0,,MUM,Movie tickets
T13946,U047,2022-02-18,Expense,RENT,5145.0,Upi,KOL,...
T9768,U032,02/04/2021,Expense,Entrtnmnt,9649.0,BankTransfer,HYD,Shopping
T10201,U049,05/24/2022,Expense,Rentt,23786.0,UPI,Unknown,Internet bill
T7046,U143,05-11-2024,Expense,Utility,4705.0,CRD,HYDERABAD,Electricity bill
T2325,U006,2021-12-03,Expense,Entertain,1597.0,Bank_Transfer,hyderabad,No Notes
T4428,U013,04-02-22,Expense,Traval,6453.0,Upi,hyderabad,Movie tickets
T3541,U095,02/04/2021,Expense,Entrtnmnt,4157.0,csh,BANGALORE,Lunch
T3363,U123,10/24/2024,Expense,Rentt,21586.0,Crd,chennai,Shopping
T13661,U106,01-09-22,Expense,Rent,40480.0,UPI,Unknown,Fixed deposit
T0923,U112,2024-09-27,Expense,Education,1571.0,CARD,LUC,test
T7372,U133,06/07/2024,Income,Freelance,71773.0,Cash,Unknown,!!!
T2882,U018,12-09-24,Expense,Food,2513.0,upi,PUNE,No Notes
T10000,U023,2024-02-14,Expense,Fod,7702.0,,BANGALORE,xyz123
T6888,U078,07/16/2021,Income,Investment,21910.0,CARD,PUN,!!!
T7911,U110,08/21/2023,Expense,FOOD,2929.0,csh,bangalore,Movie tickets
T5849,U136,2023-01-23,Expense,RENT,5506.0,CRD,KOL,xyz123
T7104,U009,23-11-24,Expense,Entrtnmnt,6764.0,Csh,Kolkata,ATM withdrawal
T11314,U006,2024-09-28,Expense,Health,6823.0,cash,DELHI,Lunch
T8077,U030,2024-04-20,Expense,Travel,840.0,upi,CHENNAI,Doctor consultation
T12029,U118,10/06/2023,Income,Salary,56450.0,CASH,jaipur,ATM withdrawal
T6248,U011,2021-05-26,Expense,RENT,7037.0,,pune,Gym membership
T5477,U010,08/18/2021,Income,Others,63341.0,upi,lucknow,Gym membership
T5410,U016,2023-02-09,Expense,RENT,6076.0,Bank Transfr,JAIPUR,Electricity bill
T9773,U073,06/24/2022,Expense,Foods,3805.0,bank transfer,CHENNAI,Doctor consultation
T12780,U110,10/24/2021,Expense,TRAVEL,8911.0,Bank Transfer,MUM,No Notes
T6485,U072,2021-08-22,Expense,FOOD,8142.0,cash,LUC,xyz123
T5504,U141,12/04/2021,Expense,health,9529.0,Cash,hyderabad,Grocery shopping
T7773,U123,17-08-23,Income,Investment,54407.0,Crd,PUN,Lunch
T10342,U022,11/22/2023,Expense,Entertainment,5419.0,Bank Transfer,BANGALORE,...
T7169,U030,2023-12-30,Expense,Rent,16289.0,Crd,DELHI,Lunch
T11747,U006,17-09-23,Expense,FOOD,6002.0,Crd,KOLKATA,Online course
T3155,U018,21-10-2021,Expense,Entertainment,7163.0,Bank Transfr,MUM,Shopping
T11167,U150,11/21/2023,Expense,utilities,4848.0,CARD,KOLKATA,Restaurant dinner
T4137,U004,05/15/2022,Income,Investment,73065.0,UPI,Unknown,Movie tickets
T11607,U080,09/12/2021,Expense,FOOD,8853.0,card,HYD,No Notes
T3790,U109,2024-06-18,Expense,HEALTH,5180.0,CARD,mumbai,...
T1541,U043,2022-10-04,Expense,food,8623.0,Bank_Transfer,DEL,Restaurant dinner
T9242,U089,23-12-21,Expense,Others,8226.0,CASH,DELHI,No Notes
T5457,U124,01-08-24,Expense,Rnt,454.0,BankTransfer,AHMEDABAD,test
T2339,U069,24-05-22,Income,Investment,70958.0,,MUMBAI,Doctor consultation
T6468,U111,12/19/2022,Expense,FOOD,7539.0,,CHENNAI,Monthly rent payment
T2031,U026,2022-12-22,Expense,Utility,3213.0,Card,bangalore,Lunch
T5361,U099,02/18/2021,Expense,Fod,764.0,CARD,Hyderabad,No Notes
T13589,U148,05/27/2021,Expense,Rentt,25214.0,Card,DEL,Fixed deposit
T3760,U057,01/10/2022,Expense,education,900.0,UPI,HYD,No Notes
T10968,U090,12-06-2024,Expense,Traval,6226.0,bank transfer,BAN,Medicine
T7409,U099,10/14/2024,Income,Others,27874.0,Upi,Bangalore,EMI payment
T9400,U102,27-05-23,Expense,Utilities,6675.0,Card,Jaipur,No Notes
T13988,U040,2023-10-29,Expense,Rent,36626.0,UPI,KOL,xyz123
T12622,U131,07/10/2021,Expense,Utility,1845.0,csh,Unknown,Electricity bill
T3499,U028,2022-07-17,Expense,Helth,6400.0,CARD,Delhi,Lunch
T4265,U050,2024-06-13,Expense,EDU,1531.0,Bank Transfr,AHM,Uber ride
T11307,U002,31-08-2022,Expense,Traval,3904.0,UPI,KOLKATA,Books
T5310,U007,2021-10-01,Expense,Rentt,40706.0,Card,LUC,Movie tickets
T8768,U025,31-07-23,Expense,Traval,231.0,CRD,Bangalore,Books
T5444,U058,2022-02-07,Expense,travel,5736.0,Bank Transfer,Mumbai,Books
T5497,U037,06/24/2023,Expense,utilities,8126.0,csh,Unknown,No Notes
T6804,U104,2024-07-01,Expense,OTHERS,8670.0,Bank Transfer,Pune,test
T13687,U024,12/10/2021,Expense,Health,4678.0,,AHMEDABAD,Gym membership
T10495,U079,07/21/2024,Expense,RENT,5855.0,Upi,MUM,Movie tickets
T12036,U149,2024-12-09,Expense,Utility,8836.0,Bank Transfer,CHE,Internet bill
T2982,U083,04-08-22,Expense,,6371.0,CARD,MUMBAI,No Notes
T13252,U011,2022-06-04,Expense,Foods,3566.0,Upi,Bangalore,Monthly rent payment
T5171,U144,15-04-24,Income,Investment,18633.0,CRD,Ahmedabad,Movie tickets
T5435,U066,09/19/2022,Expense,Utilties,1555.0,upi,JAIPUR,misc
T5012,U138,2021-12-03,Expense,rent,4616.0,cash,Kolkata,!!!
T6898,U023,2022-11-20,Expense,Fod,8115.0,Csh,chennai,Online course
T6198,U109,07/20/2022,Expense,Food,1931.0,Upi,Unknown,Grocery shopping
T9654,U098,17-08-2021,Expense,rent,5889.0,Bank Transfer,CHE,Electricity bill
T8712,U130,09-02-23,Expense,Food,2407.0,Csh,BAN,test
T5734,U112,01-10-21,Expense,Traval,5720.0,CRD,ahmedabad,Grocery shopping
T0596,U134,2023-07-19,Expense,Education,7182.0,UPI,delhi,Gym membership
T11789,U085,22-04-24,Expense,HEALTH,3090.0,Upi,BANGALORE,Books
T7100,U088,19-05-2021,Expense,Travl,3238.0,BankTransfer,mumbai,No Notes
T5228,U051,2023-01-27,Expense,,6589.0,bank transfer,BAN,Monthly rent payment
T0248,U102,11-05-2021,Expense,HEALTH,1463.0,bank transfer,KOLKATA,asdfgh
T10568,U078,2024-10-01,Expense,Traval,1062.0,Bank Transfer,DELHI,asdfgh
T2356,U025,08-12-22,Expense,Rnt,8936.0,cash,CHENNAI,test
T2897,U122,2022-10-07,Expense,rent,1738.0,Upi,Kolkata,No Notes
T6853,U024,2023-06-23,Expense,RENT,5172.0,Csh,DEL,Uber ride
T3577,U140,08/31/2024,Expense,,4879.0,Cash,Pune,!!!
T4537,U036,16-10-21,Income,Others,50814.0,CASH,kolkata,No Notes
T12119,U087,2023-08-15,Expense,Food,2217.0,Bank Transfr,Unknown,Petrol
T9478,U002,01-10-21,Expense,Other,4410.0,Bank_Transfer,Delhi,...
T10245,U148,2023-07-30,Expense,travel,4247.0,UPi,CHENNAI,No Notes
T6071,U091,2024-10-29,Expense,entertainment,6283.0,cash,bangalore,Lunch
T5189,U047,07-04-2022,Income,Salary,72499.0,Bank Transfr,MUM,xyz123
T7643,U118,23-01-23,Expense,Rnt,8182.0,upi,Hyderabad,Gym membership
T1454,U082,2021-06-06,Expense,Fod,5713.0,Csh,chennai,Movie tickets
T9667,U040,09/10/2022,Expense,travel,5551.0,Cash,Hyderabad,No Notes
T2261,U089,05/31/2024,Expense,Rentt,35686.0,Upi,chennai,Train ticket
T9879,U048,08/04/2022,Expense,Utilties,4347.0,card,BANGALORE,Coffee
T5699,U012,26-06-21,Expense,savings,5699.0,UPi,BANGALORE,No Notes
T6285,U044,2022-10-03,Expense,Saving,4054.0,Crd,DEL,Petrol
T10856,U006,2024-09-23,Income,Salary,28847.0,CASH,Unknown,Gym membership
T13849,U062,02/25/2022,Expense,Food,842.0,UPi,jaipur,Books
T9312,U013,2021-08-29,Expense,TRAVEL,3959.0,Bank_Transfer,bangalore,!!!
T1234,U038,2021-10-22,Expense,Other,8478.0,Bank Transfer,Hyderabad,Uber ride
T6490,U029,02/07/2024,Expense,Others,5612.0,Upi,MUM,No Notes
T3522,U019,29-03-24,Expense,EDU,7521.0,UPi,chennai,Grocery shopping
T10595,U062,15-09-23,Expense,Utilities,1199.0,Csh,Unknown,Doctor consultation
T12051,U068,28-01-2024,Expense,food,817.0,Csh,PUNE,Gym membership
T11265,U077,02-08-22,Expense,Foods,4779.0,csh,MUM,Medicine
T5048,U039,02/14/2021,Expense,Travel,8953.0,Cash,PUNE,Internet bill
T8750,U149,01/26/2024,Income,Investment,53734.0,UPI,bangalore,Fixed deposit
T8387,U106,03/02/2021,Income,Freelance,17559.0,,lucknow,Restaurant dinner
T5294,U009,28-07-21,Expense,food,7112.0,Csh,Hyderabad,Restaurant dinner
T6476,U144,2022-12-23,Expense,Rent,26635.0,cash,Mumbai,...
T9711,U117,16-06-22,Expense,Fod,6540.0,Bank Transfr,bangalore,test
T10054,U102,2024-02-20,Expense,Utility,4943.0,Bank Transfr,PUNE,...
T11544,U133,08/11/2023,Expense,rent,9773.0,Bank Transfr,KOLKATA,EMI payment
T5972,U090,03/22/2021,Expense,Rnt,1731.0,Crd,Unknown,No Notes
T10040,U115,27-04-23,Income,Bonus,54802.0,UPI,CHENNAI,misc
T0132,U111,2021-07-21,Expense,education,6508.0,CRD,AHMEDABAD,Movie tickets
T13393,U075,2023-08-01,Expense,SAVINGS,7924.0,csh,Delhi,Coffee
T9185,U134,04-09-24,Expense,food,5687.0,Bank Transfr,pune,Petrol
T4531,U147,01-09-24,Expense,Utilities,7389.0,csh,Pune,Train ticket
T2367,U059,01-11-23,Expense,Rentt,6134.0,Csh,PUNE,test
T12074,U066,2023-10-26,Expense,education,9850.0,Cash,DELHI,Internet bill
T8981,U129,01-09-24,Expense,Foodd,4300.0,csh,LUC,No Notes
T0472,U090,2023-03-12,Expense,Utilties,9078.0,Csh,BANGALORE,Fixed deposit
T11799,U103,2021-06-16,Expense,food,3246.0,upi,HYDERABAD,test
T4991,U095,02-04-22,Expense,Foodd,4793.0,bank transfer,PUN,test
T0088,U114,28-10-2024,Income,Salary,49315.0,CRD,DEL,Medicine
T8382,U043,2022-07-07,Expense,Food,1603.0,Bank_Transfer,Unknown,Gym membership
T9822,U129,07-03-24,Expense,Rnt,8856.0,csh,Delhi,No Notes
T11296,U080,2021-05-26,Expense,Utilities,5944.0,Crd,Unknown,Petrol
T9030,U074,2023-10-21,Expense,Travel,6073.0,cash,CHENNAI,Train ticket
T12525,U020,11/22/2024,Expense,Fod,8164.0,Csh,mumbai,Medicine
T11869,U077,2023-05-16,Expense,food,2000.0,Card,mumbai,Electricity bill
T6922,U009,05/01/2021,Expense,Utility,1795.0,Crd,LUC,No Notes
T3210,U026,17-12-24,Expense,food,1713.0,Cash,CHENNAI,Grocery shopping
T13968,U083,12/26/2024,Income,Freelance,34921.0,Cash,AHMEDABAD,Petrol
T7950,U134,07/17/2022,Expense,Traval,3248.0,BankTransfer,Unknown,Grocery shopping
T6731,U062,2022-10-25,Income,Others,11374.0,CARD,MUMBAI,Grocery shopping
T8596,U061,2024-04-13,Expense,RENT,4958.0,Bank Transfer,jaipur,EMI payment
T2589,U125,2024-02-07,Expense,Utilities,999999.0,,DELHI,Fixed deposit
T10816,U060,2021-10-04,Expense,Fod,7033.0,Card,PUNE,Train ticket
T4240,U008,06/05/2022,Expense,FOOD,4469.0,CARD,PUN,Train ticket
T5940,U067,10-11-2022,Expense,FOOD,7282.0,CRD,AHM,Coffee
T7996,U064,29-08-23,Expense,TRAVEL,1516.0,UPI,BANGALORE,Medicine
T5621,U045,23-11-22,Expense,Health,1211.0,UPI,Hyderabad,Monthly rent payment
T13404,U102,10-12-21,Expense,Traval,219.0,Crd,ahmedabad,Shopping
T9710,U065,30-03-24,Expense,rent,3268.0,Bank Transfr,HYD,Books
T0095,U128,08/15/2023,Expense,utilities,4044.0,Bank_Transfer,AHMEDABAD,ATM withdrawal
T5195,U135,08/23/2024,Expense,Utlities,5501.0,Bank Transfr,Pune,Online course
T8458,U051,2021-05-08,Expense,Health,975.0,Crd,Unknown,Online course
T6929,U083,2024-03-19,Expense,Entrtnmnt,728.0,bank transfer,Delhi,Lunch
T11815,U051,09-04-23,Expense,Traval,7752.0,UPi,BAN,Shopping
T0757,U150,14-04-22,Expense,Travel,2380.0,CASH,PUN,Monthly rent payment
T1532,U009,2023-01-19,Expense,Foodd,3838.0,Bank Transfr,pune,Medicine
T4749,U056,2022-03-27,Income,Investment,26157.0,CARD,Lucknow,No Notes
T8595,U103,12/01/2024,Expense,Health,3998.0,Csh,HYDERABAD,Monthly rent payment
T0028,U148,13-01-2021,Expense,FOOD,9047.0,UPi,Pune,No Notes
T3967,U122,2021-07-10,Expense,Entertainment,7273.0,Upi,AHM,No Notes
T12429,U033,01/12/2022,Expense,rent,360.0,Card,Delhi,Movie tickets
T5347,U011,06/21/2023,Expense,Entertainment,5491.0,BankTransfer,DELHI,Medicine
T12192,U058,2021-08-28,Expense,Food,217.0,BankTransfer,DEL,Fixed deposit
T5423,U043,04/08/2021,Expense,entertainment,299.0,UPi,AHMEDABAD,misc
T6606,U071,2022-09-23,Expense,Foodd,1870.0,Csh,Ahmedabad,Gym membership
T5964,U056,10-02-2023,Income,Freelance,77936.0,Csh,Hyderabad,No Notes
T13105,U023,2021-08-13,Expense,food,999999.0,card,lucknow,...
T9934,U051,09/01/2021,Expense,Entrtnmnt,6862.0,CARD,PUNE,No Notes
T4988,U029,2022-02-17,Expense,rent,2994.0,,AHMEDABAD,Fixed deposit
T11624,U058,2023-05-03,Expense,Travel,1055.0,CRD,chennai,Petrol
T2679,U074,29-11-22,Expense,Utility,5081.0,card,Unknown,Petrol
T2590,U118,2024-09-06,Expense,Utlities,3591.0,CRD,Unknown,Movie tickets
T12808,U124,2021-04-29,Expense,entertainment,334.0,Upi,Unknown,Fixed deposit
T0941,U019,2023-01-10,Expense,FOOD,4864.0,UPi,Delhi,Movie tickets
T2140,U051,24-07-2022,Expense,savings,1668.0,Upi,KOL,misc
T2530,U035,26-12-24,Expense,Food,2903.0,Bank_Transfer,Chennai,Train ticket
T7717,U108,12-12-2022,Expense,Fod,7491.0,Upi,HYDERABAD,Fixed deposit
T1966,U147,03/21/2024,Expense,Rent,42642.0,csh,DELHI,Medicine
T9343,U030,2022-07-29,Expense,Fod,1195.0,BankTransfer,ahmedabad,Petrol
T2065,U021,07/04/2023,Expense,FOOD,6393.0,card,Ahmedabad,asdfgh
T7959,U103,05/23/2022,Expense,Food,3741.0,CASH,AHM,Movie tickets
T10434,U122,14-01-24,Expense,Entertainment,1094.0,Csh,jaipur,Medicine
T9271,U070,01/24/2022,Expense,RENT,2203.0,Cash,JAIPUR,misc
T3856,U087,09/30/2021,Expense,Traval,2101.0,upi,AHMEDABAD,Monthly rent payment
T9016,U014,09/02/2024,Expense,Fod,5130.0,Crd,PUN,ATM withdrawal
T2945,U091,09-09-2022,Income,Others,17985.0,CRD,JAIPUR,...
T9335,U068,10/08/2022,Expense,travel,7776.0,UPI,Delhi,No Notes
T13382,U102,20-06-2023,Expense,Foodd,205.0,Bank_Transfer,jaipur,Doctor consultation
T10477,U074,08/04/2023,Expense,Utilities,1113.0,CASH,CHENNAI,Doctor consultation
T3906,U051,11/07/2021,Income,Bonus,23559.0,UPI,chennai,misc
T13417,U053,03/05/2023,Income,Freelance,49255.0,Bank Transfer,Ahmedabad,xyz123
T9031,U086,01-01-2023,Expense,Rnt,729.0,upi,BANGALORE,No Notes
T11283,U112,25-03-21,Expense,Fod,667.0,BankTransfer,KOLKATA,Electricity bill
T6768,U069,2021-06-24,Expense,Traval,9971.0,Bank Transfer,Unknown,test
T3417,U105,2021-12-31,Expense,TRAVEL,4038.0,Cash,Jaipur,Train ticket
T11579,U006,04-06-24,Expense,Rent,47633.0,Bank Transfer,lucknow,asdfgh
T3959,U100,02/03/2023,Expense,FOOD,4529.0,Upi,JAI,test
T5917,U106,28-09-2023,Income,Salary,73117.0,CARD,delhi,Electricity bill
T6591,U075,10/19/2022,Expense,Foodd,2642.0,Bank Transfer,Lucknow,Petrol
T7223,U053,23-02-24,Expense,Travel,5693.0,card,Bangalore,No Notes
T5169,U045,18-07-22,Expense,utilities,623.0,Bank Transfer,Chennai,xyz123
T11261,U116,2024-11-04,Expense,,6507.0,Bank_Transfer,MUMBAI,Restaurant dinner
T10966,U044,2021-11-30,Expense,Foodd,3871.0,Bank_Transfer,Hyderabad,...
T7318,U097,11/08/2023,Expense,rent,9421.0,Bank_Transfer,Bangalore,No Notes
T11476,U133,10/16/2024,Income,Others,55084.0,Csh,pune,Restaurant dinner
T10783,U016,2022-09-11,Expense,Utlities,1319.0,upi,CHE,No Notes
T0520,U020,03/07/2024,Expense,Foodd,2585.0,CASH,Hyderabad,Petrol
T4579,U104,03/04/2022,Expense,TRAVEL,1572.0,csh,DEL,Movie tickets
T2100,U040,09/14/2021,Income,Investment,76402.0,UPi,Ahmedabad,No Notes
T13361,U078,2024-08-09,Expense,EDU,2049.0,UPI,delhi,Movie tickets
T9489,U084,2023-03-25,Expense,utilities,3960.0,Csh,Unknown,Movie tickets
T11028,U071,12-10-2022,Income,Others,13097.0,csh,LUC,Petrol
T11098,U067,16-08-22,Expense,Utilties,3628.0,cash,kolkata,Restaurant dinner
T1205,U123,07/01/2021,Expense,,9335.0,Bank Transfr,bangalore,No Notes
T3612,U146,05/29/2023,Expense,Travl,9780.0,Upi,Ahmedabad,No Notes
T12727,U034,25-06-24,Expense,Travel,8879.0,BankTransfer,hyderabad,!!!
T1536,U023,2021-01-03,Expense,Foods,4398.0,csh,AHMEDABAD,Fixed deposit
T1153,U045,08-06-23,Expense,Food,1910.0,bank transfer,pune,Lunch
T0947,U023,21-03-24,Expense,food,2407.0,CARD,LUCKNOW,Coffee
T7163,U078,03/07/2022,Expense,Fod,2197.0,UPI,LUC,No Notes
T4623,U111,27-02-2024,Expense,FOOD,3434.0,UPI,Bangalore,Books
T8743,U130,2023-09-11,Expense,Rentt,5774.0,bank transfer,JAIPUR,Coffee
T12890,U064,11-06-22,Expense,Food,3997.0,cash,Unknown,asdfgh
T9860,U115,2021-03-14,Expense,travel,7989.0,upi,Jaipur,ATM withdrawal
T0876,U109,12-10-22,Expense,Utility,2044.0,UPI,Mumbai,Uber ride
T8141,U061,2022-05-21,Expense,Travl,5164.0,Upi,Ahmedabad,No Notes
T8151,U114,02/27/2022,Expense,Saving,5078.0,CARD,Unknown,Movie tickets
T0446,U114,2021-01-10,Expense,rent,4008.0,,Unknown,Doctor consultation
T13680,U121,02/14/2023,Expense,Rent,47179.0,UPI,kolkata,Coffee
T8842,U101,30-06-2024,Expense,Fod,7181.0,csh,LUCKNOW,No Notes
T0623,U098,2021-12-31,Expense,Utilties,3364.0,UPI,lucknow,misc
T12523,U106,2021-01-06,Expense,Foods,2938.0,,Chennai,Movie tickets
T7296,U034,12-10-24,Expense,Health,5930.0,bank transfer,BAN,Coffee
T3002,U113,28-05-22,Expense,Educaton,5036.0,BankTransfer,Bangalore,Movie tickets
T12710,U068,2023-06-07,Expense,Entrtnmnt,2653.0,csh,Pune,No Notes
T4373,U088,03-06-21,Expense,Fod,4875.0,upi,Unknown,asdfgh
T13590,U142,03/26/2023,Expense,entertainment,1636.0,Bank Transfer,Chennai,Fixed deposit
T3216,U036,16-02-22,Expense,EDU,6368.0,Crd,ahmedabad,Monthly rent payment
T7903,U101,2021-11-02,Expense,Food,1559.0,CARD,PUN,No Notes
T7146,U111,11-08-23,Expense,travel,5128.0,card,kolkata,EMI payment
T3212,U132,2024-06-25,Expense,Rent,41736.0,Bank_Transfer,Unknown,Gym membership
T13989,U095,30-11-2023,Income,Salary,74119.0,Upi,mumbai,xyz123
T2062,U046,02-04-22,Expense,EDU,8256.0,bank transfer,BANGALORE,!!!
T12056,U120,10/25/2022,Expense,health,5599.0,CASH,kolkata,Gym membership
T5545,U113,2023-06-11,Expense,Utilties,255.0,Cash,Pune,Online course
T13976,U023,05/03/2023,Expense,,6714.0,Cash,HYD,No Notes
T13549,U013,2024-10-08,Expense,Utility,4778.0,bank transfer,Hyderabad,Medicine
T13705,U122,11-11-2024,Expense,OTHERS,7781.0,Bank_Transfer,DEL,Online course
T11499,U137,07/02/2024,Expense,Travl,8947.0,Card,BANGALORE,Internet bill
T12162,U074,08/02/2022,Expense,food,5094.0,,KOLKATA,No Notes
T0527,U108,01/02/2024,Expense,RENT,9444.0,Card,lucknow,Shopping
T2922,U042,01/01/2022,Expense,Utilties,1870.0,BankTransfer,Bangalore,Grocery shopping
T12806,U145,12/19/2023,Expense,Entertain,8213.0,upi,HYDERABAD,...
T12354,U075,05/14/2023,Expense,Foods,565.0,Bank_Transfer,Bangalore,EMI payment
T0620,U044,16-04-24,Expense,,6921.0,CRD,Ahmedabad,Uber ride
T5515,U108,03-02-2022,Income,Freelance,21587.0,CARD,JAI,misc
T1151,U108,03/06/2021,Expense,Educaton,837.0,bank transfer,DELHI,asdfgh
T3962,U077,05-03-2022,Expense,travel,1986.0,CASH,LUC,misc
T7277,U062,08/05/2024,Expense,TRAVEL,2486.0,Upi,PUNE,No Notes
T12829,U087,2023-06-22,Expense,EDU,9634.0,UPI,KOLKATA,No Notes
T9483,U053,2021-04-08,Expense,Food,4367.0,Card,MUM,...
T13395,U032,04/20/2023,Expense,savings,3121.0,UPI,CHE,Grocery shopping
T6875,U123,01-05-2022,Expense,education,8259.0,,kolkata,Movie tickets
T0936,U084,10-09-2024,Expense,FOOD,3019.0,Bank Transfr,mumbai,EMI payment
T1442,U068,27-05-21,Expense,Rnt,5873.0,bank transfer,hyderabad,Lunch
T6098,U067,2021-10-22,Expense,OTHERS,4989.0,Card,AHMEDABAD,...
T2240,U033,04/11/2022,Expense,FOOD,145.0,Bank_Transfer,JAI,No Notes
T6536,U003,2022-03-22,Expense,RENT,5996.0,card,Jaipur,Internet bill
T5206,U058,2021-06-09,Expense,utilities,7540.0,Bank Transfer,Mumbai,Movie tickets
T10407,U025,11/17/2022,Expense,FOOD,5454.0,card,MUM,test
T4152,U122,10/22/2021,Expense,FOOD,5081.0,card,MUM,...
T5994,U114,2021-10-06,Expense,FOOD,8768.0,CARD,MUMBAI,No Notes
T9262,U046,2024-10-22,Expense,health,6076.0,,AHMEDABAD,xyz123
T0882,U044,25-05-23,Expense,travel,9121.0,upi,JAIPUR,Books
T10426,U041,16-01-2021,Expense,Helth,3394.0,Bank_Transfer,AHMEDABAD,No Notes
T10789,U127,23-01-2023,Expense,Rentt,28774.0,upi,lucknow,Movie tickets
T12877,U037,2021-10-18,Expense,Foodd,2479.0,BankTransfer,Unknown,Online course
T5285,U060,2023-04-30,Expense,entertainment,8833.0,Bank Transfer,Delhi,!!!
T8311,U059,2024-04-18,Expense,Fod,7445.0,Cash,mumbai,Books
T11886,U004,2024-03-21,Expense,RENT,7649.0,upi,Pune,Movie tickets
T10280,U062,03/31/2022,Expense,Rent,39939.0,CRD,LUC,No Notes
T10756,U124,2023-06-11,Expense,Education,5203.0,CARD,delhi,No Notes
T9223,U128,02-06-21,Expense,Foods,3898.0,bank transfer,Chennai,test
T10952,U028,2024-12-08,Expense,Foodd,4723.0,BankTransfer,Ahmedabad,!!!
T12177,U134,2021-03-12,Expense,Rent,45096.0,Csh,CHE,Movie tickets
T2936,U035,11/03/2022,Income,Others,12981.0,Upi,ahmedabad,No Notes
T2703,U093,11/26/2024,Expense,savings,7903.0,UPi,ahmedabad,Shopping
T9119,U066,2022-12-17,Expense,Utility,650.0,UPI,CHENNAI,Gym membership
T0233,U103,02/02/2024,Expense,FOOD,186.0,Bank Transfer,Unknown,misc
T11398,U133,2022-09-03,Expense,Traval,7581.0,Cash,LUCKNOW,Monthly rent payment
T12631,U085,08-03-2024,Expense,Utility,7202.0,CASH,CHENNAI,No Notes
T4080,U095,15-02-21,Expense,FOOD,1773.0,card,KOLKATA,Monthly rent payment
T13351,U143,29-12-2022,Expense,Utilities,7006.0,bank transfer,DELHI,No Notes
T6947,U141,16-08-23,Expense,Foods,1256.0,Bank Transfr,delhi,No Notes
T12292,U004,2022-04-14,Expense,travel,1783.0,BankTransfer,Kolkata,!!!
T5919,U098,11-01-23,Expense,Other,7445.0,Cash,lucknow,...
T11894,U074,2023-01-17,Expense,Foods,92.0,UPI,AHM,xyz123
T4552,U085,2024-08-30,Expense,Helth,5683.0,CASH,HYD,...
T4074,U072,2022-03-17,Expense,FOOD,999999.0,Crd,Hyderabad,No Notes
T11557,U124,2021-05-27,Expense,Travel,2799.0,Card,AHM,Restaurant dinner
T4321,U090,2021-03-19,Expense,food,8624.0,Cash,HYD,Monthly rent payment
T5212,U033,22-03-23,Expense,Foods,3872.0,Csh,Bangalore,Lunch
T10959,U111,2021-11-07,Expense,Traval,3380.0,,jaipur,Monthly rent payment
T2290,U109,2022-06-05,Expense,Helth,1621.0,,BANGALORE,Coffee
T3870,U011,2021-02-22,Expense,Foods,995.0,,kolkata,Internet bill
T10364,U121,04/25/2023,Expense,entertainment,2653.0,cash,JAI,misc
T2520,U105,13-08-2021,Expense,EDU,6103.0,card,Lucknow,No Notes
T13354,U119,03-11-22,Income,Freelance,33528.0,upi,kolkata,Doctor consultation
T3325,U074,2021-02-28,Income,Freelance,69344.0,upi,KOLKATA,Medicine
T5309,U008,02-11-21,Income,Investment,29479.0,Bank Transfer,CHENNAI,misc
T11333,U089,24-01-23,Expense,Fod,2475.0,cash,HYDERABAD,No Notes
T3273,U002,11/24/2024,Expense,Utility,9866.0,Card,AHMEDABAD,Restaurant dinner
T12846,U114,2023-07-17,Expense,Travl,2375.0,Upi,Unknown,misc
T1531,U063,11-11-21,Expense,Entertain,4372.0,upi,AHMEDABAD,xyz123
T10402,U005,29-04-2024,Expense,Foods,758.0,Csh,BANGALORE,Uber ride
T4701,U033,31-12-2021,Expense,Utility,2519.0,Csh,AHMEDABAD,Doctor consultation
T13402,U070,12-08-2023,Expense,food,3976.0,UPI,Jaipur,Gym membership
T12732,U147,2024-03-08,Expense,Food,1553.0,UPI,pune,No Notes
T5356,U050,2021-07-17,Expense,food,2639.0,Bank_Transfer,Unknown,Train ticket
T7068,U052,11/28/2022,Expense,Fod,6568.0,CARD,KOLKATA,misc
T13300,U051,03/09/2023,Income,Bonus,61069.0,Cash,AHM,Internet bill
T9744,U119,20-01-2024,Expense,food,2666.0,UPI,MUM,No Notes
T3848,U143,02/06/2023,Expense,Utilties,5651.0,upi,kolkata,Lunch
T10211,U055,12-07-21,Income,Salary,21856.0,Crd,Kolkata,No Notes
T10148,U066,2023-11-16,Income,Bonus,65768.0,CRD,BANGALORE,Books
T2733,U138,05-02-2022,Expense,travel,4502.0,Bank_Transfer,delhi,Uber ride
T5913,U129,04/09/2022,Expense,Rnt,8521.0,Bank_Transfer,BANGALORE,No Notes
T5646,U126,25-10-23,Expense,Travel,4831.0,BankTransfer,ahmedabad,Monthly rent payment
T12332,U054,04-04-21,Expense,Rent,14036.0,,LUC,!!!
T9702,U022,2024-02-14,Income,Bonus,75836.0,BankTransfer,MUM,No Notes
T7236,U046,2023-09-18,Expense,education,2993.0,cash,delhi,Fixed deposit
T2906,U063,03/21/2024,Expense,Fod,3136.0,UPI,PUN,!!!
T2786,U060,09/15/2024,Expense,food,8292.0,Card,MUMBAI,No Notes
T5184,U138,05/03/2021,Expense,Helth,168.0,csh,PUN,Movie tickets
T9778,U031,2021-01-20,Expense,Foodd,201.0,CRD,AHM,Grocery shopping
T10335,U145,2024-02-27,Expense,Entertain,257.0,UPi,pune,No Notes
T7358,U118,08/22/2022,Expense,Foods,3940.0,Card,jaipur,Train ticket
T5798,U013,05-03-2021,Expense,Rnt,4115.0,,Hyderabad,misc
T13489,U016,2022-02-02,Expense,Helth,6837.0,upi,Chennai,No Notes
T7113,U049,02/28/2022,Expense,rent,6367.0,UPI,PUN,ATM withdrawal
T7855,U124,05/12/2021,Expense,Foodd,3816.0,CRD,DELHI,Uber ride
T7636,U136,10/02/2022,Expense,Entertain,1481.0,bank transfer,PUNE,Monthly rent payment
T3196,U083,2023-01-15,Expense,Rent,35570.0,Csh,PUNE,Fixed deposit
T5772,U150,2021-09-29,Expense,Rentt,13459.0,bank transfer,PUNE,Coffee
T10753,U090,2021-10-19,Expense,Foodd,937.0,cash,LUCKNOW,Monthly rent payment
T13564,U146,09/09/2021,Expense,RENT,652.0,CRD,AHMEDABAD,Lunch
T11095,U097,08/31/2022,Expense,Foodd,2290.0,Bank_Transfer,JAIPUR,Fixed deposit
T1320,U122,2021-08-26,Expense,Entrtnmnt,7976.0,Cash,delhi,Shopping
T1239,U128,03-03-22,Expense,Educaton,2724.0,Bank Transfr,pune,Books
T8416,U130,2024-06-13,Income,Freelance,14969.0,Bank_Transfer,Lucknow,Fixed deposit
T7893,U099,2023-06-27,Expense,Rentt,16138.0,Csh,DELHI,No Notes
T3635,U016,2023-09-06,Expense,Traval,6951.0,Csh,PUN,...
T13394,U122,05/06/2023,Expense,food,3522.0,upi,pune,No Notes
T13480,U067,2021-05-04,Expense,Rnt,9287.0,Csh,Mumbai,Grocery shopping
T13563,U145,03/10/2021,Expense,Rnt,3517.0,CASH,Unknown,Gym membership
T3517,U144,2023-06-28,Income,Others,18227.0,Crd,pune,No Notes
T5255,U097,01/13/2022,Expense,Entrtnmnt,6922.0,CRD,Mumbai,asdfgh
T12155,U010,2022-04-22,Income,Bonus,48000.0,Csh,JAI,EMI payment
T8518,U126,06/29/2023,Expense,Entertain,7890.0,cash,Hyderabad,Restaurant dinner
T13794,U055,2022-06-11,Expense,Education,7055.0,cash,chennai,xyz123
T12632,U084,22-03-23,Income,Investment,49660.0,Bank_Transfer,BAN,No Notes
T8117,U101,05-05-2021,Expense,RENT,7157.0,upi,JAI,Monthly rent payment
T1095,U105,2024-06-28,Income,Freelance,32722.0,csh,JAIPUR,Gym membership
T9598,U050,2022-05-18,Expense,Rent,38642.0,Crd,Unknown,Fixed deposit
T12030,U047,2022-11-27,Expense,RENT,9384.0,Bank_Transfer,Ahmedabad,Internet bill
T13180,U074,2022-10-07,Expense,RENT,4980.0,Upi,Unknown,Restaurant dinner
T2376,U130,27-04-2022,Expense,Utility,234.0,CARD,DELHI,No Notes
T3858,U124,2021-06-30,Expense,Education,7612.0,CRD,jaipur,Restaurant dinner
T6773,U027,2023-01-14,Income,Others,17938.0,Crd,Delhi,No Notes
T7976,U028,2021-05-25,Income,Freelance,25157.0,csh,Hyderabad,ATM withdrawal
T2595,U135,03/16/2022,Expense,SAVINGS,6031.0,CRD,Mumbai,Books
T5225,U010,18-07-24,Income,Others,20023.0,upi,JAI,Uber ride
T4672,U075,07/28/2024,Expense,FOOD,715.0,Csh,CHENNAI,Medicine
T7966,U100,31-10-21,Expense,Health,1112.0,Csh,Unknown,No Notes
T2838,U117,2023-08-16,Expense,Rnt,1680.0,card,MUM,Train ticket
T6666,U004,2024-09-05,Expense,Traval,7543.0,Bank_Transfer,JAIPUR,misc
T13386,U060,2024-06-03,Expense,Rentt,25844.0,Cash,PUNE,Petrol
T10796,U064,28-06-23,Expense,Food,4097.0,UPi,Mumbai,Internet bill
T1170,U076,2022-10-14,Expense,Entertainment,3742.0,csh,HYD,Lunch
T3218,U002,31-01-24,Expense,education,2325.0,Upi,Mumbai,misc
T13477,U016,21-11-23,Expense,Foods,4050.0,Csh,kolkata,misc
T2051,U020,11/05/2024,Income,Others,14617.0,BankTransfer,PUNE,No Notes
T5971,U030,01-03-23,Expense,rent,6246.0,card,Kolkata,Petrol
T10930,U004,2023-11-02,Expense,Fod,8926.0,Bank_Transfer,Bangalore,...
T8240,U047,2022-01-02,Income,Salary,36887.0,CASH,Delhi,Doctor consultation
T0302,U148,30-04-22,Expense,Rentt,7481.0,Bank Transfer,jaipur,Lunch
T5923,U077,05/30/2022,Expense,Food,3745.0,csh,pune,EMI payment
T10278,U122,2024-09-17,Expense,Utlities,9442.0,csh,AHMEDABAD,No Notes
T4968,U103,09/19/2021,Income,Bonus,41698.0,csh,Jaipur,Online course
T11862,U099,2022-09-05,Expense,FOOD,6945.0,csh,Hyderabad,Gym membership
T12244,U018,2022-11-15,Expense,Rnt,4758.0,Upi,PUN,Coffee
T5028,U049,25-09-2022,Expense,travel,9829.0,cash,pune,Grocery shopping
T6002,U078,07/24/2023,Expense,travel,4834.0,cash,AHM,No Notes
T11216,U030,03/31/2021,Expense,RENT,2334.0,Csh,Hyderabad,Monthly rent payment
T2089,U131,07/19/2021,Expense,Educaton,4962.0,BankTransfer,LUCKNOW,Uber ride
T0108,U141,06-01-24,Expense,TRAVEL,1441.0,Cash,Jaipur,Medicine
T7126,U111,11/06/2024,Expense,RENT,1612.0,,kolkata,No Notes
T1057,U017,09/08/2021,Expense,Utilties,3809.0,csh,DELHI,No Notes
T11891,U058,2024-09-23,Expense,Utility,3649.0,upi,Unknown,No Notes
T4129,U125,11/27/2024,Expense,rent,1113.0,Bank Transfr,LUCKNOW,Petrol
T0135,U030,07/27/2023,Expense,Educaton,9769.0,UPI,bangalore,xyz123
T8374,U019,20-05-22,Expense,Travel,5754.0,Upi,BAN,Books
T0699,U045,06/25/2024,Expense,Entertainment,2634.0,Crd,Ahmedabad,Monthly rent payment
T3536,U012,09-06-24,Expense,food,5911.0,Csh,Mumbai,test
T8017,U091,08-10-24,Expense,EDU,2807.0,Bank_Transfer,AHM,No Notes
T5820,U045,2024-05-26,Expense,entertainment,4911.0,Card,hyderabad,...
T6934,U058,06/28/2022,Expense,Utilties,4975.0,UPI,mumbai,Books
T2618,U055,11/03/2022,Expense,rent,8690.0,CASH,Unknown,Uber ride
T11926,U011,2024-03-31,Expense,Entrtnmnt,8255.0,,Chennai,Coffee
T4221,U017,2023-01-27,Income,Salary,29115.0,UPI,KOL,Petrol
T3271,U099,2024-11-25,Income,Freelance,63736.0,Bank Transfer,PUNE,Lunch
T12654,U149,09/16/2023,Expense,utilities,3203.0,Csh,DELHI,No Notes
T6523,U010,2023-05-12,Income,Bonus,365282.0,Bank Transfr,AHMEDABAD,EMI payment
T1049,U033,12/06/2022,Expense,food,3020.0,Csh,KOLKATA,asdfgh
T3452,U074,01/15/2022,Expense,rent,2944.0,,HYD,No Notes
T4742,U054,2023-08-31,Expense,Misc,8830.0,UPi,kolkata,No Notes
T11878,U083,08-07-24,Expense,Rent,37972.0,CRD,Lucknow,Doctor consultation
T13595,U095,01/04/2021,Expense,Utility,1837.0,CARD,Lucknow,...
T0829,U043,2024-09-14,Expense,FOOD,8956.0,Card,Kolkata,Movie tickets
T0588,U039,2024-08-22,Expense,Foodd,4755.0,csh,LUCKNOW,No Notes
T10358,U098,2024-02-07,Expense,Rent,6826.0,BankTransfer,Unknown,...
T13794,U016,26-12-2023,Expense,education,523.0,,pune,No Notes
T5543,U013,2021-11-30,Income,Freelance,79300.0,Bank Transfer,LUCKNOW,No Notes
T0014,U139,2022-10-05,Expense,Utility,8420.0,CARD,Lucknow,Internet bill
T9999,U013,20-03-23,Expense,TRAVEL,8520.0,CRD,Unknown,asdfgh
T9785,U057,06/21/2022,Expense,Travl,8025.0,Cash,LUC,misc
T3949,U062,02/22/2023,Expense,Travl,3148.0,upi,JAIPUR,ATM withdrawal
T7668,U079,2022-08-05,Expense,Entertain,3054.0,cash,JAI,Shopping
T10319,U082,2021-09-01,Expense,EDU,4117.0,Crd,mumbai,Electricity bill
T13445,U060,2024-08-18,Expense,utilities,9137.0,CASH,KOL,Train ticket
T8853,U124,17-12-22,Expense,Entertain,7277.0,Bank Transfr,MUM,Lunch
T9202,U041,2021-03-17,Expense,Travel,3328.0,Upi,Jaipur,No Notes
T2174,U021,15-12-2023,Expense,Travl,8920.0,CASH,BANGALORE,xyz123
T0818,U046,2022-03-05,Expense,FOOD,2303.0,Upi,PUN,Shopping
T11725,U139,06-05-22,Expense,Fod,3780.0,card,kolkata,Doctor consultation
T1331,U100,2021-10-28,Expense,Utlities,4708.0,Bank Transfr,JAIPUR,Doctor consultation
T9549,U050,2023-02-16,Expense,Utilities,9318.0,Card,KOL,No Notes
T6354,U148,03/14/2024,Expense,education,3707.0,Bank Transfr,AHMEDABAD,Uber ride
T7801,U071,21-02-2022,Expense,Educaton,9174.0,Bank Transfr,JAIPUR,Gym membership
T0219,U061,2024-06-22,Expense,food,5108.0,UPi,Hyderabad,Internet bill
T13944,U041,2021-11-11,Expense,education,3615.0,Bank_Transfer,KOLKATA,Lunch
T1014,U094,01/22/2021,Expense,Educaton,5264.0,upi,Unknown,Gym membership
T1648,U123,2021-09-14,Expense,Health,5968.0,Bank_Transfer,Chennai,Fixed deposit
T10292,U005,12/05/2022,Income,Investment,44839.0,BankTransfer,JAI,No Notes
T11536,U111,16-07-22,Expense,Saving,7364.0,card,Lucknow,EMI payment
T3903,U069,12/09/2024,Expense,Fod,5414.0,csh,Mumbai,No Notes
T10447,U067,11/22/2022,Expense,Rnt,5930.0,Cash,Ahmedabad,Restaurant dinner
T8328,U020,2024-10-05,Expense,Utilities,4435.0,bank transfer,JAIPUR,Monthly rent payment
T6366,U087,23-05-21,Expense,rent,7979.0,bank transfer,kolkata,Shopping
T7025,U126,23-07-23,Income,Investment,79771.0,Csh,Unknown,misc
T3966,U143,2023-12-09,Expense,,6278.0,UPi,Unknown,!!!
T7751,U048,03/30/2022,Expense,savings,8824.0,csh,Jaipur,Books
T8426,U070,17-02-2023,Expense,education,6111.0,Bank Transfer,Unknown,asdfgh
T1483,U023,11/19/2022,Expense,Rnt,4489.0,csh,Mumbai,Movie tickets
T0633,U069,07-07-21,Expense,entertainment,1097.0,BankTransfer,MUM,No Notes
T4827,U140,2023-04-30,Expense,Rentt,32922.0,,Unknown,...
T0267,U011,2024-03-02,Expense,Health,6536.0,cash,pune,Shopping
T6514,U033,2023-09-27,Expense,RENT,6946.0,Crd,lucknow,No Notes
T8728,U002,25-04-23,Expense,Entertainment,1733.0,Bank_Transfer,BANGALORE,Restaurant dinner
T8184,U106,10/10/2024,Expense,Fod,9374.0,Upi,Unknown,Electricity bill
T11152,U125,23-07-24,Expense,food,5006.0,Crd,LUCKNOW,Petrol
T7278,U111,2022-01-26,Expense,Foodd,2250.0,Csh,MUM,No Notes
T0695,U116,11/28/2024,Expense,Fod,2463.0,csh,Unknown,Restaurant dinner
T4495,U057,11-10-21,Expense,FOOD,5594.0,cash,HYD,!!!
T8668,U121,05/04/2021,Expense,food,4697.0,bank transfer,Unknown,Medicine
T11880,U144,08/09/2022,Expense,TRAVEL,485.0,csh,Unknown,Coffee
T2842,U048,2021-04-06,Expense,FOOD,6661.0,upi,BAN,Fixed deposit
T5712,U132,19-05-2024,Income,Investment,23760.0,BankTransfer,jaipur,Fixed deposit
T3714,U135,10/29/2023,Income,Salary,63400.0,bank transfer,jaipur,Internet bill
T13112,U119,14-02-2021,Expense,utilities,1245.0,Card,CHENNAI,Grocery shopping
T2834,U012,13-07-2024,Expense,Foods,1022.0,csh,CHENNAI,Fixed deposit
T8822,U042,06/19/2021,Expense,rent,4893.0,BankTransfer,Unknown,Movie tickets
T4246,U119,02/14/2021,Income,Freelance,10833.0,upi,jaipur,EMI payment
T11773,U003,2023-03-25,Expense,Helth,5749.0,UPi,LUC,Lunch
T10518,U087,10-01-2021,Expense,Utilties,2990.0,Card,pune,asdfgh
T5104,U028,11/12/2022,Expense,utilities,2442.0,Upi,DELHI,Fixed deposit
T7391,U082,06-09-2023,Expense,Rent,20047.0,csh,Pune,No Notes
T2481,U006,2024-04-03,Expense,Utilities,2965.0,UPI,AHMEDABAD,Petrol
T2213,U067,09/21/2021,Expense,TRAVEL,924.0,Cash,HYD,No Notes
T4915,U049,01/28/2021,Income,Freelance,59537.0,Bank Transfr,Unknown,...
T0674,U138,20-05-24,Expense,Utlities,8947.0,BankTransfer,Lucknow,Medicine
T3280,U082,31-01-22,Income,Bonus,51115.0,Csh,MUMBAI,Monthly rent payment
T4113,U038,09/03/2022,Expense,Food,4224.0,CARD,Lucknow,Online course
T6140,U094,14-02-24,Expense,EDU,9390.0,Bank Transfr,Jaipur,test
T13890,U090,16-09-23,Expense,Educaton,801.0,cash,mumbai,...
T2359,U115,22-12-24,Expense,Others,3554.0,card,Unknown,Petrol
T12649,U086,2021-03-19,Expense,travel,7457.0,Crd,Delhi,Books
T5581,U047,08/05/2024,Expense,Rnt,5330.0,Bank Transfr,PUNE,No Notes
T8917,U103,2021-12-05,Expense,health,9357.0,card,LUC,EMI payment
T9166,U051,2021-02-19,Income,Freelance,47673.0,Crd,MUM,Medicine
T4327,U033,21-07-2021,Expense,entertainment,6763.0,csh,AHMEDABAD,Uber ride
T2218,U081,21-09-24,Expense,Entertain,2959.0,Bank Transfr,PUNE,No Notes
T3245,U052,2021-05-07,Expense,health,3194.0,Bank_Transfer,Ahmedabad,No Notes
T6434,U044,2022-10-25,Expense,Rnt,3671.0,CRD,Unknown,No Notes
T9358,U048,2024-08-04,Expense,Fod,9974.0,UPI,Jaipur,Online course
T7336,U086,07/27/2023,Expense,Health,7298.0,CASH,lucknow,No Notes
T5016,U010,04/17/2024,Expense,Foods,103.0,card,Jaipur,No Notes
T10565,U068,2023-05-21,Income,Investment,44561.0,Cash,Unknown,Restaurant dinner
T5863,U108,12/18/2021,Expense,Foodd,1411.0,Bank Transfer,Unknown,No Notes
T11751,U045,14-04-21,Expense,Foods,3661.0,Upi,Hyderabad,!!!
T6167,U066,2023-09-08,Expense,Utility,6911.0,BankTransfer,CHENNAI,Petrol
T7398,U111,23-05-24,Expense,Entrtnmnt,1516.0,Bank Transfr,ahmedabad,Grocery shopping
T9745,U075,2024-01-01,Expense,TRAVEL,6332.0,cash,BANGALORE,Internet bill
T3580,U023,09/16/2024,Expense,FOOD,2207.0,BankTransfer,Bangalore,No Notes
T1803,U012,2023-10-23,Expense,Fod,846.0,Bank_Transfer,Ahmedabad,Medicine
T2068,U145,2024-05-03,Expense,Entertain,6812.0,UPI,delhi,asdfgh
T3627,U077,23-10-22,Expense,Foodd,4750.0,cash,Hyderabad,Train ticket
T2946,U130,05/25/2023,Expense,Foodd,4677.0,Bank Transfer,LUCKNOW,Grocery shopping
T8882,U091,26-01-23,Income,Investment,40368.0,Card,Unknown,Internet bill
T8475,U115,11-02-24,Expense,Others,9909.0,card,kolkata,Books
T4085,U125,24-08-21,Expense,,3379.0,Crd,Hyderabad,Doctor consultation
T0836,U084,07/15/2021,Expense,TRAVEL,8692.0,Cash,hyderabad,!!!
T11650,U071,20-08-2021,Expense,food,2667.0,CRD,Unknown,No Notes
T4003,U132,2022-07-30,Expense,Foods,247.0,upi,hyderabad,Lunch
T1554,U070,03-12-24,Expense,education,3351.0,Csh,Hyderabad,No Notes
T13905,U047,2022-07-18,Expense,Education,161.0,CARD,CHE,!!!
T4814,U074,18-06-24,Expense,Travel,7718.0,Upi,LUC,No Notes
T11759,U004,12/26/2024,Expense,Helth,9384.0,Upi,JAIPUR,Grocery shopping
T10443,U025,04-03-21,Expense,Education,1994.0,Card,KOL,Internet bill
T13797,U079,10/30/2021,Income,Freelance,26214.0,Bank_Transfer,chennai,Shopping
T4927,U149,2024-09-25,Expense,SAVINGS,7003.0,cash,delhi,No Notes
T1874,U109,2021-10-15,Expense,Entertain,5518.0,Bank Transfr,KOL,No Notes
T9105,U027,2024-04-13,Expense,Savings,319.0,,Unknown,Lunch
T6032,U080,2021-09-28,Expense,rent,3723.0,CRD,delhi,No Notes
T5220,U131,2021-10-18,Expense,rent,8777.0,Bank Transfr,Chennai,Lunch
T12087,U048,2024-04-10,Expense,Food,1793.0,cash,delhi,Coffee
T4935,U021,29-07-2023,Expense,Foodd,1268.0,CRD,KOLKATA,Shopping
T1933,U130,09-11-22,Expense,Others,927.0,upi,MUM,Fixed deposit
T0192,U150,2022-05-13,Expense,FOOD,2639.0,csh,MUM,Electricity bill
T11924,U034,06-10-23,Expense,Travl,4941.0,UPi,mumbai,No Notes
T13806,U132,15-03-2023,Expense,RENT,3257.0,Bank Transfr,Lucknow,asdfgh
T0809,U113,08/14/2024,Expense,entertainment,3659.0,Csh,bangalore,Books
T6852,U118,11-12-2023,Income,Salary,12315.0,Bank Transfr,lucknow,No Notes
T7894,U126,2024-09-18,Expense,TRAVEL,5673.0,card,ahmedabad,No Notes
T9687,U146,01-08-2022,Expense,Rnt,3249.0,,HYDERABAD,Grocery shopping
T1250,U047,2024-01-03,Expense,entertainment,1183.0,Csh,KOLKATA,Medicine
T8898,U103,2023-08-08,Expense,,9334.0,Bank Transfer,Bangalore,Lunch
T12491,U036,2021-04-25,Expense,Utlities,9735.0,Bank Transfer,bangalore,Medicine
T9977,U134,02/12/2024,Expense,Utilities,2182.0,BankTransfer,jaipur,Gym membership
T11189,U028,10/07/2022,Expense,SAVINGS,4615.0,Upi,KOL,EMI payment
T12965,U124,2024-05-25,Expense,Fod,1969.0,cash,JAIPUR,xyz123
T1673,U019,08/23/2023,Expense,Utilties,4276.0,CARD,Bangalore,Uber ride
T3812,U091,2024-05-03,Expense,Traval,452.0,card,Unknown,ATM withdrawal
T4208,U106,14-04-22,Income,Investment,32710.0,UPI,HYD,Movie tickets
T6449,U020,13-11-22,Expense,rent,2249.0,,Jaipur,Petrol
T11239,U051,2021-07-04,Income,Others,39950.0,Crd,MUM,Movie tickets
T10745,U068,12/10/2022,Expense,Foods,805.0,Card,HYD,Petrol
T9941,U101,2023-03-11,Expense,food,3744.0,BankTransfer,Jaipur,asdfgh
T7258,U012,12/24/2022,Expense,RENT,5272.0,csh,hyderabad,Lunch
T12479,U016,2023-01-23,Expense,Health,5947.0,Upi,jaipur,Restaurant dinner
T7096,U001,12/31/2023,Expense,Helth,4635.0,bank transfer,Unknown,Doctor consultation
T4981,U085,19-01-21,Expense,Others,3440.0,UPI,HYD,Fixed deposit
T10983,U062,23-06-2021,Expense,food,2422.0,CRD,DEL,Online course
T10001,U136,2022-06-04,Expense,,6097.0,UPI,Delhi,Train ticket
T5799,U097,2021-02-14,Income,Salary,76175.0,UPi,Lucknow,No Notes
T0764,U017,04-07-2022,Income,Freelance,41380.0,upi,jaipur,!!!
T4582,U147,2024-12-15,Expense,Foods,707.0,Bank Transfer,LUC,Doctor consultation
T12402,U096,2023-04-23,Expense,RENT,9790.0,card,KOLKATA,Grocery shopping
T12575,U063,2022-05-27,Expense,FOOD,6979.0,,DELHI,Gym membership
T1701,U040,2022-01-07,Income,Others,12487.0,CARD,jaipur,Movie tickets
T5393,U064,09/19/2024,Expense,Rnt,5461.0,CASH,BANGALORE,Fixed deposit
T4804,U132,24-12-23,Expense,Educaton,939.0,Cash,Jaipur,Grocery shopping
T8561,U048,2021-07-22,Expense,Utility,7737.0,Cash,DEL,Uber ride
T9856,U144,10/27/2021,Expense,Foods,2228.0,UPI,Ahmedabad,Grocery shopping
T8033,U129,2024-09-05,Income,Salary,38533.0,,AHM,No Notes
T12637,U001,12-03-21,Expense,food,8434.0,Card,Hyderabad,Medicine
T12163,U104,06-12-23,Expense,rent,1853.0,card,Kolkata,Train ticket
T9965,U023,21-05-2021,Income,Others,10125.0,UPI,jaipur,No Notes
T11244,U110,23-05-23,Expense,Foodd,123.0,bank transfer,Unknown,test
T3259,U124,2022-01-08,Expense,travel,5337.0,Csh,Jaipur,asdfgh
T3926,U135,29-01-24,Expense,Educaton,7537.0,Bank Transfer,Unknown,...
T12164,U029,2022-09-16,Expense,Utlities,2887.0,card,CHE,!!!
T8902,U091,2022-09-01,Expense,Foods,2417.0,Upi,Chennai,Internet bill
T12111,U098,2021-12-26,Expense,Travel,4060.0,Bank Transfr,CHENNAI,Books
T11598,U032,2021-10-16,Expense,Foodd,4303.0,UPi,Pune,Electricity bill
T12756,U109,08/01/2024,Expense,Fod,4467.0,Cash,Unknown,No Notes
T2842,U021,2023-10-05,Income,,62035.0,Bank Transfr,jaipur,No Notes
T10239,U038,2024-03-24,Income,Salary,22040.0,csh,HYD,Lunch
T5675,U006,26-09-21,Expense,,8687.0,UPI,Bangalore,misc
T11027,U037,10/19/2023,Income,Others,55732.0,,mumbai,Fixed deposit
T2601,U001,04-09-24,Expense,RENT,8336.0,,Bangalore,Online course
T9586,U075,2021-08-02,Expense,utilities,2104.0,Bank_Transfer,BAN,Books
T10391,U068,12/30/2022,Expense,Education,4228.0,CARD,LUCKNOW,Doctor consultation
T4546,U070,06/07/2024,Expense,Rent,36190.0,UPi,LUC,No Notes
T0878,U085,2024-04-19,Expense,Utilities,6488.0,,HYD,EMI payment
T10156,U060,20-08-2023,Income,Others,38336.0,upi,KOL,misc
T5567,U003,01-08-22,Expense,Food,2075.0,card,chennai,Uber ride
T7884,U050,08/29/2024,Expense,Foodd,4027.0,cash,Bangalore,Lunch
T7602,U053,09-06-2021,Expense,Food,2081.0,card,MUMBAI,No Notes
T8388,U083,2022-06-05,Expense,Foodd,3297.0,Bank Transfer,Ahmedabad,misc
T13255,U073,11-06-22,Expense,Fod,4424.0,Bank Transfr,Unknown,No Notes
T11937,U132,2022-09-29,Expense,Fod,6082.0,csh,Unknown,Petrol
T4312,U065,2021-10-24,Income,Salary,58626.0,Cash,delhi,Grocery shopping
T2549,U047,2022-05-19,Expense,Food,3387.0,Bank Transfr,KOLKATA,Doctor consultation
T13525,U149,2021-12-29,Expense,Others,7781.0,Card,bangalore,Doctor consultation
T10219,U138,2023-11-08,Income,Salary,50508.0,Bank_Transfer,hyderabad,Fixed deposit
T1958,U150,2024-11-29,Expense,HEALTH,2420.0,upi,Mumbai,Restaurant dinner
T4834,U051,21-01-21,Expense,entertainment,2871.0,card,delhi,Online course
T7063,U074,20-03-23,Expense,Entrtnmnt,4713.0,BankTransfer,Chennai,Uber ride
T12621,U017,21-12-2024,Expense,Rentt,34917.0,bank transfer,JAI,misc
T9767,U043,21-08-2022,Expense,Utlities,2534.0,bank transfer,BAN,No Notes
T0570,U130,2023-12-13,Expense,Utility,6715.0,Card,AHM,No Notes
T1325,U085,2024-12-08,Expense,rent,603.0,CRD,hyderabad,No Notes
T11177,U084,2024-10-14,Income,Investment,61673.0,csh,pune,Train ticket
T7916,U087,2021-02-16,Expense,food,2343.0,card,LUC,No Notes
T2291,U134,12/24/2024,Expense,Foodd,3651.0,cash,BANGALORE,No Notes
T7373,U015,11/26/2022,Expense,Utlities,3749.0,Cash,MUM,Lunch
T5125,U097,19-08-23,Expense,Entrtnmnt,4708.0,Csh,Kolkata,Grocery shopping
T4167,U080,2022-09-04,Expense,health,4643.0,Csh,HYDERABAD,Lunch
T6191,U093,2024-02-26,Expense,Helth,6070.0,cash,CHE,Electricity bill
T5858,U042,17-10-23,Income,Bonus,31267.0,csh,LUC,Electricity bill
T3445,U137,08/11/2024,Expense,Food,4418.0,Cash,AHM,Movie tickets
T4459,U116,02/06/2021,Expense,Travl,9727.0,upi,JAI,No Notes
T12769,U079,2021-11-15,Expense,education,1660.0,UPI,KOLKATA,Shopping
T0801,U009,2024-07-30,Expense,RENT,1846.0,CRD,bangalore,Lunch
T5474,U063,2022-12-07,Expense,Rent,15334.0,Csh,DEL,Gym membership
T9301,U145,07-11-23,Expense,Rnt,7326.0,UPi,Unknown,Online course
T2075,U135,29-09-23,Expense,Foods,1248.0,BankTransfer,lucknow,No Notes
T6458,U132,04/10/2023,Expense,Utilties,3388.0,Bank Transfr,Chennai,misc
T4809,U110,09/21/2024,Expense,Entrtnmnt,4169.0,Card,BANGALORE,No Notes
T13850,U139,2023-12-24,Expense,Foodd,2098.0,upi,Unknown,No Notes
T9919,U104,26-09-24,Expense,Food,4225.0,Card,Kolkata,Internet bill
T4362,U121,07-06-23,Expense,Travel,5192.0,Bank_Transfer,DELHI,!!!
T5955,U133,01/22/2022,Expense,Rnt,4635.0,UPi,CHE,Monthly rent payment
T4697,U004,07-12-22,Expense,Utility,6521.0,Bank_Transfer,Kolkata,Coffee
T9732,U148,2023-02-27,Expense,Rentt,18868.0,Upi,jaipur,Doctor consultation
T2007,U090,22-02-24,Income,Freelance,38115.0,csh,Lucknow,test
T0956,U049,08/08/2023,Expense,TRAVEL,559.0,Cash,KOLKATA,Books
T5414,U136,09/09/2023,Expense,Utlities,9778.0,Card,BANGALORE,!!!
T0082,U119,09/08/2023,Expense,EDU,3402.0,,Jaipur,test
T8156,U061,2021-09-02,Expense,,4232.0,Bank Transfer,Unknown,No Notes
T2328,U006,08/13/2024,Expense,travel,7543.0,cash,JAIPUR,Lunch
T9189,U022,21-01-22,Income,Bonus,48281.0,upi,Unknown,...
T4582,U087,25-08-24,Expense,Rnt,9462.0,Bank_Transfer,JAIPUR,test
T9191,U040,31-03-24,Expense,rent,6386.0,CARD,Bangalore,xyz123
T2159,U026,2023-07-20,Expense,FOOD,7230.0,Bank Transfer,delhi,Restaurant dinner
T1378,U015,2024-10-09,Expense,Utility,8349.0,Crd,JAI,Restaurant dinner
T6133,U131,2022-03-02,Expense,Utilties,5681.0,BankTransfer,bangalore,Restaurant dinner
T8242,U113,20-11-21,Income,Investment,13016.0,card,KOLKATA,Train ticket
T10800,U037,2022-05-16,Expense,Rent,9691.0,card,Chennai,Internet bill
T13719,U060,08/20/2024,Expense,Rnt,9688.0,CASH,BANGALORE,Uber ride
T2825,U026,2024-02-13,Expense,Rent,25526.0,Card,Hyderabad,Gym membership
T11492,U133,2021-12-16,Income,Investment,36033.0,card,ahmedabad,...
T2096,U095,09/13/2024,Expense,Traval,7684.0,Bank Transfr,Unknown,Medicine
T1169,U005,16-11-2021,Expense,Foodd,2231.0,cash,Ahmedabad,Grocery shopping
T5719,U046,2024-11-26,Expense,Foodd,4898.0,Crd,JAIPUR,No Notes
T2243,U148,2024-08-27,Expense,Rentt,42663.0,BankTransfer,Delhi,No Notes
T7487,U109,11-08-2022,Expense,Travl,1963.0,upi,JAI,Monthly rent payment
T13286,U042,2021-12-18,Expense,Entertainment,3596.0,Upi,DELHI,Internet bill
T8400,U045,22-08-22,Expense,food,4321.0,Bank Transfer,AHM,Electricity bill
T13945,U132,15-10-2021,Expense,Foods,269.0,bank transfer,Ahmedabad,Books
T3918,U123,2021-07-22,Expense,Fod,2437.0,UPi,JAI,No Notes
T3576,U026,31-10-21,Expense,rent,1643.0,Cash,Ahmedabad,ATM withdrawal
T7977,U147,01-01-21,Expense,Travl,6381.0,Card,jaipur,Gym membership
T7675,U015,2022-01-18,Expense,Entrtnmnt,6311.0,CASH,hyderabad,No Notes
T2680,U104,02/22/2021,Expense,Rnt,4801.0,upi,Unknown,Coffee
T10693,U142,09-10-2023,Expense,Rent,42113.0,Csh,BANGALORE,Medicine
T1975,U027,07-10-22,Expense,savings,5741.0,BankTransfer,HYD,Electricity bill
T5019,U074,23-04-2023,Expense,Rent,16857.0,Card,JAIPUR,No Notes
T6686,U009,08/26/2021,Expense,education,7656.0,Bank Transfer,Unknown,Electricity bill
T11221,U115,17-04-2022,Expense,,5615.0,Card,chennai,misc
T5200,U011,2021-01-29,Income,Freelance,59567.0,Csh,PUN,Shopping
T12346,U107,24-01-2021,Income,,60673.0,cash,Unknown,Shopping
T11403,U027,2023-06-03,Expense,Food,2067.0,upi,ahmedabad,Medicine
T6991,U056,05-03-2021,Expense,Rnt,1161.0,Card,delhi,test
T12129,U084,05/14/2022,Expense,utilities,4618.0,UPi,Unknown,No Notes
T5623,U066,16-07-21,Expense,Travl,7752.0,Cash,Jaipur,misc
T12460,U079,07-02-24,Expense,Travl,6014.0,CARD,Unknown,Train ticket
T4466,U029,12/07/2021,Expense,Educaton,8854.0,Bank Transfer,Kolkata,No Notes
T0702,U083,02/28/2024,Expense,Rentt,23517.0,BankTransfer,delhi,No Notes
T3424,U065,2021-10-21,Expense,RENT,3764.0,CRD,Bangalore,Lunch
T11619,U045,2023-01-11,Expense,TRAVEL,575.0,csh,Lucknow,Restaurant dinner
T8474,U066,12/16/2021,Expense,Traval,9736.0,Bank_Transfer,KOLKATA,Uber ride
T6216,U041,15-10-22,Expense,Rent,40986.0,Csh,kolkata,ATM withdrawal
T5321,U127,01/14/2023,Expense,Rent,15227.0,Cash,LUCKNOW,Petrol
T4677,U111,2021-12-03,Expense,education,7215.0,Card,pune,asdfgh
T4584,U129,08/19/2021,Expense,Rentt,20747.0,Crd,Unknown,Restaurant dinner
T5532,U120,08/21/2024,Expense,,5959.0,CASH,KOLKATA,Restaurant dinner
T6467,U054,20-07-22,Expense,Food,124.0,Bank_Transfer,HYDERABAD,Fixed deposit
T3458,U134,10/04/2021,Expense,Fod,2624.0,csh,kolkata,Uber ride
T8352,U005,08-01-22,Expense,Food,3737.0,Bank_Transfer,lucknow,test
T2259,U100,04-09-23,Expense,travel,132.0,Csh,HYDERABAD,Shopping
T6286,U123,06-11-24,Income,Freelance,73343.0,BankTransfer,MUM,Petrol
T13198,U003,2023-01-02,Expense,Entrtnmnt,7824.0,Bank_Transfer,JAIPUR,EMI payment
T7948,U058,2024-06-05,Income,Investment,17178.0,CRD,MUMBAI,Electricity bill
T1098,U045,03/19/2023,Expense,Travl,8557.0,bank transfer,Ahmedabad,xyz123
T7969,U014,2022-03-14,Expense,SAVINGS,3176.0,Card,HYD,Monthly rent payment
T10886,U051,05/28/2023,Expense,Traval,9072.0,Bank_Transfer,DEL,Monthly rent payment
T5765,U128,02/03/2022,Expense,Utlities,1052.0,bank transfer,mumbai,No Notes
T1647,U003,09-03-2021,Expense,travel,742.0,upi,kolkata,No Notes
T8990,U033,2021-07-09,Expense,Rentt,14746.0,Bank Transfer,KOLKATA,Shopping
T0948,U121,27-04-23,Expense,health,3412.0,Cash,MUMBAI,Shopping
T12039,U048,2022-06-15,Expense,Rentt,34196.0,Bank_Transfer,MUM,asdfgh
T3054,U086,06/21/2021,Expense,entertainment,7848.0,bank transfer,AHM,Coffee
T6512,U035,08/03/2023,Expense,Entrtnmnt,6997.0,card,AHM,Petrol
T12662,U044,15-09-2022,Expense,RENT,6462.0,CARD,HYDERABAD,xyz123
T9557,U145,2022-12-23,Expense,Rent,40564.0,UPI,AHMEDABAD,Uber ride
T9662,U112,28-01-23,Expense,,6876.0,bank transfer,ahmedabad,Restaurant dinner
T2716,U060,09/14/2021,Expense,Fod,7147.0,UPi,MUM,Movie tickets
T6685,U069,2022-10-13,Expense,Rentt,36242.0,UPi,Unknown,Books
T12477,U105,25-02-2023,Expense,Rent,43992.0,csh,jaipur,ATM withdrawal
T7686,U142,12-02-24,Income,Bonus,79859.0,Bank Transfr,Chennai,Movie tickets
T6501,U063,21-12-2024,Expense,Foods,1694.0,Crd,delhi,Train ticket
T3724,U094,2024-03-17,Expense,travel,975.0,upi,HYDERABAD,xyz123
T1942,U074,27-10-23,Expense,Foodd,3323.0,Csh,PUN,test
T1301,U138,07/31/2021,Expense,FOOD,9440.0,Card,kolkata,Monthly rent payment
T5024,U144,2023-09-06,Expense,TRAVEL,6539.0,UPI,chennai,Train ticket
T4778,U086,31-07-21,Expense,TRAVEL,6763.0,Crd,Unknown,Electricity bill
T3771,U028,05/07/2022,Expense,Travel,1440.0,Upi,DEL,Coffee
T10024,U048,25-12-21,Expense,Traval,6098.0,Card,Lucknow,Online course
T7635,U085,16-09-21,Expense,FOOD,1785.0,Card,Pune,Gym membership
T11293,U017,2021-01-08,Expense,Entertain,5052.0,BankTransfer,Jaipur,No Notes
T8710,U042,22-04-2024,Expense,Utilities,1140.0,Bank Transfr,BAN,Train ticket
T10202,U112,2022-03-24,Expense,Traval,4115.0,CASH,DEL,ATM withdrawal
T3535,U118,2023-04-12,Expense,food,5139.0,UPI,mumbai,test
T12139,U143,11/03/2023,Expense,Foods,2719.0,Bank_Transfer,Bangalore,Monthly rent payment
T11848,U148,2023-03-04,Expense,Travel,6515.0,CASH,LUCKNOW,Internet bill
T10293,U052,07-05-2024,Income,Salary,11581.0,bank transfer,PUN,Coffee
T0696,U019,12/21/2023,Expense,education,583.0,Cash,Lucknow,xyz123
T2402,U073,20-11-23,Expense,Rent,11529.0,Crd,MUMBAI,xyz123
T11440,U132,06/23/2024,Expense,Fod,7307.0,UPi,delhi,Books
T2940,U008,07/09/2022,Expense,Rentt,45399.0,Bank Transfr,BAN,Fixed deposit
T9249,U142,01/22/2023,Expense,Education,5911.0,cash,pune,Uber ride
T4369,U104,10/15/2021,Income,Salary,47584.0,UPI,Mumbai,Online course
T8639,U013,2024-12-13,Expense,RENT,4678.0,Card,lucknow,Train ticket
T6203,U135,16-06-23,Expense,Foods,323.0,,Unknown,Monthly rent payment
T0342,U042,2021-10-27,Income,Freelance,56659.0,csh,BAN,Movie tickets
T11509,U144,01-03-2024,Expense,Rentt,45594.0,bank transfer,Ahmedabad,No Notes
T13768,U113,26-10-22,Expense,Rentt,10026.0,UPI,HYD,...
T5493,U077,20-12-22,Expense,Education,4644.0,card,Ahmedabad,Movie tickets
T5072,U104,2021-09-08,Expense,,8889.0,BankTransfer,DELHI,...
T4239,U097,2022-02-23,Expense,Rentt,999999.0,UPI,AHMEDABAD,Coffee
T13556,U136,07-07-2023,Expense,utilities,6565.0,card,JAI,No Notes
T6891,U075,24-02-2021,Income,Bonus,11443.0,upi,CHE,No Notes
T3044,U080,04-05-2023,Expense,Utility,805.0,UPI,Mumbai,Coffee
T12964,U104,28-07-22,Expense,food,3002.0,Bank_Transfer,HYDERABAD,Train ticket
T10160,U116,02/20/2023,Expense,Traval,6569.0,Card,Chennai,xyz123
T12969,U086,16-09-2022,Expense,education,5980.0,BankTransfer,jaipur,Monthly rent payment
T8260,U026,2023-07-08,Expense,Rent,48918.0,CASH,CHE,Grocery shopping
T0260,U066,03/29/2022,Expense,education,1410.0,bank transfer,MUM,Lunch
T1765,U104,2023-12-17,Income,Bonus,74980.0,Bank Transfr,Jaipur,Fixed deposit
T10086,U135,25-04-23,Expense,HEALTH,357.0,CARD,KOLKATA,Fixed deposit
T3412,U070,18-04-23,Expense,Foods,1370.0,Csh,Unknown,No Notes
T5355,U042,2023-05-09,Expense,entertainment,1200.0,Bank Transfer,JAIPUR,No Notes
T6018,U080,26-02-23,Expense,HEALTH,4382.0,Card,LUCKNOW,Gym membership
T5788,U004,2021-01-13,Expense,entertainment,2668.0,Bank_Transfer,Jaipur,ATM withdrawal
T6273,U071,2023-12-10,Expense,health,8861.0,Bank Transfer,HYD,No Notes
T2939,U051,2022-02-02,Expense,Travel,6148.0,Bank Transfr,Lucknow,misc
T4436,U094,05/27/2022,Expense,utilities,755.0,csh,JAIPUR,No Notes
T9361,U019,2024-06-10,Expense,travel,9112.0,card,HYDERABAD,Coffee
T1248,U099,2021-09-20,Expense,RENT,6348.0,card,Ahmedabad,xyz123
T5054,U094,12-05-2023,Expense,Savings,1468.0,UPi,Chennai,No Notes
T5428,U006,07/19/2022,Expense,Foods,1091.0,Csh,Lucknow,Electricity bill
T13080,U037,11/13/2024,Expense,food,7922.0,bank transfer,CHENNAI,Doctor consultation
T4467,U051,10/17/2023,Expense,HEALTH,7191.0,CASH,Ahmedabad,No Notes
T6913,U086,08/06/2023,Expense,rent,7991.0,CASH,Unknown,Lunch
T10694,U117,11-05-2022,Income,Freelance,40785.0,UPI,Hyderabad,Monthly rent payment
T3236,U078,2021-11-27,Income,Investment,47184.0,Card,DELHI,Grocery shopping
T4474,U141,05/17/2023,Expense,Rent,29469.0,Card,AHM,No Notes
T5376,U117,03/10/2023,Expense,Food,3873.0,,PUNE,Lunch
T2669,U046,31-07-24,Expense,Fod,3445.0,BankTransfer,PUN,EMI payment
T9890,U094,21-01-23,Expense,Entertainment,8545.0,Card,DELHI,Online course
T2691,U098,06/20/2024,Expense,Rnt,9502.0,card,KOL,xyz123
T9398,U019,04/05/2022,Expense,Utilties,4386.0,csh,ahmedabad,Electricity bill
T1530,U117,2023-07-20,Expense,utilities,2635.0,Crd,jaipur,xyz123
T0144,U034,2022-09-11,Income,Investment,31695.0,CARD,DELHI,Grocery shopping
T3978,U021,23-06-23,Expense,HEALTH,5718.0,Csh,Unknown,Uber ride
T2237,U146,2021-12-06,Expense,Health,5865.0,CARD,Ahmedabad,No Notes
T12944,U125,2024-01-21,Expense,Utilties,1012.0,Cash,Kolkata,Books
T2890,U086,23-06-2022,Expense,Foodd,3062.0,CRD,Unknown,No Notes
T12973,U053,2022-07-31,Expense,Rnt,2376.0,Csh,Unknown,!!!
T11768,U025,2024-02-11,Expense,rent,3838.0,CASH,Kolkata,Lunch
T1512,U052,2022-08-01,Expense,Travel,1402.0,Card,kolkata,Movie tickets
T4338,U110,27-12-23,Expense,Utilities,9784.0,cash,Delhi,xyz123
T2854,U039,2024-12-11,Expense,Entrtnmnt,6216.0,Bank Transfr,HYDERABAD,Monthly rent payment
T2694,U010,2021-01-14,Expense,Rentt,27805.0,Crd,BANGALORE,Shopping
T12413,U004,2023-12-06,Expense,health,6854.0,UPi,lucknow,!!!
T0149,U019,25-01-2021,Income,Bonus,32645.0,Cash,Mumbai,Coffee
T8006,U019,2021-08-15,Expense,Entertain,4286.0,Csh,chennai,Internet bill
T12156,U028,10/12/2023,Expense,rent,1920.0,Bank Transfer,mumbai,Restaurant dinner
T12239,U014,02/01/2023,Expense,Rent,14244.0,CRD,hyderabad,No Notes
T3187,U077,2021-11-12,Expense,Rentt,30015.0,Bank_Transfer,DELHI,No Notes
T1418,U027,23-02-2023,Expense,Education,8725.0,CASH,PUNE,Fixed deposit
T12424,U062,12/02/2021,Expense,TRAVEL,8955.0,CRD,CHENNAI,Grocery shopping
T0239,U056,2022-07-06,Expense,Foodd,1685.0,card,LUC,No Notes
T5275,U017,08-05-22,Expense,FOOD,1810.0,BankTransfer,Jaipur,Lunch
T8546,U015,2022-04-10,Expense,Travl,2269.0,Crd,HYD,Gym membership
T3519,U044,23-01-22,Expense,Entrtnmnt,2365.0,cash,lucknow,ATM withdrawal
T10616,U019,01/03/2022,Expense,Savings,8271.0,Crd,MUMBAI,No Notes
T5716,U083,12/20/2024,Expense,Utilities,3170.0,BankTransfer,Pune,asdfgh
T2438,U120,2022-07-10,Expense,FOOD,3926.0,CASH,Unknown,Coffee
T1692,U129,2024-09-24,Expense,Utilities,3624.0,Card,Bangalore,test
T10604,U053,09/06/2024,Expense,rent,3143.0,UPI,Chennai,Shopping
T8644,U001,14-03-22,Expense,TRAVEL,9451.0,UPI,JAI,No Notes
T13813,U081,2022-12-01,Expense,Rentt,39313.0,Upi,Delhi,Movie tickets
T8664,U041,02/07/2024,Expense,Rentt,28033.0,cash,bangalore,Monthly rent payment
T11151,U110,2022-04-22,Expense,Foodd,3246.0,Csh,Hyderabad,No Notes
T13233,U150,06-04-24,Expense,Rent,18307.0,CRD,BAN,misc
T4049,U086,2022-08-18,Expense,Travl,1004.0,CRD,LUCKNOW,No Notes
T8266,U043,11/05/2022,Expense,Foods,3966.0,card,BAN,Movie tickets
T12522,U036,22-08-23,Expense,Travel,6869.0,Csh,Chennai,Online course
T12830,U135,2023-02-27,Expense,Utilities,8122.0,card,AHMEDABAD,ATM withdrawal
T12459,U120,09-03-2021,Expense,Utility,5466.0,card,Chennai,No Notes
T2892,U027,2021-10-07,Expense,Rnt,2101.0,upi,Mumbai,Electricity bill
T10266,U073,15-11-22,Expense,Rent,41970.0,UPI,Kolkata,Fixed deposit
T12940,U093,2022-08-07,Expense,Educaton,793.0,UPi,MUM,Doctor consultation
T3924,U138,05-12-22,Expense,,7819.0,Bank Transfer,Kolkata,misc
T11723,U034,03-03-2022,Expense,EDU,8719.0,card,kolkata,ATM withdrawal
T4410,U068,09/24/2022,Income,Others,38304.0,cash,PUNE,ATM withdrawal
T6517,U105,2023-07-11,Expense,food,6534.0,csh,BANGALORE,Electricity bill
T8977,U101,04-01-2022,Expense,Utlities,2263.0,bank transfer,CHE,Gym membership
T12640,U105,06/05/2022,Expense,Food,3122.0,Crd,DELHI,ATM withdrawal
T3305,U141,01-03-22,Expense,Travel,6516.0,Csh,Unknown,Lunch
T3039,U128,06/20/2023,Expense,Saving,196.0,Upi,CHE,No Notes
T10226,U135,21-08-22,Expense,Utlities,8541.0,,JAI,No Notes
T11662,U057,04/03/2022,Expense,Educaton,1669.0,upi,delhi,Movie tickets
T10970,U068,2024-10-20,Expense,Entertain,8124.0,Card,BANGALORE,No Notes
T13733,U087,24-11-24,Expense,TRAVEL,8872.0,upi,Unknown,!!!
T10109,U085,05-09-2023,Expense,Entrtnmnt,4108.0,Bank Transfer,Delhi,No Notes
T8346,U072,04/15/2021,Expense,entertainment,6963.0,cash,AHM,test
T4512,U068,03/18/2021,Expense,Entertainment,9377.0,upi,Hyderabad,Lunch
T12743,U093,11-09-2023,Expense,food,1066.0,Csh,AHM,Shopping
T9533,U088,2023-07-20,Expense,Rent,5900.0,UPi,PUN,Grocery shopping
T9047,U114,14-08-24,Expense,Savings,5183.0,Upi,HYD,Online course
T13877,U012,25-05-2022,Expense,Utlities,9760.0,bank transfer,Unknown,Monthly rent payment
T12428,U064,2022-04-10,Expense,Health,4283.0,Bank_Transfer,DELHI,test
T2896,U136,20-03-2024,Expense,,3613.0,CASH,PUNE,...
T3372,U006,03/29/2023,Expense,rent,743.0,CRD,Unknown,Fixed deposit
T2436,U048,06-07-23,Expense,Foods,2154.0,CRD,MUMBAI,Shopping
T2790,U115,2021-09-13,Income,Others,26949.0,Card,PUN,Fixed deposit
T6446,U021,2024-05-01,Expense,SAVINGS,162.0,Csh,Chennai,Lunch
T11134,U052,29-04-24,Income,Freelance,28500.0,Crd,MUMBAI,No Notes
T0906,U138,18-04-2024,Income,Salary,44083.0,CASH,HYDERABAD,Gym membership
T4952,U129,2024-02-24,Expense,Rnt,3980.0,Bank_Transfer,Chennai,Uber ride
T0183,U099,17-03-24,Expense,Foodd,2254.0,CASH,BAN,Grocery shopping
T5360,U017,09/11/2024,Expense,Travel,3098.0,cash,MUMBAI,Gym membership
T0023,U054,04/02/2024,Expense,rent,2880.0,UPI,CHE,EMI payment
T4945,U005,18-01-2021,Income,Bonus,79079.0,Bank_Transfer,delhi,Lunch
T13604,U050,07/28/2024,Expense,Foods,2725.0,UPi,AHM,No Notes
T11309,U032,2024-04-10,Expense,Travel,3208.0,UPI,Unknown,Fixed deposit
T6566,U048,2024-08-13,Expense,Fod,8378.0,Card,DEL,misc
T13410,U122,06/15/2022,Expense,savings,407.0,CARD,kolkata,No Notes
T1411,U128,2021-07-15,Income,Salary,28527.0,UPi,JAIPUR,Online course
T13611,U037,2021-11-10,Expense,Traval,4068.0,CARD,bangalore,EMI payment
T6953,U142,2021-02-21,Income,Salary,18885.0,CRD,LUCKNOW,ATM withdrawal
T6088,U022,2022-01-18,Expense,Rentt,22214.0,Bank Transfer,Pune,Coffee
T12823,U092,04/09/2023,Expense,Misc,715.0,CASH,CHENNAI,Doctor consultation
T2043,U108,12/12/2024,Expense,HEALTH,8707.0,Bank Transfr,delhi,Gym membership
T13058,U009,2023-09-30,Income,Others,41429.0,Crd,KOL,Fixed deposit
T4127,U017,01/29/2021,Expense,Health,3520.0,Csh,JAI,No Notes
T2131,U110,2021-07-14,Expense,Foods,3173.0,csh,MUM,test
T13248,U091,07/03/2022,Income,Freelance,59068.0,Cash,Lucknow,Restaurant dinner
T7153,U108,2024-09-28,Expense,Rnt,3515.0,CARD,Hyderabad,...
T3732,U011,06/08/2023,Expense,FOOD,5750.0,BankTransfer,CHE,Train ticket
T5665,U026,12/17/2022,Expense,Rentt,33148.0,,Lucknow,Medicine
T11742,U019,08/23/2023,Expense,Utilities,4381.0,,Unknown,No Notes
T10760,U082,02/23/2021,Expense,Rnt,7257.0,Card,lucknow,Lunch
T11334,U007,2022-11-06,Expense,Rnt,100.0,cash,KOL,Doctor consultation
T3850,U043,19-11-2024,Expense,Rent,47904.0,upi,delhi,Fixed deposit
T3981,U090,2021-10-17,Expense,TRAVEL,5453.0,upi,chennai,Shopping
T11814,U108,03/04/2022,Expense,Travel,7822.0,CARD,Pune,Electricity bill
T1035,U053,09/18/2023,Expense,Entertainment,8985.0,CARD,CHE,...
T3575,U018,22-04-21,Expense,Health,1815.0,BankTransfer,delhi,No Notes
T0554,U064,03-04-21,Expense,savings,2841.0,UPi,HYDERABAD,Coffee
T10979,U001,20-06-22,Income,Freelance,36776.0,Upi,Bangalore,!!!
T3924,U005,21-09-2023,Expense,Rentt,11763.0,cash,jaipur,Books
T5337,U079,2021-03-21,Expense,Foods,2627.0,Bank Transfr,BAN,No Notes
T1929,U057,2024-01-18,Expense,Fod,6245.0,Bank Transfer,PUN,Petrol
T4519,U115,02-10-2024,Expense,Fod,8818.0,,kolkata,Movie tickets
T0744,U009,2022-09-11,Expense,others,597.0,Cash,ahmedabad,Lunch
T1106,U070,2022-09-22,Expense,Travl,1909.0,Upi,Kolkata,Train ticket
T8002,U044,2021-08-06,Expense,Rent,17150.0,Bank Transfer,CHENNAI,misc
T0021,U081,2023-11-14,Income,Salary,945687.0,CRD,hyderabad,No Notes
T12567,U127,2022-05-06,Income,Investment,40009.0,UPi,AHMEDABAD,Train ticket
T6424,U026,04/02/2021,Expense,Food,2670.0,cash,LUC,misc
T3641,U148,08/24/2023,Expense,education,9417.0,card,bangalore,Internet bill
T6919,U060,05/24/2022,Expense,Fod,3463.0,Upi,Unknown,ATM withdrawal
T4943,U140,10-08-23,Expense,Rentt,46116.0,Card,kolkata,!!!
T12550,U128,02/05/2024,Expense,Rnt,2838.0,Crd,JAIPUR,No Notes
T0774,U069,01/02/2022,Expense,RENT,2602.0,upi,Jaipur,Monthly rent payment
T11993,U080,2023-01-22,Expense,Utilities,1453.0,Bank_Transfer,CHE,misc
T0648,U105,21-08-23,Expense,RENT,8903.0,CASH,MUM,ATM withdrawal
T7368,U025,2021-10-29,Expense,Education,5556.0,Cash,Unknown,Grocery shopping
T4715,U062,09-08-2023,Expense,entertainment,7151.0,Card,Pune,Restaurant dinner
T3996,U142,25-11-21,Expense,Rentt,30204.0,bank transfer,CHE,ATM withdrawal
T12675,U085,10-04-24,Income,Investment,23057.0,Crd,DELHI,No Notes
T7147,U122,2021-04-16,Expense,Traval,3078.0,CARD,JAI,asdfgh
T11957,U014,06-12-24,Expense,savings,9136.0,card,CHENNAI,misc
T10550,U043,13-07-22,Expense,food,6818.0,Upi,pune,Books
T11055,U135,04/10/2022,Expense,Education,395.0,Cash,kolkata,ATM withdrawal
T13152,U051,2021-05-18,Expense,Other,3605.0,CASH,hyderabad,EMI payment
T5050,U030,07/05/2023,Expense,Travel,9659.0,Bank_Transfer,LUC,Grocery shopping
T10376,U146,2022-12-19,Expense,rent,4460.0,BankTransfer,Bangalore,!!!
T2279,U113,2021-01-16,Expense,savings,8747.0,,CHE,Fixed deposit
T11253,U102,12/25/2023,Expense,Entertain,4069.0,csh,Ahmedabad,Electricity bill
T6441,U095,2023-03-20,Expense,Utlities,757.0,Upi,Kolkata,Restaurant dinner
T11901,U085,04/07/2023,Expense,Rnt,2582.0,,KOL,Lunch
T1865,U004,08/10/2024,Expense,Utility,1173.0,Upi,HYDERABAD,Electricity bill
T13121,U041,05/31/2021,Expense,Utilities,1820.0,UPI,ahmedabad,misc
T6308,U044,08-02-22,Expense,savings,2055.0,cash,lucknow,Restaurant dinner
T13462,U070,2022-02-27,Expense,Helth,8947.0,Card,PUNE,Monthly rent payment
T11412,U012,2024-05-13,Income,Others,45070.0,CRD,Unknown,Books
T6800,U145,2022-10-29,Expense,Entertain,6690.0,csh,Ahmedabad,Internet bill
T0450,U076,2023-02-09,Expense,HEALTH,5485.0,csh,PUNE,ATM withdrawal
T3958,U091,2021-11-06,Income,Investment,666707.0,,Lucknow,No Notes
T10265,U128,11/07/2021,Income,Bonus,223641.0,,mumbai,No Notes
T6355,U103,2021-10-28,Income,Others,10340.0,CARD,Bangalore,Monthly rent payment
T5308,U130,21-04-24,Expense,FOOD,2507.0,UPI,lucknow,Restaurant dinner
T2538,U122,2022-09-04,Expense,Traval,7087.0,Card,Delhi,Doctor consultation
T0304,U085,2022-08-27,Expense,Educaton,9335.0,Csh,LUC,Monthly rent payment
T12876,U116,2022-01-09,Expense,Foods,490.0,CRD,PUNE,Internet bill
T8496,U086,16-08-22,Expense,RENT,5669.0,Bank Transfr,DELHI,Books
T0989,U091,2024-02-08,Income,Freelance,74617.0,bank transfer,Kolkata,test
T2725,U144,2021-11-15,Expense,Rnt,9872.0,Upi,Jaipur,No Notes
T8134,U053,2022-06-02,Expense,Health,5242.0,Cash,lucknow,Medicine
T4825,U142,02/05/2024,Expense,food,7233.0,Cash,Jaipur,xyz123
T2373,U135,09/20/2023,Expense,Saving,9039.0,CASH,CHE,Medicine
T0018,U071,15-11-22,Expense,SAVINGS,7107.0,Crd,Unknown,Shopping
T2971,U138,2021-01-01,Expense,Rnt,1575.0,bank transfer,LUC,Doctor consultation
T5868,U017,2021-05-16,Expense,rent,9655.0,CRD,Unknown,!!!
T11626,U029,11-06-22,Income,Investment,25865.0,CRD,LUCKNOW,No Notes
T9709,U117,03/19/2024,Expense,Food,4214.0,BankTransfer,ahmedabad,Grocery shopping
T11190,U075,2021-05-13,Expense,savings,8631.0,csh,LUCKNOW,No Notes
T7449,U049,13-01-22,Expense,EDU,8466.0,CASH,BANGALORE,Gym membership
T10492,U012,04/01/2022,Expense,Utilities,6640.0,CARD,hyderabad,No Notes
T10254,U030,2024-07-05,Income,Others,13374.0,,Ahmedabad,Coffee
T7813,U107,2021-10-04,Expense,Rnt,8947.0,Bank_Transfer,ahmedabad,Medicine
T0008,U042,23-12-2023,Expense,Food,2569.0,Cash,Delhi,Fixed deposit
T9170,U086,26-12-2022,Income,Others,36459.0,CARD,pune,Coffee
T7933,U127,24-05-24,Expense,FOOD,2372.0,upi,Jaipur,Uber ride
T5155,U004,2024-04-07,Expense,education,2511.0,CRD,bangalore,Grocery shopping
T6587,U021,06/26/2021,Expense,Travl,7794.0,card,KOL,test
T7118,U045,2021-01-04,Income,Others,15033.0,Cash,Chennai,EMI payment
T12180,U044,2022-02-15,Expense,education,8064.0,Cash,JAI,No Notes
T5585,U111,05/14/2024,Income,Bonus,76472.0,Bank_Transfer,DELHI,asdfgh
T9719,U021,07/03/2024,Expense,,567.0,Upi,MUM,No Notes
T9362,U126,01/17/2022,Expense,health,3707.0,BankTransfer,MUM,xyz123
T1054,U079,17-04-22,Expense,Traval,8765.0,Bank Transfer,KOL,No Notes
T9413,U141,26-08-23,Expense,Traval,9947.0,card,HYDERABAD,asdfgh
T0191,U148,2022-09-04,Expense,entertainment,4759.0,CARD,HYD,Uber ride
T12200,U112,03/26/2021,Expense,utilities,5240.0,UPi,JAIPUR,Fixed deposit
T2344,U017,11-09-24,Expense,food,6839.0,Cash,Jaipur,Train ticket
T0240,U028,06/10/2021,Expense,Fod,8001.0,UPi,Jaipur,Lunch
T8970,U102,06/01/2022,Expense,Traval,7206.0,card,CHENNAI,EMI payment
T13302,U061,12/24/2021,Expense,entertainment,1743.0,,JAI,No Notes
T7029,U074,16-03-2024,Expense,Travel,5495.0,UPI,Unknown,EMI payment
T8431,U100,2023-06-11,Expense,rent,3588.0,cash,PUN,No Notes
T1798,U091,12-12-2024,Expense,Rnt,1857.0,Bank Transfr,HYDERABAD,Grocery shopping
T0849,U019,2022-03-20,Expense,Utilties,8759.0,Csh,kolkata,test
T4103,U025,05-05-24,Expense,Entertainment,3543.0,Bank Transfer,Delhi,Books
T1048,U076,2022-06-01,Expense,Travl,5718.0,upi,MUMBAI,xyz123
T5302,U058,30-12-21,Expense,rent,2023.0,card,Ahmedabad,ATM withdrawal
T2461,U082,07/28/2024,Expense,health,7511.0,CRD,delhi,No Notes
T0011,U147,13-05-22,Expense,Food,2952.0,Cash,hyderabad,Movie tickets
T1711,U009,2023-12-09,Expense,RENT,7945.0,upi,Chennai,!!!
T4798,U005,2024-06-13,Expense,education,5749.0,Crd,Pune,ATM withdrawal
T4404,U010,12/12/2023,Expense,rent,2792.0,csh,delhi,asdfgh
T8609,U149,2024-10-22,Expense,Utility,2188.0,Upi,HYD,Petrol
T6961,U062,08/04/2021,Expense,Entrtnmnt,5631.0,Csh,LUC,asdfgh
T5900,U098,2022-06-10,Expense,Entertain,4897.0,UPi,chennai,Lunch
T9704,U117,2021-10-14,Expense,rent,3449.0,cash,hyderabad,Internet bill
T3239,U025,2024-03-20,Expense,food,2932.0,CASH,Hyderabad,Books
T11234,U135,2021-09-23,Expense,Entrtnmnt,2566.0,upi,KOL,...
T1546,U136,15-12-2024,Expense,Saving,7585.0,Bank_Transfer,JAI,Monthly rent payment
T7073,U117,2022-02-03,Expense,FOOD,644.0,csh,CHENNAI,!!!
T4779,U066,2021-03-29,Expense,Entertain,6127.0,Bank Transfer,ahmedabad,Electricity bill
T13411,U030,2021-07-21,Expense,savings,5515.0,Crd,HYDERABAD,Electricity bill
T10039,U065,2024-04-05,Income,Bonus,76378.0,Upi,Unknown,Uber ride
T5177,U071,2022-10-29,Expense,EDU,7963.0,Crd,Unknown,...
T9661,U085,02-04-2024,Expense,Foodd,1724.0,cash,Jaipur,No Notes
T11233,U014,2023-10-12,Expense,Health,6619.0,Cash,mumbai,Movie tickets
T7305,U082,08-09-22,Expense,Utilities,4838.0,upi,delhi,Restaurant dinner
T11417,U043,2024-10-10,Expense,health,5542.0,Card,LUC,Coffee
T3067,U090,04/05/2024,Expense,Food,1609.0,CARD,Chennai,misc
T2594,U082,02/22/2024,Income,Salary,30349.0,cash,LUCKNOW,No Notes
T1834,U089,2021-01-25,Expense,entertainment,3273.0,Bank_Transfer,Pune,No Notes
T12666,U071,09/26/2021,Expense,Foods,2150.0,card,jaipur,No Notes
T12735,U007,2024-06-24,Expense,utilities,982.0,CRD,delhi,xyz123
T0714,U099,2021-12-19,Expense,entertainment,9521.0,Bank Transfr,Bangalore,No Notes
T5346,U113,2021-10-03,Expense,FOOD,6805.0,CARD,Unknown,No Notes
T7353,U034,05-07-2023,Expense,entertainment,2114.0,,Pune,No Notes
T6596,U139,21-08-23,Expense,Utilities,7812.0,Csh,Mumbai,Petrol
T12705,U129,04-04-23,Expense,Foodd,4648.0,upi,Ahmedabad,No Notes
T4516,U127,07-04-2021,Expense,Traval,2673.0,csh,JAIPUR,No Notes
T11113,U120,2021-08-31,Income,Salary,41519.0,csh,Ahmedabad,No Notes
T9829,U106,2023-12-14,Expense,Fod,8081.0,CRD,Unknown,Gym membership
T11776,U073,2022-02-19,Expense,Traval,9159.0,CRD,Chennai,xyz123
T5891,U142,2021-04-04,Expense,Fod,2770.0,Bank_Transfer,bangalore,Coffee
T11993,U128,03/11/2022,Expense,Entertainment,8821.0,Csh,Hyderabad,Coffee
T12237,U046,13-07-2024,Expense,entertainment,1020.0,,MUMBAI,Electricity bill
T3085,U105,2023-10-01,Expense,Food,698.0,Bank Transfer,Unknown,Grocery shopping
T5747,U073,20-06-2022,Expense,Entertain,8011.0,upi,pune,Internet bill
T4845,U004,01/08/2023,Expense,EDU,9705.0,UPi,LUC,Train ticket
T9664,U078,09/15/2023,Expense,Rent,14844.0,cash,BANGALORE,Petrol
T11537,U095,2022-07-12,Expense,Entertainment,3794.0,card,BAN,!!!
T5848,U058,14-09-2022,Expense,SAVINGS,5908.0,csh,ahmedabad,No Notes
T5422,U013,05/28/2022,Expense,education,3270.0,Bank Transfer,lucknow,Grocery shopping
T6460,U133,20-11-23,Expense,RENT,4186.0,UPi,AHMEDABAD,No Notes
T3307,U092,2024-04-29,Expense,travel,7045.0,csh,HYDERABAD,No Notes
T9327,U054,09/15/2023,Income,Salary,14832.0,cash,CHENNAI,misc
T0434,U036,18-01-2024,Expense,Utlities,6716.0,CASH,bangalore,test
T2232,U146,19-12-23,Expense,RENT,5838.0,CRD,Kolkata,Lunch
T2913,U090,08/23/2024,Expense,,9440.0,Bank_Transfer,delhi,Electricity bill
T7857,U031,2021-09-07,Expense,entertainment,1691.0,Bank Transfer,KOLKATA,Electricity bill
T13510,U136,05/23/2024,Expense,Rnt,2428.0,,HYD,No Notes
T2184,U141,30-10-22,Expense,Rent,23284.0,CARD,mumbai,Electricity bill
T13093,U041,04-01-2022,Expense,Utlities,2064.0,cash,Bangalore,Restaurant dinner
T13446,U107,2022-06-02,Expense,Rent,46496.0,Cash,Ahmedabad,test
T8342,U087,10/09/2023,Expense,utilities,7469.0,BankTransfer,chennai,Electricity bill
T0353,U014,10/18/2023,Income,Investment,22626.0,BankTransfer,AHM,No Notes
T10355,U141,2022-07-29,Expense,RENT,6833.0,card,CHE,EMI payment
T11794,U051,2023-04-21,Income,Investment,49033.0,UPI,Ahmedabad,asdfgh
T4236,U071,11/04/2023,Expense,SAVINGS,6984.0,Upi,DELHI,test
T8236,U026,24-03-2023,Expense,Utilities,5973.0,UPi,kolkata,Internet bill
T3825,U076,2023-01-03,Expense,Travl,3785.0,csh,BANGALORE,Grocery shopping
T6609,U031,06-06-21,Expense,Rnt,5593.0,CARD,lucknow,Restaurant dinner
T2324,U134,2022-08-05,Expense,,7171.0,Csh,delhi,asdfgh
T8772,U142,2022-02-14,Income,Others,34683.0,Bank Transfr,ahmedabad,Train ticket
T8153,U094,14-01-23,Expense,TRAVEL,230.0,UPI,BAN,Movie tickets
T7028,U024,2021-06-02,Expense,rent,8810.0,Crd,LUC,Restaurant dinner
T0499,U070,2021-01-08,Expense,Fod,8702.0,UPI,MUMBAI,Internet bill
T12445,U127,2024-10-14,Expense,Traval,1635.0,csh,DELHI,ATM withdrawal
T0195,U020,27-07-2021,Expense,food,920.0,,Hyderabad,...
T3821,U062,26-09-21,Expense,Rent,11591.0,Crd,Mumbai,No Notes
T2975,U030,2022-10-25,Expense,Foodd,1131.0,CRD,Pune,Train ticket
T9932,U019,2023-03-11,Expense,Utilties,709.0,CARD,KOL,Train ticket
T7688,U024,01/08/2021,Expense,Utilties,5458.0,UPi,PUNE,Gym membership
T0951,U077,10/10/2021,Expense,FOOD,921.0,Csh,BANGALORE,Books
T2234,U117,2021-04-30,Expense,food,427.0,card,BAN,Coffee
T5032,U108,03/10/2024,Expense,Entertain,7947.0,Upi,Unknown,Movie tickets
T4366,U099,05/30/2021,Expense,Rnt,1012.0,Bank_Transfer,DEL,Restaurant dinner
T6397,U029,05-03-21,Expense,,1609.0,cash,Unknown,Uber ride
T1052,U109,01/03/2024,Expense,Entrtnmnt,5363.0,upi,HYDERABAD,Fixed deposit
T0003,U097,24-08-22,Expense,health,850.0,Card,ahmedabad,misc
T2901,U091,22-01-23,Income,Investment,37262.0,CASH,Ahmedabad,Books
T5105,U042,08/02/2022,Income,Others,37998.0,Upi,KOLKATA,...
T2861,U144,2023-11-08,Expense,Utilities,8528.0,,HYDERABAD,Train ticket
T7460,U013,01-04-23,Expense,Entertainment,788.0,Bank Transfr,MUM,Books
T11739,U139,2022-01-12,Expense,education,351.0,Upi,AHMEDABAD,No Notes
T10624,U050,2023-12-10,Expense,Entrtnmnt,7226.0,Upi,kolkata,Petrol
T9733,U060,2023-05-07,Expense,,3546.0,Cash,chennai,No Notes
T0205,U099,01-06-2024,Expense,RENT,7519.0,Upi,JAI,Books
T3235,U118,2022-07-29,Expense,FOOD,9521.0,CASH,kolkata,Grocery shopping
T10455,U044,08/08/2023,Expense,Rent,43044.0,Cash,Hyderabad,Movie tickets
T4225,U086,17-12-21,Expense,Utlities,4915.0,Csh,ahmedabad,misc
T13531,U001,04/13/2024,Income,Salary,79454.0,CASH,Unknown,Lunch
T3459,U038,2023-09-13,Expense,food,2545.0,upi,Pune,Uber ride
T7968,U030,20-06-22,Expense,food,4500.0,card,DELHI,Fixed deposit
T10244,U079,2023-07-01,Expense,Utlities,6730.0,,chennai,Grocery shopping
T0204,U002,04/10/2021,Expense,Utility,3003.0,CASH,LUCKNOW,No Notes
T7381,U044,08-12-2022,Expense,Entertain,1418.0,,PUNE,Train ticket
T7128,U099,2024-02-22,Expense,Health,6427.0,bank transfer,HYDERABAD,Restaurant dinner
T7221,U101,14-08-22,Expense,food,3358.0,card,HYD,!!!
T1561,U012,05-04-2024,Expense,Rnt,5725.0,UPI,mumbai,Coffee
T1994,U111,04-04-21,Expense,education,2326.0,upi,Unknown,misc
T10535,U115,2024-11-04,Expense,Helth,402.0,bank transfer,Delhi,xyz123
T12484,U047,14-02-22,Expense,food,5993.0,cash,bangalore,Doctor consultation
T11930,U097,2022-12-26,Expense,food,4931.0,Csh,lucknow,Coffee
T7057,U035,09-08-22,Expense,Foodd,4832.0,Card,Unknown,misc
T13422,U101,09-01-2021,Expense,Fod,1091.0,Cash,KOL,Petrol
T2108,U135,01-03-2024,Expense,Travl,6955.0,Bank_Transfer,pune,Petrol
T12159,U112,22-03-23,Expense,Entertainment,3334.0,CARD,Kolkata,No Notes
T11487,U098,16-12-24,Expense,savings,5114.0,bank transfer,MUMBAI,No Notes
T9859,U082,12-06-23,Expense,Foods,999999.0,Upi,CHE,Gym membership
T9906,U123,06/27/2022,Expense,Foodd,4734.0,Cash,DEL,No Notes
T13804,U011,2023-11-18,Expense,Foods,1199.0,Upi,Bangalore,Internet bill
T10759,U074,15-06-2021,Expense,Helth,5092.0,bank transfer,Unknown,test
T9880,U083,07-04-22,Expense,Utilties,1246.0,UPI,hyderabad,ATM withdrawal
T13136,U121,2022-02-26,Expense,TRAVEL,5167.0,cash,hyderabad,Coffee
T8706,U110,02/28/2023,Income,Freelance,35111.0,CARD,hyderabad,No Notes
T11378,U095,18-03-24,Income,Freelance,29973.0,Bank Transfer,AHMEDABAD,misc
T2308,U131,19-03-21,Expense,FOOD,3124.0,Bank Transfr,Pune,Uber ride
T5328,U060,08/22/2023,Expense,savings,9530.0,upi,Hyderabad,test
T2919,U096,2021-10-11,Income,Bonus,31487.0,upi,delhi,Grocery shopping
T12211,U140,2023-06-26,Income,Freelance,49188.0,Crd,Bangalore,Internet bill
T11004,U045,06-04-22,Expense,utilities,6870.0,CASH,PUNE,Medicine
T6320,U006,02-04-21,Expense,RENT,3896.0,card,Unknown,Movie tickets
T7311,U044,09-08-2023,Expense,TRAVEL,7285.0,,LUCKNOW,Monthly rent payment
T8415,U076,02/17/2023,Expense,Rentt,6026.0,Crd,LUC,!!!
T10757,U005,2022-11-03,Expense,TRAVEL,8001.0,UPi,LUCKNOW,Gym membership
T13655,U127,02/27/2023,Expense,Foodd,3228.0,UPI,mumbai,Fixed deposit
T6373,U061,2024-06-12,Expense,Food,3531.0,Bank Transfer,Unknown,Doctor consultation
T5902,U100,12-07-24,Expense,entertainment,8711.0,cash,CHENNAI,Gym membership
T4333,U145,2023-05-11,Expense,Entrtnmnt,8024.0,CRD,Chennai,Books
T8784,U058,12/15/2022,Expense,food,5877.0,card,Unknown,Electricity bill
T10674,U093,2021-06-23,Expense,utilities,2253.0,card,Chennai,Movie tickets
T4427,U112,08/16/2024,Expense,Fod,8697.0,Crd,Unknown,Online course
T11986,U053,09-04-23,Expense,RENT,7957.0,CASH,jaipur,Internet bill
T3594,U001,2022-02-26,Expense,Foods,3404.0,Bank Transfer,HYDERABAD,No Notes
T6805,U126,2021-05-16,Expense,RENT,2108.0,BankTransfer,LUC,!!!
T7795,U113,2022-04-08,Expense,Utilties,1850.0,csh,Bangalore,ATM withdrawal
T13406,U023,07-03-2021,Expense,rent,976.0,Cash,PUNE,...
T4053,U111,2021-04-03,Expense,Rent,45370.0,Csh,BAN,Books
T2605,U121,20-02-2021,Expense,utilities,5814.0,Bank Transfr,Ahmedabad,Online course
T5960,U026,09-10-2021,Expense,utilities,8030.0,CRD,Jaipur,ATM withdrawal
T10475,U028,2021-07-23,Expense,Rnt,7230.0,card,mumbai,No Notes
T13346,U062,10/18/2021,Expense,HEALTH,5335.0,,delhi,Gym membership
T3124,U122,26-10-23,Expense,Travl,5225.0,Upi,BAN,No Notes
T0334,U074,2021-04-07,Expense,Fod,8870.0,card,MUMBAI,No Notes
T0050,U102,04-11-22,Income,Investment,73956.0,,Unknown,Gym membership
T11535,U138,11/01/2022,Expense,travel,1570.0,cash,Delhi,Electricity bill
T5704,U110,2024-08-16,Expense,Entertainment,6769.0,Csh,JAIPUR,No Notes
T7829,U133,2023-05-13,Expense,Travl,3019.0,BankTransfer,DEL,Electricity bill
T2354,U126,06/04/2024,Expense,Rentt,21559.0,BankTransfer,kolkata,No Notes
T13729,U014,2021-05-31,Expense,Foods,1226.0,csh,MUMBAI,asdfgh
T4325,U073,07/15/2021,Expense,Food,934.0,Crd,MUM,No Notes
T8963,U040,03/24/2023,Expense,Traval,8640.0,Bank_Transfer,Pune,No Notes
T3590,U020,07/23/2023,Expense,Travl,4311.0,upi,LUCKNOW,Doctor consultation
T10213,U082,2022-08-04,Expense,Entrtnmnt,9049.0,UPI,MUM,...
T0384,U119,08/19/2024,Expense,TRAVEL,7771.0,card,KOL,Internet bill
T8441,U002,29-04-2023,Expense,Education,9076.0,Csh,Chennai,Fixed deposit
T9592,U094,07/13/2022,Expense,Entrtnmnt,6332.0,Bank Transfer,chennai,Grocery shopping
T12396,U008,20-05-24,Expense,SAVINGS,7660.0,Card,BANGALORE,Medicine
T12253,U072,03/05/2023,Income,Investment,19028.0,Bank_Transfer,JAIPUR,No Notes
T11717,U068,07-05-2024,Expense,Rnt,1475.0,Csh,MUMBAI,Books
T11686,U146,2021-02-27,Expense,TRAVEL,5885.0,upi,chennai,xyz123
T3221,U134,2021-03-01,Expense,Entertainment,8794.0,Crd,AHM,Grocery shopping
T11769,U100,2023-11-27,Expense,Utility,4838.0,Crd,kolkata,Monthly rent payment
T10507,U062,17-03-24,Expense,Foodd,798.0,Upi,LUCKNOW,EMI payment
T13460,U029,05/20/2021,Expense,Health,9628.0,,MUMBAI,Monthly rent payment
T7757,U003,2024-08-12,Income,Others,41460.0,upi,delhi,Electricity bill
T2512,U068,2023-08-23,Expense,entertainment,9180.0,Csh,BANGALORE,No Notes
T13790,U013,30-10-2023,Expense,Rent,9615.0,Crd,Delhi,No Notes
T7546,U133,12-03-21,Expense,Travl,9903.0,Bank Transfer,PUNE,xyz123
T13978,U001,07-02-2021,Expense,TRAVEL,956.0,card,MUMBAI,Coffee
T10034,U077,18-03-2024,Expense,utilities,9781.0,card,Kolkata,Doctor consultation
T6984,U006,08/25/2023,Expense,Utility,9767.0,card,Chennai,Online course
T13305,U122,24-02-21,Expense,Entertain,3693.0,cash,bangalore,Fixed deposit
T5074,U104,10/03/2022,Expense,Entertainment,2998.0,UPI,AHM,No Notes
T2554,U034,10/15/2024,Expense,Utilities,6291.0,CARD,Unknown,Electricity bill
T12057,U121,03/30/2024,Income,Bonus,77481.0,BankTransfer,Kolkata,Lunch
T6967,U065,11/13/2022,Expense,FOOD,2883.0,CARD,Delhi,Movie tickets
T7700,U132,03-11-21,Expense,Food,4582.0,card,Jaipur,No Notes
T9116,U081,2023-03-22,Expense,,4680.0,,LUCKNOW,Uber ride
T13250,U076,03/06/2021,Expense,Entertainment,5125.0,UPi,DEL,Electricity bill
T4575,U094,2021-10-05,Expense,food,9451.0,UPI,delhi,Movie tickets
T2930,U078,2023-03-21,Expense,Utilities,1636.0,cash,Ahmedabad,No Notes
T0593,U117,2023-06-18,Expense,Travel,8182.0,bank transfer,Hyderabad,Train ticket
T11545,U069,11-02-2024,Expense,Helth,9075.0,CRD,KOL,Medicine
T8728,U019,2022-03-02,Expense,Rent,10018.0,BankTransfer,JAI,No Notes
T6180,U119,08/23/2024,Expense,food,7719.0,csh,LUCKNOW,xyz123
T7229,U095,2024-01-15,Expense,savings,7624.0,Card,Chennai,No Notes
T12555,U143,09-01-2023,Income,Freelance,28988.0,Crd,Lucknow,No Notes
T11613,U073,11/16/2021,Expense,Utilties,9109.0,UPi,JAI,test
T7408,U077,2021-02-20,Expense,Travel,780.0,card,DELHI,Online course
T11274,U094,2024-03-31,Expense,Entrtnmnt,1980.0,Card,Chennai,Online course
T1816,U035,02/10/2023,Expense,TRAVEL,4300.0,Card,CHENNAI,Movie tickets
T7881,U011,2023-10-26,Income,Salary,11610.0,CARD,hyderabad,Lunch
T10939,U065,2021-02-10,Expense,Food,2464.0,CASH,Pune,Online course
T4017,U069,09/02/2021,Expense,,999999.0,,AHM,test
T5280,U130,2022-05-08,Expense,Rent,15269.0,card,Unknown,No Notes
T4057,U079,2021-02-27,Expense,HEALTH,2395.0,,pune,Fixed deposit
T7513,U114,04-12-23,Expense,Misc,2633.0,UPI,JAIPUR,Medicine
T4345,U098,08/24/2023,Expense,RENT,9805.0,card,Hyderabad,Grocery shopping
T7673,U103,11-07-24,Expense,TRAVEL,7790.0,upi,mumbai,test
T11795,U061,2024-12-16,Expense,Rentt,31237.0,csh,MUMBAI,No Notes
T12252,U081,2022-08-12,Expense,travel,6381.0,Upi,Lucknow,Grocery shopping
T2811,U110,17-03-2024,Income,Investment,11646.0,,JAI,No Notes
T3118,U019,01/09/2024,Expense,Food,4184.0,BankTransfer,LUCKNOW,ATM withdrawal
T12447,U053,2024-04-29,Income,Freelance,22105.0,CRD,bangalore,asdfgh
T0034,U063,2021-06-27,Expense,EDU,8198.0,Upi,LUCKNOW,Lunch
T11983,U007,2021-03-09,Expense,SAVINGS,6004.0,Bank Transfr,Bangalore,xyz123
T1660,U048,2022-02-23,Expense,Foodd,585.0,Cash,KOL,...
T10408,U113,2024-08-09,Expense,Rentt,5275.0,UPi,LUCKNOW,misc
T1059,U148,02/10/2023,Expense,food,9726.0,Cash,JAI,No Notes
T8584,U119,02/14/2024,Expense,Health,6742.0,upi,JAI,No Notes
T1879,U037,2022-09-21,Expense,Rent,19462.0,Card,Unknown,misc
T0529,U117,2022-12-22,Expense,Entrtnmnt,2980.0,Crd,KOLKATA,...
T3057,U127,2022-02-27,Expense,Utilties,3824.0,cash,Delhi,Restaurant dinner
T13259,U109,2024-01-16,Expense,Rentt,38553.0,card,MUM,misc
T3152,U046,23-08-21,Expense,Rent,10050.0,Bank Transfer,Ahmedabad,Grocery shopping
T3696,U109,2021-04-16,Expense,Utlities,5786.0,CARD,Bangalore,Coffee
T3006,U086,2022-03-29,Expense,FOOD,4385.0,,Kolkata,No Notes
T12745,U119,08/12/2022,Expense,Travl,3096.0,BankTransfer,PUN,EMI payment
T8804,U037,2023-12-13,Expense,Rnt,3820.0,,chennai,Online course
T3658,U057,2024-02-13,Expense,education,7698.0,Bank Transfr,DELHI,Coffee
T4483,U113,2021-06-27,Income,Salary,27406.0,cash,DEL,Lunch
T6049,U149,02-09-23,Income,Others,20102.0,,Delhi,misc
T7676,U088,06/17/2023,Expense,RENT,1590.0,CASH,Delhi,Internet bill
T12726,U042,21-01-22,Income,Investment,18434.0,BankTransfer,jaipur,No Notes
T8446,U142,26-08-24,Expense,Utlities,3972.0,upi,Chennai,Movie tickets
T4883,U055,07/28/2022,Expense,travel,9254.0,BankTransfer,chennai,EMI payment
T7291,U146,31-01-2021,Expense,Utilties,8629.0,Upi,Jaipur,Internet bill
T2199,U114,2022-10-07,Expense,Educaton,6158.0,UPi,Ahmedabad,No Notes
T4559,U037,01/12/2023,Expense,Health,2897.0,Csh,chennai,Lunch
T13782,U054,19-08-2023,Expense,education,6768.0,Cash,Unknown,No Notes
T0512,U031,2024-12-12,Expense,Travl,1836.0,Card,bangalore,Online course
T4266,U072,05/18/2024,Income,Bonus,33323.0,CRD,Hyderabad,No Notes
T5147,U011,26-10-23,Income,Freelance,29233.0,upi,BAN,Grocery shopping
T7992,U146,04/02/2024,Expense,Entertainment,3832.0,,kolkata,Uber ride
T0710,U061,2024-06-08,Income,Others,57203.0,CARD,BANGALORE,misc
T11976,U137,2024-08-29,Expense,Utilities,3017.0,CASH,chennai,EMI payment
T13584,U028,20-12-24,Income,Bonus,13551.0,UPI,Mumbai,No Notes
T9416,U076,18-09-24,Expense,Foodd,2511.0,UPI,HYDERABAD,!!!
T6499,U066,30-08-23,Expense,Utlities,5347.0,UPi,LUC,No Notes
T12458,U120,08/21/2022,Expense,Food,1245.0,card,hyderabad,test
T11363,U043,11/11/2024,Expense,Foods,2435.0,BankTransfer,CHE,ATM withdrawal
T1801,U113,04/05/2024,Expense,Foodd,2555.0,Cash,Jaipur,test
T4027,U072,2023-12-23,Expense,Foodd,1822.0,,Delhi,Monthly rent payment
T7105,U084,09/30/2022,Expense,Utilities,8431.0,CASH,PUNE,test
T13576,U050,05-02-2023,Expense,utilities,9942.0,card,Lucknow,Uber ride
T12978,U037,07/20/2022,Expense,Foods,2325.0,CARD,lucknow,Electricity bill
T12922,U141,12/15/2023,Expense,FOOD,3056.0,CARD,AHM,No Notes
T0387,U028,2021-02-06,Expense,Rnt,6737.0,bank transfer,LUC,misc
T9896,U102,10/02/2023,Expense,RENT,7975.0,upi,Bangalore,test
T8638,U112,2023-07-20,Expense,Health,3428.0,Card,BAN,Gym membership
T8964,U139,2023-05-26,Expense,Entertain,8529.0,Card,Unknown,Books
T1113,U120,2023-05-01,Expense,Utilities,7800.0,bank transfer,DEL,Medicine
T6280,U125,2024-05-11,Expense,Rnt,1146.0,Crd,Chennai,...
T8544,U142,2021-06-03,Expense,travel,3417.0,,KOL,misc
T8025,U071,2024-10-14,Income,Others,74866.0,upi,pune,Grocery shopping
T3076,U077,04/24/2023,Expense,,7445.0,Crd,pune,Movie tickets
T5671,U138,2024-11-07,Expense,SAVINGS,212.0,CRD,MUMBAI,EMI payment
T9819,U094,2024-01-31,Expense,,6582.0,cash,chennai,No Notes
T11114,U139,05/05/2024,Expense,Rentt,5585.0,CRD,Lucknow,No Notes
T9309,U133,2021-12-05,Expense,Entrtnmnt,2103.0,Cash,jaipur,asdfgh
T5039,U066,02/27/2022,Expense,Rnt,1897.0,csh,Chennai,Books
T10114,U109,01/28/2021,Expense,travel,7208.0,Card,JAIPUR,Electricity bill
T12325,U052,12-11-2021,Expense,Food,1702.0,Cash,KOLKATA,No Notes
T8234,U011,27-01-23,Income,Others,35843.0,Card,kolkata,No Notes
T11279,U104,04/27/2022,Expense,Travl,2694.0,bank transfer,lucknow,Grocery shopping
T9967,U096,12-06-2024,Expense,food,1435.0,CASH,ahmedabad,Coffee
T2604,U092,26-04-2021,Income,Investment,28864.0,cash,Pune,Fixed deposit
T5562,U105,2024-02-23,Expense,RENT,8555.0,CASH,AHMEDABAD,Uber ride
T8636,U095,2023-12-23,Expense,Entrtnmnt,6232.0,Cash,CHE,test
T10311,U135,04/02/2024,Expense,,366.0,Bank Transfr,DEL,Medicine
T8766,U023,07/04/2023,Expense,rent,5668.0,Crd,MUMBAI,ATM withdrawal
T11017,U031,07-11-21,Expense,FOOD,5967.0,Bank_Transfer,Unknown,Coffee
T9743,U026,12/01/2021,Expense,Rnt,9788.0,upi,AHM,Lunch
T7071,U085,07-09-2021,Expense,Travl,9882.0,Card,Unknown,Monthly rent payment
T12026,U129,2024-10-22,Expense,Foodd,3229.0,Crd,hyderabad,Medicine
T5922,U063,2024-06-18,Expense,Foods,2932.0,cash,Hyderabad,EMI payment
T9559,U092,2024-01-23,Expense,food,9486.0,cash,AHMEDABAD,No Notes
T8065,U059,2022-04-17,Expense,Fod,2645.0,Card,Bangalore,...
T9346,U044,28-07-2023,Expense,,7819.0,Csh,BAN,Lunch
T13268,U060,2024-02-02,Expense,Entertain,7262.0,,HYD,!!!
T1640,U048,10/02/2024,Expense,Foods,88.0,CRD,hyderabad,Movie tickets
T4290,U018,2024-09-03,Expense,Savings,7116.0,csh,AHMEDABAD,Gym membership
T7048,U020,2024-03-20,Expense,RENT,8394.0,,Jaipur,Coffee
T10216,U022,2024-07-23,Income,Freelance,45368.0,UPI,Unknown,No Notes
T13637,U129,03/10/2022,Expense,rent,8370.0,Bank Transfer,LUCKNOW,Train ticket
T11307,U026,06-04-2021,Income,Freelance,37473.0,upi,Hyderabad,No Notes
T12487,U092,16-10-2021,Expense,Foodd,1834.0,CASH,kolkata,No Notes
T7097,U013,03/10/2021,Expense,Utility,9425.0,UPi,chennai,asdfgh
T12295,U131,08-11-21,Expense,Entertainment,8896.0,BankTransfer,chennai,!!!
T11657,U131,2021-02-12,Expense,Rent,16334.0,CRD,Lucknow,No Notes
T2367,U044,2024-01-23,Expense,utilities,134.0,csh,CHE,Coffee
T9933,U127,04-11-21,Expense,Rent,10249.0,CRD,hyderabad,Internet bill
T6802,U101,20-10-22,Expense,Utilities,1915.0,UPI,kolkata,No Notes
T9233,U068,02/23/2023,Expense,Entertain,5947.0,BankTransfer,Mumbai,Petrol
T7926,U073,2024-07-31,Expense,Travl,8012.0,Card,mumbai,Internet bill
T10929,U095,29-02-24,Expense,Entertainment,5658.0,Card,KOL,No Notes
T7272,U150,03/10/2021,Expense,Foodd,3488.0,CRD,MUMBAI,...
T7964,U142,2023-05-18,Income,Investment,13052.0,UPI,Lucknow,EMI payment
T2955,U056,04/01/2021,Expense,Utility,8306.0,CRD,Unknown,Fixed deposit
T12444,U111,18-12-21,Expense,utilities,5784.0,Csh,mumbai,No Notes
T5904,U024,2024-11-19,Expense,Utility,2657.0,Upi,Lucknow,misc
T10578,U102,01/11/2023,Expense,Foods,3781.0,card,chennai,No Notes
T6403,U060,12/23/2021,Expense,Rent,47976.0,Upi,Mumbai,Shopping
T2981,U091,24-03-21,Expense,RENT,5786.0,Bank Transfr,LUC,Electricity bill
T0755,U024,16-07-2024,Expense,Foodd,3894.0,Bank Transfr,DELHI,Grocery shopping
T0557,U107,2022-07-20,Expense,travel,2114.0,Upi,Mumbai,No Notes
T2024,U131,2021-01-05,Expense,SAVINGS,9248.0,upi,KOL,Restaurant dinner
T3947,U052,2021-09-07,Expense,travel,9506.0,card,HYD,Movie tickets
T0867,U085,2024-03-11,Expense,Fod,5713.0,BankTransfer,Chennai,Fixed deposit
T10729,U128,2021-11-20,Expense,RENT,5021.0,CRD,Delhi,misc
T4339,U086,2021-03-01,Expense,rent,2892.0,Upi,HYD,...
T3465,U098,2024-06-14,Income,Salary,72760.0,csh,CHENNAI,Gym membership
T4449,U054,04-01-22,Expense,Entrtnmnt,7513.0,card,pune,misc
T1042,U130,08/19/2021,Expense,Utility,5725.0,CASH,lucknow,Monthly rent payment
T10734,U023,01/27/2022,Expense,Education,8687.0,CASH,BANGALORE,Internet bill
T0913,U001,2022-05-25,Expense,Travel,459.0,UPi,DEL,Movie tickets
T11653,U009,06/25/2024,Expense,food,836.0,CARD,LUCKNOW,Petrol
T6969,U002,03/17/2023,Income,Investment,52187.0,card,HYD,Fixed deposit
T5416,U027,2024-12-27,Income,Freelance,27050.0,bank transfer,Lucknow,asdfgh
T1963,U062,13-04-21,Expense,Rentt,15540.0,CARD,PUNE,Fixed deposit
T12607,U036,25-05-23,Expense,rent,7243.0,UPI,KOLKATA,No Notes
T1526,U055,2023-05-28,Expense,Fod,5205.0,BankTransfer,Chennai,Electricity bill
T4896,U114,25-12-21,Expense,education,9090.0,,ahmedabad,Electricity bill
T10192,U122,11/28/2023,Expense,entertainment,5284.0,CARD,Pune,Books
T13010,U116,02/20/2023,Expense,Helth,3577.0,Bank_Transfer,Delhi,!!!
T13526,U013,2021-09-15,Expense,FOOD,2966.0,csh,LUC,No Notes
T10374,U120,01/23/2024,Expense,Fod,3368.0,cash,bangalore,Gym membership
T13447,U006,2024-05-14,Expense,education,2104.0,,PUN,Gym membership
T7791,U052,2023-01-27,Income,Investment,43225.0,bank transfer,AHMEDABAD,No Notes
T6078,U144,06/23/2024,Expense,Education,2316.0,Bank Transfr,Pune,No Notes
T10990,U137,02/06/2024,Expense,others,1141.0,CARD,Unknown,!!!
T7423,U141,29-07-2022,Expense,Utility,380.0,Bank Transfer,Unknown,No Notes
T5251,U065,08-02-22,Expense,food,3808.0,BankTransfer,BANGALORE,asdfgh
T4801,U012,2023-08-15,Expense,travel,4073.0,Bank Transfer,AHM,No Notes
T10752,U023,2024-05-15,Expense,EDU,5254.0,Card,PUNE,Doctor consultation
T10153,U126,2022-10-01,Expense,Foods,4409.0,CASH,JAIPUR,Petrol
T1844,U131,2023-02-04,Expense,Utility,922.0,card,chennai,No Notes
T9631,U071,03-01-24,Expense,Utilties,4331.0,,AHM,Restaurant dinner
T6187,U101,19-06-2023,Expense,Rent,8228.0,UPI,lucknow,xyz123
T7639,U107,09/07/2023,Expense,food,8137.0,Card,kolkata,...
T2330,U108,16-12-2023,Expense,Foods,480.0,BankTransfer,LUCKNOW,misc
T6765,U080,23-11-24,Expense,Rent,12152.0,Crd,chennai,Electricity bill
T10083,U107,27-08-22,Expense,travel,7115.0,cash,HYDERABAD,Fixed deposit
T13853,U015,2024-02-07,Expense,utilities,7251.0,card,jaipur,Petrol
T6465,U037,2023-09-05,Expense,Rentt,14034.0,UPi,MUM,xyz123
T3091,U065,06/09/2022,Expense,SAVINGS,5218.0,,Bangalore,Books
T13714,U041,2021-11-29,Income,Salary,54235.0,csh,Mumbai,Online course
T5170,U127,28-07-2023,Expense,rent,2690.0,UPI,HYD,No Notes
T11872,U035,05/16/2024,Income,Freelance,44683.0,bank transfer,Delhi,Internet bill
T8494,U145,2021-03-05,Expense,Food,1530.0,csh,chennai,Uber ride
T3509,U097,01/25/2023,Expense,food,7860.0,Upi,JAIPUR,Gym membership
T2964,U050,11/25/2021,Income,Salary,52808.0,Csh,lucknow,test
T3829,U071,2022-01-23,Expense,Travl,5090.0,Cash,HYD,Shopping
T10668,U096,06-01-23,Expense,Traval,2145.0,card,BAN,No Notes
T4537,U108,23-10-23,Expense,Rentt,49692.0,Cash,Ahmedabad,Doctor consultation
T13396,U029,24-02-2022,Expense,Foodd,3821.0,CASH,Ahmedabad,No Notes
T10716,U137,12/24/2021,Expense,utilities,8833.0,Csh,Kolkata,Movie tickets
T0223,U060,2023-01-27,Expense,Utlities,7548.0,csh,kolkata,Coffee
T3278,U114,01/02/2022,Expense,TRAVEL,3211.0,Upi,Delhi,Uber ride
T2137,U148,12-04-24,Expense,Helth,7302.0,cash,DEL,...
T13310,U131,2022-06-20,Expense,Education,2654.0,,BANGALORE,Lunch
T12659,U013,03/30/2024,Expense,Fod,633.0,UPi,LUCKNOW,No Notes
T3637,U087,2022-11-12,Income,Bonus,11408.0,csh,KOL,Online course
T7630,U061,16-06-2024,Expense,rent,682.0,Bank Transfr,kolkata,misc
T8865,U134,01-09-2022,Expense,Rnt,3593.0,CARD,HYD,No Notes
T3093,U039,04/05/2024,Income,Others,24961.0,,chennai,Uber ride
T9087,U074,2023-11-03,Expense,food,8845.0,BankTransfer,Pune,No Notes
T1068,U136,01-01-24,Income,Salary,27777.0,CARD,Unknown,No Notes
T5861,U030,2022-02-10,Expense,Travel,9434.0,UPi,Delhi,asdfgh
T0826,U074,2021-03-28,Expense,Rnt,9917.0,bank transfer,delhi,misc
T1345,U105,06/03/2024,Expense,Educaton,7155.0,Csh,Unknown,No Notes
T6330,U030,10/15/2023,Expense,travel,9035.0,BankTransfer,Unknown,Train ticket
T5000,U003,2022-02-06,Income,Investment,11162.0,,Mumbai,xyz123
T8682,U104,10-01-22,Expense,RENT,1774.0,,jaipur,asdfgh
T2491,U011,01/23/2022,Expense,,8534.0,Upi,Chennai,Uber ride
T13161,U031,05/08/2021,Expense,Rentt,29086.0,Csh,LUC,No Notes
T10572,U064,15-05-2021,Expense,Educaton,6479.0,CASH,Kolkata,xyz123
T2009,U095,2021-11-02,Income,Others,68265.0,Crd,BANGALORE,Train ticket
T1469,U124,03/25/2024,Expense,travel,5852.0,Bank Transfr,Lucknow,Books
T5823,U145,2023-03-29,Expense,Education,4723.0,,mumbai,EMI payment
T6010,U060,04/01/2022,Expense,Entertain,1929.0,UPI,AHMEDABAD,Lunch
T12040,U030,2023-02-16,Expense,travel,9939.0,,hyderabad,Gym membership
T12561,U084,09/08/2022,Expense,Foods,3918.0,UPI,lucknow,Internet bill
T8695,U084,04/24/2024,Expense,travel,7685.0,cash,Ahmedabad,Train ticket
T12024,U033,05/31/2022,Expense,Utilties,332.0,upi,LUCKNOW,Monthly rent payment
T13777,U136,08/12/2024,Expense,rent,8307.0,CRD,BANGALORE,Monthly rent payment
T10943,U014,08-01-2022,Expense,savings,3600.0,UPI,KOL,Gym membership
T2286,U005,18-08-21,Expense,travel,9576.0,bank transfer,kolkata,test
T13199,U116,03-12-24,Expense,Utlities,3049.0,Bank Transfer,LUCKNOW,No Notes
T0690,U079,07/05/2021,Expense,Traval,3412.0,bank transfer,BANGALORE,No Notes
T7454,U054,2022-09-23,Expense,rent,4629.0,UPI,Mumbai,Movie tickets
T7774,U036,2024-01-04,Income,Freelance,22505.0,UPI,delhi,No Notes
T11710,U026,2024-04-26,Income,Bonus,55767.0,cash,HYD,Monthly rent payment
T0517,U146,29-02-2024,Expense,Food,119.0,CRD,HYDERABAD,Fixed deposit
T6942,U036,2021-04-01,Expense,HEALTH,7649.0,card,kolkata,No Notes
T8218,U049,05/25/2021,Expense,Food,285.0,,MUMBAI,No Notes
T8158,U046,21-07-21,Expense,Rent,6334.0,Bank Transfr,Lucknow,Medicine
T11171,U024,06/18/2023,Expense,Rnt,8970.0,csh,KOL,No Notes
T6183,U071,2024-12-21,Expense,Utilities,4100.0,UPi,Bangalore,misc
T10817,U141,08/22/2021,Expense,Rnt,664.0,Crd,HYD,Shopping
T2429,U076,21-12-2021,Expense,Food,3443.0,Cash,kolkata,Books
T6509,U055,10/15/2023,Expense,TRAVEL,5211.0,BankTransfer,PUN,!!!
T4392,U065,03/29/2021,Expense,Rentt,12320.0,bank transfer,ahmedabad,No Notes
T8543,U059,2024-03-18,Income,,51421.0,csh,Ahmedabad,No Notes
T12927,U113,2022-01-03,Expense,TRAVEL,5655.0,Bank_Transfer,HYDERABAD,Monthly rent payment
T11088,U020,09-04-2021,Expense,FOOD,1826.0,Csh,kolkata,Train ticket
T6978,U004,06/24/2024,Expense,rent,3914.0,BankTransfer,BANGALORE,Grocery shopping
T10813,U089,04/05/2024,Income,Investment,32741.0,UPi,lucknow,Uber ride
T6398,U100,12-07-23,Expense,FOOD,3277.0,UPi,bangalore,Electricity bill
T10403,U115,2023-10-13,Income,Bonus,26660.0,Cash,KOL,Shopping
T8688,U030,2023-04-18,Expense,RENT,3125.0,upi,HYDERABAD,!!!
T7313,U146,2023-05-28,Expense,Foods,4506.0,upi,Jaipur,Petrol
T6712,U146,20-01-24,Expense,food,2114.0,CASH,AHMEDABAD,xyz123
T1500,U128,2022-10-06,Income,Others,77493.0,UPi,PUN,Restaurant dinner
T10022,U102,11/26/2021,Income,Investment,27277.0,,Unknown,Petrol
T4770,U098,2022-10-19,Income,Salary,25714.0,cash,Jaipur,Gym membership
T4231,U128,04/05/2021,Expense,RENT,6769.0,cash,HYD,No Notes
T11168,U134,10-07-2024,Expense,RENT,1593.0,Bank Transfer,Jaipur,No Notes
T11696,U119,03-08-2024,Expense,Rent,999999.0,UPi,bangalore,xyz123
T10126,U014,11/02/2021,Expense,FOOD,264.0,Bank Transfr,Lucknow,Coffee
T2000,U094,30-11-24,Expense,Educaton,9931.0,UPI,Kolkata,No Notes
T13638,U040,2023-09-15,Expense,travel,8474.0,Bank Transfr,Hyderabad,xyz123
T13139,U142,2024-06-11,Income,Bonus,38714.0,card,LUC,Restaurant dinner
T0048,U140,22-10-22,Income,Others,15720.0,BankTransfer,bangalore,No Notes
T9035,U149,2023-07-02,Expense,utilities,4043.0,Crd,JAI,EMI payment
T3584,U034,2023-11-29,Expense,food,2072.0,Cash,MUM,Movie tickets
T1775,U070,2022-01-21,Expense,travel,3154.0,CASH,ahmedabad,Grocery shopping
T7473,U112,2023-12-27,Expense,Rentt,35255.0,card,Pune,No Notes
T1697,U074,03-04-2021,Expense,Foodd,4982.0,Bank Transfer,chennai,Restaurant dinner
T9281,U054,11-12-21,Expense,FOOD,3263.0,upi,Unknown,misc
T3509,U029,12/19/2021,Expense,Utilties,4056.0,upi,lucknow,Lunch
T4517,U118,30-12-2024,Expense,Educaton,703.0,Bank_Transfer,LUCKNOW,...
T13641,U026,28-02-22,Expense,Fod,4409.0,Bank Transfr,KOLKATA,Petrol
T0600,U076,19-08-2021,Income,Others,65687.0,UPI,pune,Fixed deposit
T12233,U125,2023-07-17,Income,Freelance,67240.0,Upi,jaipur,No Notes
T9869,U126,09-03-22,Expense,RENT,5487.0,card,DEL,Electricity bill
T10154,U008,03/14/2024,Expense,Food,3821.0,card,Unknown,Petrol
T2129,U124,2022-10-17,Income,Freelance,25148.0,bank transfer,LUC,No Notes
T6516,U028,24-12-24,Expense,travel,3070.0,BankTransfer,Pune,test
T9858,U010,2021-07-16,Income,Salary,63910.0,bank transfer,Pune,Grocery shopping
T9410,U031,09/01/2021,Expense,RENT,1336.0,Card,Unknown,No Notes
T1770,U066,2024-03-29,Expense,Utility,6985.0,Card,Delhi,Internet bill
T8899,U136,04/09/2022,Expense,FOOD,7722.0,CASH,MUMBAI,ATM withdrawal
T0681,U039,06/02/2024,Expense,FOOD,8648.0,CRD,Unknown,EMI payment
T11886,U071,2021-12-10,Expense,Traval,9311.0,csh,Jaipur,Medicine
T11020,U024,07/11/2021,Expense,FOOD,8213.0,CASH,DEL,Doctor consultation
T5018,U111,10/26/2024,Expense,Travel,6332.0,csh,HYD,Movie tickets
T13348,U005,2024-11-23,Expense,Others,1861.0,Card,Kolkata,No Notes
T1688,U110,2021-10-29,Expense,Utility,8571.0,,Unknown,Shopping
T13751,U112,21-11-21,Expense,Fod,7161.0,Upi,BANGALORE,Petrol
T6193,U040,2021-08-21,Expense,SAVINGS,3480.0,CASH,CHENNAI,No Notes
T10510,U105,14-11-21,Income,Others,47114.0,Bank_Transfer,chennai,Online course
T0555,U065,28-01-21,Expense,Entertain,8608.0,card,mumbai,Internet bill
T12543,U109,16-05-21,Expense,utilities,3761.0,upi,DEL,EMI payment
T10308,U101,23-05-22,Expense,Rentt,48922.0,UPI,Mumbai,Monthly rent payment
T2724,U045,03/28/2021,Expense,rent,8630.0,Crd,Hyderabad,EMI payment
T11856,U091,08/06/2022,Expense,Utilties,408.0,CARD,AHMEDABAD,No Notes
T12195,U145,31-03-22,Expense,food,870.0,cash,CHENNAI,Movie tickets
T8787,U145,2022-04-29,Expense,food,3156.0,cash,ahmedabad,EMI payment
T4046,U068,2022-11-14,Expense,Foodd,536.0,CASH,DEL,Internet bill
T8943,U048,07/07/2024,Income,Others,260062.0,Crd,AHMEDABAD,No Notes
T12900,U004,2021-09-17,Expense,FOOD,1044.0,Upi,LUC,Online course
T6754,U141,29-07-22,Expense,Rent,32519.0,upi,Kolkata,No Notes
T8693,U056,18-07-22,Expense,EDU,9221.0,Bank Transfer,KOLKATA,...
T2245,U005,2024-03-31,Expense,Entertain,1364.0,Bank Transfer,hyderabad,Electricity bill
T1831,U070,2024-09-26,Expense,Rnt,6106.0,Cash,HYDERABAD,Grocery shopping
T3973,U028,2023-10-07,Expense,OTHERS,5476.0,Bank Transfer,Ahmedabad,misc
T12537,U002,2024-09-08,Expense,Utlities,5919.0,Card,mumbai,Train ticket
T12565,U080,01/02/2023,Expense,travel,5831.0,Csh,kolkata,Train ticket
T1814,U036,19-01-2021,Expense,travel,1214.0,CASH,AHM,Grocery shopping
T11150,U061,2023-01-03,Expense,Entertainment,2747.0,Cash,DEL,Restaurant dinner
T8585,U045,01-08-2023,Expense,savings,117.0,UPI,bangalore,No Notes
T9408,U132,08/30/2023,Expense,Travel,4811.0,upi,KOL,Medicine
T5597,U016,2024-01-12,Expense,Utilities,289.0,UPI,Hyderabad,No Notes
T5518,U092,2021-05-15,Expense,Travl,9636.0,CRD,MUMBAI,Monthly rent payment
T10632,U108,11-12-22,Expense,Fod,4465.0,Upi,Unknown,Monthly rent payment
T0673,U037,04/06/2021,Expense,Foodd,172.0,Cash,ahmedabad,!!!
T12245,U136,2022-04-08,Expense,Travel,2358.0,Card,MUMBAI,No Notes
T12906,U061,03-05-24,Expense,,787.0,Bank Transfer,Unknown,No Notes
T12919,U123,06-08-2022,Expense,RENT,2502.0,UPI,AHM,Gym membership
T3937,U100,07/06/2023,Expense,Foodd,4406.0,Upi,Pune,Uber ride
T9472,U066,2022-04-15,Income,Investment,53538.0,UPI,kolkata,Fixed deposit
T12495,U088,28-05-2024,Expense,Utilities,4305.0,CASH,MUM,Doctor consultation
T1654,U116,05/18/2024,Expense,Helth,2275.0,cash,LUC,No Notes
T5927,U011,2024-08-21,Expense,Rentt,23463.0,UPi,HYDERABAD,Coffee
T3960,U013,2024-03-10,Expense,TRAVEL,1295.0,Bank Transfr,hyderabad,EMI payment
T5975,U050,23-09-2022,Expense,Traval,4913.0,Card,chennai,test
T12645,U014,2023-10-01,Expense,Travel,5157.0,cash,Chennai,!!!
T7465,U073,09/21/2022,Expense,Educaton,7491.0,Upi,MUM,Shopping
T13883,U064,2024-08-01,Expense,,4715.0,upi,KOL,misc
T10058,U012,2023-04-10,Expense,Utilities,1675.0,CARD,DEL,Monthly rent payment
T4230,U093,2023-05-12,Income,Freelance,78210.0,Bank Transfr,KOLKATA,Uber ride
T1848,U110,2023-10-19,Expense,Foodd,3696.0,CASH,KOLKATA,Medicine
T7509,U078,2024-02-15,Expense,food,460.0,bank transfer,Delhi,Internet bill
T6672,U086,06/14/2023,Expense,Health,179.0,Upi,bangalore,Shopping
T6560,U074,05-12-23,Expense,RENT,2791.0,Bank Transfer,DEL,Fixed deposit
T10138,U001,2023-05-25,Expense,food,1575.0,upi,lucknow,No Notes
T6158,U145,13-11-21,Expense,Rentt,40308.0,card,KOLKATA,Restaurant dinner
T13044,U037,22-02-2022,Expense,rent,5799.0,Crd,JAI,Train ticket
T0213,U096,11/08/2023,Expense,rent,1449.0,Cash,chennai,...
T1828,U131,14-06-2022,Income,Bonus,41823.0,Bank_Transfer,Lucknow,!!!
T1611,U053,2024-09-23,Expense,Utlities,521.0,cash,HYD,Internet bill
T8037,U061,07-09-24,Expense,Food,769.0,Cash,Unknown,No Notes
T1444,U078,12-01-2023,Expense,Food,4399.0,CARD,chennai,EMI payment
T3028,U113,2022-11-13,Expense,food,3527.0,card,mumbai,Internet bill
T4953,U035,06/07/2021,Expense,Rnt,3685.0,BankTransfer,LUC,Movie tickets
T6962,U092,2021-11-08,Expense,food,8936.0,Csh,MUM,Uber ride
T12207,U147,08/10/2024,Expense,Travel,8952.0,upi,HYD,xyz123
T3275,U140,2024-01-11,Expense,Utility,1915.0,Upi,Kolkata,Coffee
T2616,U028,01/12/2021,Expense,Helth,1861.0,CRD,Delhi,Shopping
T1681,U100,14-05-24,Expense,food,8692.0,UPi,Hyderabad,Grocery shopping
T2456,U011,08-09-22,Expense,,9508.0,CRD,Pune,Monthly rent payment
T5893,U127,2024-06-16,Expense,Foodd,3629.0,,mumbai,misc
T12886,U005,2022-09-03,Expense,Utility,4698.0,cash,Jaipur,Monthly rent payment
T13647,U024,19-10-2022,Expense,Travl,9922.0,Bank Transfr,JAI,!!!
T9590,U029,02-08-2021,Income,Salary,24125.0,Bank Transfer,LUCKNOW,asdfgh
T10127,U041,17-04-2021,Expense,TRAVEL,3222.0,CARD,LUCKNOW,Medicine
T0830,U040,10/17/2021,Expense,rent,5138.0,Bank Transfr,jaipur,...
T2427,U060,11-09-24,Expense,Food,350.0,UPI,LUCKNOW,EMI payment
T3685,U139,2023-02-06,Income,Freelance,117318.0,Csh,mumbai,Movie tickets
T3892,U146,05/21/2022,Expense,FOOD,1517.0,,delhi,Gym membership
T6564,U061,26-09-22,Expense,Utilties,8019.0,upi,Hyderabad,Restaurant dinner
T2533,U050,09/01/2021,Expense,utilities,6079.0,Bank_Transfer,Jaipur,No Notes
T1171,U063,2024-12-08,Income,Freelance,69214.0,Upi,pune,!!!
T0635,U117,2023-08-10,Expense,food,9919.0,UPI,BAN,ATM withdrawal
T10581,U064,2021-12-27,Expense,Rnt,109.0,CRD,Chennai,Fixed deposit
T5382,U141,30-01-23,Expense,Food,4500.0,Bank_Transfer,HYD,xyz123
T3116,U015,2022-09-01,Income,Freelance,60720.0,,chennai,Doctor consultation
T5404,U110,2024-09-05,Expense,rent,9247.0,UPI,Unknown,Online course
T0156,U075,15-09-22,Expense,Travl,3301.0,Card,mumbai,Gym membership
T10541,U028,25-07-2021,Expense,Food,3440.0,cash,Hyderabad,Gym membership
T6312,U038,2021-04-26,Expense,Fod,2866.0,CASH,Lucknow,No Notes
T12652,U075,2021-10-27,Expense,Entrtnmnt,1630.0,UPI,AHMEDABAD,Monthly rent payment
T6792,U053,2022-08-30,Expense,food,1225.0,CRD,BANGALORE,Doctor consultation
T2242,U035,02/23/2021,Expense,Rent,47664.0,csh,Pune,Lunch
T1306,U051,10/08/2023,Income,Salary,74585.0,CRD,jaipur,ATM withdrawal
T0618,U149,03-11-23,Expense,Fod,1344.0,bank transfer,hyderabad,No Notes
T6017,U117,10/05/2023,Expense,RENT,237.0,bank transfer,chennai,ATM withdrawal
T7878,U138,06/22/2022,Expense,food,7537.0,bank transfer,Hyderabad,No Notes
T12470,U061,2021-03-30,Expense,Educaton,1134.0,csh,CHENNAI,ATM withdrawal
T6867,U003,09-05-2023,Expense,Foods,1597.0,UPI,AHMEDABAD,Gym membership
T0357,U080,2024-11-10,Expense,Food,356.0,bank transfer,Unknown,Monthly rent payment
T3400,U078,02/25/2022,Expense,FOOD,2940.0,BankTransfer,CHE,Restaurant dinner
T2437,U067,2023-09-09,Income,Bonus,46498.0,Csh,Unknown,Fixed deposit
T1600,U043,23-11-2021,Expense,SAVINGS,4900.0,Bank_Transfer,PUN,No Notes
T2603,U093,03/18/2021,Expense,Food,4477.0,BankTransfer,HYDERABAD,Movie tickets
T13208,U091,03/30/2024,Expense,food,1869.0,CRD,PUN,Monthly rent payment
T7840,U075,05/31/2023,Expense,Rnt,3683.0,csh,KOL,Doctor consultation
T13419,U109,04/12/2023,Expense,Fod,7608.0,card,CHENNAI,Petrol
T9065,U128,2022-04-21,Income,Bonus,20238.0,UPi,JAI,Monthly rent payment
T0615,U084,2021-08-29,Expense,SAVINGS,8652.0,card,kolkata,Shopping
T1064,U027,03/22/2022,Expense,Entertain,1969.0,Bank_Transfer,Unknown,Grocery shopping
T8814,U087,2021-01-16,Income,Salary,72704.0,Cash,AHM,Coffee
T0946,U012,11-04-2022,Income,Bonus,584835.0,UPI,Unknown,Coffee
T7697,U002,25-01-2021,Expense,food,6365.0,Upi,Jaipur,!!!
T7019,U022,2021-05-11,Expense,Utility,2539.0,Bank Transfr,kolkata,misc
T6129,U004,10/02/2022,Expense,Foods,1617.0,csh,Unknown,No Notes
T7213,U115,10-05-22,Expense,FOOD,181.0,Bank Transfer,AHM,Lunch
T5525,U064,2023-05-01,Expense,Rent,22203.0,BankTransfer,JAI,!!!
T0395,U029,06/04/2024,Income,Bonus,25474.0,CRD,Jaipur,No Notes
T8958,U146,11/28/2024,Expense,FOOD,2346.0,Bank Transfer,CHENNAI,Coffee
T6323,U024,07/24/2024,Expense,Food,3745.0,CRD,Kolkata,Monthly rent payment
T7352,U053,11/04/2022,Expense,Rnt,1204.0,Upi,JAI,!!!
T6411,U118,2022-08-11,Expense,Entrtnmnt,5061.0,bank transfer,AHM,Gym membership
T4454,U001,2021-10-26,Expense,Entertainment,9484.0,cash,MUM,No Notes
T7953,U061,09/09/2022,Expense,Utlities,1016.0,BankTransfer,mumbai,Online course
T3556,U049,08/05/2022,Expense,Education,5624.0,csh,LUCKNOW,Monthly rent payment
T3334,U123,01-09-2022,Expense,Education,4143.0,UPI,Lucknow,No Notes
T10686,U049,2024-04-17,Expense,travel,5708.0,Upi,BAN,Petrol
T12114,U099,07/26/2024,Income,Others,47495.0,card,AHM,xyz123
T13329,U081,2024-10-21,Expense,Foods,2286.0,UPI,KOL,Coffee
T13088,U096,2024-09-24,Expense,utilities,9715.0,cash,MUMBAI,Coffee
T12083,U129,2022-08-01,Expense,Education,6937.0,Cash,Ahmedabad,No Notes
T8631,U015,17-02-2021,Expense,Savings,9572.0,Card,KOLKATA,No Notes
T7069,U076,2022-05-13,Expense,TRAVEL,2678.0,,Unknown,Lunch
T8919,U047,2023-01-11,Expense,Health,4916.0,Bank Transfer,PUNE,!!!
T12775,U096,2022-10-18,Expense,Food,695.0,Card,DELHI,Restaurant dinner
T8412,U103,18-07-24,Income,Freelance,31832.0,Cash,chennai,ATM withdrawal
T13443,U085,16-08-22,Expense,travel,8863.0,csh,LUC,test
T10766,U008,2023-03-01,Expense,Rent,36978.0,Csh,Pune,EMI payment
T4434,U055,20-05-21,Expense,Saving,6528.0,card,HYD,No Notes
T10068,U010,2022-08-28,Expense,education,8250.0,Bank Transfer,chennai,asdfgh
T2260,U003,08/19/2024,Expense,RENT,2994.0,Card,jaipur,!!!
T0170,U090,10-08-21,Expense,Travl,6883.0,CASH,Lucknow,Gym membership
T1645,U110,01/09/2023,Expense,education,7419.0,UPI,MUMBAI,Medicine
T6309,U129,05/24/2023,Income,Investment,40174.0,Card,kolkata,Uber ride
T0655,U137,07-01-24,Income,Bonus,33944.0,card,ahmedabad,Train ticket
T13038,U084,2023-10-17,Expense,Rnt,2411.0,Upi,Unknown,No Notes
T2651,U025,15-02-22,Income,Freelance,53583.0,BankTransfer,ahmedabad,Electricity bill
T8945,U124,2023-10-13,Expense,Utility,1090.0,CASH,pune,No Notes
T11389,U072,08/29/2023,Expense,Fod,7037.0,Csh,MUMBAI,xyz123
T13884,U055,2022-03-28,Expense,rent,942.0,,Mumbai,Coffee
T2266,U124,2023-06-05,Expense,Travl,3748.0,Upi,MUMBAI,EMI payment
T5315,U107,2023-08-25,Expense,Foodd,2978.0,cash,DEL,No Notes
T8480,U139,19-08-22,Expense,Foodd,485.0,Upi,HYD,ATM withdrawal
T12464,U108,23-05-2022,Expense,Entertainment,8658.0,Bank_Transfer,Hyderabad,Shopping
T10998,U102,03/14/2023,Expense,utilities,5729.0,card,Chennai,No Notes
T2886,U142,02/19/2022,Expense,Rent,26253.0,,pune,No Notes
T7000,U129,13-10-22,Expense,Rentt,36719.0,CRD,Jaipur,No Notes
T10382,U053,09/05/2021,Expense,Traval,7619.0,Csh,Hyderabad,Lunch
T2662,U011,2022-12-21,Expense,Utilties,6313.0,UPi,PUN,Gym membership
T8662,U019,01/17/2023,Expense,Fod,196.0,UPI,BAN,Train ticket
T11112,U037,2023-02-08,Income,Bonus,70235.0,upi,hyderabad,!!!
T13598,U048,2023-02-12,Expense,Travel,4780.0,Bank_Transfer,jaipur,Restaurant dinner
T2264,U087,2024-05-17,Expense,Utilities,9040.0,card,chennai,No Notes
T8292,U045,2021-06-11,Income,Investment,76326.0,upi,Ahmedabad,Petrol
T9725,U050,2021-05-15,Expense,food,7969.0,Csh,LUC,Coffee
T5272,U023,12/07/2024,Expense,others,4377.0,Csh,Chennai,...
T7706,U047,09/21/2024,Expense,food,999999.0,CARD,Unknown,test
T0632,U087,01/04/2022,Expense,Travl,7009.0,CASH,HYDERABAD,Movie tickets
T3965,U011,2022-09-30,Income,Freelance,12344.0,Card,JAIPUR,No Notes
T3888,U032,2023-06-26,Expense,FOOD,3272.0,bank transfer,delhi,Restaurant dinner
T1465,U127,09/23/2023,Expense,Entertain,9490.0,Bank Transfer,pune,Coffee
T2201,U001,18-07-2024,Income,Investment,37897.0,BankTransfer,bangalore,xyz123
T6500,U064,09/10/2021,Expense,rent,5521.0,Bank_Transfer,jaipur,Grocery shopping
T6766,U079,30-10-2023,Income,Bonus,43303.0,Bank Transfr,DEL,asdfgh
T3922,U093,2023-11-29,Expense,Saving,9597.0,Bank Transfer,Ahmedabad,Coffee
T10677,U077,2024-10-30,Expense,TRAVEL,9296.0,Csh,BANGALORE,Uber ride
T10838,U078,25-09-22,Expense,FOOD,7502.0,CRD,Chennai,Books
T2687,U124,19-05-2021,Expense,Travl,7148.0,card,Unknown,No Notes
T11801,U002,04/19/2023,Expense,HEALTH,2659.0,upi,BANGALORE,Coffee
T7079,U045,20-10-23,Income,Investment,47934.0,card,Pune,Medicine
T2810,U121,18-05-2024,Expense,Health,6902.0,cash,Pune,ATM withdrawal
T6505,U137,08/28/2023,Expense,Entrtnmnt,5097.0,csh,Bangalore,Train ticket
T1867,U017,2023-06-28,Income,Investment,71361.0,BankTransfer,hyderabad,Internet bill
T13648,U020,2021-09-12,Expense,education,6385.0,Upi,BANGALORE,Electricity bill
T2446,U027,2023-07-02,Income,Freelance,42478.0,Crd,Unknown,No Notes
T3574,U136,2021-05-08,Expense,Entrtnmnt,9557.0,Crd,DELHI,Restaurant dinner
T3070,U134,2021-04-05,Expense,food,3570.0,bank transfer,LUCKNOW,Medicine
T7387,U135,04/26/2021,Expense,Travel,8652.0,Bank Transfr,BAN,No Notes
T11809,U037,2023-12-04,Income,Salary,34321.0,,Jaipur,Lunch
T4872,U041,2021-06-09,Expense,rent,4357.0,Bank Transfr,PUNE,No Notes
T2063,U004,2022-08-25,Expense,travel,7668.0,bank transfer,PUNE,Monthly rent payment
T1829,U087,09/20/2022,Expense,Helth,8407.0,CASH,KOLKATA,Shopping
T5667,U073,02/06/2021,Expense,Rnt,507.0,csh,KOL,No Notes
T0524,U049,24-01-24,Expense,rent,9550.0,Upi,DEL,No Notes
T5985,U006,2023-12-05,Expense,RENT,6471.0,,pune,Train ticket
T6166,U097,2021-05-05,Expense,education,8674.0,bank transfer,JAI,No Notes
T9511,U092,04/07/2024,Expense,Foods,1654.0,Bank Transfer,bangalore,misc
T7616,U125,2022-06-19,Expense,Food,3514.0,card,Bangalore,Online course
T4560,U131,27-09-2021,Expense,Travel,2849.0,CARD,Pune,test
T9059,U048,2023-11-20,Expense,FOOD,1171.0,Bank_Transfer,Ahmedabad,No Notes
T4447,U009,2022-03-23,Income,Investment,60202.0,UPI,Bangalore,ATM withdrawal
T8460,U090,2023-10-03,Expense,Foodd,1290.0,CRD,AHMEDABAD,Petrol
T9071,U086,2022-07-19,Expense,RENT,3462.0,UPI,pune,Gym membership
T5121,U076,03/07/2023,Expense,Rnt,4336.0,Bank Transfr,PUN,Books
T2054,U077,2023-03-02,Expense,Food,3153.0,CARD,CHE,Movie tickets
T2295,U013,2022-12-24,Expense,travel,9497.0,csh,BANGALORE,...
T2888,U028,06/14/2022,Income,Others,55170.0,bank transfer,jaipur,No Notes
T8751,U145,29-04-22,Income,Investment,15292.0,Bank Transfer,DEL,Train ticket
T12947,U125,24-10-21,Expense,RENT,1027.0,upi,KOL,Lunch
T7527,U063,2023-12-22,Expense,Rent,47588.0,card,lucknow,Monthly rent payment
T3175,U002,2022-01-12,Expense,Food,4750.0,Crd,CHE,Monthly rent payment
T13061,U148,03/22/2021,Income,Freelance,72613.0,Csh,KOL,Medicine
T7214,U035,11/04/2024,Expense,savings,2880.0,CASH,Chennai,Coffee
T6555,U063,2021-07-02,Expense,Travl,3489.0,Cash,AHMEDABAD,xyz123
T10490,U062,2022-09-22,Expense,Health,4186.0,cash,KOLKATA,Restaurant dinner
T7727,U106,2022-09-12,Expense,health,9776.0,Card,ahmedabad,Internet bill
T8048,U039,10-03-24,Expense,FOOD,3354.0,BankTransfer,lucknow,Shopping
T8237,U023,12/12/2023,Income,Others,62177.0,CASH,chennai,Internet bill
T0268,U098,12/22/2023,Expense,travel,7174.0,Upi,Kolkata,test
T10094,U126,2024-11-11,Income,Salary,57103.0,Upi,Unknown,Gym membership
T7814,U074,09-04-24,Expense,education,334.0,Crd,LUCKNOW,Restaurant dinner
T6409,U057,23-09-22,Expense,FOOD,8278.0,Bank_Transfer,Jaipur,ATM withdrawal
T8951,U018,07/18/2023,Income,Freelance,59311.0,upi,CHENNAI,Restaurant dinner
T6301,U015,2024-08-26,Income,Investment,25583.0,Bank_Transfer,KOL,xyz123
T13578,U125,2022-04-24,Income,Others,72998.0,Card,Ahmedabad,xyz123
T1017,U047,2021-04-13,Expense,Rnt,7786.0,cash,LUCKNOW,Uber ride
T1261,U107,2021-08-04,Expense,rent,9629.0,UPi,Hyderabad,Gym membership
T9850,U133,02/07/2021,Expense,Entertain,5486.0,card,chennai,asdfgh
T9492,U114,17-08-23,Income,Bonus,56088.0,card,LUCKNOW,Books
T11109,U137,2023-03-31,Expense,Fod,6538.0,,KOL,No Notes
T10385,U013,07-07-2024,Income,Investment,76233.0,Csh,chennai,...
T12624,U011,2024-09-24,Expense,RENT,327.0,upi,MUM,EMI payment
T12895,U037,2023-12-28,Expense,Entertainment,6805.0,cash,CHENNAI,No Notes
T9497,U121,2024-02-05,Expense,entertainment,3360.0,Cash,Kolkata,No Notes
T1278,U130,26-10-21,Expense,Utilities,6485.0,UPI,Mumbai,No Notes
T0325,U076,30-07-2024,Income,Bonus,78389.0,BankTransfer,PUN,Internet bill
T3900,U118,2021-08-19,Expense,SAVINGS,2858.0,bank transfer,DEL,Train ticket
T2635,U010,2023-09-27,Expense,travel,4836.0,csh,Chennai,Petrol
T6143,U072,2021-02-26,Expense,TRAVEL,731.0,CASH,HYD,Petrol
T7375,U138,2023-01-03,Expense,Food,483.0,Bank Transfr,DEL,Train ticket
T7862,U138,06-06-24,Expense,EDU,2829.0,csh,hyderabad,Train ticket
T2042,U129,09/30/2022,Expense,Rentt,21019.0,Card,Hyderabad,EMI payment
T7056,U025,06/01/2023,Expense,Travl,8152.0,CRD,Mumbai,misc
T11461,U082,26-03-23,Income,Salary,53637.0,Crd,DEL,Books
T0786,U084,2021-06-19,Expense,Traval,8171.0,Card,Unknown,Uber ride
T10925,U050,02/15/2021,Income,Others,71607.0,UPi,chennai,Monthly rent payment
T6296,U130,15-07-2023,Expense,education,2276.0,bank transfer,HYD,Shopping
T2416,U042,2022-04-02,Expense,Utility,5431.0,CASH,mumbai,ATM withdrawal
T10780,U021,10/06/2023,Expense,Fod,2321.0,Cash,jaipur,EMI payment
T9588,U111,18-03-21,Expense,Travel,2697.0,Csh,delhi,No Notes
T4523,U069,02/17/2023,Expense,Health,3962.0,UPI,BAN,ATM withdrawal
T3838,U149,14-05-2021,Expense,Food,4111.0,CASH,MUM,test
T1416,U010,2022-09-22,Expense,Utilities,6772.0,Upi,PUN,Internet bill
T11320,U089,2021-05-28,Expense,Rnt,7697.0,UPI,Chennai,Monthly rent payment
T7433,U105,2023-10-10,Expense,Utlities,9019.0,,Ahmedabad,Monthly rent payment
T4789,U092,2024-01-12,Expense,Fod,4811.0,BankTransfer,Mumbai,Shopping
T7907,U113,20-11-2024,Income,Salary,51165.0,card,ahmedabad,Electricity bill
T9317,U014,09/02/2021,Expense,Utility,8895.0,Bank Transfer,JAIPUR,Doctor consultation
T12835,U126,2022-12-15,Expense,HEALTH,8703.0,upi,Pune,No Notes
T3171,U056,2022-01-22,Expense,Fod,1706.0,cash,Chennai,Monthly rent payment
T6354,U035,12/29/2022,Expense,Travel,455.0,Bank Transfr,PUN,Medicine
T2874,U125,2024-09-21,Expense,Utility,4769.0,cash,LUCKNOW,Coffee
T12368,U031,2022-11-21,Expense,Traval,1150.0,csh,Kolkata,No Notes
T6833,U046,12/29/2024,Expense,Foods,4047.0,Cash,mumbai,No Notes
T3808,U119,2024-07-14,Expense,HEALTH,5362.0,Card,BANGALORE,No Notes
T0454,U110,09/07/2022,Expense,travel,5111.0,Csh,AHMEDABAD,Medicine
T5396,U064,20-01-2023,Expense,rent,2836.0,Csh,Mumbai,No Notes
T1368,U056,08/15/2022,Income,Others,65608.0,UPI,Unknown,!!!
T0278,U050,17-04-23,Expense,Entertain,3423.0,Bank_Transfer,Hyderabad,No Notes
T6662,U019,06/02/2024,Expense,Travl,3090.0,Cash,BAN,xyz123
T5608,U067,2024-09-07,Expense,Food,1639.0,UPI,CHE,EMI payment
T12589,U021,09/29/2024,Expense,Rentt,42938.0,Cash,Jaipur,Uber ride
T12311,U090,12/28/2021,Expense,Utilties,1632.0,Cash,AHM,asdfgh
T4663,U042,11-04-2023,Expense,Travl,9029.0,CRD,HYD,No Notes
T7552,U118,2021-04-03,Expense,Education,1920.0,csh,JAIPUR,asdfgh
T5746,U071,2024-05-15,Expense,EDU,1849.0,Crd,Jaipur,EMI payment
T6573,U013,03/19/2023,Expense,food,9691.0,card,Pune,Doctor consultation
T10269,U150,08/18/2023,Income,,28344.0,CASH,JAI,Medicine
T2010,U129,08-11-22,Expense,Utilties,4337.0,CRD,LUCKNOW,No Notes
T8787,U104,18-02-21,Income,Freelance,33502.0,bank transfer,chennai,xyz123
T1850,U112,2023-12-09,Expense,Educaton,2890.0,Csh,LUCKNOW,No Notes
T2716,U071,2024-10-10,Expense,Travel,7866.0,UPI,delhi,Medicine
T9610,U092,2024-08-31,Expense,Traval,8733.0,,Unknown,No Notes
T11534,U074,06/10/2024,Income,Freelance,65589.0,bank transfer,Bangalore,...
T0672,U047,13-08-21,Expense,FOOD,4444.0,,Unknown,Uber ride
T13565,U132,2022-12-17,Expense,Travel,7375.0,Csh,kolkata,Train ticket
T3347,U118,2022-08-30,Income,Bonus,38776.0,Upi,Unknown,asdfgh
T10643,U078,2024-04-16,Expense,Foodd,4699.0,upi,ahmedabad,Doctor consultation
T8031,U043,2022-10-21,Expense,Fod,2988.0,csh,MUMBAI,No Notes
T12249,U045,2021-02-20,Expense,FOOD,4958.0,Upi,BANGALORE,...
T13256,U112,25-05-21,Expense,Food,2878.0,Bank Transfer,chennai,No Notes
T5737,U056,09/27/2022,Expense,entertainment,6363.0,Cash,mumbai,ATM withdrawal
T5084,U102,03/26/2023,Expense,Foodd,218.0,csh,HYDERABAD,test
T7173,U090,2022-02-09,Expense,Utlities,4097.0,cash,kolkata,Movie tickets
T1727,U085,2022-11-02,Expense,Utilities,8062.0,CARD,Bangalore,No Notes
T3434,U095,11/02/2023,Expense,FOOD,999999.0,cash,DEL,!!!
T9441,U001,2023-06-25,Expense,Entertain,262.0,Cash,Kolkata,Shopping
T2269,U017,10-02-22,Expense,Food,1811.0,UPi,hyderabad,xyz123
T5835,U084,03/24/2023,Income,Investment,59580.0,,PUN,xyz123
T2142,U008,01/02/2022,Expense,RENT,2332.0,CRD,HYDERABAD,Gym membership
T4771,U135,06/09/2023,Income,Bonus,26077.0,CARD,mumbai,xyz123
T8305,U081,09/14/2022,Expense,Food,1740.0,bank transfer,MUM,Fixed deposit
T4314,U015,09/13/2024,Income,Bonus,46236.0,UPI,pune,No Notes
T2363,U116,01/26/2021,Expense,FOOD,7196.0,Csh,CHE,No Notes
T6700,U109,10-12-2022,Income,Freelance,65437.0,upi,KOL,...
T5304,U022,04-08-22,Expense,Educaton,9672.0,CARD,Unknown,Movie tickets
T12598,U146,2023-01-26,Expense,Utility,2586.0,card,Mumbai,asdfgh
T8313,U033,11-08-2022,Expense,rent,509.0,UPI,AHMEDABAD,Grocery shopping
T8715,U121,08-06-2024,Expense,Fod,468.0,BankTransfer,DEL,ATM withdrawal
T13083,U121,04-08-22,Income,Others,15522.0,BankTransfer,Unknown,No Notes
T6082,U069,02-10-22,Expense,TRAVEL,3375.0,upi,BAN,Uber ride
T12570,U130,09/21/2022,Expense,Foods,4808.0,Csh,BANGALORE,Monthly rent payment
T8852,U050,30-08-2023,Expense,FOOD,3733.0,CASH,Unknown,No Notes
T5583,U112,2024-10-19,Expense,TRAVEL,3941.0,UPI,KOL,Grocery shopping
T12037,U147,22-03-2021,Expense,travel,6675.0,UPi,CHENNAI,Monthly rent payment
T7087,U125,20-04-2021,Expense,Travel,9236.0,CRD,Lucknow,No Notes
T8116,U134,10-02-2022,Expense,FOOD,903.0,Cash,AHM,Fixed deposit
T7578,U001,10-07-23,Expense,Educaton,8323.0,UPI,PUNE,No Notes
T13158,U011,2023-05-15,Expense,Entertainment,9289.0,UPI,KOL,Restaurant dinner
T10883,U140,02/02/2022,Expense,Rnt,3143.0,upi,bangalore,Gym membership
T10702,U052,2021-01-28,Expense,Traval,9231.0,UPI,LUCKNOW,Internet bill
T10894,U004,15-06-21,Expense,Traval,1512.0,card,KOLKATA,test
T7684,U078,2023-07-22,Expense,Foodd,395.0,UPI,mumbai,Books
T8717,U096,2022-09-14,Income,Salary,50866.0,UPI,KOL,xyz123
T9707,U075,15-12-23,Expense,Food,4363.0,Crd,CHENNAI,Online course
T12452,U139,2022-01-06,Expense,Utlities,6335.0,Crd,MUM,No Notes
T7455,U147,18-11-23,Expense,travel,4628.0,Upi,Chennai,asdfgh
T9542,U076,2023-12-31,Expense,Foods,3602.0,Upi,HYDERABAD,Movie tickets
T0440,U118,16-01-2021,Expense,health,9426.0,Csh,ahmedabad,No Notes
T9764,U005,10-09-2024,Income,Freelance,41296.0,Bank_Transfer,CHE,No Notes
T6966,U095,21-05-2023,Expense,Others,3167.0,Crd,Delhi,Medicine
T3493,U007,2022-04-23,Expense,Entertain,1380.0,card,KOLKATA,No Notes
T0487,U094,2023-11-19,Expense,health,1955.0,Csh,KOLKATA,Coffee
T8934,U116,2024-07-28,Expense,Fod,7731.0,bank transfer,Unknown,Grocery shopping
T4061,U130,18-09-2023,Expense,Food,1568.0,Bank Transfr,HYD,asdfgh
T3689,U144,11/14/2023,Expense,Fod,5063.0,Bank Transfr,HYDERABAD,Fixed deposit
T4852,U035,2024-11-18,Expense,Saving,3853.0,UPI,Lucknow,...
T13041,U081,2021-01-20,Income,Freelance,12864.0,Card,CHENNAI,Train ticket
T7479,U046,16-09-22,Expense,RENT,1882.0,BankTransfer,LUCKNOW,test
T4252,U003,10/11/2023,Income,Bonus,17159.0,Crd,KOL,misc
T6772,U074,2024-05-07,Expense,food,3559.0,cash,BANGALORE,Books
T3875,U003,08/11/2022,Income,,56536.0,CASH,Pune,No Notes
T11708,U101,2023-02-16,Expense,Rent,22543.0,Bank Transfer,mumbai,No Notes
T8281,U094,2021-05-05,Expense,Rentt,22534.0,Bank Transfr,PUN,No Notes
T9154,U017,11-01-2021,Income,Investment,26936.0,UPi,Pune,test
T6911,U010,16-07-2023,Expense,Educaton,9853.0,bank transfer,Mumbai,Monthly rent payment
T0862,U117,03/22/2021,Expense,rent,8977.0,,MUMBAI,No Notes
T13992,U076,01/16/2022,Income,Investment,277040.0,Csh,jaipur,Monthly rent payment
T7910,U126,05/25/2022,Expense,Food,864.0,Bank Transfr,Unknown,Restaurant dinner
T13425,U091,04-12-2023,Income,Salary,28545.0,Card,BAN,No Notes
T10603,U024,2022-10-04,Expense,Entertainment,262.0,CRD,delhi,No Notes
T0612,U052,01/07/2024,Expense,TRAVEL,5841.0,cash,PUN,EMI payment
T11538,U116,2022-08-07,Expense,Rent,30827.0,CRD,HYD,Coffee
T11929,U131,10-04-23,Expense,FOOD,3172.0,csh,chennai,!!!
T4401,U117,2024-08-28,Expense,HEALTH,1862.0,Upi,pune,Fixed deposit
T4772,U039,11/16/2021,Expense,food,6353.0,Csh,hyderabad,Movie tickets
T7148,U062,2022-03-25,Income,Freelance,10473.0,upi,LUC,No Notes
T4336,U100,07/12/2024,Expense,Entertain,5078.0,UPI,PUNE,Restaurant dinner
T13211,U135,12/17/2021,Expense,,8007.0,Crd,Hyderabad,...
T5502,U109,17-04-23,Expense,Utilities,5647.0,UPI,PUN,asdfgh
T10077,U088,2021-01-02,Income,Others,33639.0,Csh,Unknown,ATM withdrawal
T5441,U036,12/24/2023,Expense,education,8065.0,,Pune,Grocery shopping
T10868,U131,12/22/2024,Expense,Foodd,1070.0,CRD,Unknown,Gym membership
T5530,U049,01-12-23,Expense,Saving,5361.0,CASH,HYD,Doctor consultation
T7899,U015,2023-05-09,Expense,Rentt,12479.0,UPI,pune,xyz123
T2698,U038,2022-10-06,Expense,HEALTH,9541.0,Crd,HYD,Shopping
T7855,U088,2021-06-11,Expense,Travel,9968.0,CARD,JAIPUR,Uber ride
T11160,U036,2023-04-30,Expense,Rent,47870.0,Crd,Pune,No Notes
T6561,U105,12-03-21,Expense,SAVINGS,9764.0,BankTransfer,Bangalore,misc
T12175,U129,04/29/2024,Expense,Fod,4854.0,UPI,Hyderabad,xyz123
T9801,U142,23-10-24,Expense,Food,3427.0,Bank Transfr,DELHI,misc
T11248,U063,2024-11-03,Expense,Entrtnmnt,5944.0,card,Mumbai,Doctor consultation
T2378,U138,2021-11-24,Expense,food,6474.0,,CHE,No Notes
T13195,U021,09/14/2022,Expense,health,2719.0,Bank Transfer,ahmedabad,Internet bill
T5163,U129,2022-03-13,Expense,health,2456.0,Bank Transfr,PUNE,test
T13316,U106,11-03-23,Income,Others,17863.0,upi,hyderabad,Train ticket
T13697,U136,2023-11-03,Expense,entertainment,9022.0,cash,KOL,Grocery shopping
T2453,U113,08/17/2023,Expense,Entertainment,3668.0,cash,lucknow,Petrol
T0563,U145,20-04-21,Expense,Rent,38948.0,Csh,KOLKATA,No Notes
T9007,U130,2024-06-18,Expense,Food,4424.0,UPi,DEL,No Notes
T3160,U086,06-09-21,Expense,education,3461.0,Upi,Mumbai,Shopping
T6124,U047,2021-03-16,Income,Freelance,55013.0,Card,PUN,No Notes
T6406,U001,19-05-22,Expense,Helth,5291.0,UPi,HYDERABAD,Movie tickets
T5959,U093,08-08-2022,Expense,Traval,1065.0,CASH,Delhi,...
T12133,U076,2023-08-16,Expense,Utility,6170.0,CARD,Hyderabad,No Notes
T8672,U105,07-07-22,Expense,Entrtnmnt,4766.0,Csh,Mumbai,Gym membership
T0828,U014,05/08/2022,Income,Bonus,78920.0,UPI,pune,Coffee
T8926,U067,2024-06-02,Expense,education,7431.0,,BAN,No Notes
T0142,U125,06-01-21,Expense,Entertain,5969.0,Bank Transfr,Hyderabad,ATM withdrawal
T7251,U051,2024-05-20,Income,Investment,18637.0,Bank Transfer,pune,Grocery shopping
T11220,U082,09/01/2024,Expense,Fod,2089.0,CRD,Pune,Internet bill
T3174,U010,09/05/2021,Expense,Entrtnmnt,3765.0,Bank Transfr,CHENNAI,...
T3084,U013,10/01/2021,Expense,RENT,9720.0,UPi,LUCKNOW,Doctor consultation
T8659,U146,07-03-22,Expense,Travl,7186.0,Card,Unknown,Train ticket
T5969,U008,2023-02-26,Expense,Educaton,5138.0,UPI,Delhi,No Notes
T5364,U004,10/03/2022,Expense,RENT,5540.0,Csh,hyderabad,Grocery shopping
T7584,U119,2022-05-24,Expense,Food,1364.0,csh,Unknown,Monthly rent payment
T10715,U032,04/26/2022,Expense,Utility,9389.0,Csh,Ahmedabad,Books
T4774,U023,2021-11-30,Expense,Foods,3654.0,CASH,Unknown,No Notes
T9737,U006,2023-10-05,Expense,savings,6599.0,,KOL,No Notes
T1507,U053,2021-06-12,Expense,Rnt,8539.0,UPi,delhi,...
T12984,U097,2024-10-01,Expense,Food,4608.0,UPi,ahmedabad,Electricity bill
T3492,U045,2022-10-27,Expense,Education,4374.0,csh,LUC,Uber ride
T3724,U017,29-05-2023,Expense,rent,2474.0,Cash,JAIPUR,Movie tickets
T13892,U019,11/30/2024,Expense,Utlities,9108.0,Bank Transfr,Unknown,asdfgh
T6092,U126,10-04-2023,Expense,rent,5947.0,,jaipur,Internet bill
T1426,U060,09/20/2021,Expense,Foods,1811.0,card,pune,No Notes
T4966,U126,2024-04-27,Expense,Foods,720.0,Bank Transfer,bangalore,xyz123
T6238,U046,2024-05-15,Expense,rent,5964.0,CASH,Lucknow,Internet bill
T7141,U071,2022-12-02,Expense,Traval,7762.0,card,Chennai,No Notes
T9940,U026,11/08/2022,Income,Investment,60227.0,card,ahmedabad,Doctor consultation
T0810,U090,04/05/2022,Expense,Travl,4517.0,cash,Pune,Gym membership
T0321,U139,09-08-23,Expense,Traval,2544.0,card,MUMBAI,Electricity bill
T4363,U118,2021-06-03,Income,Bonus,25941.0,CRD,BANGALORE,No Notes
T3816,U091,2022-09-16,Expense,,9511.0,Bank_Transfer,bangalore,Shopping
T0465,U076,2024-12-29,Expense,Savings,1526.0,Bank Transfr,DEL,No Notes
T8980,U026,2021-06-04,Income,Investment,34515.0,Crd,Ahmedabad,Restaurant dinner
T8487,U098,16-12-2023,Expense,Travel,177.0,Card,ahmedabad,ATM withdrawal
T6793,U130,2021-12-17,Expense,Traval,8143.0,upi,HYD,Electricity bill
T3709,U042,2021-07-07,Expense,Travl,4950.0,Bank_Transfer,Kolkata,Medicine
T4010,U026,2021-05-23,Income,Salary,10361.0,CASH,HYDERABAD,No Notes
T9436,U045,07/28/2024,Expense,RENT,1106.0,CARD,MUMBAI,Coffee
T7620,U121,02/26/2021,Expense,Foods,675.0,Crd,Delhi,Restaurant dinner
T13392,U131,03-11-2021,Expense,,9289.0,Upi,DEL,Shopping
T12489,U069,01/07/2023,Expense,Utilties,648.0,CRD,HYD,EMI payment
T5637,U063,2021-02-20,Expense,Foodd,870.0,Csh,LUCKNOW,Books
T7189,U043,11/15/2023,Expense,Education,5284.0,CARD,AHMEDABAD,ATM withdrawal
T3682,U078,06/09/2023,Income,Freelance,36011.0,Bank Transfer,chennai,EMI payment
T13420,U125,2021-07-29,Expense,education,6733.0,BankTransfer,Chennai,Books
T13594,U118,08/08/2021,Expense,utilities,1916.0,upi,Delhi,Lunch
T12638,U085,2024-01-16,Income,Freelance,59283.0,Csh,Unknown,Uber ride
T6429,U077,2024-03-07,Expense,Traval,2287.0,Cash,Unknown,test
T5283,U075,2022-06-24,Expense,Travel,6641.0,Card,AHM,Fixed deposit
T4876,U029,2022-01-04,Expense,education,1958.0,card,pune,...
T0505,U123,29-06-23,Expense,entertainment,4482.0,csh,Jaipur,!!!
T12103,U046,2021-03-17,Expense,TRAVEL,6454.0,Bank Transfr,delhi,No Notes
T9136,U137,19-05-24,Income,Investment,33182.0,upi,Unknown,misc
T6531,U065,25-10-22,Expense,Travel,7686.0,csh,jaipur,Petrol
T4892,U066,2024-04-16,Expense,utilities,7439.0,Bank Transfer,PUN,misc
T9758,U050,2022-06-16,Expense,Utlities,788.0,Upi,Mumbai,test
T13221,U062,27-12-24,Expense,Fod,4030.0,Cash,Lucknow,Uber ride
T8871,U111,2024-08-10,Expense,Traval,1759.0,cash,Unknown,Doctor consultation
T8261,U028,26-05-22,Expense,Foods,928.0,Upi,Ahmedabad,No Notes
T9029,U067,2021-07-19,Expense,rent,9173.0,CRD,chennai,Movie tickets
T4054,U090,2021-06-03,Income,Salary,42810.0,Csh,kolkata,asdfgh
T5107,U018,10-02-2022,Expense,TRAVEL,3619.0,Bank_Transfer,PUN,xyz123
T12194,U086,09-09-2022,Expense,Entertain,3513.0,CASH,Delhi,Grocery shopping
T6025,U107,05/09/2024,Income,,28383.0,CRD,Unknown,Restaurant dinner
T1693,U009,29-08-22,Income,Investment,25962.0,Upi,lucknow,xyz123
T1728,U026,14-01-22,Expense,FOOD,8717.0,cash,Unknown,...
T8088,U122,2023-03-20,Income,Freelance,52935.0,Bank Transfr,Unknown,Uber ride
T8657,U093,2023-05-04,Expense,health,1202.0,cash,Mumbai,Internet bill
T6719,U114,2022-03-06,Expense,Traval,9958.0,bank transfer,Delhi,Grocery shopping
T13600,U100,19-09-2023,Expense,RENT,9135.0,UPI,HYD,Grocery shopping
T3850,U125,2024-12-15,Expense,FOOD,6358.0,CRD,Lucknow,Gym membership
T11123,U046,27-03-2023,Expense,food,971.0,UPI,Mumbai,test
T8097,U029,12/24/2021,Expense,,6240.0,upi,mumbai,!!!
T12620,U094,02-05-2021,Expense,entertainment,2533.0,csh,AHM,No Notes
T12273,U109,02-11-2023,Expense,FOOD,4386.0,Bank Transfer,Chennai,Restaurant dinner
T10747,U036,09/04/2023,Expense,TRAVEL,2349.0,bank transfer,AHM,Grocery shopping
T9200,U110,13-05-24,Expense,Rnt,547.0,Bank Transfr,BAN,Fixed deposit
T0380,U064,2024-10-18,Expense,Travel,9772.0,Cash,AHMEDABAD,No Notes
T9332,U146,2024-01-04,Expense,EDU,4596.0,Bank Transfr,lucknow,Uber ride
T0891,U017,2024-09-03,Income,Bonus,75084.0,CARD,kolkata,Medicine
T1663,U070,22-03-24,Expense,rent,3930.0,upi,Lucknow,Monthly rent payment
T10869,U135,2021-02-18,Expense,Traval,9142.0,BankTransfer,PUN,Grocery shopping
T9537,U150,2022-09-01,Income,Bonus,76222.0,cash,LUCKNOW,Petrol
T8173,U068,2024-12-10,Expense,Rentt,44196.0,BankTransfer,CHENNAI,Internet bill
T10517,U047,12/23/2024,Expense,Entertainment,9654.0,CARD,JAI,Lunch
T0432,U133,2024-04-10,Expense,FOOD,6800.0,cash,Kolkata,Doctor consultation
T4884,U038,03/03/2021,Income,Salary,49039.0,Bank Transfr,ahmedabad,Train ticket
T13520,U113,30-09-22,Expense,Helth,8099.0,Crd,AHM,Monthly rent payment
T4176,U059,2023-10-28,Expense,Entrtnmnt,6836.0,UPI,Delhi,Internet bill
T9076,U144,11/02/2021,Expense,Helth,848.0,Bank_Transfer,pune,Restaurant dinner
T7556,U062,04-12-23,Expense,rent,9362.0,,Unknown,Grocery shopping
T13764,U058,28-07-24,Expense,Utility,2427.0,bank transfer,delhi,Restaurant dinner
T11852,U065,26-01-2024,Expense,entertainment,9088.0,upi,lucknow,No Notes
T0711,U111,2021-10-22,Expense,Foodd,1074.0,BankTransfer,Ahmedabad,asdfgh
T13690,U078,05/21/2023,Expense,Food,3364.0,card,HYD,Lunch
T0467,U137,2023-10-05,Expense,TRAVEL,9941.0,Bank_Transfer,PUN,Gym membership
T10063,U091,2023-08-29,Expense,Rnt,659.0,Crd,mumbai,Online course
T5462,U024,12-01-23,Expense,Health,7002.0,cash,HYDERABAD,test
T7239,U137,2024-11-25,Expense,education,3417.0,Cash,BANGALORE,Fixed deposit
T9443,U029,05-08-24,Expense,Fod,1850.0,CRD,Unknown,Train ticket
T7088,U028,19-06-2023,Expense,FOOD,1432.0,Bank Transfr,hyderabad,Train ticket
T13347,U124,2021-06-19,Expense,Travel,8998.0,Bank_Transfer,PUN,Uber ride
T9484,U084,22-05-23,Income,Freelance,778549.0,UPI,Ahmedabad,Fixed deposit
T7010,U137,2021-09-05,Expense,Utilties,4669.0,BankTransfer,KOL,Electricity bill
T4974,U091,11-08-24,Expense,Utilties,230.0,Bank Transfr,HYDERABAD,test
T4791,U131,2024-03-06,Expense,,6560.0,Bank_Transfer,jaipur,misc
T4256,U038,04/28/2023,Expense,TRAVEL,3579.0,Upi,PUNE,Grocery shopping
T6230,U037,04/05/2022,Expense,Entertainment,1005.0,csh,mumbai,Electricity bill
T0875,U110,27-10-22,Expense,HEALTH,4679.0,Upi,kolkata,No Notes
T11938,U018,19-12-23,Expense,food,7568.0,Cash,PUN,Grocery shopping
T7638,U031,09/04/2024,Income,Bonus,69588.0,cash,DEL,Petrol
T10875,U042,12-04-24,Expense,Educaton,9368.0,Bank Transfr,bangalore,Fixed deposit
T7612,U114,16-06-23,Expense,Entertain,4530.0,BankTransfer,PUN,Shopping
T13296,U116,29-11-2024,Expense,Health,3281.0,csh,LUCKNOW,Fixed deposit
T7461,U057,2024-08-02,Expense,,3222.0,Cash,ahmedabad,Lunch
T1784,U026,08/28/2023,Expense,Utilties,5081.0,Cash,BANGALORE,Lunch
T2993,U027,02-10-24,Expense,Traval,8685.0,Bank Transfer,ahmedabad,No Notes
T1123,U059,2021-05-06,Expense,Foodd,1571.0,Upi,BAN,xyz123
T6590,U117,03/29/2022,Expense,food,4639.0,CRD,AHM,No Notes
T8520,U131,08/26/2022,Income,,39920.0,card,Bangalore,test
T6161,U119,20-03-24,Income,Salary,856590.0,UPI,chennai,Movie tickets
T0540,U146,19-07-24,Expense,TRAVEL,6814.0,UPi,Unknown,No Notes
T0338,U079,2024-02-23,Expense,Travl,4828.0,Bank Transfr,LUCKNOW,Online course
T10820,U054,2024-11-16,Expense,TRAVEL,5155.0,Upi,LUC,No Notes
T6683,U028,01/31/2022,Expense,food,8716.0,csh,ahmedabad,xyz123
T0533,U101,2024-08-12,Expense,SAVINGS,6496.0,CARD,Bangalore,Restaurant dinner
T8319,U006,2023-12-11,Expense,Utilities,140.0,UPI,Jaipur,misc
T4982,U038,01/05/2023,Expense,,739.0,UPi,Unknown,misc
T13972,U018,09/04/2021,Income,Others,12555.0,Bank_Transfer,kolkata,Monthly rent payment
T0445,U101,07-10-24,Expense,Educaton,664.0,csh,DELHI,xyz123
T8041,U125,2021-10-31,Income,Salary,53234.0,UPi,HYD,Monthly rent payment
T11313,U005,07/19/2024,Expense,Rnt,3675.0,BankTransfer,JAI,Restaurant dinner
T0335,U113,2022-01-13,Expense,Utlities,7447.0,CASH,bangalore,No Notes
T7516,U069,2024-07-30,Expense,Rentt,19125.0,Card,PUNE,Lunch
T4245,U108,2024-04-10,Expense,Travel,1869.0,UPI,JAIPUR,Electricity bill
T6269,U012,12/28/2022,Expense,Foods,4965.0,Upi,Chennai,Electricity bill
T1502,U099,01/05/2023,Expense,Entertainment,3635.0,csh,Unknown,Online course
T9898,U028,06-05-24,Expense,HEALTH,4350.0,BankTransfer,mumbai,!!!
T12858,U050,2021-12-24,Expense,Rentt,46749.0,Upi,AHM,asdfgh
T12750,U127,12/12/2021,Expense,Fod,2936.0,cash,Unknown,Doctor consultation
T8224,U030,09-12-2024,Expense,Entrtnmnt,3740.0,Card,AHMEDABAD,!!!
T10680,U017,2024-03-12,Expense,Rent,45482.0,Card,AHM,Restaurant dinner
T7817,U008,31-08-23,Expense,Foods,177.0,Csh,JAIPUR,Coffee
T3240,U012,2021-06-26,Expense,,824.0,CARD,Unknown,Lunch
T8573,U037,2022-12-21,Expense,utilities,9093.0,card,BAN,Gym membership
T5899,U075,24-07-24,Expense,rent,5657.0,upi,Unknown,No Notes
T13740,U012,12/20/2022,Expense,utilities,4525.0,Bank_Transfer,Pune,Train ticket
T3525,U121,16-04-23,Income,Freelance,24475.0,Bank Transfer,Jaipur,Train ticket
T13609,U038,02/26/2023,Expense,FOOD,2549.0,CARD,Hyderabad,Electricity bill
T13079,U076,04/09/2022,Expense,Utilties,2708.0,CARD,JAIPUR,No Notes
T12485,U106,2024-05-04,Expense,Fod,3654.0,Cash,hyderabad,Petrol
T4676,U084,19-01-21,Income,Bonus,150000.0,Crd,Unknown,EMI payment
T1295,U060,02/28/2023,Expense,Rentt,23668.0,CARD,Unknown,ATM withdrawal
T13102,U096,11/21/2024,Income,Freelance,42909.0,Crd,Jaipur,Gym membership
T2143,U096,2022-08-27,Income,Freelance,909296.0,Bank Transfer,pune,Books
T3359,U087,2021-12-23,Expense,Rnt,8914.0,Cash,hyderabad,No Notes
T8064,U147,2022-09-07,Expense,Entrtnmnt,7781.0,UPi,AHMEDABAD,EMI payment
T3873,U020,01/12/2022,Expense,entertainment,8575.0,Bank Transfr,AHMEDABAD,Petrol
T4521,U119,2023-07-03,Expense,rent,6177.0,csh,BANGALORE,Movie tickets
T1022,U075,26-06-23,Expense,Rentt,44270.0,cash,Unknown,xyz123
T0843,U078,11-01-21,Income,Investment,79285.0,,HYD,Restaurant dinner
T3687,U063,14-11-22,Expense,rent,8224.0,upi,JAIPUR,Movie tickets
T1923,U136,02/04/2024,Expense,FOOD,6967.0,Bank Transfer,Hyderabad,Online course
T8154,U107,20-02-2022,Expense,Rent,13099.0,CARD,Jaipur,Movie tickets
T11200,U092,2022-04-09,Expense,rent,2139.0,upi,pune,Restaurant dinner
T5896,U008,2021-03-07,Expense,RENT,4013.0,bank transfer,lucknow,Grocery shopping
T4296,U052,03/17/2024,Expense,RENT,2619.0,,LUCKNOW,Petrol
T11818,U136,2024-08-16,Expense,Foodd,3972.0,BankTransfer,MUM,Coffee
T5741,U056,24-12-2021,Expense,Traval,7846.0,card,lucknow,No Notes
T9277,U147,2024-11-02,Expense,Education,2247.0,CARD,Lucknow,misc
T13337,U119,2023-12-10,Expense,Fod,8181.0,Crd,MUMBAI,Uber ride
T10028,U026,26-05-23,Expense,Travel,7429.0,cash,HYDERABAD,Coffee
T11001,U147,11-05-21,Expense,rent,4808.0,BankTransfer,Chennai,...
T11693,U002,06/11/2021,Expense,Utilities,4821.0,card,Ahmedabad,Lunch
T5180,U082,10/23/2023,Expense,education,6505.0,BankTransfer,ahmedabad,Medicine
T9181,U040,09/11/2023,Expense,RENT,4354.0,Upi,BANGALORE,Monthly rent payment
T3194,U063,2022-08-01,Expense,Entertain,6121.0,upi,HYD,ATM withdrawal
T0581,U099,2021-06-23,Income,Salary,15821.0,Bank_Transfer,Unknown,Uber ride
T3701,U071,08/11/2023,Expense,Educaton,8069.0,bank transfer,Unknown,Internet bill
T11116,U108,11/28/2021,Income,Salary,53170.0,cash,mumbai,Movie tickets
T13818,U010,05/02/2024,Expense,Health,2665.0,Card,Hyderabad,Online course
T3562,U060,2024-10-12,Expense,RENT,1760.0,,KOLKATA,Books
T11647,U028,02/23/2023,Expense,TRAVEL,2932.0,upi,delhi,Petrol
T10935,U095,20-10-24,Income,Freelance,10100.0,CRD,CHE,Uber ride
T3917,U092,2022-01-02,Expense,Fod,9511.0,CARD,CHE,No Notes
T3974,U033,2024-10-10,Expense,Entertain,4139.0,CRD,Kolkata,misc
T1571,U009,05/12/2024,Expense,Traval,9131.0,Crd,Delhi,Petrol
T5187,U108,10-07-21,Expense,Travl,7976.0,bank transfer,Unknown,Online course
T6787,U121,29-07-22,Expense,health,7776.0,BankTransfer,Unknown,Train ticket
T11175,U019,2024-12-17,Expense,Fod,4098.0,upi,ahmedabad,No Notes
T2607,U134,26-02-2022,Expense,utilities,999999.0,upi,BANGALORE,Shopping
T2451,U136,02/24/2023,Expense,Rentt,19235.0,Upi,LUCKNOW,Doctor consultation
T11715,U091,09/12/2023,Expense,Entertain,2539.0,Upi,Bangalore,misc
T3649,U124,2021-10-27,Expense,HEALTH,921.0,Bank_Transfer,JAIPUR,misc
T4062,U095,25-10-2022,Expense,Food,4720.0,Bank Transfer,Mumbai,Restaurant dinner
T5571,U150,23-08-23,Income,Freelance,32682.0,Bank Transfr,LUCKNOW,Fixed deposit
T7138,U002,2022-07-22,Income,Bonus,13927.0,CARD,AHM,Petrol
T13082,U138,14-07-2022,Expense,others,4780.0,Bank Transfr,BANGALORE,Gym membership
T5886,U072,16-02-21,Expense,Fod,466.0,csh,Bangalore,Shopping
T11449,U046,2024-04-17,Expense,Food,4041.0,CASH,Hyderabad,Monthly rent payment
T13024,U095,29-01-23,Expense,Saving,568.0,card,delhi,Grocery shopping
T6955,U004,18-07-23,Expense,Traval,342.0,CASH,Chennai,Coffee
T6401,U018,18-12-2024,Expense,Rnt,4495.0,BankTransfer,LUC,Doctor consultation
T7508,U106,07/13/2021,Income,Salary,43831.0,bank transfer,Lucknow,Monthly rent payment
T5967,U127,2022-10-20,Expense,Fod,2137.0,Csh,DEL,Medicine
T0718,U006,13-01-2023,Expense,Rent,49024.0,UPI,LUC,EMI payment
T9983,U116,11/01/2023,Expense,Entertain,4383.0,UPI,HYDERABAD,Fixed deposit
T1916,U100,2021-02-24,Income,Freelance,23426.0,csh,LUCKNOW,Uber ride
T13548,U111,2023-01-03,Expense,entertainment,4919.0,cash,KOLKATA,Medicine
T4406,U120,2023-01-01,Expense,Foodd,796.0,Bank Transfr,AHMEDABAD,...
T1230,U115,2024-12-11,Expense,FOOD,3418.0,CASH,ahmedabad,Doctor consultation
T7954,U042,2023-12-24,Expense,Utilties,8540.0,card,HYD,Internet bill
T2708,U030,07/10/2022,Expense,Rentt,12243.0,bank transfer,bangalore,test
T2252,U116,01/10/2024,Expense,education,6707.0,Bank Transfr,Kolkata,Train ticket
T2844,U127,2024-12-31,Expense,FOOD,1113.0,Bank Transfer,Mumbai,Lunch
T0502,U057,02/22/2022,Expense,rent,7209.0,CARD,BAN,Medicine
T10617,U030,2024-12-02,Income,Bonus,50145.0,Bank Transfr,LUC,Doctor consultation
T0486,U137,2023-04-11,Expense,Food,4427.0,csh,BANGALORE,Gym membership
T0804,U108,2022-11-14,Expense,Savings,7914.0,Csh,JAI,Internet bill
T2432,U112,23-08-23,Expense,Utility,1932.0,UPI,AHM,Train ticket
T13165,U146,06-06-2022,Expense,entertainment,3955.0,csh,LUCKNOW,Grocery shopping
T9373,U069,12/18/2023,Expense,Rnt,7221.0,BankTransfer,MUMBAI,Movie tickets
T1757,U150,17-06-21,Expense,Travel,9630.0,Card,BAN,test
T3284,U112,02/27/2023,Expense,education,4443.0,upi,Hyderabad,ATM withdrawal
T9567,U065,2024-04-04,Expense,Travel,8518.0,csh,delhi,Restaurant dinner
T6123,U112,2021-10-15,Expense,travel,9783.0,upi,Unknown,xyz123
T5872,U013,2022-07-19,Expense,Entertainment,8242.0,UPI,LUC,xyz123
T4050,U094,03/31/2022,Expense,Health,5057.0,Csh,Chennai,Fixed deposit
T5749,U081,13-05-24,Income,Others,56954.0,Bank Transfr,ahmedabad,asdfgh
T12994,U032,16-05-2024,Expense,HEALTH,7187.0,Bank_Transfer,AHM,test
T9641,U028,01/09/2024,Expense,Savings,430.0,csh,DELHI,Train ticket
T11997,U075,12/03/2021,Expense,,6369.0,csh,PUNE,xyz123
T3880,U011,13-08-24,Expense,Foodd,215.0,Upi,Unknown,Grocery shopping
T8293,U102,01/17/2024,Expense,Rent,13925.0,CASH,lucknow,EMI payment
T0608,U115,2024-02-28,Expense,Health,2873.0,cash,AHMEDABAD,Gym membership
T9961,U044,05-04-21,Expense,TRAVEL,1121.0,Bank_Transfer,Unknown,Uber ride
T11720,U039,04-11-22,Expense,EDU,7084.0,Cash,BANGALORE,Doctor consultation
T0090,U037,14-12-23,Income,Others,52284.0,BankTransfer,BAN,No Notes
T12901,U055,09/21/2024,Expense,Education,4723.0,CASH,Unknown,!!!
T13937,U099,20-05-21,Expense,FOOD,3172.0,Upi,MUMBAI,Fixed deposit
T2177,U017,04-03-21,Expense,RENT,3790.0,Cash,Delhi,No Notes
T12106,U050,2024-03-24,Expense,Rnt,8499.0,Crd,pune,Restaurant dinner
T7542,U071,04/08/2023,Expense,Helth,8078.0,Csh,lucknow,Books
T9991,U009,03/13/2023,Expense,TRAVEL,1181.0,Bank_Transfer,PUN,test
T0258,U130,15-01-22,Expense,entertainment,1137.0,Bank_Transfer,KOLKATA,No Notes
T2467,U093,2022-11-06,Expense,entertainment,904.0,,Kolkata,No Notes
T11276,U016,09-06-2021,Expense,Travel,8405.0,upi,Unknown,Lunch
T3463,U079,14-05-2024,Expense,rent,3182.0,upi,HYDERABAD,misc
T12602,U074,09-03-2024,Expense,Food,1468.0,BankTransfer,ahmedabad,Grocery shopping
T5735,U015,2024-03-15,Expense,Misc,5052.0,UPI,PUN,EMI payment
T2229,U071,11-02-2021,Expense,Foodd,4105.0,upi,bangalore,EMI payment
T11295,U140,2021-06-23,Expense,Education,6278.0,Crd,Lucknow,Movie tickets
T5375,U080,08/31/2021,Expense,Rnt,3221.0,Upi,Unknown,misc
T13277,U029,2022-09-18,Expense,Rentt,40400.0,Bank_Transfer,BANGALORE,Lunch
T2508,U133,01/08/2022,Expense,Traval,5053.0,UPi,chennai,asdfgh
T6813,U072,07/06/2024,Expense,rent,5309.0,UPi,Lucknow,Doctor consultation
T6131,U049,2023-10-28,Expense,Entrtnmnt,6113.0,bank transfer,Delhi,Grocery shopping
T3912,U079,2024-05-29,Expense,Foodd,2957.0,Cash,DEL,Monthly rent payment
T10103,U037,11-11-2024,Expense,Foodd,463.0,csh,MUM,Books
T9789,U034,12/07/2021,Expense,Foods,4101.0,Csh,mumbai,No Notes
T4955,U046,01/30/2023,Expense,Foodd,3852.0,cash,Unknown,!!!
T11966,U109,2024-10-20,Expense,Foods,1024.0,Bank Transfer,lucknow,No Notes
T12105,U144,2022-04-14,Expense,Fod,3385.0,BankTransfer,HYD,asdfgh
T1956,U043,11-12-2024,Expense,Rentt,48027.0,cash,JAI,Coffee
T7587,U101,2021-02-13,Expense,entertainment,4122.0,BankTransfer,Chennai,Coffee
T10532,U006,08/25/2023,Expense,entertainment,3230.0,UPI,AHM,...
T12913,U057,04-12-23,Expense,Utilities,393.0,Bank Transfer,AHM,!!!
T7515,U146,11/08/2022,Expense,Rentt,5057.0,Bank_Transfer,Jaipur,No Notes
T0833,U129,2022-07-19,Income,Salary,47971.0,upi,chennai,Books
T6006,U045,11-07-22,Expense,utilities,1198.0,Card,Jaipur,No Notes
T10774,U061,03-06-2023,Expense,Food,1744.0,CRD,Unknown,Fixed deposit
T8716,U149,2023-03-29,Expense,Food,194.0,UPi,Pune,Online course
T8003,U008,08/14/2022,Expense,EDU,6890.0,Bank_Transfer,BAN,Doctor consultation
T9689,U115,21-02-2024,Expense,Rentt,33913.0,Bank_Transfer,Ahmedabad,No Notes
T11409,U030,06/13/2023,Expense,Travel,5147.0,Bank Transfer,Kolkata,Shopping
T6104,U082,02-08-2024,Income,Bonus,22126.0,,Mumbai,Internet bill
T2465,U098,2021-01-01,Expense,Rent,12502.0,cash,BANGALORE,!!!
T0251,U042,2024-08-15,Expense,Travl,8564.0,Upi,JAIPUR,Lunch
T4868,U095,04-09-2024,Expense,FOOD,1193.0,,Pune,Medicine
T6814,U095,09/23/2023,Expense,Food,715.0,Upi,ahmedabad,Gym membership
T6811,U013,29-11-2022,Expense,others,4713.0,Csh,Bangalore,Movie tickets
T13888,U107,17-03-2024,Expense,Fod,8530.0,bank transfer,DEL,Lunch
T13727,U138,2021-12-16,Expense,TRAVEL,2543.0,Crd,AHM,Train ticket
T11195,U129,03-06-2023,Expense,Savings,6960.0,Bank Transfer,Kolkata,Movie tickets
T4147,U128,2023-05-09,Expense,Fod,7101.0,cash,Delhi,Shopping
T12247,U043,03/27/2023,Expense,RENT,4342.0,csh,BAN,!!!
T6681,U050,05/26/2022,Expense,savings,5689.0,CARD,CHE,Restaurant dinner
T9228,U060,2021-01-15,Income,Freelance,43245.0,card,JAIPUR,EMI payment
T6491,U139,18-05-22,Expense,TRAVEL,1664.0,Csh,DEL,Lunch
T11741,U052,10/10/2023,Expense,Entrtnmnt,6434.0,Cash,Unknown,Movie tickets
T2122,U044,01-04-23,Expense,Educaton,8295.0,bank transfer,DELHI,Petrol
T5984,U074,01-08-22,Expense,Rnt,9373.0,CARD,PUNE,EMI payment
T10145,U129,2023-12-08,Income,Others,26382.0,UPi,JAI,asdfgh
T1884,U043,23-04-21,Expense,rent,4219.0,Cash,KOL,xyz123
T2061,U122,2023-01-17,Expense,Helth,2224.0,CASH,bangalore,Shopping
T9150,U128,06-01-2024,Expense,Foods,764.0,Card,PUN,Grocery shopping
T10854,U104,2023-05-08,Expense,Foods,3947.0,Crd,PUNE,Shopping
T13373,U060,2022-07-26,Expense,RENT,4421.0,csh,mumbai,asdfgh
T4204,U142,05/11/2022,Expense,education,2428.0,Cash,mumbai,asdfgh
T6412,U105,2024-02-13,Expense,HEALTH,6176.0,Csh,kolkata,Doctor consultation
T12967,U093,11/27/2023,Expense,Education,9117.0,card,PUN,misc
T10020,U073,2023-08-31,Expense,EDU,4130.0,UPi,DELHI,Electricity bill
T7545,U021,25-08-23,Expense,Rent,11809.0,upi,delhi,Online course
T11942,U036,05/28/2023,Expense,Food,569.0,Upi,PUNE,...
T1698,U087,27-09-2021,Expense,Entertain,4285.0,card,HYD,!!!
T6376,U101,19-10-2021,Expense,education,5390.0,CRD,Ahmedabad,test
T0169,U027,2021-10-16,Expense,Utlities,1553.0,UPi,Unknown,Internet bill
T2885,U115,2023-05-04,Expense,Traval,7220.0,CARD,Mumbai,Online course
T4878,U042,05/28/2023,Income,Investment,70038.0,card,Kolkata,asdfgh
T4335,U021,11-04-2024,Income,Salary,55900.0,CRD,KOL,xyz123
T12365,U008,2022-08-22,Income,Salary,59047.0,Crd,MUM,...
T7803,U119,03-03-2024,Expense,RENT,7982.0,CASH,ahmedabad,No Notes
T10174,U113,13-05-2021,Expense,EDU,9054.0,Card,PUNE,Train ticket
T11453,U094,01/06/2024,Expense,Foods,3706.0,Cash,ahmedabad,Movie tickets
T0424,U139,10/29/2021,Expense,Food,1234.0,CASH,Chennai,Medicine
T3726,U048,04/26/2024,Expense,Foods,500.0,card,ahmedabad,Grocery shopping
T10147,U004,2022-01-20,Expense,Travl,7667.0,CARD,BANGALORE,Doctor consultation
T8998,U104,07/29/2021,Expense,food,691.0,upi,Hyderabad,Medicine
T6836,U057,2023-08-26,Expense,Educaton,6668.0,CARD,MUM,Monthly rent payment
T1143,U123,2021-12-19,Expense,entertainment,2857.0,Upi,lucknow,test
T1885,U013,2023-11-18,Expense,Foods,4324.0,CRD,LUCKNOW,Coffee
T2155,U042,2023-02-09,Expense,food,6971.0,CRD,delhi,Gym membership
T11289,U071,2024-08-29,Expense,Helth,5332.0,CASH,Unknown,Monthly rent payment
T11540,U046,2021-12-16,Expense,Entertainment,3046.0,bank transfer,PUNE,...
T9788,U022,14-09-2023,Expense,Rent,37272.0,cash,ahmedabad,No Notes
T4873,U062,08/25/2021,Expense,Traval,1167.0,bank transfer,LUCKNOW,Train ticket
T1550,U029,2024-12-23,Expense,Rnt,9244.0,,Mumbai,Coffee
T5210,U006,10/11/2022,Expense,RENT,5760.0,Card,LUC,No Notes
T5510,U093,2023-10-09,Expense,travel,8875.0,upi,HYDERABAD,test
T3354,U107,2023-12-15,Expense,FOOD,4846.0,CARD,MUM,Restaurant dinner
T5415,U010,2021-07-22,Expense,Utility,2758.0,Bank_Transfer,PUN,No Notes
T8917,U006,11/06/2024,Expense,Educaton,5977.0,Bank Transfr,Bangalore,Medicine
T2707,U014,2022-10-06,Expense,Other,1845.0,UPI,jaipur,Restaurant dinner
T11726,U061,04-09-22,Expense,Utilties,5366.0,card,CHENNAI,ATM withdrawal
T11811,U078,2021-06-15,Expense,Foods,1141.0,csh,DELHI,Restaurant dinner
T13360,U045,27-04-22,Expense,savings,8981.0,CRD,CHE,Electricity bill
T7204,U092,2023-03-18,Expense,Travl,7309.0,cash,PUNE,ATM withdrawal
T0678,U125,07/24/2023,Expense,TRAVEL,6087.0,cash,DEL,Restaurant dinner
T3453,U070,20-08-2023,Expense,education,1544.0,,BAN,Lunch
T1104,U047,01/08/2021,Expense,FOOD,6656.0,csh,PUNE,asdfgh
T2452,U046,08/26/2022,Expense,travel,3767.0,Bank Transfr,MUMBAI,Electricity bill
T12617,U061,02-02-2023,Expense,Entertainment,9985.0,cash,Mumbai,Doctor consultation
T13300,U072,2022-10-20,Expense,Food,1819.0,CASH,LUC,Movie tickets
T12193,U022,14-04-2022,Income,Freelance,61884.0,bank transfer,JAIPUR,misc
T11191,U086,2021-02-14,Expense,FOOD,9427.0,Bank Transfr,BANGALORE,xyz123
T6270,U013,06/12/2023,Expense,HEALTH,4134.0,BankTransfer,pune,Gym membership
T7418,U139,12/04/2022,Expense,Helth,4860.0,,Jaipur,Shopping
T1794,U060,25-07-23,Expense,Entrtnmnt,1259.0,Card,Hyderabad,Internet bill
T1389,U138,2024-03-10,Expense,education,366.0,upi,bangalore,ATM withdrawal
T6048,U114,2021-05-14,Expense,education,8010.0,UPi,BANGALORE,Internet bill
T9523,U141,2023-03-26,Expense,Helth,2844.0,Bank Transfr,CHE,Coffee
T0383,U025,2023-11-16,Expense,travel,7031.0,CARD,delhi,Uber ride
T12340,U078,10-05-22,Expense,Utilities,2316.0,Card,Unknown,No Notes
T1602,U069,12-12-22,Expense,Entrtnmnt,5705.0,CARD,MUMBAI,Electricity bill
T9656,U077,2024-10-15,Expense,Rnt,9896.0,Csh,HYD,Internet bill
T13859,U005,26-08-21,Expense,FOOD,999999.0,Bank_Transfer,AHM,asdfgh
T0316,U138,2024-04-01,Expense,Rnt,7820.0,Card,MUM,EMI payment
T11575,U077,2023-08-26,Expense,Utlities,8341.0,Card,HYD,...
T8502,U133,28-04-21,Expense,TRAVEL,4002.0,Cash,Lucknow,test
T3950,U072,11-07-21,Expense,Foods,1548.0,Csh,ahmedabad,Uber ride
T1361,U118,09/02/2022,Expense,rent,8975.0,CARD,MUM,No Notes
T0852,U072,07/13/2024,Income,Others,78394.0,BankTransfer,MUM,misc
T2541,U026,09/21/2024,Income,Freelance,35621.0,CARD,Chennai,Books
T5967,U094,23-05-23,Expense,Utilities,9009.0,CASH,lucknow,Fixed deposit
T8050,U110,07-03-21,Expense,Utility,8022.0,CASH,CHE,No Notes
T8556,U108,25-02-2021,Expense,FOOD,4261.0,Csh,LUC,No Notes
T11460,U017,09/22/2022,Expense,Rent,17141.0,Crd,Mumbai,asdfgh
T9750,U077,21-12-2023,Expense,TRAVEL,4462.0,Crd,Ahmedabad,Coffee
T11663,U088,09/29/2021,Expense,Foods,2711.0,Bank Transfr,KOL,No Notes
T13725,U038,10/27/2024,Income,Freelance,31683.0,Csh,AHM,Grocery shopping
T2673,U013,11/11/2022,Expense,Utilities,4682.0,,Kolkata,Train ticket
T6659,U064,08/22/2023,Income,Freelance,58737.0,Crd,Unknown,Books
T9009,U027,01-07-22,Expense,Traval,1454.0,BankTransfer,delhi,Online course
T11416,U084,2024-06-11,Expense,Utlities,4518.0,Bank Transfer,HYDERABAD,No Notes
T0856,U140,06/26/2022,Expense,Fod,2407.0,,PUN,Lunch
T10074,U011,2022-11-16,Income,Salary,79544.0,CASH,JAI,Online course
T2124,U108,2022-02-26,Expense,Foods,621.0,Upi,PUN,Shopping
T0992,U013,12-05-22,Expense,Foodd,989.0,bank transfer,CHE,Grocery shopping
T0226,U042,2023-04-22,Expense,health,8499.0,upi,pune,Monthly rent payment
T8929,U020,26-01-2023,Expense,Utilities,9394.0,upi,KOLKATA,Doctor consultation
T5600,U066,2023-02-09,Expense,Traval,1044.0,Crd,HYDERABAD,Petrol
T2366,U025,18-02-23,Expense,Foodd,2564.0,Bank Transfer,HYD,No Notes
T7507,U011,2024-04-16,Income,Investment,48387.0,Upi,LUC,Medicine
T0803,U032,03/11/2022,Expense,Educaton,9114.0,Upi,pune,Uber ride
T12369,U091,05-08-2022,Income,Freelance,21518.0,CASH,DEL,Doctor consultation
T12466,U013,12/06/2024,Expense,Utilties,6511.0,Bank Transfer,BAN,Petrol
T6985,U136,05/23/2023,Expense,food,1051.0,UPI,CHE,...
T11046,U064,2022-10-26,Expense,Travl,498.0,bank transfer,BAN,Lunch
T11229,U064,2024-09-09,Income,Salary,42681.0,cash,lucknow,EMI payment
T4496,U002,19-08-23,Expense,Others,4349.0,Csh,Bangalore,Books
T11198,U121,02/04/2021,Income,Freelance,25759.0,Crd,Unknown,No Notes
T11954,U021,03/14/2023,Expense,food,103.0,Cash,MUM,Movie tickets
T1303,U094,06-10-2022,Expense,utilities,7330.0,Upi,DEL,Monthly rent payment
T10577,U123,04-08-21,Expense,Education,3455.0,UPI,Unknown,No Notes
T6171,U100,22-09-23,Expense,food,8332.0,Card,hyderabad,Uber ride
T13381,U070,2024-09-25,Expense,Rentt,16809.0,Upi,AHMEDABAD,No Notes
T9541,U030,2022-01-18,Expense,Rent,18898.0,Csh,HYDERABAD,No Notes
T9385,U073,2021-06-26,Expense,Rent,25045.0,,ahmedabad,No Notes
T5528,U054,03/22/2022,Expense,Food,3819.0,CASH,Mumbai,ATM withdrawal
T7662,U121,03/07/2021,Income,Investment,40679.0,Cash,bangalore,Medicine
T1322,U149,2023-08-31,Expense,Entrtnmnt,6696.0,,Pune,Internet bill
T3646,U021,2024-05-21,Expense,Utility,1263.0,bank transfer,CHE,...
T9008,U102,01-08-24,Expense,Travel,8631.0,CRD,Chennai,Grocery shopping
T2110,U088,2024-09-23,Expense,Travel,4761.0,Bank_Transfer,JAIPUR,Petrol
T0662,U067,08/20/2022,Expense,Other,6018.0,CRD,ahmedabad,misc
T4159,U143,12/08/2024,Expense,TRAVEL,3950.0,Bank Transfer,Bangalore,Online course
T6887,U073,11-06-24,Expense,FOOD,6218.0,Csh,Unknown,No Notes
T7583,U119,2022-11-11,Expense,Traval,8152.0,UPi,JAIPUR,Monthly rent payment
T11196,U086,10/08/2021,Expense,Utlities,3835.0,Bank_Transfer,pune,No Notes
T0895,U116,09/24/2022,Expense,Utlities,7065.0,cash,Kolkata,No Notes
T4117,U028,12/29/2022,Income,Others,70404.0,upi,PUNE,Grocery shopping
T12520,U108,22-06-24,Expense,Educaton,9623.0,csh,JAI,Online course
T8789,U140,05/25/2021,Expense,Utility,2105.0,Cash,chennai,Shopping
T12182,U015,2022-01-22,Expense,Utilties,6296.0,UPi,Mumbai,Train ticket
T5146,U063,2024-01-14,Income,Bonus,68895.0,upi,kolkata,Petrol
T1991,U018,02/01/2021,Expense,RENT,4095.0,CASH,DELHI,Coffee
T9913,U096,2022-11-14,Expense,Rnt,4053.0,CASH,pune,Gym membership
T10871,U019,18-07-23,Expense,Foodd,764.0,upi,lucknow,Lunch
T12442,U068,03/02/2022,Expense,Education,6908.0,Bank Transfer,CHE,!!!
T2215,U082,2024-07-27,Expense,Rent,15950.0,UPi,kolkata,No Notes
T13118,U080,2024-11-11,Expense,rent,7604.0,cash,DEL,Petrol
T9580,U059,06/06/2024,Expense,education,8924.0,csh,lucknow,Uber ride
T6059,U066,06-04-2021,Expense,food,1741.0,Card,Chennai,Monthly rent payment
T5935,U122,2021-09-15,Expense,Foodd,1204.0,CARD,HYDERABAD,Grocery shopping
T11379,U119,20-05-2024,Expense,Educaton,240.0,UPI,pune,Doctor consultation
T8178,U002,06/24/2024,Expense,entertainment,8849.0,Bank Transfr,Unknown,EMI payment
T4816,U042,19-05-23,Expense,Entertain,7423.0,csh,PUN,...
T4541,U038,2024-02-19,Expense,Utlities,8016.0,CARD,JAIPUR,Monthly rent payment
T0984,U038,06/30/2023,Expense,Utlities,3294.0,Csh,Ahmedabad,Doctor consultation
T9176,U036,04/20/2023,Expense,FOOD,1366.0,CRD,Unknown,Uber ride
T3135,U056,03-08-22,Expense,Health,1759.0,Bank_Transfer,PUNE,No Notes
T6396,U113,04-03-22,Expense,Foods,889.0,Bank Transfer,BAN,Movie tickets
T8880,U056,15-07-2023,Expense,Food,4492.0,,DEL,xyz123
T10131,U127,09/14/2021,Expense,Fod,5415.0,CRD,AHMEDABAD,asdfgh
T11590,U004,12-01-21,Expense,Entrtnmnt,9914.0,UPI,AHMEDABAD,ATM withdrawal
T4181,U067,18-01-21,Expense,Food,4588.0,Upi,KOLKATA,EMI payment
T11491,U016,2023-02-01,Expense,Foodd,4827.0,Bank Transfr,DEL,Coffee
T3440,U038,2024-09-11,Expense,Travel,9238.0,CRD,Delhi,Electricity bill
T5596,U012,2023-08-24,Expense,food,8794.0,cash,lucknow,Monthly rent payment
T2187,U027,2022-10-03,Income,Investment,66678.0,bank transfer,DEL,Grocery shopping
T5227,U062,09/03/2022,Expense,FOOD,7423.0,,ahmedabad,EMI payment
T13200,U115,25-07-23,Expense,Rent,37330.0,Bank Transfr,JAI,xyz123
T9696,U140,28-12-23,Expense,Rent,22188.0,Crd,BANGALORE,ATM withdrawal
T12855,U033,02/16/2024,Expense,entertainment,6865.0,csh,bangalore,No Notes
T6864,U083,2024-04-06,Expense,travel,8216.0,CRD,hyderabad,No Notes
T10313,U108,01/17/2024,Income,Others,47866.0,csh,JAI,No Notes
T2822,U058,2024-02-04,Expense,Rentt,21785.0,cash,delhi,Internet bill
T0753,U031,01/03/2023,Expense,food,3515.0,CASH,AHM,No Notes
T5857,U111,11-11-2022,Income,Others,56034.0,Card,hyderabad,xyz123
T0645,U108,2023-04-21,Expense,Rentt,10276.0,upi,AHMEDABAD,Online course
T7937,U019,03/28/2024,Income,Bonus,26084.0,Bank Transfr,pune,xyz123
T3360,U019,2022-05-16,Expense,,3722.0,BankTransfer,Unknown,Internet bill
T8112,U125,03-05-2022,Expense,food,105.0,CARD,BANGALORE,EMI payment
T4914,U014,2024-04-30,Expense,Utilties,8100.0,Csh,Chennai,Books
T12816,U084,2024-11-07,Expense,Food,2092.0,UPI,LUCKNOW,No Notes
T2337,U123,05/18/2021,Expense,utilities,8742.0,Crd,JAIPUR,Restaurant dinner
T3572,U109,06/27/2024,Expense,Utilties,3364.0,card,Ahmedabad,Doctor consultation
T2869,U021,09/11/2022,Income,Salary,20939.0,cash,CHENNAI,test
T2674,U023,09-04-21,Expense,Fod,5085.0,upi,Unknown,xyz123
T2634,U030,31-12-22,Expense,rent,5894.0,Csh,pune,No Notes
T7840,U120,08/20/2022,Expense,Entertain,8571.0,upi,bangalore,Coffee
T5020,U091,2021-07-09,Expense,FOOD,4398.0,Crd,BANGALORE,Doctor consultation
T3833,U023,2022-03-21,Expense,Utilties,571.0,Csh,HYD,EMI payment
T1760,U139,09/02/2021,Income,Others,22568.0,,kolkata,asdfgh
T7732,U079,01/06/2021,Expense,Foods,1170.0,upi,jaipur,No Notes
T10111,U113,05/08/2023,Expense,rent,4061.0,,kolkata,Coffee
T5172,U031,2024-08-30,Expense,Fod,8167.0,CASH,bangalore,...
T4851,U121,12/16/2022,Expense,rent,937.0,CASH,CHENNAI,Petrol
T13756,U041,07/10/2021,Expense,food,4488.0,cash,chennai,Books
T1224,U005,12-04-24,Expense,Foods,58.0,cash,HYDERABAD,Fixed deposit
T6803,U130,2023-06-05,Expense,Utilties,6631.0,Bank_Transfer,bangalore,Grocery shopping
T4628,U108,2024-02-17,Expense,Traval,7483.0,CASH,BAN,No Notes
T1257,U066,2022-03-05,Expense,Foodd,4285.0,card,Kolkata,No Notes
T11608,U075,11-10-23,Expense,Rentt,13420.0,csh,MUMBAI,Train ticket
T2015,U105,05-10-2021,Expense,Health,5797.0,Crd,Unknown,!!!
T10921,U024,09-07-2023,Expense,utilities,4240.0,Bank Transfr,Bangalore,Gym membership
T10881,U032,04/17/2021,Expense,Foodd,2900.0,Crd,Delhi,xyz123
T11463,U074,2021-04-26,Expense,Utility,2830.0,Bank Transfer,BANGALORE,Monthly rent payment
T8577,U040,10/23/2023,Income,Others,67913.0,Bank Transfer,Pune,Shopping
T7837,U039,08-09-2024,Expense,TRAVEL,3967.0,cash,Jaipur,No Notes
T0481,U040,2023-06-08,Income,Investment,63317.0,Upi,bangalore,Gym membership
T8375,U039,2022-09-21,Expense,,5341.0,Csh,bangalore,!!!
T11117,U137,14-06-2024,Expense,Foodd,377.0,card,mumbai,Gym membership
T10542,U001,2021-07-11,Expense,Rentt,27587.0,upi,chennai,No Notes
T11259,U105,21-12-21,Expense,TRAVEL,8273.0,UPi,Jaipur,Monthly rent payment
T4237,U012,01/09/2023,Expense,Rent,6916.0,upi,Bangalore,Lunch
T3876,U044,2024-09-01,Expense,Misc,1411.0,Cash,PUNE,Coffee
T3656,U105,07-08-2024,Expense,travel,599.0,CRD,LUCKNOW,Restaurant dinner
T7351,U008,2023-11-28,Expense,Entertain,2264.0,bank transfer,PUN,Lunch
T6457,U034,12/22/2024,Expense,others,1684.0,Bank_Transfer,Mumbai,No Notes
T3238,U096,31-05-2023,Expense,Fod,2971.0,Upi,Unknown,Movie tickets
T10862,U085,29-04-21,Expense,Rentt,18745.0,Upi,Unknown,Restaurant dinner
T0490,U096,28-05-23,Expense,FOOD,7298.0,upi,KOLKATA,Uber ride
T13347,U087,08/05/2022,Income,Investment,20871.0,,AHMEDABAD,Train ticket
T11729,U014,2024-01-03,Expense,rent,4278.0,CRD,MUM,Medicine
T7254,U046,05/23/2021,Expense,food,5443.0,Card,bangalore,asdfgh
T11939,U117,2024-02-06,Expense,EDU,4571.0,Bank Transfr,lucknow,No Notes
T11510,U045,2024-11-08,Expense,RENT,7918.0,,Pune,No Notes
T6213,U088,2021-02-14,Expense,TRAVEL,2174.0,CASH,PUN,Fixed deposit
T1201,U091,2021-05-09,Expense,others,1211.0,CASH,DELHI,No Notes
T4504,U054,2021-01-23,Expense,Travl,2143.0,csh,CHE,Lunch
T13041,U037,2022-09-15,Expense,Entrtnmnt,4123.0,,Unknown,Monthly rent payment
T6720,U111,2024-07-16,Expense,Food,2363.0,UPI,BANGALORE,...
T0968,U138,2022-04-14,Income,Salary,46537.0,Cash,HYD,Medicine
T1505,U138,02/18/2023,Expense,,8099.0,Csh,Chennai,No Notes
T8739,U089,2021-06-06,Expense,entertainment,5119.0,CRD,Unknown,Gym membership
T0822,U062,08-11-23,Expense,TRAVEL,5656.0,card,Unknown,Books
T10748,U088,2021-07-14,Expense,FOOD,9465.0,Bank Transfer,CHE,No Notes
T10795,U139,02-05-24,Expense,Rnt,8120.0,upi,MUM,Lunch
T8155,U017,2024-03-18,Expense,Utilties,7677.0,Upi,chennai,...
T3775,U118,08-11-21,Expense,Entertainment,690.0,Bank Transfer,DELHI,Petrol
T6763,U139,31-08-21,Expense,SAVINGS,2788.0,csh,LUC,Books
T5524,U093,2023-11-05,Income,Others,63241.0,UPI,Pune,...
T8383,U023,07/05/2022,Expense,Utlities,3875.0,upi,Mumbai,No Notes
T11423,U059,2023-12-10,Income,,23945.0,cash,HYD,No Notes
T4586,U023,2024-06-15,Expense,RENT,9095.0,Bank Transfr,Kolkata,No Notes
T9926,U089,03/29/2021,Expense,Entertain,2124.0,Upi,jaipur,No Notes
T13977,U102,11-11-24,Expense,RENT,2215.0,csh,Delhi,Movie tickets
T10625,U138,30-08-2024,Expense,Foods,3659.0,Cash,delhi,Uber ride
T10782,U071,2023-08-02,Expense,entertainment,6780.0,Upi,PUN,!!!
T9992,U067,12/25/2023,Expense,food,8376.0,Csh,chennai,xyz123
T3664,U088,10/13/2024,Income,Bonus,52838.0,,Chennai,ATM withdrawal
T4656,U049,21-06-21,Expense,Utilities,3850.0,Upi,LUC,Restaurant dinner
T10953,U081,09/22/2023,Expense,Rent,43160.0,csh,Delhi,misc
T6341,U139,08/15/2022,Expense,travel,2306.0,Bank_Transfer,Chennai,Electricity bill
T1720,U006,2022-06-24,Income,Investment,79219.0,Csh,BAN,!!!
T8126,U008,02/21/2023,Expense,Utlities,2118.0,CRD,Mumbai,Restaurant dinner
T8233,U051,17-10-2022,Expense,Traval,929.0,bank transfer,Chennai,Gym membership
T12736,U001,2021-10-08,Expense,EDU,9376.0,upi,Mumbai,asdfgh
T8622,U082,09/07/2022,Income,Bonus,15507.0,upi,Jaipur,Movie tickets
T6663,U031,09/11/2023,Expense,Utility,8297.0,BankTransfer,CHENNAI,Gym membership
T3982,U032,10-11-23,Expense,EDU,5715.0,CASH,PUN,Shopping
T9642,U078,2021-09-21,Expense,FOOD,6517.0,UPI,chennai,asdfgh
T10716,U031,2022-12-31,Income,Bonus,60268.0,BankTransfer,Unknown,Shopping
T9445,U001,2023-08-24,Expense,FOOD,7321.0,,hyderabad,EMI payment
T11897,U019,2023-12-25,Expense,Health,2956.0,UPI,JAI,!!!
T13308,U008,01/04/2021,Expense,Other,9977.0,UPI,KOL,Medicine
T2833,U064,12/26/2024,Expense,Entrtnmnt,9494.0,card,hyderabad,asdfgh
T9339,U078,04/06/2022,Expense,Fod,2467.0,UPI,AHM,Shopping
T11501,U125,2024-11-14,Expense,Entertainment,2949.0,Bank_Transfer,DELHI,Internet bill
T11521,U067,2024-05-14,Income,Bonus,32133.0,bank transfer,Bangalore,Train ticket
T1045,U122,08/06/2021,Expense,Education,7424.0,,HYDERABAD,xyz123
T4594,U047,01/03/2024,Expense,Utlities,6129.0,cash,Pune,Books
T11477,U003,06/09/2021,Expense,Traval,313.0,Csh,hyderabad,Online course
T4626,U138,17-11-22,Expense,Rentt,19997.0,CASH,MUMBAI,No Notes
T7625,U108,28-04-23,Expense,education,7209.0,UPi,bangalore,asdfgh
T8550,U028,2022-11-02,Income,Investment,73222.0,Card,mumbai,asdfgh
T12778,U124,10/08/2024,Expense,utilities,7239.0,CRD,DEL,Restaurant dinner
T12889,U106,23-05-21,Expense,,7077.0,CARD,bangalore,Medicine
T13822,U122,07/02/2023,Expense,Entertain,452.0,Csh,Unknown,Books
T4667,U069,21-07-21,Expense,Helth,4367.0,upi,JAI,Uber ride
T13168,U139,07/21/2022,Expense,Rentt,45118.0,csh,BANGALORE,Fixed deposit
T4746,U128,01-10-24,Expense,Entertain,9407.0,bank transfer,Kolkata,Lunch
T5403,U042,16-03-2021,Expense,Rent,5516.0,Upi,KOL,xyz123
T8671,U029,11-07-2021,Expense,Rent,11641.0,Crd,DELHI,Restaurant dinner
T10486,U081,2023-01-20,Expense,,6188.0,CRD,Delhi,No Notes
T7416,U125,01/01/2021,Income,Freelance,61361.0,CARD,JAIPUR,ATM withdrawal
T5035,U045,20-01-22,Expense,Travl,2688.0,,KOL,Petrol
T9011,U117,07/21/2021,Expense,Rent,8144.0,UPI,ahmedabad,Monthly rent payment
T5705,U036,05/08/2021,Expense,TRAVEL,8092.0,csh,AHM,No Notes
T12289,U056,2024-10-01,Expense,Travl,1869.0,CARD,kolkata,Books
T10801,U138,2024-03-27,Expense,Food,2035.0,card,JAIPUR,Electricity bill
T5951,U068,08/17/2021,Income,Investment,19998.0,Bank Transfr,Hyderabad,misc
T6370,U036,05/29/2022,Expense,Foodd,4571.0,Crd,MUM,Gym membership
T6559,U004,02/14/2021,Expense,entertainment,3180.0,CASH,Delhi,Internet bill
T2839,U140,2023-01-24,Expense,travel,7635.0,card,Unknown,asdfgh
T7161,U038,10/14/2023,Expense,SAVINGS,8015.0,Crd,kolkata,Uber ride
T0348,U050,18-12-2021,Expense,Food,4180.0,CARD,DELHI,Train ticket
T11311,U113,2024-05-17,Expense,Utlities,4416.0,Crd,BANGALORE,Movie tickets
T3545,U131,2023-09-22,Expense,FOOD,8927.0,Csh,Unknown,!!!
T5650,U023,02/05/2023,Expense,TRAVEL,7851.0,UPi,AHM,!!!
T7424,U098,26-07-22,Expense,Foods,2061.0,csh,Chennai,Electricity bill
T9372,U009,10/20/2021,Expense,Travl,1734.0,CARD,bangalore,Internet bill
T13726,U128,28-05-2023,Expense,Entrtnmnt,9730.0,Cash,LUC,No Notes
T7687,U029,13-04-24,Expense,Fod,6632.0,card,Mumbai,No Notes
T11918,U116,10/23/2024,Expense,travel,9874.0,BankTransfer,Bangalore,Electricity bill
T1818,U064,26-06-2022,Expense,Travel,2143.0,Bank Transfer,Unknown,Internet bill
T6527,U101,05-11-2024,Expense,Rnt,1708.0,csh,CHENNAI,Grocery shopping
T11959,U085,04/20/2024,Expense,entertainment,6683.0,UPi,Unknown,Train ticket
T2317,U106,05/30/2022,Income,Freelance,58697.0,Upi,AHMEDABAD,asdfgh
T2856,U025,2023-02-08,Expense,Entertain,4766.0,Bank Transfr,BANGALORE,Books
T4356,U021,12/20/2024,Expense,Rnt,8285.0,Card,Ahmedabad,misc
T4210,U116,2023-10-29,Expense,RENT,2548.0,UPi,Chennai,No Notes
T6001,U074,23-06-21,Income,Others,75088.0,Upi,kolkata,Books
T11779,U076,17-01-2023,Expense,Rentt,12924.0,BankTransfer,Ahmedabad,Petrol
T8406,U144,10/22/2021,Income,,66829.0,Bank_Transfer,BAN,Medicine
T12030,U103,17-09-2021,Expense,Travel,252.0,card,pune,Doctor consultation
T0589,U134,2022-07-06,Expense,RENT,6030.0,CARD,PUNE,misc
T10659,U019,2024-10-21,Expense,Traval,562.0,upi,Delhi,No Notes
T8678,U077,04/21/2021,Income,Investment,560681.0,UPI,chennai,ATM withdrawal
T9473,U002,03/26/2024,Expense,savings,7688.0,UPI,Unknown,Petrol
T7671,U141,2021-08-03,Expense,food,2671.0,bank transfer,Mumbai,...
T7176,U071,06/01/2023,Expense,food,7787.0,UPi,Unknown,Medicine
T2819,U131,2021-07-19,Expense,Utilties,3056.0,card,BANGALORE,Shopping
T3136,U117,10/30/2023,Expense,Foodd,1506.0,csh,jaipur,Train ticket
T13798,U048,01/01/2023,Expense,Education,6272.0,Csh,Ahmedabad,!!!
T6920,U073,16-03-21,Expense,Rentt,16229.0,Upi,AHM,No Notes
T4751,U013,29-03-22,Income,Others,694720.0,Bank Transfr,JAIPUR,No Notes
T12490,U017,09-05-23,Expense,entertainment,3706.0,Bank_Transfer,jaipur,misc
T13493,U019,12/01/2022,Expense,FOOD,2714.0,,Unknown,Books
T10922,U082,2022-12-01,Expense,Utilities,4497.0,csh,delhi,Train ticket
T0885,U143,2023-11-29,Expense,Entertainment,6068.0,card,Unknown,Coffee
T4901,U084,31-05-24,Expense,Foods,3018.0,bank transfer,Bangalore,Train ticket
T8038,U013,20-08-2021,Expense,rent,1343.0,Upi,CHE,Internet bill
T10555,U142,2022-01-18,Income,Bonus,35784.0,cash,JAI,ATM withdrawal
T8272,U023,2023-10-29,Expense,Utlities,5887.0,Csh,Unknown,Lunch
T2421,U077,2023-07-24,Expense,Utilties,1705.0,bank transfer,Unknown,Fixed deposit
T4216,U063,2022-05-04,Expense,Travel,329.0,Cash,HYDERABAD,ATM withdrawal
T13809,U095,09-01-22,Expense,education,2729.0,cash,CHENNAI,No Notes
T4543,U043,2021-02-20,Expense,Utlities,8670.0,upi,jaipur,Gym membership
T12214,U035,2022-04-09,Expense,Rentt,46872.0,Bank Transfer,Chennai,misc
T7835,U081,17-10-2021,Income,Bonus,44435.0,UPI,Hyderabad,No Notes
T4510,U027,26-01-2022,Expense,RENT,8427.0,Bank Transfr,PUNE,Train ticket
T2117,U086,23-06-23,Expense,HEALTH,6076.0,CRD,DEL,Internet bill
T11854,U005,09-07-2023,Income,Bonus,59292.0,Upi,KOLKATA,No Notes
T10781,U146,03-01-2022,Expense,Misc,2659.0,Upi,PUNE,Train ticket
T11738,U096,2022-10-03,Expense,Foodd,4217.0,CARD,CHE,Uber ride
T3038,U134,03/07/2022,Expense,Travel,9267.0,CASH,bangalore,Shopping
T6229,U135,05/18/2022,Expense,Traval,3459.0,CRD,KOLKATA,Monthly rent payment
T1071,U011,07-11-2023,Expense,Food,4512.0,Bank Transfer,CHE,ATM withdrawal
T11195,U054,2021-05-15,Expense,Fod,5085.0,CASH,kolkata,xyz123
T1644,U070,10/09/2024,Expense,Entertain,2983.0,Upi,pune,No Notes
T13755,U047,04/02/2024,Expense,savings,8668.0,card,AHMEDABAD,Books
T0655,U036,2023-12-07,Expense,Helth,5640.0,Bank_Transfer,Unknown,test
T0460,U096,2021-10-03,Expense,FOOD,3582.0,CRD,PUNE,asdfgh
T6948,U033,2024-11-04,Expense,Travl,7614.0,Bank_Transfer,HYDERABAD,misc
T9996,U061,02/26/2022,Income,Salary,65055.0,Cash,jaipur,ATM withdrawal
T12796,U068,02/19/2023,Expense,FOOD,6339.0,Upi,Kolkata,test
T2379,U083,05/02/2023,Expense,Entertainment,3999.0,Bank Transfer,JAI,Grocery shopping
T2781,U122,22-07-2023,Expense,FOOD,9447.0,Bank_Transfer,kolkata,No Notes
T1564,U050,02/22/2021,Expense,rent,2667.0,Upi,Unknown,!!!
T11777,U124,2021-06-19,Expense,utilities,9814.0,Card,Ahmedabad,No Notes
T10713,U148,03/30/2021,Expense,Entertainment,1333.0,upi,BANGALORE,misc
T8533,U072,03-09-21,Expense,Others,3582.0,upi,MUM,asdfgh
T3765,U108,11-08-2022,Expense,utilities,8116.0,CARD,Unknown,Electricity bill
T11235,U150,22-09-2022,Expense,Rent,18870.0,UPI,KOLKATA,Electricity bill
T12988,U146,01/03/2024,Expense,Rent,10241.0,CRD,lucknow,Electricity bill
T8356,U007,2023-06-08,Income,Others,63888.0,Cash,Unknown,Grocery shopping
T5949,U025,13-04-21,Income,Bonus,65298.0,bank transfer,AHM,Doctor consultation
T1487,U150,2023-03-01,Expense,TRAVEL,1248.0,BankTransfer,PUN,No Notes
T11302,U121,03-05-24,Expense,rent,9427.0,Card,LUC,Books
T4397,U067,06/27/2021,Expense,food,5335.0,,Pune,xyz123
T8529,U057,22-02-2021,Expense,Health,9377.0,CASH,Lucknow,Electricity bill
T6545,U051,07/05/2021,Expense,Travl,4734.0,,bangalore,No Notes
T0768,U071,2022-05-08,Expense,food,5892.0,upi,Pune,Books
T8875,U130,11/13/2023,Expense,Rentt,45115.0,UPI,MUM,Monthly rent payment
T0693,U100,18-12-24,Expense,Travl,3945.0,CRD,CHE,Fixed deposit
T10433,U146,08-05-22,Expense,Traval,1097.0,card,Delhi,Gym membership
T13367,U071,2022-12-26,Expense,Entrtnmnt,7780.0,bank transfer,Unknown,Gym membership
T1595,U123,15-05-23,Expense,Food,3405.0,Card,ahmedabad,Monthly rent payment
T13049,U133,11-10-2024,Expense,food,9973.0,Upi,ahmedabad,Train ticket
T1038,U069,06/03/2021,Expense,Rnt,8343.0,Crd,HYDERABAD,No Notes
T5229,U036,2021-07-27,Income,Freelance,29722.0,csh,DEL,misc
T0950,U104,01/23/2024,Expense,entertainment,4218.0,upi,CHENNAI,xyz123
T11102,U006,2024-05-12,Expense,rent,7495.0,CARD,mumbai,Grocery shopping
T7004,U067,2024-12-28,Expense,RENT,9302.0,CASH,kolkata,xyz123
T11578,U040,22-06-24,Expense,Rentt,999999.0,Upi,Unknown,Books
T9867,U149,29-12-24,Expense,EDU,6986.0,card,LUC,Petrol
T10683,U144,2024-12-12,Expense,entertainment,4274.0,Cash,Chennai,Monthly rent payment
T0575,U068,2021-03-08,Expense,Education,9063.0,cash,Lucknow,Uber ride
T0963,U114,10/06/2021,Expense,RENT,7579.0,bank transfer,BAN,Online course
T6959,U056,25-08-2021,Expense,Foodd,3559.0,Upi,Unknown,Medicine
T2620,U037,2024-06-02,Expense,Utilities,6648.0,bank transfer,Unknown,Electricity bill
T5199,U062,2022-07-11,Expense,food,3787.0,Bank_Transfer,jaipur,Coffee
T3794,U099,11/26/2024,Expense,Foodd,3384.0,Bank Transfer,BAN,No Notes
T10134,U128,06/21/2022,Income,Bonus,59549.0,upi,AHM,misc
T1887,U061,2024-01-21,Expense,Foods,3891.0,CARD,LUCKNOW,Internet bill
T9998,U114,17-04-22,Income,Salary,65607.0,Cash,Lucknow,Medicine
T9199,U031,27-07-2021,Expense,Travl,3895.0,Bank Transfer,Pune,No Notes
T13314,U103,07-02-2021,Expense,SAVINGS,7787.0,Bank Transfer,LUCKNOW,Medicine
T3809,U041,06/25/2021,Expense,Food,1327.0,CASH,PUNE,Online course
T10249,U117,2021-06-19,Expense,Travl,2087.0,UPI,Mumbai,xyz123
T12431,U036,03/23/2024,Expense,Food,54.0,UPi,Delhi,test
T3598,U093,11/25/2022,Expense,Rent,12909.0,Card,delhi,Monthly rent payment
T9444,U035,25-07-23,Expense,Travel,7809.0,cash,Ahmedabad,xyz123
T1346,U093,03/07/2021,Expense,Utilties,234.0,Crd,Unknown,asdfgh
T5430,U030,07/20/2024,Expense,Rnt,2507.0,CRD,MUMBAI,Electricity bill
T9831,U051,2022-05-17,Expense,Rent,45403.0,Crd,kolkata,Books
T10306,U034,2021-08-02,Expense,FOOD,3085.0,Crd,mumbai,Doctor consultation
T2893,U048,2022-01-01,Income,Others,38469.0,UPI,LUC,asdfgh
T8811,U068,2022-04-03,Expense,Entertainment,1648.0,Bank Transfr,LUCKNOW,Lunch
T0012,U049,10/15/2021,Expense,Entertainment,9116.0,Cash,CHE,Petrol
T10701,U137,12-04-24,Expense,Rentt,13141.0,bank transfer,PUNE,Movie tickets
T5303,U023,03/11/2024,Expense,FOOD,7796.0,csh,AHMEDABAD,EMI payment
T2210,U042,01/20/2024,Expense,Rent,9920.0,UPI,LUC,No Notes
T3857,U088,09-06-24,Expense,Utilties,1162.0,UPi,LUCKNOW,Gym membership
T11316,U085,2022-07-09,Expense,FOOD,8403.0,UPI,Bangalore,No Notes
T1721,U056,2021-09-18,Expense,Foods,2487.0,card,Jaipur,asdfgh
T4899,U141,2021-04-24,Expense,Fod,7760.0,Crd,delhi,asdfgh
T8510,U052,2024-08-11,Expense,Food,1151.0,Crd,Ahmedabad,Petrol
T0601,U124,09/29/2023,Expense,RENT,6801.0,UPi,Ahmedabad,...
T3734,U022,01/11/2024,Expense,Foodd,479.0,cash,KOL,Medicine
T13857,U004,2024-11-04,Expense,Foods,4648.0,csh,DELHI,Lunch
T11136,U150,12-07-23,Expense,education,5821.0,Upi,Chennai,test
T11807,U010,2023-11-18,Expense,Rent,24749.0,bank transfer,CHE,No Notes
T1314,U135,15-08-24,Expense,Food,4276.0,Bank Transfer,Lucknow,No Notes
T1002,U003,2022-12-18,Expense,entertainment,3946.0,UPi,KOLKATA,!!!
T13078,U004,2024-07-02,Income,Bonus,37025.0,Bank Transfer,JAIPUR,Medicine
T9602,U071,09-05-22,Expense,food,5097.0,cash,mumbai,Medicine
T13178,U003,16-12-23,Expense,Rent,24451.0,bank transfer,Hyderabad,Movie tickets
T10685,U062,2022-01-20,Expense,Foods,3135.0,Cash,Mumbai,Internet bill
T5841,U052,2023-08-07,Expense,Traval,9637.0,Bank_Transfer,Pune,Monthly rent payment
T5778,U061,2023-08-22,Expense,,6634.0,Card,pune,Doctor consultation
T9893,U052,10-05-22,Expense,Rnt,6501.0,Upi,AHM,Online course
T0345,U005,10/01/2022,Expense,Educaton,999999.0,card,chennai,Fixed deposit
T9485,U140,08-08-23,Expense,Fod,6201.0,UPI,Hyderabad,No Notes
T5212,U125,02-11-24,Expense,Rnt,4970.0,Crd,mumbai,Grocery shopping
T9530,U144,08/07/2024,Income,Salary,21638.0,CASH,jaipur,Shopping
T10102,U144,2022-07-13,Expense,Rent,34920.0,UPi,MUMBAI,No Notes
T8113,U083,2023-02-05,Expense,EDU,1568.0,CRD,MUM,misc
T3272,U104,07/15/2022,Income,Salary,66223.0,Crd,Kolkata,Coffee
T12641,U035,2024-08-26,Expense,FOOD,1714.0,card,Bangalore,...
T1892,U019,2023-10-07,Expense,Utilities,9151.0,Card,MUM,Uber ride
T11867,U124,03-03-23,Expense,Entertainment,9124.0,Cash,Unknown,Movie tickets
T4753,U093,2023-09-24,Expense,Utilties,3614.0,Bank Transfer,Chennai,No Notes
T7714,U082,2023-08-17,Expense,Utlities,6628.0,Card,LUC,Restaurant dinner
T11615,U025,03-01-24,Income,Investment,35327.0,csh,mumbai,Fixed deposit
T4291,U117,12-07-23,Income,Freelance,78228.0,bank transfer,jaipur,No Notes
T9263,U004,2022-06-30,Income,Investment,76282.0,Upi,Mumbai,...
T3123,U131,2023-04-03,Expense,Entrtnmnt,4558.0,BankTransfer,PUN,Doctor consultation
T12595,U105,20-12-2024,Expense,Rent,34928.0,CARD,pune,No Notes
T3632,U104,2024-08-27,Expense,Food,1358.0,Csh,KOLKATA,No Notes
T3117,U124,03/06/2022,Expense,Utility,8176.0,upi,BANGALORE,No Notes
T8110,U065,04/23/2024,Expense,Fod,9509.0,card,mumbai,Doctor consultation
T0501,U105,2022-08-27,Expense,RENT,4682.0,CASH,Kolkata,Books
T0006,U036,06-07-21,Income,Freelance,18326.0,Bank_Transfer,JAI,Grocery shopping
T11260,U130,2021-05-23,Expense,Fod,8312.0,cash,AHM,No Notes
T5388,U052,2024-03-05,Expense,Foodd,2831.0,Csh,Delhi,Uber ride
T2442,U087,04/10/2021,Expense,HEALTH,3160.0,Csh,HYD,...
T12572,U031,2022-12-27,Expense,Entertainment,3661.0,card,PUNE,Train ticket
T1214,U004,08-05-24,Expense,FOOD,7251.0,UPi,DELHI,Petrol
T10562,U124,17-01-21,Expense,travel,252.0,CARD,Kolkata,Medicine
T2514,U116,2023-06-19,Expense,education,9487.0,card,Unknown,...
T3508,U018,07/26/2023,Expense,Entrtnmnt,3541.0,Bank Transfer,JAIPUR,!!!
T10351,U135,2024-10-13,Expense,food,1410.0,Bank Transfer,HYDERABAD,Uber ride
T2445,U145,2024-11-25,Expense,Rnt,481.0,upi,hyderabad,Medicine
T9538,U043,04/30/2022,Expense,Travel,3077.0,,ahmedabad,Gym membership
T7177,U132,2023-08-12,Expense,rent,8348.0,bank transfer,MUM,Gym membership
T7366,U038,10/29/2024,Expense,education,6201.0,Bank Transfr,Kolkata,Grocery shopping
T7947,U058,02-02-24,Expense,Utilties,2033.0,bank transfer,Chennai,Movie tickets
T3953,U119,03/15/2022,Expense,Travel,8505.0,upi,AHMEDABAD,ATM withdrawal
T12482,U138,04-12-22,Income,Bonus,14029.0,Csh,AHMEDABAD,No Notes
T12804,U032,11/01/2023,Expense,Rnt,6653.0,,mumbai,No Notes
T3449,U013,2023-10-25,Expense,rent,367.0,cash,mumbai,Gym membership
T7784,U061,20-03-22,Expense,Rnt,4283.0,BankTransfer,lucknow,Medicine
T1484,U072,05-08-21,Expense,Fod,7950.0,Bank Transfer,hyderabad,test
T9427,U150,2021-10-31,Income,Others,63302.0,Bank Transfr,pune,misc
T3909,U146,08-10-2022,Expense,entertainment,4455.0,CRD,pune,ATM withdrawal
T3395,U107,07/29/2024,Expense,utilities,7306.0,Upi,HYDERABAD,Gym membership
T10493,U066,09/27/2024,Expense,Entertainment,2854.0,CASH,LUCKNOW,Fixed deposit
T12999,U048,2023-12-26,Expense,Utility,3482.0,Upi,bangalore,ATM withdrawal
T3991,U018,2022-12-31,Expense,Fod,9622.0,Bank Transfr,Jaipur,No Notes
T12795,U003,2023-08-12,Expense,RENT,987.0,UPI,hyderabad,Petrol
T2790,U008,09/24/2024,Expense,entertainment,4674.0,card,AHMEDABAD,misc
T8014,U071,03/16/2022,Expense,Traval,2271.0,bank transfer,AHMEDABAD,No Notes
T13656,U107,2024-10-20,Expense,Food,2370.0,UPi,mumbai,ATM withdrawal
T3477,U039,2024-09-08,Expense,health,9925.0,Crd,JAIPUR,Movie tickets
T11915,U050,01/17/2021,Expense,entertainment,6896.0,csh,Mumbai,Uber ride
T7738,U068,2022-04-11,Expense,Foodd,1423.0,,lucknow,No Notes
T8508,U022,2024-06-27,Expense,Rent,30535.0,Card,Hyderabad,Medicine
T7473,U024,10/07/2021,Expense,entertainment,5250.0,Cash,KOL,Restaurant dinner
T3281,U111,2023-08-27,Expense,TRAVEL,1434.0,CASH,MUMBAI,No Notes
T7404,U117,2022-11-06,Expense,Rnt,1283.0,upi,Hyderabad,Restaurant dinner
T5997,U083,12/11/2023,Expense,Travel,7416.0,Card,chennai,...
T5335,U032,06-07-23,Income,Others,20644.0,Card,Jaipur,No Notes
T13631,U150,01/28/2022,Income,Salary,41388.0,UPI,Lucknow,Doctor consultation
T7519,U083,2021-03-09,Expense,Food,1373.0,card,mumbai,No Notes
T3761,U104,04-09-23,Expense,Health,344.0,,JAI,Lunch
T6727,U137,08/01/2024,Income,Bonus,22768.0,CRD,DELHI,Petrol
T4904,U016,2021-06-11,Expense,Other,1483.0,Bank_Transfer,Chennai,Lunch
T5550,U052,03/28/2023,Expense,Educaton,9047.0,Csh,Chennai,No Notes
T1592,U021,2023-10-20,Expense,Traval,3064.0,Bank_Transfer,jaipur,No Notes
T13544,U111,11-07-22,Income,Others,52828.0,Card,AHMEDABAD,!!!
T4249,U105,06/08/2023,Expense,Utilties,2922.0,Crd,AHM,Uber ride
T3433,U048,02/23/2021,Expense,FOOD,161.0,,mumbai,Train ticket
T0052,U021,02/23/2023,Expense,Traval,4261.0,bank transfer,BANGALORE,Doctor consultation
T13909,U019,2023-02-08,Expense,Travel,8159.0,,Mumbai,Grocery shopping
T6505,U062,01/03/2024,Expense,Foods,3479.0,Cash,BANGALORE,xyz123
T10282,U148,19-02-2024,Expense,Utilities,7670.0,cash,jaipur,misc
T5484,U034,08/12/2023,Expense,rent,9463.0,Csh,Jaipur,...
T10580,U099,2022-05-22,Expense,Utilities,7402.0,cash,MUM,No Notes
T11231,U101,06/23/2022,Expense,Entertainment,6155.0,Card,Kolkata,Grocery shopping
T3229,U126,22-07-22,Expense,Foodd,1759.0,CASH,KOL,Lunch
T8746,U012,12-09-2022,Expense,TRAVEL,6309.0,Bank_Transfer,KOLKATA,ATM withdrawal
T13567,U014,2024-12-27,Expense,Utlities,4619.0,UPi,Unknown,EMI payment
T0734,U085,2024-11-07,Expense,FOOD,6445.0,Bank Transfer,CHENNAI,No Notes
T3555,U039,06/22/2024,Expense,Rnt,8228.0,Csh,hyderabad,xyz123
T6877,U076,14-04-21,Expense,RENT,6209.0,UPi,HYD,No Notes
T8876,U078,2022-06-24,Expense,Utility,7585.0,UPI,Hyderabad,Shopping
T4644,U132,28-05-2022,Expense,Others,6576.0,Crd,chennai,Uber ride
T9633,U086,13-07-24,Expense,FOOD,635.0,upi,Unknown,Coffee
T3530,U082,07/06/2021,Expense,food,4426.0,Bank Transfer,DELHI,test
T7062,U135,06-06-21,Expense,Traval,5032.0,upi,MUMBAI,Uber ride
T9747,U055,18-03-24,Income,Others,41541.0,Upi,KOLKATA,Shopping
T7383,U119,07-02-2022,Expense,Fod,7027.0,Card,BANGALORE,Books
T2850,U104,2022-02-23,Expense,food,9649.0,upi,Kolkata,No Notes
T4028,U124,21-07-22,Expense,entertainment,9444.0,,Unknown,misc
T6528,U132,05/03/2022,Expense,Helth,7887.0,BankTransfer,BANGALORE,test
T13950,U005,04/30/2023,Expense,Health,5863.0,Cash,kolkata,Gym membership
T2713,U044,2024-01-24,Income,Investment,51168.0,UPI,KOL,asdfgh
T5898,U048,07/02/2023,Expense,Travel,8786.0,CRD,Ahmedabad,No Notes
T4295,U149,2021-05-05,Expense,Foodd,163.0,CRD,KOLKATA,test
T0853,U072,10/12/2023,Expense,Entertainment,7456.0,Bank Transfr,HYDERABAD,Monthly rent payment
T2867,U016,29-08-22,Expense,Entertain,5734.0,cash,Lucknow,...
T7772,U109,09/01/2022,Income,Salary,45981.0,upi,kolkata,Train ticket
T9833,U094,2023-01-31,Income,Bonus,76454.0,Card,Jaipur,test
T7766,U073,19-09-23,Expense,Rnt,7387.0,Upi,delhi,Uber ride
T1886,U063,08/24/2024,Expense,Rnt,5408.0,UPI,JAIPUR,Gym membership
T6956,U091,27-12-22,Expense,Utilities,630.0,CASH,pune,ATM withdrawal
T11245,U068,02-03-2021,Expense,Food,371.0,CRD,PUN,Doctor consultation
T10994,U096,27-10-21,Expense,Educaton,4824.0,CARD,MUMBAI,misc
T1931,U149,2023-01-18,Expense,RENT,7327.0,UPI,DELHI,...
T12439,U120,2022-03-24,Expense,RENT,8331.0,CRD,Jaipur,...
T2318,U127,01/12/2023,Expense,RENT,6882.0,CARD,JAIPUR,Petrol
T3603,U013,08-10-21,Expense,travel,9835.0,Card,CHENNAI,Books
T0739,U002,06/15/2021,Expense,rent,2594.0,Upi,Jaipur,xyz123
T8200,U022,19-03-2021,Expense,Rent,20584.0,csh,LUCKNOW,Online course
T11549,U045,2023-01-14,Expense,food,945.0,cash,Jaipur,Coffee
T10610,U127,19-04-23,Expense,utilities,5984.0,CRD,Bangalore,Grocery shopping
T13934,U054,2023-08-05,Income,Freelance,62296.0,upi,hyderabad,misc
T2417,U011,2024-11-08,Expense,RENT,2728.0,UPi,mumbai,Gym membership
T7852,U088,2023-01-31,Expense,Rnt,2016.0,UPI,Chennai,Grocery shopping
T13769,U059,11-01-24,Expense,Foods,4428.0,Card,hyderabad,Doctor consultation
T7094,U146,2023-08-23,Expense,food,4322.0,Csh,jaipur,xyz123
T10976,U092,2022-01-27,Expense,TRAVEL,3876.0,Bank Transfer,lucknow,Medicine
T9505,U113,15-12-2023,Expense,FOOD,9886.0,CARD,JAI,Gym membership
T11822,U040,24-02-22,Expense,food,6126.0,CRD,PUNE,Restaurant dinner
T10099,U060,05/14/2021,Expense,RENT,5216.0,Crd,lucknow,Electricity bill
T8341,U046,2022-09-17,Expense,utilities,4644.0,Crd,MUM,Gym membership
T11936,U022,11/26/2022,Expense,food,1424.0,Crd,LUC,Petrol
T5669,U109,27-07-24,Income,Bonus,76157.0,card,hyderabad,Online course
T6094,U149,07-12-21,Expense,RENT,5906.0,CARD,chennai,Train ticket
T3485,U050,2021-04-08,Expense,Helth,898.0,Cash,Bangalore,Online course
T2311,U025,24-04-2022,Expense,education,9248.0,Crd,Jaipur,Internet bill
T9907,U010,07-08-24,Expense,Entrtnmnt,2869.0,csh,KOLKATA,Coffee
T0326,U112,26-04-2024,Income,Others,593515.0,Bank_Transfer,DELHI,asdfgh
T3007,U057,2021-01-20,Income,Others,33910.0,Card,Unknown,Grocery shopping
T2081,U033,2022-10-13,Expense,Rent,17003.0,CARD,JAI,Shopping
T13742,U022,2022-10-01,Expense,utilities,8898.0,CARD,Hyderabad,xyz123
T7707,U025,2024-06-15,Expense,FOOD,3925.0,Upi,Kolkata,Coffee
T8629,U036,18-04-21,Expense,Rnt,8256.0,Crd,DEL,misc
T10196,U027,14-05-24,Income,Investment,61285.0,card,delhi,EMI payment
T2214,U055,21-12-2021,Expense,education,2176.0,Bank Transfer,delhi,No Notes
T1115,U035,21-03-2023,Expense,Travl,6398.0,bank transfer,AHMEDABAD,Monthly rent payment
T4654,U123,30-10-2021,Expense,rent,5527.0,UPi,Unknown,Coffee
T3004,U037,16-01-21,Income,Others,36201.0,csh,hyderabad,asdfgh
T2301,U038,2024-09-20,Expense,entertainment,5026.0,Bank Transfer,Unknown,test
T2114,U030,10/02/2022,Expense,Utilties,3520.0,card,Pune,Electricity bill
T8686,U059,2022-03-25,Expense,Utility,4985.0,Csh,Jaipur,EMI payment
T6604,U036,2024-02-07,Expense,Utility,2581.0,CARD,ahmedabad,!!!
T0020,U018,2022-07-26,Expense,Fod,552.0,UPI,PUN,No Notes
T8565,U108,2024-02-25,Expense,Food,4433.0,UPi,Unknown,Medicine
T13163,U105,04/10/2024,Expense,Helth,7451.0,cash,Ahmedabad,test
T13173,U040,2024-06-08,Expense,TRAVEL,4835.0,UPI,Unknown,Gym membership
T10204,U088,08-04-24,Expense,Rent,5256.0,Bank_Transfer,Ahmedabad,Books
T9524,U117,2024-02-05,Expense,food,9335.0,UPI,ahmedabad,Fixed deposit
T5989,U110,2022-02-26,Expense,Traval,6037.0,Bank Transfer,JAIPUR,Medicine
T3596,U006,2021-07-13,Income,Salary,70160.0,Bank_Transfer,BANGALORE,Internet bill
T11066,U126,2023-06-17,Income,Salary,57365.0,cash,AHMEDABAD,test
T0115,U098,10/15/2022,Expense,Utilties,7858.0,CARD,JAI,!!!
T5250,U028,28-11-2023,Expense,Foods,2685.0,,Unknown,No Notes
T12404,U027,2023-05-23,Expense,Utlities,4805.0,CARD,BAN,Grocery shopping
T2952,U123,21-12-2021,Expense,Entrtnmnt,1773.0,Upi,BAN,Train ticket
T7006,U145,12/25/2024,Expense,Travel,9255.0,card,Kolkata,xyz123
T13075,U067,2021-02-03,Expense,Foods,1238.0,Cash,kolkata,asdfgh
T13450,U058,05/05/2022,Expense,HEALTH,1346.0,Bank Transfer,jaipur,Movie tickets
T10630,U074,12/02/2023,Expense,Entrtnmnt,7532.0,cash,delhi,Restaurant dinner
T13098,U074,2024-08-13,Expense,Travel,1434.0,UPi,Kolkata,Train ticket
T8378,U080,15-11-22,Expense,Foodd,2193.0,Csh,Unknown,...
T4641,U029,28-06-24,Expense,Rnt,6471.0,Csh,Pune,Shopping
T3807,U012,14-07-23,Expense,Utlities,9822.0,CARD,KOL,Lunch
T0096,U028,26-06-22,Expense,Rnt,9304.0,Bank_Transfer,LUC,Restaurant dinner
T13201,U025,2023-03-07,Expense,Education,4600.0,Bank Transfer,PUNE,ATM withdrawal
T8190,U064,2023-06-25,Expense,Entrtnmnt,1248.0,Card,HYDERABAD,Lunch
T5990,U128,04/03/2021,Expense,Rnt,3260.0,CRD,JAIPUR,Books
T5041,U003,02-07-21,Expense,Entertainment,4439.0,upi,AHM,misc
T2074,U096,03-02-22,Expense,Entrtnmnt,9689.0,Crd,DEL,test
T2804,U011,12/20/2021,Expense,Others,1608.0,,Delhi,No Notes
T10636,U095,2023-06-20,Expense,Utlities,4135.0,csh,mumbai,misc
T9028,U075,08-12-2022,Expense,Travl,2030.0,bank transfer,Ahmedabad,Restaurant dinner
T3165,U087,22-06-22,Expense,Fod,6187.0,Upi,delhi,asdfgh
T3036,U112,11-02-2022,Expense,Education,6883.0,Bank Transfer,Hyderabad,Movie tickets
T2911,U130,2021-01-30,Expense,entertainment,4771.0,,chennai,...
T0638,U021,07-06-2023,Expense,Utlities,8933.0,UPi,PUN,Lunch
T10645,U078,18-03-24,Expense,Rentt,19183.0,bank transfer,BAN,Uber ride
T11344,U079,08/22/2024,Expense,Foodd,239.0,,JAI,Uber ride
T8795,U122,2024-08-25,Expense,EDU,8854.0,Upi,JAI,Doctor consultation
T2557,U075,04/19/2021,Expense,Travel,903.0,UPI,Lucknow,Internet bill
T6585,U076,11/22/2022,Expense,RENT,4676.0,Bank Transfer,mumbai,Movie tickets
T11353,U008,14-01-2021,Expense,EDU,6388.0,BankTransfer,AHMEDABAD,!!!
T3660,U140,2024-10-17,Income,Investment,25994.0,UPi,Jaipur,EMI payment
T11362,U037,2021-07-14,Income,Investment,41576.0,UPi,MUM,No Notes
T12854,U029,02/19/2022,Income,Investment,32948.0,,AHMEDABAD,Internet bill
T9648,U044,2021-09-25,Expense,Fod,4002.0,,Jaipur,No Notes
T6548,U005,03/27/2022,Expense,Entertainment,8754.0,Card,KOLKATA,asdfgh
T0943,U034,2024-02-08,Expense,Food,4193.0,UPi,Lucknow,Monthly rent payment
T5568,U099,2021-10-16,Expense,rent,716.0,csh,Pune,Doctor consultation
T11749,U120,2024-06-01,Expense,FOOD,4321.0,,lucknow,Train ticket
T3251,U038,08/13/2021,Expense,Foods,3906.0,Bank Transfer,DEL,!!!
T2091,U113,04/01/2024,Expense,Health,8309.0,cash,CHENNAI,ATM withdrawal
T5290,U135,2021-04-17,Expense,OTHERS,7264.0,card,delhi,Grocery shopping
T8125,U147,16-06-2023,Expense,,3607.0,Bank Transfr,PUN,Restaurant dinner
T2213,U130,15-05-23,Expense,Food,4784.0,csh,JAI,Grocery shopping
T5769,U098,2023-01-20,Expense,Educaton,1657.0,CASH,pune,Online course
T5242,U032,2021-08-04,Expense,Travel,9659.0,Crd,ahmedabad,Medicine
T11300,U129,03-11-24,Expense,RENT,6025.0,Upi,hyderabad,Grocery shopping
T3249,U010,2024-08-23,Income,Others,57012.0,bank transfer,KOLKATA,Movie tickets
T9493,U029,22-10-23,Expense,SAVINGS,782.0,Bank_Transfer,AHMEDABAD,Coffee
T13227,U007,12/09/2023,Expense,Fod,7409.0,UPI,MUMBAI,Online course
T0967,U068,2024-04-10,Expense,FOOD,5031.0,CASH,CHENNAI,No Notes
T11354,U149,01/13/2023,Expense,Travel,3257.0,UPI,hyderabad,Doctor consultation
T9083,U066,21-03-23,Expense,rent,8901.0,,hyderabad,Uber ride
T2392,U048,2023-09-11,Income,Investment,64214.0,UPI,PUN,xyz123
T2506,U013,12/31/2022,Expense,Traval,8023.0,card,HYD,Gym membership
T10410,U028,10/21/2022,Expense,TRAVEL,3541.0,Bank Transfer,PUNE,test
T1943,U131,05-01-23,Expense,Travl,1426.0,UPI,PUNE,Internet bill
T0423,U108,02-06-22,Expense,Fod,6096.0,CASH,Jaipur,Monthly rent payment
T7430,U056,2023-10-10,Expense,Rentt,41043.0,csh,DELHI,Gym membership
T6045,U062,2024-05-18,Expense,Food,3341.0,Bank Transfer,BAN,ATM withdrawal
T13907,U091,2024-11-28,Expense,Foods,2460.0,UPi,Unknown,Internet bill
T6462,U074,2021-11-28,Expense,OTHERS,162.0,card,Unknown,ATM withdrawal
T10210,U022,15-06-2021,Expense,utilities,8244.0,UPi,pune,Restaurant dinner
T11562,U137,2021-02-15,Expense,Rentt,37834.0,CRD,hyderabad,Gym membership
T13588,U131,2021-09-25,Expense,rent,1370.0,CRD,DELHI,Lunch
T4848,U006,2023-01-12,Expense,Travel,7548.0,Card,Pune,Internet bill
T7065,U131,2022-04-30,Expense,Foodd,2707.0,upi,Pune,asdfgh
T1467,U108,2023-07-14,Expense,Educaton,5675.0,csh,Ahmedabad,Books
T0749,U088,2024-07-04,Expense,Foods,4749.0,Bank Transfer,DEL,Uber ride
T5909,U062,2021-03-28,Expense,rent,3859.0,UPi,Lucknow,Shopping
T7018,U040,2022-03-31,Expense,food,4530.0,Cash,DELHI,Books
T13418,U146,04/20/2022,Expense,,6139.0,CARD,lucknow,Movie tickets
T11046,U130,2023-08-11,Expense,Utlities,3367.0,CASH,Chennai,Books
T0074,U039,04/08/2024,Income,Others,21104.0,upi,jaipur,Online course
T12213,U067,2021-05-04,Expense,health,2733.0,Bank_Transfer,CHE,...
T8626,U100,2022-01-13,Expense,Health,3255.0,upi,JAI,Coffee
T7735,U067,2021-10-30,Expense,Food,3445.0,UPI,AHM,Books
T13882,U148,21-08-21,Expense,travel,4137.0,Bank Transfer,MUMBAI,Coffee
T8915,U032,2022-09-03,Expense,Rentt,16079.0,cash,BAN,Books
T2500,U096,18-12-22,Income,Salary,50892.0,upi,Kolkata,Internet bill
T6289,U067,01/30/2023,Expense,Food,1103.0,CRD,BAN,Shopping
T7575,U005,03-12-2023,Expense,RENT,8164.0,csh,AHMEDABAD,Books
T11079,U091,2022-03-25,Expense,Rnt,2787.0,Card,Chennai,No Notes
T1772,U142,2024-09-18,Expense,travel,2495.0,CRD,Chennai,ATM withdrawal
T10815,U120,01/06/2024,Expense,TRAVEL,4964.0,Upi,LUCKNOW,asdfgh
T4528,U095,2023-06-23,Expense,Foods,1056.0,UPI,DELHI,No Notes
T7188,U013,2024-03-01,Expense,Utilties,341.0,Upi,Unknown,Uber ride
T1842,U110,07/07/2021,Expense,EDU,5294.0,CRD,DEL,...
T12586,U038,2023-04-15,Expense,RENT,1382.0,bank transfer,JAIPUR,No Notes
T12609,U003,05/28/2024,Expense,Utilties,8439.0,Card,AHM,Internet bill
T0268,U022,04/11/2021,Expense,Rnt,2236.0,Bank_Transfer,LUC,Internet bill
T5623,U058,20-12-2023,Expense,Food,3401.0,,PUNE,Online course
T3690,U036,2023-10-26,Expense,rent,3255.0,,HYDERABAD,Shopping
T1585,U059,18-05-23,Expense,Foods,3157.0,csh,AHM,Online course
T8985,U122,2022-03-27,Expense,utilities,7222.0,BankTransfer,mumbai,Shopping
T0641,U128,2024-11-29,Expense,Foods,693.0,Crd,KOLKATA,No Notes
T12811,U011,30-07-2023,Expense,Utlities,9009.0,csh,CHE,Lunch
T4274,U074,08/26/2022,Expense,Utlities,9818.0,bank transfer,CHE,Restaurant dinner
T1918,U124,06/25/2024,Expense,savings,1948.0,Csh,LUC,ATM withdrawal
T5688,U077,06-08-21,Expense,Entrtnmnt,7217.0,CRD,Pune,Grocery shopping
T9291,U130,2022-11-19,Expense,FOOD,6196.0,Bank Transfer,JAIPUR,No Notes
T6114,U127,09-06-21,Expense,Utlities,2951.0,UPI,DEL,Electricity bill
T9103,U079,01/20/2024,Expense,,399.0,upi,Unknown,Lunch
T12658,U125,11/16/2021,Expense,Fod,9015.0,Crd,kolkata,xyz123
T12557,U010,03-02-23,Expense,Rnt,6980.0,cash,LUC,No Notes
T0001,U007,2022-05-17,Expense,Rentt,32651.0,csh,JAIPUR,!!!
T8815,U050,2023-11-29,Expense,food,8003.0,csh,Ahmedabad,Medicine
T0829,U032,20-12-23,Expense,rent,7860.0,Bank Transfr,Delhi,test
T3420,U057,2022-11-02,Expense,Rent,12011.0,CASH,jaipur,Electricity bill
T5314,U018,2022-11-03,Income,Bonus,363983.0,upi,Jaipur,Fixed deposit
T1149,U052,07/04/2021,Expense,education,3468.0,Cash,LUC,Coffee
T12351,U150,2021-10-15,Expense,Utilities,6569.0,UPI,JAI,xyz123
T4583,U060,2024-12-05,Expense,Utlities,8524.0,CASH,delhi,Petrol
T7289,U069,2023-06-22,Expense,Food,4767.0,cash,CHENNAI,Restaurant dinner
T7110,U003,03/20/2024,Expense,Entertain,2157.0,card,JAI,No Notes
T4629,U019,12/30/2022,Expense,entertainment,5279.0,Card,CHENNAI,Medicine
T4668,U041,07-04-23,Expense,Entrtnmnt,3989.0,Csh,Delhi,Doctor consultation
T4337,U126,2021-01-10,Expense,entertainment,1131.0,Bank Transfer,chennai,ATM withdrawal
T11934,U019,27-02-24,Expense,entertainment,4453.0,CASH,Hyderabad,Uber ride
T1473,U009,30-08-2024,Expense,health,4062.0,CRD,mumbai,test
T8030,U136,2021-02-14,Expense,rent,5806.0,CRD,BANGALORE,Books
T6174,U045,2024-09-14,Expense,rent,3834.0,CRD,Unknown,No Notes
T0734,U050,2023-10-30,Expense,Food,1723.0,Bank Transfer,bangalore,asdfgh
T12588,U001,11/01/2024,Expense,Food,1809.0,csh,BAN,Electricity bill
T8318,U036,02/18/2023,Expense,Rent,10604.0,csh,KOL,Petrol
T6482,U031,06/27/2024,Expense,rent,7486.0,Card,CHE,No Notes
T11681,U031,2023-02-23,Expense,education,3065.0,CARD,Bangalore,Doctor consultation
T8499,U072,07/18/2021,Expense,Travl,8202.0,card,DEL,test
T6739,U126,11/29/2021,Expense,Travl,7607.0,Upi,DELHI,Online course
T5144,U061,08-01-24,Expense,entertainment,1197.0,Cash,CHE,ATM withdrawal
T12286,U014,01-08-22,Expense,Rnt,333.0,CRD,KOL,Fixed deposit
T1191,U144,30-11-21,Expense,Health,6707.0,card,Unknown,No Notes
T0216,U078,31-07-22,Expense,Travel,8840.0,upi,HYD,Grocery shopping
T13894,U042,07/30/2024,Expense,Foodd,3878.0,Csh,PUN,Train ticket
T8023,U150,2023-03-08,Income,Investment,33062.0,Cash,Bangalore,Books
T4163,U038,2021-11-05,Expense,TRAVEL,2766.0,bank transfer,JAI,No Notes
T5162,U008,03/06/2021,Expense,Education,9029.0,Csh,LUC,No Notes
T2327,U030,10/18/2022,Expense,Travel,3754.0,cash,Pune,Restaurant dinner
T5654,U039,29-03-2021,Expense,Education,1492.0,UPI,Bangalore,Uber ride
T4507,U128,25-10-21,Income,Bonus,11032.0,CARD,DELHI,Restaurant dinner
T11595,U140,2024-01-12,Expense,Education,7019.0,,CHE,Medicine
T1787,U038,2024-05-13,Expense,Foods,883.0,Csh,bangalore,Restaurant dinner
T13476,U119,2021-06-04,Expense,Saving,7639.0,Bank_Transfer,Unknown,Restaurant dinner
T2094,U130,2023-07-14,Income,Salary,22327.0,,Pune,Online course
T8928,U027,02-05-23,Expense,EDU,8286.0,Bank Transfr,Unknown,!!!
T1839,U007,11/18/2023,Expense,Misc,8039.0,csh,DELHI,EMI payment
T10741,U018,2022-10-13,Expense,Rent,22033.0,Card,Unknown,No Notes
T7174,U137,2022-03-26,Income,Others,38967.0,Bank_Transfer,AHM,xyz123
T13695,U039,11/22/2022,Expense,Entertain,2506.0,BankTransfer,LUCKNOW,No Notes
T9790,U049,2022-03-13,Expense,travel,7104.0,Upi,AHMEDABAD,Train ticket
T13572,U073,01/19/2024,Expense,Food,4364.0,bank transfer,CHE,misc
T5080,U111,2021-02-26,Expense,Food,3002.0,cash,lucknow,No Notes
T10627,U139,2024-01-19,Expense,EDU,8082.0,bank transfer,lucknow,Internet bill
T11008,U109,05/03/2024,Expense,Travel,6963.0,csh,kolkata,Coffee
T10381,U140,26-06-2023,Expense,Entertainment,9685.0,,Unknown,misc
T11128,U124,02/18/2023,Expense,utilities,9392.0,UPI,AHM,test
T9012,U142,03-08-22,Expense,,2764.0,card,ahmedabad,Petrol
T13086,U039,01/22/2021,Expense,Entertainment,2163.0,Cash,KOL,Books
T7229,U101,01-09-2021,Income,Salary,15931.0,Bank Transfr,CHENNAI,Fixed deposit
T0116,U143,2023-03-07,Expense,Rnt,1614.0,Bank_Transfer,Delhi,Medicine
T5458,U013,26-05-2023,Expense,Rentt,13530.0,CRD,BAN,ATM withdrawal
T3547,U150,15-04-2022,Expense,RENT,7047.0,CASH,Hyderabad,test
T4887,U117,2023-08-20,Expense,food,4577.0,cash,Jaipur,Electricity bill
T8872,U032,2021-07-31,Expense,Rent,36727.0,CARD,delhi,Gym membership
T4570,U094,30-01-2021,Expense,rent,5009.0,CRD,HYD,Petrol
T3378,U001,2021-01-07,Expense,Food,4178.0,Crd,kolkata,No Notes
T5465,U042,2021-03-03,Expense,Entrtnmnt,2717.0,UPi,Lucknow,xyz123
T6394,U062,22-09-22,Expense,Other,5393.0,csh,ahmedabad,Doctor consultation
T10080,U076,05/26/2022,Expense,FOOD,3993.0,,MUM,asdfgh
T2412,U040,2022-05-07,Expense,Foods,273.0,Crd,BANGALORE,Coffee
T12513,U095,2024-01-07,Expense,Utilities,999999.0,csh,HYD,Lunch
T13320,U016,07/25/2024,Expense,travel,6408.0,card,lucknow,No Notes
T4415,U101,2024-06-05,Expense,education,1554.0,cash,lucknow,No Notes
T6155,U086,04/28/2021,Expense,Education,6434.0,Card,lucknow,Medicine
T12147,U102,2023-09-15,Income,Others,32223.0,cash,jaipur,Shopping
T13998,U101,2021-12-02,Income,Bonus,22047.0,Crd,BANGALORE,EMI payment
T3584,U095,2021-06-30,Income,Freelance,45625.0,Bank Transfer,CHENNAI,EMI payment
T10417,U096,2021-02-19,Expense,Rent,38346.0,UPi,LUC,Lunch
T6736,U055,14-07-23,Expense,Educaton,9945.0,,Delhi,No Notes
T5138,U074,2021-07-30,Expense,Entrtnmnt,4406.0,bank transfer,delhi,Medicine
T3951,U126,08-04-2024,Expense,Rent,45300.0,Bank Transfer,Chennai,Grocery shopping
T9721,U136,07/18/2022,Expense,Rentt,45429.0,Crd,HYD,Grocery shopping
T6226,U017,2023-02-17,Expense,food,4169.0,upi,Pune,Restaurant dinner
T13840,U067,21-10-22,Expense,utilities,2349.0,Upi,hyderabad,test
T13659,U030,04/13/2022,Expense,education,2772.0,CRD,CHE,Electricity bill
T10468,U023,2022-12-20,Expense,Entrtnmnt,8005.0,Card,Lucknow,No Notes
T3345,U089,30-05-2022,Expense,Utlities,9329.0,csh,Hyderabad,misc
T5492,U068,01/05/2022,Expense,Educaton,999999.0,CARD,mumbai,Uber ride
T8996,U095,26-02-2024,Expense,food,524.0,Crd,MUMBAI,test
T4146,U130,2021-07-06,Expense,Entertainment,8532.0,Crd,ahmedabad,Grocery shopping
T5022,U094,2023-07-22,Expense,travel,3864.0,Cash,Jaipur,Train ticket
T12433,U064,2021-01-02,Expense,Utility,677.0,UPi,Unknown,Medicine
T0872,U010,2023-01-16,Expense,FOOD,5470.0,CARD,jaipur,Movie tickets
T13150,U009,2023-06-09,Expense,rent,145.0,Bank Transfer,PUN,Books
T11555,U074,2024-03-25,Expense,Utilities,6242.0,UPi,Unknown,Restaurant dinner
T0318,U055,2024-04-29,Expense,Travl,6160.0,cash,LUC,xyz123
T11241,U081,12/29/2022,Expense,Rentt,48972.0,Card,Kolkata,asdfgh
T4620,U115,2024-11-01,Income,,59813.0,BankTransfer,Pune,Shopping
T3954,U074,13-01-21,Expense,food,6815.0,csh,DELHI,No Notes
T10551,U028,07/11/2024,Expense,travel,6515.0,BankTransfer,BANGALORE,test
T8132,U070,04-07-2024,Expense,food,4092.0,Card,chennai,No Notes
T11355,U076,12/29/2021,Expense,EDU,8305.0,cash,PUN,Electricity bill
T12689,U010,2021-09-29,Income,Freelance,329642.0,UPi,KOLKATA,EMI payment
T12779,U041,2022-07-10,Expense,SAVINGS,1082.0,Upi,BAN,Medicine
T4562,U006,12/28/2023,Expense,Rnt,9542.0,bank transfer,KOLKATA,EMI payment
T9625,U150,23-02-22,Expense,Entertain,8851.0,Csh,Kolkata,Movie tickets
T6372,U035,17-06-22,Expense,food,8397.0,Bank Transfer,delhi,No Notes
T5257,U007,03/09/2024,Expense,Helth,9276.0,csh,Hyderabad,No Notes
T6780,U132,2022-06-03,Expense,health,5612.0,Bank Transfer,Bangalore,Electricity bill
T12614,U110,06/21/2021,Income,Salary,22733.0,CASH,LUCKNOW,!!!
T4880,U132,17-08-2021,Expense,Foodd,4326.0,card,JAI,Medicine
T5466,U003,07/14/2024,Expense,Travl,6903.0,cash,KOLKATA,...
T3201,U129,2022-08-11,Expense,FOOD,2533.0,UPi,Lucknow,Online course
T12392,U092,2021-01-25,Income,Investment,45810.0,cash,KOL,Doctor consultation
T13298,U051,01/07/2024,Expense,travel,887.0,card,chennai,Coffee
T13177,U006,2024-05-27,Expense,Utility,1531.0,csh,MUMBAI,...
T11304,U134,2022-06-01,Expense,Saving,5296.0,card,hyderabad,Monthly rent payment
T4215,U127,12-09-2024,Expense,TRAVEL,6457.0,Crd,HYDERABAD,misc
T4294,U110,01/11/2024,Expense,Utility,2847.0,csh,lucknow,misc
T8062,U085,02-12-23,Expense,Entertain,5822.0,UPI,jaipur,test
T0976,U039,21-11-23,Expense,Rentt,43936.0,Bank Transfr,KOL,Online course
T3928,U037,04-02-22,Expense,rent,5238.0,cash,Unknown,Movie tickets
T6050,U003,24-10-2024,Expense,Traval,3057.0,Cash,Delhi,Movie tickets
T4440,U007,2024-01-22,Expense,TRAVEL,3307.0,CARD,HYD,Movie tickets
T1219,U114,20-03-23,Expense,entertainment,6394.0,Upi,Jaipur,!!!
T13528,U081,2022-06-23,Expense,Education,8144.0,UPi,KOLKATA,No Notes
T13613,U137,14-10-22,Expense,RENT,3999.0,Bank_Transfer,BAN,ATM withdrawal
T3322,U138,2022-02-03,Expense,utilities,9886.0,Card,Lucknow,Internet bill
T13527,U149,2022-10-05,Expense,Educaton,6328.0,Cash,MUMBAI,Restaurant dinner
T9470,U003,02/23/2023,Expense,Savings,2572.0,Bank Transfer,Delhi,Petrol
T1357,U064,2024-06-13,Income,Salary,73413.0,Csh,Unknown,Restaurant dinner
T11791,U093,2024-06-14,Income,Investment,49776.0,UPi,DEL,!!!
T1965,U004,25-05-2021,Expense,Food,4302.0,CRD,KOLKATA,Internet bill
T13568,U127,07/17/2024,Expense,Travel,2050.0,CASH,chennai,test
T10755,U066,2024-07-21,Expense,Rentt,35760.0,cash,jaipur,...
T3365,U083,03-06-21,Expense,EDU,2892.0,Bank Transfr,MUM,No Notes
T13145,U032,2021-08-22,Expense,food,8345.0,BankTransfer,DELHI,Electricity bill
T6093,U128,2022-11-25,Expense,education,3386.0,Csh,KOLKATA,EMI payment
T6752,U150,20-12-2024,Expense,food,7573.0,upi,PUNE,test
T1116,U114,2023-01-01,Expense,Rentt,28899.0,Csh,Unknown,!!!
T1466,U060,07/16/2024,Expense,Travl,1989.0,BankTransfer,PUN,Electricity bill
T0386,U119,09-01-22,Expense,RENT,7554.0,upi,delhi,Coffee
T6921,U017,2022-11-26,Expense,Foodd,634.0,Card,CHENNAI,No Notes
T10621,U100,09/08/2024,Expense,Rnt,7372.0,UPi,Unknown,No Notes
T4423,U092,2022-10-20,Expense,food,6189.0,Crd,DEL,EMI payment
T7709,U036,14-06-2024,Expense,Utility,1735.0,Crd,PUN,No Notes
T13324,U113,06/03/2021,Expense,Fod,1320.0,Crd,kolkata,No Notes
T0628,U146,09/24/2021,Expense,Travel,2417.0,cash,BAN,EMI payment
T11383,U143,12/02/2022,Expense,Travl,2116.0,Upi,AHM,No Notes
T4766,U070,02/03/2021,Income,Salary,34257.0,upi,AHM,Shopping
T7430,U014,03/16/2021,Expense,FOOD,7082.0,Bank Transfr,MUM,Medicine
T10229,U016,2023-05-02,Income,Freelance,44732.0,,Jaipur,Doctor consultation
T13512,U067,05/03/2022,Expense,education,8315.0,Bank Transfr,chennai,!!!
T1056,U010,11/03/2023,Expense,Travel,2952.0,,PUN,Train ticket
T3225,U003,25-07-2022,Expense,Foods,4026.0,UPI,PUNE,...
T11225,U092,2022-03-09,Expense,Foodd,4005.0,CASH,Mumbai,No Notes
T0888,U128,2021-08-24,Expense,Utilties,2678.0,BankTransfer,Bangalore,Electricity bill
T1864,U047,2021-07-12,Expense,rent,5880.0,CARD,CHE,Online course
T7478,U043,2023-04-04,Expense,Rnt,3501.0,Bank_Transfer,delhi,misc
T3367,U086,19-07-24,Expense,Rent,20887.0,Crd,Hyderabad,test
T9599,U141,10/01/2021,Expense,entertainment,4473.0,cash,PUNE,Internet bill
T5463,U038,16-04-24,Expense,Travel,3690.0,upi,Hyderabad,Books
T13607,U135,27-03-23,Expense,Travl,1267.0,Bank_Transfer,Hyderabad,Fixed deposit
T8283,U091,09/15/2024,Expense,EDU,9394.0,upi,CHE,Gym membership
T7264,U098,20-02-2023,Expense,FOOD,7861.0,upi,chennai,Internet bill
T3743,U024,2021-03-27,Expense,Educaton,7829.0,UPi,AHM,Electricity bill
T11502,U150,12/03/2022,Expense,Foods,330.0,Bank Transfr,Hyderabad,misc
T7806,U057,2022-10-16,Income,Others,18053.0,Bank Transfer,DEL,Doctor consultation
T3784,U101,07-02-23,Expense,education,5291.0,UPi,DEL,No Notes
T12259,U079,03-05-2024,Expense,Utilities,4137.0,,PUN,Electricity bill
T0548,U088,24-04-24,Expense,Utlities,2623.0,UPi,LUC,Medicine
T10991,U092,2021-02-17,Expense,Travel,6534.0,Bank Transfer,AHMEDABAD,Doctor consultation
T12931,U030,10/06/2023,Expense,Rent,19438.0,BankTransfer,LUCKNOW,Gym membership
T9040,U071,27-08-24,Expense,Entertain,2278.0,Upi,AHMEDABAD,Shopping
T9211,U120,09/29/2023,Expense,travel,9984.0,card,MUM,test
T0854,U024,05-10-23,Expense,Education,9363.0,UPI,jaipur,Coffee
T4889,U027,11/05/2023,Expense,food,9907.0,Card,DEL,No Notes
T13076,U138,07/31/2021,Expense,travel,6997.0,UPI,DEL,Coffee
T3447,U149,2021-05-08,Expense,Travl,5005.0,cash,JAI,asdfgh
T11029,U005,12/30/2021,Expense,Entertainment,8898.0,Crd,JAI,Internet bill
T10458,U020,2024-09-28,Expense,Food,4871.0,bank transfer,KOLKATA,...
T13217,U099,01/28/2021,Expense,Foodd,999999.0,,PUN,Fixed deposit
T12367,U120,08/07/2024,Expense,Rentt,26728.0,,pune,No Notes
T7230,U004,21-06-24,Expense,entertainment,2987.0,csh,LUC,...
T8598,U036,04-05-22,Income,Others,13526.0,Csh,JAIPUR,xyz123
T2561,U017,05/25/2024,Expense,FOOD,8674.0,Bank Transfr,mumbai,Petrol
T11569,U116,11/28/2022,Expense,food,8384.0,csh,kolkata,No Notes
T13271,U120,2024-08-15,Expense,Foods,4986.0,BankTransfer,BANGALORE,Coffee
T8802,U111,2024-05-11,Expense,Traval,798.0,Bank Transfr,PUN,Fixed deposit
T7588,U126,2021-09-27,Expense,Utilties,196.0,Cash,BAN,No Notes
T12121,U116,28-10-24,Expense,Entertain,6781.0,upi,Hyderabad,No Notes
T3096,U071,10/11/2021,Expense,others,5603.0,Card,MUMBAI,Shopping
T11031,U013,09-04-2021,Expense,rent,8440.0,csh,Chennai,misc
T9922,U042,03/15/2023,Expense,travel,6289.0,BankTransfer,ahmedabad,Online course
T0061,U122,01/12/2023,Expense,Savings,8643.0,,pune,...
T10277,U140,2021-10-24,Expense,Entrtnmnt,1720.0,CRD,Hyderabad,Medicine
T4320,U021,10/17/2024,Expense,Fod,495.0,Crd,BANGALORE,ATM withdrawal
T3490,U083,14-08-2024,Income,Others,10748.0,cash,MUMBAI,No Notes
T5240,U102,01/12/2023,Expense,Rentt,38937.0,csh,CHE,Medicine
T1952,U017,07/12/2021,Expense,Entertain,9977.0,BankTransfer,pune,EMI payment
T4696,U014,2024-11-12,Expense,TRAVEL,707.0,UPi,chennai,No Notes
T7504,U039,2021-10-24,Expense,Travel,4272.0,BankTransfer,MUM,Uber ride
T10230,U084,01-06-21,Expense,rent,2672.0,CARD,AHM,Restaurant dinner
T8087,U053,05/07/2023,Income,Bonus,20358.0,Cash,JAIPUR,Shopping
T2794,U101,2024-07-08,Expense,HEALTH,7389.0,Cash,jaipur,asdfgh
T10233,U063,07-03-2022,Expense,Utility,8528.0,CARD,mumbai,No Notes
T8265,U134,27-05-21,Expense,rent,2171.0,UPi,BAN,Lunch
T5058,U103,2024-03-07,Expense,Educaton,1820.0,Bank Transfer,Mumbai,Doctor consultation
T7054,U133,02-08-2023,Expense,Utlities,925.0,CARD,Unknown,Medicine
T10143,U099,04/05/2023,Expense,TRAVEL,2303.0,csh,BAN,xyz123
T7186,U105,10/12/2024,Expense,Entertain,8561.0,Card,CHENNAI,Movie tickets
T10605,U090,02-12-22,Expense,Entrtnmnt,1840.0,,mumbai,Fixed deposit
T9126,U141,2022-12-11,Income,Bonus,13272.0,Bank_Transfer,Hyderabad,Internet bill
T1601,U037,15-02-2023,Expense,Utility,8015.0,Cash,JAIPUR,Gym membership
T8059,U094,2022-12-14,Expense,Fod,5301.0,csh,Ahmedabad,Movie tickets
T9424,U045,10-04-21,Expense,Health,7586.0,UPi,Unknown,No Notes
T11428,U141,2021-06-28,Expense,Utlities,5832.0,BankTransfer,CHE,Internet bill
T4282,U056,2021-04-10,Expense,FOOD,4796.0,CASH,Bangalore,Online course
T6728,U122,11/15/2022,Expense,Educaton,7298.0,Upi,Chennai,Books
T0839,U041,05/27/2024,Expense,RENT,6952.0,,KOLKATA,Fixed deposit
T3759,U080,2024-06-07,Expense,EDU,9703.0,UPI,JAIPUR,misc
T12266,U070,2021-04-29,Expense,TRAVEL,8154.0,upi,jaipur,Coffee
T7334,U054,2023-11-27,Expense,TRAVEL,6472.0,Card,Chennai,Train ticket
T6399,U123,10/22/2022,Expense,education,6576.0,UPi,mumbai,Gym membership
T7997,U114,04/08/2024,Expense,Misc,7434.0,UPI,Ahmedabad,No Notes
T6526,U043,16-10-23,Expense,Utilities,7086.0,,MUMBAI,!!!
T6117,U033,01/19/2024,Expense,FOOD,609.0,CASH,Unknown,Lunch
T1642,U105,10/01/2024,Income,Salary,71916.0,CASH,Unknown,No Notes
T8624,U061,2021-04-11,Income,Investment,12564.0,Crd,Jaipur,xyz123
T0931,U045,05-06-2022,Income,Others,57399.0,CARD,JAI,Movie tickets
T5537,U077,2022-10-27,Expense,Utility,8886.0,Upi,KOLKATA,misc
T12786,U134,2022-06-06,Expense,Rentt,45903.0,Card,Hyderabad,EMI payment
T4926,U076,07/08/2022,Income,Others,17353.0,UPI,JAI,Lunch
T8449,U015,15-09-22,Income,Bonus,34198.0,cash,Kolkata,Gym membership
T1719,U126,17-09-23,Expense,RENT,4999.0,Bank_Transfer,Chennai,Medicine
T5197,U088,2024-06-20,Expense,entertainment,6035.0,Bank_Transfer,CHE,Online course
T0735,U143,29-06-23,Expense,travel,7527.0,Cash,Unknown,No Notes
T0296,U124,2022-11-29,Expense,Entertain,5706.0,csh,DEL,No Notes
T7431,U149,2021-02-12,Expense,TRAVEL,5529.0,CARD,pune,Monthly rent payment
T13546,U026,09/16/2024,Expense,Rent,46044.0,CARD,BANGALORE,EMI payment
T12706,U096,2023-10-04,Expense,Health,580.0,card,Pune,Restaurant dinner
T9558,U014,2022-10-03,Income,Freelance,28374.0,bank transfer,kolkata,Lunch
T1080,U080,23-07-2024,Expense,utilities,9242.0,Bank Transfr,HYD,Online course
T9861,U080,2024-01-18,Income,Investment,16746.0,csh,hyderabad,Petrol
T7022,U145,23-11-21,Expense,Rentt,16937.0,,AHM,Shopping
T13212,U141,07/07/2023,Income,Others,60623.0,Bank Transfer,delhi,No Notes
T6989,U068,09/14/2024,Expense,TRAVEL,6108.0,card,BAN,Coffee
T1932,U107,04/27/2023,Expense,Foodd,2852.0,Upi,MUM,Books
T7388,U131,2024-06-04,Expense,Entertainment,8063.0,,CHENNAI,No Notes
T10107,U024,07-05-24,Expense,Utilties,2968.0,UPi,ahmedabad,Doctor consultation
T3104,U064,01/03/2023,Expense,Foods,192.0,upi,Bangalore,Restaurant dinner
T13761,U149,09/21/2021,Expense,Foodd,2243.0,CRD,Bangalore,Restaurant dinner
T2957,U094,01/29/2024,Expense,FOOD,5665.0,cash,hyderabad,Internet bill
T7525,U029,12-12-22,Income,Others,70992.0,Crd,KOL,Online course
T12562,U097,2021-11-28,Expense,Helth,4122.0,Bank_Transfer,AHMEDABAD,No Notes
T2871,U139,2023-02-08,Expense,Travel,8651.0,UPI,Pune,No Notes
T1800,U140,2023-11-23,Expense,TRAVEL,9442.0,bank transfer,DEL,Doctor consultation
T2328,U062,2024-06-08,Expense,Misc,460.0,cash,Chennai,Lunch
T3515,U120,28-10-2024,Expense,Rent,26706.0,CASH,JAIPUR,Gym membership
T11424,U109,09/08/2021,Expense,Traval,7875.0,,Unknown,xyz123
T10848,U048,2024-04-04,Expense,Entertain,3483.0,card,JAIPUR,Movie tickets
T12241,U105,2024-12-29,Income,Salary,67688.0,Card,MUM,test
T5632,U147,2022-02-05,Income,Bonus,39184.0,Card,Jaipur,Train ticket
T5572,U107,06/27/2021,Expense,Utility,3655.0,Card,MUMBAI,...
T6616,U121,09-11-21,Expense,food,1979.0,Crd,chennai,Gym membership
T6670,U078,2022-08-14,Expense,Utlities,1660.0,Cash,chennai,No Notes
T13686,U057,2022-06-14,Expense,rent,2890.0,Cash,BAN,Books
T11240,U079,2024-01-14,Expense,Foodd,125.0,Bank Transfr,chennai,Restaurant dinner
T4394,U112,05-10-23,Expense,Rent,47711.0,upi,bangalore,Movie tickets
T4764,U018,2023-05-30,Income,Investment,75684.0,upi,Unknown,Books
T10502,U146,02/10/2021,Expense,Entertain,2382.0,Upi,PUN,Books
T10297,U062,16-12-24,Expense,Rentt,23848.0,CASH,DEL,misc
T12831,U115,2023-09-17,Expense,Rnt,4542.0,Cash,KOLKATA,!!!
T7395,U079,26-06-24,Expense,Utilities,4789.0,Cash,Mumbai,EMI payment
T1376,U055,13-11-24,Expense,Food,1415.0,CASH,Unknown,No Notes
T13626,U103,03/15/2023,Expense,Food,1837.0,bank transfer,pune,EMI payment
T13799,U146,27-08-2024,Expense,rent,2147.0,Cash,Delhi,No Notes
T13388,U001,05-04-2023,Expense,Education,8434.0,UPI,KOL,...
T3733,U022,2024-01-21,Income,Salary,35167.0,Cash,AHM,Restaurant dinner
T10661,U072,2022-01-01,Expense,TRAVEL,4651.0,UPi,BANGALORE,No Notes
T0620,U006,02/19/2024,Income,Freelance,46187.0,csh,Bangalore,test
T8168,U108,08/12/2023,Expense,Educaton,8036.0,CASH,Bangalore,Monthly rent payment
T11254,U048,10/18/2023,Expense,entertainment,2333.0,Card,Unknown,Train ticket
T2495,U066,2023-06-03,Expense,entertainment,719.0,CARD,Bangalore,Restaurant dinner
T5399,U097,26-05-2021,Expense,utilities,9172.0,upi,Mumbai,Shopping
T1347,U126,2024-04-23,Expense,Rent,6872.0,UPI,Bangalore,Grocery shopping
T3383,U107,2022-04-22,Expense,Rnt,7088.0,Cash,BANGALORE,Lunch
T8098,U135,2023-03-10,Expense,Educaton,6474.0,UPi,DELHI,No Notes
T7984,U056,08/06/2021,Expense,Utilties,7921.0,csh,KOLKATA,Monthly rent payment
T12547,U035,06/10/2022,Expense,Rentt,13222.0,UPI,JAI,Electricity bill
T9086,U054,16-05-22,Expense,Entrtnmnt,8313.0,Cash,Kolkata,No Notes
T8034,U124,2021-03-11,Income,Freelance,56879.0,bank transfer,mumbai,No Notes
T4268,U046,16-12-22,Expense,Rentt,14365.0,Cash,Bangalore,Monthly rent payment
T3568,U146,10/07/2021,Income,Salary,23833.0,Crd,AHM,Medicine
T2302,U033,31-03-23,Expense,utilities,3510.0,UPi,Chennai,Petrol
T0572,U083,2023-07-10,Income,Freelance,47498.0,Bank_Transfer,Chennai,Online course
T6594,U031,2023-09-23,Expense,Utility,1257.0,,KOLKATA,Uber ride
T11564,U121,2022-03-22,Expense,Utlities,4167.0,Csh,PUN,Electricity bill
T5131,U143,2022-09-11,Expense,FOOD,3476.0,Bank Transfr,Jaipur,No Notes
T1659,U014,2021-07-06,Expense,Travl,6328.0,CRD,ahmedabad,Books
T10146,U095,2024-09-06,Expense,rent,5393.0,UPi,CHENNAI,Train ticket
T7830,U131,2021-07-08,Expense,RENT,7752.0,Csh,kolkata,Internet bill
T0173,U141,2021-11-11,Expense,Entertain,521.0,Bank Transfer,pune,No Notes
T7980,U079,2022-01-28,Expense,HEALTH,865.0,UPi,jaipur,Coffee
T13870,U107,2022-09-07,Expense,TRAVEL,9451.0,BankTransfer,ahmedabad,No Notes
T5933,U044,16-12-2021,Expense,Travel,4392.0,bank transfer,kolkata,No Notes
T8167,U011,24-12-22,Expense,Rnt,9496.0,upi,ahmedabad,Coffee
T0039,U145,24-06-2021,Expense,Utility,3797.0,UPi,LUC,Electricity bill
T10009,U140,01/16/2023,Income,Others,16478.0,Cash,jaipur,Movie tickets
T8936,U112,2021-01-08,Expense,RENT,9707.0,BankTransfer,JAI,asdfgh
T1286,U037,10-07-2021,Expense,Utlities,9141.0,upi,pune,Petrol
T0276,U143,2021-08-31,Expense,Rent,32134.0,upi,DELHI,Fixed deposit
T12366,U059,2022-12-09,Expense,Foods,57.0,csh,Jaipur,No Notes
T10096,U128,09-04-2024,Expense,TRAVEL,5052.0,Csh,MUM,...
T0829,U095,2024-11-22,Expense,Fod,1162.0,CASH,lucknow,Petrol
T3256,U109,2022-04-15,Expense,HEALTH,7615.0,cash,Pune,Train ticket
T1868,U148,09/19/2021,Expense,entertainment,5764.0,upi,Lucknow,Electricity bill
T0960,U096,2021-02-12,Expense,education,231.0,CASH,Pune,No Notes
T10454,U141,2024-03-11,Expense,Utilties,7111.0,UPi,delhi,EMI payment
T12218,U050,2023-08-26,Expense,food,6975.0,Bank Transfr,AHM,...
T3938,U135,2023-03-14,Expense,Rnt,8735.0,Cash,PUN,test
T9331,U091,2022-11-07,Expense,Rnt,7836.0,Card,LUC,!!!
T4649,U139,12-06-23,Income,Salary,21681.0,CRD,bangalore,Online course
T8488,U061,12/21/2024,Expense,Foodd,600.0,bank transfer,BAN,Grocery shopping
T6625,U127,11/25/2022,Income,Others,31302.0,Crd,bangalore,No Notes
T6148,U099,2024-05-22,Expense,Rent,13455.0,BankTransfer,DELHI,Shopping
T12186,U011,2021-08-26,Expense,education,8223.0,Bank Transfer,LUC,Restaurant dinner
T7974,U117,14-11-22,Expense,Travel,2056.0,,AHM,No Notes
T4089,U139,05/27/2021,Income,Bonus,73940.0,UPi,Pune,Movie tickets
T9765,U051,08-03-23,Income,Investment,254385.0,Csh,Unknown,No Notes
T6520,U097,2023-02-06,Expense,travel,2091.0,card,JAI,Uber ride
T10536,U016,2022-08-29,Expense,rent,4372.0,Card,DELHI,Fixed deposit
T4844,U129,07-10-23,Expense,travel,569.0,Upi,CHE,Train ticket
T13887,U115,20-02-23,Expense,Rentt,44237.0,CASH,hyderabad,No Notes
T0567,U075,24-07-2021,Expense,FOOD,1858.0,UPi,Pune,Grocery shopping
T9376,U094,09-05-2024,Income,Freelance,29154.0,Bank_Transfer,mumbai,Train ticket
T4530,U051,2023-02-15,Expense,Savings,8097.0,upi,Unknown,Restaurant dinner
T6190,U077,2021-02-16,Expense,Utility,3661.0,UPi,HYD,Petrol
T9293,U131,24-07-24,Expense,EDU,637.0,CARD,Unknown,misc
T9817,U132,11-02-23,Expense,Utility,1462.0,upi,chennai,No Notes
T2636,U114,04/09/2022,Expense,Travel,7616.0,Bank Transfer,kolkata,Train ticket
T3014,U145,09/11/2022,Expense,Rent,39858.0,csh,KOL,No Notes
T9501,U035,04/17/2022,Income,Freelance,60093.0,Crd,BANGALORE,Electricity bill
T13778,U097,26-07-2024,Expense,TRAVEL,9220.0,Csh,Unknown,No Notes
T6116,U051,2022-11-13,Expense,FOOD,1033.0,upi,HYD,misc
T1778,U040,07/09/2024,Expense,food,5124.0,Csh,MUMBAI,Medicine
T6390,U078,08/31/2023,Expense,Food,407.0,bank transfer,BANGALORE,Restaurant dinner
T0670,U026,27-09-22,Expense,food,1483.0,Csh,Hyderabad,Uber ride
T4928,U020,2022-10-14,Expense,Travl,9237.0,upi,LUCKNOW,Petrol
T1812,U120,02-06-21,Expense,Other,5774.0,CRD,MUMBAI,asdfgh
T9177,U090,20-04-2022,Expense,Utilties,8978.0,Bank_Transfer,Unknown,EMI payment
T6882,U063,07/31/2022,Expense,Utlities,2895.0,,LUC,No Notes
T3321,U148,11/26/2024,Expense,Food,4730.0,BankTransfer,lucknow,Train ticket
T5275,U085,01/09/2023,Expense,Food,1517.0,CRD,Lucknow,Shopping
T3799,U087,10/30/2023,Expense,RENT,3523.0,CARD,Unknown,No Notes
T3874,U110,08-07-22,Expense,Traval,6991.0,Bank Transfr,Unknown,Fixed deposit
T0860,U016,2023-10-14,Expense,health,353.0,cash,HYDERABAD,No Notes
T7101,U058,07/22/2023,Income,Salary,33863.0,CASH,hyderabad,Medicine
T6971,U138,04/26/2022,Expense,RENT,1520.0,CASH,Jaipur,Internet bill
T4014,U111,01/23/2021,Expense,education,8652.0,UPi,pune,test
T1011,U072,08-04-2024,Expense,Travel,8083.0,Card,Hyderabad,Electricity bill
T5664,U109,27-08-24,Expense,Rent,18005.0,Bank Transfr,Jaipur,ATM withdrawal
T3469,U110,07/21/2021,Expense,Fod,1425.0,upi,Chennai,No Notes
T1519,U149,2024-06-14,Expense,entertainment,8065.0,UPI,CHENNAI,Coffee
T4270,U045,26-03-24,Expense,EDU,2761.0,Cash,JAI,Electricity bill
T0973,U004,01/22/2023,Income,Others,70359.0,CASH,pune,Shopping
T8462,U097,24-08-23,Expense,Traval,5700.0,Bank Transfer,Hyderabad,Gym membership
T6843,U021,2023-04-16,Expense,Helth,7396.0,Upi,Unknown,Doctor consultation
T3963,U007,09/25/2024,Expense,Utility,3271.0,bank transfer,pune,Books
T7137,U122,26-09-23,Expense,Foods,4622.0,Card,JAIPUR,Books
T0009,U122,2021-12-05,Income,Freelance,36365.0,UPi,Ahmedabad,Restaurant dinner
T8757,U091,2024-04-01,Expense,FOOD,8009.0,Bank Transfr,hyderabad,No Notes
T6926,U139,05/11/2021,Expense,EDU,1455.0,CRD,LUC,Books
T0400,U022,2022-11-17,Expense,Utility,4751.0,upi,Unknown,Internet bill
T9432,U081,12-08-2023,Expense,Rent,33795.0,csh,kolkata,Fixed deposit
T2801,U100,2023-10-16,Expense,food,5587.0,CARD,Unknown,Coffee
T9207,U135,2022-05-09,Expense,,1315.0,upi,Hyderabad,Train ticket
T11323,U141,2021-01-25,Expense,Foodd,58.0,CARD,PUNE,xyz123
T10110,U051,04/19/2023,Expense,Traval,1734.0,CASH,delhi,No Notes
T6963,U034,11-07-23,Expense,Savings,9495.0,CRD,AHM,Fixed deposit
T8764,U117,10/30/2022,Expense,Rnt,5851.0,upi,kolkata,Movie tickets
T5135,U026,24-05-22,Expense,Rent,23796.0,BankTransfer,Pune,Online course
T6502,U126,14-02-2022,Income,Bonus,48704.0,UPI,PUN,Restaurant dinner
T8280,U071,01/07/2021,Expense,travel,8272.0,Cash,LUC,Medicine
T1931,U136,05/27/2022,Expense,Traval,3363.0,cash,Delhi,Uber ride
T5133,U024,03/05/2021,Expense,FOOD,1616.0,Cash,Kolkata,ATM withdrawal
T12488,U031,2024-01-12,Income,Others,16900.0,cash,Kolkata,No Notes
T1575,U068,11/23/2024,Income,Freelance,71050.0,UPI,LUCKNOW,Lunch
T1968,U004,12/07/2021,Expense,food,9760.0,card,Ahmedabad,!!!
T4716,U129,20-01-23,Expense,Fod,1037.0,Crd,MUMBAI,Restaurant dinner
T4705,U051,2024-01-11,Expense,Travl,8688.0,upi,Delhi,Uber ride
T7604,U079,23-05-2021,Expense,entertainment,9800.0,Upi,ahmedabad,Electricity bill
T7042,U117,08-06-23,Expense,Helth,2055.0,Upi,JAIPUR,Online course
T2798,U093,02/24/2024,Expense,RENT,8996.0,CARD,delhi,Books
T1736,U094,19-01-2022,Expense,Foods,3105.0,BankTransfer,JAI,No Notes
T4429,U067,2021-09-29,Expense,food,328.0,card,DEL,...
T0622,U047,2022-01-16,Expense,Foodd,1831.0,CRD,Chennai,Fixed deposit
T2107,U110,23-07-2021,Expense,HEALTH,1088.0,Bank_Transfer,AHM,Monthly rent payment
T1452,U150,09/16/2021,Income,Freelance,31809.0,Bank Transfer,lucknow,No Notes
T10266,U037,11-02-22,Expense,Travel,5120.0,UPI,JAI,test
T8545,U140,03-02-2024,Income,Freelance,49320.0,CARD,Unknown,Monthly rent payment
T0683,U032,14-04-2024,Expense,Foods,999999.0,Bank Transfr,KOL,Restaurant dinner
T6300,U130,2023-09-08,Income,Freelance,61333.0,card,JAIPUR,Grocery shopping
T4966,U133,12/14/2023,Expense,food,5837.0,cash,JAIPUR,Lunch
T8448,U060,19-06-2021,Expense,Utlities,5426.0,Bank Transfr,CHENNAI,No Notes
T13251,U047,09-04-23,Expense,education,2288.0,Csh,MUMBAI,Internet bill
T13875,U017,2021-07-14,Expense,TRAVEL,637.0,Crd,MUM,Online course
T2321,U061,07/18/2023,Income,Investment,17859.0,csh,AHMEDABAD,Uber ride
T6643,U131,2023-03-12,Expense,Education,303.0,Cash,Unknown,ATM withdrawal
T0290,U037,21-07-21,Income,Freelance,506415.0,Csh,LUCKNOW,Online course
T11850,U121,02/15/2022,Expense,Rnt,6760.0,UPi,Unknown,Fixed deposit
T9248,U082,10-01-24,Expense,Foods,3765.0,UPi,Ahmedabad,Uber ride
T5173,U056,2021-07-10,Expense,food,2874.0,cash,DELHI,No Notes
T2738,U012,2024-10-25,Expense,food,779.0,UPi,LUCKNOW,Medicine
T11919,U058,10/31/2022,Expense,Rent,44460.0,,AHMEDABAD,!!!
T12840,U049,2024-02-06,Income,Bonus,53277.0,BankTransfer,MUM,Fixed deposit
T13931,U105,17-03-2023,Expense,Foods,4932.0,UPI,AHM,Fixed deposit
T3048,U078,18-08-21,Expense,education,5768.0,bank transfer,Chennai,Gym membership
T11431,U116,04-03-24,Income,Others,67826.0,upi,ahmedabad,Uber ride
T13064,U029,24-11-2022,Expense,education,3558.0,Bank Transfr,LUCKNOW,Electricity bill
T0686,U026,2023-09-22,Expense,Foods,4046.0,Bank Transfer,lucknow,Movie tickets
T6562,U065,2024-02-23,Expense,,2945.0,cash,Jaipur,Monthly rent payment
T4614,U150,2022-03-18,Expense,Utilties,999999.0,CASH,jaipur,Electricity bill
T2027,U133,09/08/2024,Expense,rent,3965.0,UPi,Unknown,Doctor consultation
T9682,U138,01/19/2022,Income,Others,51981.0,Csh,LUCKNOW,Grocery shopping
T7252,U137,2023-03-27,Expense,Educaton,3473.0,CARD,mumbai,No Notes
T3089,U099,12/17/2023,Expense,entertainment,2430.0,Csh,JAIPUR,No Notes
T13413,U035,30-03-21,Income,Others,51214.0,Csh,MUM,test
T2613,U067,08/02/2024,Income,Bonus,79628.0,Upi,CHENNAI,...
T13355,U094,05/18/2021,Income,Investment,396633.0,Csh,Pune,No Notes
T9891,U077,2022-06-08,Expense,utilities,6739.0,Bank Transfr,Chennai,Online course
T13039,U079,2022-03-30,Expense,Foods,2063.0,UPi,hyderabad,ATM withdrawal
T2163,U087,2022-01-12,Income,Bonus,11292.0,Bank Transfr,bangalore,No Notes
T10476,U132,27-04-22,Expense,rent,8716.0,Bank Transfr,pune,Electricity bill
T3998,U046,2024-08-28,Expense,Foods,1376.0,UPI,JAIPUR,Fixed deposit
T4590,U136,05-05-2024,Expense,Traval,5795.0,UPi,hyderabad,Monthly rent payment
T3407,U092,2024-11-10,Expense,Utlities,5077.0,upi,ahmedabad,Books
T8965,U006,2023-02-04,Expense,TRAVEL,6769.0,Cash,Unknown,...
T6271,U002,16-09-23,Expense,Utilties,6850.0,bank transfer,Unknown,test
T10172,U023,09/18/2023,Expense,Rentt,35400.0,CARD,Bangalore,Train ticket
T7593,U005,09/29/2023,Income,Others,776361.0,cash,Kolkata,No Notes
T8249,U097,2022-09-07,Expense,rent,6136.0,UPI,Unknown,No Notes
T3252,U099,01/10/2022,Expense,Rentt,46368.0,upi,DEL,No Notes
T7208,U130,26-06-21,Expense,Utilities,6701.0,csh,Kolkata,No Notes
T5602,U049,2021-08-23,Expense,Rnt,618.0,CASH,ahmedabad,Petrol
T5840,U052,06/01/2024,Income,Others,24999.0,Cash,Pune,No Notes
T8684,U116,06/06/2023,Expense,Foodd,179.0,upi,kolkata,Monthly rent payment
T7171,U112,2022-01-01,Income,Freelance,61649.0,UPi,DEL,Medicine
T12422,U135,11/30/2024,Expense,Food,3586.0,card,Hyderabad,!!!
T5980,U063,11/01/2021,Expense,Fod,6830.0,BankTransfer,JAI,No Notes
T5202,U116,2022-12-30,Expense,Entertain,9071.0,Card,delhi,!!!
T6869,U132,18-07-2023,Income,Bonus,52701.0,card,Lucknow,ATM withdrawal
T0153,U070,23-06-22,Expense,Entertain,1008.0,UPI,DEL,Gym membership
T3243,U020,2022-01-14,Expense,FOOD,2199.0,Bank Transfr,Unknown,Lunch
T7123,U132,2022-12-25,Expense,entertainment,5474.0,,Unknown,asdfgh
T9422,U004,02-08-23,Expense,Educaton,8589.0,csh,Unknown,No Notes
T10445,U038,08-02-22,Expense,Health,519.0,Cash,mumbai,Electricity bill
T7661,U125,12/05/2023,Expense,health,2564.0,Cash,Hyderabad,EMI payment
T10014,U090,20-11-2022,Expense,Rentt,43449.0,UPI,Unknown,Train ticket
T13488,U043,14-03-2021,Expense,Foodd,1742.0,Csh,MUMBAI,Coffee
T10236,U129,2021-05-21,Income,Freelance,12151.0,upi,HYDERABAD,xyz123
T5090,U029,12-11-22,Expense,Helth,7499.0,csh,Lucknow,No Notes
T8228,U050,29-08-24,Income,Investment,65727.0,Upi,JAIPUR,Books
T0324,U117,2023-02-04,Expense,food,2184.0,CASH,BANGALORE,No Notes
T6047,U017,2021-09-23,Expense,Foods,4797.0,UPI,Jaipur,No Notes
T1333,U075,07/13/2021,Income,Freelance,72176.0,UPI,DELHI,test
T11752,U071,2022-08-06,Income,Others,12368.0,upi,Unknown,test
T11435,U099,2024-09-27,Expense,Utility,3573.0,Bank_Transfer,ahmedabad,Uber ride
T5725,U008,04-09-2024,Expense,Foodd,2799.0,CARD,Unknown,Uber ride
T10256,U001,2023-02-16,Expense,,8735.0,UPi,PUNE,No Notes
T2634,U017,05/14/2024,Expense,Rnt,2346.0,Cash,Unknown,ATM withdrawal
T2921,U045,11/21/2024,Expense,Utilities,510.0,UPi,Chennai,!!!
T9225,U006,17-01-2024,Expense,RENT,5130.0,CASH,MUM,ATM withdrawal
T13983,U116,2023-02-25,Expense,rent,481.0,Csh,Unknown,Internet bill
T7853,U038,02/03/2022,Expense,Fod,3915.0,UPI,AHM,test
T12722,U030,01/11/2024,Expense,health,714.0,card,Bangalore,Shopping
T9300,U075,2021-06-17,Expense,Rnt,5160.0,Csh,Jaipur,No Notes
T9611,U092,2024-10-16,Expense,Entertainment,5589.0,Card,Bangalore,No Notes
T8461,U069,2024-01-11,Expense,Helth,7688.0,Csh,Hyderabad,Uber ride
T0121,U106,2024-07-15,Expense,,6214.0,BankTransfer,Unknown,Grocery shopping
T9001,U136,2022-01-08,Expense,Saving,7524.0,BankTransfer,Pune,Grocery shopping
T2390,U125,2023-03-03,Income,Bonus,13881.0,Cash,PUNE,Internet bill
T5796,U047,25-02-22,Expense,health,6273.0,card,CHE,Train ticket
T10931,U148,07/13/2023,Expense,Others,9888.0,Cash,bangalore,No Notes
T8540,U089,2023-08-26,Expense,Foodd,622.0,upi,lucknow,No Notes
T3534,U079,11/28/2021,Expense,rent,4394.0,CARD,kolkata,Internet bill
T6091,U041,2024-03-11,Expense,health,4551.0,bank transfer,HYDERABAD,test
T5132,U074,05-12-2021,Expense,Travl,6911.0,CARD,bangalore,Lunch
T8138,U065,2021-02-01,Expense,Fod,7782.0,CARD,kolkata,Online course
T9756,U094,07/21/2024,Expense,EDU,1299.0,upi,Unknown,Petrol
T4469,U001,06/17/2023,Expense,Food,462.0,UPi,Mumbai,ATM withdrawal
T4561,U071,12-01-21,Expense,entertainment,4549.0,Bank Transfr,mumbai,Books
T9800,U027,05/21/2023,Expense,Food,3249.0,Cash,lucknow,...
T2149,U084,04-07-2023,Expense,Rent,34311.0,,MUM,misc
T4132,U001,2021-10-06,Expense,Utlities,5394.0,UPI,Unknown,...
T7576,U120,03/23/2024,Expense,Rentt,16181.0,csh,KOLKATA,Lunch
T12535,U035,03/24/2023,Expense,Food,4085.0,cash,PUNE,Grocery shopping
T13461,U043,2024-08-08,Income,Bonus,67139.0,Card,Jaipur,Doctor consultation
T9966,U121,2024-12-20,Expense,Foods,1842.0,CARD,Ahmedabad,test
T1270,U016,06/09/2023,Expense,travel,1593.0,Cash,Unknown,Petrol
T11632,U149,12-01-24,Expense,Entrtnmnt,8945.0,Upi,Lucknow,Grocery shopping
T12528,U016,2021-12-24,Expense,entertainment,1466.0,Bank Transfer,mumbai,Online course
T5069,U067,02/10/2024,Expense,Travl,999999.0,CRD,PUNE,No Notes
T1663,U130,08-06-21,Expense,education,1435.0,UPi,LUCKNOW,Monthly rent payment
T11972,U011,02-03-2024,Expense,Food,4747.0,bank transfer,PUN,No Notes
T13186,U009,06/11/2024,Expense,FOOD,6657.0,Bank Transfer,PUNE,No Notes
T10302,U125,09/15/2022,Expense,Foods,3422.0,CASH,PUNE,Gym membership
T7986,U117,2022-09-13,Income,Bonus,34776.0,CASH,DELHI,Grocery shopping
T5198,U061,12/28/2022,Expense,health,7846.0,card,pune,Doctor consultation
T8485,U065,02/15/2022,Expense,RENT,5522.0,Upi,PUN,Lunch
T11844,U002,18-07-22,Expense,RENT,7154.0,Bank Transfer,Chennai,EMI payment
T10719,U045,09/24/2022,Expense,Food,4040.0,CRD,BANGALORE,No Notes
T3542,U016,02/05/2022,Expense,Education,7083.0,CARD,hyderabad,...
T8982,U036,2024-09-02,Expense,education,7191.0,CASH,pune,Monthly rent payment
T2085,U039,09/20/2023,Expense,entertainment,448.0,,HYD,Electricity bill
T13666,U040,05/01/2021,Expense,Entertainment,2153.0,CARD,kolkata,Fixed deposit
T3501,U069,2021-10-02,Expense,food,8346.0,Bank Transfr,chennai,Online course
T9693,U095,04/04/2021,Expense,Foodd,884.0,Bank_Transfer,MUM,Gym membership
T13524,U011,2023-01-17,Income,Salary,67211.0,Bank Transfr,MUM,Electricity bill
T0330,U149,2024-12-10,Expense,RENT,8350.0,UPi,jaipur,Restaurant dinner
T1824,U127,16-10-23,Expense,Foods,1785.0,CRD,AHMEDABAD,No Notes
T8392,U042,01/24/2023,Expense,rent,9651.0,Csh,Mumbai,Doctor consultation
T7943,U146,08/01/2023,Expense,Travel,5842.0,Upi,BAN,Electricity bill
T4576,U047,05/22/2022,Income,Others,75005.0,Card,hyderabad,Lunch
T5264,U005,2022-07-30,Expense,Foodd,2059.0,UPi,Mumbai,xyz123
T13312,U084,14-07-22,Expense,FOOD,6861.0,CASH,ahmedabad,Fixed deposit
T8571,U007,06-10-22,Income,Investment,36756.0,UPI,chennai,Doctor consultation
T12028,U069,11-12-22,Expense,Rentt,30109.0,Card,BAN,Petrol
T9539,U083,13-06-23,Expense,Education,1797.0,Bank Transfer,LUCKNOW,Shopping
T10197,U100,05-05-21,Income,Others,14217.0,UPI,ahmedabad,...
T5866,U124,2023-03-04,Income,Salary,35286.0,UPI,LUCKNOW,Gym membership
T8539,U147,2023-11-26,Expense,Utlities,8504.0,upi,pune,No Notes
T11694,U037,01/29/2022,Expense,Helth,5091.0,Bank Transfer,MUMBAI,Gym membership
T8707,U068,2022-10-03,Income,Investment,79950.0,,MUMBAI,Shopping
T4413,U137,04-11-2023,Income,Bonus,46079.0,CARD,ahmedabad,Fixed deposit
T13149,U051,2023-10-27,Expense,FOOD,531.0,Csh,hyderabad,Petrol
T1328,U086,27-04-2024,Income,Freelance,136052.0,Card,MUM,Online course
T4130,U114,20-03-21,Expense,savings,3206.0,UPI,AHMEDABAD,ATM withdrawal
T11499,U146,2024-07-07,Expense,Utlities,8074.0,Cash,Kolkata,misc
T0643,U032,2022-03-24,Expense,rent,6671.0,Upi,DELHI,No Notes
T8741,U018,03/01/2022,Expense,Travel,3814.0,upi,Jaipur,No Notes
T11745,U012,2022-08-03,Income,Investment,20067.0,UPI,bangalore,Books
T7820,U063,14-06-24,Expense,Foods,922.0,UPI,MUMBAI,Uber ride
T6706,U072,03/15/2022,Expense,Food,3987.0,bank transfer,ahmedabad,!!!
T0679,U147,02/07/2022,Income,Investment,34315.0,cash,KOL,Fixed deposit
T13954,U102,2021-09-12,Expense,Educaton,9904.0,upi,Lucknow,asdfgh
T13700,U083,28-06-23,Expense,Rent,23903.0,Upi,Hyderabad,No Notes
T0136,U036,2023-05-17,Expense,entertainment,8122.0,Csh,AHM,Fixed deposit
T7573,U052,12-09-24,Expense,health,5925.0,CARD,PUN,No Notes
T4802,U048,07/03/2022,Expense,Utilities,1349.0,Crd,ahmedabad,No Notes
T12394,U091,2021-10-31,Income,Others,56416.0,Cash,Bangalore,Shopping
T0986,U101,02/24/2021,Expense,EDU,5735.0,card,bangalore,asdfgh
T9325,U082,10-05-21,Expense,Entertain,6474.0,upi,HYDERABAD,Uber ride
T9552,U117,2024-05-11,Expense,Foods,3950.0,Upi,hyderabad,Uber ride
T10607,U054,2021-08-02,Income,Others,73779.0,Card,jaipur,No Notes
T0640,U005,2022-03-29,Expense,FOOD,9852.0,Csh,HYDERABAD,asdfgh
T11482,U042,02/05/2022,Expense,Travl,8333.0,Bank Transfr,MUMBAI,Train ticket
T1420,U023,2021-01-23,Expense,travel,2273.0,card,Unknown,Lunch
T6057,U051,2024-11-20,Expense,Foodd,4396.0,Bank Transfer,Chennai,Gym membership
T11282,U072,11-05-21,Income,Investment,28580.0,Card,Unknown,Monthly rent payment
T11900,U055,2024-05-08,Income,Others,51523.0,Crd,HYD,No Notes
T13900,U141,2024-07-24,Income,Investment,48916.0,card,pune,!!!
T1095,U094,2023-05-28,Income,Freelance,76741.0,,Ahmedabad,Books
T5372,U028,11/13/2024,Expense,Foods,2014.0,CARD,kolkata,Train ticket
T11427,U023,12/25/2021,Expense,Foods,2212.0,UPi,DELHI,ATM withdrawal
T8284,U027,07-06-24,Expense,Traval,9242.0,Upi,chennai,Grocery shopping
T2857,U036,2023-06-06,Income,Freelance,30782.0,upi,AHM,Lunch
T10955,U056,23-09-2023,Income,Investment,12824.0,cash,CHE,Grocery shopping
T3445,U102,30-11-21,Expense,Fod,9626.0,Cash,chennai,Monthly rent payment
T11622,U142,13-03-23,Income,Bonus,55432.0,card,kolkata,Uber ride
T10619,U015,11/11/2021,Expense,Entertainment,278.0,,Delhi,Fixed deposit
T6496,U074,2023-11-26,Expense,Entertain,3432.0,Card,Mumbai,Internet bill
T13438,U077,12/03/2024,Expense,Travel,4916.0,Csh,jaipur,No Notes
T10207,U098,05/14/2021,Expense,rent,7468.0,,hyderabad,Gym membership
T0351,U134,2021-06-24,Expense,Education,2864.0,Bank Transfer,PUN,No Notes
T11126,U061,21-09-2022,Expense,Rent,22465.0,Bank Transfer,Bangalore,Coffee
T12810,U036,2024-07-27,Expense,Fod,4088.0,Crd,pune,Gym membership
T12054,U025,2021-12-19,Expense,Entrtnmnt,9989.0,CARD,BANGALORE,...
T1374,U105,2023-05-06,Expense,Entertainment,254.0,UPi,DELHI,!!!
T6488,U107,09-10-22,Income,,56869.0,Card,KOLKATA,No Notes
T2326,U093,2021-02-04,Expense,Foodd,3103.0,UPi,Pune,Electricity bill
T5244,U097,12/31/2022,Expense,travel,4716.0,cash,Bangalore,Lunch
T1608,U095,04/05/2024,Expense,Utlities,9439.0,upi,Pune,Fixed deposit
T8083,U060,06-09-2024,Expense,EDU,7088.0,Upi,pune,No Notes
T12758,U059,2023-04-14,Income,Others,70116.0,Cash,LUCKNOW,Train ticket
T1764,U047,04/04/2024,Expense,entertainment,6375.0,Bank_Transfer,mumbai,Restaurant dinner
T9465,U088,2022-03-01,Expense,Rnt,1476.0,Bank Transfr,Delhi,Train ticket
T9326,U051,2023-09-28,Income,Salary,61907.0,Upi,LUC,No Notes
T11290,U058,2023-08-08,Expense,travel,5916.0,csh,Unknown,No Notes
T1849,U113,28-07-24,Income,Others,56895.0,UPI,Kolkata,misc
T6615,U101,12/20/2021,Expense,Rnt,4297.0,Bank Transfer,BAN,test
T3843,U134,24-01-2021,Expense,rent,7900.0,Bank Transfer,DELHI,Doctor consultation
T12123,U078,19-04-21,Expense,Entertainment,2118.0,card,DELHI,Grocery shopping
T0558,U038,11/04/2021,Expense,Utilties,4822.0,CRD,DEL,Electricity bill
T10918,U110,2022-01-28,Expense,Rentt,40414.0,,JAI,asdfgh
T0925,U109,16-08-2021,Expense,rent,7943.0,Bank_Transfer,Unknown,Petrol
T11857,U090,2021-11-24,Expense,Rentt,26342.0,Cash,LUCKNOW,Coffee
T10964,U134,2022-03-16,Expense,Entrtnmnt,854.0,card,PUNE,asdfgh
T10017,U098,2023-06-15,Expense,Entertain,5086.0,card,KOL,Uber ride
T13155,U126,2024-05-24,Expense,Food,917.0,Upi,Unknown,Coffee
T8096,U108,2021-07-15,Expense,Food,3943.0,upi,JAIPUR,Grocery shopping
T12789,U021,09-05-23,Expense,Foods,4611.0,upi,Jaipur,!!!
T11780,U057,22-03-24,Expense,Rentt,9002.0,Csh,AHM,...
T13958,U022,2021-03-31,Expense,Utilties,6149.0,,Unknown,Electricity bill
T11581,U141,17-07-21,Expense,Foodd,306.0,Bank Transfr,PUN,Gym membership
T4311,U006,2024-01-08,Expense,Rent,35496.0,Bank Transfr,hyderabad,No Notes
T12113,U003,30-07-24,Expense,Utility,3178.0,Bank Transfr,CHENNAI,test
T9330,U110,2023-04-07,Expense,Educaton,418.0,CARD,MUMBAI,No Notes
T13115,U025,18-09-22,Expense,Utlities,999999.0,Cash,Unknown,No Notes
T6749,U116,2021-07-13,Expense,Travl,7250.0,Csh,Lucknow,Uber ride
T11232,U083,2021-06-17,Income,,22907.0,Upi,DEL,test
T10354,U015,2022-02-20,Expense,Travel,6926.0,Crd,DEL,Books
T8212,U056,05/02/2023,Income,Freelance,29134.0,,HYDERABAD,Electricity bill
T11386,U030,2024-05-28,Expense,Rentt,41993.0,Csh,Ahmedabad,Movie tickets
T4605,U011,29-07-22,Expense,health,8147.0,UPI,Kolkata,Restaurant dinner
T13444,U140,08/31/2023,Expense,Foods,3624.0,UPi,kolkata,Medicine
T2853,U137,10-03-2022,Income,Investment,21702.0,Bank Transfer,delhi,Movie tickets
T0775,U015,2021-12-09,Expense,Rentt,42608.0,cash,LUCKNOW,Uber ride
T8863,U066,01-02-23,Income,Others,49272.0,card,Unknown,Coffee
T8614,U011,2023-04-09,Expense,Utility,293.0,cash,CHE,Uber ride
T2145,U066,04/17/2022,Expense,Rent,19084.0,Bank Transfer,lucknow,Fixed deposit
T10155,U103,2024-08-06,Expense,Entertainment,8781.0,Crd,bangalore,!!!
T10843,U110,26-10-23,Expense,Utlities,4648.0,Bank_Transfer,Ahmedabad,Fixed deposit
T9698,U086,26-02-2022,Expense,FOOD,1709.0,upi,KOLKATA,test
T4863,U071,2024-02-27,Expense,Travl,4941.0,,DEL,EMI payment
T4355,U080,2023-05-23,Expense,EDU,8130.0,Upi,Lucknow,Uber ride
T1283,U033,12-11-23,Expense,Utlities,6817.0,Crd,Unknown,Gym membership
T6569,U039,03-01-22,Expense,Utilties,3432.0,csh,Unknown,No Notes
T10618,U078,2022-08-19,Expense,Entrtnmnt,5459.0,bank transfer,MUM,No Notes
T8222,U048,07/10/2022,Expense,Entertainment,3549.0,UPI,LUCKNOW,Books
T3898,U136,02/27/2024,Expense,Entertain,3256.0,bank transfer,BANGALORE,ATM withdrawal
T7628,U103,02/04/2024,Expense,FOOD,1160.0,,LUC,Train ticket
T8810,U096,2024-11-02,Expense,Travel,7285.0,,Unknown,asdfgh
T5595,U044,07-01-23,Expense,travel,2048.0,Upi,Chennai,Fixed deposit
T1056,U106,10-03-24,Expense,food,6612.0,Cash,mumbai,Books
T12064,U115,2022-04-21,Expense,Educaton,4457.0,Csh,Unknown,Train ticket
T5392,U036,12/20/2022,Expense,education,1014.0,card,bangalore,Fixed deposit
T1083,U093,01/19/2024,Expense,Rentt,8927.0,Cash,chennai,No Notes
T3767,U022,2024-02-14,Expense,Foodd,2612.0,BankTransfer,bangalore,Books
T11641,U017,15-05-2024,Expense,TRAVEL,9877.0,CASH,KOLKATA,Movie tickets
T0422,U003,09-08-23,Income,Investment,13404.0,Card,LUCKNOW,Doctor consultation
T8067,U135,2024-06-18,Expense,Rnt,6653.0,upi,jaipur,EMI payment
T12138,U047,04/14/2023,Expense,RENT,552.0,Bank Transfer,Hyderabad,No Notes
T13746,U133,26-01-23,Expense,Food,4445.0,Bank Transfer,AHMEDABAD,No Notes
T12349,U108,2021-01-20,Expense,Foods,4322.0,,Jaipur,Medicine
T0193,U003,2024-09-17,Expense,education,1818.0,CASH,Chennai,Coffee
T2720,U036,2023-07-25,Expense,Rnt,5408.0,Bank Transfer,MUM,Coffee
T3263,U133,2024-12-16,Expense,Utilities,5565.0,upi,Delhi,!!!
T10708,U007,2024-12-26,Income,Bonus,208860.0,csh,HYDERABAD,Grocery shopping
T6889,U094,2024-01-10,Expense,Educaton,3706.0,UPI,JAIPUR,No Notes
T5805,U148,2023-06-06,Expense,Entrtnmnt,2340.0,bank transfer,mumbai,Shopping
T6759,U065,2023-04-25,Expense,travel,7420.0,CARD,hyderabad,Coffee
T1090,U131,17-06-23,Expense,Entertainment,8139.0,bank transfer,Unknown,Medicine
T1661,U006,02-03-2022,Expense,RENT,7428.0,CARD,LUC,misc
T5335,U044,2021-12-11,Expense,FOOD,6618.0,Upi,bangalore,Lunch
T13113,U002,07/03/2024,Expense,Utilities,4096.0,Bank Transfr,Pune,Internet bill
T10437,U106,01/24/2022,Expense,Entertain,830.0,Upi,JAIPUR,test
T9370,U021,06/04/2023,Expense,rent,7410.0,CRD,CHENNAI,Petrol
T0148,U007,10-09-24,Expense,rent,4942.0,CARD,CHE,No Notes
T3979,U010,2024-09-01,Income,Freelance,11027.0,Bank Transfer,LUCKNOW,Uber ride
T2004,U129,11/03/2023,Expense,utilities,9540.0,card,KOL,Doctor consultation
T5768,U105,2024-10-31,Expense,Food,653.0,,delhi,EMI payment
T11448,U107,03/01/2024,Expense,Food,1337.0,BankTransfer,Lucknow,Petrol
T4608,U081,09/21/2023,Expense,TRAVEL,7875.0,UPi,MUM,No Notes
T12401,U035,12/13/2023,Income,Others,63317.0,cash,Lucknow,No Notes
T5122,U008,2023-04-11,Income,Investment,55241.0,card,AHM,Monthly rent payment
T13487,U050,2023-02-13,Expense,TRAVEL,8213.0,card,mumbai,xyz123
T3704,U008,21-05-2022,Expense,health,7678.0,Csh,BAN,Restaurant dinner
T11711,U025,2021-11-15,Expense,TRAVEL,8362.0,Card,AHMEDABAD,No Notes
T6719,U007,11/25/2024,Expense,education,8273.0,Bank_Transfer,kolkata,xyz123
T12968,U123,07-04-24,Expense,Entertainment,7270.0,upi,jaipur,asdfgh
T6595,U006,2024-08-03,Income,Freelance,11115.0,Bank Transfr,ahmedabad,Train ticket
T0272,U070,02-09-2024,Expense,Entrtnmnt,412.0,Bank_Transfer,DELHI,No Notes
T9584,U074,20-10-22,Expense,Entertainment,411.0,csh,CHENNAI,Gym membership
T4750,U147,2021-05-10,Expense,utilities,6185.0,upi,BANGALORE,No Notes
T6402,U117,04-07-2024,Expense,Utlities,9561.0,upi,MUMBAI,Online course
T7897,U149,2022-09-29,Income,Investment,14916.0,Bank Transfr,Bangalore,No Notes
T3925,U009,12/01/2024,Expense,rent,2620.0,card,LUCKNOW,ATM withdrawal
T10914,U002,24-09-2022,Expense,Educaton,1941.0,UPi,BANGALORE,Uber ride
T11118,U088,15-02-2024,Expense,utilities,5234.0,Bank Transfr,DEL,Petrol
T3944,U043,27-01-24,Expense,TRAVEL,5329.0,UPi,Unknown,Fixed deposit
T10474,U054,17-12-22,Expense,health,4200.0,Upi,Unknown,!!!
T13472,U131,2022-07-04,Expense,,642.0,Crd,pune,test
T0248,U035,08/19/2023,Expense,utilities,7152.0,upi,JAI,...
T9123,U065,2024-08-13,Expense,Saving,8502.0,UPi,PUN,asdfgh
T8468,U053,07/20/2022,Expense,food,4634.0,Bank Transfer,DEL,Petrol
T12027,U034,01/03/2022,Expense,Helth,4962.0,upi,CHE,xyz123
T10882,U039,2023-06-14,Expense,Travl,7202.0,cash,Unknown,Movie tickets
T4840,U089,2024-04-18,Expense,Education,1925.0,Card,mumbai,Coffee
T10907,U066,2023-09-24,Expense,education,7795.0,card,CHENNAI,xyz123
T11616,U026,16-08-2021,Expense,entertainment,7226.0,CRD,LUC,Lunch
T4418,U069,27-05-21,Income,Others,62480.0,bank transfer,pune,No Notes
T6937,U147,12/30/2024,Income,Others,30120.0,Cash,KOL,...
T6063,U148,03/23/2023,Income,Bonus,48707.0,CASH,CHENNAI,Doctor consultation
T11740,U083,2024-10-16,Expense,Foods,730.0,csh,Chennai,Fixed deposit
T10186,U056,09/02/2022,Expense,Foodd,1548.0,CARD,PUNE,Doctor consultation
T8425,U106,24-07-2022,Expense,Traval,2922.0,Card,MUMBAI,xyz123
T3956,U029,04/30/2024,Expense,rent,8792.0,Csh,HYDERABAD,Petrol
T8478,U007,22-09-22,Expense,Utilities,2397.0,Cash,hyderabad,Coffee
T9111,U007,03/04/2023,Income,Freelance,16226.0,Crd,Lucknow,xyz123
T4611,U140,2024-12-13,Expense,Foods,4793.0,BankTransfer,Ahmedabad,No Notes
T7689,U001,2024-11-22,Expense,Rent,36001.0,card,KOLKATA,Coffee
T13952,U063,2022-09-11,Income,Others,72599.0,,Pune,Gym membership
T10169,U131,2022-07-31,Expense,HEALTH,667.0,Cash,MUM,Uber ride
T0627,U087,2023-04-02,Income,Bonus,45305.0,cash,KOL,Medicine
T11483,U149,2022-08-06,Expense,FOOD,3512.0,upi,jaipur,Restaurant dinner
T4658,U051,08/14/2023,Income,Investment,35407.0,UPI,Bangalore,No Notes
T8090,U002,30-04-21,Income,Freelance,72108.0,Upi,PUNE,Monthly rent payment
T5271,U132,2022-01-01,Expense,Food,2264.0,Bank_Transfer,lucknow,Lunch
T12882,U106,10/29/2022,Expense,Foodd,4765.0,UPi,LUCKNOW,test
T1075,U131,07-07-22,Expense,Traval,5484.0,Bank Transfer,Chennai,Monthly rent payment
T8476,U145,2021-11-26,Expense,Entrtnmnt,6351.0,Bank Transfer,Lucknow,Gym membership
T3184,U132,2022-08-15,Expense,savings,7586.0,Bank Transfer,ahmedabad,Coffee
T5092,U026,2022-01-15,Expense,Rentt,8643.0,Bank_Transfer,BAN,Online course
T9911,U049,27-11-2021,Expense,Entertain,3376.0,Card,ahmedabad,test
T12590,U008,24-02-23,Expense,Entrtnmnt,6725.0,Card,delhi,No Notes
T4660,U024,2024-01-11,Income,Freelance,31389.0,bank transfer,LUCKNOW,No Notes
T13783,U012,01-10-24,Expense,FOOD,7652.0,card,Unknown,Lunch
T4059,U051,06/21/2024,Expense,Educaton,2644.0,UPi,HYDERABAD,Petrol
T3294,U017,06-11-2024,Expense,Rentt,29624.0,bank transfer,PUN,xyz123
T8150,U024,08-12-2021,Expense,Food,4008.0,upi,Mumbai,ATM withdrawal
T8421,U131,05/29/2022,Expense,Rentt,20811.0,Card,DEL,...
T1356,U034,01/30/2023,Expense,Food,2763.0,upi,jaipur,Medicine
T10371,U027,10-04-23,Expense,Food,4185.0,Crd,HYD,No Notes
T5968,U125,04/04/2024,Expense,Rnt,7711.0,UPI,jaipur,Doctor consultation
T2710,U034,2024-02-24,Expense,Rnt,8461.0,Bank Transfer,BANGALORE,Gym membership
T11223,U027,2022-06-04,Income,Others,24089.0,UPI,Chennai,Uber ride
T5379,U080,11-03-24,Expense,Saving,4003.0,Bank Transfer,DELHI,No Notes
T5801,U039,2021-08-04,Expense,Food,3973.0,Upi,Jaipur,No Notes
T5962,U069,2023-10-15,Expense,Traval,6461.0,Card,bangalore,Uber ride
T4071,U006,2021-08-21,Expense,Traval,9685.0,Csh,Mumbai,Online course
T6617,U017,22-08-23,Expense,Entrtnmnt,3389.0,BankTransfer,ahmedabad,No Notes
T13608,U056,2023-02-26,Expense,Travel,6999.0,Cash,LUC,Movie tickets
T2602,U043,22-06-24,Income,Bonus,418020.0,CARD,kolkata,ATM withdrawal
T13880,U072,08/19/2023,Expense,Foods,4518.0,Bank Transfer,Delhi,Uber ride
T7674,U141,23-01-21,Expense,Entertain,2090.0,Cash,DEL,Monthly rent payment
T9699,U084,2024-07-10,Expense,travel,7288.0,Upi,ahmedabad,Shopping
T2764,U130,2023-10-01,Income,Investment,63860.0,Upi,Hyderabad,Fixed deposit
T11656,U050,2021-05-02,Expense,Foodd,3837.0,BankTransfer,LUC,...
T2517,U097,02-01-22,Expense,Travl,1420.0,card,Unknown,ATM withdrawal
T3391,U023,14-02-22,Expense,savings,5064.0,Upi,Lucknow,Electricity bill
T6507,U031,2023-06-04,Expense,Utilties,1831.0,BankTransfer,Ahmedabad,Medicine
T7170,U012,01/11/2021,Expense,entertainment,588.0,Bank Transfer,LUC,Shopping
T11577,U052,03/14/2022,Expense,Rentt,32463.0,upi,Unknown,Shopping
T7708,U039,09/02/2021,Expense,Travel,9488.0,csh,Unknown,Doctor consultation
T12069,U044,2021-03-18,Expense,Rent,7744.0,Bank Transfr,CHENNAI,Medicine
T6405,U073,2021-08-24,Expense,Rnt,1891.0,CARD,delhi,Electricity bill
T5769,U034,01/27/2023,Expense,FOOD,3939.0,Crd,LUC,...
T2192,U101,15-02-23,Expense,HEALTH,5788.0,CARD,MUM,Fixed deposit
T7472,U140,2024-06-13,Income,Salary,28677.0,UPi,JAI,Online course
T1399,U097,22-06-2021,Expense,food,8352.0,BankTransfer,Pune,No Notes
T12285,U083,2023-06-01,Expense,Utilities,2242.0,Csh,KOL,No Notes
T5918,U125,2022-12-09,Expense,rent,8653.0,Csh,Pune,xyz123
T11267,U117,20-11-21,Expense,Helth,9602.0,cash,pune,No Notes
T10948,U148,09/26/2023,Expense,Health,7939.0,BankTransfer,Lucknow,No Notes
T0961,U101,08/05/2021,Expense,Traval,9482.0,Upi,Delhi,Grocery shopping
T1735,U017,24-01-2023,Expense,Travel,909.0,CRD,LUC,No Notes
T4437,U023,01-03-2021,Expense,rent,1992.0,cash,jaipur,Doctor consultation
T6130,U035,2024-01-22,Income,Freelance,59543.0,card,Bangalore,Restaurant dinner
T1282,U093,14-02-2024,Expense,education,999999.0,Upi,Delhi,No Notes
T0476,U112,2021-09-14,Expense,Fod,423.0,Bank Transfer,lucknow,Restaurant dinner
T10845,U150,11/13/2022,Expense,Fod,5579.0,BankTransfer,LUCKNOW,misc
T6582,U014,2023-05-05,Expense,Foodd,3714.0,bank transfer,Unknown,!!!
T12952,U011,2024-04-19,Expense,EDU,1588.0,Bank Transfer,ahmedabad,Grocery shopping
T11489,U021,23-08-2022,Expense,Misc,1538.0,upi,kolkata,Uber ride
T7704,U078,2024-12-19,Expense,RENT,4365.0,Cash,Unknown,xyz123
T13757,U058,06/10/2023,Expense,Travl,5990.0,Bank Transfer,hyderabad,ATM withdrawal
T12203,U075,06/22/2023,Expense,FOOD,2381.0,CRD,Unknown,Fixed deposit
T10650,U054,03/02/2021,Income,Bonus,33186.0,Card,KOLKATA,Medicine
T10365,U043,2022-11-15,Expense,travel,5965.0,CRD,PUNE,Train ticket
T10954,U067,11/25/2024,Expense,education,8228.0,UPI,HYDERABAD,EMI payment
T5727,U042,2022-04-24,Expense,HEALTH,6907.0,UPi,Mumbai,Online course
T13007,U026,27-12-24,Expense,Others,767.0,cash,ahmedabad,Online course
T6121,U078,2021-12-20,Expense,RENT,9767.0,CASH,Lucknow,Fixed deposit
T12440,U136,2021-10-01,Expense,entertainment,6960.0,csh,mumbai,Internet bill
T10992,U084,2024-07-11,Income,Salary,58524.0,UPi,chennai,asdfgh
T13499,U034,2023-05-15,Expense,Foods,2296.0,UPI,Kolkata,Medicine
T7033,U107,09/23/2022,Expense,Fod,4787.0,,HYDERABAD,Movie tickets
T10225,U033,2022-12-09,Expense,Travl,8440.0,cash,Kolkata,Books
T6905,U022,21-02-2024,Expense,FOOD,4383.0,Bank_Transfer,Hyderabad,Medicine
T11035,U104,05/10/2022,Income,Others,36601.0,Card,mumbai,Lunch
T13603,U008,05/26/2022,Expense,Rentt,29297.0,,lucknow,Uber ride
T8465,U064,27-06-24,Income,Others,76897.0,Cash,BAN,Gym membership
T5191,U116,18-05-22,Expense,utilities,9460.0,Upi,Hyderabad,No Notes
T2440,U100,2021-02-03,Expense,Utility,5431.0,Bank Transfer,JAI,!!!
T5783,U108,29-04-2023,Expense,Educaton,2323.0,Upi,DELHI,Uber ride
T0350,U080,2023-06-29,Expense,SAVINGS,1240.0,upi,Unknown,Movie tickets
T13246,U095,17-01-2024,Expense,Entertain,8474.0,upi,Unknown,No Notes
T9512,U095,2024-09-23,Expense,SAVINGS,6608.0,BankTransfer,BAN,misc
T5615,U105,06/11/2021,Expense,Entertain,9574.0,BankTransfer,mumbai,Lunch
T13120,U134,2023-06-10,Expense,Educaton,463.0,bank transfer,delhi,Lunch
T8205,U014,2023-09-10,Expense,Traval,6574.0,Cash,Bangalore,...
T5495,U079,2023-10-19,Expense,Fod,7446.0,CASH,AHMEDABAD,Internet bill
T0114,U071,2022-08-11,Expense,rent,1678.0,Upi,pune,Online course
T3200,U019,07/10/2023,Expense,Travl,2276.0,Bank_Transfer,KOL,Restaurant dinner
T13073,U093,05/02/2024,Income,Investment,42392.0,Bank Transfer,Unknown,test
T4633,U031,2024-06-22,Income,Bonus,67143.0,BankTransfer,pune,Books
T12359,U017,25-01-23,Expense,Health,6434.0,cash,Unknown,No Notes
T13363,U024,12/06/2021,Expense,Food,3883.0,csh,hyderabad,Books
T10286,U016,06-09-2022,Expense,Foods,3209.0,bank transfer,Unknown,Grocery shopping
T12818,U147,07/07/2022,Expense,Food,2869.0,Bank Transfr,JAIPUR,asdfgh
T8692,U002,2022-01-31,Expense,rent,5654.0,upi,HYDERABAD,ATM withdrawal
T12880,U067,17-12-23,Income,Others,36077.0,csh,Unknown,No Notes
T0437,U040,11/08/2022,Expense,EDU,3445.0,Bank Transfer,Ahmedabad,EMI payment
T10400,U118,2024-10-21,Expense,Utilties,6085.0,card,HYDERABAD,Uber ride
T10938,U129,10/25/2021,Expense,Misc,6409.0,BankTransfer,Delhi,test
T12937,U127,03-07-22,Expense,Entertain,5190.0,Crd,Bangalore,Gym membership
T5924,U120,2021-06-16,Expense,RENT,2386.0,,hyderabad,Movie tickets
T13774,U044,09/15/2021,Expense,utilities,1222.0,bank transfer,MUMBAI,Grocery shopping
T4860,U139,2021-09-14,Expense,Foods,2889.0,card,Unknown,Restaurant dinner
T11933,U119,06/12/2023,Expense,Food,1347.0,cash,HYD,Uber ride
T1694,U091,2022-10-01,Expense,SAVINGS,2106.0,CRD,Ahmedabad,Petrol
T6123,U081,04/04/2023,Income,Freelance,75840.0,Upi,JAIPUR,Grocery shopping
T10932,U096,2023-05-03,Expense,travel,9396.0,csh,HYD,Grocery shopping
T0030,U084,2023-02-16,Income,Salary,16826.0,Cash,CHE,Medicine
T5054,U130,2023-02-19,Expense,TRAVEL,3035.0,Crd,delhi,Fixed deposit
T10209,U024,2024-03-25,Expense,Fod,8781.0,Bank Transfer,Kolkata,No Notes
T2005,U068,11/11/2022,Expense,utilities,1908.0,Crd,JAI,Shopping
T4610,U115,12-11-21,Expense,Fod,2409.0,Csh,JAI,Electricity bill
T4172,U035,2022-02-28,Expense,Rnt,8199.0,Bank Transfr,Jaipur,EMI payment
T11553,U129,2022-03-30,Expense,savings,6819.0,Csh,kolkata,Shopping
T12700,U083,2023-12-19,Expense,Traval,1955.0,Csh,HYD,No Notes
T2947,U140,24-06-21,Expense,HEALTH,2015.0,Bank Transfr,Kolkata,Doctor consultation
T4631,U057,2022-03-12,Income,Freelance,12351.0,UPi,Unknown,EMI payment
T3262,U033,12/14/2022,Expense,travel,6267.0,Card,pune,Internet bill
T1777,U050,2024-04-12,Income,,76182.0,Bank_Transfer,LUC,Restaurant dinner
T6824,U012,12/21/2024,Expense,rent,7966.0,,BANGALORE,Doctor consultation
T13962,U105,2021-06-27,Expense,SAVINGS,3311.0,Cash,hyderabad,Doctor consultation
T10945,U080,15-06-2022,Expense,Entertainment,4894.0,Crd,chennai,ATM withdrawal
T11623,U023,04-07-24,Expense,food,8847.0,bank transfer,KOLKATA,Shopping
T1596,U086,2023-11-28,Expense,FOOD,2238.0,cash,BAN,No Notes
T8921,U078,30-01-21,Expense,Food,999999.0,Bank_Transfer,Unknown,Books
T9502,U104,2024-06-20,Expense,Health,4636.0,Bank Transfr,LUC,misc
T6074,U020,04/25/2022,Expense,Rentt,25221.0,CARD,PUNE,asdfgh
T5717,U041,09/04/2022,Expense,Fod,3776.0,Csh,Chennai,Internet bill
T11361,U033,2023-09-06,Expense,travel,8578.0,cash,Bangalore,Monthly rent payment
T12729,U023,07/12/2023,Expense,EDU,5323.0,Cash,JAI,ATM withdrawal
T3450,U106,2024-04-23,Expense,Travl,7085.0,CRD,DEL,No Notes
T4545,U022,08/04/2024,Expense,Rnt,6489.0,CRD,Pune,Electricity bill
T10240,U080,06/19/2024,Income,Salary,48382.0,upi,LUCKNOW,No Notes
T11352,U038,06/01/2022,Expense,Food,4410.0,Crd,Bangalore,test
T10244,U065,2023-03-16,Expense,education,6815.0,upi,DEL,No Notes
T7888,U039,04/01/2021,Expense,TRAVEL,7756.0,UPI,AHMEDABAD,Gym membership
T2241,U043,2023-10-17,Expense,Foodd,4273.0,Csh,Kolkata,Books
T7268,U034,07-01-23,Income,Others,57838.0,Card,BAN,Movie tickets
T11292,U030,18-05-21,Expense,entertainment,141.0,Card,PUN,Books
T11078,U122,06/18/2023,Income,Freelance,71326.0,Bank_Transfer,HYDERABAD,test
T1847,U069,19-05-22,Expense,health,5394.0,BankTransfer,mumbai,No Notes
T12357,U114,29-11-21,Expense,Educaton,478.0,Bank Transfr,Bangalore,No Notes
T5742,U019,26-08-2024,Expense,Foods,3410.0,csh,delhi,asdfgh
T9125,U068,2024-10-05,Expense,Food,4074.0,CRD,Pune,EMI payment
T0515,U033,04/01/2023,Expense,Foods,682.0,BankTransfer,HYD,...
T11076,U071,2024-06-15,Expense,health,8337.0,card,jaipur,Uber ride
T1725,U092,2023-03-30,Income,Salary,25379.0,cash,chennai,Petrol
T3524,U078,25-06-2023,Expense,Rentt,35080.0,Upi,BAN,No Notes
T2265,U130,06/02/2024,Expense,savings,2551.0,CRD,DELHI,Books
T8612,U006,16-09-24,Expense,Misc,2804.0,Cash,Bangalore,Medicine
T2283,U099,26-11-2023,Expense,rent,9734.0,csh,pune,Shopping
T1610,U136,2023-10-23,Expense,food,1199.0,UPi,KOLKATA,No Notes
T11146,U065,2024-11-25,Expense,Utlities,2310.0,Upi,Jaipur,...
T7993,U095,2021-06-04,Expense,rent,1519.0,Bank Transfr,DELHI,No Notes
T8911,U020,05/02/2023,Expense,Utilties,8833.0,Bank Transfer,Ahmedabad,Fixed deposit
T13482,U015,2022-04-16,Expense,Travel,6001.0,Bank Transfer,DEL,!!!
T10270,U094,2022-12-29,Expense,Fod,2122.0,card,kolkata,Lunch
T2386,U133,2023-09-18,Expense,entertainment,9154.0,CASH,mumbai,Electricity bill
T0907,U113,02/05/2023,Expense,Education,867.0,card,delhi,EMI payment
T13319,U074,01/21/2023,Expense,Food,672.0,Csh,MUMBAI,Movie tickets
T12954,U068,2021-04-14,Expense,travel,1074.0,Cash,Unknown,...
T5358,U079,14-04-21,Expense,Rentt,10823.0,BankTransfer,JAIPUR,Restaurant dinner
T1395,U130,02/10/2021,Expense,Utlities,3060.0,UPi,Hyderabad,Monthly rent payment
T0927,U095,2023-08-15,Expense,Travel,3271.0,Bank_Transfer,delhi,asdfgh
T12755,U095,2021-04-25,Expense,rent,7315.0,Bank_Transfer,chennai,...
T13803,U096,2022-06-07,Expense,utilities,1245.0,Crd,pune,No Notes
T1485,U059,03/03/2024,Expense,education,9692.0,Upi,DEL,Doctor consultation
T0075,U109,2021-02-07,Expense,Rnt,2353.0,Csh,LUC,Fixed deposit
T3591,U038,08/25/2022,Expense,Fod,6049.0,Crd,CHE,Restaurant dinner
T11464,U078,02/10/2021,Expense,Health,817.0,upi,BAN,Train ticket
T2580,U094,11/24/2021,Expense,Fod,2252.0,Csh,Kolkata,Monthly rent payment
T9643,U053,02-07-22,Expense,Foods,600.0,Bank Transfer,AHM,asdfgh
T2403,U141,2023-10-12,Expense,Educaton,1544.0,UPI,Chennai,xyz123
T0737,U141,03/01/2022,Expense,RENT,1025.0,CARD,Unknown,Gym membership
T5784,U062,11/30/2022,Expense,Rent,21501.0,Card,Jaipur,Doctor consultation
T9313,U138,2021-11-03,Expense,Foods,999999.0,CRD,BANGALORE,!!!
T3654,U076,2021-04-05,Income,Others,69656.0,CRD,KOLKATA,Lunch
T8359,U141,2021-06-29,Income,Investment,49021.0,Bank Transfr,lucknow,Coffee
T13521,U026,06/10/2023,Expense,rent,4291.0,bank transfer,PUN,Electricity bill
T7317,U088,07/08/2021,Expense,Entertain,4116.0,UPi,Bangalore,EMI payment
T10772,U082,11/08/2024,Expense,education,5480.0,csh,mumbai,...
T1836,U146,04/16/2021,Expense,Rnt,3831.0,CRD,KOL,No Notes
T7600,U133,2024-02-28,Income,Freelance,73105.0,BankTransfer,Unknown,!!!
T8513,U121,18-05-24,Expense,FOOD,6998.0,Cash,Unknown,test
T2665,U060,02/09/2023,Expense,RENT,648.0,upi,DEL,Restaurant dinner
T3705,U072,2024-10-22,Expense,Travl,7779.0,Upi,BANGALORE,asdfgh
T13449,U140,12/17/2022,Income,Others,67337.0,csh,MUM,Medicine
T6667,U010,06/22/2021,Expense,TRAVEL,8148.0,CASH,CHE,No Notes
T0209,U114,21-07-24,Expense,Fod,3318.0,Card,BAN,Restaurant dinner
T10298,U115,04/24/2024,Expense,Entertain,4777.0,Bank_Transfer,JAI,Shopping
T3891,U092,2022-10-23,Expense,Entertain,5416.0,upi,Unknown,Shopping
T12376,U073,16-02-2024,Expense,Rentt,45395.0,Bank_Transfer,HYD,No Notes
T8085,U031,28-02-2022,Expense,,4612.0,CARD,AHM,Coffee
T0418,U105,10/24/2024,Expense,Food,1889.0,UPI,hyderabad,Online course
T6189,U111,2022-04-14,Expense,Fod,1300.0,bank transfer,AHM,Restaurant dinner
T3248,U114,14-03-22,Expense,Rentt,18386.0,Cash,BAN,Online course
T5055,U125,2023-11-23,Expense,RENT,8603.0,,Ahmedabad,Restaurant dinner
T7812,U081,13-01-24,Expense,food,3290.0,upi,MUMBAI,Books
T11163,U002,01-04-23,Expense,,1220.0,Cash,PUN,Petrol
T13694,U116,10-04-2024,Income,Freelance,25099.0,Upi,MUMBAI,Shopping
T6722,U109,07/05/2022,Expense,food,2926.0,CRD,AHM,Books
T5301,U063,2021-03-02,Expense,Rnt,8956.0,Card,BANGALORE,asdfgh
T8111,U039,07/29/2024,Expense,Utilties,6429.0,,chennai,No Notes
T0716,U093,10/09/2022,Expense,Traval,1762.0,CARD,LUC,!!!
T5235,U143,10/15/2024,Expense,education,9907.0,Bank_Transfer,delhi,No Notes
T2475,U045,09-10-2022,Expense,Rent,17393.0,CRD,Bangalore,ATM withdrawal
T1888,U142,06-07-21,Income,Salary,75689.0,cash,DELHI,misc
T4589,U100,2023-11-22,Expense,RENT,8858.0,UPi,JAIPUR,No Notes
T0210,U110,2022-06-26,Expense,Entrtnmnt,2636.0,UPi,JAI,No Notes
T0550,U141,2023-06-03,Expense,Entrtnmnt,4566.0,Bank Transfr,pune,Train ticket
T1446,U090,2024-03-17,Expense,utilities,6208.0,cash,Pune,Movie tickets
T3364,U059,31-07-22,Expense,food,8970.0,UPi,Chennai,Electricity bill
T3852,U007,06/27/2024,Expense,Utilties,7759.0,Bank Transfr,LUC,!!!
T2606,U140,01/20/2023,Income,Salary,20195.0,CARD,hyderabad,Restaurant dinner
T7985,U063,06/18/2021,Expense,Foods,3306.0,cash,Lucknow,Shopping
T4726,U026,01/03/2021,Expense,Travl,834.0,CRD,HYD,Uber ride
T10429,U114,12-06-22,Expense,Utility,4397.0,card,bangalore,...
T4639,U108,2021-10-13,Expense,FOOD,1259.0,Card,delhi,Shopping
T8349,U005,03/26/2023,Expense,travel,1525.0,CRD,AHMEDABAD,No Notes
T10971,U144,06/04/2021,Expense,TRAVEL,7920.0,Card,bangalore,Petrol
T9716,U026,2024-03-06,Expense,Fod,6679.0,bank transfer,KOL,Lunch
T2313,U057,2024-01-12,Expense,Food,1321.0,Csh,HYDERABAD,Internet bill
T13767,U116,2023-12-28,Expense,SAVINGS,3832.0,CASH,Kolkata,Lunch
T12909,U027,2021-10-16,Expense,Foods,1975.0,CRD,JAI,No Notes
T6419,U139,09/03/2023,Expense,RENT,2288.0,csh,Lucknow,Gym membership
T1708,U060,07-01-2022,Expense,Food,1636.0,Card,Pune,asdfgh
T8771,U081,12/12/2023,Expense,Educaton,4537.0,CASH,AHM,Fixed deposit
T2744,U004,2024-10-12,Income,Investment,54771.0,Bank Transfer,HYDERABAD,Books
T6658,U044,08/31/2024,Income,Freelance,31663.0,bank transfer,jaipur,Petrol
T13513,U090,09/13/2024,Expense,Rent,11329.0,Card,BANGALORE,Fixed deposit
T5174,U147,2021-11-13,Income,Bonus,69831.0,cash,Unknown,No Notes
T10799,U047,2021-04-07,Expense,utilities,6689.0,Csh,Unknown,Petrol
T4676,U085,21-11-23,Expense,Utlities,8300.0,Bank_Transfer,Unknown,Online course
T12661,U118,09/10/2024,Expense,entertainment,5452.0,Upi,Hyderabad,Petrol
T2320,U028,04/25/2022,Expense,TRAVEL,3750.0,Csh,Kolkata,Online course
T6774,U128,2023-11-23,Income,Bonus,44729.0,UPi,KOLKATA,EMI payment
T8777,U104,25-04-21,Expense,utilities,5896.0,Crd,JAI,Books
T10814,U123,05-04-24,Expense,Rent,31660.0,UPI,KOL,Fixed deposit
T7340,U115,14-07-21,Expense,Rnt,1016.0,Bank Transfr,mumbai,xyz123
T5803,U052,12/16/2024,Expense,rent,9988.0,Bank Transfer,KOLKATA,Internet bill
T3530,U032,29-06-23,Income,Others,24320.0,upi,Kolkata,Shopping
T6511,U105,22-12-21,Expense,SAVINGS,203.0,Bank_Transfer,lucknow,Coffee
T12099,U115,2023-05-19,Income,Bonus,39718.0,cash,KOLKATA,xyz123
T13602,U148,2021-09-05,Expense,Travel,156.0,CRD,CHENNAI,!!!
T3121,U007,2021-08-16,Expense,FOOD,5005.0,Bank Transfr,bangalore,Internet bill
T6865,U004,01/01/2024,Expense,Travl,6806.0,CARD,ahmedabad,Fixed deposit
T2980,U053,09/26/2024,Expense,Foods,231.0,Cash,Unknown,No Notes
T12201,U118,2022-08-02,Expense,Traval,1249.0,card,Pune,!!!
T10047,U009,09/24/2021,Expense,FOOD,717.0,UPi,BANGALORE,No Notes
T8891,U088,06-07-2024,Expense,Utilities,3833.0,Bank_Transfer,BANGALORE,!!!
T9583,U095,27-01-21,Expense,Foods,2865.0,Upi,KOL,Grocery shopping
T1632,U093,2021-08-21,Expense,Utlities,415.0,upi,AHMEDABAD,No Notes
T2972,U037,11/23/2024,Expense,,4933.0,cash,Lucknow,Restaurant dinner
T7778,U045,06/02/2022,Expense,Travl,3588.0,UPI,PUN,xyz123
T9274,U130,03/23/2023,Expense,Entrtnmnt,4377.0,Crd,MUMBAI,No Notes
T8656,U061,04/02/2024,Expense,Foodd,3777.0,upi,Chennai,Grocery shopping
T6342,U125,21-05-24,Expense,RENT,5077.0,Crd,CHE,Restaurant dinner
T12000,U033,10/01/2022,Income,,17108.0,Upi,MUM,Gym membership
T6839,U069,2022-04-26,Expense,Food,2599.0,Crd,Pune,Lunch
T10093,U083,2024-02-05,Expense,travel,2535.0,Csh,DELHI,ATM withdrawal
T2419,U134,11-08-2024,Expense,TRAVEL,4069.0,UPi,HYDERABAD,Electricity bill
T0026,U141,22-11-21,Expense,rent,4643.0,UPi,Unknown,Internet bill
T8827,U068,26-12-24,Expense,FOOD,9638.0,,BANGALORE,...
T4444,U005,02-02-2023,Expense,Educaton,1084.0,CRD,hyderabad,No Notes
T7124,U011,09/23/2021,Expense,food,9249.0,CASH,DEL,Shopping
T1621,U113,05-03-2021,Expense,EDU,3471.0,Csh,kolkata,test
T6450,U085,07-11-24,Expense,Food,84.0,csh,chennai,Restaurant dinner
T2759,U041,01/16/2021,Expense,Misc,6786.0,bank transfer,Chennai,Monthly rent payment
T11953,U051,2021-02-22,Expense,education,3421.0,Bank_Transfer,Ahmedabad,xyz123
T3703,U070,16-01-2023,Expense,Food,3771.0,UPI,bangalore,xyz123
T9647,U112,2023-01-08,Income,Investment,12377.0,Upi,Ahmedabad,Fixed deposit
T2398,U053,19-09-22,Expense,Rentt,38137.0,BankTransfer,Hyderabad,Electricity bill
T10652,U114,04/27/2021,Expense,travel,6963.0,Csh,hyderabad,Books
T5762,U107,2021-03-09,Income,Bonus,70223.0,UPi,Kolkata,Coffee
T11520,U111,2022-05-20,Expense,,4100.0,Bank_Transfer,PUN,asdfgh
T9630,U028,2023-01-14,Expense,Rent,26643.0,CARD,lucknow,ATM withdrawal
T2511,U117,03-03-21,Expense,FOOD,1005.0,Card,Delhi,No Notes
T11797,U040,09/29/2021,Expense,Traval,5071.0,UPI,Mumbai,Online course
T12735,U115,12-02-21,Income,Investment,70849.0,card,HYDERABAD,No Notes
T8774,U108,2024-01-27,Expense,Fod,453.0,CRD,delhi,Grocery shopping
T8414,U143,2023-01-19,Income,Freelance,64553.0,UPi,kolkata,Shopping
T4810,U031,2024-03-14,Expense,SAVINGS,3552.0,Cash,LUCKNOW,Train ticket
T3939,U011,2021-02-24,Expense,Entrtnmnt,4995.0,upi,mumbai,No Notes
T4347,U092,09/02/2022,Income,Others,12381.0,Bank Transfr,kolkata,No Notes
T7682,U122,30-07-21,Expense,RENT,7466.0,csh,AHMEDABAD,No Notes
T4688,U023,01-10-2024,Expense,food,3338.0,Upi,chennai,Movie tickets
T2962,U070,09/17/2021,Expense,Utilities,2309.0,Cash,KOL,test
T5008,U135,08/30/2023,Expense,food,4107.0,UPI,Lucknow,Coffee
T9174,U118,09/13/2021,Expense,Rent,9414.0,UPi,AHM,Lunch
T9504,U069,05/13/2022,Expense,Traval,1763.0,CASH,DELHI,Shopping
T3140,U033,2021-04-18,Expense,TRAVEL,7501.0,Cash,Mumbai,Books
T10260,U077,02/02/2024,Expense,Travel,8849.0,Bank Transfr,Unknown,No Notes
T6089,U060,13-11-23,Expense,Utilties,5282.0,bank transfer,DEL,ATM withdrawal
T12774,U037,23-07-23,Expense,Utilties,8153.0,Bank Transfer,ahmedabad,No Notes
T9469,U118,03/20/2022,Expense,Utility,2771.0,Bank Transfer,hyderabad,EMI payment
T2418,U059,11/29/2024,Expense,education,3199.0,upi,JAI,Gym membership
T2547,U023,30-12-2022,Expense,FOOD,1021.0,card,chennai,Shopping
T0988,U013,2023-07-30,Expense,Utilities,2695.0,,Unknown,Shopping
T10722,U122,24-12-22,Income,Others,46244.0,UPI,delhi,No Notes
T9665,U132,2023-08-01,Expense,education,3101.0,Crd,jaipur,Doctor consultation
T7824,U085,11/15/2024,Expense,Traval,8149.0,bank transfer,ahmedabad,Medicine
T12328,U006,2021-02-26,Expense,education,4546.0,Card,KOL,Electricity bill
T8720,U077,28-01-2021,Expense,OTHERS,6064.0,Bank Transfr,pune,Movie tickets
T5006,U018,14-12-2023,Expense,Education,1897.0,Bank Transfer,bangalore,Monthly rent payment
T10815,U011,2022-04-18,Income,Bonus,59348.0,Bank Transfer,JAI,Movie tickets
T11034,U097,2022-10-16,Expense,Foods,3519.0,Bank Transfr,PUNE,No Notes
T4563,U016,30-11-24,Expense,Travl,7800.0,cash,CHENNAI,EMI payment
T1934,U064,2021-06-18,Expense,food,8620.0,,Unknown,Coffee
T11882,U041,12/30/2023,Expense,entertainment,7841.0,CARD,jaipur,Coffee
T6789,U002,11/23/2021,Expense,Entertainment,377.0,CASH,chennai,Coffee
T2731,U091,2021-07-22,Expense,rent,6857.0,Upi,AHMEDABAD,Movie tickets
T10440,U117,09/04/2022,Income,Bonus,69187.0,Upi,JAI,Online course
T6841,U017,01-12-24,Expense,food,3969.0,Cash,MUM,Lunch
T7443,U059,2023-03-01,Expense,Foodd,3262.0,Bank Transfer,Bangalore,Shopping
T2038,U125,06/11/2022,Expense,Rent,11395.0,Crd,ahmedabad,Train ticket
T6125,U104,2024-09-25,Expense,rent,8048.0,csh,PUNE,No Notes
T7927,U059,01/13/2023,Expense,Entertainment,955.0,CASH,Chennai,Medicine
T9005,U065,29-05-2022,Income,Others,71096.0,Card,Lucknow,Petrol
T0236,U144,2022-12-14,Expense,Foodd,3359.0,csh,Unknown,No Notes
T2343,U006,2022-07-03,Expense,SAVINGS,2971.0,UPI,KOLKATA,Doctor consultation
T1811,U072,2024-05-15,Expense,Utilities,5280.0,UPi,Mumbai,Fixed deposit
T9566,U111,05/05/2021,Expense,Utility,3999.0,Bank_Transfer,bangalore,Fixed deposit
T10956,U133,02/14/2021,Income,Investment,76935.0,cash,Unknown,Lunch
T4387,U090,2021-07-21,Expense,Utilities,8026.0,BankTransfer,PUNE,Lunch
T5153,U049,11/05/2023,Expense,RENT,9669.0,Bank Transfer,LUCKNOW,Coffee
T13288,U096,11/12/2022,Expense,utilities,982.0,CARD,LUC,Books
T7767,U061,01/22/2021,Expense,Fod,3860.0,upi,kolkata,Grocery shopping
T1196,U043,05/01/2022,Expense,Rentt,15359.0,UPi,HYD,Gym membership
T4903,U042,2024-12-23,Expense,Rentt,5337.0,UPI,Jaipur,Train ticket
T12042,U097,03/18/2024,Expense,,7993.0,Crd,ahmedabad,test
T5817,U023,08/07/2024,Expense,Savings,2072.0,cash,lucknow,Shopping
T10571,U002,28-05-22,Expense,Entrtnmnt,6817.0,csh,jaipur,Internet bill
T13341,U089,2023-05-21,Expense,Entrtnmnt,9028.0,CARD,PUN,Gym membership
T12712,U108,2024-02-15,Expense,FOOD,9063.0,bank transfer,Chennai,Monthly rent payment
T12770,U038,28-06-23,Expense,Rentt,42628.0,UPI,DELHI,Internet bill
T13514,U050,2021-12-08,Expense,Educaton,7457.0,UPi,HYD,!!!
T8512,U068,19-02-24,Expense,Rent,40333.0,card,HYDERABAD,Petrol
T8271,U066,2023-07-24,Expense,food,4795.0,Csh,AHMEDABAD,Electricity bill
T10940,U148,2021-08-28,Expense,Travl,9178.0,,MUMBAI,Restaurant dinner
T11935,U150,10/08/2021,Expense,FOOD,2678.0,bank transfer,mumbai,Petrol
T8351,U135,2024-12-21,Income,Freelance,78359.0,csh,delhi,!!!
T13721,U138,2021-08-18,Income,Bonus,17142.0,bank transfer,JAIPUR,Train ticket
T3178,U012,09/15/2021,Expense,Fod,163.0,CASH,Jaipur,Movie tickets
T6983,U092,29-12-24,Expense,HEALTH,4950.0,cash,Delhi,No Notes
T5824,U149,01/30/2022,Expense,TRAVEL,5490.0,Bank Transfer,Hyderabad,Grocery shopping
T8847,U053,05-02-2023,Expense,Food,3096.0,cash,MUMBAI,!!!
T4593,U077,07-03-21,Expense,education,7306.0,csh,Mumbai,Train ticket
T0099,U149,04/16/2021,Expense,Rentt,29916.0,,DEL,Medicine
T0439,U106,2021-08-15,Expense,FOOD,3482.0,Bank Transfr,KOL,Medicine
T11349,U037,2023-08-04,Expense,education,4160.0,,jaipur,EMI payment
T0003,U078,2021-08-26,Income,Others,64935.0,Bank Transfer,LUC,!!!
T13823,U023,10-06-22,Expense,Travl,3654.0,Crd,MUMBAI,Gym membership
T6277,U024,2023-01-10,Income,Salary,11386.0,Bank Transfer,Jaipur,Uber ride
T7836,U040,19-05-24,Expense,Rnt,7538.0,upi,jaipur,misc
T7932,U132,2024-10-05,Expense,Entertainment,8167.0,Card,LUC,Fixed deposit
T6288,U016,2023-04-09,Expense,FOOD,333.0,Crd,Ahmedabad,Books
T7492,U115,14-11-2024,Income,Bonus,55369.0,Cash,CHENNAI,Restaurant dinner
T2415,U038,05/10/2024,Expense,utilities,3086.0,Csh,LUCKNOW,Petrol
T11520,U037,28-11-2023,Expense,RENT,9803.0,Card,MUM,test
T12511,U089,29-08-2023,Expense,rent,8019.0,Card,MUM,Lunch
T11943,U009,20-04-23,Expense,RENT,4176.0,Crd,Ahmedabad,Books
T0427,U113,14-04-2024,Expense,education,2953.0,card,BAN,Coffee
T2484,U048,2021-08-09,Income,Investment,27046.0,Bank_Transfer,DELHI,xyz123
T11793,U081,2024-05-06,Expense,Travl,8760.0,csh,Ahmedabad,asdfgh
T3644,U113,27-08-2022,Expense,Travel,8868.0,csh,Unknown,No Notes
T12566,U012,02-09-2023,Expense,Entrtnmnt,2921.0,,CHE,test
T12499,U044,10/23/2021,Expense,Entertain,4173.0,Crd,mumbai,!!!
T9675,U075,26-01-23,Expense,Travel,4505.0,Upi,lucknow,No Notes
T6436,U102,2022-03-28,Income,Investment,38733.0,Crd,HYDERABAD,...
T11201,U028,27-10-24,Expense,Entertainment,9627.0,Csh,delhi,Train ticket
T11024,U103,2024-11-13,Income,Salary,55629.0,UPI,ahmedabad,xyz123
T0279,U110,03/27/2021,Expense,Rnt,9470.0,csh,ahmedabad,Uber ride
T6912,U103,04-08-23,Expense,EDU,1649.0,,PUN,...
T12473,U141,2024-11-01,Expense,Foods,972.0,Cash,JAI,No Notes
T1707,U005,11-07-2024,Expense,Rent,36536.0,,Lucknow,xyz123
T1957,U076,09-06-22,Expense,EDU,1358.0,bank transfer,mumbai,Uber ride
T8299,U070,2021-06-09,Expense,Utilities,2540.0,Upi,AHMEDABAD,xyz123
T10975,U090,01/05/2023,Income,Others,76554.0,Csh,LUCKNOW,Petrol
T6021,U022,2022-11-25,Income,Investment,46512.0,card,Chennai,Grocery shopping
T3315,U023,2023-05-10,Expense,FOOD,5071.0,UPi,Ahmedabad,Coffee
T13081,U107,2021-10-14,Expense,Entertain,1016.0,UPI,Pune,No Notes
T12533,U023,10/15/2021,Expense,FOOD,9780.0,upi,LUC,Internet bill
T4536,U005,01/24/2022,Expense,Utlities,3896.0,Bank_Transfer,AHM,Grocery shopping
T7511,U077,01-10-22,Expense,Utlities,5537.0,BankTransfer,delhi,No Notes
T11443,U045,2022-07-05,Expense,Rent,24730.0,upi,kolkata,Gym membership
T8029,U144,25-05-22,Income,Bonus,35072.0,CARD,delhi,EMI payment
T1458,U048,2023-10-19,Expense,Utility,908.0,Card,BANGALORE,xyz123
T13778,U093,2021-05-07,Expense,Traval,4198.0,Cash,JAIPUR,Internet bill
T1655,U133,2024-10-19,Expense,education,8452.0,Upi,mumbai,Fixed deposit
T2348,U059,05-05-24,Expense,Utilties,5349.0,card,HYDERABAD,Electricity bill
T11037,U046,04/07/2024,Income,Bonus,40883.0,Bank Transfr,DELHI,Petrol
T9069,U047,2023-12-29,Income,Investment,46285.0,Bank Transfr,ahmedabad,Doctor consultation
T2678,U119,05/15/2021,Expense,Rentt,37286.0,,AHM,Grocery shopping
T10342,U040,04-08-21,Expense,TRAVEL,9850.0,Cash,HYD,misc
T4016,U085,2021-07-30,Expense,food,8981.0,Card,PUN,Medicine
T4757,U058,2023-01-28,Expense,utilities,7686.0,cash,jaipur,misc
T12686,U141,2021-06-28,Expense,FOOD,3915.0,Bank_Transfer,HYD,Grocery shopping
T0647,U118,05/20/2024,Expense,Entertain,1921.0,card,Delhi,Grocery shopping
T9660,U022,08/24/2022,Expense,FOOD,3865.0,card,Pune,Online course
T5479,U070,2024-10-31,Expense,travel,1544.0,UPi,bangalore,Books
T0658,U121,07-09-2022,Expense,RENT,6591.0,CRD,AHMEDABAD,!!!
T10776,U080,2021-06-16,Income,Others,32514.0,Csh,jaipur,Online course
T7923,U097,14-10-2024,Income,Bonus,25258.0,Bank Transfr,DEL,Gym membership
T5494,U089,2023-09-16,Expense,Rnt,9577.0,Cash,LUCKNOW,Grocery shopping
T0013,U124,02-04-2023,Expense,,7554.0,Bank Transfr,chennai,Electricity bill
T10670,U039,2024-12-24,Expense,Food,1476.0,BankTransfer,LUCKNOW,Online course
T4227,U079,02/15/2022,Expense,Foods,4873.0,csh,AHMEDABAD,Grocery shopping
T3832,U111,2024-02-07,Expense,Others,8969.0,card,JAI,No Notes
T13779,U111,11/08/2021,Expense,EDU,9141.0,Cash,Ahmedabad,Restaurant dinner
T12655,U022,03-09-24,Expense,Travl,6133.0,UPI,PUN,Shopping
T12956,U131,10/13/2024,Expense,Entertain,6081.0,card,HYDERABAD,Doctor consultation
T6347,U136,2023-07-23,Expense,,8239.0,Crd,LUC,asdfgh
T0773,U060,2024-06-25,Expense,Foods,4538.0,cash,Delhi,Doctor consultation
T2615,U084,06/08/2022,Expense,RENT,7523.0,Bank Transfr,CHENNAI,Electricity bill
T10628,U101,2022-04-28,Income,Freelance,23217.0,UPi,Pune,No Notes
T6930,U048,2022-12-14,Expense,Travel,873.0,BankTransfer,DEL,Train ticket
T8839,U038,01/06/2022,Income,Investment,73885.0,CARD,Lucknow,Electricity bill
T4740,U029,2021-05-24,Income,Investment,10926.0,UPi,LUCKNOW,Electricity bill
T1607,U063,03/01/2021,Expense,FOOD,6259.0,Csh,JAI,Doctor consultation
T3908,U076,14-02-22,Expense,Education,8887.0,bank transfer,HYDERABAD,Coffee
T11606,U080,2022-04-05,Expense,Entertainment,9886.0,Card,CHENNAI,Petrol
T5881,U136,2021-08-15,Expense,Food,1752.0,,Chennai,Internet bill
T0705,U003,2023-03-21,Expense,rent,1974.0,Crd,Kolkata,test
T6428,U104,2023-01-27,Expense,RENT,4829.0,CRD,Bangalore,Grocery shopping
T7811,U068,13-07-24,Income,Salary,56796.0,Bank Transfer,chennai,Movie tickets
T4554,U033,2024-07-25,Expense,Foodd,2134.0,bank transfer,MUMBAI,test
T11155,U045,08-10-21,Expense,Rnt,1641.0,bank transfer,Chennai,Train ticket
T2388,U141,13-05-24,Expense,Foods,1096.0,CRD,KOLKATA,No Notes
T8669,U050,08-06-24,Expense,RENT,8899.0,Upi,jaipur,Electricity bill
T3095,U053,2021-03-04,Expense,Utilties,8525.0,upi,Unknown,No Notes
T7438,U143,16-11-2024,Expense,Rentt,27362.0,Crd,BAN,...
T13017,U108,2022-09-13,Expense,RENT,1152.0,CARD,KOL,Internet bill
T1961,U058,05/28/2022,Income,Others,23191.0,UPi,Hyderabad,No Notes
T12650,U128,06-11-22,Expense,Traval,7027.0,Cash,HYD,Restaurant dinner
T4426,U039,08/18/2021,Income,Bonus,42668.0,csh,HYD,No Notes
T4002,U150,2021-08-28,Expense,Food,1093.0,CARD,HYDERABAD,asdfgh
T10981,U014,31-07-2023,Expense,entertainment,8542.0,Csh,MUMBAI,Internet bill
T5995,U031,2022-01-22,Expense,Travl,7839.0,card,BAN,Books
T2260,U137,07/27/2024,Income,Freelance,58313.0,bank transfer,HYD,ATM withdrawal
T10968,U104,07/02/2021,Expense,Travel,6928.0,Upi,LUC,EMI payment
T13903,U026,2022-02-02,Expense,Educaton,9089.0,card,LUCKNOW,Petrol
T10961,U051,03/18/2023,Expense,Utlities,1695.0,Bank Transfr,delhi,Electricity bill
T12843,U052,11/23/2024,Income,Investment,54685.0,upi,Unknown,Monthly rent payment
T11931,U027,2023-10-08,Expense,Food,1620.0,Bank Transfer,Bangalore,Train ticket
T12508,U036,09/21/2022,Income,Salary,34947.0,Bank Transfr,Unknown,Grocery shopping
T8722,U098,06/07/2023,Expense,Foods,4398.0,Upi,kolkata,...
T4145,U087,15-04-22,Expense,EDU,5531.0,CRD,ahmedabad,Doctor consultation
T13836,U144,2021-10-19,Expense,Entertainment,3458.0,CASH,DEL,asdfgh
T9314,U139,19-01-22,Income,Salary,58526.0,Card,Bangalore,EMI payment
T9908,U092,2021-11-11,Expense,Foods,4318.0,Cash,delhi,Restaurant dinner
T5486,U024,06-11-22,Income,Salary,51746.0,Upi,Ahmedabad,No Notes
T4390,U040,2021-07-04,Expense,entertainment,8501.0,bank transfer,kolkata,Restaurant dinner
T1715,U009,09/15/2023,Expense,rent,6192.0,cash,Pune,EMI payment
T5089,U003,2021-06-17,Expense,Foods,3829.0,Bank Transfer,lucknow,No Notes
T0611,U065,08-03-2022,Income,Freelance,72111.0,CARD,Unknown,EMI payment
T7131,U054,2024-02-23,Expense,others,9313.0,Cash,PUNE,ATM withdrawal
T1899,U144,11-04-2022,Expense,Entrtnmnt,5666.0,Cash,BANGALORE,asdfgh
T9575,U047,05/22/2024,Expense,Fod,1596.0,Csh,hyderabad,Petrol
T1526,U007,23-07-23,Expense,utilities,3735.0,card,MUMBAI,asdfgh
T11172,U054,2022-09-04,Expense,health,8799.0,UPI,MUMBAI,Fixed deposit
T9018,U065,05-01-24,Expense,Rnt,6517.0,bank transfer,KOL,!!!
T0897,U133,2024-10-04,Expense,Travel,1096.0,,CHE,Electricity bill
T13605,U113,12/17/2022,Expense,Utilties,339.0,upi,MUM,asdfgh
T13090,U055,2024-04-23,Expense,Foods,3020.0,Crd,BANGALORE,No Notes
T9607,U054,11/05/2021,Expense,entertainment,3713.0,card,Unknown,Doctor consultation
T8442,U102,08-01-21,Expense,utilities,6993.0,Bank_Transfer,LUCKNOW,No Notes
T3748,U051,2024-08-25,Expense,Entertain,3689.0,cash,pune,Online course
T7481,U121,05/04/2023,Expense,Fod,6443.0,CRD,LUCKNOW,Grocery shopping
T4368,U106,2022-12-19,Income,Others,20419.0,Csh,Mumbai,Lunch
T9762,U105,2021-04-13,Income,Others,50731.0,Upi,delhi,ATM withdrawal
T0179,U037,10/26/2024,Expense,food,907.0,Csh,KOL,EMI payment
T12091,U148,2023-11-05,Expense,Utility,4194.0,bank transfer,MUMBAI,misc
T7256,U029,2022-08-16,Expense,Foodd,4044.0,Bank Transfer,Jaipur,Books
T13670,U083,15-08-2023,Expense,Foodd,3092.0,csh,Bangalore,Train ticket
T11470,U107,29-03-24,Expense,Education,6247.0,Bank_Transfer,bangalore,ATM withdrawal
T6006,U125,08-04-2024,Expense,Savings,1793.0,cash,Mumbai,Monthly rent payment
T1338,U100,02/04/2024,Expense,health,5875.0,Bank Transfer,KOL,...
T9217,U003,2023-03-09,Expense,Utilties,9361.0,upi,Lucknow,Train ticket
T11343,U138,24-04-21,Income,Others,25503.0,CASH,LUCKNOW,Monthly rent payment
T4168,U022,2023-08-04,Expense,Food,1335.0,UPi,Jaipur,Online course
T3770,U040,26-06-23,Expense,Entertainment,1175.0,bank transfer,Unknown,Fixed deposit
T3326,U132,2021-09-09,Expense,savings,2670.0,Bank_Transfer,Hyderabad,No Notes
T7452,U074,11/06/2021,Expense,Health,4280.0,bank transfer,Hyderabad,Grocery shopping
T1415,U027,2023-11-21,Expense,Rent,24380.0,Upi,MUM,Doctor consultation
T1131,U145,2021-05-02,Expense,Entertain,2912.0,upi,Kolkata,misc
T11517,U083,2024-09-11,Expense,education,1967.0,upi,KOLKATA,Grocery shopping
T10113,U121,08-07-21,Expense,Rent,11268.0,UPi,CHE,Online course
T13207,U065,09/28/2024,Income,Salary,50409.0,Bank Transfr,Bangalore,Uber ride
T2564,U076,18-04-21,Expense,Rnt,9518.0,Upi,mumbai,Doctor consultation
T12410,U130,2021-01-31,Expense,Entrtnmnt,770.0,UPI,PUNE,No Notes
T8304,U088,23-07-23,Income,Freelance,26810.0,UPi,pune,No Notes
T13517,U071,06/28/2024,Expense,RENT,2778.0,CRD,Jaipur,No Notes
T1419,U022,2023-10-20,Expense,FOOD,9413.0,,kolkata,No Notes
T5267,U088,04/10/2024,Expense,rent,2777.0,Csh,JAIPUR,No Notes
T1242,U030,2023-06-25,Expense,Traval,1640.0,UPI,KOL,Lunch
T3186,U027,14-01-24,Expense,RENT,5132.0,CARD,LUCKNOW,test
T4877,U135,06/20/2023,Expense,Education,1163.0,Bank Transfr,jaipur,Online course
T3072,U017,2023-04-25,Expense,Utilities,7597.0,UPI,AHM,No Notes
T13562,U145,2022-09-26,Expense,food,5984.0,CRD,AHM,Petrol
T8652,U117,09/21/2022,Expense,Food,1241.0,Cash,JAIPUR,Coffee
T4101,U010,14-03-2024,Expense,Utilties,8743.0,,ahmedabad,Internet bill
T6015,U094,2021-07-28,Income,Salary,20350.0,Bank Transfer,Bangalore,Grocery shopping
T9141,U074,2023-09-03,Income,Bonus,28444.0,UPI,Unknown,Online course
T7166,U040,2021-10-09,Expense,education,7284.0,UPI,KOL,!!!
T7455,U062,2023-06-25,Expense,Fod,5600.0,upi,JAIPUR,No Notes
T10097,U103,25-08-22,Income,Investment,68186.0,Card,PUN,Gym membership
T8516,U116,05/29/2021,Expense,SAVINGS,6648.0,BankTransfer,MUMBAI,Internet bill
T2946,U021,12-12-2022,Expense,Utilities,4999.0,Bank_Transfer,DELHI,Online course
T11787,U024,2021-08-26,Expense,FOOD,5311.0,Bank Transfr,BANGALORE,Train ticket
T3021,U111,2021-09-25,Expense,food,585.0,UPi,DELHI,Shopping
T1202,U072,2022-03-12,Expense,Travl,7892.0,Bank Transfr,hyderabad,Shopping
T9251,U044,2021-07-16,Expense,Utilties,6241.0,UPI,hyderabad,Medicine
T1954,U008,2023-10-02,Expense,Rent,15177.0,bank transfer,DELHI,No Notes
T0811,U142,2021-10-24,Expense,Education,8562.0,,DELHI,Internet bill
T3710,U143,2022-07-07,Expense,food,6363.0,csh,chennai,Movie tickets
T5196,U026,01-02-22,Expense,Rentt,21341.0,upi,JAI,test
T7859,U098,2021-08-24,Income,Freelance,17069.0,CARD,jaipur,Books
T10812,U107,17-10-24,Income,Others,64313.0,cash,PUN,No Notes
T7944,U022,2024-07-22,Income,Investment,57757.0,,chennai,Lunch
T10762,U059,17-01-21,Expense,Travl,7225.0,csh,Unknown,Coffee
T12672,U022,2024-12-23,Expense,,2524.0,Csh,DEL,No Notes
T3831,U147,11-04-23,Expense,Others,2086.0,cash,bangalore,asdfgh
T9612,U063,04/01/2024,Expense,Health,6455.0,Csh,BAN,No Notes
T9015,U049,14-02-21,Expense,Savings,6269.0,Cash,kolkata,EMI payment
T1521,U001,2023-07-12,Expense,,882.0,UPi,Delhi,Monthly rent payment
T6283,U106,2021-06-19,Expense,Utilties,507.0,Bank_Transfer,ahmedabad,ATM withdrawal
T11247,U037,2023-11-27,Expense,Entertainment,998.0,CARD,bangalore,misc
T9151,U146,18-09-23,Expense,Fod,8437.0,Card,JAIPUR,test
T9551,U112,21-08-2022,Expense,Foods,4023.0,upi,CHENNAI,Electricity bill
T7678,U002,06/25/2022,Expense,Entrtnmnt,775.0,CARD,Pune,No Notes
T5775,U116,2024-07-25,Expense,RENT,1130.0,card,BANGALORE,Fixed deposit
T10045,U002,12/05/2022,Expense,Food,3573.0,Bank Transfr,BAN,No Notes
T4513,U087,05/22/2021,Expense,food,4040.0,BankTransfer,Unknown,No Notes
T2422,U036,2024-09-14,Expense,Foods,2214.0,Csh,PUNE,Train ticket
T2994,U136,05/12/2021,Expense,rent,228.0,Card,pune,Petrol
T10592,U042,11-12-23,Expense,Travl,4746.0,card,kolkata,Shopping
T4767,U007,2021-02-25,Expense,Traval,6664.0,,Lucknow,Fixed deposit
T2088,U099,09/23/2022,Expense,TRAVEL,3790.0,bank transfer,BANGALORE,EMI payment
T4707,U043,04/16/2024,Expense,rent,6444.0,cash,pune,Doctor consultation
T6101,U075,08/15/2023,Expense,Utility,1376.0,csh,MUM,No Notes
T1204,U110,09/10/2021,Expense,Utility,9267.0,,MUM,Train ticket
T12023,U096,2023-11-25,Expense,Travel,104.0,UPi,PUNE,...
T13182,U123,2023-12-02,Expense,others,6696.0,Bank_Transfer,Unknown,Online course
T9351,U035,01/18/2022,Expense,Entrtnmnt,2743.0,Crd,JAI,Shopping
T6097,U114,2024-06-12,Expense,Utility,798.0,Csh,AHM,Monthly rent payment
T0413,U075,2021-12-09,Income,Bonus,56061.0,UPI,JAIPUR,Doctor consultation
T12724,U048,2021-05-16,Expense,utilities,8995.0,CRD,Unknown,asdfgh
T3824,U034,23-02-21,Expense,Fod,663.0,upi,KOLKATA,Grocery shopping
T2439,U014,01/08/2021,Income,Others,18087.0,Csh,PUNE,Electricity bill
T0492,U028,2021-09-16,Expense,Utilties,5705.0,,KOLKATA,No Notes
T5384,U102,05/31/2022,Expense,Rent,9294.0,cash,HYD,Movie tickets
T5508,U129,03/13/2021,Expense,rent,1042.0,Cash,Unknown,Coffee
T11441,U122,07/01/2023,Expense,Traval,9244.0,BankTransfer,chennai,EMI payment
T5213,U031,31-03-21,Expense,Foods,4266.0,Upi,pune,Gym membership
T2045,U072,10/10/2023,Expense,rent,9658.0,BankTransfer,AHMEDABAD,Shopping
T1781,U088,06/15/2022,Expense,Rnt,4193.0,CASH,HYDERABAD,Movie tickets
T0667,U018,08-10-2022,Expense,Foodd,2270.0,cash,Ahmedabad,Restaurant dinner
T3800,U004,05/22/2022,Expense,TRAVEL,3433.0,Cash,BAN,No Notes
T11244,U123,2023-02-06,Expense,Entertain,289.0,cash,Delhi,No Notes
T8797,U043,2024-05-26,Income,Investment,21687.0,Bank Transfer,bangalore,Electricity bill
T5181,U132,20-04-23,Expense,Travl,7575.0,card,BAN,!!!
T13140,U130,12/13/2024,Income,Bonus,28477.0,Upi,Unknown,misc
T12683,U145,05/03/2024,Expense,Saving,8642.0,CASH,mumbai,test
T3713,U015,06/11/2022,Expense,health,7353.0,Upi,MUMBAI,!!!
T4865,U070,10-12-21,Expense,Utilities,8693.0,Bank Transfr,Ahmedabad,Restaurant dinner
T1077,U092,01-04-22,Expense,FOOD,4213.0,Csh,PUNE,Monthly rent payment
T4435,U053,05-08-2021,Expense,Travel,624.0,BankTransfer,LUC,Online course
T11199,U143,01/19/2022,Expense,utilities,4674.0,upi,Bangalore,Movie tickets
T2970,U092,2023-11-13,Expense,entertainment,6552.0,Bank Transfer,Unknown,Monthly rent payment
T11084,U035,15-10-2022,Expense,Utilities,5770.0,Crd,ahmedabad,xyz123
T11054,U047,2022-01-24,Expense,Foods,3200.0,Card,chennai,Coffee
T2776,U031,2023-10-10,Expense,Educaton,9385.0,CARD,hyderabad,Fixed deposit
T10184,U127,19-07-21,Expense,Rnt,211.0,card,Hyderabad,EMI payment
T4184,U113,08/30/2022,Expense,RENT,5770.0,card,Kolkata,Train ticket
T3565,U060,05/08/2022,Expense,Fod,7139.0,Card,AHMEDABAD,No Notes
T3711,U077,02/05/2023,Expense,Utility,7738.0,,chennai,Train ticket
T2827,U082,26-04-2024,Income,Freelance,30076.0,Card,Unknown,Electricity bill
T9649,U018,02/21/2022,Expense,Travl,7881.0,UPI,KOLKATA,Train ticket
T9481,U147,17-09-2022,Expense,Travl,3711.0,Cash,HYD,Books
T5215,U006,2024-05-03,Income,Others,50616.0,card,Unknown,Medicine
T10647,U084,24-08-2022,Expense,Food,3162.0,CARD,KOL,Electricity bill
T7297,U016,11-05-22,Expense,Savings,4621.0,UPi,BANGALORE,No Notes
T6186,U041,06-08-2021,Expense,Rnt,2012.0,CASH,HYDERABAD,Shopping
T8675,U046,04-05-23,Expense,rent,8240.0,BankTransfer,LUC,Lunch
T4341,U082,01/31/2021,Income,Others,33703.0,bank transfer,Pune,Internet bill
T5846,U017,2022-11-21,Expense,Traval,1897.0,bank transfer,Bangalore,No Notes
T6149,U043,2023-05-20,Expense,Rentt,23748.0,upi,hyderabad,Coffee
T11687,U041,11/30/2023,Expense,Entrtnmnt,4620.0,Cash,DEL,Books
T7414,U021,25-04-2024,Expense,HEALTH,4578.0,cash,hyderabad,asdfgh
T2758,U085,07/19/2021,Expense,Food,1255.0,card,JAIPUR,No Notes
T10879,U080,2021-10-16,Expense,Rentt,24421.0,CASH,MUMBAI,Internet bill
T11896,U073,2021-05-16,Expense,travel,9704.0,cash,mumbai,Doctor consultation
T0879,U045,05-08-21,Expense,rent,216.0,Cash,PUNE,Coffee
T6631,U052,2022-10-05,Expense,Education,995.0,UPi,bangalore,Medicine
T7359,U069,2022-02-23,Expense,health,5085.0,Upi,Ahmedabad,Monthly rent payment
T7906,U128,04/07/2024,Expense,Foodd,553.0,UPi,Hyderabad,Lunch
T0377,U073,06/24/2022,Expense,food,2803.0,Crd,Ahmedabad,Electricity bill
T0220,U112,2023-01-07,Expense,FOOD,5104.0,Csh,Bangalore,Medicine
T9137,U022,01-11-23,Expense,Education,5269.0,bank transfer,KOL,asdfgh
T3876,U017,19-09-23,Income,Freelance,27272.0,UPi,DELHI,Coffee
T2891,U019,2022-09-15,Expense,Helth,7259.0,Bank Transfr,PUNE,asdfgh
T12866,U032,07/30/2023,Income,Others,19148.0,CASH,Delhi,No Notes
T13622,U143,2023-08-12,Expense,education,7208.0,csh,MUM,xyz123
T5150,U052,15-07-24,Expense,Traval,7467.0,cash,Jaipur,Grocery shopping
T2581,U006,2024-08-13,Expense,,3791.0,Upi,Pune,Restaurant dinner
T9420,U129,12-03-24,Expense,Food,2641.0,Bank_Transfer,BAN,xyz123
T11977,U138,2021-03-14,Income,Others,47508.0,Card,Unknown,No Notes
T10860,U105,04-01-22,Income,Salary,66432.0,Bank Transfr,Pune,Movie tickets
T4274,U070,22-11-22,Expense,RENT,6273.0,bank transfer,PUNE,Restaurant dinner
T5087,U004,2022-10-13,Expense,Traval,1547.0,bank transfer,lucknow,Shopping
T12258,U123,2023-04-14,Income,Salary,36012.0,CASH,mumbai,Online course
T0119,U057,2021-02-03,Income,Others,40149.0,Bank_Transfer,hyderabad,Coffee
T7061,U146,2023-02-09,Expense,Travl,8082.0,Upi,PUN,No Notes
T5238,U139,04/06/2022,Income,Others,45615.0,upi,KOLKATA,Doctor consultation
T7502,U095,05/07/2021,Expense,Traval,7539.0,UPI,MUMBAI,asdfgh
T10915,U112,24-01-23,Expense,Helth,4696.0,CARD,BANGALORE,!!!
T0618,U065,28-04-2021,Expense,utilities,7546.0,Cash,LUC,Shopping
T9426,U024,01/08/2024,Expense,Travl,8200.0,Upi,chennai,test
T9221,U034,2023-12-05,Income,Bonus,53078.0,UPI,chennai,Petrol
T8115,U037,2024-06-08,Expense,Foodd,3840.0,,JAI,Gym membership
T8399,U045,03-08-22,Income,Others,78783.0,CRD,JAI,No Notes
T10428,U139,2024-11-07,Expense,Educaton,1120.0,upi,JAIPUR,Lunch
T12933,U126,25-07-2024,Expense,Food,4587.0,UPi,Unknown,Doctor consultation
T4501,U130,11/28/2024,Expense,Utilities,9750.0,Upi,delhi,test
T10341,U068,2023-03-25,Expense,Education,4986.0,upi,LUCKNOW,Electricity bill
T8393,U061,02/09/2021,Expense,Utlities,9229.0,upi,MUMBAI,Internet bill
T1574,U043,03/27/2024,Income,Others,28003.0,Bank Transfer,PUNE,Monthly rent payment
T7864,U132,2023-08-15,Expense,Entertainment,2599.0,Crd,Unknown,Uber ride
T8958,U051,04-04-2021,Expense,Entrtnmnt,9677.0,Crd,Lucknow,Medicine
T6042,U129,2022-07-05,Expense,Food,4120.0,UPi,PUNE,Coffee
T5915,U019,20-02-2023,Income,Others,51440.0,Bank_Transfer,DELHI,Coffee
T7365,U018,09-12-2021,Expense,Traval,2660.0,Upi,Hyderabad,Electricity bill
T8129,U103,05/18/2021,Expense,Rentt,36576.0,Crd,PUNE,ATM withdrawal
T9213,U111,22-03-21,Expense,Travel,6829.0,upi,CHE,No Notes
T2951,U053,01/21/2024,Income,Salary,20053.0,CARD,JAI,Restaurant dinner
T6639,U081,2024-03-06,Expense,Entertainment,722.0,Upi,Chennai,Uber ride
T6783,U049,08/24/2021,Income,Investment,69778.0,Bank Transfer,pune,!!!
T10393,U137,2022-08-14,Expense,Fod,1350.0,card,HYDERABAD,Grocery shopping
T12291,U146,01-02-24,Income,Salary,213867.0,CASH,bangalore,No Notes
T1297,U148,27-06-21,Expense,Food,657.0,Card,pune,No Notes
T5296,U072,11/18/2021,Expense,Travel,8578.0,UPI,lucknow,Movie tickets
T7263,U132,13-06-24,Income,Bonus,75604.0,Bank_Transfer,DELHI,ATM withdrawal
T1381,U025,22-03-22,Expense,,7805.0,csh,KOL,misc
T13390,U143,12/04/2021,Expense,food,145.0,card,pune,Gym membership
T6530,U022,04-03-21,Expense,education,8923.0,Bank Transfr,JAI,Restaurant dinner
T5276,U103,12/10/2024,Expense,Food,1035.0,Bank Transfer,Ahmedabad,Internet bill
T9945,U066,07/29/2024,Expense,TRAVEL,1396.0,card,chennai,Internet bill
T7477,U129,12/08/2021,Income,Salary,43834.0,CASH,kolkata,asdfgh
T6996,U039,2024-03-24,Expense,Foodd,4026.0,Bank Transfer,kolkata,Train ticket
T1543,U014,12/31/2022,Expense,,6492.0,CARD,mumbai,Books
T5642,U118,01/23/2023,Expense,Foodd,824.0,CARD,LUC,Doctor consultation
T9930,U060,2023-10-27,Expense,Rnt,5175.0,Bank_Transfer,bangalore,test
T2262,U020,2021-03-19,Expense,Entertain,4398.0,BankTransfer,AHMEDABAD,Electricity bill
T6737,U107,02/27/2022,Income,Salary,245156.0,,pune,!!!
T3258,U096,2021-03-06,Expense,rent,6051.0,Upi,BANGALORE,Shopping
T4031,U005,01-11-23,Expense,Utilities,2301.0,Bank Transfer,ahmedabad,misc
T2219,U012,2021-02-18,Income,Freelance,40590.0,card,Chennai,xyz123
T12007,U038,09/08/2023,Expense,rent,6961.0,cash,HYDERABAD,xyz123
T11958,U149,04/28/2023,Expense,Food,4252.0,CASH,PUN,Petrol
T9147,U041,13-08-23,Expense,food,5783.0,cash,Mumbai,Gym membership
T5612,U009,2021-06-09,Expense,Rent,40318.0,Upi,LUC,Internet bill
T5569,U109,2021-09-06,Expense,travel,2226.0,Cash,Unknown,!!!
T6028,U009,09-11-24,Expense,Fod,6252.0,Bank Transfr,BAN,!!!
T8355,U071,2022-04-29,Expense,Rent,42162.0,Bank Transfer,LUC,Coffee
T2001,U078,2022-11-05,Expense,Foods,3844.0,csh,ahmedabad,Doctor consultation
T0507,U073,2024-06-14,Expense,Health,2575.0,Bank Transfr,KOL,ATM withdrawal
T3195,U040,2021-03-14,Expense,Entertainment,2323.0,Bank Transfer,AHM,Gym membership
T13539,U059,2021-03-24,Expense,Utilties,5223.0,Csh,KOLKATA,Medicine
T2676,U108,2022-04-06,Expense,Foods,4856.0,UPI,pune,Petrol
T10984,U111,03/07/2021,Expense,food,6809.0,UPI,PUNE,!!!
T8407,U020,10/11/2024,Expense,Fod,3368.0,Bank Transfr,BANGALORE,Coffee
T10027,U056,03/31/2021,Expense,Foods,721.0,CARD,BAN,Gym membership
T7122,U075,03/10/2021,Income,Bonus,65623.0,cash,HYD,test
T1960,U058,2024-12-29,Income,Salary,65957.0,CARD,mumbai,Medicine
T5531,U144,08-11-22,Expense,FOOD,9343.0,UPi,DELHI,Petrol
T10223,U039,21-04-21,Expense,OTHERS,5887.0,cash,KOL,misc
T3506,U072,2022-03-21,Expense,Travel,8063.0,card,bangalore,Lunch
T5689,U147,2021-04-19,Expense,Utlities,3802.0,bank transfer,DEL,test
T1755,U081,16-01-21,Expense,Foods,4554.0,,Delhi,Doctor consultation
T9246,U082,10/24/2024,Expense,Foodd,2023.0,Bank Transfer,Kolkata,No Notes
T12979,U072,04/23/2024,Expense,food,3919.0,Crd,ahmedabad,No Notes
T5706,U059,05/03/2022,Income,Freelance,22324.0,Cash,PUNE,Coffee
T0196,U025,2021-04-04,Expense,food,7271.0,Upi,pune,test
T6958,U140,04/23/2024,Expense,Education,6436.0,csh,ahmedabad,Restaurant dinner
T13580,U018,08/01/2023,Expense,rent,7751.0,bank transfer,Mumbai,Online course
T2334,U074,2024-11-07,Expense,entertainment,7517.0,CARD,Delhi,Electricity bill
T1786,U042,2021-03-04,Expense,Food,4195.0,BankTransfer,KOL,Doctor consultation
T13067,U046,12-08-2022,Income,Bonus,38497.0,Cash,DELHI,Train ticket
T0286,U136,18-09-23,Expense,Foods,2642.0,Crd,jaipur,No Notes
T11058,U127,08/25/2024,Expense,Entertain,6674.0,Card,Mumbai,No Notes
T12868,U005,2024-11-16,Expense,Entrtnmnt,1754.0,Cash,LUCKNOW,Petrol
T5974,U047,07-09-2021,Expense,EDU,4297.0,CRD,AHM,Grocery shopping
T3981,U002,2024-09-21,Expense,Foodd,2324.0,Csh,PUNE,Internet bill
T13124,U069,02/15/2024,Expense,Foods,886.0,UPi,Pune,No Notes
T13674,U002,2024-10-30,Expense,Utilities,5727.0,upi,mumbai,No Notes
T13459,U098,2024-12-05,Expense,Utilties,7572.0,csh,KOLKATA,Electricity bill
T10975,U018,02/17/2023,Expense,Utilities,185.0,Upi,PUNE,Shopping
T6030,U051,26-01-2022,Expense,Rentt,5075.0,,Ahmedabad,Grocery shopping
T3424,U082,2021-05-12,Expense,Utlities,4022.0,bank transfer,PUNE,Train ticket
T8297,U138,07/18/2024,Expense,FOOD,6217.0,CASH,Jaipur,xyz123
T7120,U009,2023-07-03,Expense,Rentt,13682.0,cash,Delhi,Fixed deposit
T8555,U055,01/27/2021,Expense,food,8793.0,UPI,Unknown,asdfgh
T10238,U029,2023-05-25,Expense,health,3658.0,Bank Transfr,BANGALORE,Doctor consultation
T5222,U063,31-12-21,Expense,travel,7061.0,Upi,kolkata,xyz123
T6481,U041,2023-12-06,Expense,,2037.0,Bank Transfer,Mumbai,Online course
T13261,U069,14-04-23,Expense,Utilties,3389.0,CRD,MUMBAI,No Notes
T12910,U024,07-07-21,Expense,Health,8777.0,Bank Transfer,AHM,Petrol
T10672,U145,2022-07-12,Income,Others,77593.0,bank transfer,CHENNAI,Grocery shopping
T4188,U044,2024-05-23,Expense,Travl,2673.0,Cash,DEL,Electricity bill
T8368,U033,04-03-23,Expense,Traval,5127.0,Card,CHE,Petrol
T3394,U017,16-09-21,Expense,Helth,6896.0,CASH,HYDERABAD,Coffee
T5683,U030,03/06/2023,Expense,rent,5412.0,Bank Transfer,PUN,No Notes
T6082,U143,12/17/2023,Expense,RENT,3940.0,Csh,jaipur,Doctor consultation
T5050,U007,2022-06-03,Expense,Education,7222.0,Cash,Mumbai,Movie tickets
T11425,U038,05/17/2021,Expense,entertainment,4925.0,upi,hyderabad,Shopping
T10765,U137,09/24/2023,Expense,Food,1624.0,cash,KOLKATA,!!!
T11213,U080,17-04-21,Expense,Entertain,4164.0,card,hyderabad,Petrol
T7610,U079,01/04/2023,Expense,savings,1315.0,csh,JAI,Electricity bill
T9356,U094,02/22/2024,Expense,FOOD,5213.0,bank transfer,JAI,Train ticket
T8099,U093,2024-06-03,Expense,Entertain,9531.0,Bank Transfr,BAN,Uber ride
T8139,U066,25-11-22,Expense,Utility,7809.0,CASH,AHMEDABAD,Online course
T9717,U052,2022-03-25,Expense,EDU,6963.0,csh,pune,Gym membership
T1260,U024,30-12-2021,Income,Investment,73953.0,CRD,Jaipur,Electricity bill
T9912,U036,04/08/2022,Expense,Utlities,6660.0,UPi,BAN,Lunch
T7049,U033,12-04-22,Expense,Food,2784.0,Csh,JAI,test
T5183,U144,2024-03-11,Income,Investment,64156.0,CASH,Delhi,Monthly rent payment
T12817,U129,2023-07-30,Expense,utilities,7048.0,,MUMBAI,No Notes
T6830,U038,06/08/2022,Expense,Entertainment,1124.0,upi,ahmedabad,Internet bill
T12851,U038,12-06-22,Expense,,1888.0,UPi,PUN,ATM withdrawal
T0715,U136,03/14/2021,Expense,Travel,964.0,upi,chennai,EMI payment
T11549,U119,06/11/2023,Expense,Rentt,15012.0,Cash,Lucknow,No Notes
T7111,U040,07/22/2021,Expense,Food,3310.0,Cash,AHM,No Notes
T1699,U036,31-01-24,Expense,entertainment,3582.0,CARD,Kolkata,asdfgh
T11500,U075,16-06-24,Expense,travel,3156.0,UPi,BAN,EMI payment
T5427,U084,09-02-24,Expense,Utlities,5245.0,BankTransfer,pune,Monthly rent payment
T8391,U064,12/30/2022,Expense,RENT,6250.0,CRD,Kolkata,Online course
T6627,U087,01-01-2024,Expense,utilities,2403.0,cash,Unknown,Books
T3308,U124,2021-08-27,Income,Freelance,54485.0,Bank Transfer,HYDERABAD,No Notes
T1626,U145,2022-01-30,Expense,,3956.0,BankTransfer,kolkata,...
T4449,U137,14-03-23,Expense,Rnt,3320.0,upi,Unknown,Grocery shopping
T1515,U027,2024-07-12,Income,Salary,66538.0,cash,Bangalore,No Notes
T12348,U076,2022-05-29,Expense,FOOD,2407.0,bank transfer,HYD,Movie tickets
T6797,U131,08-02-22,Expense,Saving,4252.0,Bank Transfr,AHM,Shopping
T0585,U038,2024-09-05,Expense,Entertain,787.0,Upi,Unknown,Uber ride
T1082,U098,2023-08-31,Expense,rent,2581.0,CARD,PUNE,Fixed deposit
T13313,U003,26-03-24,Expense,Food,4739.0,Card,Kolkata,misc
T10513,U050,2024-04-05,Expense,travel,3605.0,UPi,DELHI,Doctor consultation
T10944,U081,2024-09-28,Expense,Entertainment,4230.0,upi,BANGALORE,Gym membership
T10002,U063,12/18/2024,Expense,OTHERS,9456.0,CASH,DELHI,test
T9288,U143,12/31/2022,Expense,Education,4334.0,CRD,kolkata,Books
T6623,U078,09/15/2023,Expense,EDU,503.0,Bank_Transfer,chennai,test
T9204,U140,20-10-23,Expense,Fod,9391.0,,hyderabad,Uber ride
T11137,U090,11-06-22,Expense,entertainment,5791.0,UPI,bangalore,No Notes
T13164,U117,06/20/2021,Expense,Utilties,7835.0,CASH,DELHI,Monthly rent payment
T1385,U026,2022-09-27,Expense,Saving,604.0,UPI,KOL,asdfgh
T3994,U130,05/06/2022,Expense,Utilities,8377.0,upi,Delhi,ATM withdrawal
T5044,U135,2022-01-16,Expense,rent,3464.0,Cash,Pune,Fixed deposit
T4712,U115,2024-01-30,Expense,Utlities,7134.0,CARD,Hyderabad,Online course
T6524,U141,06/15/2021,Expense,Utlities,5546.0,UPi,KOL,ATM withdrawal
T3527,U082,11/24/2021,Expense,Traval,330.0,Bank Transfer,CHE,Train ticket
T8114,U121,04/21/2024,Income,Investment,58808.0,Card,HYD,asdfgh
T3494,U045,07/05/2022,Expense,Travl,4472.0,Upi,DELHI,No Notes
T13848,U123,04/21/2023,Expense,FOOD,2027.0,bank transfer,Pune,Gym membership
T3312,U087,08/14/2021,Expense,education,4867.0,Bank Transfr,AHM,ATM withdrawal
T11915,U138,08/01/2022,Expense,TRAVEL,1334.0,BankTransfer,Chennai,...
T6635,U039,02/25/2021,Income,Freelance,72857.0,cash,jaipur,No Notes
T6475,U058,04/28/2022,Income,Bonus,53734.0,Bank_Transfer,Unknown,Uber ride
T11049,U013,2022-01-11,Income,Investment,71333.0,Bank_Transfer,chennai,!!!
T8046,U033,04-09-23,Expense,rent,2581.0,Csh,KOL,xyz123
T8755,U118,07/11/2024,Expense,Fod,645.0,UPi,AHM,...
T1527,U029,06/01/2021,Expense,Utilities,4655.0,Upi,HYDERABAD,No Notes
T2983,U098,11/24/2023,Expense,Rentt,17314.0,UPI,HYD,Fixed deposit
T4309,U027,2021-12-23,Expense,Education,9998.0,Upi,Unknown,Fixed deposit
T8579,U007,2022-11-20,Expense,Entertainment,2788.0,Bank_Transfer,CHENNAI,Coffee
T3672,U084,2024-12-10,Expense,Traval,4115.0,CARD,Kolkata,Electricity bill
T11584,U144,2022-10-03,Expense,food,9164.0,Card,JAIPUR,asdfgh
T9828,U141,2022-02-02,Income,Salary,59269.0,CARD,pune,Doctor consultation
T1546,U101,07-08-23,Expense,Rentt,15509.0,,Unknown,Internet bill
T4797,U037,03/09/2024,Expense,Travel,7077.0,Bank Transfer,ahmedabad,xyz123
T9972,U025,2023-02-26,Expense,Educaton,8254.0,CARD,PUN,Fixed deposit
T7143,U095,02-02-24,Expense,Entrtnmnt,1555.0,UPi,jaipur,Electricity bill
T13374,U107,12/20/2021,Expense,utilities,5017.0,UPI,LUCKNOW,Internet bill
T6660,U112,09/04/2021,Expense,Food,2941.0,Bank_Transfer,Kolkata,xyz123
T1142,U120,2024-09-24,Expense,Rentt,37994.0,Crd,Hyderabad,...
T13868,U121,2022-01-16,Expense,Rentt,49122.0,CARD,jaipur,Petrol
T5480,U145,2024-08-16,Expense,health,1761.0,,Ahmedabad,!!!
T3464,U115,03/25/2022,Expense,Rentt,10003.0,Card,PUNE,Coffee
T12467,U015,11-01-21,Income,Bonus,20062.0,Bank Transfr,bangalore,Lunch
T8203,U053,2021-01-23,Expense,Travl,4603.0,Crd,BAN,!!!
T13070,U057,12-05-2024,Expense,Entertainment,9986.0,Bank Transfr,lucknow,Train ticket
T11349,U099,2024-03-06,Income,Salary,63843.0,Crd,Mumbai,No Notes
T7149,U024,11/06/2021,Expense,food,7886.0,Bank Transfr,Ahmedabad,Internet bill
T5246,U139,2024-12-18,Expense,RENT,6330.0,CRD,DEL,EMI payment
T4033,U061,2022-06-07,Expense,HEALTH,4109.0,CARD,ahmedabad,Electricity bill
T10767,U007,12-12-22,Expense,Foods,4856.0,csh,mumbai,Books
T9842,U014,23-03-2021,Expense,Entertainment,2491.0,,BANGALORE,test
T11401,U110,28-09-24,Expense,Rentt,37722.0,BankTransfer,KOL,!!!
T4763,U133,08/20/2022,Expense,Rnt,4508.0,upi,Mumbai,Internet bill
T7660,U013,2022-05-03,Expense,Rnt,9199.0,BankTransfer,Lucknow,Doctor consultation
T2864,U073,2021-01-29,Expense,EDU,2704.0,Crd,JAIPUR,!!!
T5538,U085,06-05-23,Expense,food,5560.0,Bank Transfr,DELHI,asdfgh
T3062,U091,10/25/2022,Expense,Food,2080.0,UPI,delhi,Coffee
T9455,U145,2024-11-02,Expense,food,1792.0,Card,Delhi,Internet bill
T3622,U066,2021-03-25,Expense,utilities,279.0,CASH,ahmedabad,Monthly rent payment
T7807,U015,2024-01-02,Income,Investment,22772.0,Upi,Jaipur,No Notes
T3415,U027,02/05/2024,Expense,Rentt,37190.0,Bank Transfr,Chennai,Electricity bill
T10329,U075,06-08-2023,Expense,Utility,7919.0,Csh,CHE,...
T4194,U139,08-11-2023,Expense,Food,1725.0,upi,BANGALORE,No Notes
T6196,U020,21-01-22,Expense,Education,536.0,Bank_Transfer,LUC,misc
T2048,U124,2022-07-13,Expense,Foods,4876.0,Crd,jaipur,Medicine
T13772,U120,10-04-2022,Expense,Education,999999.0,csh,bangalore,Grocery shopping
T8260,U034,29-04-2021,Expense,Utlities,634.0,CRD,AHM,ATM withdrawal
T4420,U117,01/27/2022,Expense,Entertain,1670.0,Csh,kolkata,Fixed deposit
T9844,U024,2024-10-20,Income,Others,43241.0,Upi,hyderabad,No Notes
T5045,U061,20-09-21,Expense,Foodd,3451.0,Crd,BAN,No Notes
T13378,U012,03/13/2022,Income,Bonus,37131.0,BankTransfer,mumbai,Fixed deposit
T11988,U013,23-09-24,Expense,FOOD,442.0,UPi,Unknown,Electricity bill
T5185,U033,09-07-23,Expense,Travl,7261.0,Crd,Pune,Coffee
T9950,U080,11/28/2021,Expense,Utility,3749.0,Upi,KOLKATA,Uber ride
T4640,U126,2024-04-25,Expense,Foods,1316.0,UPi,mumbai,Train ticket
T5168,U024,2023-08-06,Expense,Helth,1891.0,Crd,hyderabad,Uber ride
T7703,U017,2023-03-10,Expense,Utilties,877.0,upi,HYD,Shopping
T10559,U023,2022-07-09,Expense,,820.0,,LUCKNOW,Fixed deposit
T6077,U103,07/25/2023,Income,Others,25449.0,CRD,jaipur,Restaurant dinner
T7607,U111,06-10-24,Expense,rent,7345.0,,Unknown,ATM withdrawal
T9002,U062,17-06-24,Income,Bonus,10326.0,UPi,Delhi,misc
T12568,U150,2022-02-18,Expense,Travl,5563.0,Upi,HYD,Books
T9818,U079,2024-05-25,Expense,,6372.0,upi,Pune,misc
T11145,U126,11/03/2021,Income,Freelance,27223.0,Crd,DEL,EMI payment
T5850,U052,10/16/2021,Expense,rent,4522.0,Cash,BAN,Coffee
T9577,U058,01/27/2021,Expense,Rnt,3204.0,csh,LUCKNOW,Uber ride
T1496,U089,08/19/2023,Expense,Foodd,4235.0,,kolkata,No Notes
T10705,U140,2023-12-22,Income,Others,54330.0,Card,DELHI,ATM withdrawal
T7130,U142,2023-05-21,Income,Others,550580.0,Card,DELHI,Medicine
T6362,U139,11/14/2023,Expense,Foodd,220.0,Bank Transfr,KOL,Electricity bill
T9970,U034,2023-01-07,Income,Salary,11603.0,,Kolkata,Petrol
T6642,U135,15-01-23,Expense,Educaton,3503.0,Csh,Jaipur,Grocery shopping
T4908,U028,2024-12-28,Income,Freelance,20421.0,Csh,BANGALORE,asdfgh
T5952,U060,2023-06-17,Expense,RENT,2970.0,Bank_Transfer,Unknown,Grocery shopping
T13262,U133,05/11/2024,Expense,Education,6357.0,UPI,mumbai,xyz123
T1826,U140,10/07/2024,Expense,FOOD,3833.0,UPi,Unknown,Fixed deposit
T9964,U083,07/20/2022,Expense,rent,9525.0,Card,DELHI,Restaurant dinner
T4322,U080,2022-03-13,Income,Investment,46178.0,UPi,Kolkata,!!!
T0742,U047,02/27/2022,Expense,Travl,9960.0,upi,Unknown,Grocery shopping
T9197,U091,08/17/2024,Expense,Entertain,9838.0,Crd,Mumbai,!!!
T2949,U073,15-09-2023,Expense,education,7275.0,CASH,PUNE,test
T8339,U094,04/07/2024,Expense,Educaton,9891.0,Cash,AHM,Grocery shopping
T9695,U043,07/19/2024,Expense,Entertain,999999.0,Cash,ahmedabad,EMI payment
T1514,U104,2021-12-06,Expense,RENT,6362.0,cash,HYD,Uber ride
T5312,U074,2024-08-01,Expense,FOOD,2115.0,bank transfer,kolkata,Coffee
T3823,U092,31-10-21,Expense,Rent,49062.0,Bank Transfr,Jaipur,...
T0305,U022,07-06-21,Expense,Entrtnmnt,999999.0,CARD,BAN,Coffee
T12390,U032,2021-09-10,Expense,Entertain,4446.0,Card,KOL,Medicine
T1167,U001,2023-01-11,Expense,Entrtnmnt,8348.0,CASH,KOL,Electricity bill
T13702,U013,06/02/2024,Expense,Utilities,6822.0,Bank Transfr,Lucknow,Monthly rent payment
T5645,U090,16-03-23,Expense,FOOD,5058.0,card,Unknown,Gym membership
T4358,U108,25-05-2021,Income,Investment,58968.0,cash,delhi,Restaurant dinner
T5417,U020,19-10-2023,Expense,utilities,9480.0,Upi,DEL,Doctor consultation
T8753,U128,2022-10-31,Expense,Travl,5560.0,UPI,mumbai,Fixed deposit
T4217,U150,2022-10-17,Expense,FOOD,4012.0,CARD,KOLKATA,Monthly rent payment
T4627,U127,07-02-2024,Expense,food,4603.0,Crd,MUMBAI,Books
T0137,U099,11/02/2023,Expense,Rnt,1454.0,Csh,KOLKATA,Petrol
T3984,U097,12/16/2021,Expense,Entertainment,4331.0,Cash,hyderabad,No Notes
T9431,U139,20-08-22,Expense,FOOD,6007.0,Crd,Jaipur,Movie tickets
T2375,U125,2022-12-24,Expense,Others,9581.0,Bank Transfr,delhi,Petrol
T11684,U045,23-02-23,Expense,Food,3690.0,CARD,pune,Internet bill
T11968,U087,2024-10-21,Income,Investment,28908.0,CRD,KOLKATA,...
T5052,U082,2022-04-03,Expense,FOOD,4040.0,Bank Transfr,kolkata,Internet bill
T1872,U042,28-02-24,Expense,Foodd,111.0,BankTransfer,CHE,No Notes
T5165,U058,2022-11-02,Expense,rent,2619.0,CARD,JAIPUR,Restaurant dinner
T8248,U026,09/27/2021,Expense,Foods,4037.0,UPI,Jaipur,Books
T4862,U071,09/22/2022,Expense,Health,596.0,Csh,Unknown,Lunch
T0035,U133,2021-06-25,Expense,Foodd,4070.0,Bank Transfr,lucknow,misc
T1622,U102,2024-05-23,Expense,entertainment,7656.0,UPI,lucknow,No Notes
T2965,U046,04/13/2021,Expense,RENT,8384.0,Bank_Transfer,delhi,...
T10412,U037,01-04-24,Income,Others,25678.0,Bank Transfr,MUM,Restaurant dinner
T9308,U102,01/16/2022,Expense,rent,9284.0,CASH,KOLKATA,Grocery shopping
T1382,U149,10/05/2021,Income,Bonus,24104.0,CRD,delhi,!!!
T9608,U130,17-04-22,Income,Others,21175.0,Upi,BANGALORE,Gym membership
T9226,U027,13-11-2024,Income,Others,25701.0,BankTransfer,CHE,misc
T9024,U113,2023-06-11,Expense,Utility,907.0,Upi,CHE,No Notes
T7037,U035,27-04-2023,Expense,Foods,497.0,Upi,Chennai,No Notes
T1373,U135,12/03/2023,Expense,RENT,7453.0,Card,DEL,Lunch
T0070,U040,2024-09-04,Income,Others,68838.0,Upi,Delhi,No Notes
T1335,U102,2024-08-03,Income,Freelance,68176.0,csh,Chennai,asdfgh
T2191,U126,20-03-21,Expense,Traval,6624.0,Upi,LUC,Movie tickets
T8674,U099,2021-05-22,Expense,Entertain,9602.0,Upi,DEL,Coffee
T5809,U086,07/20/2023,Expense,Rent,24848.0,UPI,CHENNAI,!!!
T1839,U131,2021-02-15,Expense,FOOD,8737.0,Crd,Pune,No Notes
T7692,U059,2024-06-13,Expense,education,9314.0,bank transfer,Unknown,Movie tickets
T1299,U133,08/18/2024,Expense,Education,2594.0,,CHE,No Notes
T2938,U043,24-03-24,Expense,Savings,259.0,Bank Transfer,Hyderabad,Monthly rent payment
T9086,U035,07/27/2021,Expense,Entertainment,5587.0,,bangalore,No Notes
T5323,U068,2023-05-03,Expense,entertainment,9315.0,Cash,Delhi,Internet bill
T11846,U079,13-05-2021,Expense,TRAVEL,8347.0,Csh,BAN,EMI payment
T5753,U016,2024-07-10,Expense,Food,3644.0,upi,hyderabad,Lunch
T6156,U007,2023-09-07,Expense,FOOD,1491.0,UPi,Mumbai,Lunch
T8161,U144,06/26/2024,Income,Investment,60740.0,Cash,MUMBAI,Medicine
T2271,U139,02-02-24,Expense,rent,3753.0,UPi,HYD,Medicine
T1605,U143,2021-05-22,Expense,travel,7640.0,UPi,KOL,Lunch
T11040,U146,11/26/2024,Expense,Travel,9855.0,Upi,delhi,Gym membership
T5345,U023,2023-08-02,Expense,Entrtnmnt,3692.0,,MUMBAI,Doctor consultation
T7973,U077,2023-10-06,Income,Others,10693.0,bank transfer,Ahmedabad,EMI payment
T7577,U121,23-10-24,Expense,RENT,8540.0,Cash,Lucknow,Medicine
T5097,U101,2022-07-19,Expense,entertainment,7319.0,Bank_Transfer,JAIPUR,Doctor consultation
T7260,U115,09/30/2022,Expense,Traval,7921.0,Csh,Unknown,No Notes
T8429,U133,23-09-24,Expense,Education,8251.0,Cash,KOLKATA,Electricity bill
T2249,U001,12/23/2024,Expense,health,1122.0,UPI,MUM,...
T4034,U130,01-01-24,Income,Bonus,63932.0,CRD,MUM,No Notes
T12792,U090,2021-06-18,Expense,,7710.0,Upi,Bangalore,Movie tickets
T3844,U003,14-07-2022,Expense,entertainment,5784.0,Card,Pune,Fixed deposit
T7464,U104,29-07-22,Income,Salary,29590.0,CASH,jaipur,Movie tickets
T3101,U140,16-09-22,Expense,Foodd,4799.0,UPI,Bangalore,Movie tickets
T6951,U012,03-10-2024,Expense,Rent,25493.0,CARD,AHMEDABAD,Petrol
T1262,U125,2023-07-01,Expense,rent,8623.0,card,Unknown,ATM withdrawal
T3673,U145,2023-09-04,Expense,Savings,2421.0,Card,DELHI,Gym membership
T7265,U017,13-04-23,Expense,Food,2405.0,UPI,Bangalore,Doctor consultation
T0365,U024,08-09-21,Expense,Travl,3965.0,CRD,Kolkata,Electricity bill
T2954,U102,02-06-2023,Expense,Utilities,1697.0,CARD,chennai,No Notes
T12118,U102,01/29/2023,Expense,Rent,21911.0,,Unknown,Restaurant dinner
T7269,U019,2024-08-20,Expense,Entertainment,1233.0,Bank Transfr,Chennai,Electricity bill
T1269,U057,05/05/2023,Expense,Foodd,252.0,CARD,HYDERABAD,EMI payment
T7564,U128,2021-03-05,Expense,Foods,2969.0,UPI,lucknow,Lunch
T12354,U148,27-04-2021,Expense,Rentt,34322.0,Csh,AHMEDABAD,xyz123
T10137,U065,08/23/2023,Expense,travel,3063.0,bank transfer,KOLKATA,No Notes
T4443,U117,07/25/2024,Expense,EDU,3905.0,BankTransfer,HYDERABAD,!!!
T4721,U036,2021-02-09,Expense,Utility,749.0,csh,Kolkata,Grocery shopping
T8408,U054,12-06-2021,Expense,education,7016.0,cash,AHM,Fixed deposit
T6250,U014,25-07-2022,Expense,Travel,2825.0,bank transfer,JAIPUR,...
T8816,U046,23-06-2024,Expense,RENT,4266.0,card,JAI,Grocery shopping
T7224,U102,19-11-2023,Expense,Fod,512.0,CARD,HYD,Medicine
T8362,U014,08/13/2022,Expense,Travel,1482.0,Bank_Transfer,MUMBAI,Grocery shopping
T6908,U072,20-07-24,Expense,Rnt,6825.0,BankTransfer,Unknown,misc
T9231,U120,08/12/2023,Expense,Entertain,449.0,BankTransfer,PUN,No Notes
T7410,U072,2021-01-05,Expense,Rentt,9560.0,CASH,lucknow,Shopping
T7420,U012,2021-07-28,Expense,Foodd,3820.0,CASH,BANGALORE,Internet bill
T5431,U077,2022-08-30,Expense,rent,2838.0,bank transfer,delhi,Train ticket
T5659,U099,06-08-22,Expense,Rent,25522.0,upi,CHENNAI,Uber ride
T5692,U080,26-05-24,Expense,Rnt,4225.0,Upi,Unknown,Medicine
T10008,U098,2023-04-12,Expense,Utilties,179.0,CARD,lucknow,test
T0482,U026,2022-04-01,Expense,rent,5122.0,Upi,LUCKNOW,Movie tickets
T7112,U131,2022-08-11,Expense,entertainment,4988.0,Bank Transfr,PUNE,No Notes
T0760,U122,2022-03-15,Expense,Fod,1261.0,CASH,Delhi,Petrol
T8640,U018,12/27/2022,Expense,Food,4935.0,BankTransfer,Hyderabad,misc
T6245,U012,05/26/2024,Expense,Helth,2555.0,Card,pune,Internet bill
T8745,U119,09/02/2021,Expense,health,7636.0,CASH,Chennai,Coffee
T8956,U150,2023-12-10,Expense,Rnt,2166.0,csh,BAN,EMI payment
T6931,U079,29-01-22,Expense,FOOD,3633.0,BankTransfer,Mumbai,Grocery shopping
T8564,U011,2021-04-19,Expense,utilities,4890.0,CASH,KOL,No Notes
T13658,U117,02/19/2024,Expense,SAVINGS,7864.0,upi,PUN,ATM withdrawal
T6492,U078,01/21/2023,Income,Others,42712.0,UPi,BANGALORE,Uber ride
T11543,U090,2021-10-09,Expense,Misc,9794.0,BankTransfer,Lucknow,Internet bill
T3804,U107,02-07-24,Expense,Fod,5884.0,,Delhi,ATM withdrawal
T11246,U112,05-11-2023,Expense,Health,2464.0,UPI,mumbai,Books
T8424,U111,2024-02-28,Expense,Fod,8027.0,upi,Jaipur,Uber ride
T10567,U074,07/12/2024,Expense,Travl,9225.0,Card,ahmedabad,Restaurant dinner
T10321,U110,2021-11-29,Expense,FOOD,8156.0,card,BAN,Gym membership
T5455,U112,2023-05-24,Expense,Foods,116.0,card,Bangalore,Train ticket
T6065,U128,12/02/2024,Expense,Rentt,999999.0,Csh,MUM,No Notes
T0621,U051,2023-04-19,Expense,Rent,41736.0,csh,delhi,Restaurant dinner
T5814,U066,2021-01-10,Expense,Utlities,6392.0,Upi,Chennai,Medicine
T10404,U136,11-12-21,Income,Bonus,32753.0,Crd,DELHI,Medicine
T2599,U145,03/30/2024,Expense,Utilities,9957.0,CRD,Mumbai,!!!
T12995,U013,12/30/2021,Expense,TRAVEL,6344.0,CARD,Unknown,misc
T7849,U045,08-05-21,Expense,travel,3176.0,Csh,Kolkata,No Notes
T3573,U141,2022-12-06,Expense,EDU,754.0,Upi,hyderabad,Movie tickets
T9724,U016,11/30/2023,Expense,RENT,7937.0,Bank Transfer,Jaipur,...
T11895,U070,27-05-22,Expense,TRAVEL,760.0,bank transfer,AHM,test
T9706,U106,2024-06-15,Expense,Entertainment,8181.0,card,chennai,Lunch
T2431,U019,02/13/2021,Expense,Rnt,2657.0,Cash,DEL,Restaurant dinner
T7647,U048,30-10-22,Income,Bonus,30953.0,Bank Transfer,Kolkata,Train ticket
T4177,U029,2024-10-29,Income,Investment,69768.0,CRD,CHE,Fixed deposit
T3976,U097,07/21/2022,Expense,food,7859.0,Csh,LUCKNOW,Internet bill
T12996,U030,2022-01-24,Expense,rent,2376.0,UPI,MUMBAI,ATM withdrawal
T9902,U112,25-03-23,Expense,FOOD,8973.0,CRD,mumbai,Uber ride
T10452,U076,02/15/2022,Expense,education,3177.0,UPi,lucknow,Fixed deposit
T2263,U148,2024-10-22,Expense,Foods,3087.0,Card,Mumbai,Restaurant dinner
T0256,U040,2021-08-08,Expense,Saving,7287.0,CRD,AHM,asdfgh
T5816,U008,2023-06-27,Expense,Rentt,23603.0,Crd,AHMEDABAD,ATM withdrawal
T1991,U044,2024-05-14,Expense,entertainment,4715.0,CARD,HYDERABAD,Coffee
T13628,U063,03/23/2021,Expense,Entertain,7405.0,bank transfer,kolkata,asdfgh
T13685,U094,06/10/2021,Expense,health,4481.0,CARD,Lucknow,Fixed deposit
T12529,U130,01/15/2023,Expense,Educaton,1184.0,csh,Lucknow,...
T6089,U088,11/21/2023,Expense,Travl,5325.0,upi,AHMEDABAD,xyz123
T10424,U077,24-05-21,Expense,FOOD,833.0,cash,KOL,Coffee
T12255,U091,03/22/2024,Expense,Food,881.0,bank transfer,chennai,Electricity bill
T0203,U105,2024-06-05,Expense,Foodd,1611.0,CASH,lucknow,Fixed deposit
T7205,U104,01/19/2023,Expense,SAVINGS,4898.0,Bank Transfer,Hyderabad,Books
T12315,U006,03-10-23,Expense,Entertainment,8775.0,cash,pune,Gym membership
T9987,U091,13-04-22,Expense,Travel,6644.0,csh,lucknow,Online course
T12284,U060,05/12/2024,Income,Freelance,57072.0,upi,JAIPUR,No Notes
T11018,U085,2021-04-18,Income,Freelance,44598.0,bank transfer,Mumbai,Doctor consultation
T11829,U112,08/07/2024,Expense,Utility,999999.0,UPi,AHM,No Notes
T13426,U015,2024-05-04,Expense,Entertainment,5302.0,UPI,Mumbai,ATM withdrawal
T8611,U100,10/20/2024,Expense,Travel,1992.0,Cash,Unknown,Grocery shopping
T9568,U044,04/03/2022,Expense,RENT,6641.0,Cash,KOL,Uber ride
T9741,U062,31-01-22,Expense,Educaton,5912.0,CASH,KOLKATA,test
T8687,U020,19-10-2024,Expense,Foods,1260.0,CARD,jaipur,Gym membership
T3435,U027,2021-10-07,Expense,entertainment,343.0,Cash,BANGALORE,No Notes
T10088,U104,2024-05-12,Expense,RENT,2683.0,CRD,bangalore,No Notes
T7827,U115,2021-09-17,Expense,education,462.0,csh,JAIPUR,EMI payment
T0038,U033,2023-10-03,Expense,FOOD,3120.0,Cash,Delhi,Electricity bill
T12936,U039,2024-04-01,Expense,Utility,4081.0,CASH,jaipur,ATM withdrawal
T0040,U026,03/02/2022,Expense,Foodd,664.0,bank transfer,Unknown,ATM withdrawal
T8483,U118,22-09-2022,Expense,TRAVEL,783.0,Cash,jaipur,Gym membership
T3872,U107,21-08-2022,Expense,Rent,29112.0,Bank_Transfer,Delhi,Gym membership
T11445,U019,02/02/2022,Expense,Foods,4797.0,bank transfer,CHENNAI,Online course
T10422,U011,08/12/2023,Expense,rent,2508.0,Crd,hyderabad,Movie tickets
T11209,U139,10/12/2022,Expense,Rent,6464.0,UPi,hyderabad,No Notes
T2462,U105,2021-02-02,Income,Bonus,69323.0,cash,KOLKATA,asdfgh
T12190,U029,2021-03-30,Expense,utilities,9423.0,CRD,Mumbai,Train ticket
T8338,U081,2023-09-30,Expense,Rnt,6187.0,Upi,HYDERABAD,EMI payment
T11600,U143,09-04-22,Expense,Rent,38889.0,UPI,HYDERABAD,Fixed deposit
T13506,U118,16-07-2023,Expense,entertainment,790.0,cash,KOLKATA,xyz123
T9247,U046,29-05-22,Expense,Health,167.0,Csh,kolkata,Train ticket
T8924,U066,2022-08-17,Expense,RENT,3218.0,Upi,MUMBAI,!!!
T13006,U089,01/03/2023,Expense,Rent,10193.0,card,Hyderabad,Monthly rent payment
T12312,U016,23-09-22,Expense,Foods,301.0,CRD,delhi,Internet bill
T12416,U033,2024-11-12,Expense,Education,5161.0,UPi,kolkata,xyz123
T1985,U102,03-02-21,Expense,FOOD,6557.0,card,pune,EMI payment
T10842,U048,26-04-21,Expense,travel,6818.0,Card,PUN,Internet bill
T3623,U117,10/13/2024,Expense,Traval,1240.0,CRD,jaipur,ATM withdrawal
T10091,U107,23-11-2024,Expense,RENT,1689.0,Crd,Unknown,Lunch
T5731,U025,09-12-21,Expense,Utility,1973.0,Crd,Delhi,...
T7879,U084,12/09/2022,Expense,rent,1212.0,Bank_Transfer,Ahmedabad,No Notes
T9570,U103,10-08-2022,Expense,Educaton,882.0,Bank_Transfer,Unknown,Medicine
T1563,U142,09/04/2023,Income,Investment,37592.0,CASH,Pune,Movie tickets
T11588,U046,12/24/2021,Expense,FOOD,7995.0,card,Ahmedabad,Medicine
T8019,U079,30-11-2024,Income,Freelance,40518.0,cash,bangalore,Movie tickets
T4278,U035,05/02/2024,Expense,Foodd,3675.0,CRD,bangalore,Electricity bill
T2754,U107,2023-09-19,Expense,Rentt,11161.0,bank transfer,DEL,!!!
T4381,U091,21-03-24,Income,Others,75246.0,UPI,Bangalore,test
T11258,U030,2022-10-18,Expense,Utilities,7236.0,CRD,Jaipur,ATM withdrawal
T9727,U070,2024-03-12,Expense,Foodd,2570.0,BankTransfer,CHE,Books
T3030,U053,20-02-23,Income,Bonus,30490.0,,HYD,Medicine
T4947,U131,2022-06-11,Expense,education,6108.0,Bank Transfr,jaipur,ATM withdrawal
T9670,U034,06-11-2022,Expense,Education,9328.0,BankTransfer,Unknown,asdfgh
T12320,U084,2024-07-02,Expense,Traval,3023.0,Cash,HYDERABAD,Gym membership
T0776,U128,2021-03-16,Expense,food,6856.0,,mumbai,Books
T8445,U074,12-08-24,Expense,rent,7401.0,upi,Hyderabad,Online course
T3043,U099,2022-07-09,Expense,Saving,9356.0,cash,BAN,xyz123
T7108,U023,2023-01-27,Expense,Entrtnmnt,8631.0,UPi,AHMEDABAD,EMI payment
T9652,U012,07-05-22,Expense,food,7954.0,UPI,kolkata,Books
T2701,U079,2021-03-17,Expense,Entertainment,6530.0,UPi,HYD,Grocery shopping
T10192,U025,2022-09-18,Expense,Utlities,7698.0,CASH,CHENNAI,asdfgh
T13879,U099,18-09-23,Income,Investment,73973.0,,mumbai,No Notes
T12046,U054,07/22/2024,Expense,FOOD,2416.0,cash,hyderabad,Internet bill
T8288,U046,23-05-24,Expense,,4142.0,Bank_Transfer,hyderabad,Books
T11144,U009,01/28/2024,Income,Salary,45299.0,CARD,Unknown,...
T10512,U075,2022-05-16,Expense,Educaton,999999.0,Bank_Transfer,Pune,Shopping
T7739,U041,23-07-23,Expense,health,3002.0,bank transfer,mumbai,Lunch
T5745,U107,03/08/2021,Expense,Rent,16470.0,Cash,Delhi,Uber ride
T4888,U106,11/24/2022,Expense,Foods,4250.0,UPi,Mumbai,No Notes
T7389,U092,07/12/2023,Income,Bonus,18838.0,upi,KOLKATA,!!!
T12050,U072,2024-11-06,Expense,Educaton,6177.0,Bank Transfr,Pune,Restaurant dinner
T0271,U006,2024-01-07,Expense,Fod,2415.0,Csh,KOLKATA,Medicine
T3543,U041,2021-10-03,Income,Salary,18526.0,csh,Pune,misc
T10904,U138,09/03/2024,Expense,Fod,5401.0,upi,lucknow,Shopping
T2115,U054,06-03-23,Expense,entertainment,6311.0,card,Delhi,No Notes
T2123,U109,2021-03-04,Expense,Other,2227.0,Bank_Transfer,bangalore,ATM withdrawal
T2925,U040,02/14/2022,Expense,Utlities,4950.0,Bank_Transfer,Unknown,No Notes
T7657,U043,03-01-22,Income,Freelance,456937.0,CRD,PUN,...
T13973,U006,04/08/2022,Expense,education,5481.0,,LUC,asdfgh
T7378,U107,30-08-23,Expense,Utility,133.0,Cash,Mumbai,Uber ride
T1529,U093,03-01-21,Expense,Foods,4830.0,CARD,LUC,No Notes
T8020,U129,03-01-2021,Expense,Travl,3534.0,Bank Transfr,Ahmedabad,Petrol
T3375,U036,2023-03-30,Expense,Saving,5453.0,bank transfer,KOL,Electricity bill
T11238,U044,06/24/2024,Expense,RENT,1701.0,Bank Transfr,jaipur,Doctor consultation
T7967,U085,27-12-21,Expense,,1975.0,Bank_Transfer,Unknown,Electricity bill
T0495,U092,2024-02-14,Expense,RENT,9134.0,Upi,Bangalore,Gym membership
T7494,U038,2021-07-10,Expense,Traval,6065.0,BankTransfer,LUC,No Notes
T2770,U001,2024-02-11,Income,Salary,49068.0,Csh,mumbai,Lunch
T7402,U132,25-06-24,Expense,Rnt,824.0,Bank Transfr,Delhi,Grocery shopping
T5501,U127,04/26/2024,Expense,rent,8519.0,CARD,Unknown,Electricity bill
T2782,U140,10/07/2024,Expense,Entrtnmnt,7385.0,bank transfer,MUMBAI,No Notes
T1190,U011,08/29/2021,Expense,RENT,1392.0,BankTransfer,hyderabad,Lunch
T7572,U118,2023-02-11,Expense,Educaton,1917.0,upi,Hyderabad,Monthly rent payment
T10349,U148,2022-01-02,Expense,Entertain,5387.0,Bank_Transfer,Unknown,EMI payment
T2176,U072,2024-11-10,Expense,FOOD,8768.0,Upi,Unknown,misc
T0745,U145,2024-11-17,Expense,Utilities,7185.0,Cash,kolkata,ATM withdrawal
T0275,U147,02-10-2022,Expense,entertainment,9619.0,upi,bangalore,Petrol
T4106,U026,02/05/2024,Income,Salary,13819.0,card,LUC,...
T1532,U096,2024-10-17,Expense,Utilities,999999.0,Card,Unknown,Coffee
T2769,U132,31-07-2023,Expense,rent,8812.0,Csh,Mumbai,Coffee
T3103,U100,08/11/2023,Expense,Misc,3935.0,Bank_Transfer,CHENNAI,Shopping
T12791,U150,25-02-2023,Expense,TRAVEL,8070.0,bank transfer,Pune,Uber ride
T13509,U009,09/13/2022,Income,Others,13243.0,Bank_Transfer,PUNE,Doctor consultation
T8938,U006,09/02/2021,Income,Freelance,54332.0,CARD,kolkata,xyz123
T8256,U062,2024-01-06,Expense,Foods,2417.0,BankTransfer,KOL,Doctor consultation
T7008,U128,2023-04-29,Expense,Rentt,42939.0,Csh,MUM,No Notes
T0484,U095,05/26/2022,Expense,Rnt,7778.0,CRD,delhi,EMI payment
T13583,U043,09-02-2021,Expense,Health,2707.0,Bank_Transfer,HYD,Movie tickets
T4687,U135,01-04-21,Expense,Food,4632.0,Bank_Transfer,pune,ATM withdrawal
T8337,U113,2023-11-08,Expense,RENT,678.0,UPI,MUMBAI,Grocery shopping
T13560,U096,2022-01-30,Expense,FOOD,3518.0,Csh,hyderabad,Monthly rent payment
T8362,U025,01/05/2023,Expense,TRAVEL,806.0,CARD,Lucknow,Uber ride
T7294,U093,2021-05-10,Income,Investment,26841.0,,Unknown,Monthly rent payment
T12737,U048,2024-11-16,Expense,Rent,43922.0,Csh,MUM,No Notes
T10841,U129,26-12-24,Expense,Utility,2053.0,Crd,Lucknow,No Notes
T13843,U140,2021-06-14,Expense,Health,8863.0,UPI,jaipur,Electricity bill
T13835,U034,08/23/2021,Expense,utilities,5816.0,csh,Hyderabad,Fixed deposit
T0975,U078,2023-02-11,Expense,utilities,2024.0,Bank Transfr,hyderabad,No Notes
T4141,U074,2023-02-18,Expense,Foods,3409.0,UPi,JAI,Gym membership
T3665,U099,2024-01-21,Expense,RENT,6474.0,card,Delhi,Medicine
T12352,U148,03/19/2022,Expense,Education,2243.0,Csh,DEL,Uber ride
T10085,U015,03/20/2022,Income,Salary,72341.0,CRD,Unknown,Internet bill
T7869,U126,2022-10-17,Expense,Education,976.0,UPi,JAI,Internet bill
T4255,U135,2021-12-13,Expense,Education,6137.0,upi,CHE,Lunch
T7929,U075,17-08-2021,Expense,food,4220.0,Bank Transfer,Lucknow,xyz123
T13990,U093,26-01-23,Expense,Food,4242.0,upi,Unknown,Uber ride
T13928,U078,01/10/2023,Expense,FOOD,8085.0,csh,Lucknow,No Notes
T8547,U118,10-08-22,Expense,rent,8401.0,Bank Transfr,jaipur,Monthly rent payment
T5408,U062,2022-04-16,Expense,Travel,146.0,CASH,KOL,Books
T6437,U094,11/09/2023,Income,Others,23923.0,CASH,kolkata,misc
T3204,U044,2024-01-25,Expense,Fod,3890.0,Bank Transfr,KOLKATA,xyz123
T11683,U095,08/25/2022,Income,Salary,42254.0,upi,AHMEDABAD,No Notes
T11638,U120,2021-04-27,Expense,Entertainment,6460.0,bank transfer,JAIPUR,No Notes
T12748,U149,29-04-22,Expense,Educaton,2624.0,csh,Delhi,Electricity bill
T3910,U063,11/26/2023,Expense,Entertain,2984.0,BankTransfer,KOL,misc
T8758,U148,10/13/2024,Expense,Entrtnmnt,9460.0,UPI,BAN,Medicine
T10974,U104,09/13/2022,Expense,rent,7301.0,cash,Chennai,Internet bill
T6054,U100,2024-06-30,Expense,Foods,2445.0,UPi,KOL,No Notes
T10242,U073,21-09-23,Expense,Rnt,8375.0,BankTransfer,KOLKATA,Coffee
T6026,U065,05-03-23,Expense,travel,5047.0,Bank_Transfer,PUNE,!!!
T11643,U139,11-11-23,Expense,Helth,1518.0,bank transfer,Delhi,test
T13956,U069,02-09-22,Income,Others,36762.0,Bank_Transfer,Pune,EMI payment
T1495,U016,27-06-2023,Expense,Utility,3318.0,Csh,chennai,Train ticket
T9881,U066,2021-03-12,Expense,Traval,6441.0,upi,Unknown,Restaurant dinner
T6518,U012,13-07-21,Expense,food,9840.0,Bank_Transfer,PUN,Grocery shopping
T11805,U136,2021-09-08,Expense,SAVINGS,5331.0,Bank Transfr,pune,asdfgh
T1666,U080,2022-08-19,Expense,Food,3346.0,Cash,BAN,Train ticket
T4912,U128,2022-04-07,Expense,FOOD,4096.0,cash,Ahmedabad,test
T4502,U048,07-01-23,Expense,Travel,8217.0,Bank Transfr,JAIPUR,No Notes
T1229,U044,23-10-24,Expense,Rnt,4568.0,Bank Transfer,JAI,Lunch
T5867,U115,09-03-2022,Income,Others,29727.0,Csh,LUC,Shopping
T12604,U062,01/27/2021,Expense,Food,4575.0,Cash,DEL,No Notes
T1108,U026,2022-01-08,Expense,rent,4670.0,Cash,MUM,EMI payment
T9457,U140,07/25/2023,Expense,Utility,2238.0,Card,LUC,ATM withdrawal
T12949,U066,2022-09-11,Income,Freelance,60178.0,Card,Bangalore,Train ticket
T5481,U075,05/15/2021,Income,,30618.0,csh,KOL,Doctor consultation
T5043,U114,03/25/2022,Expense,Fod,668.0,Crd,Delhi,Petrol
T9705,U031,08-10-21,Expense,Education,4213.0,Card,bangalore,Online course
T12110,U002,2022-05-21,Expense,savings,8005.0,,KOLKATA,Coffee
T5341,U057,2023-04-07,Expense,TRAVEL,8784.0,Bank_Transfer,Unknown,Fixed deposit
T8525,U053,01/24/2023,Expense,Entertainment,211.0,,Delhi,xyz123
T7528,U124,09-06-2022,Expense,Fod,6729.0,,Unknown,EMI payment
T10188,U149,08/26/2023,Expense,Rent,10381.0,csh,hyderabad,Lunch
T3887,U090,2021-02-17,Income,Bonus,72923.0,BankTransfer,lucknow,Electricity bill
T6807,U125,06/13/2022,Expense,Foodd,4259.0,Card,kolkata,xyz123
T6676,U026,06/27/2022,Expense,Foodd,4655.0,Card,Unknown,!!!
T4775,U134,2024-02-10,Expense,food,4592.0,card,Kolkata,ATM withdrawal
T7750,U092,16-10-23,Expense,Utilties,6869.0,UPi,Unknown,Coffee
T2037,U073,2024-06-26,Expense,health,2126.0,BankTransfer,MUM,...
T0139,U064,03/08/2021,Expense,FOOD,2023.0,UPi,Bangalore,Books
T3684,U078,24-07-2024,Expense,Rent,19693.0,bank transfer,HYDERABAD,Train ticket
T3916,U113,13-12-22,Expense,RENT,1798.0,BankTransfer,delhi,test
T6597,U060,22-01-22,Expense,entertainment,5048.0,Crd,Delhi,Coffee
T5625,U095,10/06/2022,Expense,Entertain,6609.0,Card,Jaipur,Online course
T1464,U023,2024-01-18,Expense,Fod,9650.0,,LUCKNOW,No Notes
T4703,U052,09/18/2023,Expense,education,4922.0,Upi,MUM,Fixed deposit
T5873,U017,2024-02-06,Expense,travel,5566.0,Csh,LUC,test
T0043,U069,12/25/2021,Expense,savings,7241.0,UPi,DELHI,Petrol
T10884,U066,2022-03-22,Expense,,630.0,CARD,chennai,Gym membership
T0408,U147,2024-12-19,Expense,Rent,45547.0,CARD,mumbai,Restaurant dinner
T8109,U145,2022-11-29,Expense,RENT,8193.0,CASH,LUC,No Notes
T4642,U102,05-12-2023,Expense,Food,934.0,Card,AHMEDABAD,!!!
T13571,U120,2021-01-28,Expense,Fod,3006.0,card,PUNE,xyz123
T5277,U074,09-09-23,Expense,Rent,19981.0,,Bangalore,Electricity bill
T3839,U087,24-10-24,Expense,travel,5212.0,UPi,HYDERABAD,Gym membership
T2657,U034,2021-06-27,Expense,rent,6714.0,BankTransfer,chennai,Online course
T6823,U028,2024-03-19,Expense,,8664.0,UPI,chennai,test
T13501,U099,05/30/2023,Income,Others,36899.0,Bank Transfer,chennai,Grocery shopping
T4098,U063,06-02-24,Expense,Foodd,4387.0,UPi,Kolkata,Movie tickets
T8850,U140,2023-08-03,Expense,Utilties,3794.0,CARD,Hyderabad,Monthly rent payment
T7551,U094,2021-08-27,Expense,entertainment,1358.0,csh,DELHI,Petrol
T6577,U144,07/04/2024,Income,Bonus,62215.0,CARD,Chennai,Gym membership
T1930,U115,07/16/2023,Expense,Foods,1154.0,Crd,Ahmedabad,No Notes
T6546,U149,06/28/2022,Expense,Travl,2772.0,Upi,mumbai,No Notes
T0107,U093,05/08/2021,Expense,Educaton,4933.0,Bank Transfr,LUCKNOW,misc
T3315,U138,2023-09-06,Expense,Utlities,5585.0,CASH,HYD,EMI payment
T2519,U136,2021-12-03,Expense,RENT,8689.0,CRD,LUC,test
T9367,U118,2021-02-01,Income,Investment,51266.0,CRD,mumbai,Shopping
T11062,U077,23-03-23,Expense,Utilities,7938.0,Crd,Delhi,test
T10807,U107,10/28/2024,Income,Freelance,74952.0,Cash,Chennai,ATM withdrawal
T11181,U012,01-09-2024,Expense,Travl,8033.0,UPI,JAIPUR,No Notes
T0883,U079,09/08/2021,Expense,Rnt,6540.0,Upi,AHM,Restaurant dinner
T1838,U008,2022-02-07,Income,Salary,47094.0,cash,kolkata,Restaurant dinner
T13786,U090,2023-05-29,Expense,,8500.0,Card,Unknown,Online course
T6311,U062,09-07-24,Expense,travel,6887.0,CARD,chennai,Train ticket
T10585,U126,2022-02-17,Expense,health,126.0,CASH,Unknown,Doctor consultation
T4850,U016,2021-02-09,Expense,,4687.0,CASH,HYD,Gym membership
T6892,U090,09/23/2023,Expense,Foods,4060.0,csh,CHENNAI,No Notes
T11236,U001,05/16/2021,Expense,Travel,8186.0,Upi,BAN,Grocery shopping
T0778,U107,18-05-2022,Income,Investment,60666.0,csh,Jaipur,No Notes
T9411,U127,2022-09-03,Expense,Fod,5253.0,CASH,pune,Monthly rent payment
T9806,U004,2023-05-10,Expense,Rnt,1034.0,bank transfer,CHENNAI,Coffee
T4932,U119,01/06/2021,Expense,Rnt,1212.0,cash,DELHI,...
T13376,U044,07/20/2021,Expense,Entertain,7303.0,,mumbai,ATM withdrawal
T13027,U033,25-02-23,Expense,Rnt,1817.0,upi,Chennai,Coffee
T8018,U139,07/20/2024,Income,Salary,35930.0,Card,MUM,Monthly rent payment
T6866,U036,02/07/2024,Expense,Traval,3928.0,CARD,Unknown,Train ticket
T2927,U045,2024-01-04,Expense,savings,7012.0,,BAN,Petrol
T6471,U007,2024-09-16,Income,Others,59046.0,Bank_Transfer,BANGALORE,Internet bill
T5412,U016,20-08-24,Expense,Foods,365.0,upi,JAIPUR,Internet bill
T0938,U141,2024-02-09,Expense,Utility,6463.0,Bank_Transfer,Lucknow,Restaurant dinner
T7808,U005,2023-08-12,Expense,travel,9875.0,upi,LUCKNOW,Restaurant dinner
T0079,U102,2022-04-28,Expense,Educaton,5593.0,Bank Transfr,AHMEDABAD,asdfgh
T7665,U089,2024-01-11,Expense,Rnt,5391.0,Card,MUMBAI,No Notes
T5289,U092,29-05-23,Income,Freelance,73186.0,cash,Unknown,No Notes
T13534,U063,03/19/2022,Expense,SAVINGS,3762.0,UPI,Ahmedabad,Grocery shopping
T7796,U027,2023-05-10,Expense,Entertain,5174.0,,Unknown,No Notes
T4203,U141,2022-09-28,Expense,Entrtnmnt,6631.0,Upi,Ahmedabad,Gym membership
T12857,U021,2022-07-05,Expense,Utilties,2478.0,Bank Transfr,mumbai,Books
T5188,U092,2022-09-27,Expense,Education,1013.0,Crd,KOLKATA,Uber ride
T4755,U014,08/19/2022,Expense,EDU,2624.0,Crd,Hyderabad,No Notes
T1379,U072,03/23/2022,Expense,RENT,4561.0,UPI,Kolkata,No Notes
T2705,U079,10/15/2024,Expense,Entertainment,6924.0,Crd,CHENNAI,Internet bill
T3967,U134,2023-04-13,Expense,entertainment,6150.0,BankTransfer,PUNE,No Notes
T11679,U149,2023-01-24,Expense,EDU,3622.0,csh,JAIPUR,Coffee
T9554,U098,04-12-2022,Expense,education,6419.0,UPI,KOL,Medicine
T13941,U026,2023-03-26,Expense,food,6497.0,cash,DELHI,...
T4360,U010,21-02-24,Expense,Rentt,48825.0,CASH,AHMEDABAD,No Notes
T2998,U021,08/16/2024,Expense,Savings,8701.0,Cash,AHM,Books
T6200,U086,2024-10-27,Expense,OTHERS,9188.0,Bank Transfer,LUC,No Notes
T10967,U097,03/27/2021,Expense,FOOD,4615.0,Cash,HYDERABAD,EMI payment
T8259,U041,12/26/2022,Expense,rent,827.0,Bank Transfer,PUN,asdfgh
T11788,U023,2022-05-28,Income,Others,47491.0,CRD,AHM,No Notes
T2278,U067,2024-02-12,Expense,TRAVEL,7841.0,Card,Pune,No Notes
T1999,U121,2023-07-31,Expense,Rent,20997.0,Crd,chennai,No Notes
T13060,U133,31-03-24,Expense,Utlities,8580.0,Csh,bangalore,No Notes
T9680,U062,05-08-2021,Expense,Foods,1160.0,,Pune,Electricity bill
T6541,U044,02-02-2021,Expense,Utility,4219.0,Bank_Transfer,Chennai,Electricity bill
T13157,U043,2022-04-17,Income,Salary,65727.0,CASH,Chennai,Books
T11991,U115,15-01-24,Expense,FOOD,5578.0,UPI,HYDERABAD,No Notes
T5601,U146,03-08-2021,Expense,travel,2968.0,,PUNE,Electricity bill
T8045,U004,10/17/2021,Expense,Food,3642.0,Card,LUCKNOW,Shopping
T4989,U096,2023-04-08,Expense,Traval,1587.0,Bank Transfer,HYD,Movie tickets
T0483,U044,2023-03-09,Expense,Entertain,2190.0,card,kolkata,Electricity bill
T10798,U081,2022-06-08,Expense,Food,4765.0,card,Bangalore,Shopping
T12825,U078,2022-03-28,Expense,utilities,3953.0,UPi,CHE,No Notes
T7925,U047,03/04/2023,Expense,Food,1792.0,csh,LUC,Grocery shopping
T7052,U018,10/20/2022,Expense,Other,3878.0,Upi,MUMBAI,Doctor consultation
T6726,U117,10-02-23,Expense,Traval,2893.0,UPi,Ahmedabad,No Notes
T7456,U047,2024-10-26,Expense,Education,2641.0,CASH,Chennai,Online course
T12334,U148,2024-06-22,Expense,Education,5353.0,CRD,PUN,Fixed deposit
T5792,U055,2023-10-30,Expense,Rnt,9088.0,Bank_Transfer,DELHI,Petrol
T4011,U123,17-11-21,Expense,Education,1393.0,upi,HYD,Lunch
T13391,U002,18-06-22,Expense,Food,4693.0,Upi,Ahmedabad,Doctor consultation
T4678,U063,2021-10-02,Expense,food,4283.0,Bank Transfer,Mumbai,Books
T7747,U043,05/21/2021,Income,Others,36097.0,BankTransfer,MUMBAI,Restaurant dinner
T12648,U075,2023-11-27,Expense,Fod,5756.0,Crd,CHE,Medicine
T4983,U097,10/30/2022,Expense,Foodd,3158.0,Cash,ahmedabad,Shopping
T1971,U098,08-12-21,Expense,food,9126.0,Cash,Jaipur,!!!
T12362,U046,01/17/2024,Income,Investment,76415.0,card,KOLKATA,Uber ride
T5634,U111,05/26/2023,Expense,Entrtnmnt,1551.0,upi,ahmedabad,No Notes
T2529,U144,2022-06-23,Expense,Traval,4502.0,bank transfer,Bangalore,xyz123
T10898,U055,18-08-21,Expense,Fod,999999.0,BankTransfer,lucknow,Shopping
T7145,U019,13-04-21,Expense,Educaton,7459.0,upi,LUC,No Notes
T7559,U006,02-12-23,Expense,Rent,43120.0,CRD,hyderabad,Medicine
T0480,U066,23-08-2024,Expense,travel,2446.0,CRD,Jaipur,Petrol
T8641,U140,30-06-21,Expense,Fod,9065.0,Cash,DEL,Online course
T10087,U013,08-07-23,Income,Salary,14034.0,Cash,mumbai,...
T0250,U117,26-07-24,Expense,Educaton,7991.0,UPi,KOL,Grocery shopping
T4284,U058,2022-04-07,Income,Others,15675.0,UPi,PUNE,Grocery shopping
T10444,U136,11-10-2021,Expense,TRAVEL,4396.0,Bank Transfer,BAN,xyz123
T1948,U064,04/05/2023,Expense,Food,3310.0,UPI,BANGALORE,Internet bill
T5324,U112,2022-11-17,Expense,Entertain,2512.0,,jaipur,Monthly rent payment
T12939,U076,09/15/2024,Expense,utilities,9049.0,CRD,pune,No Notes
T2562,U068,2021-10-22,Expense,Fod,999999.0,,HYD,No Notes
T13773,U131,07/22/2024,Expense,Fod,3740.0,Card,LUC,Gym membership
T3719,U043,08-12-24,Expense,Entertain,5186.0,upi,LUCKNOW,No Notes
T10316,U138,25-04-22,Expense,health,973.0,upi,JAI,Lunch
T0525,U082,16-05-24,Expense,Travl,3596.0,bank transfer,BAN,Online course
T12450,U114,22-08-22,Income,Investment,55694.0,cash,MUMBAI,Restaurant dinner
T9678,U088,29-09-23,Expense,Foodd,3241.0,,Unknown,Online course
T12108,U009,08/10/2023,Expense,Rent,21830.0,csh,jaipur,Movie tickets
T11010,U086,23-04-2023,Expense,Educaton,6774.0,bank transfer,hyderabad,Train ticket
T3333,U045,2024-12-31,Income,Others,21061.0,upi,delhi,Grocery shopping
T3585,U002,13-12-2023,Expense,Food,1631.0,UPI,HYDERABAD,No Notes
T12481,U119,08/16/2021,Expense,,7877.0,Bank Transfr,AHMEDABAD,!!!
T6227,U039,01-02-23,Expense,Utlities,1483.0,bank transfer,AHMEDABAD,Online course
T11091,U038,05/23/2024,Income,Freelance,48282.0,CASH,DEL,Petrol
T10206,U097,09/03/2023,Expense,food,1889.0,bank transfer,LUC,asdfgh
T11586,U137,04/10/2022,Expense,Utlities,1560.0,CRD,KOLKATA,Electricity bill
T13045,U102,28-11-2024,Expense,utilities,5321.0,upi,Lucknow,Train ticket
T7249,U080,2023-05-17,Expense,Fod,7894.0,Upi,PUN,No Notes
T11522,U065,2024-03-28,Expense,rent,9679.0,CASH,BAN,Internet bill
T6208,U133,2024-03-04,Expense,HEALTH,4062.0,,ahmedabad,No Notes
T7833,U045,2024-04-16,Expense,rent,5967.0,Bank Transfr,Chennai,asdfgh
T7489,U033,2023-12-07,Expense,Entertain,6317.0,Upi,Hyderabad,Train ticket
T2638,U014,08/06/2022,Expense,Fod,5605.0,CRD,LUCKNOW,No Notes
T0855,U043,06/10/2021,Expense,Rnt,8509.0,UPi,chennai,asdfgh
T13469,U031,12-07-2021,Expense,Traval,7846.0,Card,Mumbai,EMI payment
T10750,U058,2021-10-16,Income,,33713.0,Csh,Unknown,No Notes
T12531,U069,09-09-23,Income,Salary,31075.0,UPi,AHM,Uber ride
T0929,U016,05/18/2021,Expense,Travel,3284.0,CRD,Jaipur,Shopping
T10881,U056,2023-08-09,Expense,RENT,3958.0,Csh,HYDERABAD,No Notes
T9138,U050,28-09-2023,Expense,EDU,9596.0,Csh,HYD,Uber ride
T11628,U100,28-06-23,Expense,Education,7510.0,cash,Ahmedabad,xyz123
T11086,U068,2024-09-21,Expense,Entertain,9794.0,Crd,JAIPUR,asdfgh
T7783,U096,10/11/2024,Expense,,4924.0,Upi,Jaipur,!!!
T13167,U035,2023-12-02,Expense,Traval,3965.0,CARD,PUNE,misc
T5730,U043,2021-05-26,Expense,Fod,3422.0,CRD,JAI,Movie tickets
T9172,U141,06/02/2022,Expense,Foodd,1256.0,bank transfer,mumbai,asdfgh
T7703,U030,2023-03-28,Expense,Food,2753.0,BankTransfer,delhi,No Notes
T6352,U139,02/05/2023,Expense,savings,9372.0,UPI,PUNE,Gym membership
T3011,U140,2023-03-18,Income,Freelance,77128.0,Csh,DEL,xyz123
T11133,U057,2022-04-30,Expense,Misc,1676.0,UPi,MUMBAI,No Notes
T6654,U038,05/16/2024,Expense,Utility,3271.0,UPi,ahmedabad,Coffee
T10456,U080,2023-12-18,Expense,Travl,3045.0,csh,DEL,No Notes
T12698,U113,07-04-23,Expense,entertainment,7648.0,UPi,DEL,Lunch
T5644,U074,28-07-22,Expense,Foodd,1633.0,Bank_Transfer,JAI,No Notes
T12777,U023,2021-08-25,Expense,Education,990.0,BankTransfer,pune,Internet bill
T8193,U048,2021-04-25,Expense,Rent,12794.0,,KOL,Petrol
T5383,U001,10/04/2021,Expense,Food,1891.0,Csh,MUMBAI,Lunch
T2889,U097,08/23/2024,Expense,Utilties,7211.0,CASH,Unknown,Online course
T2331,U052,2021-09-29,Expense,FOOD,7008.0,cash,Unknown,No Notes
T2394,U131,2024-04-13,Expense,Educaton,4796.0,Csh,Pune,Books
T13085,U148,29-04-22,Expense,Travl,9540.0,Crd,pune,Restaurant dinner
T2934,U058,04/01/2022,Expense,Utilities,8851.0,UPI,LUCKNOW,ATM withdrawal
T12837,U145,11-04-21,Expense,TRAVEL,627.0,CASH,Bangalore,!!!
T8251,U101,02/03/2022,Expense,entertainment,5802.0,card,Pune,No Notes
T2505,U112,06/19/2024,Expense,Foods,1833.0,Bank Transfer,LUC,ATM withdrawal
T11258,U103,2022-03-20,Expense,Rnt,9454.0,UPi,MUMBAI,No Notes
T6733,U115,12/11/2022,Expense,savings,7849.0,Csh,Chennai,Internet bill
T1679,U003,12-11-22,Income,Freelance,54627.0,Crd,HYDERABAD,Uber ride
T8365,U068,2022-09-20,Expense,Utilities,6901.0,upi,hyderabad,Grocery shopping
T13953,U130,09-06-24,Expense,,5376.0,Csh,Unknown,No Notes
T9456,U146,05-12-24,Income,Freelance,53218.0,cash,bangalore,No Notes
T6282,U053,09/09/2023,Expense,food,7327.0,upi,PUN,Medicine
T9745,U105,05/28/2023,Income,Others,65899.0,CRD,Lucknow,Train ticket
T5103,U053,10-09-24,Expense,Food,3688.0,upi,delhi,No Notes
T9851,U150,15-05-23,Income,Investment,69950.0,Bank_Transfer,HYDERABAD,...
T13162,U057,2022-02-24,Expense,Traval,652.0,Bank Transfer,Kolkata,No Notes
T5229,U102,20-07-24,Expense,OTHERS,9515.0,CASH,Unknown,Monthly rent payment
T6571,U132,2021-09-03,Expense,education,268.0,upi,AHMEDABAD,No Notes
T3286,U072,07/14/2021,Expense,Utility,6920.0,,BANGALORE,Coffee
T4457,U018,12/22/2024,Expense,rent,4371.0,Card,BAN,misc
T12842,U005,2021-01-06,Expense,Rnt,7762.0,cash,BAN,Medicine
T3061,U140,2021-04-18,Income,Freelance,73105.0,card,KOLKATA,Monthly rent payment
T2630,U110,11-06-22,Expense,FOOD,9832.0,Upi,MUM,Medicine
T9905,U107,26-04-2022,Expense,health,5300.0,Cash,KOL,Coffee
T4447,U026,2024-04-25,Expense,Foodd,3646.0,cash,CHE,xyz123
T13142,U125,10/30/2024,Income,Bonus,79488.0,Csh,Lucknow,Online course
T0300,U055,2023-08-31,Expense,RENT,2627.0,Cash,bangalore,No Notes
T13915,U022,2021-07-01,Income,Bonus,32634.0,,Unknown,Grocery shopping
T3379,U094,2023-04-22,Expense,Rent,30379.0,Bank_Transfer,Unknown,Coffee
T0444,U119,2021-05-20,Expense,Rnt,4673.0,,KOLKATA,Restaurant dinner
T10011,U137,2024-09-04,Expense,Foodd,1771.0,CARD,delhi,test
T10977,U075,2024-06-17,Income,Others,67153.0,Bank Transfer,PUN,EMI payment
T6209,U052,09/26/2024,Expense,RENT,6319.0,Csh,Unknown,No Notes
T12799,U150,09-07-2023,Expense,Utlities,1924.0,,Unknown,Online course
T13885,U125,07/10/2024,Expense,SAVINGS,4061.0,CASH,PUNE,Grocery shopping
T6470,U023,03/10/2022,Expense,Entertainment,6172.0,,kolkata,Online course
T9774,U100,2021-07-26,Expense,Rent,6837.0,csh,AHMEDABAD,No Notes
T8032,U064,2024-12-17,Expense,travel,4856.0,csh,bangalore,No Notes
T6039,U015,2024-06-05,Expense,utilities,5394.0,csh,jaipur,Electricity bill
T13738,U107,2023-03-07,Expense,Traval,9050.0,Cash,KOL,...
T13035,U051,02/05/2022,Expense,Educaton,1140.0,csh,PUN,Medicine
T7617,U033,2024-12-05,Expense,Rent,29543.0,Bank Transfer,Jaipur,Petrol
T2628,U011,2023-10-07,Expense,Fod,4311.0,Upi,HYDERABAD,No Notes
T10372,U066,2022-06-11,Expense,food,2247.0,cash,AHM,Uber ride
T6240,U123,05-06-2023,Expense,Entertainment,9644.0,Upi,Hyderabad,misc
T2660,U062,09/09/2023,Expense,Travl,6893.0,bank transfer,Hyderabad,Lunch
T10399,U131,30-12-24,Expense,Utlities,9468.0,Card,Mumbai,No Notes
T2050,U055,2021-09-24,Expense,EDU,3488.0,Bank_Transfer,Mumbai,No Notes
T11356,U039,2022-01-08,Expense,Utility,9948.0,Csh,kolkata,EMI payment
T9923,U090,16-07-2021,Expense,Utilities,4918.0,Crd,Delhi,xyz123
T4849,U028,06/01/2023,Expense,,1125.0,upi,kolkata,...
T6110,U081,02/17/2022,Expense,Travel,3244.0,CASH,KOL,Monthly rent payment
T9275,U067,2023-12-01,Expense,Rent,16368.0,UPi,Chennai,Gym membership
T0685,U093,09/23/2024,Expense,Rent,23363.0,UPi,Kolkata,No Notes
T9870,U012,04/07/2021,Expense,health,2976.0,Bank_Transfer,BAN,EMI payment
T0534,U101,08-07-2024,Expense,food,999999.0,csh,delhi,xyz123
T9506,U033,06-06-21,Expense,Foodd,611.0,Bank_Transfer,chennai,Lunch
T7002,U134,29-03-23,Expense,RENT,9778.0,CASH,BANGALORE,No Notes
T4917,U044,2022-02-03,Expense,Travl,5889.0,Bank Transfr,Hyderabad,No Notes
T0825,U091,2024-10-08,Income,Investment,29391.0,bank transfer,Delhi,Shopping
T2876,U056,2022-01-26,Expense,Foodd,3202.0,Card,Mumbai,No Notes
T3725,U077,09/13/2021,Expense,Utility,1252.0,CARD,KOLKATA,No Notes
T5060,U074,2021-04-16,Expense,utilities,6224.0,UPI,Hyderabad,Fixed deposit
T0837,U033,09-12-2023,Expense,FOOD,8248.0,CASH,LUC,Books
T7074,U145,09/10/2024,Income,Others,71745.0,UPI,Chennai,Internet bill
T12151,U037,03/21/2024,Expense,Travel,6045.0,Cash,hyderabad,...
T12053,U070,24-03-21,Expense,Travel,9775.0,UPI,Ahmedabad,Petrol
T12085,U032,04/30/2022,Expense,Utlities,6914.0,CRD,kolkata,No Notes
T12213,U033,2021-10-08,Expense,Educaton,3305.0,cash,Pune,Medicine
T7538,U121,23-05-24,Expense,Utilties,5347.0,CRD,lucknow,Petrol
T5389,U096,2023-09-30,Expense,FOOD,2847.0,UPi,Bangalore,xyz123
T13735,U078,17-12-21,Expense,utilities,999999.0,Card,DELHI,Lunch
T13986,U026,03-10-21,Expense,Education,1149.0,card,ahmedabad,misc
T2879,U063,05-08-2023,Expense,EDU,8520.0,Bank Transfr,delhi,No Notes
T9351,U149,2024-07-07,Expense,,317.0,,PUNE,No Notes
T4857,U119,23-03-2021,Expense,Utility,6354.0,csh,bangalore,No Notes
T13657,U041,25-12-21,Expense,Travel,7437.0,Bank Transfer,HYDERABAD,test
T10471,U070,08/30/2022,Expense,Food,92.0,Upi,Chennai,Online course
T3138,U004,21-06-24,Expense,Rentt,21746.0,bank transfer,AHM,Movie tickets
T1302,U091,2023-05-27,Expense,rent,6142.0,Upi,CHENNAI,Internet bill
T9109,U014,2023-01-31,Expense,Rent,35978.0,cash,Unknown,ATM withdrawal
T3618,U036,2022-05-20,Expense,Foods,2051.0,card,chennai,asdfgh
T8694,U067,27-03-22,Expense,entertainment,8733.0,Card,pune,Movie tickets
T5076,U061,01/18/2021,Expense,Health,3900.0,Upi,DEL,ATM withdrawal
T12706,U016,07-07-2021,Expense,TRAVEL,7370.0,Bank Transfer,Kolkata,EMI payment
T13318,U008,2024-02-11,Expense,FOOD,2814.0,Csh,BAN,Train ticket
T10703,U089,13-09-23,Expense,Rnt,5862.0,upi,Mumbai,xyz123
T2047,U126,2022-11-28,Income,Salary,22865.0,csh,Unknown,No Notes
T4201,U148,10/01/2023,Expense,Health,4654.0,BankTransfer,Unknown,Movie tickets
T2588,U122,12-11-22,Expense,entertainment,5792.0,Card,hyderabad,Shopping
T6359,U004,01-01-21,Expense,Food,2939.0,Bank Transfr,MUMBAI,No Notes
T10810,U072,29-12-22,Expense,travel,8751.0,BankTransfer,JAIPUR,Books
T13019,U018,06-12-2022,Expense,Foods,1650.0,bank transfer,Jaipur,No Notes
T10777,U005,23-06-2021,Expense,utilities,5744.0,Crd,HYD,asdfgh
T7804,U118,2024-05-02,Income,Investment,20996.0,BankTransfer,Chennai,Electricity bill
T8057,U067,2021-07-31,Expense,,1631.0,CRD,Unknown,Electricity bill
T0333,U134,04/24/2023,Expense,HEALTH,8786.0,CRD,Kolkata,Gym membership
T6235,U020,07/10/2024,Expense,Utlities,6781.0,Bank Transfr,JAI,No Notes
T6184,U126,2023-07-11,Expense,rent,8358.0,,delhi,Electricity bill
T2169,U148,06/04/2024,Expense,Utility,6989.0,csh,ahmedabad,Movie tickets
T5547,U112,10-12-2023,Expense,Fod,8612.0,Csh,Unknown,Shopping
T11984,U132,08/13/2023,Expense,food,3568.0,CARD,lucknow,test
T9075,U133,2021-05-05,Expense,RENT,4181.0,UPi,jaipur,Uber ride
T2312,U059,2023-01-07,Expense,Traval,3721.0,CASH,LUCKNOW,Monthly rent payment
T11858,U110,19-06-2024,Expense,entertainment,9871.0,csh,JAIPUR,Uber ride
T10937,U022,05/07/2021,Expense,Food,697.0,CRD,LUC,Grocery shopping
T6941,U097,12/09/2023,Expense,Health,5924.0,BankTransfer,Chennai,No Notes
T0159,U070,2022-02-20,Expense,Savings,7735.0,CARD,Kolkata,Restaurant dinner
T10084,U089,2023-08-14,Income,Bonus,12254.0,Upi,Lucknow,Train ticket
T1700,U067,03/18/2022,Expense,,6000.0,Card,pune,test
T4913,U068,2023-08-06,Expense,Utility,6595.0,CARD,PUNE,Medicine
T1545,U081,05/19/2021,Expense,Travl,1498.0,BankTransfer,Unknown,Shopping
T0995,U088,2022-07-11,Income,Others,52079.0,Card,Mumbai,Fixed deposit
T12322,U027,10/07/2022,Expense,education,423.0,CRD,lucknow,ATM withdrawal
T3370,U013,08/02/2024,Expense,Rentt,40988.0,upi,AHM,Doctor consultation
T9982,U041,2024-05-29,Expense,Education,1446.0,,DEL,ATM withdrawal
T5538,U007,2023-08-10,Income,Bonus,63645.0,,KOL,Movie tickets
T7437,U130,29-12-22,Expense,FOOD,9752.0,,Ahmedabad,asdfgh
T2579,U008,10/28/2024,Income,Investment,23182.0,CARD,Hyderabad,misc
T3266,U113,23-10-24,Expense,Travel,592.0,upi,PUN,No Notes
T0237,U132,07-01-24,Expense,FOOD,4085.0,Bank_Transfer,AHMEDABAD,Restaurant dinner
T7360,U002,05-11-2022,Expense,FOOD,7063.0,Card,Unknown,No Notes
T2224,U081,2021-09-25,Expense,FOOD,3335.0,CASH,HYD,test
T1819,U118,2021-11-13,Expense,Saving,5516.0,card,hyderabad,Coffee
T6698,U117,2023-04-20,Expense,Fod,9476.0,Crd,AHMEDABAD,Electricity bill
T7972,U107,26-07-2022,Expense,education,4921.0,,BAN,test
T0431,U150,2022-03-01,Expense,Rnt,7063.0,Upi,Bangalore,Online course
T12526,U020,04/13/2023,Expense,HEALTH,6022.0,Bank Transfer,HYD,Fixed deposit
T1289,U128,2023-02-15,Expense,Food,1794.0,Upi,CHENNAI,Online course
T5126,U099,03-06-23,Expense,Educaton,3827.0,cash,KOL,asdfgh
T11948,U084,26-04-2023,Expense,Rentt,47325.0,UPI,Chennai,Restaurant dinner
T0303,U021,2024-06-03,Expense,Education,8934.0,UPI,Jaipur,No Notes
T4408,U090,2023-04-30,Expense,Utility,314.0,CRD,Delhi,!!!
T8565,U066,2021-07-11,Expense,Entertainment,3384.0,CARD,CHE,No Notes
T10485,U149,08/11/2023,Expense,Education,9407.0,csh,Bangalore,Internet bill
T4247,U118,08/12/2021,Expense,food,1582.0,CASH,LUCKNOW,No Notes
T3496,U139,2021-07-23,Expense,Food,4399.0,Bank Transfer,MUM,!!!
T0998,U049,11/16/2023,Expense,Utilties,2471.0,Csh,Pune,Lunch
T6389,U055,30-12-24,Expense,Educaton,6968.0,,BANGALORE,Shopping
T7364,U138,2022-06-09,Expense,Foodd,1062.0,,KOL,No Notes
T9875,U130,2021-09-28,Expense,RENT,8910.0,CRD,Unknown,Fixed deposit
T8658,U036,12/26/2024,Expense,rent,2265.0,CRD,HYDERABAD,Petrol
T8312,U079,26-10-2023,Expense,utilities,9365.0,CASH,Pune,Internet bill
T12616,U086,03/31/2024,Expense,FOOD,2034.0,Bank_Transfer,kolkata,Train ticket
T7045,U022,2023-10-21,Expense,utilities,384.0,CRD,BANGALORE,ATM withdrawal
T8215,U115,2024-09-16,Expense,Fod,9138.0,card,LUCKNOW,EMI payment
T3418,U052,11/13/2023,Expense,Utility,2617.0,Csh,BANGALORE,Petrol
T12084,U021,10/11/2022,Income,Others,46727.0,bank transfer,Kolkata,Petrol
T8761,U002,09/05/2023,Expense,utilities,5085.0,csh,Lucknow,No Notes
T12977,U084,2021-03-14,Expense,Entertain,367.0,Bank Transfer,CHENNAI,Coffee
T6406,U079,06-01-2024,Expense,Travel,5813.0,Card,AHM,!!!
T10660,U081,08/12/2021,Expense,Health,2527.0,CARD,mumbai,Internet bill
T8760,U020,2024-12-05,Expense,travel,2329.0,upi,HYD,EMI payment
T12747,U066,2022-07-05,Income,Salary,13928.0,CRD,Mumbai,Books
T11472,U116,28-01-23,Expense,Travel,5618.0,BankTransfer,Kolkata,Movie tickets
T11371,U092,01/01/2023,Expense,TRAVEL,1267.0,upi,JAI,Fixed deposit
T13491,U150,04-07-2023,Expense,Utilities,9794.0,Bank_Transfer,jaipur,No Notes
T11762,U002,2024-09-21,Expense,TRAVEL,7550.0,Upi,HYD,Train ticket
T5279,U135,29-06-21,Expense,Rent,19022.0,upi,Bangalore,Online course
T7650,U117,2023-01-27,Expense,Fod,2779.0,upi,ahmedabad,Electricity bill
T11288,U067,10/25/2021,Expense,Utility,9612.0,csh,delhi,Shopping
T10803,U109,2023-06-14,Income,Bonus,12315.0,Card,Unknown,Gym membership
T4767,U045,14-03-24,Expense,food,2913.0,bank transfer,HYD,!!!
T2477,U121,09/28/2024,Expense,Rent,30637.0,card,KOLKATA,Petrol
T11048,U112,07/08/2023,Expense,travel,1537.0,cash,Hyderabad,No Notes
T11688,U090,2022-05-17,Expense,Rnt,6365.0,CRD,AHMEDABAD,Fixed deposit
T0649,U052,2021-06-16,Expense,FOOD,3918.0,CARD,AHM,Train ticket
T5905,U123,08/05/2024,Expense,Entertainment,974.0,upi,lucknow,No Notes
T5703,U055,2023-11-09,Expense,food,7845.0,Csh,lucknow,Lunch
T12013,U091,08/20/2021,Expense,Education,4398.0,Card,AHMEDABAD,xyz123
T5182,U056,2021-04-16,Expense,Savings,7320.0,bank transfer,MUMBAI,ATM withdrawal
T12874,U124,2023-02-15,Expense,entertainment,5791.0,,CHENNAI,EMI payment
T3398,U015,2023-08-07,Expense,Rnt,2997.0,,Unknown,Doctor consultation
T11997,U097,2022-01-12,Expense,Traval,5732.0,CRD,Mumbai,Grocery shopping
T11068,U092,07-02-24,Expense,Entrtnmnt,9937.0,CASH,Hyderabad,Online course
T4183,U021,10/05/2021,Expense,Rnt,2548.0,UPI,BAN,...
T10379,U040,2024-12-21,Expense,Utility,6183.0,csh,Delhi,Electricity bill
T12946,U080,2023-03-14,Expense,utilities,419.0,UPI,CHENNAI,EMI payment
T4909,U025,13-10-22,Expense,RENT,4971.0,cash,kolkata,Lunch
T1880,U039,2024-10-06,Expense,Entrtnmnt,5107.0,CASH,lucknow,No Notes
T11756,U026,2023-10-22,Expense,FOOD,1532.0,Crd,CHE,No Notes
T12784,U117,09/21/2021,Expense,entertainment,8083.0,Bank_Transfer,Jaipur,Online course
T9873,U122,21-01-24,Expense,food,5182.0,Bank Transfr,Unknown,EMI payment
T11306,U041,05/19/2023,Income,Others,77757.0,bank transfer,mumbai,Uber ride
T1041,U078,06/16/2023,Expense,Travel,9853.0,Upi,Delhi,Medicine
T6351,U098,2023-02-18,Expense,Fod,2673.0,upi,Jaipur,Monthly rent payment
T4674,U120,2023-03-14,Expense,RENT,7073.0,csh,bangalore,No Notes
T3757,U009,2023-10-01,Expense,rent,7602.0,bank transfer,delhi,Gym membership
T9503,U025,2022-03-28,Expense,Foods,4633.0,Bank Transfr,Unknown,Fixed deposit
T5897,U068,27-10-2022,Expense,Travl,6703.0,card,Chennai,test
T4733,U063,2021-01-19,Expense,,7401.0,Cash,DELHI,No Notes
T5143,U031,2021-04-20,Income,Investment,48926.0,CARD,Delhi,No Notes
T5965,U072,08-11-24,Expense,Traval,2009.0,Crd,jaipur,misc
T4035,U088,2024-10-18,Expense,food,7355.0,upi,DEL,No Notes
T13048,U119,18-08-23,Expense,Food,951.0,BankTransfer,Chennai,test
T10808,U064,2021-08-20,Expense,Travel,6878.0,CARD,DELHI,No Notes
T6265,U088,23-12-24,Expense,Rent,28798.0,UPi,DEL,Coffee
T5413,U024,2024-12-11,Expense,Rent,9497.0,upi,AHMEDABAD,test
T13507,U083,20-08-2022,Expense,Utility,7665.0,Cash,Bangalore,Internet bill
T10564,U043,2021-05-21,Income,Others,51678.0,,BANGALORE,Lunch
T1021,U117,2021-02-13,Expense,utilities,5351.0,Bank Transfr,Mumbai,Medicine
T13408,U061,2024-09-15,Expense,Rent,37160.0,card,Lucknow,No Notes
T0284,U127,04/20/2024,Expense,Rentt,21037.0,Card,MUM,No Notes
T13160,U089,28-05-2024,Income,Investment,71268.0,Csh,HYD,Monthly rent payment
T10274,U111,2022-03-17,Expense,Traval,7111.0,Cash,Delhi,EMI payment
T6322,U143,2022-03-08,Expense,Entrtnmnt,3570.0,Bank_Transfer,KOL,Uber ride
T9423,U087,07-02-21,Expense,Travl,418.0,Bank Transfr,MUMBAI,Petrol
T2190,U101,29-12-2023,Expense,Foods,2853.0,CARD,Mumbai,Uber ride
T2513,U027,08/15/2022,Expense,utilities,2650.0,upi,Bangalore,Shopping
T6621,U025,2022-12-29,Expense,entertainment,2292.0,Csh,Ahmedabad,No Notes
T10497,U093,13-02-22,Expense,Foods,1550.0,upi,KOL,ATM withdrawal
T9781,U043,04-01-24,Income,Freelance,36773.0,card,lucknow,Shopping
T11660,U009,28-11-23,Expense,FOOD,4374.0,UPi,Bangalore,Doctor consultation
T2030,U091,03-09-21,Expense,Education,4776.0,upi,Lucknow,test
T2013,U041,2021-05-01,Expense,FOOD,8197.0,CASH,bangalore,asdfgh
T1451,U040,02/21/2021,Income,Others,44657.0,Crd,jaipur,xyz123
T10830,U107,2024-03-21,Expense,Utilties,9814.0,CASH,LUCKNOW,No Notes
T13929,U090,2022-11-26,Expense,Rentt,6677.0,bank transfer,Ahmedabad,Uber ride
T9131,U009,05/14/2021,Expense,FOOD,9023.0,Upi,KOLKATA,Doctor consultation
T13122,U138,10/23/2022,Expense,Foodd,2627.0,CASH,lucknow,Medicine
T1232,U103,05/03/2022,Expense,Entertainment,5567.0,cash,JAIPUR,xyz123
T10320,U143,01/21/2023,Expense,Entertainment,6372.0,Crd,MUMBAI,Petrol
T0957,U004,2024-03-31,Expense,Travel,7119.0,UPI,Unknown,Movie tickets
T3366,U133,2023-04-23,Expense,rent,7647.0,UPi,CHE,test
T4475,U139,2023-05-17,Expense,Food,4373.0,Crd,Unknown,asdfgh
T5288,U123,24-04-22,Expense,travel,9850.0,CRD,PUN,EMI payment
T11026,U040,11/21/2024,Expense,Education,8525.0,UPI,Unknown,Movie tickets
T0889,U023,02/23/2023,Expense,Food,311.0,Bank Transfr,LUC,Books
T4932,U113,02-04-21,Expense,Rnt,9098.0,Bank Transfr,pune,Lunch
T5158,U021,2022-08-04,Expense,Fod,8183.0,CARD,Chennai,Internet bill
T2473,U102,01/23/2024,Expense,SAVINGS,6543.0,CRD,BAN,Fixed deposit
T3766,U077,2024-05-22,Expense,RENT,1215.0,Crd,MUM,...
T8101,U059,2021-07-21,Expense,RENT,3888.0,cash,KOLKATA,No Notes
T9118,U142,2022-07-28,Expense,Food,2130.0,CRD,LUCKNOW,No Notes
T12176,U130,2023-12-17,Expense,Fod,6016.0,Bank Transfer,Chennai,No Notes
T11053,U049,10/10/2022,Income,Others,55080.0,csh,Unknown,Gym membership
T7405,U092,11/16/2022,Expense,RENT,8481.0,,AHMEDABAD,asdfgh
T0576,U019,10-05-24,Income,Others,15471.0,CRD,KOL,Gym membership
T7663,U062,2023-12-15,Expense,food,7971.0,BankTransfer,BANGALORE,No Notes
T3456,U005,05/16/2023,Expense,Utilties,580.0,CASH,JAI,misc
T2672,U072,2021-09-04,Expense,Fod,5083.0,upi,Delhi,Train ticket
T3796,U131,29-04-22,Expense,RENT,5189.0,UPI,bangalore,test
T1796,U103,12/11/2022,Expense,Rnt,1258.0,UPI,Kolkata,Lunch
T0392,U076,11-03-2023,Expense,Foods,3919.0,UPI,Bangalore,Train ticket
T3934,U070,2024-02-15,Expense,Utilities,114.0,csh,ahmedabad,Train ticket
T11730,U128,2023-02-11,Expense,food,3287.0,Cash,chennai,ATM withdrawal
T3569,U130,2022-10-24,Expense,TRAVEL,7211.0,Cash,JAI,Gym membership
T3124,U081,14-02-21,Expense,Travel,8513.0,upi,Jaipur,Online course
T7590,U070,2024-01-17,Expense,Traval,1134.0,,jaipur,No Notes
T13398,U059,12/25/2022,Expense,RENT,5725.0,Card,DELHI,Coffee
T8678,U055,11-06-21,Expense,Foodd,4996.0,BankTransfer,pune,misc
T6073,U104,2023-11-27,Expense,Foodd,79.0,UPi,bangalore,asdfgh
T7162,U079,2022-10-08,Expense,travel,7244.0,cash,Lucknow,No Notes
T6925,U077,2021-01-06,Income,Bonus,49741.0,card,kolkata,Gym membership
T12378,U134,13-09-23,Expense,Rentt,12302.0,Csh,Jaipur,ATM withdrawal
T3783,U020,16-12-2023,Expense,Traval,5857.0,Crd,Pune,Movie tickets
T6673,U031,04/08/2022,Expense,travel,1226.0,Upi,DELHI,Fixed deposit
T11158,U127,2024-03-11,Income,Bonus,37975.0,Card,DEL,...
T8984,U073,2022-09-22,Expense,Rent,29405.0,bank transfer,ahmedabad,Electricity bill
T2608,U084,2023-03-17,Expense,food,3746.0,Upi,MUM,Books
T2574,U089,15-12-2022,Expense,travel,9113.0,Card,MUMBAI,Doctor consultation
T5882,U139,2021-01-17,Income,Bonus,37741.0,UPI,Bangalore,Monthly rent payment
T10232,U068,2022-08-23,Income,Others,55339.0,Bank Transfer,AHMEDABAD,Shopping
T8925,U067,2024-12-02,Expense,education,7002.0,BankTransfer,Ahmedabad,xyz123
T9407,U072,2021-01-23,Expense,Travel,3681.0,UPi,pune,Online course
T7103,U020,12/17/2021,Expense,Rent,26210.0,CRD,KOLKATA,Grocery shopping
T0211,U082,01/12/2022,Expense,Entertain,3724.0,upi,LUC,No Notes
T3215,U126,01/01/2024,Expense,Educaton,4235.0,UPi,Pune,No Notes
T13776,U131,2024-11-12,Income,Bonus,17251.0,upi,Unknown,asdfgh
T11938,U041,29-06-24,Expense,Rnt,8438.0,UPI,Bangalore,Petrol
T6641,U110,05/28/2022,Expense,Entertain,3030.0,UPi,chennai,Fixed deposit
T7307,U074,2023-01-02,Expense,travel,8150.0,upi,Unknown,Coffee
T8000,U140,13-02-22,Expense,Travel,7282.0,UPI,lucknow,No Notes
T5116,U083,06-08-2024,Expense,rent,9055.0,upi,ahmedabad,Restaurant dinner
T3219,U128,2021-02-03,Expense,Utlities,1095.0,CASH,Bangalore,Coffee
T11879,U134,10/26/2021,Expense,Rnt,8046.0,Bank Transfr,LUC,Restaurant dinner
T11466,U112,12/26/2021,Expense,rent,999999.0,bank transfer,delhi,Monthly rent payment
T2909,U087,03-11-2024,Expense,EDU,7718.0,bank transfer,chennai,Online course
T8935,U061,2024-01-06,Income,Bonus,42468.0,Bank Transfr,Unknown,Lunch
T13483,U104,06/03/2022,Income,Investment,72645.0,card,Hyderabad,Restaurant dinner
T0468,U030,2021-08-17,Expense,Utilities,2187.0,Csh,Unknown,xyz123
T9499,U053,23-07-2023,Expense,Entertainment,3574.0,Csh,lucknow,misc
T7361,U059,2022-05-23,Expense,RENT,9302.0,CARD,Hyderabad,Electricity bill
T8164,U029,11-10-21,Expense,Food,1999.0,cash,DEL,Doctor consultation
T2020,U086,10/01/2021,Expense,Food,2899.0,,BANGALORE,misc
T11563,U073,01/09/2023,Expense,savings,6288.0,Bank Transfr,MUMBAI,ATM withdrawal
T3661,U063,2023-07-23,Expense,Entrtnmnt,511.0,Bank Transfr,CHE,Internet bill
T4134,U136,09/22/2021,Expense,Utilties,5459.0,Cash,Bangalore,ATM withdrawal
T8219,U011,27-08-23,Expense,health,6802.0,CASH,jaipur,Lunch
T13260,U063,2023-02-27,Expense,Rentt,48417.0,Upi,HYDERABAD,Doctor consultation
T3919,U014,17-06-2022,Expense,Food,1838.0,Crd,Pune,test
T11186,U001,08-05-2022,Expense,Helth,7834.0,csh,CHENNAI,Uber ride
T9163,U042,2023-03-07,Expense,Rentt,22748.0,CRD,LUCKNOW,No Notes
T9139,U021,2023-04-15,Expense,travel,3917.0,Crd,Pune,Restaurant dinner
T6284,U134,2021-10-20,Expense,Entertain,3438.0,,HYDERABAD,asdfgh
T3756,U042,30-07-24,Expense,travel,8184.0,UPi,AHM,!!!
T13920,U089,24-12-2022,Expense,Travl,4770.0,csh,chennai,Coffee
T0748,U089,30-10-21,Expense,Fod,7173.0,UPi,JAIPUR,Petrol
T3035,U106,10/02/2022,Expense,Entertain,1534.0,,CHE,Medicine
T7761,U060,05/07/2022,Expense,Utility,5420.0,CARD,ahmedabad,xyz123
T2544,U110,16-10-21,Expense,rent,1167.0,Bank_Transfer,Ahmedabad,No Notes
T9121,U089,16-02-21,Expense,Rnt,1385.0,UPi,KOLKATA,No Notes
T3190,U051,09/12/2021,Income,Investment,15232.0,upi,BAN,Gym membership
T13858,U021,15-02-22,Expense,SAVINGS,7667.0,card,MUM,!!!
T5300,U023,2021-12-13,Expense,Utlities,2342.0,csh,LUCKNOW,Coffee
T5085,U141,2021-12-12,Expense,entertainment,8622.0,csh,Kolkata,Doctor consultation
T11266,U009,2022-03-30,Expense,Travel,1745.0,Cash,Lucknow,asdfgh
T9641,U116,05/24/2021,Expense,,5112.0,BankTransfer,KOLKATA,Train ticket
T9448,U014,2022-01-06,Expense,Rentt,45085.0,upi,MUMBAI,Grocery shopping
T12372,U135,04/24/2022,Expense,Entertain,3329.0,UPi,Chennai,ATM withdrawal
T8221,U094,23-12-23,Income,Bonus,39550.0,Csh,Bangalore,...
T2675,U076,08/07/2024,Expense,Rnt,4483.0,CASH,mumbai,No Notes
T1549,U021,08/24/2021,Expense,rent,2933.0,CASH,CHE,No Notes
T7850,U149,08/27/2021,Expense,Foodd,4853.0,Upi,PUNE,Medicine
T4980,U101,23-03-21,Expense,Entrtnmnt,565.0,UPI,DEL,Grocery shopping
T11668,U143,2021-03-18,Expense,Food,231.0,Upi,jaipur,Uber ride
T6735,U128,2022-05-03,Expense,Entertain,5138.0,CARD,MUM,Train ticket
T10148,U119,17-03-24,Expense,Savings,4714.0,upi,kolkata,No Notes
T7832,U021,02/24/2024,Expense,Misc,2366.0,Bank Transfer,kolkata,No Notes
T11140,U095,01/26/2023,Expense,Foodd,2691.0,card,HYD,Restaurant dinner
T9699,U023,05/11/2024,Expense,Travel,9738.0,Csh,HYDERABAD,Petrol
T7512,U059,05/12/2023,Expense,food,5526.0,CRD,Kolkata,misc
T6567,U148,10/16/2022,Expense,rent,3622.0,CARD,jaipur,No Notes
T13668,U115,08-07-24,Expense,Fod,7530.0,CRD,Mumbai,test
T0311,U068,05/23/2021,Income,Freelance,66525.0,bank transfer,Delhi,Doctor consultation
T0221,U020,08-02-21,Expense,Entertain,3585.0,Bank Transfr,CHENNAI,ATM withdrawal
T6837,U025,10/24/2021,Expense,Travel,3269.0,Csh,BANGALORE,Doctor consultation
T9760,U074,2024-01-31,Expense,Rnt,4198.0,UPI,KOL,No Notes
T1391,U123,2021-01-17,Expense,utilities,3532.0,bank transfer,Unknown,Restaurant dinner
T13660,U089,14-07-2023,Expense,Entertain,6693.0,CASH,delhi,Petrol
T12824,U088,2022-03-17,Expense,Rentt,25754.0,BankTransfer,DEL,Uber ride
T8552,U060,08-02-24,Expense,food,8506.0,cash,Chennai,ATM withdrawal
T12766,U130,05/10/2021,Expense,Rentt,16536.0,UPI,LUC,Movie tickets
T0452,U014,17-10-2021,Expense,Fod,3448.0,upi,CHE,...
T5699,U018,01-06-24,Expense,FOOD,1349.0,Crd,MUMBAI,Coffee
T5015,U042,12/23/2024,Expense,Rent,44296.0,UPi,DEL,Electricity bill
T7715,U150,03/01/2021,Expense,Utlities,3605.0,card,bangalore,Uber ride
T7646,U038,2024-08-30,Expense,TRAVEL,2825.0,card,chennai,EMI payment
T8108,U110,07/21/2024,Expense,Rent,15069.0,cash,Unknown,Fixed deposit
T5284,U138,13-06-2021,Expense,Entertain,8804.0,Card,HYDERABAD,Books
T6744,U003,2023-05-14,Income,Investment,57294.0,Cash,MUM,Internet bill
T2076,U149,22-11-23,Income,Others,75351.0,UPI,MUM,ATM withdrawal
T9885,U064,02/02/2023,Income,Others,76388.0,CASH,jaipur,Movie tickets
T13328,U098,2022-02-28,Income,Others,19017.0,BankTransfer,lucknow,Doctor consultation
T5535,U086,02/18/2021,Expense,health,862.0,card,KOL,Books
T5895,U057,04/25/2021,Expense,entertainment,8894.0,,MUMBAI,ATM withdrawal
T1186,U101,05/25/2022,Expense,Entertain,144.0,Csh,KOL,Restaurant dinner
T7488,U134,2021-05-24,Expense,Foodd,1350.0,bank transfer,Ahmedabad,EMI payment
T6907,U086,05/05/2022,Expense,FOOD,6816.0,Crd,CHE,Restaurant dinner
T2216,U071,2022-06-01,Expense,TRAVEL,3803.0,BankTransfer,MUMBAI,EMI payment
T4253,U132,13-10-21,Expense,Rentt,43348.0,Cash,PUNE,...
T0456,U010,2021-09-12,Expense,EDU,5811.0,CASH,CHE,Internet bill
T11617,U082,2024-03-11,Expense,Traval,3319.0,Bank Transfer,MUM,ATM withdrawal
T3777,U134,2022-01-10,Expense,Rent,20778.0,bank transfer,KOLKATA,No Notes
T10744,U045,12-02-2023,Expense,Foodd,1067.0,card,Chennai,Movie tickets
T7030,U010,08-08-23,Income,Investment,13588.0,CRD,HYDERABAD,test
T13780,U016,10/27/2023,Income,,56655.0,,Kolkata,Coffee
T10763,U126,24-07-2021,Expense,Traval,3973.0,csh,Chennai,Movie tickets
T0249,U034,2021-12-16,Expense,Utlities,7754.0,Bank Transfr,JAIPUR,Train ticket
T6589,U031,2023-11-20,Expense,entertainment,9869.0,card,Hyderabad,Medicine
T9391,U085,2023-11-26,Income,Bonus,75385.0,Crd,pune,test
T2632,U086,2022-03-24,Expense,Foodd,4341.0,UPi,KOL,Shopping
T0368,U042,2024-07-17,Expense,Food,706.0,bank transfer,DELHI,Petrol
T8666,U085,2023-09-23,Expense,FOOD,6456.0,Card,kolkata,Doctor consultation
T5998,U023,29-11-22,Expense,Utility,8457.0,CARD,pune,Online course
T3297,U093,04-10-21,Expense,Rentt,13209.0,Csh,CHE,test
T13451,U049,05/10/2021,Expense,Foodd,2695.0,Bank_Transfer,JAIPUR,Lunch
T0056,U076,25-11-22,Expense,Utilties,6611.0,Bank Transfer,DEL,No Notes
T11475,U121,2023-09-10,Expense,Education,4266.0,card,PUN,Movie tickets
T8519,U035,17-11-21,Expense,TRAVEL,2432.0,cash,AHM,!!!
T2525,U004,2024-02-21,Income,Bonus,35494.0,Csh,Lucknow,Train ticket
T9905,U058,23-02-22,Expense,Entrtnmnt,2996.0,CASH,mumbai,Petrol
T4337,U099,04/14/2021,Expense,Utilities,4652.0,CARD,Kolkata,Electricity bill
T12746,U101,22-09-22,Expense,Rnt,3724.0,Bank_Transfer,mumbai,Movie tickets
T1804,U017,05/27/2024,Income,Freelance,46713.0,bank transfer,chennai,EMI payment
T13760,U003,17-03-21,Expense,EDU,1900.0,upi,KOLKATA,Fixed deposit
T11392,U026,2024-03-02,Expense,rent,999999.0,Crd,Ahmedabad,No Notes
T0526,U071,03-09-22,Expense,savings,4350.0,bank transfer,KOL,Petrol
T13077,U136,2024-04-17,Expense,food,7341.0,UPi,KOL,Electricity bill
T7540,U128,30-11-21,Income,Salary,44884.0,cash,MUM,Internet bill
T5821,U123,26-10-24,Expense,Utilties,2285.0,CARD,Delhi,No Notes
T9310,U090,16-05-21,Expense,HEALTH,9335.0,cash,CHE,No Notes
T6644,U013,15-09-22,Expense,Foodd,3083.0,CRD,Ahmedabad,No Notes
T7399,U076,2024-11-30,Expense,Rentt,49775.0,CRD,Unknown,Gym membership
T13213,U132,12/19/2021,Income,Freelance,40669.0,CARD,mumbai,Fixed deposit
T13432,U148,11-04-23,Expense,Rentt,8349.0,Bank Transfer,bangalore,Internet bill
T12634,U021,04-03-2024,Expense,RENT,2994.0,UPI,delhi,Gym membership
T4286,U012,2021-07-22,Expense,Food,1504.0,Card,Lucknow,!!!
T11698,U076,02/23/2021,Expense,Rentt,37902.0,Cash,Kolkata,Doctor consultation
T10006,U070,14-03-24,Expense,Food,184.0,Cash,Pune,Books
T4606,U124,09/18/2023,Expense,Rentt,49978.0,Csh,delhi,...
T12723,U087,2022-03-30,Income,Salary,39198.0,Bank Transfer,delhi,No Notes
T12577,U015,09/25/2023,Income,Salary,66045.0,Upi,PUN,Books
T3942,U059,2022-04-28,Income,Freelance,20997.0,Cash,mumbai,No Notes
T11905,U142,2022-04-28,Expense,utilities,8453.0,Csh,JAI,test
T9694,U068,2024-12-30,Income,Bonus,78318.0,bank transfer,JAIPUR,Doctor consultation
T12534,U126,23-02-24,Expense,rent,6587.0,Bank_Transfer,Chennai,Grocery shopping
T0944,U013,2023-03-29,Expense,Other,7626.0,Bank Transfr,JAI,No Notes
T4375,U034,06/17/2022,Expense,SAVINGS,3803.0,UPi,MUM,Online course
T6070,U025,10/14/2023,Expense,savings,426.0,cash,hyderabad,asdfgh
T10916,U017,2022-05-01,Expense,utilities,7939.0,CARD,BAN,No Notes
T8803,U055,13-02-2023,Income,Salary,62389.0,upi,JAIPUR,Train ticket
T4460,U121,2023-02-11,Expense,rent,8287.0,csh,KOL,No Notes
T0771,U104,19-08-22,Expense,Travel,9329.0,CASH,HYD,xyz123
T12860,U087,29-05-23,Expense,Educaton,4616.0,UPI,kolkata,Electricity bill
T9180,U125,17-02-23,Expense,FOOD,1543.0,Bank Transfr,MUMBAI,Gym membership
T9969,U106,12-10-23,Expense,RENT,4422.0,Crd,HYD,EMI payment
T10849,U112,05/28/2021,Expense,RENT,9502.0,card,Unknown,Movie tickets
T9942,U063,15-03-22,Expense,Rnt,8526.0,UPi,Unknown,No Notes
T10965,U043,11/24/2023,Expense,Traval,8367.0,UPi,Lucknow,Train ticket
T0631,U007,2024-05-31,Expense,TRAVEL,9916.0,CARD,chennai,EMI payment
T5794,U029,2021-12-16,Expense,utilities,3097.0,Bank Transfer,DELHI,Doctor consultation
T13547,U042,2021-08-29,Expense,Foodd,1498.0,BankTransfer,PUNE,xyz123
T13437,U065,2023-04-18,Income,Salary,14309.0,,chennai,No Notes
T1830,U028,29-09-21,Income,Salary,37350.0,CARD,ahmedabad,!!!
T13243,U141,06-03-2022,Income,Freelance,66035.0,UPi,CHE,Uber ride
T6302,U072,06/01/2022,Income,Bonus,27979.0,bank transfer,CHE,Doctor consultation
T7816,U041,07-01-21,Expense,Rent,39496.0,Upi,BAN,misc
T4379,U121,03-12-22,Expense,education,5630.0,upi,bangalore,ATM withdrawal
T9140,U135,03-07-2021,Income,Bonus,31633.0,,DELHI,No Notes
T2677,U071,16-04-2021,Expense,Rnt,7241.0,Bank_Transfer,Ahmedabad,No Notes
T4308,U064,21-11-22,Income,Bonus,43910.0,csh,PUN,No Notes
T10809,U020,09/30/2022,Income,Freelance,668369.0,Cash,delhi,!!!
T6053,U147,12/09/2023,Expense,FOOD,9303.0,UPi,PUNE,xyz123
T2682,U001,2022-10-08,Expense,others,9440.0,CRD,PUN,Grocery shopping
T3720,U004,2023-12-03,Expense,health,1794.0,UPi,Kolkata,No Notes
T2207,U052,2021-03-01,Income,Bonus,78925.0,Card,mumbai,Online course
T5145,U101,2022-10-13,Income,Others,79183.0,,HYDERABAD,Fixed deposit
T12418,U069,08-09-2021,Expense,RENT,2254.0,UPi,HYD,Uber ride
T12692,U137,2023-08-30,Expense,Rentt,19429.0,UPi,lucknow,Medicine
T6472,U003,05/29/2024,Expense,Travel,3815.0,BankTransfer,HYDERABAD,Books
T9530,U123,2023-09-19,Expense,Utilties,2939.0,Bank Transfer,KOLKATA,No Notes
T4867,U135,06-09-21,Expense,rent,2449.0,,delhi,Doctor consultation
T8490,U084,24-10-2022,Expense,EDU,2345.0,bank transfer,MUM,!!!
T6703,U091,31-01-2024,Expense,Entertain,1521.0,upi,HYD,No Notes
T2948,U125,2021-04-08,Expense,Rentt,18032.0,Upi,Kolkata,No Notes
T12185,U132,2022-05-22,Expense,Rentt,34555.0,UPI,JAIPUR,Uber ride
T11374,U030,2023-01-19,Expense,Travel,3053.0,Bank Transfr,DELHI,...
T3735,U089,2024-08-13,Expense,rent,999999.0,Upi,BANGALORE,No Notes
T6906,U029,04-09-2022,Expense,Travl,1920.0,UPi,Pune,Shopping
T6179,U067,2024-11-05,Expense,Utlities,3064.0,Upi,mumbai,Shopping
T2813,U113,24-11-2023,Expense,HEALTH,5139.0,UPI,DEL,test
T2304,U114,2024-09-16,Expense,Utilties,8710.0,UPi,PUN,Shopping
T8334,U078,05/29/2024,Expense,Rent,42295.0,CRD,hyderabad,Shopping
T12150,U049,07-07-23,Income,Investment,65257.0,CASH,Delhi,Lunch
T1734,U008,07/12/2023,Expense,Education,2130.0,Bank Transfr,pune,misc
T8937,U057,26-04-21,Expense,Fod,678.0,Bank Transfr,HYDERABAD,No Notes
T5613,U020,2022-12-05,Expense,Travl,6316.0,CRD,Bangalore,ATM withdrawal
T2298,U066,2022-07-05,Expense,EDU,8970.0,,Unknown,Medicine
T9222,U046,16-01-21,Expense,Utility,5585.0,Upi,pune,No Notes
T4439,U089,2023-12-08,Expense,Education,8470.0,Csh,kolkata,Books
T6135,U034,11/30/2023,Expense,EDU,4669.0,Bank Transfer,BAN,No Notes
T10849,U108,2021-08-24,Expense,Fod,4019.0,CARD,AHMEDABAD,Monthly rent payment
T12238,U007,2022-12-25,Expense,Entrtnmnt,9871.0,CRD,delhi,No Notes
T10462,U041,09/04/2021,Expense,HEALTH,9547.0,CARD,BAN,Books
T13104,U001,10/30/2022,Expense,health,702.0,Cash,LUC,Medicine
T4741,U100,25-09-22,Expense,Utilities,6942.0,CASH,chennai,Movie tickets
T0705,U093,2024-06-13,Expense,education,5547.0,UPi,lucknow,Medicine
T5534,U054,28-01-2024,Expense,Foodd,624.0,cash,BANGALORE,No Notes
T6188,U124,2024-01-07,Expense,Entertain,7288.0,Csh,pune,asdfgh
T10548,U053,2024-01-30,Expense,FOOD,9125.0,upi,CHENNAI,Movie tickets
T4468,U068,2021-08-31,Expense,FOOD,7352.0,Bank_Transfer,DEL,No Notes
T11350,U111,2022-11-27,Expense,Utilties,6246.0,CRD,LUC,Doctor consultation
T3699,U065,19-06-23,Expense,Fod,2327.0,BankTransfer,AHMEDABAD,Fixed deposit
T13795,U134,07/25/2022,Expense,FOOD,1567.0,CASH,HYD,Doctor consultation
T9484,U110,10/23/2022,Expense,Foodd,3339.0,CRD,PUN,misc
T1329,U097,2022-10-17,Expense,travel,2446.0,Card,Chennai,Internet bill
T9877,U007,28-02-2021,Expense,RENT,8065.0,CARD,bangalore,No Notes
T9518,U086,05-12-2022,Expense,RENT,2161.0,UPI,Unknown,Restaurant dinner
T12902,U082,02-08-2023,Expense,RENT,7185.0,CARD,PUNE,Books
T7222,U133,2022-01-22,Expense,Food,4925.0,Bank Transfr,chennai,Monthly rent payment
T13441,U102,2024-05-15,Expense,Foods,4961.0,Crd,ahmedabad,Restaurant dinner
T7810,U027,2024-08-21,Income,Bonus,33081.0,UPi,HYDERABAD,Petrol
T1484,U028,10/14/2023,Expense,Foodd,1107.0,,bangalore,No Notes
T7157,U040,18-11-24,Expense,Health,4690.0,Cash,mumbai,test
T2194,U005,20-02-24,Expense,Entertain,8878.0,Cash,Mumbai,...
T10310,U054,2022-07-26,Expense,Utility,1046.0,Csh,MUMBAI,Shopping
T0087,U072,2021-08-21,Expense,Health,4364.0,Bank Transfr,Delhi,asdfgh
T5230,U043,2021-10-01,Income,Investment,20710.0,Bank Transfer,LUCKNOW,asdfgh
T13135,U060,2022-02-03,Expense,FOOD,8823.0,CRD,Chennai,...
T8562,U111,03/06/2021,Expense,Utlities,9103.0,Bank Transfr,HYD,Electricity bill
T12797,U112,05-12-23,Expense,entertainment,4961.0,CARD,HYDERABAD,No Notes
T13079,U115,28-02-23,Expense,Rnt,8754.0,BankTransfer,JAIPUR,Medicine
T0306,U061,17-12-23,Expense,entertainment,2625.0,Bank Transfr,BANGALORE,Books
T10638,U079,2022-08-03,Income,Investment,48000.0,UPi,HYD,No Notes
T11075,U018,2024-09-29,Expense,Foods,3929.0,bank transfer,Kolkata,No Notes
T4007,U109,12-08-24,Expense,Savings,9586.0,Bank_Transfer,Ahmedabad,Petrol
T0185,U073,08/10/2021,Expense,RENT,4378.0,card,CHE,Electricity bill
T4861,U069,2023-02-05,Expense,Utility,3439.0,Bank Transfer,Delhi,No Notes
T8253,U089,05/08/2022,Expense,Utilities,5849.0,Upi,Pune,Medicine
T6876,U030,2024-06-14,Expense,Educaton,5540.0,card,ahmedabad,No Notes
T5658,U117,2022-06-01,Expense,Rnt,2460.0,Bank Transfr,delhi,Lunch
T2357,U082,27-07-22,Income,Salary,38500.0,UPi,chennai,Uber ride
T3220,U114,2021-04-16,Expense,Foodd,1161.0,CASH,chennai,asdfgh
T13808,U098,2024-05-07,Expense,RENT,6140.0,Cash,Unknown,Restaurant dinner
T4868,U001,03-08-21,Expense,FOOD,3595.0,card,Jaipur,Internet bill
T5738,U101,04/11/2021,Expense,Helth,655.0,Crd,chennai,Restaurant dinner
T11655,U129,2021-07-30,Expense,Saving,8549.0,Upi,Kolkata,...
T6650,U106,30-11-24,Expense,Foods,2629.0,Bank_Transfer,CHE,Coffee
T10295,U121,09-07-2024,Income,Others,13867.0,CARD,PUN,Books
T13287,U144,08-12-2023,Income,Freelance,67458.0,CARD,MUMBAI,xyz123
T1637,U104,21-03-2024,Expense,Foodd,2718.0,Bank Transfer,hyderabad,Fixed deposit
T9363,U092,2022-05-11,Expense,Rent,9911.0,Bank Transfer,BANGALORE,Electricity bill
T0473,U124,2021-10-24,Expense,Health,9531.0,BankTransfer,BANGALORE,Electricity bill
T6998,U123,03/20/2022,Expense,Rent,10584.0,Bank Transfer,lucknow,misc
T4984,U095,2024-05-21,Expense,rent,2319.0,Card,Kolkata,Monthly rent payment
T11995,U004,2021-06-27,Expense,Rent,37667.0,Card,Lucknow,Petrol
T8477,U088,03-03-22,Expense,Utlities,962.0,Bank Transfr,AHMEDABAD,Movie tickets
T9529,U006,06/07/2022,Expense,food,693.0,csh,pune,Gym membership
T9938,U102,2024-02-10,Expense,Entrtnmnt,2671.0,Cash,Jaipur,No Notes
T11364,U123,2022-04-18,Expense,FOOD,3783.0,CRD,Chennai,Lunch
T8321,U123,2023-01-28,Expense,Travel,4565.0,UPi,ahmedabad,Doctor consultation
T13412,U049,05/23/2022,Expense,Entertain,863.0,bank transfer,HYD,!!!
T10258,U115,2023-11-16,Expense,Saving,6289.0,csh,Chennai,Restaurant dinner
T9718,U099,05-01-24,Income,Salary,66560.0,Cash,Ahmedabad,Restaurant dinner
T6644,U148,2022-01-31,Income,Others,12787.0,Csh,delhi,Grocery shopping
T1095,U147,2024-09-23,Expense,Entertain,6379.0,BankTransfer,mumbai,!!!
T3313,U109,07/17/2021,Expense,Helth,2480.0,Csh,Hyderabad,Shopping
T11400,U141,09/09/2021,Expense,TRAVEL,3499.0,bank transfer,Delhi,Gym membership
T12191,U079,2021-04-11,Income,Others,25892.0,BankTransfer,Unknown,Electricity bill
T10833,U143,09/28/2023,Expense,rent,5084.0,Crd,Delhi,Shopping
T2383,U079,11/13/2021,Expense,Foodd,1422.0,bank transfer,HYDERABAD,Online course
T0844,U147,07/05/2024,Expense,Entrtnmnt,9935.0,Bank Transfer,KOLKATA,Shopping
T13113,U078,01-12-22,Expense,Traval,1472.0,UPi,DELHI,Lunch
T13380,U007,2021-12-16,Expense,travel,224.0,Upi,Unknown,Petrol
T3053,U119,2022-10-19,Expense,Rentt,17119.0,Cash,Lucknow,Medicine
T9302,U083,12/01/2022,Expense,travel,6634.0,UPI,CHE,Internet bill
T3511,U112,01/06/2023,Expense,TRAVEL,5528.0,cash,Hyderabad,Doctor consultation
T4490,U077,2021-11-14,Income,Investment,79785.0,csh,Unknown,No Notes
T11106,U126,06/02/2023,Income,Investment,65852.0,UPi,HYD,Doctor consultation
T4107,U079,25-03-22,Expense,entertainment,381.0,Cash,Pune,Internet bill
T6678,U053,08-12-21,Expense,Utlities,7129.0,CARD,Pune,misc
T6068,U089,26-03-22,Expense,SAVINGS,6354.0,CASH,kolkata,!!!
T2664,U118,10/05/2021,Expense,utilities,6365.0,CASH,MUM,Internet bill
T0254,U101,2023-08-21,Income,Others,42631.0,Card,DELHI,Books
T4140,U060,2024-02-21,Income,Others,24584.0,UPi,HYD,Online course
T13899,U017,20-01-23,Expense,Utlities,3940.0,UPI,kolkata,Doctor consultation
T4634,U115,2023-09-27,Expense,Foodd,1395.0,Crd,Chennai,Fixed deposit
T13478,U020,10-11-2021,Expense,Rnt,6600.0,Bank_Transfer,chennai,No Notes
T0404,U037,20-09-23,Expense,Fod,3583.0,UPI,PUNE,Restaurant dinner
T5620,U147,2023-01-25,Expense,Rnt,7854.0,Bank Transfr,BAN,Gym membership
T12670,U119,2023-06-25,Expense,FOOD,8477.0,,BAN,Lunch
T3079,U071,05-02-2022,Expense,Travel,7627.0,Card,AHMEDABAD,Grocery shopping
T10508,U100,08/16/2023,Expense,RENT,8970.0,Csh,KOLKATA,ATM withdrawal
T8901,U002,03-09-24,Expense,rent,4649.0,,MUMBAI,...
T11103,U112,13-06-24,Expense,Food,4058.0,card,LUCKNOW,No Notes
T4855,U055,29-12-24,Expense,Utilities,8184.0,Bank_Transfer,lucknow,Lunch
T12527,U131,2021-11-27,Expense,Entertainment,5011.0,CARD,Chennai,asdfgh
T13284,U045,2021-02-19,Expense,Rentt,28005.0,Bank_Transfer,AHMEDABAD,!!!
T12932,U079,06/09/2024,Expense,Rnt,4260.0,CARD,Pune,Restaurant dinner
T5139,U045,27-04-21,Income,Bonus,59798.0,Crd,Jaipur,Restaurant dinner
T7561,U116,01/11/2022,Expense,Saving,5483.0,Crd,hyderabad,No Notes
T11446,U038,2021-01-06,Expense,Fod,9276.0,Bank Transfr,PUNE,Petrol
T0336,U017,13-03-24,Income,Investment,79853.0,Bank Transfer,MUM,No Notes
T0873,U131,05/13/2021,Expense,Entertain,5925.0,upi,Unknown,Lunch
T11516,U056,07/08/2021,Expense,Utilities,9653.0,Card,kolkata,Gym membership
T6513,U094,2024-04-09,Expense,Entertain,4382.0,cash,PUN,No Notes
T10584,U017,2024-04-15,Income,Others,65636.0,CRD,CHENNAI,Electricity bill
T7458,U047,04-06-24,Expense,Travel,1143.0,Cash,CHE,Monthly rent payment
T4866,U107,16-07-2022,Expense,Foods,333.0,Crd,HYDERABAD,No Notes
T1902,U070,06/20/2023,Income,Freelance,43373.0,Csh,JAIPUR,Online course
T10124,U148,05/09/2021,Expense,Traval,571.0,,CHENNAI,Shopping
T7651,U016,05/04/2021,Expense,Utilties,9816.0,card,AHM,Movie tickets
T7412,U047,2022-01-03,Expense,health,4747.0,csh,Unknown,Train ticket
T11131,U121,2022-09-17,Income,Others,49059.0,CRD,jaipur,Petrol
T12117,U048,29-06-24,Expense,Entertain,4821.0,upi,lucknow,Coffee
T0908,U024,2024-09-30,Expense,Foods,2265.0,CARD,pune,No Notes
T12303,U094,08/28/2024,Income,Others,56138.0,bank transfer,Pune,Restaurant dinner
T13030,U090,04/26/2022,Expense,Misc,7650.0,CARD,Delhi,No Notes
T2732,U010,13-09-21,Expense,utilities,8292.0,Csh,DELHI,Books
T11164,U062,01/19/2023,Expense,Rentt,29344.0,CASH,AHM,xyz123
T1718,U088,06/22/2024,Expense,Foodd,359.0,BankTransfer,mumbai,Petrol
T8214,U076,12/14/2023,Expense,RENT,1820.0,Crd,Delhi,Grocery shopping
T9019,U090,05/24/2022,Expense,RENT,4090.0,UPi,PUN,...
T0244,U133,09-10-22,Expense,Fod,1721.0,Bank Transfer,hyderabad,Coffee
T3611,U028,09-10-23,Expense,utilities,946.0,CARD,kolkata,No Notes
T0911,U137,04/12/2022,Income,Investment,79102.0,Bank Transfer,Delhi,Online course
T4617,U134,03-05-2023,Expense,Fod,7330.0,UPi,mumbai,Medicine
T0787,U094,2024-12-04,Expense,food,738.0,,Unknown,Petrol
T8467,U101,23-08-24,Expense,Fod,7118.0,Card,KOL,xyz123
T5040,U150,12/29/2022,Expense,HEALTH,9789.0,,AHM,!!!
T13557,U081,2023-05-26,Expense,FOOD,2243.0,UPi,jaipur,No Notes
T0783,U006,2022-07-12,Expense,Travl,9794.0,Crd,CHENNAI,Internet bill
T13846,U073,23-03-23,Expense,Rentt,6002.0,bank transfer,PUN,asdfgh
T13906,U099,02/08/2023,Expense,rent,6551.0,card,Jaipur,Internet bill
T7658,U095,2021-02-14,Expense,Foodd,1359.0,bank transfer,kolkata,misc
T7594,U130,01/21/2023,Expense,,3997.0,CASH,bangalore,No Notes
T8536,U035,10/11/2024,Expense,Foods,1152.0,csh,DELHI,No Notes
T6857,U031,18-05-23,Expense,others,1535.0,UPi,HYDERABAD,No Notes
T13712,U097,09/08/2022,Expense,rent,2295.0,Cash,Bangalore,misc
T1895,U145,2022-08-18,Income,Freelance,13482.0,BankTransfer,DEL,...
T1936,U041,01/10/2023,Expense,Food,4524.0,csh,lucknow,EMI payment
T12548,U066,10-09-2021,Expense,health,2518.0,,Unknown,Petrol
T6237,U026,2022-05-12,Expense,Fod,1590.0,cash,Pune,No Notes
T5976,U060,2024-10-26,Expense,education,9756.0,CRD,chennai,Train ticket
T10132,U119,2021-02-06,Expense,rent,7740.0,,PUN,No Notes
T4817,U028,2022-01-16,Expense,Utilities,7734.0,Csh,DEL,xyz123
T8384,U133,2022-12-15,Expense,Travl,9818.0,Crd,ahmedabad,Uber ride
T12168,U009,2023-01-30,Expense,Rnt,4039.0,card,jaipur,Coffee
T1402,U062,26-10-23,Expense,Traval,7631.0,CARD,PUNE,No Notes
T13542,U062,01/10/2021,Expense,Rnt,9675.0,,MUMBAI,Doctor consultation
T12070,U009,2021-03-22,Expense,RENT,5519.0,Crd,PUNE,Gym membership
T13933,U088,2023-08-04,Expense,entertainment,8669.0,Bank Transfr,Hyderabad,Books
T11547,U051,01/14/2021,Expense,Foodd,660.0,CASH,JAIPUR,ATM withdrawal
T5928,U102,19-02-2021,Expense,Food,3872.0,Upi,HYD,Fixed deposit
T7598,U032,11/11/2024,Expense,Foodd,2000.0,UPi,AHMEDABAD,Gym membership
T1674,U016,27-04-2024,Expense,travel,1628.0,csh,DEL,Fixed deposit
T0143,U148,21-09-23,Income,Salary,70238.0,CARD,PUN,Medicine
T3717,U005,07-12-22,Expense,Entrtnmnt,1590.0,BankTransfer,lucknow,Coffee
T13886,U041,2022-11-19,Expense,travel,6040.0,UPi,PUNE,No Notes
T11999,U027,2024-08-13,Expense,Utility,8301.0,Cash,LUCKNOW,Petrol
T11268,U077,2023-11-04,Expense,food,731.0,Upi,BAN,!!!
T2288,U052,2021-09-20,Expense,Rnt,7451.0,CASH,Bangalore,asdfgh
T0375,U061,27-12-2022,Income,Bonus,10702.0,UPi,Bangalore,Uber ride
T7718,U013,02/02/2024,Income,Others,24063.0,,DELHI,!!!
T11250,U009,2021-07-11,Expense,Utlities,3209.0,upi,AHMEDABAD,Monthly rent payment
T12316,U113,2022-11-02,Expense,Travel,6984.0,Csh,mumbai,misc
T2556,U075,2024-01-20,Expense,Foodd,2062.0,UPi,Lucknow,Uber ride
T11642,U009,2021-05-05,Expense,Fod,5934.0,card,JAIPUR,Electricity bill
T3436,U135,08/01/2022,Expense,Helth,3444.0,Upi,DEL,No Notes
T2385,U041,01/19/2022,Expense,Utilities,4413.0,CASH,Jaipur,Lunch
T9623,U138,20-11-2021,Expense,rent,9946.0,bank transfer,DELHI,Gym membership
T0504,U097,14-08-21,Expense,Education,1469.0,Cash,hyderabad,Online course
T0966,U121,2024-11-15,Expense,Food,2832.0,Card,Pune,Shopping
T9718,U001,2023-02-21,Expense,Fod,7959.0,CASH,delhi,No Notes
T9490,U063,02-04-2023,Income,Investment,36725.0,Bank Transfr,lucknow,Lunch
T11719,U007,08/06/2023,Expense,RENT,5721.0,CASH,CHE,!!!
T1155,U118,2023-02-08,Expense,food,4300.0,Bank Transfr,Delhi,misc
T10629,U112,27-08-21,Expense,SAVINGS,2114.0,Csh,Mumbai,Online course
T6748,U099,06-03-2022,Expense,Fod,2680.0,BankTransfer,kolkata,ATM withdrawal
T0126,U023,07/09/2023,Expense,Rent,11099.0,Csh,delhi,Internet bill
T5031,U090,10/11/2021,Expense,Foods,4174.0,upi,MUMBAI,Monthly rent payment
T2287,U101,2024-09-17,Expense,food,9997.0,Bank Transfr,Unknown,Coffee
T8052,U058,03/12/2022,Expense,Utilties,485.0,UPI,AHM,Movie tickets
T0198,U008,09/25/2021,Expense,utilities,4386.0,CRD,LUC,Movie tickets
T13577,U100,2023-06-09,Expense,Travel,4899.0,CARD,KOL,Online course
T7427,U002,2022-12-21,Expense,Entertainment,5292.0,bank transfer,delhi,asdfgh
T12870,U044,03/05/2021,Income,Bonus,61203.0,CARD,chennai,Gym membership
T13009,U090,25-06-24,Expense,Rentt,33775.0,Upi,PUN,Shopping
T10013,U123,2024-11-27,Expense,RENT,6060.0,Bank Transfer,Pune,...
T9827,U108,2022-06-06,Expense,Fod,5526.0,CASH,delhi,Uber ride
T0197,U070,13-11-24,Expense,Traval,1060.0,Bank_Transfer,BAN,xyz123
T9666,U127,07/25/2022,Expense,education,1993.0,Cash,Unknown,No Notes
T6478,U135,2021-02-12,Expense,Health,3427.0,Csh,delhi,Restaurant dinner
T6162,U123,2021-07-17,Income,Freelance,31079.0,bank transfer,Mumbai,No Notes
T1403,U068,16-02-2021,Expense,Food,3696.0,Bank Transfr,chennai,Electricity bill
T12019,U123,11/23/2021,Expense,entertainment,399.0,CASH,KOL,Books
T11437,U121,09-08-23,Expense,HEALTH,4264.0,Card,PUNE,No Notes
T6384,U132,2021-02-12,Expense,RENT,6147.0,CRD,Ahmedabad,Monthly rent payment
T2150,U095,2024-09-25,Expense,Health,2955.0,upi,Unknown,Doctor consultation
T1412,U103,25-05-22,Expense,Rnt,6090.0,csh,kolkata,Electricity bill
T10751,U011,09-12-2024,Expense,entertainment,3311.0,UPI,CHE,Internet bill
T3094,U002,30-09-2024,Expense,Others,9135.0,Card,bangalore,Doctor consultation
T10215,U065,2024-01-12,Expense,travel,3962.0,UPI,Unknown,Doctor consultation
T5512,U088,30-03-21,Expense,Utilities,8920.0,UPi,ahmedabad,Electricity bill
T6771,U120,08-02-21,Expense,HEALTH,8533.0,UPi,hyderabad,Fixed deposit
T1754,U092,02/15/2021,Expense,Utlities,6997.0,CARD,AHMEDABAD,Electricity bill
T11335,U081,05/26/2023,Income,Investment,48319.0,UPi,AHMEDABAD,Shopping
T3984,U042,04/20/2024,Income,Salary,15480.0,bank transfer,HYD,Doctor consultation
T5544,U128,2023-11-08,Expense,Rent,35731.0,UPi,Mumbai,xyz123
T3134,U128,06/14/2021,Expense,Educaton,7182.0,bank transfer,AHM,No Notes
T4856,U054,14-08-24,Expense,Food,3522.0,CASH,MUM,!!!
T0462,U134,02/09/2023,Income,Others,66289.0,Upi,HYD,test
T7385,U149,28-12-24,Expense,health,2514.0,CASH,kolkata,Petrol
T8983,U053,2022-03-30,Expense,Food,1064.0,CASH,KOLKATA,Uber ride
T5004,U049,2024-03-09,Expense,Entertain,2283.0,Upi,Jaipur,Medicine
T7315,U030,2021-12-16,Expense,Food,403.0,BankTransfer,ahmedabad,Electricity bill
T10523,U019,04/30/2024,Expense,Foods,999999.0,Bank Transfr,Unknown,Electricity bill
T12236,U008,06/24/2021,Expense,Fod,1915.0,CASH,PUN,Books
T1358,U120,10-03-2023,Income,Others,24620.0,Cash,AHM,Gym membership
T2098,U093,01/19/2021,Expense,Foods,1208.0,csh,jaipur,Train ticket
T10032,U025,20-03-22,Expense,Entrtnmnt,1132.0,Csh,pune,No Notes
T9186,U121,10-08-24,Expense,Traval,4800.0,upi,kolkata,asdfgh
T1089,U074,03-01-24,Expense,Utility,2179.0,csh,KOL,No Notes
T0689,U068,2021-11-25,Expense,food,5810.0,Csh,JAIPUR,Gym membership
T10304,U015,18-09-2022,Expense,EDU,1019.0,Card,Bangalore,test
T9884,U116,01-04-2021,Expense,RENT,7751.0,CARD,PUNE,ATM withdrawal
T3341,U111,2021-09-24,Expense,Rent,6171.0,CARD,KOLKATA,No Notes
T11508,U101,2023-01-05,Expense,Travl,7897.0,Card,HYDERABAD,Monthly rent payment
T8125,U139,01/11/2022,Expense,,5235.0,Cash,Kolkata,xyz123
T2990,U047,2024-12-05,Expense,FOOD,2069.0,Bank Transfr,CHENNAI,Doctor consultation
T2179,U012,2021-01-12,Income,Freelance,30717.0,UPI,PUNE,Doctor consultation
T9057,U017,10/18/2024,Expense,Other,5963.0,Bank Transfr,Lucknow,Uber ride
T0937,U024,06-04-2022,Expense,food,9790.0,,HYD,Medicine
T4777,U043,16-12-21,Expense,RENT,3829.0,csh,JAI,!!!
T2563,U097,2024-06-13,Expense,Food,3988.0,BankTransfer,Hyderabad,Books
T13008,U026,10/27/2021,Expense,Education,8402.0,Card,Pune,Doctor consultation
T10459,U115,2021-09-13,Expense,,6801.0,UPi,JAIPUR,Doctor consultation
T13785,U036,11/26/2021,Expense,Food,2583.0,BankTransfer,mumbai,Monthly rent payment
T2251,U073,03/08/2021,Expense,Rentt,45362.0,Card,AHM,EMI payment
T7209,U081,06/15/2021,Income,Investment,64577.0,UPI,Kolkata,Lunch
T7091,U015,2021-07-22,Expense,HEALTH,3409.0,Csh,Kolkata,No Notes
T1741,U106,06/05/2023,Expense,education,9007.0,upi,pune,...
T4949,U127,2022-06-26,Expense,Helth,3774.0,csh,hyderabad,Train ticket
T3172,U010,26-12-2022,Expense,Foodd,4448.0,csh,Delhi,Movie tickets
T6307,U109,04/06/2021,Income,Freelance,40494.0,Card,pune,Online course
T4303,U129,02/20/2024,Expense,Travl,8159.0,CASH,ahmedabad,No Notes
T10276,U020,15-03-2023,Expense,Food,835.0,Cash,hyderabad,EMI payment
T2683,U143,25-10-2024,Expense,Travel,4279.0,bank transfer,ahmedabad,Internet bill
T5192,U150,16-11-24,Expense,food,3982.0,bank transfer,AHMEDABAD,misc
T13234,U053,2024-12-30,Expense,Entertain,2928.0,Bank Transfer,CHENNAI,Uber ride
T2996,U018,02-09-22,Expense,education,2936.0,Bank Transfr,Ahmedabad,misc
T8323,U084,03-06-2024,Expense,Rent,39890.0,Bank Transfr,hyderabad,EMI payment
T6084,U130,2024-03-16,Expense,Foodd,1537.0,UPI,Jaipur,Online course
T2686,U090,03/20/2023,Income,Others,17415.0,Bank_Transfer,Ahmedabad,Gym membership
T2966,U132,07/01/2024,Expense,Utility,4783.0,Card,Ahmedabad,No Notes
T2011,U106,21-10-2022,Expense,Fod,7660.0,CARD,MUM,No Notes
T2067,U141,2023-10-19,Income,Freelance,51876.0,,PUNE,Monthly rent payment
T7711,U143,05-03-2022,Expense,,3582.0,Upi,DELHI,No Notes
T3997,U014,2022-11-09,Expense,Utilities,9262.0,Upi,Unknown,Gym membership
T10039,U131,03/16/2023,Expense,Food,77.0,Cash,JAI,No Notes
T3791,U146,10-10-2023,Expense,Education,4995.0,Cash,chennai,Doctor consultation
T5806,U011,2022-03-22,Expense,Foods,1844.0,cash,JAI,ATM withdrawal
T1616,U079,11/30/2021,Income,Bonus,59787.0,upi,Lucknow,Movie tickets
T12230,U022,2021-08-16,Expense,Others,539.0,upi,KOL,Gym membership
T3373,U019,02-10-22,Expense,Utlities,3929.0,UPi,AHMEDABAD,...
T3301,U144,16-05-23,Expense,,8458.0,csh,CHE,Books
T1633,U076,23-06-2021,Expense,Foods,2947.0,Cash,Delhi,asdfgh
T5622,U124,2022-04-28,Income,Freelance,24178.0,cash,LUC,Lunch
T9085,U119,29-05-22,Expense,food,9879.0,CRD,jaipur,Coffee
T8597,U067,2024-02-10,Expense,Rnt,2217.0,UPI,chennai,misc
T4615,U046,2023-05-16,Income,Others,30481.0,,LUC,EMI payment
T3597,U057,2023-02-04,Expense,Foodd,748.0,Bank Transfr,kolkata,Petrol
T7758,U068,11-01-23,Expense,Food,2518.0,BankTransfer,Unknown,Shopping
T11170,U114,05/26/2022,Expense,Fod,589.0,upi,delhi,Gym membership
T12962,U064,2023-08-29,Expense,Traval,2258.0,card,MUM,asdfgh
T4895,U119,2021-09-27,Income,Bonus,75302.0,BankTransfer,BANGALORE,Monthly rent payment
T13581,U110,2024-06-21,Expense,Utilties,1350.0,Bank Transfr,Hyderabad,No Notes
T8495,U144,07/17/2024,Expense,food,5718.0,card,Mumbai,Fixed deposit
T1408,U099,29-10-21,Expense,rent,5721.0,,Delhi,Lunch
T12718,U083,2023-12-06,Expense,TRAVEL,8434.0,CASH,JAIPUR,Lunch
T2928,U132,03/28/2023,Expense,health,2959.0,card,Bangalore,Lunch
T6306,U139,16-07-2022,Expense,rent,5269.0,Bank_Transfer,jaipur,Gym membership
T8094,U059,02/16/2021,Expense,Foods,977.0,csh,KOL,misc
T8005,U084,2024-04-17,Expense,FOOD,8284.0,,AHMEDABAD,Coffee
T9604,U006,06/25/2022,Expense,Food,1919.0,card,AHM,Online course
T10847,U047,12/10/2023,Expense,Travel,7924.0,Card,BANGALORE,...
T8174,U127,04/06/2023,Expense,Foods,3930.0,CASH,jaipur,Restaurant dinner
T11692,U054,10/05/2024,Expense,Rentt,30286.0,CRD,chennai,No Notes
T12728,U108,27-10-23,Expense,Foodd,3770.0,Bank Transfer,ahmedabad,Restaurant dinner
T9315,U018,01/27/2023,Expense,Foodd,3752.0,cash,mumbai,Train ticket
T4793,U073,2021-06-21,Expense,Travel,7485.0,BankTransfer,DELHI,No Notes
T4371,U030,04/30/2024,Expense,Foods,4897.0,Bank Transfr,Chennai,No Notes
T7491,U132,2022-11-22,Expense,Rent,41374.0,upi,KOL,Shopping
T8058,U063,2022-02-27,Expense,Fod,8769.0,bank transfer,Ahmedabad,Movie tickets
T7262,U098,04-04-22,Expense,Entrtnmnt,6215.0,Bank_Transfer,ahmedabad,Electricity bill
T0160,U078,11/28/2024,Expense,savings,4166.0,,BAN,Monthly rent payment
T5693,U100,2021-10-31,Expense,Entertainment,6669.0,card,Unknown,xyz123
T2637,U075,2022-03-29,Expense,food,1935.0,CASH,Bangalore,No Notes
T11973,U118,2024-09-02,Income,Others,199798.0,BankTransfer,JAIPUR,ATM withdrawal
T4384,U086,02/07/2024,Expense,Misc,5322.0,Bank_Transfer,AHMEDABAD,xyz123
T4657,U084,12/17/2024,Expense,Utility,5700.0,Bank_Transfer,MUM,Doctor consultation
T5426,U034,2021-09-25,Expense,Rent,30053.0,CRD,AHMEDABAD,No Notes
T9957,U057,10/03/2024,Expense,RENT,2574.0,Cash,chennai,Lunch
T8286,U129,06-05-22,Expense,FOOD,6547.0,BankTransfer,Unknown,No Notes
T1525,U102,04-11-24,Expense,Entertain,4938.0,Bank Transfer,KOLKATA,Monthly rent payment
T6120,U103,02/21/2022,Income,Investment,42634.0,,Mumbai,Grocery shopping
T7015,U129,21-07-2023,Expense,Traval,7215.0,CRD,Chennai,Shopping
T1427,U041,04-12-21,Income,Salary,58957.0,UPi,KOL,...
T6168,U100,09/25/2024,Expense,Fod,1594.0,Bank Transfer,Mumbai,xyz123
T2984,U079,2022-04-25,Expense,Foodd,2813.0,CARD,Bangalore,Gym membership
T6848,U135,2023-01-21,Income,Salary,63548.0,Crd,HYDERABAD,No Notes
T11541,U028,2024-06-19,Expense,EDU,9732.0,Upi,CHENNAI,Restaurant dinner
T9963,U149,22-05-22,Expense,Fod,5199.0,cash,Delhi,No Notes
T13896,U025,05/22/2023,Expense,food,6054.0,Upi,delhi,Grocery shopping
T5433,U033,2022-09-05,Expense,Fod,3579.0,Bank Transfr,CHE,Movie tickets
T12656,U027,09/12/2022,Expense,Rentt,15508.0,bank transfer,PUN,misc
T6232,U033,2021-07-03,Income,Bonus,77408.0,Bank Transfr,MUM,No Notes
T6932,U102,28-10-2022,Expense,Rent,16520.0,CASH,Lucknow,Books
T8078,U081,16-11-23,Expense,Utilities,3351.0,card,jaipur,asdfgh
T12280,U041,09/09/2021,Expense,Traval,6480.0,upi,MUM,Coffee
T8870,U101,2023-03-11,Expense,Travl,9715.0,UPi,jaipur,Internet bill
T4081,U144,2021-06-01,Expense,RENT,4927.0,Card,hyderabad,Coffee
T8889,U008,05/17/2024,Expense,FOOD,6121.0,Card,Unknown,!!!
T12101,U076,10/04/2022,Expense,,4786.0,UPi,KOLKATA,Monthly rent payment
T4005,U044,2024-09-01,Expense,Rent,15032.0,UPI,ahmedabad,...
T5201,U136,2023-01-06,Expense,RENT,109.0,Upi,Unknown,asdfgh
T0722,U142,2022-07-31,Income,Salary,76688.0,,DELHI,Internet bill
T1080,U141,12/02/2024,Expense,OTHERS,8181.0,CASH,MUM,EMI payment
T4829,U104,2022-12-28,Expense,Utility,1281.0,UPi,MUMBAI,Internet bill
T4000,U072,10/19/2024,Expense,Foodd,3494.0,Bank_Transfer,Mumbai,asdfgh
T8835,U101,04/08/2024,Expense,Rnt,5590.0,UPi,Unknown,asdfgh
T6003,U123,05/16/2022,Expense,RENT,8478.0,UPI,Chennai,No Notes
T2433,U132,16-09-22,Expense,health,4209.0,Upi,Hyderabad,Internet bill
T13385,U134,11/27/2021,Expense,rent,1070.0,CRD,Bangalore,EMI payment
T1854,U065,2023-03-19,Expense,,5703.0,Upi,Delhi,No Notes
T9892,U036,2024-05-26,Income,Bonus,48594.0,UPi,delhi,Books
T2195,U139,12-08-2022,Income,Bonus,106098.0,UPi,Unknown,Uber ride
T10135,U086,04/04/2023,Expense,rent,8884.0,CASH,Kolkata,EMI payment
T9953,U040,08/01/2021,Income,Others,42463.0,Cash,HYDERABAD,Shopping
T13982,U075,2023-10-18,Income,Investment,13975.0,UPi,kolkata,Petrol
T4534,U116,02/20/2024,Income,Freelance,48468.0,,Pune,No Notes
T10418,U049,10/21/2023,Expense,travel,6073.0,Bank Transfr,CHENNAI,No Notes
T4029,U020,08/04/2022,Income,Others,527025.0,CARD,CHE,Lunch
T2368,U064,2021-10-24,Expense,FOOD,2463.0,Card,KOLKATA,No Notes
T2274,U004,2024-05-10,Income,Freelance,709506.0,card,JAI,Grocery shopping
T13481,U056,2022-02-06,Expense,TRAVEL,973.0,UPI,pune,Movie tickets
T4157,U023,2023-11-10,Income,Freelance,14729.0,UPi,LUCKNOW,Uber ride
T1010,U054,2021-02-08,Expense,FOOD,6592.0,,Hyderabad,Shopping
T0762,U131,16-08-24,Expense,Saving,1329.0,cash,MUMBAI,misc
T9742,U109,26-09-24,Income,Salary,32746.0,,Delhi,No Notes
T3564,U034,23-11-24,Expense,Entertain,3990.0,Bank Transfr,LUC,misc
T4958,U009,2022-09-24,Expense,Helth,5237.0,cash,kolkata,EMI payment
T1318,U119,02/26/2023,Expense,RENT,6178.0,Crd,KOL,...
T0789,U087,11/24/2024,Expense,food,6671.0,Upi,ahmedabad,Shopping
T6297,U095,03/30/2024,Expense,food,9191.0,Bank_Transfer,KOLKATA,Doctor consultation
T3146,U102,2022-04-01,Income,Freelance,808527.0,Bank Transfer,Unknown,Fixed deposit
T4421,U068,12-04-22,Expense,Rent,5917.0,bank transfer,lucknow,Restaurant dinner
T2728,U033,01-02-23,Expense,rent,4177.0,UPI,KOLKATA,xyz123
T11406,U086,04/13/2022,Expense,Travel,8209.0,CARD,Jaipur,Movie tickets
T11093,U011,2022-05-02,Expense,Utilties,1587.0,CARD,ahmedabad,No Notes
T8230,U052,2024-07-21,Expense,Travl,5134.0,Bank_Transfer,Ahmedabad,EMI payment
T1974,U077,09/01/2022,Income,Freelance,64953.0,Cash,HYD,Movie tickets
T10658,U012,08/11/2022,Income,Investment,53696.0,Bank Transfer,Mumbai,Coffee
T2723,U063,2023-03-04,Expense,Food,3607.0,,BANGALORE,misc
T11030,U038,14-05-2023,Expense,Other,3697.0,UPI,JAIPUR,xyz123
T1046,U104,2024-05-06,Expense,Other,1690.0,Bank_Transfer,KOLKATA,...
T7370,U048,09/15/2024,Expense,Utility,8607.0,Bank Transfer,Jaipur,Electricity bill
T12279,U098,2021-11-17,Expense,Educaton,5545.0,cash,hyderabad,No Notes
T7695,U055,27-03-2023,Expense,Rent,48994.0,CARD,Unknown,No Notes
T13176,U144,12/30/2023,Expense,Traval,8415.0,bank transfer,HYD,Books
T1254,U117,04/13/2023,Expense,,9573.0,Csh,BAN,Medicine
T13726,U096,04-01-24,Income,Freelance,59788.0,bank transfer,HYD,No Notes
T9935,U145,11/22/2022,Expense,FOOD,2380.0,Bank Transfr,JAI,Uber ride
T9355,U096,01/27/2021,Expense,Foods,921.0,Crd,delhi,No Notes
T0224,U146,2024-08-31,Expense,Rent,29663.0,UPi,LUCKNOW,Grocery shopping
T9388,U137,2024-05-06,Income,Others,34498.0,Upi,chennai,No Notes
T12820,U044,2021-02-20,Expense,Foodd,761.0,Cash,KOLKATA,Coffee
T3432,U119,12/11/2023,Expense,entertainment,1042.0,Upi,Unknown,Grocery shopping
T2681,U108,06-02-2021,Expense,Foodd,3822.0,BankTransfer,CHE,misc
T10738,U030,10/18/2024,Income,Salary,30607.0,CARD,JAIPUR,Gym membership
T4403,U017,24-01-24,Expense,Food,907.0,CRD,kolkata,Monthly rent payment
T9468,U143,2023-11-13,Income,Investment,386572.0,csh,Unknown,!!!
T6287,U003,2022-10-14,Expense,Utility,2121.0,CARD,mumbai,Petrol
T3813,U042,2022-02-28,Expense,utilities,2553.0,Bank Transfer,chennai,Shopping
T3521,U124,06/17/2022,Income,Bonus,58508.0,BankTransfer,Unknown,ATM withdrawal
T6096,U125,06-12-2021,Expense,Entertainment,9594.0,Bank Transfer,Lucknow,Movie tickets
T6944,U067,12/23/2024,Expense,Foods,3737.0,Crd,HYD,Books
T8690,U015,2024-04-19,Expense,food,5990.0,Bank Transfer,kolkata,Monthly rent payment
T6173,U023,16-01-22,Expense,Food,3194.0,UPI,KOL,No Notes
T4790,U096,10/16/2021,Expense,Food,2142.0,CRD,Mumbai,Coffee
T0607,U144,06-08-2022,Expense,Travel,6549.0,Bank Transfr,mumbai,test
T10161,U049,13-03-2023,Expense,TRAVEL,1798.0,Card,Kolkata,Coffee
T12738,U135,11/13/2023,Expense,Helth,3038.0,,Bangalore,Medicine
T4713,U004,02-05-23,Expense,travel,6116.0,Upi,Chennai,Coffee
T6487,U137,09/08/2022,Income,Salary,49388.0,UPI,HYD,No Notes
T6060,U072,2022-11-24,Expense,FOOD,5467.0,UPI,Unknown,Internet bill
T3797,U086,2024-12-27,Expense,Foods,894.0,upi,MUMBAI,Uber ride
T8277,U043,07-02-2023,Expense,Utlities,723.0,CASH,Ahmedabad,asdfgh
T8549,U134,05/02/2024,Expense,,7760.0,Bank Transfr,Mumbai,...
T4318,U049,2021-12-06,Expense,Utility,6437.0,CARD,LUCKNOW,No Notes
T11228,U093,04/25/2022,Income,Others,12545.0,Bank Transfr,pune,xyz123
T9700,U075,2021-03-24,Expense,Travl,3210.0,card,LUC,Coffee
T9748,U047,06/20/2021,Income,Salary,68627.0,upi,PUN,Medicine
T1447,U081,2021-07-20,Expense,food,3972.0,BankTransfer,CHE,No Notes
T12430,U042,19-05-21,Expense,Health,7522.0,Upi,JAI,No Notes
T2726,U052,05/27/2023,Expense,Savings,153.0,Crd,chennai,Coffee
T7891,U090,2021-03-20,Expense,health,1383.0,Bank Transfr,Unknown,Doctor consultation
T10600,U024,2021-11-28,Expense,Utility,5992.0,bank transfer,Bangalore,Grocery shopping
T5565,U020,01/13/2024,Expense,Utility,9464.0,Csh,BANGALORE,Monthly rent payment
T7432,U080,09-05-22,Expense,Travel,9817.0,Crd,Kolkata,No Notes
T12845,U136,16-06-24,Expense,education,4444.0,Card,delhi,Uber ride
T13672,U051,02/15/2022,Expense,savings,8933.0,Crd,DEL,Shopping
T2040,U033,10/06/2023,Expense,food,5655.0,upi,KOLKATA,EMI payment
T1950,U041,2021-02-07,Expense,rent,5090.0,upi,CHENNAI,No Notes
T6274,U029,2024-11-10,Income,Investment,22362.0,card,DEL,No Notes
T4297,U060,03-03-22,Income,Salary,79684.0,,Unknown,Online course
T12898,U146,2023-11-17,Expense,utilities,7612.0,CASH,AHM,No Notes
T10900,U004,02/03/2022,Expense,education,3276.0,Csh,MUMBAI,Doctor consultation
T7922,U012,2022-09-23,Expense,entertainment,3512.0,BankTransfer,Bangalore,Petrol
T4708,U039,2021-09-17,Expense,Utility,8586.0,upi,AHM,Restaurant dinner
T6452,U088,2024-09-24,Expense,Rent,16713.0,cash,CHENNAI,No Notes
T8144,U097,2023-09-30,Expense,Entertain,6960.0,UPI,chennai,EMI payment
T9650,U131,11/19/2021,Expense,,772.0,,delhi,!!!
T4346,U078,20-10-22,Income,Salary,75971.0,Upi,Delhi,test
T11085,U091,2022-12-17,Income,Bonus,52172.0,Bank_Transfer,KOL,Fixed deposit
T8894,U130,08/24/2023,Expense,travel,1946.0,BankTransfer,kolkata,No Notes
T7742,U102,02/17/2021,Expense,Foods,2504.0,CARD,Delhi,Petrol
T3815,U128,02/03/2021,Expense,Traval,5987.0,CASH,DELHI,No Notes
T10117,U033,09/29/2024,Expense,Others,238.0,csh,kolkata,No Notes
T13130,U021,25-01-2023,Expense,Rnt,2193.0,Card,HYDERABAD,Movie tickets
T1897,U147,09/17/2023,Income,Salary,57318.0,UPI,Unknown,Monthly rent payment
T6689,U052,26-12-22,Expense,Traval,7249.0,csh,AHMEDABAD,Petrol
T0781,U039,2024-03-09,Income,,44800.0,CARD,BANGALORE,No Notes
T7476,U054,07/29/2021,Expense,,1485.0,Bank Transfer,DEL,No Notes
T4244,U066,2024-11-26,Income,Bonus,38244.0,Bank Transfer,delhi,Movie tickets
T0192,U010,2024-08-04,Expense,Food,211.0,csh,bangalore,Books
T12894,U044,12-10-2024,Expense,Entertainment,8933.0,Bank Transfr,lucknow,Restaurant dinner
T6453,U054,06-12-23,Expense,Education,2109.0,Bank Transfr,delhi,Online course
T8285,U048,21-04-23,Expense,Rnt,4432.0,UPi,hyderabad,Medicine
T2285,U074,2021-05-01,Expense,TRAVEL,3599.0,csh,LUCKNOW,Grocery shopping
T9988,U098,2024-11-02,Expense,education,3255.0,card,Hyderabad,Uber ride
T6893,U145,15-09-22,Expense,Utilties,4499.0,Bank_Transfer,CHE,Electricity bill
T6328,U103,2024-09-30,Expense,Utility,9236.0,Bank_Transfer,Lucknow,...
T1718,U010,07-10-2021,Expense,Rentt,12304.0,UPI,Unknown,Monthly rent payment
T5907,U026,06/02/2022,Expense,Travl,1582.0,csh,delhi,Monthly rent payment
T4316,U049,2024-12-15,Expense,Rnt,1114.0,Bank Transfer,lucknow,EMI payment
T12174,U147,06/07/2024,Expense,Utilities,806.0,Csh,KOLKATA,Medicine
T5722,U062,27-01-24,Expense,utilities,3803.0,Crd,bangalore,No Notes
T1470,U087,2024-10-25,Expense,,6329.0,BankTransfer,LUCKNOW,Train ticket
T9820,U078,2021-01-07,Expense,TRAVEL,1528.0,Upi,Mumbai,...
T11980,U053,04-09-24,Expense,travel,9053.0,BankTransfer,Bangalore,Petrol
T7196,U121,04/11/2023,Income,Bonus,46499.0,CARD,delhi,Electricity bill
T3139,U001,11/24/2024,Expense,food,920.0,Bank_Transfer,hyderabad,Train ticket
T0089,U061,2021-02-23,Expense,education,1512.0,Bank_Transfer,PUNE,Doctor consultation
T9639,U089,06-04-2023,Expense,Fod,1168.0,Upi,DEL,Grocery shopping
T3589,U060,07-09-21,Expense,HEALTH,355.0,Bank Transfr,Pune,ATM withdrawal
T3288,U149,2023-10-17,Income,Others,18129.0,BankTransfer,Pune,...
T11774,U127,20-05-21,Income,Others,22805.0,Upi,BANGALORE,Petrol
T13325,U082,22-11-2023,Income,Freelance,412288.0,UPI,KOL,Online course
T7235,U031,11-08-2024,Income,Salary,63677.0,bank transfer,LUCKNOW,ATM withdrawal
T2504,U064,09/07/2023,Income,Investment,28100.0,Bank Transfer,Bangalore,...
T5450,U127,10-10-23,Expense,HEALTH,4852.0,CASH,Unknown,Monthly rent payment
T4549,U127,05-01-2022,Expense,Utility,7897.0,Bank Transfer,JAIPUR,No Notes
T6675,U039,08/22/2023,Expense,Utilties,9061.0,Card,HYD,Electricity bill
T12152,U078,2023-01-08,Expense,Rentt,5240.0,csh,DEL,No Notes
T6103,U112,14-11-2021,Expense,entertainment,895.0,cash,AHMEDABAD,Uber ride
T6445,U079,08-12-23,Expense,Foods,2144.0,CARD,Unknown,Doctor consultation
T4162,U127,2021-12-27,Expense,HEALTH,445.0,Upi,AHM,xyz123
T7614,U132,24-10-2024,Expense,Foodd,1777.0,,Kolkata,Monthly rent payment
T11212,U010,2024-05-12,Expense,food,8293.0,Bank Transfr,delhi,Coffee
T9451,U125,2023-11-13,Expense,Utlities,3209.0,Cash,HYD,Train ticket
T11461,U070,2022-04-24,Expense,TRAVEL,3370.0,CARD,Kolkata,Train ticket
T5073,U142,05/31/2022,Expense,utilities,649.0,Bank Transfer,hyderabad,Shopping
T0590,U144,01/12/2023,Expense,EDU,2152.0,Crd,KOLKATA,No Notes
T5740,U137,2024-05-28,Income,Salary,75739.0,csh,DEL,No Notes
T6333,U079,2023-08-20,Expense,RENT,1404.0,Crd,AHMEDABAD,Monthly rent payment
T6033,U013,26-08-2024,Expense,RENT,7443.0,csh,Bangalore,No Notes
T12453,U083,2021-10-07,Expense,Other,8170.0,Crd,Unknown,Shopping
T1905,U065,18-12-2022,Expense,Traval,2327.0,upi,jaipur,No Notes
T11585,U143,03/25/2024,Expense,,4490.0,card,Pune,test
T12382,U146,03-04-23,Expense,EDU,3047.0,,PUN,Online course
T7017,U038,01/07/2021,Income,Salary,13463.0,CARD,KOLKATA,Movie tickets
T2092,U028,2024-01-31,Expense,Educaton,6798.0,cash,CHENNAI,!!!
T5243,U027,2024-04-15,Expense,Rnt,9363.0,BankTransfer,Unknown,No Notes
T1009,U022,01/16/2024,Expense,Foodd,3387.0,card,KOLKATA,Train ticket
T1913,U113,2022-10-24,Income,Others,25499.0,CASH,DEL,Coffee
T10640,U031,25-07-2024,Expense,,3990.0,Bank Transfr,Hyderabad,!!!
T3599,U031,24-06-22,Income,Others,75978.0,,Delhi,Fixed deposit
T3058,U004,05-02-2023,Expense,Foodd,3460.0,upi,hyderabad,Books
T8291,U039,2022-09-06,Expense,Utlities,7776.0,,AHM,No Notes
T8290,U071,2022-10-02,Expense,food,1220.0,Crd,CHENNAI,No Notes
T12002,U103,02-07-21,Expense,Entrtnmnt,745.0,Card,MUMBAI,Restaurant dinner
T3102,U135,2021-02-07,Expense,utilities,936.0,upi,Unknown,Books
T0545,U095,06-01-2024,Income,Investment,150335.0,UPi,BANGALORE,Fixed deposit
T6809,U056,29-08-24,Expense,Foodd,738.0,cash,DEL,xyz123
T10142,U105,07-10-2023,Expense,EDU,9801.0,Card,Bangalore,Train ticket
T7800,U023,06/06/2022,Expense,food,7517.0,UPI,Mumbai,No Notes
T0573,U025,15-10-21,Expense,TRAVEL,5682.0,Bank Transfr,Lucknow,No Notes
T3772,U056,2021-10-31,Expense,FOOD,9998.0,UPI,Unknown,Doctor consultation
T13463,U037,11/28/2021,Expense,Traval,7071.0,UPi,JAI,xyz123
T9389,U059,2023-05-12,Expense,Rnt,1304.0,upi,ahmedabad,Uber ride
T8708,U147,26-06-2023,Expense,food,7902.0,Csh,DELHI,ATM withdrawal
T0458,U021,22-01-22,Expense,Entrtnmnt,8835.0,Bank Transfer,Lucknow,No Notes
T5932,U022,2022-10-25,Expense,RENT,2363.0,Cash,PUNE,Internet bill
T9780,U012,04-04-21,Expense,Travel,4430.0,UPi,JAI,Books
T11347,U010,2023-10-30,Expense,Fod,555.0,BankTransfer,BANGALORE,Monthly rent payment
T13203,U129,06/02/2022,Expense,Rentt,45520.0,BankTransfer,Unknown,No Notes
T13326,U124,08/02/2024,Expense,Foodd,4735.0,Card,CHENNAI,test
T9487,U016,06/08/2023,Expense,Entertain,9895.0,Bank Transfer,chennai,ATM withdrawal
T4841,U064,2023-11-30,Expense,TRAVEL,9629.0,Csh,MUM,Internet bill
T11827,U147,05-01-2023,Expense,Foods,4868.0,Bank Transfr,Jaipur,!!!
T8740,U027,2023-06-17,Expense,Entrtnmnt,9028.0,Bank Transfr,LUCKNOW,xyz123
T10561,U138,2022-09-22,Expense,RENT,1413.0,Bank_Transfer,PUNE,Fixed deposit
T13052,U144,29-07-2021,Income,Others,23259.0,upi,pune,!!!
T7641,U003,2022-04-04,Expense,travel,9508.0,bank transfer,kolkata,...
T5239,U031,2024-07-02,Expense,Traval,9427.0,Card,Unknown,Grocery shopping
T13578,U022,10-10-21,Expense,Utlities,8195.0,UPI,Chennai,No Notes
T0912,U055,08/20/2021,Expense,travel,9925.0,CARD,chennai,No Notes
T3977,U068,2023-08-31,Expense,Traval,1532.0,Bank Transfer,MUMBAI,xyz123
T10394,U034,05/11/2023,Expense,EDU,4420.0,bank transfer,PUNE,No Notes
T9128,U138,14-11-24,Income,Investment,37464.0,card,MUM,Monthly rent payment
T7059,U056,10-02-21,Expense,Travel,9001.0,bank transfer,AHM,Grocery shopping
T10649,U129,2023-06-24,Expense,FOOD,2719.0,Bank_Transfer,BANGALORE,Petrol
T9780,U094,21-08-22,Expense,Rent,8305.0,upi,Ahmedabad,Movie tickets
T8194,U052,2021-12-23,Expense,FOOD,6694.0,BankTransfer,delhi,...
T0145,U020,04/09/2022,Expense,,2075.0,cash,DELHI,Movie tickets
T3317,U068,01/31/2023,Expense,Fod,8904.0,CARD,ahmedabad,Restaurant dinner
T6326,U109,07/29/2021,Expense,,7173.0,BankTransfer,BAN,Doctor consultation
T8591,U067,2023-05-06,Expense,Utility,5205.0,CRD,Unknown,No Notes
T7300,U116,2021-01-23,Expense,Foodd,1735.0,UPi,DELHI,...
T7690,U138,08/06/2023,Expense,Foods,156.0,cash,delhi,EMI payment
T4019,U037,03/31/2023,Expense,Utlities,1334.0,CASH,pune,Gym membership
T5088,U040,2021-05-04,Expense,Utilities,3243.0,BankTransfer,PUNE,Lunch
T3746,U052,2021-02-03,Expense,Utilties,7023.0,bank transfer,CHENNAI,Grocery shopping
T6903,U014,28-01-24,Expense,Rent,9112.0,CRD,chennai,Shopping
T4251,U025,2022-09-29,Expense,travel,3560.0,UPi,MUMBAI,Movie tickets
T3995,U026,10-12-21,Expense,Fod,8523.0,Bank Transfr,CHE,test
T9887,U006,2024-07-16,Expense,OTHERS,7394.0,UPi,LUC,Grocery shopping
T2255,U116,2022-10-30,Expense,Foods,1824.0,CARD,delhi,Gym membership
T0310,U048,08/15/2023,Expense,Utlities,5398.0,CASH,MUM,Coffee
T5822,U040,05/24/2024,Expense,TRAVEL,3153.0,Card,kolkata,Coffee
T10769,U115,2022-08-12,Expense,food,813.0,Cash,AHMEDABAD,Electricity bill
T8754,U115,2021-04-09,Expense,food,2686.0,Card,DELHI,No Notes
T7013,U009,07/27/2023,Expense,Entrtnmnt,7701.0,Card,mumbai,No Notes
T1773,U131,17-01-21,Expense,Rnt,1008.0,BankTransfer,Lucknow,Online course
T13494,U004,2022-05-15,Expense,FOOD,5439.0,UPI,bangalore,Petrol
T10696,U144,2024-01-16,Expense,EDU,2031.0,CARD,KOL,Electricity bill
T13051,U109,22-01-2021,Expense,Rent,27732.0,UPI,PUN,xyz123
T6879,U071,2022-11-01,Expense,food,4623.0,UPi,jaipur,Shopping
T4431,U062,2022-04-17,Expense,Foodd,776.0,CARD,MUMBAI,Restaurant dinner
T8340,U042,12/21/2021,Income,Others,12936.0,Crd,mumbai,ATM withdrawal
T4009,U031,2021-05-14,Income,Bonus,35215.0,Crd,bangalore,Coffee
T11865,U137,09/21/2022,Expense,Foodd,2441.0,cash,JAI,No Notes
T5472,U115,03/10/2021,Expense,Rent,45642.0,Upi,CHENNAI,Fixed deposit
T6337,U100,07/11/2022,Expense,Rent,10185.0,bank transfer,Delhi,Train ticket
T13599,U075,22-03-2023,Expense,FOOD,3144.0,UPI,LUC,Uber ride
T4386,U025,04/23/2021,Expense,Utilties,5285.0,bank transfer,Unknown,Electricity bill
T4439,U023,30-09-2021,Expense,RENT,1966.0,upi,Pune,Doctor consultation
T3806,U021,17-05-2024,Expense,Health,4998.0,,BAN,Fixed deposit
T0263,U106,01-06-23,Expense,TRAVEL,9115.0,BankTransfer,Unknown,ATM withdrawal
T10067,U105,01/25/2024,Income,Others,14299.0,BankTransfer,mumbai,Medicine
T13745,U142,2021-08-22,Expense,Utilties,7308.0,cash,chennai,EMI payment
T5748,U003,18-12-24,Expense,FOOD,6010.0,,Lucknow,Electricity bill
T12763,U035,2023-08-12,Income,Freelance,10839.0,,mumbai,Movie tickets
T6027,U064,2023-01-25,Expense,RENT,4342.0,Bank_Transfer,chennai,Movie tickets
T5947,U127,2022-03-28,Expense,Utilities,6565.0,csh,Unknown,ATM withdrawal
T6483,U048,03-08-2022,Expense,Utility,6015.0,Cash,KOLKATA,test
T2778,U065,2021-10-25,Expense,HEALTH,3653.0,Cash,CHENNAI,Books
T2493,U020,09-06-2022,Expense,Rent,5934.0,CARD,Unknown,Grocery shopping
T10905,U050,2022-10-21,Income,Investment,43572.0,Bank Transfr,PUNE,Restaurant dinner
T2567,U084,03/09/2021,Expense,Entrtnmnt,4991.0,Bank Transfr,JAI,Train ticket
T1776,U138,2021-02-03,Expense,Misc,4566.0,Cash,AHM,No Notes
T7303,U139,2021-11-10,Expense,Rent,30096.0,CRD,Jaipur,...
T7150,U108,20-06-21,Income,Others,60535.0,cash,KOL,Gym membership
T4313,U129,15-02-21,Expense,Entertainment,7725.0,CRD,PUNE,Grocery shopping
T8576,U069,22-05-23,Expense,health,5509.0,card,Pune,Uber ride
T7379,U054,2023-05-22,Income,Salary,950787.0,Upi,HYDERABAD,Internet bill
T0862,U016,02/26/2024,Expense,Travel,116.0,Cash,PUN,Online course
T7571,U060,04/27/2024,Expense,rent,999999.0,upi,ahmedabad,EMI payment
T9023,U023,2022-08-09,Expense,Health,9609.0,CRD,pune,No Notes
T2223,U083,29-09-2022,Expense,EDU,4503.0,bank transfer,BANGALORE,Grocery shopping
T4313,U072,13-05-24,Expense,Rent,29428.0,CRD,Delhi,Train ticket
T0127,U044,2021-12-14,Expense,Food,2310.0,upi,AHM,Medicine
T9959,U071,02/22/2021,Expense,Other,5435.0,UPi,mumbai,...
T3125,U135,2022-05-20,Income,Salary,61181.0,cash,LUCKNOW,Train ticket
T5854,U098,05/12/2024,Expense,Foodd,93.0,CARD,AHMEDABAD,No Notes
T7310,U140,05/17/2022,Expense,Rnt,5453.0,CARD,PUNE,Movie tickets
T11022,U033,2024-08-20,Expense,Entertainment,6607.0,BankTransfer,MUM,Lunch
T2430,U090,2021-01-20,Expense,EDU,737.0,UPI,Kolkata,Gym membership
T3191,U055,11/15/2021,Expense,Rent,7666.0,Cash,AHM,Movie tickets
T1110,U071,2021-01-28,Income,Salary,75061.0,Bank_Transfer,DELHI,xyz123
T0301,U035,08-08-24,Income,Bonus,69558.0,BankTransfer,BAN,...
T7001,U033,07/14/2022,Expense,Education,3155.0,UPI,Jaipur,No Notes
T0138,U145,10/12/2023,Expense,Fod,6110.0,Bank_Transfer,PUN,Movie tickets
T7712,U142,2023-06-25,Expense,Rentt,47099.0,CARD,Hyderabad,Books
T5925,U146,2022-03-23,Expense,TRAVEL,2118.0,Card,Unknown,Coffee
T12149,U115,2023-08-27,Expense,Utilties,543.0,Bank_Transfer,Unknown,test
T9353,U002,06-05-2023,Expense,Rentt,15842.0,csh,Unknown,Medicine
T9169,U096,08/31/2022,Expense,utilities,5097.0,UPI,BANGALORE,Electricity bill
T12907,U075,2023-02-10,Expense,Entrtnmnt,7317.0,Cash,Mumbai,Electricity bill
T5004,U098,03/25/2021,Expense,Utilities,482.0,CARD,Unknown,!!!
T7377,U068,15-05-22,Expense,travel,1192.0,,Lucknow,ATM withdrawal
T8185,U147,2024-12-30,Income,Salary,79015.0,,PUN,No Notes
T8042,U146,2022-06-30,Income,Salary,61594.0,,chennai,...
T8417,U134,11-05-2023,Expense,utilities,7464.0,UPI,HYDERABAD,Doctor consultation
T13722,U144,10/11/2024,Expense,Traval,8872.0,Bank Transfer,BAN,Doctor consultation
T3250,U073,20-04-22,Expense,Educaton,9798.0,Bank Transfer,bangalore,...
T7274,U036,12/11/2023,Expense,education,8994.0,CASH,kolkata,EMI payment
T5721,U119,10-09-21,Expense,health,4410.0,csh,chennai,test
T7298,U025,27-11-24,Expense,FOOD,296.0,CRD,delhi,No Notes
T3606,U026,2021-11-29,Income,Bonus,62237.0,Crd,Unknown,xyz123
T8532,U125,13-05-21,Expense,rent,4591.0,Bank Transfr,Pune,asdfgh
T8905,U054,26-10-22,Expense,Foodd,2563.0,csh,Bangalore,No Notes
T10312,U036,11-12-21,Expense,Utlities,4586.0,CARD,Mumbai,No Notes
T2900,U098,2023-09-10,Expense,Educaton,8866.0,Bank Transfer,Bangalore,Books
T10556,U056,2023-01-25,Expense,RENT,4193.0,UPi,AHM,Doctor consultation
T10463,U140,10-07-22,Expense,Foods,1863.0,BankTransfer,ahmedabad,Books
T11458,U064,2021-10-09,Expense,Education,5805.0,cash,lucknow,Uber ride
T9792,U145,07-11-24,Expense,Rnt,8831.0,upi,Mumbai,Fixed deposit
T12690,U036,2023-08-13,Income,Investment,68521.0,UPI,Hyderabad,asdfgh
T1476,U093,29-09-2022,Expense,,7375.0,Upi,AHMEDABAD,...
T5365,U066,10-11-24,Expense,Travl,9431.0,BankTransfer,BANGALORE,Medicine
T0073,U113,2024-06-02,Expense,Rnt,9895.0,UPI,Pune,ATM withdrawal
T6182,U143,02/20/2021,Expense,Rnt,3586.0,upi,KOLKATA,Medicine
T2802,U101,2023-12-12,Expense,Savings,6319.0,Bank_Transfer,MUM,!!!
T8661,U046,2023-10-30,Expense,travel,8775.0,UPI,Pune,Coffee
T2203,U113,10-09-22,Expense,education,4967.0,csh,PUN,xyz123
T6222,U125,2024-04-04,Expense,Utilties,3873.0,Crd,ahmedabad,No Notes
T10819,U103,2022-03-17,Expense,Utilities,2831.0,UPI,KOLKATA,No Notes
T12730,U092,2024-05-10,Expense,Other,4685.0,upi,DEL,misc
T0930,U059,16-04-22,Expense,Foods,900.0,Bank_Transfer,Delhi,...
T1051,U036,2022-12-14,Expense,Fod,4181.0,CASH,bangalore,No Notes
T1919,U010,2024-06-20,Expense,Rnt,4380.0,UPI,kolkata,Fixed deposit
T4587,U021,13-01-2021,Expense,Foods,2909.0,CARD,pune,...
T6261,U135,2021-04-02,Expense,Educaton,3432.0,CARD,chennai,Monthly rent payment
T11612,U065,2022-07-01,Expense,Utilties,9778.0,Cash,Pune,Movie tickets
T10519,U144,2021-07-14,Income,Investment,37195.0,CRD,Jaipur,No Notes
T8600,U007,29-06-24,Expense,Food,4458.0,Bank Transfr,JAIPUR,Gym membership
T13462,U149,2023-08-24,Expense,Utilties,2074.0,UPi,Ahmedabad,Medicine
T7934,U144,2021-12-12,Expense,Traval,8281.0,bank transfer,lucknow,test
T13607,U007,02/03/2024,Expense,utilities,7781.0,bank transfer,BAN,asdfgh
T9080,U037,2023-09-29,Expense,RENT,8104.0,Crd,CHENNAI,Monthly rent payment
T8616,U037,2022-08-20,Expense,RENT,4543.0,CRD,Unknown,EMI payment
T9060,U038,2021-08-02,Expense,EDU,9869.0,Bank_Transfer,JAI,ATM withdrawal
T2133,U125,2022-12-11,Expense,Educaton,7127.0,Csh,kolkata,Train ticket
T0664,U086,06/04/2021,Income,Bonus,21498.0,Card,PUN,Lunch
T2917,U026,10/06/2022,Expense,Fod,7755.0,bank transfer,hyderabad,Internet bill
T13763,U014,03-07-24,Expense,Fod,7686.0,Card,lucknow,...
T6249,U138,27-04-22,Expense,Rnt,3926.0,Bank_Transfer,CHE,Train ticket
T8779,U040,2022-11-07,Expense,rent,1293.0,cash,kolkata,Coffee
T8528,U024,06/09/2024,Expense,Travl,474.0,upi,CHE,asdfgh
T1362,U063,2021-05-04,Expense,Savings,9060.0,Card,Pune,Restaurant dinner
T3912,U056,26-02-23,Expense,education,2935.0,upi,KOLKATA,No Notes
T13088,U147,17-06-22,Expense,Educaton,6205.0,CRD,Unknown,No Notes
T10481,U128,2024-09-03,Expense,travel,6823.0,UPI,JAI,Lunch
T11034,U129,09-10-24,Expense,Travel,1765.0,CASH,JAI,Fixed deposit
T3083,U020,06/06/2022,Expense,food,3535.0,CASH,Unknown,EMI payment
T5149,U083,2022-01-24,Expense,Rentt,38999.0,CARD,AHMEDABAD,!!!
T11786,U007,05/11/2024,Expense,entertainment,9663.0,CARD,LUCKNOW,Gym membership
T8568,U056,2022-01-16,Expense,TRAVEL,5429.0,UPi,kolkata,misc
T9045,U065,2022-12-20,Income,Freelance,21412.0,UPi,AHM,misc
T5057,U084,09-02-22,Income,Bonus,54977.0,Csh,JAIPUR,EMI payment
T5755,U039,06-12-2022,Expense,HEALTH,5381.0,Bank Transfer,BAN,Shopping
T2498,U073,2021-12-14,Expense,travel,1013.0,Csh,HYD,Grocery shopping
T6369,U117,2022-04-28,Expense,Food,1557.0,UPI,LUC,Coffee
T0172,U111,12/04/2021,Expense,RENT,3212.0,Upi,DELHI,Electricity bill
T3344,U103,06/12/2024,Income,Salary,67293.0,UPI,AHMEDABAD,Coffee
T8231,U043,04-12-22,Expense,rent,2050.0,Card,BANGALORE,!!!
T5590,U124,12/22/2021,Expense,Fod,3216.0,Bank Transfr,delhi,Train ticket
T8357,U088,18-03-24,Expense,food,3734.0,Cash,Hyderabad,Internet bill
T6323,U037,06/22/2023,Expense,Utilities,2765.0,Card,delhi,!!!
T3411,U068,2021-01-13,Income,Freelance,48604.0,UPI,Hyderabad,Movie tickets
T11587,U117,09/23/2021,Expense,Entertainment,5495.0,Cash,JAI,Electricity bill
T6069,U096,2023-04-26,Income,Bonus,61313.0,upi,kolkata,EMI payment
T1327,U100,22-10-24,Expense,Foodd,4103.0,upi,bangalore,EMI payment
T1406,U058,05-09-24,Income,Others,40563.0,Bank Transfr,Unknown,Train ticket
T10731,U094,06-03-24,Income,Others,75424.0,Card,hyderabad,Books
T10718,U115,2021-10-05,Expense,education,5785.0,Card,PUN,Medicine
T3389,U058,12-02-24,Expense,travel,3578.0,Upi,Mumbai,EMI payment
T4374,U031,2021-08-06,Expense,SAVINGS,8504.0,bank transfer,HYD,Gym membership
T9296,U091,2022-01-18,Expense,FOOD,2943.0,UPi,AHM,xyz123
T7493,U016,2024-06-04,Expense,Fod,9086.0,Cash,LUC,No Notes
T4907,U138,2023-02-21,Expense,Foodd,4221.0,Upi,pune,...
T4417,U117,08/08/2022,Expense,FOOD,9484.0,Bank Transfer,BAN,Monthly rent payment
T3380,U034,01/30/2023,Income,Investment,43934.0,Card,MUMBAI,No Notes
T13109,U137,2024-09-29,Expense,Foods,220.0,Bank Transfer,ahmedabad,No Notes
T0171,U019,2021-03-10,Expense,Food,3125.0,Csh,LUC,No Notes
T9841,U003,2024-09-24,Expense,Fod,6002.0,CARD,CHENNAI,No Notes
T4471,U010,2024-07-15,Expense,RENT,1566.0,CRD,Unknown,Books
T10203,U030,2022-10-26,Expense,EDU,1087.0,Card,AHM,No Notes
T9240,U132,10/15/2023,Expense,entertainment,930.0,BankTransfer,Pune,asdfgh
T7376,U050,2024-07-06,Expense,Utilties,4882.0,CARD,Lucknow,xyz123
T0354,U150,11/13/2023,Expense,Rent,45393.0,Bank Transfr,MUM,Fixed deposit
T2033,U052,02-10-22,Expense,food,4675.0,UPI,Mumbai,...
T0935,U032,29-09-23,Expense,Travl,1936.0,csh,Lucknow,No Notes
T12814,U060,2021-03-26,Expense,Food,2521.0,upi,PUNE,Lunch
T8972,U008,2023-04-27,Income,Freelance,12856.0,upi,KOL,ATM withdrawal
T6997,U046,2022-03-16,Expense,Helth,2245.0,Crd,BAN,Electricity bill
T3414,U031,2022-08-18,Income,Investment,79300.0,BankTransfer,MUMBAI,No Notes
T0243,U034,2024-11-05,Expense,Utilties,6340.0,Bank Transfer,AHM,Fixed deposit
T10348,U008,2024-10-26,Expense,Travel,1720.0,Cash,MUMBAI,No Notes
T11821,U048,02/19/2024,Expense,SAVINGS,783.0,Csh,delhi,Online course
T11013,U053,30-08-2021,Expense,RENT,8342.0,UPi,LUCKNOW,Gym membership
T1124,U037,19-05-21,Expense,entertainment,6668.0,card,PUN,No Notes
T2663,U069,2023-10-05,Expense,Utilties,8597.0,CRD,delhi,Monthly rent payment
T6617,U112,29-07-2024,Expense,Utilities,9456.0,Csh,Kolkata,Monthly rent payment
T5756,U112,08-05-24,Expense,Entrtnmnt,898.0,Card,delhi,Train ticket
T1894,U055,2024-11-30,Expense,Educaton,7487.0,cash,DEL,Movie tickets
T7475,U148,02-12-23,Expense,RENT,8834.0,cash,ahmedabad,asdfgh
T5148,U040,2022-04-12,Expense,Utilities,8595.0,UPI,MUMBAI,Gym membership
T10591,U144,11/09/2024,Expense,rent,9321.0,csh,Unknown,Movie tickets
T6368,U110,2024-11-01,Expense,Educaton,4511.0,Csh,CHE,ATM withdrawal
T5540,U148,2022-10-22,Expense,health,2691.0,cash,Hyderabad,Restaurant dinner
T6687,U029,02-01-2021,Expense,Savings,1036.0,BankTransfer,LUC,No Notes
T11107,U010,2023-07-01,Expense,Rentt,48313.0,UPi,Mumbai,Shopping
T4457,U026,04/13/2024,Expense,entertainment,3324.0,upi,chennai,Shopping
T6139,U146,18-10-21,Expense,Utilties,8260.0,CRD,chennai,Online course
T13005,U037,18-03-23,Expense,Travel,8757.0,CRD,chennai,Grocery shopping
T3483,U044,2021-08-12,Expense,food,2708.0,CARD,Kolkata,Train ticket
T12310,U045,09-02-24,Expense,Saving,8435.0,csh,Lucknow,asdfgh
T4079,U137,07-12-22,Expense,Food,4888.0,card,DEL,Online course
T3318,U115,25-06-2022,Expense,Utilties,9931.0,CARD,DELHI,Shopping
T7569,U003,25-06-22,Expense,,9767.0,csh,BANGALORE,No Notes
T1714,U044,01/12/2021,Expense,TRAVEL,5258.0,cash,HYDERABAD,Lunch
T12761,U031,2021-10-12,Expense,RENT,9902.0,Bank Transfr,Hyderabad,No Notes
T0230,U124,2023-02-20,Expense,Education,4270.0,UPi,Mumbai,Grocery shopping
T4759,U081,05-02-2024,Expense,Foodd,2742.0,Bank Transfer,Unknown,Shopping
T9336,U040,07/15/2024,Expense,TRAVEL,4023.0,Crd,Kolkata,EMI payment
T1221,U087,30-04-23,Income,Salary,56255.0,CRD,Kolkata,Doctor consultation
T7146,U126,2023-01-06,Expense,Entrtnmnt,4706.0,UPi,LUCKNOW,No Notes
T8776,U021,06/12/2023,Income,Salary,25614.0,UPI,pune,test
T8245,U112,2024-07-27,Expense,Fod,3546.0,UPI,MUM,Internet bill
T10870,U065,05/26/2023,Income,Others,28149.0,card,mumbai,Uber ride
T10469,U103,2024-02-05,Income,Salary,69864.0,Csh,KOL,Grocery shopping
T5332,U092,2023-08-02,Expense,Rnt,3236.0,Upi,Unknown,Petrol
T8849,U117,2021-04-07,Expense,Utilities,9681.0,Csh,mumbai,Shopping
T0680,U091,11/07/2021,Expense,Fod,3875.0,Card,LUC,Gym membership
T8148,U088,06/06/2023,Expense,health,5254.0,cash,LUCKNOW,Restaurant dinner
T10466,U078,2023-04-30,Expense,Rentt,44834.0,bank transfer,KOL,Gym membership
T9082,U039,08-09-23,Expense,Utilties,9718.0,Bank Transfr,MUM,...
T11802,U040,02/22/2024,Income,Salary,42643.0,Bank Transfr,KOL,Online course
T11471,U102,29-10-2023,Expense,rent,5499.0,,Ahmedabad,Medicine
T3788,U055,10/30/2022,Income,Salary,51547.0,Bank Transfr,Unknown,misc
T11817,U130,2023-05-31,Expense,travel,8766.0,UPi,kolkata,Medicine
T7215,U075,2021-08-18,Income,Investment,17842.0,card,AHM,Gym membership
T2806,U020,2021-04-05,Expense,Education,4801.0,card,Kolkata,EMI payment
T12070,U048,2023-01-18,Income,Freelance,463731.0,Bank_Transfer,ahmedabad,No Notes
T8225,U048,2023-04-13,Expense,Utilties,1507.0,BankTransfer,CHENNAI,misc
T0029,U104,16-08-2023,Income,Others,21003.0,Bank Transfr,Unknown,No Notes
T3516,U110,2023-04-21,Expense,Rnt,5922.0,Cash,Bangalore,!!!
T9401,U050,02/24/2024,Expense,TRAVEL,7062.0,upi,Unknown,Medicine
T1713,U150,26-06-23,Expense,education,7363.0,CRD,Unknown,Internet bill
T5567,U059,2023-08-06,Expense,Foodd,3690.0,Csh,BANGALORE,Uber ride
T7115,U133,05/09/2023,Expense,Travl,5434.0,Bank Transfr,HYD,test
T12530,U108,2024-10-04,Expense,,4714.0,upi,Mumbai,Restaurant dinner
T4055,U062,2024-03-24,Expense,TRAVEL,5763.0,BankTransfer,DELHI,Movie tickets
T6378,U001,08/01/2021,Expense,Utlities,964.0,Bank_Transfer,Kolkata,EMI payment
T2478,U003,2023-01-09,Expense,entertainment,1550.0,BankTransfer,LUCKNOW,Doctor consultation
T1751,U034,2024-12-11,Expense,Rent,19127.0,Csh,Mumbai,No Notes
T1671,U127,01/16/2021,Expense,Utilties,3442.0,UPI,DELHI,...
T11351,U138,15-01-2023,Income,Bonus,30409.0,UPI,MUMBAI,Uber ride
T0904,U125,04/11/2021,Expense,Traval,7258.0,UPI,Ahmedabad,Grocery shopping
T0926,U068,2021-12-25,Expense,health,4248.0,Cash,PUN,Coffee
T5649,U045,2023-07-13,Income,Salary,44056.0,UPi,Unknown,EMI payment
T9777,U116,07/29/2021,Expense,Rent,5334.0,Upi,Ahmedabad,Movie tickets
T5819,U109,2021-11-21,Expense,Travel,4593.0,,bangalore,Lunch
T6266,U079,09/02/2024,Expense,Rent,15976.0,bank transfer,mumbai,Medicine
T0865,U020,11-05-21,Expense,Fod,6399.0,Bank_Transfer,bangalore,Fixed deposit
T0435,U054,11/23/2023,Expense,Entertain,1506.0,Bank Transfr,JAI,Monthly rent payment
T9236,U078,2023-11-15,Expense,food,4076.0,CASH,Unknown,Restaurant dinner
T3849,U014,05/16/2024,Income,Salary,54182.0,Upi,DEL,xyz123
T7003,U096,24-04-2022,Expense,utilities,352.0,CRD,CHE,misc
T1401,U035,03/15/2023,Expense,Fod,9181.0,UPi,HYD,Lunch
T3466,U102,07/18/2024,Expense,,9128.0,CRD,CHENNAI,asdfgh
T5343,U060,01/23/2021,Expense,Saving,6604.0,Bank Transfer,jaipur,Petrol
T10007,U129,08/04/2023,Expense,Utility,5210.0,cash,Unknown,!!!
T7609,U056,2024-10-17,Expense,Foods,4234.0,cash,DEL,Movie tickets
T2244,U059,04/28/2023,Expense,food,8974.0,cash,JAIPUR,...
T8788,U142,18-05-24,Expense,food,5436.0,BankTransfer,lucknow,...
T3314,U044,2021-06-21,Expense,RENT,8526.0,Csh,Bangalore,Monthly rent payment
T7509,U134,2023-03-07,Expense,RENT,8180.0,UPI,Jaipur,EMI payment
T2780,U148,24-11-23,Expense,food,8960.0,Bank Transfer,Chennai,xyz123
T10770,U004,09/30/2021,Expense,Foodd,415.0,bank transfer,ahmedabad,Monthly rent payment
T10613,U143,20-05-23,Expense,travel,9584.0,Bank_Transfer,Kolkata,No Notes
T1184,U020,2024-05-30,Expense,TRAVEL,5953.0,Crd,delhi,Lunch
T11886,U105,2023-07-05,Expense,TRAVEL,9025.0,Csh,bangalore,Gym membership
T3180,U061,06-05-22,Expense,Foods,1298.0,BankTransfer,Unknown,EMI payment
T7355,U039,2021-12-24,Income,Others,14035.0,cash,Bangalore,misc
T5961,U142,16-02-21,Expense,food,2243.0,card,delhi,Online course
T8726,U005,2022-03-08,Income,Investment,34966.0,Upi,CHENNAI,No Notes
T4422,U015,08/03/2021,Expense,Fod,9595.0,CASH,LUCKNOW,Petrol
T3422,U013,2024-12-12,Expense,Savings,7661.0,UPI,Delhi,No Notes
T4847,U029,2022-04-18,Expense,Education,4368.0,BankTransfer,hyderabad,!!!
T3786,U014,2021-08-09,Expense,others,6356.0,UPi,LUC,Gym membership
T3192,U104,17-07-2023,Expense,Rnt,8445.0,Card,MUMBAI,Books
T3913,U078,12/16/2021,Expense,food,672.0,,CHENNAI,No Notes
T9013,U103,10/18/2023,Expense,Entrtnmnt,6637.0,Bank_Transfer,Delhi,Monthly rent payment
T3311,U013,29-12-2022,Expense,FOOD,7043.0,UPI,ahmedabad,Electricity bill
T11052,U063,2022-08-16,Income,,57631.0,CARD,Hyderabad,Fixed deposit
T7788,U029,2023-04-09,Expense,entertainment,8704.0,BankTransfer,PUNE,Gym membership
T6680,U033,07/22/2023,Expense,FOOD,7134.0,Card,PUN,Grocery shopping
T1941,U109,2022-05-24,Expense,Utilities,9724.0,bank transfer,Hyderabad,Train ticket
T3137,U077,2023-12-01,Expense,Helth,6565.0,Card,PUNE,...
T11497,U057,2022-04-24,Expense,food,8598.0,CASH,AHMEDABAD,test
T1341,U045,26-08-24,Expense,Fod,4019.0,Csh,delhi,Lunch
T12128,U008,06/28/2023,Expense,Rnt,9216.0,Bank Transfr,Jaipur,asdfgh
T8452,U066,11/30/2021,Expense,Travel,8847.0,Card,jaipur,misc
T13197,U023,2024-07-09,Income,Freelance,39567.0,Cash,Chennai,Restaurant dinner
T5634,U044,2021-10-23,Income,Freelance,76366.0,Upi,chennai,Coffee
T9106,U123,2022-10-29,Expense,Foodd,2756.0,Crd,PUNE,test
T3393,U042,2023-06-07,Expense,RENT,8464.0,Bank Transfr,PUN,misc
T6671,U002,09/08/2024,Expense,Travl,7003.0,UPi,Delhi,No Notes
T8820,U076,02-06-2023,Expense,travel,3098.0,Bank Transfr,bangalore,test
T6881,U107,14-07-2024,Income,Others,67853.0,Card,Chennai,Medicine
T10648,U020,2022-05-07,Expense,rent,638.0,Crd,MUMBAI,asdfgh
T1513,U146,08/11/2024,Income,Others,35513.0,Bank Transfr,bangalore,asdfgh
T8071,U084,29-10-21,Income,Investment,59363.0,upi,mumbai,Uber ride
T11699,U103,11-07-24,Expense,Food,3230.0,cash,AHMEDABAD,misc
T1797,U072,30-11-2021,Expense,Foodd,1597.0,Upi,PUNE,Books
T12397,U147,2024-08-13,Expense,education,885.0,Upi,DELHI,asdfgh
T3702,U057,03/06/2022,Expense,Travel,5210.0,BankTransfer,Delhi,Coffee
T1422,U038,2023-11-23,Expense,Fod,3080.0,UPi,pune,No Notes
T6900,U078,19-10-24,Expense,Rent,28261.0,Bank Transfer,Jaipur,No Notes
T7777,U033,05/20/2022,Expense,Fod,7412.0,,mumbai,Gym membership
T6668,U077,2023-09-15,Expense,Travl,8457.0,csh,CHE,Train ticket
T10234,U101,2024-05-04,Expense,Utlities,2643.0,,Lucknow,Grocery shopping
T6776,U124,07/07/2021,Expense,Rentt,8870.0,CRD,PUNE,Coffee
T2057,U094,05-02-22,Expense,rent,6078.0,Crd,JAIPUR,test
T6380,U126,05/21/2024,Expense,Utilties,4187.0,CRD,LUC,xyz123
T7281,U027,09-04-24,Income,Others,38200.0,card,Jaipur,asdfgh
T7506,U097,2022-04-23,Income,Freelance,32522.0,card,HYD,Electricity bill
T2119,U115,2022-08-12,Expense,FOOD,5623.0,bank transfer,DEL,No Notes
T12601,U113,08-10-24,Expense,Rent,26918.0,UPI,DELHI,misc
T8933,U008,06/30/2024,Expense,Rnt,4721.0,Bank_Transfer,HYD,Shopping
T11173,U084,03/25/2024,Expense,HEALTH,8850.0,CASH,DELHI,Online course
T11798,U091,2024-10-14,Expense,travel,7811.0,upi,Ahmedabad,Medicine
T9097,U109,11/22/2021,Expense,TRAVEL,8741.0,,pune,Restaurant dinner
T2916,U052,2024-04-07,Expense,Saving,5148.0,Card,lucknow,EMI payment
T12306,U131,2023-06-30,Expense,Entertain,4916.0,Upi,DELHI,Movie tickets
T11496,U092,07/08/2021,Expense,RENT,3789.0,Card,Lucknow,Lunch
T12246,U097,2024-10-07,Expense,TRAVEL,5548.0,Bank Transfr,Lucknow,Monthly rent payment
T3736,U078,07/15/2023,Expense,Entertainment,9781.0,UPi,Pune,Books
T0340,U098,2023-10-02,Expense,Helth,7693.0,UPi,KOLKATA,!!!
T3431,U116,2022-12-29,Expense,Utility,3306.0,CARD,MUM,Medicine
T7471,U046,04/23/2022,Expense,,412.0,CRD,DELHI,Shopping
T10682,U150,03/05/2024,Income,Freelance,692535.0,Bank Transfr,BANGALORE,xyz123
T4212,U139,2021-11-08,Expense,Educaton,5298.0,UPI,PUN,Coffee
T12860,U040,2022-05-10,Expense,SAVINGS,8220.0,CARD,LUC,misc
T0933,U058,11/30/2021,Expense,rent,9106.0,card,Jaipur,Electricity bill
T11989,U064,20-10-21,Expense,Fod,7725.0,Cash,HYDERABAD,Grocery shopping
T7283,U028,2021-07-01,Expense,Rent,28477.0,BankTransfer,KOLKATA,Doctor consultation
T1220,U089,02/20/2024,Income,Freelance,25126.0,bank transfer,CHE,test
T10665,U044,10/30/2021,Expense,utilities,9808.0,Cash,KOLKATA,asdfgh
T3878,U109,30-04-24,Income,Others,47605.0,BankTransfer,KOL,EMI payment
T6910,U048,2024-04-19,Income,,45168.0,Upi,Unknown,No Notes
T5668,U108,23-12-21,Expense,Helth,3030.0,Crd,JAIPUR,Restaurant dinner
T3553,U075,30-01-22,Expense,Rent,40467.0,,PUNE,Train ticket
T9528,U088,21-09-22,Expense,Rnt,6625.0,Cash,Unknown,Restaurant dinner
T7843,U004,2022-02-04,Expense,Rentt,10800.0,cash,Pune,!!!
T11709,U076,13-08-21,Expense,Rnt,8207.0,Bank Transfr,Mumbai,Medicine
T2441,U109,29-06-21,Expense,entertainment,9405.0,BankTransfer,chennai,!!!
T6220,U017,09/30/2023,Expense,Utlities,3414.0,CRD,PUNE,asdfgh
T2423,U019,09/13/2024,Expense,Utilities,9432.0,bank transfer,CHE,Medicine
T9808,U129,08/19/2024,Expense,Savings,9030.0,UPi,chennai,misc
T8599,U035,2024-11-30,Expense,EDU,2898.0,Bank Transfr,BAN,!!!
T8783,U073,2021-06-14,Expense,Food,179.0,Bank Transfr,pune,Petrol
T3945,U084,2023-07-27,Expense,education,8892.0,Bank Transfr,DEL,Movie tickets
T0129,U102,20-08-22,Expense,education,4692.0,Crd,BAN,Monthly rent payment
T7253,U044,2022-04-23,Expense,Foodd,3210.0,card,KOL,misc
T5916,U038,2024-05-17,Expense,RENT,3872.0,Csh,kolkata,No Notes
T9978,U110,03/20/2022,Expense,travel,734.0,upi,delhi,Coffee
T1896,U120,01/05/2024,Expense,Foodd,2778.0,CARD,mumbai,Petrol
T7978,U036,2022-08-25,Expense,Rnt,6278.0,Bank Transfr,JAIPUR,Monthly rent payment
T13762,U105,17-07-23,Expense,entertainment,738.0,,BANGALORE,No Notes
T4359,U016,07-03-22,Expense,Entertain,9570.0,bank transfer,BANGALORE,Uber ride
T2714,U116,2023-09-04,Expense,Rnt,5695.0,CASH,CHE,ATM withdrawal
T8250,U120,2024-08-04,Expense,Food,4117.0,Bank Transfr,Unknown,asdfgh
T2526,U107,02/23/2023,Expense,Travl,6933.0,,AHM,misc
T1213,U056,02-12-24,Expense,Utility,9900.0,Bank Transfer,LUC,No Notes
T7531,U149,11-07-24,Expense,education,6620.0,cash,Delhi,Movie tickets
T2208,U149,08/27/2022,Expense,food,6590.0,Bank Transfr,jaipur,Train ticket
T5156,U041,2022-05-14,Expense,Entertainment,7032.0,Bank_Transfer,Pune,Monthly rent payment
T2489,U025,13-03-24,Expense,RENT,7480.0,Cash,Lucknow,Books
T1641,U143,02-02-2024,Expense,Savings,6749.0,upi,chennai,misc
T9888,U041,09/20/2024,Expense,food,4823.0,UPi,Jaipur,asdfgh
T7724,U116,11/04/2023,Income,Investment,63167.0,CASH,hyderabad,asdfgh
T5387,U141,07/01/2021,Expense,,7323.0,cash,JAI,Gym membership
T0401,U078,2023-11-01,Expense,Foods,1064.0,UPI,CHE,Gym membership
T8146,U019,10/21/2022,Expense,HEALTH,5143.0,Bank_Transfer,HYD,asdfgh
T9179,U089,2024-03-09,Expense,Foods,3414.0,cash,Hyderabad,EMI payment
T0619,U046,2021-09-27,Expense,utilities,1121.0,Crd,hyderabad,No Notes
T4665,U037,19-11-2022,Expense,Utlities,761.0,upi,HYD,Petrol
T6291,U010,08/02/2024,Expense,travel,7200.0,CRD,Lucknow,No Notes
T6314,U034,07-08-21,Expense,Fod,6375.0,Crd,LUC,Doctor consultation
T13664,U135,01/23/2021,Expense,FOOD,1406.0,Crd,Kolkata,No Notes
T12345,U048,12/22/2021,Expense,Rentt,27387.0,Bank Transfer,Unknown,No Notes
T1846,U100,01/15/2021,Expense,food,8909.0,,mumbai,Medicine
T6829,U128,09/23/2022,Expense,Rnt,5095.0,Cash,AHMEDABAD,No Notes
T9477,U149,09-09-22,Expense,Educaton,9665.0,UPI,lucknow,Online course
T1771,U123,2021-03-23,Expense,Travl,3957.0,Card,kolkata,No Notes
T2468,U092,12/22/2024,Expense,Health,9311.0,CARD,Unknown,No Notes
T2272,U125,2023-03-08,Expense,Helth,2634.0,CRD,Kolkata,Lunch
T13981,U025,18-05-23,Income,Salary,36318.0,Cash,CHE,ATM withdrawal
T4693,U018,05/09/2022,Income,Others,32174.0,bank transfer,Jaipur,Internet bill
T2899,U078,2023-12-12,Expense,Foods,2741.0,UPi,lucknow,Online course
T0245,U144,2022-06-12,Expense,Utility,9535.0,Upi,Jaipur,No Notes
T5025,U076,2022-11-14,Income,Others,51548.0,Crd,BANGALORE,test
T7792,U134,2021-12-30,Expense,FOOD,3784.0,CARD,LUC,Grocery shopping
T4330,U083,30-01-2024,Expense,travel,9507.0,Crd,PUN,...
T11121,U015,03/18/2021,Expense,Entrtnmnt,8136.0,Crd,LUC,Restaurant dinner
T11550,U069,2021-11-20,Expense,savings,5163.0,Crd,lucknow,No Notes
T6147,U067,2023-07-08,Income,Others,54871.0,Bank Transfer,ahmedabad,No Notes
T6745,U127,2022-04-24,Expense,Travl,5832.0,CASH,PUN,Coffee
T2077,U094,28-06-23,Expense,Fod,545.0,card,bangalore,test
T7290,U032,13-06-2021,Expense,Helth,3437.0,BankTransfer,Delhi,misc
T0216,U073,2021-05-19,Expense,Travel,5560.0,cash,hyderabad,No Notes
T7623,U079,15-04-21,Expense,Entrtnmnt,8244.0,Bank Transfer,lucknow,Movie tickets
T11605,U028,19-12-21,Expense,savings,7287.0,Csh,Chennai,Petrol
T11413,U078,2021-03-20,Expense,Foodd,2543.0,Bank Transfr,AHM,No Notes
T12078,U085,11-04-21,Expense,others,7855.0,Upi,Ahmedabad,Petrol
T4921,U011,06/14/2021,Income,Salary,27861.0,Card,Mumbai,Uber ride
T8904,U068,05/09/2021,Expense,TRAVEL,8245.0,Csh,LUC,Movie tickets
T9862,U033,2022-01-31,Expense,Helth,7746.0,bank transfer,MUMBAI,Books
T8249,U060,28-04-23,Income,Others,78447.0,UPi,AHM,Coffee
T6305,U076,2021-02-23,Expense,utilities,6196.0,BankTransfer,DELHI,Train ticket
T1555,U112,08/07/2023,Expense,FOOD,1450.0,Card,HYDERABAD,Grocery shopping
T11327,U052,22-01-23,Expense,OTHERS,3833.0,bank transfer,PUN,Uber ride
T11728,U022,2022-09-01,Income,Salary,56876.0,Bank Transfer,PUNE,No Notes
T9690,U071,12/08/2021,Income,Others,24394.0,bank transfer,JAI,Petrol
T12983,U099,04/20/2024,Expense,Rentt,49503.0,Upi,KOL,Lunch
T3462,U057,06/21/2022,Expense,entertainment,6776.0,Upi,LUCKNOW,EMI payment
T11038,U058,06/03/2023,Expense,rent,9713.0,Bank Transfer,pune,Lunch
T9021,U122,02/25/2024,Expense,rent,6055.0,UPi,jaipur,...
T12181,U118,2021-10-11,Expense,Utility,7019.0,bank transfer,kolkata,...
T7755,U069,11/07/2024,Expense,Utlities,9337.0,UPI,HYD,No Notes
T7407,U126,2022-04-29,Expense,Rent,21948.0,bank transfer,PUN,Fixed deposit
T1564,U042,2024-06-13,Expense,Foods,1357.0,upi,Unknown,Electricity bill
T2158,U123,2023-09-07,Expense,EDU,9474.0,upi,bangalore,No Notes
T9162,U130,2021-12-14,Expense,Entertainment,6398.0,Bank Transfer,Lucknow,Doctor consultation
T5987,U078,2022-12-30,Expense,FOOD,4556.0,CARD,bangalore,Lunch
T0676,U034,02/07/2023,Expense,Rent,30233.0,cash,CHE,Petrol
T11063,U087,25-12-2024,Expense,Foods,3285.0,Cash,KOLKATA,Coffee
T12257,U130,27-05-21,Expense,Foods,1945.0,Crd,BAN,misc
T1181,U042,05/29/2021,Expense,Rnt,949.0,CASH,HYDERABAD,Electricity bill
T2803,U109,11/11/2022,Expense,Fod,4484.0,Card,jaipur,Lunch
T9763,U059,2022-04-06,Expense,Entrtnmnt,7317.0,,Delhi,Fixed deposit
T10481,U033,31-10-2022,Expense,Saving,1716.0,Card,Kolkata,misc
T4396,U100,2021-02-27,Expense,rent,3935.0,CARD,lucknow,Internet bill
T1657,U023,2021-01-02,Expense,EDU,2601.0,CARD,Lucknow,!!!
T11099,U014,11-01-2023,Expense,education,8816.0,bank transfer,Chennai,No Notes
T5708,U134,10/14/2021,Income,Investment,65084.0,card,Chennai,Uber ride
T3049,U093,01/02/2024,Expense,Rentt,9129.0,CARD,CHE,Books
T5718,U087,05/13/2022,Expense,rent,1762.0,UPI,CHE,Gym membership
T11673,U004,22-05-21,Income,Others,67081.0,card,MUM,Fixed deposit
T0974,U132,2023-01-12,Expense,RENT,692.0,upi,Lucknow,!!!
T12524,U086,2024-09-19,Expense,rent,9236.0,Card,PUNE,Petrol
T6614,U004,01/13/2021,Income,Investment,79465.0,cash,JAI,asdfgh
T2389,U002,2022-12-08,Expense,HEALTH,5150.0,UPi,BANGALORE,ATM withdrawal
T5010,U123,02/13/2024,Expense,Utility,2109.0,Cash,BAN,Books
T13225,U109,10/19/2023,Expense,Utilities,4418.0,UPI,BAN,Online course
T5352,U148,01-03-23,Expense,Entrtnmnt,1833.0,Csh,LUC,Grocery shopping
T5490,U028,05/16/2023,Expense,Entrtnmnt,1053.0,CRD,MUMBAI,Lunch
T12343,U071,2023-08-12,Expense,FOOD,2508.0,Crd,Bangalore,No Notes
T9155,U037,2023-07-31,Expense,Rent,28481.0,Cash,HYDERABAD,test
T3578,U133,2021-06-08,Expense,utilities,4058.0,bank transfer,Lucknow,No Notes
T5780,U037,2024-10-24,Expense,Utilities,6102.0,Bank_Transfer,BANGALORE,Uber ride
T5478,U027,07/29/2022,Income,Others,43965.0,BankTransfer,Bangalore,Train ticket
T1067,U032,09-05-22,Expense,TRAVEL,9496.0,Upi,PUN,Uber ride
T0654,U031,01/01/2023,Expense,Entertainment,8687.0,CASH,hyderabad,Doctor consultation
T11518,U079,2024-01-16,Expense,Rnt,2758.0,card,DELHI,No Notes
T11061,U014,2023-04-16,Income,Freelance,47132.0,,CHE,No Notes
T1676,U073,11/30/2022,Expense,Rentt,11911.0,csh,JAI,Electricity bill
T3230,U005,31-07-2022,Expense,Rentt,48712.0,Card,delhi,Movie tickets
T6346,U113,01/01/2021,Expense,Entertain,999999.0,Cash,Unknown,Shopping
T13967,U116,02/22/2022,Income,Salary,67600.0,BankTransfer,lucknow,Books
T6204,U090,27-01-24,Expense,Rent,26756.0,UPi,KOL,Internet bill
T1945,U096,2023-04-08,Expense,EDU,7489.0,Bank_Transfer,KOL,No Notes
T3911,U105,01/26/2024,Expense,FOOD,8296.0,Cash,chennai,!!!
T2573,U056,2021-10-31,Expense,Food,713.0,CASH,Bangalore,ATM withdrawal
T0178,U038,08-04-24,Income,Bonus,55071.0,Bank_Transfer,MUMBAI,Train ticket
T8127,U063,05-04-24,Expense,,2947.0,csh,kolkata,No Notes
T6350,U136,02-04-23,Expense,entertainment,4792.0,Bank Transfr,ahmedabad,asdfgh
T10264,U017,30-08-23,Expense,Rnt,5477.0,BankTransfer,PUNE,test
T1955,U044,2024-12-31,Expense,Rnt,4494.0,bank transfer,HYDERABAD,Fixed deposit
T9849,U007,2022-01-11,Expense,Utilties,711.0,BankTransfer,Unknown,Monthly rent payment
T11034,U083,21-06-22,Expense,food,6183.0,Crd,Jaipur,No Notes
T5106,U051,02/14/2023,Expense,Health,380.0,Bank Transfer,BAN,No Notes
T3932,U108,06/21/2021,Expense,RENT,5827.0,csh,lucknow,Grocery shopping
T5553,U106,18-12-24,Expense,TRAVEL,8779.0,csh,Delhi,Grocery shopping
T6799,U138,10-09-24,Expense,Foodd,3456.0,card,DELHI,...
T2840,U150,07/11/2024,Income,Freelance,53734.0,BankTransfer,chennai,Electricity bill
T7179,U040,2023-10-08,Expense,Utilties,278.0,UPI,chennai,No Notes
T9279,U034,2022-08-10,Expense,Food,3999.0,Crd,Unknown,Fixed deposit
T5109,U002,2022-02-28,Expense,Traval,1735.0,BankTransfer,AHMEDABAD,ATM withdrawal
T6118,U070,25-11-22,Income,Others,76678.0,upi,BAN,Uber ride
T7554,U114,10/22/2023,Expense,Education,1961.0,Bank Transfr,pune,Restaurant dinner
T3374,U103,2024-06-15,Income,Freelance,76200.0,UPi,kolkata,Gym membership
T4756,U115,2022-08-24,Expense,Entertain,2909.0,upi,kolkata,No Notes
T12915,U087,26-06-2021,Expense,Entertain,9396.0,UPI,PUN,Gym membership
T0015,U011,05/09/2023,Expense,Utlities,5247.0,UPi,Delhi,Grocery shopping
T11263,U142,03/13/2024,Expense,,3977.0,CASH,Chennai,!!!
T13471,U059,08-10-2021,Expense,Entertain,8517.0,Csh,kolkata,Books
T3075,U057,2021-06-02,Income,Salary,78937.0,Cash,LUC,No Notes
T12872,U079,18-01-2022,Expense,Utility,4184.0,UPI,DEL,xyz123
T1542,U057,2023-05-23,Expense,Entrtnmnt,7946.0,CASH,BANGALORE,No Notes
T0980,U017,2022-07-29,Expense,Utilities,229.0,UPI,BAN,test
T9729,U096,06/03/2023,Income,Others,31924.0,Bank Transfer,KOL,Doctor consultation
T9809,U102,2022-05-10,Expense,entertainment,298.0,card,PUNE,...
T5702,U104,08/12/2024,Expense,Utilties,5852.0,Upi,MUM,Electricity bill
T7185,U074,2023-02-11,Expense,Foods,2050.0,Bank Transfr,Unknown,No Notes
T0257,U139,01/24/2022,Expense,Rnt,9908.0,CARD,Kolkata,misc
T10926,U044,16-06-2021,Expense,Educaton,8165.0,upi,Pune,ATM withdrawal
T6883,U060,23-12-21,Expense,Educaton,9158.0,Bank_Transfer,HYD,No Notes
T5077,U041,2021-12-14,Expense,Rentt,22027.0,Upi,AHM,No Notes
T10754,U056,16-12-2022,Expense,Rentt,38411.0,CARD,chennai,Coffee
T2545,U143,06/13/2022,Expense,Travel,2456.0,bank transfer,Mumbai,Coffee
T13519,U117,2021-09-08,Expense,Fod,4571.0,card,lucknow,xyz123
T7981,U131,09-11-24,Expense,Rnt,8782.0,Csh,KOLKATA,No Notes
T6999,U097,27-11-2024,Expense,education,5623.0,CASH,Unknown,misc
T2570,U109,06/04/2024,Expense,Utility,5005.0,,Pune,Gym membership
T8049,U131,2024-07-17,Income,Others,76448.0,Card,PUNE,No Notes
T8497,U033,31-08-21,Expense,RENT,4574.0,UPi,PUN,Train ticket
T1578,U020,08/06/2024,Expense,Entrtnmnt,2464.0,CRD,HYD,Internet bill
T5827,U042,07/12/2022,Expense,RENT,4434.0,UPi,MUMBAI,ATM withdrawal
T7763,U067,11-11-2023,Expense,FOOD,3667.0,UPi,LUCKNOW,xyz123
T8070,U036,01-03-24,Expense,food,1957.0,Crd,HYD,Coffee
T1508,U111,10/01/2024,Expense,RENT,1564.0,Crd,mumbai,Uber ride
T7394,U102,2021-03-06,Expense,Entertain,3482.0,Bank_Transfer,Mumbai,asdfgh
T10114,U129,2024-01-14,Expense,Rentt,33748.0,UPI,delhi,No Notes
T12865,U034,08/13/2022,Expense,Travel,5564.0,Cash,MUMBAI,...
T13717,U033,2021-11-04,Expense,FOOD,9866.0,csh,Bangalore,No Notes
T9025,U150,07/05/2023,Expense,EDU,4755.0,upi,hyderabad,Uber ride
T11407,U034,2023-02-04,Expense,Traval,2315.0,Crd,MUMBAI,No Notes
T5864,U035,2021-12-11,Expense,Rnt,1947.0,CARD,Ahmedabad,xyz123
T9173,U127,10/17/2022,Expense,Food,1532.0,BankTransfer,HYDERABAD,Coffee
T0022,U032,09/08/2022,Expense,Foods,1092.0,Crd,pune,Grocery shopping
T5503,U104,09/08/2022,Expense,Foods,2855.0,card,Ahmedabad,!!!
T11503,U073,2023-03-17,Expense,Utilities,7304.0,Bank Transfer,kolkata,xyz123
T9726,U019,2023-07-25,Expense,Food,2561.0,upi,chennai,asdfgh
T10002,U102,05/11/2024,Expense,Travl,3364.0,csh,DELHI,No Notes
T10924,U079,08/28/2021,Expense,Rent,23873.0,bank transfer,pune,Fixed deposit
T1321,U037,2022-07-25,Expense,Foodd,474.0,BankTransfer,LUC,...
T11551,U064,12-04-24,Income,Investment,78639.0,Csh,MUM,Fixed deposit
T12934,U081,2021-08-06,Expense,Education,8219.0,csh,BANGALORE,Lunch
T1331,U134,08-01-21,Expense,Utilities,3878.0,Crd,LUC,Gym membership
T0123,U085,15-07-21,Income,Bonus,177959.0,cash,Hyderabad,Monthly rent payment
T9203,U128,2021-07-26,Expense,travel,2804.0,UPi,Bangalore,ATM withdrawal
T0779,U084,15-04-21,Expense,utilities,8520.0,cash,Pune,No Notes
T6657,U093,07-05-23,Expense,Foodd,2063.0,,MUMBAI,EMI payment
T3723,U101,07/14/2024,Expense,Entrtnmnt,311.0,UPi,PUN,xyz123
T10159,U092,2021-09-19,Expense,Rentt,43459.0,csh,Unknown,test
T9306,U110,2024-07-24,Expense,Utlities,4420.0,UPI,Jaipur,Fixed deposit
T7400,U049,22-03-2024,Expense,FOOD,1844.0,BankTransfer,kolkata,xyz123
T11963,U082,2022-10-04,Expense,Travl,4221.0,BankTransfer,KOLKATA,ATM withdrawal
T5942,U141,2022-08-30,Expense,SAVINGS,9615.0,Csh,PUNE,Monthly rent payment
T8813,U042,2024-04-23,Expense,education,7504.0,UPI,LUCKNOW,Monthly rent payment
T13871,U148,09-04-24,Expense,Utility,8890.0,UPi,Ahmedabad,No Notes
T1962,U050,09/29/2023,Expense,FOOD,4097.0,Upi,JAI,No Notes
T6572,U057,2023-08-10,Expense,FOOD,8584.0,CARD,Unknown,No Notes
T12928,U012,2021-01-09,Expense,FOOD,5056.0,Csh,LUCKNOW,Medicine
T5380,U086,06/07/2024,Expense,Savings,2374.0,Upi,mumbai,Electricity bill
T10771,U014,2024-10-08,Expense,education,2453.0,UPi,Lucknow,Restaurant dinner
T3122,U033,03/04/2021,Expense,Travel,7836.0,card,CHENNAI,misc
T11830,U058,2023-11-24,Expense,Entertain,6776.0,card,Kolkata,Shopping
T12093,U130,07/13/2021,Expense,Rent,19280.0,Bank Transfer,hyderabad,Internet bill
T7524,U033,12/29/2023,Expense,Fod,2420.0,CASH,jaipur,Doctor consultation
T12040,U131,2022-04-11,Expense,Utilties,999999.0,,KOLKATA,Restaurant dinner
T2933,U141,01-08-2024,Expense,EDU,6054.0,Bank Transfer,Hyderabad,No Notes
T3033,U121,12/12/2022,Expense,Fod,2226.0,CARD,Unknown,No Notes
T7819,U036,2024-06-24,Expense,entertainment,9742.0,Crd,Kolkata,No Notes
T9880,U042,13-08-22,Expense,Rent,41804.0,Card,kolkata,Fixed deposit
T8119,U061,2022-04-16,Income,,64163.0,card,lucknow,Grocery shopping
T10214,U035,16-07-2021,Expense,Traval,8816.0,Csh,chennai,No Notes
T0489,U007,02/06/2022,Income,Salary,59444.0,Bank_Transfer,Ahmedabad,Restaurant dinner
T5590,U139,08/27/2022,Expense,Utilities,8562.0,bank transfer,KOLKATA,...
T6976,U019,05/13/2024,Expense,Travel,8903.0,Crd,KOL,Uber ride
T0004,U091,01-07-22,Expense,Traval,4110.0,CRD,MUM,Gym membership
T6645,U131,09/13/2022,Income,Freelance,28507.0,Card,DELHI,!!!
T1860,U053,17-01-24,Expense,Entertain,1218.0,Bank Transfer,LUCKNOW,Restaurant dinner
T1533,U095,2023-03-17,Expense,Foods,177.0,Upi,CHENNAI,Internet bill
T8654,U014,2021-12-27,Expense,Food,3768.0,CASH,HYDERABAD,Doctor consultation
T8402,U021,06/23/2024,Income,Others,16637.0,Upi,Unknown,No Notes
T1910,U088,2023-05-02,Expense,Fod,3657.0,Upi,DEL,EMI payment
T6896,U089,27-07-21,Expense,Entrtnmnt,6758.0,Cash,HYD,Uber ride
T10436,U035,28-08-24,Income,Others,808886.0,Bank Transfr,PUNE,xyz123
T13852,U143,05/25/2022,Expense,savings,8854.0,Bank Transfr,AHMEDABAD,Uber ride
T9108,U079,17-04-23,Income,Others,49389.0,Card,Chennai,No Notes
T3166,U105,2023-08-09,Expense,RENT,8088.0,,HYDERABAD,Medicine
T0447,U025,2024-09-22,Expense,Entertainment,5386.0,BankTransfer,chennai,Movie tickets
T12899,U108,2023-09-09,Expense,Education,6624.0,Bank_Transfer,CHE,...
T7499,U064,09/30/2023,Expense,Entertain,6154.0,Bank_Transfer,Mumbai,Books
T9772,U110,01/21/2022,Expense,health,9518.0,Cash,lucknow,Restaurant dinner
T7720,U059,10/07/2021,Income,Freelance,22403.0,Bank Transfr,pune,test
T11912,U078,11/01/2023,Expense,Entertain,5584.0,CARD,HYDERABAD,No Notes
T12987,U085,03/30/2022,Expense,travel,8154.0,UPi,MUM,Train ticket
T0411,U130,2021-08-24,Expense,Entertainment,6776.0,,lucknow,Movie tickets
T3961,U056,2021-07-02,Expense,Traval,2857.0,,JAIPUR,No Notes
T7955,U055,11/23/2024,Expense,FOOD,7743.0,bank transfer,Jaipur,Internet bill
T4126,U021,2022-06-05,Income,Others,17241.0,Upi,Pune,Coffee
T1522,U068,26-12-22,Expense,rent,2598.0,UPI,kolkata,Monthly rent payment
T6714,U116,2021-07-29,Expense,Foodd,1248.0,CRD,PUNE,No Notes
T13651,U038,2024-03-01,Expense,Travl,7187.0,bank transfer,Jaipur,Online course
T7789,U040,2021-08-17,Expense,Fod,5814.0,Bank Transfr,CHE,misc
T2979,U147,07/11/2022,Expense,Educaton,6011.0,upi,Delhi,Grocery shopping
T4177,U078,2021-12-24,Expense,RENT,515.0,CASH,Jaipur,Uber ride
T9146,U131,10-12-22,Expense,HEALTH,4399.0,CARD,Delhi,xyz123
T11326,U079,2024-07-03,Income,Others,13166.0,Crd,KOLKATA,asdfgh
T11426,U142,11/17/2022,Expense,Food,763.0,Card,pune,Restaurant dinner
T13057,U119,05/09/2023,Expense,Health,1175.0,UPI,Unknown,ATM withdrawal
T11969,U072,12/14/2021,Expense,rent,5648.0,,KOL,EMI payment
T7242,U125,2024-01-21,Expense,Foods,793.0,cash,Kolkata,Shopping
T6126,U052,27-10-21,Expense,rent,2305.0,BankTransfer,Lucknow,xyz123
T2186,U002,02/22/2023,Expense,Rent,10099.0,Bank Transfr,CHENNAI,No Notes
T7080,U123,18-08-21,Expense,food,3777.0,Cash,Hyderabad,Internet bill
T3292,U084,12/06/2024,Expense,Entertainment,681.0,Bank Transfr,pune,Restaurant dinner
T8440,U075,28-02-2024,Expense,Rnt,7331.0,CRD,Pune,Electricity bill
T9657,U097,26-02-22,Expense,utilities,7561.0,UPi,JAIPUR,Movie tickets
T5789,U112,2023-05-05,Income,Bonus,25785.0,cash,Delhi,No Notes
T13384,U071,12/20/2021,Expense,Traval,1759.0,Card,Bangalore,EMI payment
T9058,U033,04-01-2021,Expense,rent,9721.0,BankTransfer,delhi,Train ticket
T1517,U067,2021-11-02,Expense,Travel,7661.0,Card,DEL,Uber ride
T9814,U079,06/06/2024,Expense,Travl,7753.0,Card,bangalore,Electricity bill
T8949,U116,22-02-2022,Expense,Rent,25541.0,Card,Hyderabad,Grocery shopping
T11582,U056,06/10/2023,Expense,travel,7931.0,,bangalore,ATM withdrawal
T11214,U085,2024-02-17,Expense,Entrtnmnt,5409.0,Card,LUC,Monthly rent payment
T13707,U020,2021-04-05,Expense,RENT,3841.0,Bank Transfr,Hyderabad,Restaurant dinner
T10496,U034,23-03-24,Expense,entertainment,2696.0,Bank Transfer,chennai,Petrol
T12715,U025,2023-10-12,Expense,entertainment,8479.0,Cash,BAN,No Notes
T13805,U030,21-06-21,Expense,Education,6848.0,card,MUMBAI,test
T9112,U091,2023-12-22,Expense,Traval,8715.0,cash,BANGALORE,...
T13575,U035,02/13/2021,Expense,RENT,6650.0,cash,chennai,Grocery shopping
T11057,U042,2021-12-13,Expense,Traval,7718.0,csh,delhi,Movie tickets
T12809,U031,04/09/2024,Expense,Foods,140.0,card,bangalore,Books
T4380,U062,06/05/2022,Expense,Rentt,29435.0,Cash,ahmedabad,Petrol
T13574,U092,2023-11-01,Expense,food,5452.0,UPI,Jaipur,Online course
T11217,U052,17-09-2022,Expense,FOOD,5081.0,CASH,MUM,!!!
T10740,U054,03-03-21,Expense,Rnt,8302.0,csh,Lucknow,xyz123
T1889,U019,12-05-22,Expense,Utilties,4869.0,CARD,Unknown,Restaurant dinner
T2350,U085,2024-12-23,Expense,Rnt,8373.0,UPi,CHENNAI,Gym membership
T7234,U040,23-02-24,Income,Freelance,66825.0,,Pune,Internet bill
T13807,U115,10/15/2024,Income,Salary,22787.0,Crd,AHM,Shopping
T12060,U058,10/07/2024,Income,Salary,19568.0,card,BANGALORE,ATM withdrawal
T13013,U019,08/10/2022,Expense,rent,3002.0,UPi,AHMEDABAD,ATM withdrawal
T0477,U054,2021-08-29,Expense,TRAVEL,5249.0,Card,MUMBAI,Online course
T3781,U030,2023-11-18,Expense,EDU,7123.0,Csh,PUN,Online course
T2434,U141,12-03-21,Expense,travel,3872.0,csh,LUC,Internet bill
T9871,U108,2023-03-20,Income,Salary,75222.0,bank transfer,Hyderabad,EMI payment
T13389,U025,2023-02-15,Expense,entertainment,4329.0,Bank Transfr,LUC,Train ticket
T13237,U058,08/03/2023,Expense,Travl,4578.0,Bank Transfer,HYDERABAD,Grocery shopping
T3448,U078,12/22/2022,Income,Freelance,18566.0,Crd,jaipur,Internet bill
T12377,U069,23-11-24,Expense,travel,3217.0,CRD,CHE,Grocery shopping
T10079,U091,23-04-21,Expense,SAVINGS,8293.0,Cash,DELHI,No Notes
T6724,U077,06/01/2021,Expense,HEALTH,1880.0,Upi,JAI,Books
T2487,U101,11/16/2024,Expense,rent,8553.0,Csh,lucknow,Shopping
T6842,U141,2024-09-08,Expense,FOOD,8723.0,Upi,pune,misc
T12071,U028,2022-04-25,Expense,Helth,8562.0,Csh,DEL,Internet bill
T6415,U036,11/01/2023,Expense,Entrtnmnt,6408.0,CRD,Ahmedabad,Lunch
T1237,U101,12/30/2023,Expense,utilities,7478.0,card,KOL,Lunch
T7075,U114,2023-07-25,Expense,Travl,2081.0,csh,PUNE,No Notes
T10270,U132,09/23/2023,Income,,45748.0,Bank Transfer,hyderabad,Internet bill
T7295,U058,06/14/2021,Expense,Foods,4435.0,Bank Transfr,CHENNAI,misc
T4305,U147,2023-12-17,Income,Bonus,50177.0,UPi,chennai,Grocery shopping
T12760,U045,2022-07-11,Expense,Rnt,6318.0,Csh,JAI,Movie tickets
T5648,U050,2023-08-30,Expense,Fod,5072.0,UPi,ahmedabad,Lunch
T4616,U018,08-01-2022,Income,Bonus,20954.0,Cash,mumbai,!!!
T10289,U078,2021-05-04,Expense,Foodd,1644.0,CRD,Kolkata,Books
T12419,U076,2021-12-25,Expense,Utilities,2093.0,bank transfer,Unknown,Train ticket
T1580,U103,2021-07-30,Expense,Food,499.0,CARD,lucknow,misc
T13821,U098,2024-12-25,Expense,TRAVEL,6957.0,Bank_Transfer,HYD,ATM withdrawal
T6217,U032,20-01-22,Expense,travel,1893.0,Card,Kolkata,...
T3528,U108,12-05-24,Expense,Travl,7171.0,Bank Transfr,AHM,Movie tickets
T0374,U064,11/02/2024,Expense,food,6613.0,UPI,MUM,Electricity bill
T6304,U069,2024-03-25,Expense,RENT,9323.0,bank transfer,Unknown,No Notes
T1970,U137,08/18/2022,Expense,Food,3387.0,Crd,Ahmedabad,Grocery shopping
T2585,U045,14-04-21,Income,Salary,41355.0,Bank_Transfer,JAI,Movie tickets
T3948,U123,02-03-24,Income,Others,54776.0,Bank_Transfer,JAIPUR,Electricity bill
T1900,U114,10/09/2021,Expense,TRAVEL,999999.0,CRD,Unknown,xyz123
T8330,U150,08/23/2022,Expense,FOOD,5450.0,csh,ahmedabad,ATM withdrawal
T3157,U064,2024-10-19,Income,Freelance,20442.0,Bank Transfr,ahmedabad,Doctor consultation
T0649,U011,11/14/2023,Expense,Travel,4400.0,CRD,hyderabad,Shopping
T2717,U126,02/01/2021,Expense,Travl,5000.0,Csh,HYDERABAD,No Notes
T13241,U084,21-11-2023,Expense,Traval,4996.0,Cash,Delhi,Movie tickets
T6928,U075,08/07/2021,Expense,,7508.0,csh,HYD,test
T0574,U092,19-02-24,Expense,Rnt,9424.0,CASH,LUCKNOW,No Notes
T3863,U063,26-07-21,Expense,Utility,3773.0,CRD,Unknown,Medicine
T11373,U042,2024-02-23,Income,Investment,36907.0,UPI,Chennai,asdfgh
T10636,U067,2022-10-23,Income,Freelance,71792.0,CARD,hyderabad,Electricity bill
T12333,U055,2022-12-06,Expense,Entertain,6264.0,Upi,delhi,ATM withdrawal
T8954,U045,12/11/2024,Expense,Foodd,920.0,Bank_Transfer,CHENNAI,Petrol
T10235,U018,16-01-22,Expense,savings,5176.0,card,LUCKNOW,Uber ride
T9775,U119,2023-10-10,Expense,Entertainment,6971.0,CARD,Delhi,Books
T9306,U054,2023-12-22,Expense,RENT,9990.0,cash,Jaipur,No Notes
T6002,U013,06/27/2023,Expense,Food,2832.0,Card,Jaipur,xyz123
T13352,U086,02/13/2024,Expense,education,1533.0,Cash,HYD,No Notes
T3557,U016,06-02-21,Expense,EDU,2295.0,Card,CHE,Monthly rent payment
T11760,U032,10-06-22,Expense,Rentt,49634.0,CRD,Kolkata,misc
T8147,U043,2023-07-13,Expense,Food,2492.0,CARD,hyderabad,misc
T1268,U141,2022-11-05,Expense,Travl,5832.0,Crd,lucknow,Uber ride
T3144,U061,12/23/2024,Expense,Rnt,9967.0,UPI,pune,Grocery shopping
T12400,U079,06-12-22,Expense,TRAVEL,4891.0,Crd,MUM,Shopping
T13153,U070,06-06-2024,Income,Salary,52742.0,,Lucknow,No Notes
T7877,U035,2023-11-16,Income,Bonus,18073.0,CARD,JAIPUR,!!!
T3983,U084,2023-11-20,Expense,RENT,1398.0,CARD,DELHI,No Notes
T8103,U037,2023-10-08,Expense,Rentt,41059.0,cash,Ahmedabad,asdfgh
T10554,U025,2024-01-29,Expense,Helth,1014.0,Crd,hyderabad,Medicine
T13103,U069,09-06-24,Expense,food,7086.0,csh,Kolkata,!!!
T2968,U060,14-08-23,Expense,Utilities,5371.0,Csh,Pune,Petrol
T11609,U107,03/06/2022,Expense,,3003.0,Bank_Transfer,LUCKNOW,Monthly rent payment
T8645,U038,2021-11-30,Expense,TRAVEL,4525.0,Bank Transfer,Kolkata,EMI payment
T6640,U062,2024-10-15,Expense,Foodd,1583.0,Cash,Delhi,Lunch
T13724,U047,10/13/2021,Income,Freelance,33248.0,BankTransfer,Lucknow,Petrol
T5073,U021,19-07-21,Expense,HEALTH,5123.0,upi,KOLKATA,No Notes
T6186,U070,11/11/2024,Expense,Education,5470.0,CRD,Delhi,Monthly rent payment
T12189,U096,17-05-2022,Expense,Food,1271.0,CASH,Hyderabad,ATM withdrawal
T1691,U088,2024-06-28,Income,Freelance,71695.0,UPi,ahmedabad,xyz123
T10012,U092,19-09-22,Expense,Entrtnmnt,2475.0,CARD,chennai,Movie tickets
T4735,U049,03-08-24,Expense,FOOD,5726.0,csh,HYDERABAD,Restaurant dinner
T9209,U016,2022-03-11,Expense,Education,5656.0,CRD,DEL,Uber ride
T4259,U119,2023-08-29,Expense,EDU,493.0,Bank Transfer,delhi,Books
T3680,U042,03-02-2024,Expense,food,9010.0,Bank Transfr,Ahmedabad,No Notes
T1175,U048,2023-06-08,Expense,Traval,4220.0,Crd,Chennai,Online course
T2073,U083,05/18/2021,Expense,Utlities,7789.0,Card,PUNE,No Notes
T6846,U076,01/23/2021,Expense,Foodd,3716.0,upi,JAI,Online course
T9246,U078,2021-11-18,Expense,TRAVEL,227.0,Card,delhi,Electricity bill
T7756,U144,2022-09-23,Expense,Rent,9400.0,bank transfer,AHMEDABAD,No Notes
T9509,U019,17-04-23,Expense,,6808.0,UPi,kolkata,No Notes
T10811,U006,19-04-24,Income,Salary,26817.0,card,PUN,Movie tickets
T4595,U098,11/20/2022,Expense,Utlities,9908.0,UPI,HYDERABAD,Restaurant dinner
T5390,U007,14-07-23,Expense,Others,6794.0,CASH,Jaipur,test
T3310,U083,10/10/2022,Expense,rent,9904.0,,AHMEDABAD,Gym membership
T4780,U067,2023-01-21,Income,Investment,58797.0,,Mumbai,Electricity bill
T2087,U113,2022-12-31,Expense,Helth,655.0,Bank Transfer,Lucknow,Uber ride
T7271,U025,10/20/2024,Expense,Utilties,2723.0,Bank Transfr,lucknow,asdfgh
T13874,U045,01/26/2021,Expense,Travl,6092.0,Csh,Hyderabad,No Notes
T4550,U112,06/06/2022,Expense,Utlities,9837.0,Bank_Transfer,kolkata,No Notes
T8262,U147,06/03/2023,Income,Investment,37750.0,csh,Mumbai,Books
T12264,U035,17-10-22,Expense,travel,5333.0,Bank Transfr,ahmedabad,Lunch
T0559,U002,14-09-24,Expense,RENT,8324.0,Csh,Chennai,...
T9402,U007,2023-05-31,Expense,Rentt,36864.0,CRD,BANGALORE,...
T0307,U089,26-06-22,Expense,Travl,7903.0,BankTransfer,bangalore,...
T13359,U052,2022-05-04,Expense,entertainment,4039.0,cash,Unknown,Coffee
T10439,U047,2023-04-11,Expense,Foods,604.0,Upi,Delhi,Medicine
T10352,U108,01/24/2024,Expense,food,1663.0,card,hyderabad,Electricity bill
T2413,U086,15-04-24,Expense,rent,2750.0,BankTransfer,kolkata,Lunch
T12199,U048,03-05-23,Expense,rent,6665.0,Bank Transfr,KOL,Coffee
T9453,U020,09/27/2022,Income,Salary,75496.0,bank transfer,KOL,No Notes
T9195,U022,2022-04-10,Income,Others,22891.0,CRD,Chennai,No Notes
T9238,U112,15-11-22,Income,Investment,45145.0,card,DEL,Medicine
T12212,U115,07/16/2023,Expense,Food,3566.0,csh,Pune,Online course
T4084,U120,2021-04-26,Income,Bonus,72863.0,bank transfer,Unknown,Internet bill
T7989,U071,2023-06-07,Expense,Rent,28559.0,upi,Chennai,EMI payment
T10248,U066,2024-04-29,Income,Bonus,46426.0,,LUC,Petrol
T4151,U096,09/12/2023,Expense,Foodd,2684.0,Bank_Transfer,AHMEDABAD,Shopping
T11380,U074,2022-11-06,Expense,EDU,3201.0,bank transfer,ahmedabad,Monthly rent payment
T10092,U044,2023-09-24,Expense,Rent,999999.0,Upi,pune,Internet bill
T9369,U016,2024-11-10,Expense,FOOD,2491.0,CASH,ahmedabad,Online course
T8703,U074,12/05/2023,Expense,Entrtnmnt,6888.0,UPI,lucknow,asdfgh
T9736,U031,2024-09-21,Expense,health,8041.0,card,chennai,Petrol
T7050,U035,18-08-23,Income,Others,659533.0,upi,AHM,No Notes
T1667,U087,02-05-22,Expense,RENT,9131.0,csh,MUMBAI,Uber ride
T5383,U024,18-09-23,Expense,food,5293.0,upi,Unknown,Monthly rent payment
T13021,U118,2022-05-06,Expense,Entrtnmnt,1341.0,UPI,LUCKNOW,Books
T6868,U083,07/04/2021,Expense,Travel,8302.0,UPI,DEL,No Notes
T1948,U024,26-10-23,Expense,Utilities,6044.0,Bank Transfr,Mumbai,!!!
T7043,U066,04/01/2023,Expense,Foodd,4122.0,upi,kolkata,Books
T5564,U126,10/12/2024,Expense,Travl,1145.0,UPI,bangalore,!!!
T6622,U124,10/12/2021,Expense,Food,3142.0,,delhi,Electricity bill
T5558,U088,04/08/2024,Expense,Education,9175.0,,Mumbai,No Notes
T12684,U027,11-11-2023,Expense,Entertain,1659.0,csh,hyderabad,No Notes
T8968,U068,01/16/2021,Expense,rent,8831.0,Bank_Transfer,LUCKNOW,Movie tickets
T3295,U077,2024-10-04,Expense,Educaton,3822.0,Bank Transfer,Delhi,ATM withdrawal
T12853,U017,2024-09-01,Expense,rent,1501.0,,AHM,Fixed deposit
T11007,U054,2023-02-24,Expense,Educaton,3661.0,Card,pune,Movie tickets
T13263,U094,08/29/2023,Expense,Entertainment,4419.0,CARD,Kolkata,ATM withdrawal
T0110,U079,2023-03-22,Expense,Rent,27579.0,CASH,Unknown,Train ticket
T11635,U050,03-04-24,Expense,Food,2691.0,CASH,Ahmedabad,Monthly rent payment
T1457,U124,2024-03-19,Expense,Travl,9004.0,UPI,AHMEDABAD,Doctor consultation
T12474,U150,2022-06-09,Expense,Utlities,840.0,UPi,kolkata,Doctor consultation
T11393,U070,2024-10-28,Income,Salary,18170.0,UPI,HYD,...
T0054,U102,05-03-24,Expense,Entertain,4789.0,card,Bangalore,Movie tickets
T7861,U101,01/04/2021,Expense,Food,1228.0,Crd,HYD,Shopping
T5223,U103,24-11-24,Income,Others,63544.0,CRD,Jaipur,No Notes
T1459,U085,06/10/2022,Expense,Entertainment,5390.0,CASH,Kolkata,Uber ride
T11996,U056,2021-07-12,Expense,Rentt,7851.0,bank transfer,Bangalore,Electricity bill
T7822,U058,2021-07-13,Expense,Rent,41599.0,csh,Chennai,Shopping
T9517,U015,01/10/2022,Expense,Rent,7043.0,Bank_Transfer,Mumbai,Monthly rent payment
T5794,U082,11/09/2023,Expense,Utilities,9225.0,card,PUNE,No Notes
T0084,U128,23-01-2023,Expense,Foods,3577.0,UPI,KOLKATA,EMI payment
T9886,U117,11/29/2021,Expense,food,5045.0,upi,PUN,EMI payment
T8203,U067,09/04/2021,Expense,Travl,4885.0,Bank Transfer,KOL,Petrol
T7991,U079,02-02-23,Expense,Travel,4796.0,Card,Delhi,ATM withdrawal
T2862,U002,2024-04-30,Expense,Saving,1443.0,Crd,lucknow,Grocery shopping
T4858,U075,28-06-23,Expense,Traval,8508.0,Cash,Unknown,No Notes
T1018,U150,2022-12-04,Expense,travel,2515.0,Bank_Transfer,Delhi,Train ticket
T10484,U030,2022-10-22,Expense,TRAVEL,1906.0,Bank Transfr,HYDERABAD,Train ticket
T8553,U091,2021-08-21,Expense,Rent,7812.0,bank transfer,LUC,No Notes
T9560,U030,2022-09-09,Expense,Entertain,1034.0,Bank Transfer,ahmedabad,Online course
T8331,U053,31-10-2021,Expense,rent,2764.0,Bank Transfer,Jaipur,test
T8376,U069,26-09-22,Expense,Entertainment,4317.0,csh,bangalore,No Notes
T10036,U097,2024-08-13,Expense,Rnt,8371.0,Csh,bangalore,EMI payment
T6691,U023,2024-03-01,Expense,Foodd,4946.0,csh,Unknown,Books
T13457,U090,03/18/2021,Expense,Rentt,9787.0,UPI,jaipur,ATM withdrawal
T12836,U003,07/09/2024,Income,Others,24470.0,Card,bangalore,No Notes
T8287,U029,2021-11-02,Expense,Foodd,696.0,Bank Transfer,Hyderabad,test
T2627,U097,2022-06-20,Expense,Rentt,10481.0,cash,Pune,Internet bill
T4107,U015,2023-07-30,Expense,,2301.0,Bank_Transfer,JAIPUR,Medicine
T12674,U143,2023-01-07,Expense,Entertainment,6267.0,card,JAIPUR,No Notes
T2064,U123,28-09-22,Income,Investment,51950.0,BankTransfer,Kolkata,Coffee
T2122,U083,10/13/2022,Expense,Food,110.0,BankTransfer,delhi,No Notes
T4704,U007,01-05-24,Income,Others,22919.0,CRD,Mumbai,Medicine
T9405,U010,04-08-23,Expense,Travl,7264.0,Upi,PUN,No Notes
T1686,U039,17-09-21,Expense,,2506.0,Card,kolkata,Doctor consultation
T9685,U008,20-06-22,Income,Bonus,27385.0,upi,Kolkata,Uber ride
T2783,U068,2023-12-31,Expense,Rentt,30261.0,Cash,Lucknow,Restaurant dinner
T13979,U092,2022-01-25,Income,Others,72870.0,UPI,CHENNAI,Fixed deposit
T8165,U059,10/26/2022,Expense,Entertain,9999.0,Cash,HYDERABAD,Medicine
T6688,U150,23-12-2023,Income,Salary,29447.0,Bank Transfr,BANGALORE,asdfgh
T9366,U036,10/03/2024,Expense,Foodd,3656.0,Bank_Transfer,MUM,Medicine
T3197,U059,05-09-23,Expense,Education,8312.0,bank transfer,Chennai,No Notes
T0866,U050,2022-11-22,Expense,Entrtnmnt,1797.0,Csh,Unknown,Fixed deposit
T11685,U121,10/28/2023,Expense,Utility,4460.0,UPi,PUNE,Online course
T8380,U022,2021-05-21,Income,Bonus,23141.0,Bank Transfr,JAIPUR,Grocery shopping
T1573,U047,2021-04-21,Expense,EDU,9070.0,Crd,mumbai,Online course
T6954,U091,2024-11-14,Expense,Rent,47394.0,Card,bangalore,Electricity bill
T3126,U024,11/03/2023,Income,Bonus,73206.0,Upi,JAI,Medicine
T10072,U037,21-05-2024,Expense,Rentt,23117.0,CASH,Pune,Movie tickets
T9218,U002,2023-11-06,Expense,Foods,3203.0,Crd,lucknow,misc
T1135,U007,08-01-2024,Expense,travel,1582.0,UPi,LUC,Fixed deposit
T1462,U109,02/21/2021,Expense,RENT,2419.0,upi,KOL,Medicine
T0979,U117,29-12-24,Expense,Utlities,6006.0,UPi,LUCKNOW,xyz123
T8592,U111,08/14/2024,Expense,TRAVEL,539.0,CASH,MUM,Shopping
T2522,U069,2023-03-25,Expense,RENT,1493.0,Bank Transfr,BAN,test
T2152,U142,18-10-21,Expense,Rnt,1462.0,UPI,Jaipur,Restaurant dinner
T3780,U074,11-09-23,Expense,Education,9580.0,,Unknown,Gym membership
T4940,U089,31-12-2022,Expense,Traval,5439.0,CARD,DELHI,Electricity bill
T12500,U063,11/11/2024,Expense,Education,6588.0,Card,MUMBAI,...
T7211,U119,2022-01-02,Expense,Rnt,433.0,CARD,BAN,Electricity bill
T11507,U137,05/06/2022,Expense,food,2863.0,upi,DELHI,No Notes
T12347,U129,31-03-24,Income,Investment,38968.0,bank transfer,chennai,Train ticket
T9254,U053,2024-12-13,Income,Salary,70832.0,UPI,JAI,Electricity bill
T10262,U056,2022-12-12,Income,Others,26135.0,UPi,MUMBAI,misc
T3695,U027,17-03-23,Expense,FOOD,1114.0,UPI,KOLKATA,Electricity bill
T12209,U017,2023-02-17,Expense,Entertainment,9671.0,UPi,Chennai,test
T11748,U081,2023-04-29,Expense,Foodd,2137.0,Csh,BAN,misc
T13187,U031,2023-09-23,Expense,Food,3383.0,cash,bangalore,Internet bill
T6648,U132,2024-03-12,Expense,Saving,6503.0,Cash,CHE,Coffee
T2426,U020,2022-01-17,Expense,FOOD,7378.0,BankTransfer,BANGALORE,!!!
T13753,U078,25-10-2021,Expense,Savings,6823.0,,pune,EMI payment
T1407,U115,07/21/2022,Expense,EDU,1623.0,Bank Transfer,ahmedabad,!!!
T12043,U142,08/11/2023,Expense,travel,1596.0,Bank_Transfer,chennai,Shopping
T10637,U055,04/25/2021,Expense,Educaton,7687.0,CRD,Mumbai,Internet bill
T10530,U003,2024-06-19,Expense,Travl,3144.0,Csh,Hyderabad,Grocery shopping
T7139,U127,2022-04-22,Expense,HEALTH,7310.0,Csh,DEL,Fixed deposit
T6259,U134,13-01-22,Income,Bonus,24140.0,upi,Pune,Books
T6581,U004,07/20/2024,Income,Freelance,67091.0,upi,AHMEDABAD,ATM withdrawal
T1406,U063,12-04-2024,Expense,Rent,44180.0,UPI,DELHI,No Notes
T3059,U067,22-07-2024,Income,Salary,40041.0,CASH,ahmedabad,Online course
T12098,U020,07/20/2024,Expense,food,2027.0,Bank Transfr,Bangalore,xyz123
T3885,U093,2021-11-22,Expense,entertainment,705.0,Bank_Transfer,jaipur,Books
T2518,U012,2023-07-26,Expense,Rentt,44154.0,BankTransfer,BANGALORE,test
T12935,U094,2022-03-28,Expense,Foods,2517.0,UPI,Pune,EMI payment
T12360,U107,17-05-23,Expense,FOOD,7750.0,Cash,PUNE,Lunch
T3074,U105,13-04-21,Expense,Rnt,2932.0,CASH,chennai,misc
T0090,U082,07/11/2023,Expense,Fod,3081.0,Cash,KOL,Petrol
T10411,U074,2021-06-16,Expense,Utility,1589.0,UPi,bangalore,No Notes
T7441,U131,11/18/2024,Expense,Fod,6265.0,Card,Ahmedabad,Books
T1259,U069,22-04-21,Expense,Rnt,7858.0,upi,CHENNAI,No Notes
T7099,U074,09/06/2023,Income,Others,32766.0,Cash,kolkata,Medicine
T6231,U039,2022-05-24,Expense,Entertainment,7969.0,csh,kolkata,EMI payment
T2697,U054,08/18/2021,Expense,FOOD,8332.0,CASH,LUCKNOW,Gym membership
T5877,U061,2024-05-09,Income,Salary,40770.0,bank transfer,Jaipur,ATM withdrawal
T8179,U092,2023-01-10,Expense,Fod,1128.0,CARD,KOL,Gym membership
T6718,U042,2021-11-10,Expense,entertainment,3185.0,UPI,kolkata,Restaurant dinner
T13734,U117,2022-09-01,Expense,Rnt,9459.0,card,delhi,Petrol
T8790,U105,09/10/2022,Expense,RENT,6636.0,Bank Transfr,lucknow,Restaurant dinner
T1291,U036,2021-02-24,Expense,entertainment,5984.0,Bank_Transfer,Mumbai,test
T4937,U132,25-09-24,Expense,Utilties,3692.0,csh,delhi,No Notes
T9399,U074,02/12/2024,Expense,Educaton,3053.0,CRD,DELHI,...
T0919,U083,2024-05-05,Expense,Fod,8928.0,Bank_Transfer,bangalore,Electricity bill
T12821,U055,10/13/2022,Income,Others,11411.0,CASH,HYD,Movie tickets
T3930,U020,14-02-22,Expense,FOOD,4861.0,Upi,ahmedabad,!!!
T5674,U056,2021-05-16,Expense,Utility,5612.0,Cash,Chennai,Shopping
T11593,U008,06-06-22,Expense,Utilities,869.0,cash,Unknown,EMI payment
T4060,U083,02-03-21,Expense,Foodd,2795.0,cash,Bangalore,Doctor consultation
T8701,U086,2023-08-20,Expense,TRAVEL,1706.0,csh,Pune,Monthly rent payment
T7970,U149,2021-06-24,Expense,entertainment,4825.0,Bank_Transfer,Unknown,asdfgh
T1220,U124,08-12-24,Expense,rent,1701.0,cash,ahmedabad,Grocery shopping
T4730,U091,14-07-2022,Expense,Foods,3015.0,Upi,pune,ATM withdrawal
T8327,U142,2021-03-27,Expense,FOOD,7589.0,UPI,DELHI,Doctor consultation
T0624,U121,2022-01-02,Expense,Travl,8924.0,card,KOL,No Notes
T8189,U086,02/25/2023,Income,Freelance,36290.0,cash,Lucknow,Doctor consultation
T3291,U121,04/13/2024,Expense,HEALTH,543.0,Upi,CHE,Gym membership
T9190,U114,2024-01-26,Expense,Traval,3669.0,cash,Mumbai,Internet bill
T5554,U147,2021-08-21,Expense,entertainment,7807.0,,LUCKNOW,No Notes
T0800,U018,10-04-22,Income,Bonus,58348.0,,Mumbai,No Notes
T12903,U147,31-10-24,Expense,Travl,5121.0,BankTransfer,mumbai,Fixed deposit
T1499,U020,26-05-22,Expense,Travel,3757.0,csh,AHMEDABAD,Restaurant dinner
T8066,U108,02-01-23,Expense,Entertain,7388.0,CASH,delhi,...
T1739,U142,2021-06-10,Expense,Utilities,4770.0,card,PUN,Internet bill
T9865,U103,03-06-2021,Expense,Misc,2555.0,UPI,PUNE,Books
T1901,U019,2024-05-06,Expense,utilities,1183.0,Bank Transfer,ahmedabad,Electricity bill
T5372,U100,10/26/2023,Expense,Travel,4512.0,cash,PUN,No Notes
T9520,U148,03-02-22,Expense,rent,6528.0,Card,Ahmedabad,No Notes
T2342,U038,11/26/2023,Expense,education,9449.0,CRD,LUC,EMI payment
T8044,U047,05/16/2022,Expense,Travl,5521.0,upi,MUM,Restaurant dinner
T8008,U088,2023-09-16,Income,Freelance,56655.0,Csh,PUNE,Gym membership
T7746,U139,11/15/2024,Expense,Rent,18962.0,UPi,DEL,No Notes
T8302,U061,04/02/2023,Expense,Fod,8459.0,BankTransfer,Hyderabad,Movie tickets
T12112,U015,2021-08-28,Expense,entertainment,3643.0,BankTransfer,PUNE,No Notes
T11733,U043,01-05-2021,Expense,Rentt,46192.0,upi,AHMEDABAD,asdfgh
T1745,U100,29-09-2024,Expense,Utilities,8910.0,card,Bangalore,Lunch
T7854,U138,01-06-2022,Income,Bonus,72181.0,Csh,BAN,No Notes
T4412,U004,2024-10-25,Expense,entertainment,8765.0,BankTransfer,KOL,Internet bill
T3471,U099,08-12-24,Expense,Utlities,2512.0,Bank_Transfer,lucknow,Monthly rent payment
T13181,U049,31-01-22,Expense,rent,4203.0,CARD,pune,Coffee
T3217,U101,2021-04-16,Expense,Utilties,7022.0,Upi,PUN,Petrol
T13269,U101,09-04-2021,Expense,TRAVEL,6342.0,UPi,Ahmedabad,Restaurant dinner
T7485,U134,05/24/2021,Expense,Fod,4185.0,BankTransfer,lucknow,...
T7121,U018,03/18/2021,Expense,,9798.0,cash,chennai,No Notes
T10671,U097,2024-09-26,Expense,Utlities,1315.0,upi,Mumbai,misc
T3488,U103,28-05-2022,Expense,food,1159.0,BankTransfer,jaipur,No Notes
T8183,U037,03/13/2024,Expense,Fod,7170.0,CASH,AHMEDABAD,test
T8697,U052,04-09-2023,Income,Salary,37388.0,Upi,delhi,Restaurant dinner
T9994,U069,03/29/2022,Expense,Foodd,1053.0,Bank_Transfer,LUCKNOW,Grocery shopping
T11324,U073,05/08/2021,Expense,Savings,3802.0,Bank Transfr,lucknow,Uber ride
T9070,U063,2022-10-25,Income,Investment,14179.0,upi,Hyderabad,ATM withdrawal
T5760,U123,2024-07-30,Expense,Entertain,4714.0,CARD,Unknown,Movie tickets
T12972,U077,2021-01-02,Expense,education,5725.0,upi,LUC,Lunch
T3381,U124,2023-12-03,Expense,HEALTH,4680.0,Csh,AHM,asdfgh
T0158,U096,06/23/2021,Expense,Rnt,9403.0,Upi,pune,No Notes
T8944,U030,08/28/2022,Expense,Health,1204.0,Bank Transfr,lucknow,No Notes
T3071,U087,02-12-21,Expense,Travl,6877.0,CARD,MUM,Online course
T2093,U113,10/23/2023,Expense,Utility,8262.0,bank transfer,JAI,Electricity bill
T2374,U074,28-07-2024,Expense,RENT,8965.0,,HYD,Internet bill
T4820,U043,08/27/2022,Expense,Saving,1206.0,CRD,ahmedabad,No Notes
T3110,U150,09/13/2024,Expense,Travel,5085.0,cash,CHENNAI,Fixed deposit
T10962,U127,08/25/2022,Expense,Rent,49439.0,,pune,Medicine
T9428,U013,2024-04-19,Expense,RENT,778.0,cash,KOL,Monthly rent payment
T0532,U107,09-01-2021,Expense,,6234.0,Upi,Lucknow,...
T5281,U017,12/02/2022,Income,Others,61240.0,UPi,BANGALORE,test
T12034,U049,08-07-2024,Expense,Food,1917.0,Upi,Unknown,No Notes
T8498,U105,2021-02-27,Expense,Utlities,8562.0,CASH,chennai,Doctor consultation
T2719,U139,14-10-21,Expense,Education,9998.0,bank transfer,Mumbai,Internet bill
T13089,U019,2023-01-23,Expense,Rent,37094.0,upi,BANGALORE,Lunch
T7749,U118,2024-03-20,Expense,utilities,7271.0,Upi,CHENNAI,Lunch
T8422,U109,10/06/2021,Expense,Foodd,4968.0,Upi,Mumbai,Books
T10414,U048,05/03/2024,Expense,Utilities,2438.0,Bank_Transfer,Delhi,No Notes
T10070,U077,2024-09-24,Expense,Rnt,9166.0,upi,KOLKATA,Restaurant dinner
T1833,U070,2024-07-03,Expense,education,7584.0,Crd,lucknow,Train ticket
T12167,U148,2022-05-25,Expense,food,3479.0,CRD,LUC,misc
T1198,U036,09-08-22,Income,Investment,21870.0,,JAI,xyz123
T10840,U098,2023-11-11,Expense,Foodd,2295.0,BankTransfer,kolkata,Doctor consultation
T11524,U138,06/01/2021,Expense,education,669.0,Cash,Unknown,Restaurant dinner
T2666,U015,03/23/2022,Income,Freelance,34009.0,Bank Transfr,Bangalore,Electricity bill
T2550,U055,12/03/2022,Expense,Saving,880.0,Crd,PUNE,Internet bill
T6447,U017,09/02/2024,Expense,SAVINGS,6243.0,CASH,LUC,No Notes
T1506,U108,08/13/2023,Expense,Rent,19545.0,UPI,HYDERABAD,ATM withdrawal
T0953,U100,2024-11-07,Expense,FOOD,984.0,Bank_Transfer,CHENNAI,No Notes
T4264,U108,2024-04-11,Expense,Travel,3797.0,Crd,CHE,Coffee
T12864,U060,2024-07-26,Expense,Rent,32499.0,Bank_Transfer,DEL,Shopping
T13579,U062,17-08-21,Expense,Food,913.0,Crd,lucknow,Doctor consultation
T2967,U119,04-09-2023,Expense,Rentt,27404.0,CRD,HYD,!!!
T2019,U120,2021-01-25,Income,Bonus,39406.0,Bank_Transfer,JAI,xyz123
T2267,U044,2022-08-23,Income,Bonus,55521.0,CARD,Unknown,Petrol
T9527,U128,06-11-24,Income,Salary,11356.0,card,Jaipur,Online course
T3112,U111,17-09-2022,Expense,SAVINGS,2533.0,Crd,delhi,Internet bill
T9917,U048,10-07-2023,Expense,utilities,5633.0,Upi,Hyderabad,Grocery shopping
T1384,U044,2022-07-08,Expense,Traval,1104.0,CARD,Mumbai,Movie tickets
T2958,U031,14-01-2022,Expense,Utlities,9440.0,Card,Hyderabad,Fixed deposit
T8142,U021,2023-12-06,Expense,TRAVEL,5097.0,Bank Transfr,hyderabad,No Notes
T9587,U067,2021-01-02,Expense,Entertain,8117.0,Crd,Bangalore,ATM withdrawal
T3550,U111,2023-11-13,Income,Investment,30476.0,csh,KOLKATA,xyz123
T11908,U131,05/18/2021,Expense,EDU,4093.0,CRD,Pune,Coffee
T10162,U049,19-04-2022,Income,Salary,44695.0,CASH,lucknow,...
T6320,U138,31-01-23,Expense,Health,6719.0,UPI,bangalore,EMI payment
T8226,U007,2022-10-13,Expense,Traval,4042.0,Bank_Transfer,Unknown,Internet bill
T5894,U104,2022-08-12,Expense,HEALTH,7670.0,upi,Bangalore,...
T2333,U100,01/24/2024,Expense,TRAVEL,233.0,Csh,CHE,No Notes
T4957,U096,02/19/2022,Expense,Rentt,22666.0,CRD,BANGALORE,test
T4805,U129,11/04/2022,Expense,Educaton,5020.0,UPi,KOLKATA,Uber ride
T11367,U080,04/03/2024,Income,Freelance,44911.0,bank transfer,LUCKNOW,Electricity bill
T2685,U103,2023-12-21,Expense,Utilties,7205.0,upi,CHE,No Notes
T5348,U117,04/03/2022,Expense,Foodd,2982.0,cash,kolkata,No Notes
T0017,U027,2021-10-03,Income,Freelance,54942.0,UPi,MUM,Online course
T4684,U002,2021-12-22,Income,Investment,71558.0,UPi,Chennai,ATM withdrawal
T10908,U062,2024-12-22,Expense,FOOD,616.0,Upi,mumbai,Online course
T0580,U053,2023-12-03,Expense,Educaton,2425.0,Bank Transfer,Unknown,Lunch
T10787,U013,2021-10-26,Expense,Rnt,2310.0,BankTransfer,JAI,Internet bill
T3992,U099,2024-08-31,Expense,TRAVEL,9727.0,UPi,ahmedabad,Gym membership
T3810,U119,2024-03-03,Expense,Utilities,3815.0,Bank Transfr,lucknow,!!!
T7320,U084,2024-01-03,Expense,TRAVEL,3106.0,BankTransfer,AHMEDABAD,Petrol
T8158,U130,2024-12-21,Expense,food,967.0,CRD,Bangalore,Internet bill
T10676,U132,14-11-23,Expense,Fod,5366.0,cash,MUM,...
T1806,U094,07/22/2023,Expense,entertainment,2195.0,Bank Transfr,AHM,xyz123
T8973,U077,10/26/2023,Expense,Travl,3557.0,CRD,LUC,Gym membership
T8206,U107,01/31/2021,Expense,Travl,8791.0,UPi,Chennai,misc
T2587,U071,2023-10-19,Expense,rent,1667.0,UPI,MUM,No Notes
T6345,U142,2023-01-11,Expense,RENT,4409.0,UPi,AHMEDABAD,Doctor consultation
T13216,U032,11/12/2024,Expense,Traval,3980.0,CRD,mumbai,Gym membership
T8775,U059,2021-01-20,Expense,Rentt,37161.0,CRD,Lucknow,Coffee
T0605,U032,02/13/2023,Expense,Other,1353.0,Bank Transfer,Unknown,Movie tickets
T0044,U127,01-04-23,Expense,Educaton,1999.0,csh,MUM,Medicine
T2627,U059,30-03-2024,Expense,HEALTH,6298.0,bank transfer,LUCKNOW,Doctor consultation
T4348,U041,01/09/2021,Income,Investment,34601.0,Cash,Unknown,ATM withdrawal
T6939,U014,05/20/2024,Expense,Fod,2946.0,card,Ahmedabad,...
T11050,U036,2022-09-10,Expense,RENT,1418.0,cash,JAI,Shopping
T3828,U086,05/13/2024,Expense,rent,8925.0,cash,HYD,No Notes
T3193,U137,01/04/2022,Expense,Entertainment,4514.0,CRD,LUC,Coffee
T4259,U031,2021-11-11,Expense,Utlities,7863.0,,KOLKATA,Medicine
T5423,U078,2023-11-24,Income,Investment,45035.0,cash,Kolkata,Lunch
T3119,U130,10/01/2022,Expense,Utilities,7605.0,UPI,AHMEDABAD,Medicine
T2773,U028,04/04/2023,Expense,TRAVEL,2319.0,Bank Transfr,jaipur,Doctor consultation
T6827,U142,08/16/2024,Expense,TRAVEL,6239.0,card,Unknown,No Notes
T6005,U140,31-05-23,Expense,Entrtnmnt,3196.0,CARD,JAI,xyz123
T4679,U015,12-07-21,Income,Salary,77377.0,Cash,CHE,No Notes
T12841,U113,2021-10-03,Expense,Rent,21432.0,card,kolkata,No Notes
T3131,U006,2023-12-07,Expense,Utility,5789.0,Bank Transfr,Delhi,No Notes
T12765,U142,06/02/2021,Expense,utilities,5777.0,CARD,Lucknow,Books
T7835,U079,29-10-2021,Expense,utilities,6223.0,UPI,DEL,Monthly rent payment
T4263,U136,08/26/2022,Expense,Travl,6135.0,card,lucknow,Fixed deposit
T3378,U065,03/23/2021,Expense,food,8710.0,card,Jaipur,Grocery shopping
T1926,U058,06/01/2022,Expense,Utilties,2892.0,UPi,lucknow,Electricity bill
T13748,U075,01/05/2023,Income,Freelance,76703.0,CRD,BAN,ATM withdrawal
T2865,U089,02/17/2023,Expense,Utility,9308.0,csh,HYDERABAD,Online course
T8833,U028,2021-09-29,Expense,Foodd,2703.0,bank transfer,PUN,Uber ride
T10271,U125,2022-11-03,Expense,Travl,3152.0,card,DEL,Monthly rent payment
T13043,U046,2023-07-05,Expense,food,1547.0,upi,BANGALORE,Internet bill
T6416,U058,07/21/2021,Expense,Utilities,5362.0,UPI,BANGALORE,EMI payment
T7357,U114,18-07-21,Expense,food,7080.0,Upi,LUCKNOW,Train ticket
T1922,U026,2024-04-16,Expense,Rent,23398.0,CRD,PUN,Monthly rent payment
T2127,U012,01/02/2024,Expense,Travl,976.0,Csh,Hyderabad,Lunch
T1157,U129,10/16/2024,Expense,health,3448.0,BankTransfer,Unknown,No Notes
T9387,U097,2024-04-18,Expense,Savings,3928.0,UPi,Unknown,Restaurant dinner
T3539,U097,2023-11-25,Expense,Utlities,8706.0,Card,Delhi,Uber ride
T9569,U003,04-11-2021,Expense,Travl,2586.0,,JAIPUR,!!!
T3629,U029,2021-05-08,Expense,Food,3970.0,csh,Pune,ATM withdrawal
T5221,U068,02/28/2024,Expense,Entrtnmnt,9449.0,Card,AHM,Fixed deposit
T1477,U115,02/26/2021,Expense,Foodd,2090.0,,LUC,No Notes
T6847,U088,06/08/2022,Expense,,1656.0,CRD,Chennai,Train ticket
T7285,U032,02/10/2022,Income,,44077.0,UPI,BAN,Coffee
T2814,U069,17-09-2024,Expense,Foodd,268.0,Bank Transfer,Mumbai,Uber ride
T1399,U006,06/20/2021,Income,Investment,44024.0,bank transfer,HYDERABAD,...
T10397,U029,01/04/2023,Expense,education,1642.0,bank transfer,jaipur,Internet bill
T5203,U137,16-09-22,Expense,FOOD,4129.0,Upi,Unknown,Movie tickets
T9616,U122,08-09-2022,Expense,entertainment,9971.0,card,HYDERABAD,asdfgh
T8637,U083,2022-12-04,Expense,Fod,5485.0,UPi,chennai,Grocery shopping
T13183,U149,23-08-24,Expense,Others,7503.0,Card,PUN,Movie tickets
T8643,U072,05-01-23,Income,Investment,62410.0,CASH,bangalore,ATM withdrawal
T0085,U110,2023-06-29,Expense,Educaton,7226.0,CASH,BANGALORE,Monthly rent payment
T0359,U020,2024-01-03,Expense,TRAVEL,3800.0,csh,Delhi,No Notes
T8238,U050,2023-10-10,Income,Investment,67247.0,UPi,Ahmedabad,!!!
T13377,U053,12-04-24,Expense,Rentt,18648.0,,kolkata,Internet bill
T8430,U102,09/15/2024,Income,Bonus,45285.0,UPI,Mumbai,Grocery shopping
T13071,U099,11/29/2023,Expense,Entertainment,3069.0,Csh,MUM,EMI payment
T0694,U039,2022-02-10,Expense,TRAVEL,3212.0,CARD,MUM,No Notes
T4710,U093,14-11-21,Income,Investment,52388.0,Crd,JAIPUR,!!!
T0887,U011,24-07-2022,Expense,Travel,9501.0,card,Lucknow,Online course
T8606,U118,11/29/2023,Expense,utilities,8405.0,card,BAN,No Notes
T4734,U019,2023-08-14,Expense,Rent,40517.0,Bank Transfr,Delhi,No Notes
T13206,U119,01/16/2021,Expense,food,7714.0,Crd,DEL,asdfgh
T5852,U117,2022-06-21,Expense,Entertain,6701.0,Bank_Transfer,Unknown,No Notes
T11139,U144,18-02-24,Expense,Fod,8407.0,Card,Unknown,Petrol
T4533,U002,20-12-23,Expense,Rentt,41360.0,CARD,Unknown,ATM withdrawal
T9683,U060,04/29/2023,Expense,Rentt,23271.0,CARD,chennai,Shopping
T8188,U145,28-04-22,Expense,food,4822.0,Crd,PUNE,Shopping
T10988,U030,26-08-2022,Expense,Health,7801.0,upi,Unknown,Online course
T13570,U040,15-05-2024,Expense,Rnt,1615.0,Crd,pune,Internet bill
T4412,U051,14-04-23,Expense,food,2612.0,CARD,HYD,Restaurant dinner
T11631,U034,09/30/2022,Expense,Rentt,43620.0,csh,lucknow,Gym membership
T10516,U145,08-10-2022,Expense,food,1348.0,cash,HYD,Grocery shopping
T0068,U114,18-03-22,Expense,food,9817.0,,LUCKNOW,Electricity bill
T1431,U112,08/17/2021,Expense,Traval,230.0,upi,Unknown,test
T1630,U024,04/28/2023,Expense,entertainment,8663.0,Card,Ahmedabad,Books
T0660,U091,14-10-2021,Expense,,3517.0,Csh,Pune,No Notes
T11876,U092,2024-10-27,Expense,Health,1574.0,card,bangalore,Internet bill
T11519,U010,2024-06-26,Expense,Rent,49647.0,Cash,PUN,No Notes
T7652,U137,12/16/2024,Income,Bonus,71730.0,Crd,PUN,Uber ride
T9510,U022,03/10/2021,Expense,Traval,5202.0,Upi,AHM,test
T11766,U011,08/07/2021,Expense,travel,6964.0,upi,MUM,asdfgh
T0217,U143,2021-03-27,Expense,Travel,5733.0,card,LUC,Coffee
T4447,U077,05/26/2021,Expense,Food,2917.0,upi,HYD,Monthly rent payment
T13829,U073,2022-10-27,Expense,Traval,2083.0,UPi,hyderabad,No Notes
T3069,U062,12/29/2021,Expense,Travl,4428.0,Bank Transfr,bangalore,Movie tickets
T9390,U139,11/19/2022,Income,Investment,77566.0,Card,DELHI,...
T3198,U123,12/14/2023,Income,Investment,38153.0,Cash,CHENNAI,asdfgh
T4898,U082,09/25/2024,Expense,Rent,25936.0,BankTransfer,PUNE,Lunch
T2183,U128,2021-08-26,Expense,Travl,999999.0,Upi,MUMBAI,Petrol
T1636,U140,2022-04-20,Expense,food,5671.0,Cash,KOL,...
T12786,U055,04-12-2024,Expense,Rnt,5736.0,CASH,LUC,misc
T0366,U096,2021-08-20,Expense,Utlities,2474.0,csh,Unknown,Internet bill
T8329,U087,06/12/2022,Expense,Rentt,25833.0,Bank Transfer,Mumbai,No Notes
T0298,U148,02/26/2022,Expense,Utlities,7222.0,csh,pune,Fixed deposit
T11675,U025,08-03-22,Expense,Rent,21929.0,cash,CHE,Gym membership
T8782,U062,02-06-22,Expense,Rent,47616.0,Csh,HYDERABAD,Doctor consultation
T2640,U122,21-10-22,Expense,Travel,7311.0,CARD,chennai,Internet bill
T9149,U035,2023-07-02,Expense,Foods,3162.0,bank transfer,ahmedabad,Fixed deposit
T1570,U106,2023-12-01,Expense,HEALTH,2428.0,cash,BAN,Shopping
T4910,U131,2022-06-26,Expense,TRAVEL,7074.0,upi,Chennai,Train ticket
T6538,U124,2022-08-15,Expense,Entertainment,1408.0,Cash,KOLKATA,Lunch
T2852,U142,30-09-23,Expense,education,9502.0,Card,PUN,Train ticket
T1026,U045,08/31/2022,Income,Others,77419.0,UPI,DELHI,Gym membership
T12288,U060,09-02-23,Expense,Traval,7830.0,csh,kolkata,No Notes
T6886,U096,05/19/2024,Expense,FOOD,2174.0,Bank Transfer,hyderabad,Uber ride
T6256,U104,23-12-23,Expense,Fod,3936.0,UPI,CHE,test
T10425,U063,2021-12-16,Expense,food,3890.0,Bank Transfr,hyderabad,No Notes
T3773,U078,25-06-24,Expense,Utility,9600.0,CARD,Unknown,asdfgh
T13121,U094,2021-09-16,Expense,Foods,4390.0,card,Unknown,No Notes
T8651,U140,09-06-23,Expense,Entertain,8116.0,Crd,Mumbai,No Notes
T13479,U043,15-09-2022,Expense,Traval,5389.0,upi,Lucknow,Internet bill
T2382,U120,2024-08-19,Expense,food,1210.0,cash,Bangalore,Petrol
T12457,U001,2024-12-06,Expense,EDU,252.0,cash,chennai,ATM withdrawal
T11468,U067,07/30/2021,Expense,Travl,1692.0,UPI,BANGALORE,Shopping
T2706,U142,2023-12-25,Expense,Education,6003.0,Crd,AHMEDABAD,misc
T7259,U085,01/04/2021,Expense,Education,2288.0,bank transfer,pune,asdfgh
T8325,U028,14-04-23,Expense,Utlities,7166.0,,Lucknow,test
T6319,U137,2022-05-19,Expense,Foods,3897.0,,delhi,No Notes
T6454,U109,01-09-22,Expense,RENT,8302.0,UPi,Hyderabad,Restaurant dinner
T11913,U057,04/15/2024,Income,Freelance,69466.0,UPI,LUC,Online course
T0916,U138,05/25/2022,Expense,Rentt,38208.0,Csh,Kolkata,No Notes
T5432,U150,22-09-22,Income,Bonus,10325.0,bank transfer,AHMEDABAD,!!!
T7064,U010,2024-01-03,Expense,Utilities,1426.0,Crd,jaipur,Restaurant dinner
T13028,U068,21-12-2021,Expense,Rent,32339.0,CARD,MUMBAI,Grocery shopping
T13635,U097,01/05/2023,Income,Freelance,53893.0,Card,Delhi,Restaurant dinner
T0592,U091,04/18/2023,Expense,FOOD,3105.0,cash,lucknow,misc
T12862,U068,09/09/2024,Expense,Foods,3655.0,csh,PUN,Doctor consultation
T3356,U079,2021-02-22,Expense,Traval,2234.0,Bank Transfer,bangalore,Online course
T4602,U019,09-03-24,Expense,Utilities,1509.0,Upi,HYDERABAD,Online course
T5616,U107,03/23/2023,Income,Investment,77470.0,UPI,AHMEDABAD,No Notes
T5032,U014,03/27/2023,Expense,Fod,9553.0,CRD,kolkata,No Notes
T7490,U088,08/29/2023,Income,Others,73327.0,Crd,MUM,Lunch
T1853,U076,01/28/2024,Expense,Food,2590.0,BankTransfer,AHMEDABAD,...
T8027,U029,01/16/2022,Expense,entertainment,4605.0,Cash,Kolkata,EMI payment
T9187,U138,2021-02-19,Expense,Rentt,28832.0,Cash,DEL,asdfgh
T9006,U133,17-08-2022,Expense,RENT,3348.0,Upi,chennai,No Notes
T10832,U030,17-11-2023,Expense,travel,3367.0,upi,DEL,Lunch
T7397,U056,08/12/2023,Expense,Food,4030.0,UPi,Ahmedabad,Gym membership
T5812,U053,2022-10-05,Expense,travel,3462.0,upi,MUMBAI,No Notes
T1903,U139,2023-12-04,Expense,Helth,5593.0,BankTransfer,Delhi,No Notes
T10506,U100,13-01-2023,Expense,Rent,20865.0,UPi,BAN,No Notes
T0222,U129,2023-03-24,Expense,entertainment,2399.0,CARD,MUMBAI,Gym membership
T10612,U073,01-07-21,Expense,Travel,5585.0,csh,lucknow,test
T6855,U046,2024-05-11,Expense,Traval,2517.0,Bank Transfr,Hyderabad,Petrol
T11823,U132,2022-09-09,Expense,Savings,5714.0,Bank Transfr,kolkata,!!!
T1028,U138,06/11/2023,Expense,RENT,1803.0,CASH,KOL,Fixed deposit
T11851,U110,2022-10-13,Expense,food,6894.0,CARD,LUCKNOW,Gym membership
T5548,U053,09-07-22,Expense,entertainment,463.0,Card,HYDERABAD,Monthly rent payment
T1188,U072,21-11-24,Expense,Health,5370.0,bank transfer,LUCKNOW,Books
T5160,U090,06/14/2023,Expense,Savings,8738.0,Upi,pune,No Notes
T2355,U135,2021-07-05,Income,Salary,19104.0,bank transfer,MUMBAI,xyz123
T4522,U085,07/25/2024,Expense,FOOD,7385.0,UPI,Mumbai,xyz123
T5588,U144,03/26/2024,Expense,,4804.0,Upi,bangalore,test
T3811,U026,2023-02-18,Expense,Utility,2305.0,Bank_Transfer,pune,Electricity bill
T6029,U068,06-12-23,Income,Bonus,563063.0,,Unknown,Restaurant dinner
T12355,U146,2022-06-01,Income,Bonus,48885.0,Bank_Transfer,delhi,No Notes
T12569,U084,01/06/2022,Expense,Rent,7452.0,card,Delhi,Grocery shopping
T13484,U043,11-09-2022,Expense,RENT,3135.0,bank transfer,kolkata,Online course
T12294,U117,2023-01-14,Expense,Foods,3884.0,CRD,mumbai,Coffee
T7694,U058,07-03-2021,Expense,travel,3974.0,CARD,DEL,Gym membership
T8819,U054,02/07/2021,Expense,Foods,2121.0,Upi,AHM,Movie tickets
T0416,U114,24-12-2022,Expense,Entertain,238.0,cash,kolkata,No Notes
T6252,U091,2024-05-17,Expense,FOOD,3385.0,,kolkata,ATM withdrawal
T4269,U024,2021-03-22,Expense,education,1716.0,UPi,kolkata,ATM withdrawal
T6713,U057,27-02-24,Expense,Utlities,9275.0,CRD,Jaipur,Train ticket
T1440,U068,2024-12-21,Expense,FOOD,8171.0,card,lucknow,Lunch
T13730,U027,08-11-24,Expense,Rent,32928.0,Crd,delhi,Gym membership
T1907,U063,04/02/2023,Expense,Fod,6393.0,Bank Transfr,CHENNAI,No Notes
T6952,U026,16-02-2024,Expense,Food,4545.0,Csh,Unknown,Movie tickets
T0098,U082,16-06-24,Expense,Rentt,41891.0,CASH,mumbai,No Notes
T0847,U056,04/13/2022,Expense,Fod,4097.0,Csh,HYDERABAD,!!!
T0754,U066,25-02-23,Expense,Rentt,28006.0,Bank Transfer,delhi,No Notes
T1852,U032,10/11/2021,Expense,Utility,5852.0,Upi,ahmedabad,xyz123
T7961,U074,2024-04-11,Expense,Helth,999999.0,BankTransfer,Ahmedabad,No Notes
T2598,U118,29-10-2024,Income,Others,21483.0,UPI,JAI,No Notes
T3486,U050,10/27/2023,Expense,Utlities,260.0,csh,Pune,Medicine
T11506,U056,2023-02-20,Expense,EDU,5968.0,upi,BAN,Grocery shopping
T6832,U016,2022-03-02,Expense,Educaton,4880.0,csh,MUM,Grocery shopping
T10356,U078,06/24/2024,Expense,entertainment,7241.0,,Mumbai,!!!
T4650,U047,2023-10-09,Expense,Travl,3071.0,Card,BAN,Fixed deposit
T7210,U015,14-12-2023,Expense,Utilities,8883.0,Card,KOLKATA,No Notes
T8009,U090,2024-01-29,Expense,Rnt,8034.0,CASH,Unknown,Shopping
T0861,U023,22-10-24,Expense,Entertain,4440.0,Card,Bangalore,No Notes
T9053,U021,08/08/2021,Expense,Rentt,15206.0,UPi,Unknown,misc
T13033,U110,08/26/2024,Expense,Rent,22146.0,Cash,Jaipur,ATM withdrawal
T4956,U028,02/28/2023,Expense,Educaton,2443.0,Bank_Transfer,bangalore,Monthly rent payment
T4376,U078,2021-12-27,Expense,health,707.0,card,JAIPUR,!!!
T5793,U076,18-09-2023,Income,Bonus,38376.0,Card,MUMBAI,EMI payment
T9595,U104,07/13/2021,Expense,RENT,9321.0,UPI,mumbai,asdfgh
T10923,U045,09-04-2022,Income,Freelance,69740.0,CASH,AHMEDABAD,No Notes
T7084,U043,04-08-24,Income,Freelance,29952.0,Card,chennai,Movie tickets
T1355,U089,07/05/2021,Expense,Utlities,4069.0,Crd,CHE,Movie tickets
T3362,U026,2021-01-08,Expense,health,6970.0,Csh,mumbai,Grocery shopping
T0868,U076,05/21/2022,Expense,Rentt,30649.0,Csh,Kolkata,Online course
T0763,U072,2022-12-01,Expense,Entrtnmnt,7799.0,CARD,AHM,No Notes
T7995,U138,2023-02-28,Expense,food,2488.0,Bank Transfer,BANGALORE,Internet bill
T8223,U136,21-08-21,Expense,Foodd,3353.0,Crd,LUCKNOW,ATM withdrawal
T6336,U024,12/14/2022,Expense,OTHERS,999999.0,Bank_Transfer,CHENNAI,Movie tickets
T9609,U023,2021-09-09,Expense,Travel,7719.0,CASH,PUN,Fixed deposit
T12712,U012,12/02/2022,Expense,food,8580.0,csh,Lucknow,Medicine
T11153,U120,04/30/2021,Income,Bonus,28018.0,upi,AHMEDABAD,EMI payment
T7547,U058,06/04/2022,Expense,Traval,2499.0,Crd,Mumbai,Coffee
T7032,U001,14-06-21,Expense,Foods,209.0,CARD,lucknow,No Notes
T13523,U057,2021-06-11,Expense,education,8075.0,CARD,Lucknow,Grocery shopping
T12100,U137,06-06-21,Expense,Entrtnmnt,157.0,csh,bangalore,No Notes
T1581,U098,11/07/2021,Expense,Rent,9415.0,Cash,MUM,Movie tickets
T2033,U119,29-08-21,Income,Freelance,32892.0,Cash,CHE,ATM withdrawal
T12408,U086,05-09-2021,Income,Bonus,22487.0,Cash,LUC,Uber ride
T1088,U092,2022-12-20,Expense,TRAVEL,5337.0,cash,JAIPUR,test
T10917,U022,11-09-21,Expense,Foodd,2979.0,csh,KOL,Uber ride
T1019,U022,2021-04-07,Expense,rent,9157.0,CASH,AHM,ATM withdrawal
T3268,U099,2023-08-16,Income,Others,55020.0,bank transfer,Unknown,Online course
T2887,U005,07/12/2021,Expense,food,1954.0,CRD,BAN,No Notes
T6903,U129,05-12-23,Income,Bonus,40189.0,csh,jaipur,Petrol
T6392,U004,20-06-2024,Expense,Utlities,5012.0,Bank_Transfer,pune,EMI payment
T13244,U108,2023-12-16,Expense,HEALTH,7489.0,UPI,chennai,ATM withdrawal
T4193,U145,2022-11-18,Expense,Rent,6540.0,Card,ahmedabad,No Notes
T4192,U020,07/28/2023,Income,Investment,26237.0,upi,PUN,Lunch
T4180,U033,04/03/2024,Expense,,7489.0,Cash,Unknown,No Notes
T13387,U018,08-05-21,Expense,Foodd,2808.0,CASH,mumbai,Books
T11505,U073,2023-10-04,Expense,Entrtnmnt,8134.0,Bank Transfer,AHM,EMI payment
T1761,U096,2024-05-22,Income,Bonus,19068.0,UPI,LUCKNOW,Medicine
T10877,U050,2022-09-24,Expense,Utility,2999.0,card,LUC,ATM withdrawal
T10796,U085,02-11-21,Expense,Rnt,1829.0,Upi,AHM,Coffee
T2796,U084,08/30/2022,Expense,Utilties,6767.0,UPI,delhi,Fixed deposit
T13991,U004,15-12-21,Expense,Travl,2408.0,Upi,Ahmedabad,No Notes
T3476,U074,15-03-2022,Expense,Entertain,8496.0,Bank Transfr,AHM,Medicine
T4630,U074,12/20/2021,Expense,Savings,1827.0,Csh,AHMEDABAD,Internet bill
T5862,U006,2023-06-03,Expense,Food,1121.0,Crd,MUM,No Notes
T2143,U138,2022-10-26,Expense,FOOD,4476.0,UPi,PUNE,Books
T6479,U036,08/27/2024,Income,Investment,74820.0,Upi,mumbai,No Notes
T3080,U124,04/04/2024,Expense,Travl,8562.0,bank transfer,Unknown,Grocery shopping
T13219,U034,2024-02-11,Expense,Education,8778.0,UPI,mumbai,Monthly rent payment
T4169,U081,11/27/2024,Expense,Fod,9344.0,Cash,Jaipur,...
T4367,U076,2023-08-23,Expense,TRAVEL,4217.0,Crd,Pune,asdfgh
T5505,U138,17-12-22,Expense,Travl,7840.0,Bank Transfer,chennai,No Notes
T3706,U026,2021-01-23,Expense,Education,6915.0,Bank Transfr,Mumbai,Fixed deposit
T4095,U101,07-10-21,Expense,EDU,9846.0,UPI,DEL,Train ticket
T8884,U076,06/22/2024,Expense,entertainment,9268.0,csh,mumbai,EMI payment
T3929,U030,05/09/2021,Expense,Foodd,173.0,csh,MUMBAI,asdfgh
T8874,U096,29-12-24,Income,Bonus,58506.0,csh,AHMEDABAD,Petrol
T1618,U131,03/15/2022,Expense,Rent,7954.0,bank transfer,LUCKNOW,Petrol
T1343,U110,01/04/2024,Expense,Rentt,22541.0,CRD,PUN,Petrol
T5141,U077,04/01/2023,Expense,Food,4471.0,Cash,Mumbai,No Notes
T6274,U107,18-01-2022,Income,Investment,75783.0,CRD,MUM,Restaurant dinner
T2144,U060,19-03-24,Expense,Food,4885.0,,chennai,Restaurant dinner
T3615,U143,09-02-2024,Expense,TRAVEL,1688.0,Bank_Transfer,DEL,...
T5128,U145,02/29/2024,Expense,Savings,7933.0,CARD,Jaipur,No Notes
T2559,U137,02/24/2023,Income,Bonus,79217.0,Cash,mumbai,Electricity bill
T9521,U114,2024-07-09,Expense,food,3147.0,Card,Unknown,Gym membership
T7936,U079,10/22/2023,Expense,Rentt,46668.0,Upi,Bangalore,Internet bill
T8699,U023,09-07-21,Expense,Foodd,2925.0,CARD,JAI,!!!
T0057,U068,31-07-2024,Expense,Rent,41792.0,bank transfer,DEL,Fixed deposit
T2459,U136,15-08-24,Expense,Rentt,37517.0,upi,mumbai,No Notes
T4994,U076,2021-05-31,Expense,Traval,6996.0,UPi,pune,Movie tickets
T9079,U016,19-06-21,Expense,TRAVEL,5645.0,CRD,AHM,ATM withdrawal
T11452,U014,2024-01-21,Expense,rent,5072.0,Bank_Transfer,ahmedabad,Restaurant dinner
T5056,U045,29-04-22,Expense,RENT,9753.0,card,bangalore,...
T1277,U092,2024-05-23,Expense,education,601.0,UPi,pune,Books
T1063,U116,2023-08-05,Expense,food,4403.0,CARD,BANGALORE,test
T5630,U147,03-06-22,Expense,TRAVEL,2609.0,cash,hyderabad,test
T8837,U145,2023-07-23,Expense,Entrtnmnt,3898.0,CASH,CHENNAI,test
T0524,U034,07/23/2024,Expense,savings,8872.0,bank transfer,kolkata,Online course
T11743,U042,27-12-21,Expense,Rent,21814.0,Upi,delhi,Online course
T3412,U078,27-11-21,Expense,Rent,38008.0,CARD,MUMBAI,Medicine
T12263,U055,02-09-21,Expense,Travel,6734.0,bank transfer,Kolkata,Coffee
T3666,U124,10-01-24,Expense,education,6246.0,CASH,JAI,test
T11331,U002,11/06/2023,Expense,Travel,6273.0,Csh,KOLKATA,Online course
T3406,U011,12-03-21,Expense,Rentt,12686.0,CASH,ahmedabad,!!!
T0834,U091,2023-12-14,Expense,Rnt,2416.0,Bank_Transfer,DEL,Electricity bill
T6779,U137,2021-10-29,Expense,Foods,1530.0,BankTransfer,lucknow,Electricity bill
T12115,U024,09/22/2023,Expense,entertainment,8930.0,UPi,kolkata,No Notes
T11188,U026,12-05-23,Expense,Foods,3191.0,card,LUCKNOW,Shopping
T0521,U042,2024-03-26,Expense,FOOD,7853.0,Card,AHM,Uber ride
T8419,U099,2023-01-26,Expense,Traval,3051.0,csh,delhi,Shopping
T9297,U003,2024-10-15,Expense,Fod,4991.0,Bank Transfer,BANGALORE,Movie tickets
T3946,U032,2023-03-01,Expense,Food,3445.0,UPi,delhi,Grocery shopping
T1746,U126,2021-04-18,Expense,Rentt,8488.0,BankTransfer,jaipur,No Notes
T4509,U020,2024-11-22,Income,Others,42897.0,Upi,Chennai,...
T1197,U148,18-01-2022,Expense,Fod,2279.0,bank transfer,Kolkata,Lunch
T3642,U116,01/17/2021,Expense,Foods,4158.0,cash,PUN,Monthly rent payment
T11893,U115,2024-09-16,Expense,travel,6207.0,cash,HYDERABAD,misc
T0701,U030,2021-05-15,Expense,FOOD,6723.0,Bank_Transfer,jaipur,Online course
T6037,U089,06/20/2021,Income,Salary,53725.0,Bank_Transfer,PUN,!!!
T1323,U056,2023-12-26,Expense,FOOD,3593.0,upi,KOL,EMI payment
T6292,U026,2021-07-30,Expense,utilities,8484.0,UPI,mumbai,EMI payment
T12583,U135,2023-04-01,Expense,Entertain,7204.0,Cash,Unknown,Coffee
T13192,U041,18-12-2024,Income,Others,73065.0,Bank Transfer,PUN,Monthly rent payment
T12405,U021,01-12-22,Expense,education,1133.0,upi,Pune,misc
T13614,U013,14-04-2024,Expense,Rent,41024.0,csh,lucknow,Train ticket
T4675,U105,2024-09-24,Expense,Rent,47477.0,Cash,DEL,asdfgh
T3520,U113,03-10-2022,Expense,Foods,2495.0,Cash,KOL,Uber ride
T13431,U042,03/25/2024,Expense,Traval,174.0,Crd,Lucknow,Books
T11187,U073,2023-12-28,Expense,Foodd,2362.0,UPI,AHM,!!!
T0900,U101,2021-11-01,Expense,health,999999.0,Bank Transfer,hyderabad,Monthly rent payment
T2558,U075,01-09-2021,Expense,Foods,1720.0,CASH,bangalore,Movie tickets
T2667,U003,2023-03-20,Expense,Fod,7880.0,Bank_Transfer,KOL,No Notes
T12519,U121,05/18/2024,Expense,Rnt,8471.0,csh,Hyderabad,Online course
T6794,U105,03-07-23,Expense,FOOD,8875.0,UPI,Delhi,Uber ride
T8756,U126,08/19/2022,Expense,rent,1572.0,,ahmedabad,ATM withdrawal
T6574,U077,07/17/2022,Expense,RENT,1160.0,BankTransfer,delhi,No Notes
T12057,U105,08-08-21,Expense,food,9865.0,Upi,DEL,Movie tickets
T11041,U071,12-10-2022,Income,Bonus,40907.0,UPi,BAN,Gym membership
T10066,U036,2024-01-18,Expense,entertainment,4892.0,UPI,JAIPUR,EMI payment
T12126,U011,2022-02-09,Expense,Rnt,9207.0,UPI,mumbai,Doctor consultation
T0636,U005,09/02/2022,Expense,Food,3295.0,CARD,kolkata,No Notes
T6586,U047,04/23/2021,Income,Freelance,30325.0,Bank_Transfer,CHENNAI,No Notes
T11360,U043,11/20/2022,Expense,utilities,7143.0,bank transfer,AHMEDABAD,No Notes
T12609,U060,2022-07-28,Expense,utilities,6561.0,Upi,PUN,Internet bill
T11946,U081,09-12-23,Expense,FOOD,4340.0,Bank_Transfer,HYD,No Notes
T3583,U004,12-09-23,Expense,utilities,2419.0,csh,Lucknow,Coffee
T5134,U008,2022-09-05,Expense,food,1060.0,CASH,Kolkata,xyz123
T3793,U017,24-06-2023,Expense,OTHERS,1706.0,UPi,Jaipur,Restaurant dinner
T12925,U099,2023-01-15,Expense,RENT,7206.0,Upi,pune,No Notes
T0339,U078,12-12-2023,Expense,utilities,6808.0,Bank_Transfer,Bangalore,Medicine
T4285,U055,11-02-23,Expense,Rentt,43843.0,cash,DELHI,No Notes
T3098,U041,2021-08-04,Expense,rent,1900.0,UPi,chennai,Lunch
T7248,U078,12/19/2023,Expense,Fod,6238.0,Bank Transfer,Ahmedabad,Doctor consultation
T13591,U065,01/21/2024,Income,,63976.0,CARD,bangalore,No Notes
T6964,U111,2021-02-12,Expense,Education,6003.0,Csh,HYD,No Notes
T4185,U079,2024-09-05,Expense,education,5441.0,UPI,BAN,Coffee
T6611,U110,08/13/2022,Expense,Entertainment,2745.0,UPI,MUMBAI,Coffee
T10268,U108,2024-04-14,Income,Others,55221.0,UPI,BAN,ATM withdrawal
T9042,U009,01/22/2022,Expense,RENT,2869.0,Csh,Jaipur,No Notes
T10395,U124,04/12/2022,Expense,Foodd,4442.0,Cash,chennai,Shopping
T2130,U006,07-09-2024,Expense,Utility,1204.0,Bank_Transfer,Unknown,Train ticket
T5834,U148,2024-09-25,Income,Others,20252.0,Upi,Jaipur,Online course
T1986,U132,05-08-22,Expense,Travel,7196.0,Card,DELHI,Electricity bill
T3523,U119,22-09-23,Expense,rent,557.0,UPi,JAIPUR,No Notes
T3617,U095,12/22/2023,Expense,Utilities,1966.0,CRD,hyderabad,Electricity bill
T10888,U096,2024-01-05,Income,Others,56617.0,bank transfer,DELHI,No Notes
T1635,U012,2023-07-01,Expense,rent,4750.0,cash,Unknown,EMI payment
T6593,U116,04-05-2023,Expense,education,9969.0,BankTransfer,Mumbai,No Notes
T6497,U052,13-07-24,Expense,RENT,8986.0,CASH,lucknow,Grocery shopping
T3233,U072,12/16/2024,Expense,food,4701.0,UPi,pune,Books
T8528,U138,2021-10-25,Income,Investment,108891.0,CRD,AHM,No Notes
T1273,U134,2024-09-03,Expense,Utility,5000.0,csh,PUN,No Notes
T9419,U015,19-09-23,Expense,travel,5222.0,Bank Transfer,Unknown,Medicine
T7876,U035,2021-10-10,Expense,Fod,6224.0,Upi,PUNE,misc
T4636,U111,2024-04-18,Expense,Rnt,6684.0,Upi,KOL,Internet bill
T9759,U022,11/30/2024,Income,Others,45189.0,BankTransfer,pune,No Notes
T3980,U079,03-11-2021,Expense,Traval,5820.0,UPI,lucknow,ATM withdrawal
T10261,U093,06/02/2022,Expense,Helth,3789.0,card,lucknow,Shopping
T4251,U048,2022-07-22,Income,Freelance,36017.0,UPi,chennai,No Notes
T9600,U145,09-04-21,Expense,Food,3754.0,Bank Transfer,Chennai,EMI payment
T9672,U038,26-10-24,Expense,Rent,14320.0,Crd,AHM,Coffee
T11680,U066,03/29/2021,Expense,FOOD,8872.0,CASH,Ahmedabad,misc
T7446,U137,01/19/2024,Expense,Traval,4711.0,card,Lucknow,EMI payment
T12084,U066,2021-02-23,Income,Freelance,34187.0,Csh,delhi,misc
T11674,U059,26-02-22,Expense,Utlities,8300.0,upi,bangalore,xyz123
T12990,U049,28-02-2021,Expense,food,7982.0,BankTransfer,Pune,Doctor consultation
T2273,U034,08-11-24,Expense,OTHERS,6261.0,Crd,hyderabad,Doctor consultation
T10634,U080,2024-05-18,Expense,Foods,4088.0,Bank_Transfer,delhi,No Notes
T2267,U148,2024-07-02,Expense,food,7503.0,bank transfer,pune,Internet bill
T5420,U070,2023-01-03,Income,Freelance,41369.0,Bank Transfr,Chennai,Petrol
T5350,U038,14-02-23,Expense,Travl,1968.0,Card,Jaipur,misc
T1040,U058,10/06/2024,Expense,RENT,9591.0,Bank Transfr,PUNE,...
T10461,U022,04-10-2023,Expense,Utility,646.0,Csh,jaipur,misc
T4723,U107,2022-07-19,Expense,Utility,7403.0,Bank_Transfer,pune,test
T2527,U128,04/12/2022,Expense,Utility,9448.0,Crd,CHE,test
T12950,U119,13-01-2023,Income,Investment,59520.0,Cash,jaipur,Doctor consultation
T3202,U123,05/24/2021,Expense,TRAVEL,8352.0,cash,CHE,Fixed deposit
T10775,U077,2022-05-28,Expense,entertainment,9354.0,UPi,AHM,misc
T7723,U137,2023-02-24,Income,Freelance,22802.0,Crd,kolkata,No Notes
T0208,U144,08/18/2024,Expense,RENT,869.0,UPI,Unknown,Medicine
T9364,U142,2024-01-18,Expense,EDU,3348.0,,Jaipur,No Notes
T6933,U083,23-09-21,Expense,Education,9909.0,csh,mumbai,No Notes
T8028,U061,2021-12-20,Expense,Entertain,751.0,BankTransfer,LUC,Electricity bill
T0347,U032,02/25/2022,Expense,Rent,23178.0,Crd,DELHI,Grocery shopping
T12065,U031,2024-10-16,Expense,Food,4973.0,UPI,Delhi,!!!
T11640,U019,11/15/2023,Income,Freelance,51284.0,csh,JAI,test
T11861,U136,2022-12-15,Expense,Utility,497.0,BankTransfer,DEL,ATM withdrawal
T4343,U059,2021-01-09,Expense,travel,1437.0,Bank Transfer,JAI,Online course
T7664,U038,07/29/2021,Income,Salary,71087.0,upi,LUCKNOW,asdfgh
T1294,U097,2024-10-18,Expense,food,9925.0,card,Unknown,Books
T4833,U001,20-01-23,Expense,Traval,9357.0,cash,lucknow,EMI payment
T6575,U136,07/29/2021,Expense,Entrtnmnt,6558.0,upi,Jaipur,Gym membership
T8152,U058,26-08-21,Expense,food,3477.0,Bank_Transfer,DELHI,Coffee
T7325,U057,13-09-23,Expense,Utlities,7229.0,csh,kolkata,Shopping
T1210,U048,05-06-2023,Expense,rent,7758.0,CASH,KOL,No Notes
T5609,U086,2021-09-02,Expense,rent,7003.0,bank transfer,Unknown,Monthly rent payment
T12578,U093,05-08-2024,Expense,Travel,8108.0,cash,Jaipur,Fixed deposit
T12146,U098,02/09/2023,Expense,Travel,3102.0,Upi,Pune,Monthly rent payment
T3827,U144,03/24/2023,Expense,Entertain,4734.0,bank transfer,chennai,No Notes
T1233,U026,02-10-21,Expense,Entertainment,6457.0,Cash,Bangalore,Gym membership
T6653,U147,03/07/2023,Income,Investment,39182.0,,PUN,Uber ride
T3405,U053,2023-08-26,Income,Investment,48969.0,CRD,Chennai,!!!
T13363,U086,12-05-2021,Expense,Rnt,4088.0,,hyderabad,Lunch
T6165,U105,14-05-2021,Expense,Utilities,138.0,BankTransfer,hyderabad,Uber ride
T10802,U106,10/26/2024,Expense,entertainment,5388.0,Bank Transfr,bangalore,No Notes
T6535,U075,18-09-24,Expense,education,9069.0,Csh,MUMBAI,Internet bill
T12593,U051,06/05/2023,Expense,rent,8010.0,Upi,LUC,ATM withdrawal
T8834,U069,2024-05-03,Expense,Education,8326.0,UPi,hyderabad,Online course
T9219,U136,2023-11-02,Income,Bonus,67640.0,,Pune,ATM withdrawal
T0646,U006,2024-09-01,Expense,rent,4020.0,upi,mumbai,Books
T2414,U125,2022-08-09,Expense,TRAVEL,7609.0,UPI,Mumbai,No Notes
T12032,U054,2021-08-06,Expense,RENT,8807.0,Cash,KOLKATA,No Notes
T4681,U099,10/30/2021,Expense,Saving,8919.0,Crd,DELHI,misc
T7228,U054,12-11-22,Income,Salary,62909.0,Csh,Mumbai,ATM withdrawal
T4646,U081,09/29/2021,Expense,Travel,6999.0,CARD,AHMEDABAD,Internet bill
T12412,U083,10/21/2022,Expense,Rent,27147.0,Upi,HYDERABAD,Lunch
T8475,U019,03/21/2023,Expense,Utlities,2331.0,Bank_Transfer,HYDERABAD,No Notes
T5238,U100,2021-06-16,Expense,FOOD,3045.0,CASH,Lucknow,!!!
T10171,U059,09-05-22,Expense,Traval,7358.0,Bank Transfer,delhi,No Notes
T4045,U056,2021-10-05,Expense,Rnt,6126.0,csh,chennai,Medicine
T12319,U111,21-07-2021,Expense,Foods,3306.0,Bank Transfr,Hyderabad,Doctor consultation
T11194,U087,04-07-2021,Expense,TRAVEL,1799.0,Csh,KOLKATA,Uber ride
T9832,U104,2021-10-10,Expense,TRAVEL,5435.0,Upi,MUMBAI,No Notes
T8823,U015,2022-07-02,Expense,Travel,3802.0,,Jaipur,No Notes
T11701,U046,04-05-21,Expense,Misc,7299.0,Bank_Transfer,HYD,Internet bill
T8100,U100,2021-07-23,Expense,Entrtnmnt,7411.0,UPi,CHE,Movie tickets
T13809,U079,29-09-23,Expense,Travel,1137.0,BankTransfer,Unknown,Online course
T7896,U018,07-04-24,Expense,Food,3801.0,CRD,lucknow,Train ticket
T1217,U033,12/13/2023,Expense,Foods,2426.0,cash,Kolkata,misc
T0639,U048,2024-10-07,Expense,Utlities,6771.0,Upi,Hyderabad,Movie tickets
T13864,U149,2023-03-21,Expense,travel,6114.0,Upi,Kolkata,Shopping
T0820,U041,05/02/2024,Expense,EDU,7392.0,cash,Pune,No Notes
T6964,U139,06/02/2023,Expense,savings,9202.0,Crd,Hyderabad,ATM withdrawal
T9463,U096,11/22/2021,Expense,Foods,3515.0,CASH,bangalore,Movie tickets
T9278,U099,02-09-23,Expense,Rentt,19655.0,csh,LUC,...
T12243,U148,08/30/2022,Expense,entertainment,4077.0,Cash,Delhi,No Notes
T7371,U024,06/02/2021,Expense,travel,8405.0,Card,LUC,No Notes
T0769,U005,07/06/2021,Expense,utilities,4133.0,card,kolkata,Movie tickets
T7068,U047,2024-10-06,Expense,Entrtnmnt,589.0,Upi,hyderabad,Doctor consultation
T13091,U052,19-05-2022,Expense,Rnt,6977.0,Bank_Transfer,pune,xyz123
T1370,U138,03/05/2023,Income,Freelance,40320.0,CARD,CHENNAI,test
T6819,U038,2022-07-18,Expense,travel,3203.0,CRD,Delhi,Internet bill
T9874,U004,05-01-23,Expense,Foods,2238.0,Csh,KOLKATA,No Notes
T1972,U070,10/29/2023,Income,Salary,559177.0,CRD,AHMEDABAD,Train ticket
T1227,U114,2021-01-06,Expense,Foods,758.0,CASH,bangalore,ATM withdrawal
T13716,U101,15-07-21,Expense,Fod,7799.0,UPI,DEL,Movie tickets
T12009,U048,30-03-2021,Expense,EDU,3445.0,cash,DEL,Fixed deposit
T6391,U144,29-03-22,Expense,,2411.0,card,BANGALORE,ATM withdrawal
T2410,U017,18-03-21,Income,Salary,41742.0,Csh,bangalore,Electricity bill
T8809,U143,21-06-22,Income,Freelance,64688.0,card,Hyderabad,No Notes
T5351,U090,06/24/2024,Expense,health,7134.0,card,Lucknow,Coffee
T12873,U030,07/22/2022,Expense,food,744.0,CRD,jaipur,Movie tickets
T13555,U132,01/02/2024,Income,Freelance,39256.0,,PUN,Shopping
T2957,U103,01-03-24,Income,Investment,37602.0,card,Kolkata,Internet bill
T5828,U018,18-05-2024,Income,Investment,43742.0,BankTransfer,KOLKATA,misc
T5254,U094,2024-05-13,Expense,Fod,5035.0,UPi,Unknown,Train ticket
T11914,U108,2024-02-03,Expense,Others,8929.0,Upi,hyderabad,Gym membership
T13841,U037,06/15/2023,Expense,Travel,9520.0,Bank Transfr,MUM,misc
T3142,U143,09/29/2023,Expense,FOOD,2505.0,CARD,LUCKNOW,Grocery shopping
T2560,U061,2024-02-15,Expense,FOOD,2400.0,upi,PUN,EMI payment
T8076,U069,02/09/2021,Income,Freelance,46810.0,,KOL,Internet bill
T11257,U020,2022-12-05,Expense,Entertainment,7165.0,card,MUMBAI,Shopping
T12858,U062,07/23/2021,Expense,TRAVEL,1809.0,bank transfer,Jaipur,Uber ride
T5929,U119,2024-10-27,Expense,RENT,8007.0,UPI,BANGALORE,No Notes
T11737,U117,05-01-23,Expense,Fod,2341.0,bank transfer,Mumbai,Monthly rent payment
T4965,U030,01-07-21,Expense,Utlities,8361.0,Csh,Jaipur,Lunch
T5447,U052,10-11-21,Expense,Food,2212.0,Bank_Transfer,Lucknow,Petrol
T1413,U133,2021-08-15,Expense,Traval,1690.0,csh,MUMBAI,Electricity bill
T7469,U107,21-02-2024,Expense,Food,559.0,cash,lucknow,Doctor consultation
T9834,U099,2021-06-05,Expense,Rentt,37244.0,UPi,HYD,EMI payment
T1313,U004,04/06/2023,Expense,Education,7485.0,cash,DELHI,test
T5224,U035,2021-06-08,Expense,travel,1432.0,cash,HYDERABAD,misc
T6874,U148,2021-02-28,Income,Freelance,18437.0,BankTransfer,Unknown,No Notes
T10662,U086,17-07-2023,Expense,Entrtnmnt,5602.0,Cash,KOL,Restaurant dinner
T13436,U150,2022-05-13,Expense,HEALTH,9279.0,CASH,jaipur,asdfgh
T2805,U036,2023-11-06,Expense,Utilities,1872.0,CARD,Unknown,No Notes
T11148,U085,2021-02-13,Expense,Entrtnmnt,5866.0,CARD,DELHI,Internet bill
T5468,U024,04-11-24,Income,Others,44840.0,Bank Transfr,AHMEDABAD,Doctor consultation
T13240,U115,06-08-21,Income,Investment,45886.0,Bank Transfer,Bangalore,No Notes
T11618,U011,2024-11-09,Expense,,8800.0,Upi,Kolkata,Monthly rent payment
T7401,U119,21-06-2024,Expense,Food,1454.0,UPi,DELHI,asdfgh
T12670,U045,14-12-21,Expense,Helth,506.0,Crd,jaipur,Restaurant dinner
T2176,U150,11-08-2021,Expense,Travel,9120.0,Card,Mumbai,Lunch
T10746,U055,2023-12-16,Expense,rent,239.0,BankTransfer,BAN,Shopping
T8594,U100,10-10-2022,Expense,health,1302.0,CRD,HYDERABAD,!!!
T5711,U025,10/26/2022,Expense,Rnt,8037.0,upi,PUNE,Shopping
T7541,U117,04/12/2022,Expense,Rnt,1729.0,upi,chennai,test
T11115,U053,19-03-23,Expense,Entrtnmnt,3964.0,Card,DELHI,xyz123
T4026,U087,2023-12-29,Expense,,8191.0,csh,Lucknow,Monthly rent payment
T8987,U056,01/27/2024,Expense,Rent,39552.0,BankTransfer,Bangalore,test
T8105,U098,10/21/2024,Expense,Foodd,2128.0,Crd,Delhi,Lunch
T13059,U103,05/31/2022,Expense,RENT,2128.0,BankTransfer,PUN,No Notes
T2690,U069,10/04/2022,Income,Investment,71232.0,bank transfer,KOLKATA,No Notes
T9553,U079,06/20/2024,Expense,Traval,1806.0,CASH,LUC,Doctor consultation
T1271,U010,25-02-24,Expense,Education,9017.0,cash,DEL,Medicine
T12184,U089,08/26/2024,Expense,travel,5134.0,BankTransfer,KOL,Restaurant dinner
T13652,U118,28-11-23,Expense,rent,1969.0,Cash,pune,Shopping
T7078,U106,2023-08-12,Expense,Entrtnmnt,3505.0,UPI,hyderabad,ATM withdrawal
T5931,U125,18-04-2023,Expense,Entertain,3462.0,card,JAIPUR,Shopping
T10633,U117,12/20/2022,Expense,food,999999.0,Cash,jaipur,misc
T2978,U005,05/16/2021,Expense,Rent,49351.0,CRD,CHE,Grocery shopping
T5469,U017,2021-07-26,Expense,Health,3500.0,Bank_Transfer,PUNE,asdfgh
T10127,U119,06-03-22,Expense,Educaton,4130.0,Upi,JAI,Uber ride
T6122,U002,2022-11-23,Expense,Foodd,4312.0,Card,Chennai,Internet bill
T1823,U047,2021-10-01,Expense,Utlities,3479.0,Crd,hyderabad,Monthly rent payment
T13481,U047,2023-10-28,Expense,Foodd,1537.0,card,JAI,Electricity bill
T0229,U010,12/25/2023,Expense,entertainment,8935.0,Bank_Transfer,MUMBAI,...
T1877,U004,04-08-2024,Income,Freelance,33899.0,Upi,delhi,Grocery shopping
T13537,U062,08/25/2022,Expense,Rentt,13219.0,Upi,Chennai,Medicine
T3605,U039,03/15/2023,Expense,Foods,4416.0,card,Kolkata,Medicine
T12639,U119,15-06-2022,Expense,Fod,3650.0,Bank_Transfer,LUCKNOW,Petrol
T4826,U074,2024-04-07,Expense,Foodd,805.0,Csh,BANGALORE,Shopping
T0399,U081,17-01-21,Income,Freelance,36887.0,bank transfer,pune,Medicine
T13535,U116,2022-04-05,Expense,Rentt,26977.0,UPi,Mumbai,Grocery shopping
T8432,U136,16-04-2022,Expense,Rnt,9179.0,Bank Transfer,chennai,asdfgh
T7719,U082,09/03/2023,Expense,Food,4510.0,Bank Transfer,LUCKNOW,Gym membership
T13154,U107,03/19/2024,Expense,Rent,44603.0,Bank Transfer,BAN,Monthly rent payment
T12856,U046,2022-08-13,Income,Bonus,68852.0,Card,Mumbai,test
T5627,U094,13-06-2023,Income,Others,21658.0,cash,Mumbai,No Notes
T2739,U134,08-06-2022,Expense,RENT,2837.0,Bank Transfer,Mumbai,Movie tickets
T0669,U054,29-09-23,Expense,FOOD,1587.0,CASH,Unknown,!!!
T0990,U084,2022-06-22,Expense,Foodd,1301.0,Cash,KOLKATA,Coffee
T0470,U038,2024-12-10,Expense,Rent,42615.0,Bank Transfer,hyderabad,Shopping
T12924,U035,25-01-2021,Expense,Education,8065.0,CRD,Ahmedabad,Shopping
T9466,U116,2023-01-30,Expense,Entertain,7428.0,upi,DELHI,No Notes
T12035,U049,11-04-24,Expense,EDU,9674.0,UPi,JAIPUR,Lunch
T5557,U012,07/10/2024,Income,Bonus,477966.0,Bank Transfer,CHENNAI,Monthly rent payment
T8864,U068,2022-02-21,Expense,Travl,2308.0,Csh,Lucknow,Fixed deposit
T2209,U018,21-01-2024,Expense,,6636.0,cash,MUM,EMI payment
T13210,U031,2024-07-25,Expense,Educaton,7448.0,CRD,MUMBAI,No Notes
T11454,U024,2022-11-08,Expense,TRAVEL,2214.0,UPI,MUMBAI,Restaurant dinner
T5252,U035,03/14/2023,Expense,Rent,44708.0,bank transfer,MUMBAI,Petrol
T10727,U062,06-07-23,Expense,Utlities,1419.0,card,Chennai,misc
T6211,U068,07/16/2024,Expense,TRAVEL,2769.0,Upi,Bangalore,ATM withdrawal
T4388,U082,10/05/2023,Expense,Utilties,7538.0,card,jaipur,Monthly rent payment
T6775,U069,02-11-22,Expense,food,9571.0,csh,CHE,Internet bill
T7518,U107,07-06-2023,Income,Salary,77201.0,upi,JAIPUR,Train ticket
T12827,U045,11/03/2023,Expense,Utilities,8775.0,card,delhi,asdfgh
T6381,U107,2023-10-29,Income,Freelance,13567.0,Card,Kolkata,No Notes
T12157,U058,2022-03-18,Expense,travel,5850.0,bank transfer,JAIPUR,EMI payment
T0247,U075,05/24/2024,Expense,RENT,8635.0,cash,Kolkata,Online course
T9239,U088,2024-08-28,Expense,utilities,1973.0,Upi,Lucknow,Coffee
T0077,U121,2022-02-02,Income,Others,75916.0,Crd,Kolkata,Electricity bill
T0319,U005,2021-06-15,Expense,Foods,2374.0,card,kolkata,asdfgh
T0954,U069,06/20/2021,Income,Freelance,56837.0,CARD,MUM,Online course
T12636,U028,2021-01-05,Expense,travel,4868.0,cash,hyderabad,test
T2231,U131,2022-08-29,Expense,Health,9872.0,Crd,lucknow,Internet bill
T13701,U096,10/01/2024,Expense,utilities,5920.0,BankTransfer,Mumbai,No Notes
T8274,U131,03/23/2022,Expense,rent,3366.0,csh,Jaipur,No Notes
T8927,U010,09/05/2023,Expense,Traval,3308.0,Upi,PUN,Shopping
T10993,U066,10/25/2024,Expense,food,6534.0,,AHM,ATM withdrawal
T12904,U085,2021-06-26,Expense,RENT,4395.0,bank transfer,Pune,Train ticket
T9050,U046,2021-03-28,Income,Others,42834.0,upi,delhi,Books
T6163,U098,2021-10-04,Expense,Traval,7802.0,UPI,Hyderabad,Coffee
T5059,U077,2023-09-16,Expense,Fod,1200.0,Bank_Transfer,Pune,ATM withdrawal
T9092,U102,09/14/2023,Expense,Utilities,5358.0,CARD,Ahmedabad,misc
T3964,U136,04/18/2023,Expense,EDU,7292.0,Crd,DEL,Monthly rent payment
T1070,U127,2024-03-02,Expense,Foodd,1845.0,Bank Transfr,HYDERABAD,...
T4799,U115,2024-08-21,Expense,Fod,6796.0,Cash,Pune,Online course
T7190,U014,20-01-23,Expense,Utilties,1191.0,Crd,Chennai,Electricity bill
T0609,U124,16-06-2021,Expense,education,2755.0,Cash,AHM,Petrol
T4392,U041,10-12-24,Expense,Utility,3702.0,card,Delhi,Coffee
T1716,U135,21-07-22,Expense,Utilties,4602.0,card,Kolkata,Monthly rent payment
T4709,U083,2022-02-08,Expense,travel,6089.0,BankTransfer,HYDERABAD,Train ticket
T7197,U107,08/14/2023,Expense,Rentt,20647.0,card,Jaipur,Movie tickets
T6822,U091,2024-02-02,Expense,Fod,4851.0,Bank Transfr,Hyderabad,xyz123
T10166,U136,2021-11-25,Expense,Foodd,3884.0,CARD,KOL,Coffee
T9184,U122,2022-03-08,Expense,Helth,1899.0,Upi,MUMBAI,asdfgh
T7172,U120,2023-06-23,Expense,Food,3858.0,CRD,LUCKNOW,Lunch
T4786,U009,2021-02-21,Expense,Entertainment,4085.0,,Lucknow,Movie tickets
T9458,U130,14-03-22,Expense,Traval,4731.0,Card,PUNE,Gym membership
T3453,U074,19-12-2023,Expense,Rent,45898.0,Bank_Transfer,JAIPUR,Coffee
T4497,U115,2024-03-01,Expense,Foods,2706.0,BankTransfer,Chennai,xyz123
T0323,U084,18-10-24,Expense,Traval,6859.0,Bank_Transfer,PUN,Shopping
T10732,U096,03/27/2023,Expense,entertainment,2985.0,,MUMBAI,Doctor consultation
T3716,U080,31-03-24,Expense,FOOD,2392.0,UPi,Pune,Internet bill
T6946,U112,15-01-2023,Expense,Helth,8336.0,cash,LUC,asdfgh
T12373,U001,2023-12-02,Expense,RENT,2100.0,,Pune,Gym membership
T5204,U058,09/12/2023,Expense,Savings,1437.0,Cash,JAIPUR,Train ticket
T3154,U096,10/10/2022,Expense,HEALTH,9525.0,Bank_Transfer,LUC,Doctor consultation
T6456,U108,2023-11-24,Expense,RENT,4259.0,UPi,MUM,Uber ride
T12627,U039,2023-02-16,Expense,food,8176.0,UPI,mumbai,Movie tickets
T10921,U080,10/02/2021,Expense,Entertain,4042.0,bank transfer,Pune,Books
T12892,U092,04/09/2024,Expense,Foods,2610.0,Cash,LUC,No Notes
T3285,U001,14-07-24,Expense,Utility,8396.0,Card,CHENNAI,Medicine
T12318,U094,06-01-22,Expense,Travel,882.0,UPi,BANGALORE,Coffee
T7975,U117,2023-03-04,Income,Freelance,79476.0,Bank Transfr,chennai,No Notes
T13866,U008,12/14/2021,Expense,Rentt,26709.0,UPI,JAI,Train ticket
T13503,U140,2023-10-18,Expense,Utilities,9910.0,Csh,Mumbai,Petrol
T12704,U123,2022-09-30,Expense,rent,4125.0,CASH,ahmedabad,Fixed deposit
T10119,U030,2022-06-21,Expense,Utilities,4413.0,upi,BANGALORE,EMI payment
T13404,U125,10/09/2024,Expense,Rent,35757.0,Cash,JAIPUR,Books
T2137,U019,2021-11-01,Expense,Foods,1749.0,UPI,Kolkata,test
T9825,U139,05-01-21,Expense,education,999999.0,UPi,Chennai,Uber ride
T13345,U093,2023-02-06,Expense,travel,6358.0,,HYD,Coffee
T1540,U059,2022-12-05,Income,Others,32912.0,Bank_Transfer,LUC,No Notes
T12746,U044,12/17/2023,Expense,Rentt,7834.0,upi,chennai,Books
T9416,U070,2022-03-16,Expense,Other,8236.0,Cash,AHMEDABAD,misc
T8734,U055,12/30/2021,Expense,FOOD,2700.0,Bank Transfr,CHE,No Notes
T13333,U024,2022-06-02,Expense,Foodd,4453.0,Csh,PUNE,Gym membership
T10615,U072,22-01-23,Expense,Education,5245.0,,pune,asdfgh
T13171,U091,2021-12-04,Expense,Other,3775.0,CARD,kolkata,Internet bill
T7003,U085,01/18/2021,Expense,Rentt,41499.0,Csh,HYD,Restaurant dinner
T5580,U120,14-05-21,Expense,Fod,7366.0,CASH,KOL,test
T8236,U125,07/09/2021,Expense,entertainment,8567.0,CRD,hyderabad,EMI payment
T12781,U116,2023-12-29,Expense,Educaton,556.0,card,Delhi,asdfgh
T3056,U126,26-04-2024,Expense,TRAVEL,3356.0,Upi,HYD,No Notes
T2315,U100,2021-03-02,Expense,Food,2318.0,Csh,DELHI,Petrol
T12546,U123,21-09-24,Expense,Foods,4028.0,UPI,Delhi,Coffee
T0878,U113,08/23/2022,Expense,,8542.0,upi,Delhi,Books
T6901,U097,10/02/2022,Expense,RENT,2815.0,upi,Ahmedabad,test
T12130,U069,11/24/2022,Expense,EDU,9948.0,upi,DELHI,asdfgh
T13536,U038,2022-05-16,Expense,entertainment,2027.0,UPi,Hyderabad,No Notes
T2121,U075,2023-10-23,Expense,FOOD,1318.0,bank transfer,Mumbai,!!!
T3745,U034,2024-09-21,Expense,RENT,3551.0,upi,bangalore,No Notes
T7261,U109,12-01-24,Expense,Entrtnmnt,713.0,Upi,MUMBAI,asdfgh
T5194,U147,11/01/2022,Expense,Utilities,7566.0,upi,HYD,No Notes
T5589,U078,06/23/2022,Expense,Rnt,3347.0,CRD,delhi,...
T12653,U029,2022-04-08,Expense,Educaton,8225.0,Bank Transfer,Bangalore,Online course
T4206,U115,2021-07-30,Expense,Utilties,6511.0,csh,kolkata,Grocery shopping
T7990,U056,26-03-21,Expense,Food,3307.0,UPI,mumbai,No Notes
T1349,U026,05/05/2022,Expense,others,3125.0,BankTransfer,HYDERABAD,Restaurant dinner
T10614,U129,19-08-2024,Income,Others,31314.0,CRD,Bangalore,No Notes
T1450,U146,09-05-2021,Expense,Utilties,280.0,CRD,PUN,misc
T9514,U085,2021-07-02,Expense,Travl,2717.0,bank transfer,delhi,Medicine
T1115,U121,09/04/2021,Expense,Rnt,7888.0,csh,Jaipur,...
T0510,U128,10/06/2023,Expense,Fod,8733.0,cash,chennai,Monthly rent payment
T10060,U076,09-11-23,Expense,food,5507.0,Csh,JAI,Electricity bill
T12393,U004,17-06-24,Expense,Travel,2083.0,Bank Transfer,LUCKNOW,Lunch
T5452,U003,05/09/2024,Expense,entertainment,6829.0,CARD,PUN,Doctor consultation
T4900,U093,27-03-23,Expense,FOOD,2147.0,Bank Transfr,MUM,No Notes
T9848,U009,2023-04-25,Expense,Foodd,2800.0,UPI,LUCKNOW,Electricity bill
T3129,U095,08-10-23,Expense,Rent,40709.0,Csh,AHMEDABAD,Gym membership
T13236,U131,2024-12-15,Expense,health,8102.0,Bank_Transfer,delhi,Uber ride
T10331,U138,2024-05-12,Expense,Entertain,8867.0,BankTransfer,Bangalore,Electricity bill
T8197,U090,09-09-2021,Expense,Utilities,6506.0,Cash,Delhi,Fixed deposit
T12006,U022,30-08-21,Income,Investment,57002.0,CASH,Unknown,Medicine
T11591,U103,2022-02-13,Expense,TRAVEL,2615.0,CRD,KOL,EMI payment
T6563,U033,2022-09-11,Expense,TRAVEL,9307.0,upi,mumbai,Lunch
T5411,U129,01/28/2022,Expense,Food,4240.0,Crd,kolkata,Books
T8942,U088,21-08-22,Expense,FOOD,6824.0,card,Pune,test
T5534,U062,2024-10-08,Expense,FOOD,7480.0,CRD,AHM,Uber ride
T4067,U069,2024-11-18,Expense,Entertain,1807.0,bank transfer,CHENNAI,Doctor consultation
T2999,U082,2022-08-28,Expense,Foodd,1267.0,,lucknow,No Notes
T0542,U135,2024-02-23,Expense,Travel,7009.0,card,Unknown,No Notes
T6258,U121,2022-12-23,Expense,Traval,3930.0,Cash,JAIPUR,No Notes
T10158,U122,24-12-24,Expense,education,8744.0,Crd,DEL,Shopping
T2736,U022,2024-09-18,Expense,Utlities,5455.0,Bank Transfr,Chennai,Petrol
T3277,U135,2021-09-29,Expense,FOOD,279.0,BankTransfer,DELHI,EMI payment
T11072,U069,16-02-2024,Expense,FOOD,9091.0,CASH,lucknow,Coffee
T0707,U088,29-05-2022,Expense,Rent,15033.0,CRD,Ahmedabad,Monthly rent payment
T8481,U136,2023-06-19,Income,Investment,64871.0,cash,ahmedabad,Restaurant dinner
T5988,U061,2022-01-27,Expense,Utilties,9649.0,Bank Transfr,kolkata,Coffee
T7184,U131,13-05-24,Expense,Traval,6755.0,Bank_Transfer,MUMBAI,Grocery shopping
T12813,U068,05/09/2024,Expense,Utlities,780.0,Csh,Unknown,No Notes
T10392,U106,2024-02-21,Expense,Rnt,1780.0,Bank_Transfer,AHMEDABAD,No Notes
T2407,U145,09/01/2022,Expense,Utilities,5991.0,Crd,Unknown,test
T7384,U005,12-04-23,Expense,Rentt,16966.0,Bank Transfr,MUMBAI,No Notes
T2360,U045,04/07/2022,Income,Salary,43847.0,csh,Jaipur,...
T10597,U086,23-11-21,Expense,Rnt,8937.0,CARD,hyderabad,Train ticket
T4717,U084,2024-07-04,Income,Salary,41028.0,CRD,mumbai,Medicine
T4609,U027,30-06-23,Expense,RENT,717.0,card,JAIPUR,misc
T6201,U110,04/11/2023,Expense,Entertain,8581.0,Bank Transfr,Mumbai,Restaurant dinner
T8011,U126,2023-03-09,Income,Freelance,28322.0,BankTransfer,jaipur,No Notes
T0994,U122,2023-03-02,Expense,Entertainment,4219.0,Csh,kolkata,Doctor consultation
T11473,U099,09/26/2022,Expense,Entertainment,3246.0,Bank Transfer,lucknow,No Notes
T7200,U104,2024-03-23,Expense,TRAVEL,2796.0,csh,Hyderabad,xyz123
T6620,U092,2022-10-25,Expense,education,7823.0,csh,Lucknow,Medicine
T13540,U136,12/18/2023,Expense,TRAVEL,5632.0,Bank Transfr,Hyderabad,asdfgh
T9731,U143,2024-12-11,Expense,,2736.0,Bank Transfer,LUC,Grocery shopping
T1478,U107,27-04-24,Expense,FOOD,8030.0,Csh,KOL,misc
T8903,U007,2023-09-24,Income,Investment,978324.0,Card,PUNE,Grocery shopping
T13496,U020,11-08-24,Expense,Utility,1944.0,Bank_Transfer,Pune,Shopping
T0898,U059,08-04-21,Expense,Utlities,3368.0,Cash,BAN,No Notes
T4662,U014,2023-01-01,Expense,RENT,8863.0,upi,Mumbai,No Notes
T5713,U045,12/26/2022,Expense,entertainment,801.0,Crd,Chennai,misc
T3005,U089,15-01-22,Expense,rent,9365.0,Bank_Transfer,Jaipur,Medicine
T5127,U066,03/30/2023,Expense,Food,2746.0,Cash,ahmedabad,xyz123
T7893,U060,10/10/2023,Income,Investment,75940.0,upi,chennai,asdfgh
T4596,U051,2024-06-25,Expense,entertainment,8402.0,BankTransfer,KOL,Train ticket
T1807,U020,13-05-24,Expense,utilities,7537.0,UPI,AHMEDABAD,No Notes
T6484,U124,2021-07-31,Income,Others,41568.0,upi,AHMEDABAD,misc
T7649,U119,12/21/2022,Income,Salary,51853.0,Card,Chennai,Coffee
T4191,U045,2024-05-25,Expense,Travl,3204.0,UPi,HYDERABAD,misc
T10363,U009,11/16/2022,Expense,Foods,1614.0,CRD,JAIPUR,Shopping
T12677,U034,20-01-24,Expense,Rentt,15116.0,BankTransfer,BANGALORE,Electricity bill
T9130,U141,09/29/2021,Expense,RENT,5804.0,Bank Transfer,kolkata,Online course
T7520,U132,21-02-21,Expense,rent,3727.0,csh,CHE,Medicine
T9793,U084,2022-12-04,Income,,56773.0,BankTransfer,BAN,No Notes
T1726,U032,03/08/2021,Income,Investment,68757.0,BankTransfer,chennai,Shopping
T5307,U098,2023-03-07,Expense,education,4717.0,Card,bangalore,Movie tickets
T12114,U043,09/30/2023,Expense,travel,2592.0,Cash,Jaipur,Petrol
T1908,U124,06/11/2022,Expense,Rent,36747.0,,Kolkata,No Notes
T11391,U106,09-09-2023,Expense,Education,3631.0,Cash,JAIPUR,No Notes
T13474,U117,2021-09-24,Expense,Rnt,9225.0,Csh,Bangalore,Doctor consultation
T7423,U013,09/26/2023,Expense,Food,2753.0,Crd,Unknown,Fixed deposit
T1477,U080,07/14/2023,Expense,food,960.0,CASH,LUCKNOW,Shopping
T8133,U009,17-09-2021,Income,Investment,65628.0,cash,JAIPUR,No Notes
T5908,U044,04/25/2023,Expense,Traval,8853.0,Crd,CHE,Doctor consultation
T3026,U133,12/30/2023,Expense,Rnt,8405.0,Bank Transfer,MUM,...
T4621,U027,05-10-21,Expense,education,4118.0,Bank_Transfer,CHE,asdfgh
T11459,U148,19-06-21,Expense,utilities,7816.0,Crd,Kolkata,Restaurant dinner
T1779,U095,2024-08-09,Income,Freelance,53820.0,Card,DEL,Gym membership
T13464,U080,2023-11-29,Expense,Education,9403.0,BankTransfer,Delhi,...
T4524,U131,07/03/2021,Expense,RENT,5743.0,Upi,ahmedabad,ATM withdrawal
T11429,U041,15-11-2022,Expense,Rnt,3790.0,csh,JAIPUR,Grocery shopping
T9027,U049,26-08-21,Expense,Utilties,5462.0,Cash,CHE,Fixed deposit
T3694,U099,2022-06-12,Expense,Fod,3678.0,CASH,MUMBAI,EMI payment
T5002,U113,2023-10-03,Expense,Traval,7110.0,Card,PUN,ATM withdrawal
T0787,U096,02-05-23,Expense,Rnt,1672.0,CARD,JAI,No Notes
T11486,U066,04/14/2021,Expense,Rent,44446.0,bank transfer,DELHI,asdfgh
T9357,U127,18-11-24,Expense,Educaton,1242.0,UPI,ahmedabad,Grocery shopping
T11661,U005,2024-10-13,Expense,education,7263.0,Upi,PUN,xyz123
T0125,U076,2024-12-31,Expense,Foods,3241.0,,HYD,Lunch
T7498,U084,2024-11-16,Expense,FOOD,4737.0,Bank Transfr,CHENNAI,Coffee
T1183,U069,11/07/2024,Expense,,2215.0,Bank_Transfer,kolkata,Movie tickets
T2816,U004,08/09/2022,Expense,HEALTH,9361.0,Bank Transfr,pune,!!!
T11338,U036,2023-11-12,Expense,travel,8112.0,bank transfer,Bangalore,!!!
T1158,U078,12-10-21,Expense,Foods,3511.0,BankTransfer,Unknown,Books
T6313,U118,2023-02-08,Expense,Utilities,1136.0,upi,kolkata,Doctor consultation
T7207,U004,2021-06-11,Expense,Rentt,23537.0,CASH,delhi,No Notes
T12716,U114,10/12/2021,Expense,Travel,4280.0,Crd,DELHI,Gym membership
T11928,U084,09/13/2023,Expense,Travl,6207.0,Cash,LUCKNOW,ATM withdrawal
T0407,U130,07/11/2023,Expense,Travel,6811.0,CASH,delhi,Petrol
T0475,U098,08/30/2024,Expense,Education,8451.0,bank transfer,DELHI,Train ticket
T11960,U072,03/31/2022,Income,Investment,335656.0,Bank Transfr,JAI,Electricity bill
T3846,U050,2023-01-05,Expense,travel,9889.0,UPi,Unknown,Doctor consultation
T10442,U131,10/30/2021,Expense,travel,8923.0,Cash,bangalore,Internet bill
T0699,U066,21-07-2023,Expense,Rentt,18054.0,Bank_Transfer,PUN,xyz123
T7363,U046,06/08/2023,Expense,HEALTH,9966.0,Bank Transfr,JAI,...
T4992,U145,2023-09-16,Expense,Travl,9011.0,Card,delhi,Grocery shopping
T12747,U033,09/28/2021,Expense,HEALTH,5420.0,Card,LUC,Grocery shopping
T11250,U145,10/07/2024,Expense,food,9053.0,UPI,pune,Lunch
T3115,U101,05/12/2024,Expense,travel,2510.0,bank transfer,PUN,Doctor consultation
T10515,U119,2021-05-06,Expense,Food,4562.0,cash,Bangalore,No Notes
T0036,U136,2024-02-02,Expense,travel,3255.0,card,AHMEDABAD,Lunch
T10576,U046,22-03-24,Expense,EDU,5995.0,Upi,DEL,No Notes
T12887,U036,07/14/2021,Income,Bonus,59053.0,CRD,JAIPUR,EMI payment
T10470,U003,10/05/2022,Expense,Health,9087.0,CARD,Delhi,ATM withdrawal
T11365,U117,05-10-2021,Income,Salary,68725.0,BankTransfer,BANGALORE,Internet bill
T2914,U131,25-07-2021,Expense,Entrtnmnt,2896.0,UPI,KOL,No Notes
T5624,U140,2022-08-10,Expense,rent,6319.0,Bank Transfer,DELHI,Train ticket
T10389,U054,2022-07-12,Expense,Food,1011.0,csh,DEL,EMI payment
T8952,U119,04-04-24,Expense,rent,7273.0,csh,Mumbai,xyz123
T0682,U018,2023-04-21,Expense,Foodd,1356.0,UPI,kolkata,Fixed deposit
T7419,U009,2024-11-24,Expense,Foodd,2166.0,UPi,kolkata,misc
T10667,U128,03/23/2022,Expense,FOOD,3148.0,Bank Transfr,MUMBAI,misc
T10865,U115,2022-01-05,Expense,Rentt,8518.0,Csh,delhi,Monthly rent payment
T2387,U006,2021-02-12,Income,Freelance,52179.0,CRD,HYD,!!!
T1809,U129,11-11-23,Expense,Rnt,3759.0,CASH,lucknow,test
T3897,U105,2024-07-05,Expense,Fod,3130.0,upi,lucknow,...
T7246,U149,01/19/2024,Expense,Other,3804.0,CARD,kolkata,Electricity bill
T13606,U126,14-12-21,Expense,Utility,6523.0,Upi,DELHI,Train ticket
T12687,U031,06-11-21,Expense,Entertain,840.0,cash,kolkata,Lunch
T9922,U033,10/13/2024,Expense,Utilities,489.0,Bank Transfer,MUMBAI,Petrol
T8923,U130,2023-04-17,Expense,Utilities,4971.0,,kolkata,Electricity bill
T11080,U093,2021-11-20,Expense,Traval,2302.0,Upi,Lucknow,ATM withdrawal
T2443,U080,04/13/2024,Expense,education,6944.0,,lucknow,Uber ride
T7483,U077,2023-06-09,Income,Freelance,42030.0,UPI,Jaipur,Monthly rent payment
T8572,U108,2021-07-15,Expense,Utilties,1186.0,Bank Transfer,Bangalore,Lunch
T2083,U109,23-11-2023,Expense,Entertain,6879.0,Upi,CHE,No Notes
T10579,U128,2022-01-09,Income,Others,43218.0,upi,DEL,Shopping
T12335,U106,20-02-2021,Expense,travel,3157.0,bank transfer,Mumbai,xyz123
T6081,U128,19-10-21,Income,Bonus,435842.0,csh,HYD,Electricity bill
T12471,U125,21-07-22,Expense,rent,116.0,Bank_Transfer,LUC,asdfgh
T4267,U004,2024-07-06,Expense,FOOD,3986.0,UPi,HYDERABAD,Doctor consultation
T11161,U022,12/02/2022,Expense,RENT,4320.0,Upi,bangalore,Movie tickets
T12629,U088,08/09/2021,Expense,TRAVEL,8423.0,cash,PUN,Books
T1851,U054,11/06/2024,Expense,education,9541.0,Card,mumbai,Grocery shopping
T6157,U049,07/22/2022,Expense,Foods,2862.0,Csh,JAI,Electricity bill
T1731,U086,09-06-21,Expense,savings,5502.0,BankTransfer,Lucknow,Train ticket
T0831,U080,2022-05-31,Income,Investment,30535.0,UPI,CHENNAI,misc
T5653,U147,11/27/2021,Expense,FOOD,133.0,CASH,kolkata,Internet bill
T2055,U102,2023-06-23,Expense,Savings,1142.0,Bank Transfr,MUM,test
T2269,U126,2022-03-27,Expense,entertainment,508.0,Card,Delhi,xyz123
T4754,U088,2023-03-08,Expense,FOOD,4525.0,CASH,JAIPUR,Gym membership
T8854,U092,16-07-23,Expense,Rnt,5875.0,cash,DEL,Online course
T4905,U019,11/24/2022,Expense,Utilties,555.0,upi,ahmedabad,Electricity bill
T2600,U052,19-04-24,Income,Freelance,47197.0,csh,Mumbai,Lunch
T8831,U104,29-01-22,Expense,FOOD,9723.0,csh,Ahmedabad,Fixed deposit
T11975,U039,2024-03-20,Expense,travel,7852.0,UPI,mumbai,xyz123
T7187,U071,30-12-2022,Expense,Helth,628.0,Bank Transfr,Kolkata,Uber ride
T4760,U084,10/26/2021,Expense,Travl,5427.0,Cash,Mumbai,...
T13273,U064,2021-10-15,Expense,FOOD,6390.0,upi,BANGALORE,Uber ride
T2399,U049,06/20/2024,Expense,Travl,694.0,cash,mumbai,misc
T13020,U019,04/02/2021,Expense,Travel,9013.0,CASH,BANGALORE,Books
T8912,U096,10/19/2022,Expense,food,6693.0,UPi,Ahmedabad,Monthly rent payment
T0509,U110,2022-07-25,Expense,Rnt,8197.0,upi,CHE,xyz123
T10168,U091,2024-02-27,Expense,Entrtnmnt,2513.0,Csh,PUN,Train ticket
T3022,U092,09/02/2024,Expense,EDU,6659.0,csh,Unknown,...
T5234,U081,2022-05-01,Expense,Rent,32153.0,Bank_Transfer,AHM,No Notes
T6192,U115,2022-05-23,Expense,EDU,6738.0,Cash,Bangalore,Grocery shopping
T0723,U096,17-03-24,Expense,Rent,27356.0,bank transfer,DELHI,Restaurant dinner
T0857,U014,02/24/2022,Expense,Health,7689.0,Card,Unknown,Online course
T1652,U125,05-07-2024,Expense,Utilities,6189.0,Bank_Transfer,JAIPUR,Monthly rent payment
T9319,U100,2021-02-15,Income,Others,74183.0,Bank_Transfer,HYD,Internet bill
T1881,U014,08/17/2023,Expense,Entrtnmnt,6700.0,Bank_Transfer,KOL,test
T11511,U084,08/22/2021,Expense,Rentt,37645.0,csh,DEL,Monthly rent payment
T10620,U018,08/10/2021,Expense,Travel,941.0,Bank Transfer,DEL,Doctor consultation
T2256,U017,16-11-23,Expense,Fod,531.0,,KOL,ATM withdrawal
T9282,U150,02/20/2023,Expense,travel,6688.0,CRD,Chennai,Monthly rent payment
T11978,U074,01/03/2021,Income,Salary,70569.0,CRD,bangalore,Uber ride
T8992,U072,2022-01-20,Expense,Utlities,3143.0,upi,Hyderabad,No Notes
T9854,U035,11/09/2024,Expense,Rnt,8721.0,cash,delhi,Electricity bill
T11512,U037,2023-03-25,Expense,Rnt,4841.0,CRD,mumbai,Internet bill
T6769,U073,03/05/2022,Income,Investment,162795.0,Cash,Hyderabad,No Notes
T0704,U067,05/16/2023,Expense,food,4566.0,bank transfer,Chennai,No Notes
T6357,U097,18-10-24,Expense,Utlities,7928.0,Crd,Unknown,Internet bill
T12980,U036,03/21/2021,Expense,Savings,1522.0,csh,chennai,misc
T5527,U145,02/17/2022,Expense,Fod,995.0,csh,Unknown,EMI payment
T4438,U057,2021-12-26,Expense,Entrtnmnt,1777.0,Csh,hyderabad,!!!
T10431,U117,20-11-22,Expense,Travl,8510.0,Bank_Transfer,KOLKATA,Lunch
T4542,U129,2024-08-15,Income,Salary,23498.0,cash,HYD,Lunch
T9876,U145,2024-07-02,Expense,EDU,7630.0,cash,Pune,...
T1383,U017,2022-02-27,Expense,Entertain,7935.0,UPI,BAN,EMI payment
T3015,U088,07/06/2023,Expense,FOOD,4575.0,Upi,Pune,No Notes
T6193,U103,2023-08-27,Expense,Foods,2141.0,Crd,ahmedabad,Uber ride
T3319,U085,24-11-21,Expense,SAVINGS,431.0,UPi,pune,Lunch
T1107,U087,08/12/2022,Income,Salary,65020.0,bank transfer,mumbai,No Notes
T8278,U007,16-08-21,Expense,savings,2204.0,Bank Transfr,Delhi,Books
T10583,U030,2021-08-20,Expense,RENT,5352.0,Crd,Hyderabad,Internet bill
T7114,U098,01/30/2022,Expense,Rnt,5649.0,CASH,MUMBAI,asdfgh
T1285,U092,12/01/2023,Expense,,894.0,bank transfer,MUMBAI,Online course
T11530,U047,12/14/2022,Expense,Food,3622.0,Upi,Unknown,ATM withdrawal
T2307,U134,2022-07-04,Expense,TRAVEL,7864.0,UPi,Unknown,Coffee
T13840,U009,09-03-22,Expense,Foods,1260.0,card,PUN,Movie tickets
T8371,U033,2021-04-01,Expense,RENT,3890.0,cash,bangalore,Electricity bill
T10893,U014,01/12/2021,Expense,travel,1673.0,Csh,mumbai,Doctor consultation
T3386,U063,03-10-23,Expense,OTHERS,8953.0,CRD,LUC,asdfgh
T11828,U027,2022-01-21,Expense,Food,1250.0,CASH,hyderabad,Fixed deposit
T5129,U075,2024-02-10,Income,Bonus,38623.0,Cash,Hyderabad,...
T8693,U113,11-04-23,Expense,Entertainment,2610.0,Cash,AHM,asdfgh
T1911,U075,2021-06-22,Expense,Fod,9400.0,csh,KOL,Train ticket
T11527,U077,2024-12-22,Expense,RENT,5116.0,CASH,KOL,Shopping
T5425,U032,2021-02-11,Expense,Entrtnmnt,8085.0,cash,jaipur,No Notes
T7594,U131,10-09-24,Expense,SAVINGS,6095.0,BankTransfer,Mumbai,Train ticket
T13101,U110,02/10/2023,Expense,rent,1938.0,CRD,JAI,!!!
T8171,U132,14-06-24,Expense,travel,4334.0,UPI,Bangalore,No Notes
T8541,U116,06/05/2023,Expense,,6008.0,Bank_Transfer,bangalore,ATM withdrawal
T4837,U003,06/04/2021,Expense,Rentt,42507.0,Bank_Transfer,Lucknow,No Notes
T1352,U036,2024-09-29,Expense,Foods,1416.0,Bank Transfer,jaipur,Restaurant dinner
T11637,U064,09/02/2022,Expense,Utlities,2138.0,CASH,PUNE,ATM withdrawal
T1134,U149,10-02-24,Expense,Fod,4123.0,Bank Transfr,Bangalore,Grocery shopping
T11178,U004,2023-02-13,Expense,TRAVEL,4330.0,BankTransfer,ahmedabad,Coffee
T9020,U007,30-03-2023,Expense,Traval,7371.0,CASH,CHE,No Notes
T4477,U015,06-03-22,Expense,Rnt,1185.0,upi,Ahmedabad,test
T12443,U072,30-06-22,Income,Freelance,14593.0,Csh,Mumbai,EMI payment
T0253,U113,2022-04-22,Expense,Rnt,8265.0,UPI,bangalore,Electricity bill
T8959,U097,03-06-2024,Expense,Utility,4574.0,Csh,AHMEDABAD,Doctor consultation
T3905,U128,02/12/2022,Expense,Foodd,1242.0,Upi,mumbai,Fixed deposit
T10243,U086,24-06-22,Income,Freelance,44317.0,upi,Delhi,Gym membership
T10138,U030,2022-06-06,Expense,Savings,8107.0,csh,KOL,Uber ride
T10786,U150,05/08/2023,Expense,FOOD,2159.0,Bank_Transfer,PUNE,...
T5673,U107,26-03-2021,Expense,Entrtnmnt,7235.0,BankTransfer,mumbai,EMI payment
T11941,U145,06/18/2022,Expense,Utility,3954.0,,chennai,Electricity bill
T6245,U141,21-06-2021,Expense,FOOD,5826.0,bank transfer,BANGALORE,Lunch
T11169,U100,2022-11-05,Expense,Rnt,5693.0,CARD,MUMBAI,ATM withdrawal
T9525,U092,2023-04-01,Expense,TRAVEL,3178.0,csh,Mumbai,No Notes
T5440,U006,2024-03-30,Expense,Rentt,32666.0,card,delhi,Movie tickets
T9114,U135,19-07-23,Expense,Foods,2474.0,Cash,BAN,Petrol
T6870,U071,17-05-23,Expense,Foodd,1200.0,Csh,Ahmedabad,asdfgh
T13597,U095,2023-06-11,Expense,utilities,4076.0,CASH,pune,Books
T0081,U121,04-03-2023,Expense,,5749.0,upi,Unknown,Train ticket
T12476,U067,08-08-24,Expense,,6485.0,Bank Transfr,chennai,No Notes
T2297,U145,08-09-21,Expense,Food,1571.0,Csh,PUN,No Notes
T0394,U059,04/04/2022,Income,Salary,29815.0,Cash,Ahmedabad,No Notes
T3930,U040,18-09-23,Expense,Rnt,5541.0,UPi,CHENNAI,Restaurant dinner
T4747,U120,05/30/2024,Expense,Rnt,1639.0,BankTransfer,Mumbai,Monthly rent payment
T13851,U067,2021-08-05,Expense,Saving,3262.0,BankTransfer,JAIPUR,test
T12455,U125,26-04-21,Expense,EDU,1738.0,cash,JAIPUR,...
T8344,U025,2023-08-07,Expense,Education,723.0,UPI,ahmedabad,ATM withdrawal
T2872,U086,2022-02-25,Expense,Utility,3754.0,Cash,Lucknow,Electricity bill
T12417,U070,2021-05-15,Expense,Travl,5604.0,bank transfer,CHE,xyz123
T11090,U010,2024-12-15,Expense,FOOD,8272.0,Csh,BANGALORE,...
T0842,U092,05/31/2023,Expense,utilities,8050.0,Crd,KOLKATA,Uber ride
T1236,U056,2022-11-06,Expense,RENT,636.0,Crd,kolkata,Coffee
T3066,U110,10/07/2021,Expense,RENT,101.0,bank transfer,Ahmedabad,Lunch
T8613,U128,2022-05-06,Expense,Helth,8945.0,upi,jaipur,No Notes
T7534,U095,2021-01-18,Expense,Food,2171.0,Crd,lucknow,Medicine
T5983,U035,29-10-22,Expense,Travel,1709.0,UPI,ahmedabad,Gym membership
T1109,U136,05/06/2022,Expense,Fod,1057.0,csh,lucknow,Electricity bill
T6738,U034,07/28/2022,Expense,TRAVEL,2842.0,Bank Transfr,Bangalore,xyz123
T11588,U003,20-03-2022,Expense,Travel,8443.0,upi,Mumbai,Electricity bill
T2032,U142,2023-03-01,Income,Freelance,57584.0,Bank Transfer,Mumbai,No Notes
T6516,U088,12-02-21,Expense,FOOD,8764.0,Card,pune,Electricity bill
T0983,U054,2024-09-09,Income,Bonus,75281.0,Card,PUNE,No Notes
T1488,U067,2024-07-25,Expense,travel,7676.0,bank transfer,hyderabad,test
T6579,U058,2024-02-19,Expense,Traval,9234.0,CRD,AHMEDABAD,Restaurant dinner
T8974,U101,2021-01-27,Expense,EDU,6894.0,CASH,MUMBAI,Books
T9783,U091,26-07-22,Expense,RENT,7273.0,CASH,hyderabad,Shopping
T13342,U075,2023-04-15,Expense,EDU,8795.0,csh,MUMBAI,Electricity bill
T6729,U114,06/17/2022,Expense,Entertainment,8822.0,Bank Transfer,Chennai,Lunch
T2924,U150,08-01-23,Expense,Foods,1697.0,cash,kolkata,Grocery shopping
T5340,U112,01-07-22,Expense,Educaton,9846.0,Cash,HYDERABAD,Gym membership
T3638,U005,09/04/2022,Expense,Foods,3489.0,Crd,Bangalore,Petrol
T1662,U072,02-06-23,Expense,Rent,37482.0,UPI,Unknown,No Notes
T7012,U141,2023-07-23,Expense,RENT,4733.0,,PUN,ATM withdrawal
T5003,U115,10/20/2021,Expense,Rentt,49129.0,Upi,MUMBAI,Restaurant dinner
T1211,U127,10/15/2024,Expense,Entrtnmnt,7112.0,CASH,Mumbai,Uber ride
T13029,U087,2022-01-12,Expense,Entertainment,7550.0,Upi,KOLKATA,xyz123
T11299,U038,10/18/2022,Expense,Fod,7468.0,CASH,DEL,xyz123
T12009,U025,2022-04-06,Income,Freelance,23778.0,,Pune,Fixed deposit
T7691,U021,09/05/2021,Expense,Fod,7659.0,CARD,Ahmedabad,Electricity bill
T7538,U072,2021-12-08,Income,Others,75601.0,CASH,CHENNAI,Internet bill
T8496,U069,2021-12-18,Expense,Foodd,1379.0,UPi,Lucknow,Movie tickets
T6158,U049,11/02/2021,Income,Investment,60074.0,csh,Hyderabad,Petrol
T6808,U100,23-05-23,Income,Bonus,43616.0,,Ahmedabad,Shopping
T0717,U142,04-12-2024,Expense,Food,1251.0,,AHMEDABAD,xyz123
T0010,U081,03/20/2024,Expense,Rnt,5421.0,UPI,DELHI,Internet bill
T11434,U137,05-05-24,Expense,entertainment,5452.0,Csh,DELHI,Lunch
T4890,U133,2021-11-27,Expense,Fod,659.0,bank transfer,AHMEDABAD,Online course
T1095,U022,01/27/2024,Income,Salary,77508.0,Bank Transfer,CHE,asdfgh
T2104,U057,20-11-24,Expense,Foodd,2946.0,Bank_Transfer,HYD,No Notes
T11868,U023,01/08/2024,Expense,Rentt,22725.0,upi,Hyderabad,Books
T4354,U131,10-10-2022,Income,Others,45451.0,CRD,HYD,Gym membership
T6917,U113,31-03-2022,Expense,EDU,6459.0,upi,delhi,Doctor consultation
T10055,U129,08/23/2022,Expense,RENT,6861.0,Upi,Ahmedabad,Movie tickets
T0503,U047,2021-02-13,Income,Bonus,65888.0,Bank Transfer,Bangalore,Grocery shopping
T8893,U077,17-04-2024,Expense,Entertainment,3091.0,cash,Delhi,test
T13454,U095,2023-04-27,Expense,OTHERS,896.0,Cash,kolkata,Coffee
T11065,U050,2022-06-14,Income,Bonus,42605.0,UPI,JAI,EMI payment
T13224,U104,2023-05-14,Expense,Entertainment,601.0,bank transfer,DEL,Coffee
T11269,U048,07/06/2022,Expense,Fod,6940.0,Crd,PUN,Gym membership
T5797,U026,2023-08-17,Expense,Foods,2748.0,csh,hyderabad,ATM withdrawal
T13771,U018,11/10/2022,Expense,travel,9372.0,UPI,LUCKNOW,!!!
T11370,U061,10/26/2021,Expense,Travel,8231.0,csh,LUCKNOW,Fixed deposit
T13097,U060,27-11-24,Expense,Entertainment,5689.0,csh,Unknown,No Notes
T8846,U120,19-09-2022,Income,Salary,67978.0,Crd,Ahmedabad,Gym membership
T12421,U126,2022-07-28,Expense,food,129.0,csh,Mumbai,EMI payment
T4174,U022,04-07-2024,Expense,Entertainment,8304.0,Crd,JAIPUR,Medicine
T9337,U103,27-08-2024,Expense,education,7729.0,Bank_Transfer,CHENNAI,Monthly rent payment
T1144,U041,2022-12-19,Expense,SAVINGS,5013.0,upi,delhi,Petrol
T3567,U021,29-09-21,Expense,travel,1029.0,Upi,BAN,Shopping
T4622,U047,2022-12-17,Expense,Fod,3123.0,Cash,Chennai,EMI payment
T11496,U047,06/13/2022,Expense,RENT,4522.0,Crd,Lucknow,Uber ride
T7781,U116,13-10-21,Expense,Education,2662.0,UPI,AHMEDABAD,misc
T9091,U059,2023-05-08,Expense,Rnt,1646.0,CASH,Kolkata,Doctor consultation
T0770,U126,2023-12-10,Expense,Travl,3466.0,Bank Transfr,chennai,Books
T8538,U147,08-12-22,Expense,Rent,37714.0,card,BAN,Books
T6707,U059,11/11/2022,Expense,utilities,8191.0,Bank Transfer,AHM,No Notes
T4574,U048,02/09/2023,Expense,savings,4041.0,Card,delhi,No Notes
T12383,U040,2023-11-25,Income,Investment,22841.0,cash,mumbai,!!!
T9347,U017,2022-09-12,Expense,education,8324.0,Bank_Transfer,Unknown,Online course
T12271,U054,21-06-2023,Expense,Foodd,338.0,upi,ahmedabad,Fixed deposit
T4773,U118,2022-05-19,Expense,Health,392.0,card,Jaipur,...
T7965,U069,2023-12-23,Income,Investment,67693.0,CASH,pune,...
T8075,U087,2024-08-11,Expense,RENT,2970.0,cash,mumbai,Electricity bill
T2847,U132,09/23/2022,Expense,RENT,5434.0,Cash,delhi,!!!
T10919,U131,2023-05-23,Expense,Utilties,9268.0,Csh,Lucknow,Coffee
T6451,U119,08-01-24,Income,Others,816412.0,Cash,AHM,Medicine
T0814,U062,2023-10-07,Income,,27956.0,CARD,Delhi,Movie tickets
T0835,U051,07/07/2021,Expense,HEALTH,3798.0,,Unknown,No Notes
T5901,U023,22-12-2024,Income,Investment,571352.0,UPi,hyderabad,...
T5865,U110,27-06-2021,Expense,entertainment,9947.0,Upi,kolkata,Uber ride
T2082,U147,2021-06-22,Expense,EDU,9379.0,Card,Kolkata,Books
T3013,U025,05/19/2023,Expense,RENT,387.0,Crd,HYD,!!!
T4922,U126,01/08/2023,Income,Others,75854.0,csh,Delhi,ATM withdrawal
T7401,U018,13-05-24,Income,Investment,47205.0,CASH,BAN,Movie tickets
T2194,U007,02/11/2021,Expense,health,4891.0,Upi,AHMEDABAD,Books
T5663,U104,12/15/2021,Expense,TRAVEL,9135.0,UPi,DEL,asdfgh
T10873,U074,20-03-2024,Expense,Travl,2946.0,CRD,PUNE,Medicine
T1598,U142,2021-12-27,Expense,Foods,4476.0,Upi,LUCKNOW,EMI payment
T5371,U139,2022-11-20,Expense,Foods,3061.0,upi,Pune,Doctor consultation
T7238,U092,17-03-2024,Income,Freelance,56456.0,Bank Transfer,BAN,No Notes
T2845,U147,22-11-21,Expense,Fod,9116.0,cash,JAI,test
T12859,U094,2021-08-07,Expense,TRAVEL,1039.0,upi,Chennai,Petrol
T5208,U149,2024-06-28,Expense,Foods,880.0,Bank_Transfer,KOL,Gym membership
T2212,U012,11-07-22,Expense,FOOD,5315.0,CARD,Unknown,Books
T3206,U137,02/05/2022,Income,Others,32684.0,UPI,Unknown,Petrol
T6760,U013,11/19/2021,Expense,Travl,9183.0,Bank Transfer,AHM,Medicine
T3754,U075,2022-03-22,Expense,Utilties,1104.0,UPi,Unknown,Fixed deposit
T0659,U069,06/23/2022,Income,Freelance,51333.0,BankTransfer,Unknown,Electricity bill
T1199,U090,04-08-22,Expense,FOOD,2670.0,Card,AHM,Electricity bill
T8320,U046,10/10/2022,Expense,Fod,4099.0,csh,chennai,No Notes
T3708,U106,10-02-21,Expense,education,5011.0,CASH,bangalore,Grocery shopping
T12920,U009,10/14/2023,Expense,Rentt,15313.0,CARD,JAI,Restaurant dinner
T5791,U143,28-03-2022,Expense,Helth,9058.0,UPI,JAIPUR,Monthly rent payment
T13754,U073,21-03-2021,Expense,rent,484.0,upi,hyderabad,asdfgh
T6601,U014,12/01/2024,Expense,Misc,3868.0,Cash,Delhi,Online course
T8725,U093,02-12-23,Income,Investment,22123.0,,CHE,No Notes
T4442,U057,08/24/2024,Income,Investment,31531.0,BankTransfer,mumbai,test
T9966,U036,11/06/2024,Expense,Traval,6950.0,Bank Transfr,hyderabad,Books
T7698,U080,2023-01-03,Expense,FOOD,7859.0,bank transfer,jaipur,No Notes
T2136,U141,29-05-24,Expense,Helth,3084.0,card,DELHI,...
T5618,U048,12-08-2024,Expense,,1357.0,card,DELHI,misc
T3454,U122,03/14/2023,Income,Bonus,23255.0,UPI,jaipur,EMI payment
T8405,U110,05/07/2023,Income,Bonus,48709.0,cash,bangalore,...
T8079,U085,01-10-2023,Income,Salary,40318.0,Crd,hyderabad,Books
T1249,U068,09/04/2022,Expense,Fod,3031.0,CRD,Kolkata,test
T13516,U081,08/19/2023,Expense,Rent,36791.0,bank transfer,CHENNAI,Online course
T4822,U049,2022-05-01,Expense,Others,4569.0,,CHE,Movie tickets
T6244,U115,16-09-2021,Expense,Entertainment,1504.0,Cash,Unknown,Shopping
T10876,U141,11/14/2024,Expense,Foodd,299.0,UPI,Chennai,test
T4782,U068,10/04/2022,Expense,Rent,47930.0,cash,mumbai,No Notes
T1475,U130,15-09-23,Expense,food,9204.0,upi,lucknow,Grocery shopping
T8501,U086,23-05-21,Income,Investment,19094.0,Bank_Transfer,HYDERABAD,Petrol
T1973,U088,2023-08-12,Income,Others,57643.0,upi,BAN,No Notes
T10531,U074,01-02-24,Expense,Traval,2744.0,bank transfer,LUC,!!!
T2950,U116,29-03-24,Expense,,2076.0,card,delhi,Fixed deposit
T11712,U116,27-09-23,Expense,travel,6812.0,upi,KOL,No Notes
T11125,U135,2021-01-02,Expense,Rentt,49188.0,CASH,Unknown,No Notes
T1947,U145,2023-05-15,Expense,rent,6741.0,,chennai,Movie tickets
T8247,U066,10/06/2023,Expense,TRAVEL,8487.0,UPi,ahmedabad,...
T6578,U053,07/02/2021,Income,Others,23337.0,Csh,Mumbai,No Notes
T7780,U058,04/09/2022,Expense,education,6731.0,CARD,Ahmedabad,Lunch
T7530,U103,04/03/2024,Income,Investment,35429.0,Crd,PUN,Restaurant dinner
T11396,U123,23-09-2022,Expense,Educaton,7984.0,Cash,Bangalore,Grocery shopping
T11432,U069,2022-12-17,Expense,Entertainment,1439.0,UPi,Lucknow,test
T4133,U100,12/24/2024,Income,Freelance,64305.0,Bank_Transfer,Mumbai,Train ticket
T5890,U076,17-08-22,Income,Others,10062.0,Card,bangalore,Movie tickets
T11069,U149,17-10-24,Expense,Fod,8099.0,UPi,hyderabad,Doctor consultation
T7886,U045,28-12-24,Expense,Traval,948.0,Bank Transfr,delhi,EMI payment
T2069,U125,2022-04-20,Expense,Foods,2917.0,Upi,CHE,Restaurant dinner
T12963,U104,2022-11-30,Income,Investment,64620.0,Bank Transfer,Kolkata,...
T12591,U087,20-03-21,Expense,Rentt,41586.0,Crd,HYDERABAD,Doctor consultation
T7713,U105,2023-06-21,Expense,Utilties,7109.0,bank transfer,JAIPUR,Monthly rent payment
T10430,U087,2022-01-10,Expense,travel,2162.0,Card,Mumbai,Petrol
T8825,U022,26-05-2023,Expense,Entertain,6275.0,,BANGALORE,Shopping
T8765,U136,18-08-24,Expense,Travel,3905.0,CASH,Unknown,Online course
T0191,U126,2022-01-21,Income,Salary,27197.0,,DEL,misc
T4350,U028,04/29/2024,Expense,FOOD,557.0,card,Jaipur,No Notes
T5874,U094,08/14/2024,Expense,Other,4330.0,Bank Transfer,LUCKNOW,ATM withdrawal
T0663,U067,2021-02-17,Expense,Travl,8757.0,Bank Transfer,Hyderabad,No Notes
T1953,U130,2022-05-20,Income,Bonus,310817.0,cash,LUCKNOW,Lunch
T1340,U089,2022-01-07,Income,Freelance,12054.0,CASH,mumbai,Fixed deposit
T0464,U001,2022-10-22,Expense,RENT,3926.0,Csh,AHMEDABAD,Movie tickets
T13955,U066,30-03-21,Expense,FOOD,3268.0,UPI,KOL,...
T7979,U093,19-05-22,Expense,Traval,413.0,upi,Unknown,Train ticket
T3482,U041,07/21/2023,Expense,food,9025.0,BankTransfer,KOLKATA,asdfgh
T4604,U056,2022-10-15,Expense,Foods,4525.0,Bank_Transfer,MUMBAI,EMI payment
T11083,U111,04-01-22,Expense,FOOD,1414.0,Bank Transfer,KOLKATA,Petrol
T9918,U081,13-09-22,Expense,Travl,6950.0,Crd,CHENNAI,Medicine
T9573,U060,06/16/2024,Expense,Food,3378.0,CASH,jaipur,ATM withdrawal
T10016,U072,03/03/2023,Expense,rent,6477.0,upi,lucknow,Gym membership
T1228,U098,11/28/2022,Expense,Education,2602.0,Bank Transfer,Jaipur,Monthly rent payment
T9784,U088,2021-10-31,Income,,66865.0,csh,PUNE,!!!
T5610,U002,2022-06-18,Expense,Utilties,9771.0,upi,CHE,Monthly rent payment
T13127,U104,2022-08-24,Expense,Entertain,1666.0,UPi,Lucknow,No Notes
T1908,U101,2022-12-12,Expense,Rentt,34751.0,CRD,CHENNAI,Internet bill
T10501,U143,2024-04-17,Income,Others,58332.0,cash,bangalore,Uber ride
T2301,U109,12-05-2024,Expense,Utilties,3812.0,upi,MUMBAI,Medicine
T6335,U052,2021-07-26,Expense,rent,4957.0,UPI,Jaipur,xyz123
T1412,U135,01/17/2023,Expense,Rentt,45803.0,UPI,JAI,xyz123
T3514,U097,2024-09-08,Expense,utilities,1959.0,Cash,Ahmedabad,Gym membership
T3715,U092,05/20/2022,Expense,Foodd,1405.0,BankTransfer,CHE,Uber ride
T6522,U119,2024-04-13,Expense,Travl,2580.0,Bank Transfr,lucknow,Uber ride
T12226,U047,02/27/2024,Expense,Utlities,3101.0,CRD,Chennai,test
T4508,U080,02/27/2022,Expense,Rent,31198.0,cash,Kolkata,Movie tickets
T11025,U031,07-07-23,Expense,Health,6678.0,UPI,Chennai,Fixed deposit
T5349,U009,2023-06-05,Income,Salary,67808.0,Cash,Ahmedabad,Medicine
T6374,U058,01/19/2021,Expense,Foodd,1978.0,,PUN,Internet bill
T13640,U025,20-04-21,Expense,Utlities,9878.0,upi,Ahmedabad,Books
T6633,U103,07/31/2023,Income,Others,79810.0,BankTransfer,pune,No Notes
T2230,U117,10/19/2023,Expense,Food,3920.0,bank transfer,AHMEDABAD,Shopping
T10982,U056,03/21/2021,Expense,EDU,8676.0,csh,jaipur,...
T3855,U137,02/20/2023,Expense,Utilities,342.0,upi,Unknown,misc
T13023,U080,2024-08-09,Income,Salary,30978.0,UPi,DELHI,Lunch
T10299,U123,28-05-24,Expense,Foods,1591.0,Upi,Chennai,asdfgh
T2166,U123,08/15/2023,Expense,Travel,4817.0,CARD,mumbai,No Notes
T3289,U101,2022-04-08,Expense,Entertain,1563.0,,JAI,No Notes
T0728,U099,20-02-21,Expense,entertainment,328.0,Crd,chennai,Movie tickets
T12836,U016,2022-07-22,Income,Salary,56804.0,Crd,DEL,Electricity bill
T0761,U106,11-01-2023,Expense,Rnt,5350.0,UPi,CHENNAI,Fixed deposit
T1914,U020,28-03-22,Expense,savings,7727.0,Card,Unknown,Fixed deposit
T7958,U009,18-07-24,Expense,EDU,6852.0,Cash,AHMEDABAD,test
T6740,U061,01/09/2024,Expense,Traval,5088.0,cash,CHENNAI,Gym membership
T4846,U113,2021-09-20,Expense,Utlities,5535.0,Csh,Unknown,Lunch
T5844,U118,06/22/2022,Expense,TRAVEL,9004.0,csh,KOLKATA,Uber ride
T1055,U075,2024-05-20,Expense,Rentt,17794.0,cash,jaipur,Train ticket
T0102,U138,02/26/2024,Expense,TRAVEL,931.0,Cash,AHMEDABAD,Movie tickets
T6721,U009,23-12-2022,Expense,rent,931.0,Bank Transfr,ahmedabad,Shopping
T0309,U073,2021-03-11,Expense,Utilties,2095.0,CARD,Lucknow,Train ticket
T11405,U149,22-02-21,Expense,RENT,1823.0,CRD,AHM,Doctor consultation
T6348,U101,08/20/2021,Expense,FOOD,3484.0,Card,pune,xyz123
T3444,U060,2021-08-05,Income,Bonus,27877.0,BankTransfer,LUC,Gym membership
T0996,U146,2023-04-12,Income,Salary,73422.0,card,Pune,Monthly rent payment
T10805,U123,02-12-24,Expense,Rent,999999.0,card,Chennai,Gym membership
T10449,U013,2024-05-29,Expense,Fod,4210.0,Bank_Transfer,AHM,Uber ride
T12583,U136,2021-07-05,Expense,Entrtnmnt,6819.0,csh,Unknown,No Notes
T10666,U086,2024-06-25,Expense,Rnt,5280.0,Csh,DEL,Electricity bill
T10453,U020,12-10-24,Income,Freelance,55580.0,Csh,AHMEDABAD,Shopping
T0041,U117,24-04-2022,Expense,Foods,1670.0,upi,Unknown,EMI payment
T5437,U086,22-11-21,Expense,RENT,5557.0,Crd,JAIPUR,Monthly rent payment
T13585,U109,11-05-21,Income,Bonus,57035.0,Crd,mumbai,No Notes
T12269,U077,2023-06-02,Expense,RENT,3427.0,UPi,jaipur,Electricity bill
T9488,U072,01/08/2024,Expense,Utilities,4064.0,upi,KOLKATA,Movie tickets
T1672,U057,2021-10-15,Expense,Utilties,789.0,UPI,chennai,No Notes
T4765,U016,2024-04-29,Expense,RENT,5063.0,Crd,Delhi,No Notes
T2995,U067,2023-03-11,Expense,Education,7988.0,upi,JAI,Fixed deposit
T5232,U140,2021-10-10,Expense,Utility,8104.0,Bank Transfer,Delhi,No Notes
T6153,U146,2023-02-21,Income,Investment,59374.0,Cash,mumbai,No Notes
T4228,U130,12/24/2021,Income,Salary,33416.0,UPI,Jaipur,Fixed deposit
T9234,U043,2024-10-02,Income,Freelance,37264.0,cash,Unknown,No Notes
T7677,U096,03/08/2021,Expense,TRAVEL,2562.0,UPi,ahmedabad,Internet bill
T3604,U078,2023-01-21,Expense,Utlities,8088.0,bank transfer,Pune,Coffee
T10698,U081,2021-08-15,Expense,Travl,3247.0,BankTransfer,KOL,Medicine
T2730,U020,13-03-22,Expense,Foods,4818.0,Bank_Transfer,Bangalore,Medicine
T10850,U101,2021-12-25,Expense,Travel,1683.0,Bank_Transfer,kolkata,Online course
T13147,U131,2023-03-17,Income,Freelance,50775.0,UPi,AHMEDABAD,test
T13323,U111,04/25/2023,Expense,Travel,3233.0,Bank_Transfer,PUNE,No Notes
T2761,U002,02-05-2022,Expense,Entrtnmnt,9589.0,Bank_Transfer,Chennai,Monthly rent payment
T6812,U088,2023-02-16,Expense,Travel,5552.0,csh,KOLKATA,Coffee
T0184,U079,12/23/2024,Expense,Helth,3675.0,Bank_Transfer,Jaipur,misc
T1928,U058,2022-11-27,Expense,Utlities,5711.0,CARD,Hyderabad,No Notes
T4601,U057,04-10-2024,Income,Others,46663.0,cash,AHM,...
T9110,U053,23-11-2022,Expense,RENT,7020.0,Bank Transfer,DEL,Shopping
T11736,U113,04-06-21,Expense,Utlities,3012.0,upi,hyderabad,Medicine
T11884,U113,11/01/2024,Expense,,5623.0,bank transfer,Unknown,Electricity bill
T13817,U149,2023-07-21,Income,Freelance,459085.0,UPi,Bangalore,Internet bill
T2397,U118,2022-02-01,Expense,Utilities,8615.0,upi,Lucknow,Lunch
T2384,U143,2022-03-02,Expense,Travel,9687.0,UPI,Lucknow,No Notes
T13831,U016,2023-04-09,Expense,Saving,3783.0,Csh,DELHI,No Notes
T3432,U013,05/12/2024,Expense,Foods,1315.0,BankTransfer,PUN,Internet bill
T0097,U025,11/26/2022,Expense,Fod,8293.0,Bank_Transfer,LUCKNOW,Fixed deposit
T4190,U015,18-11-23,Expense,Travl,2280.0,csh,hyderabad,Books
T11207,U041,20-09-21,Expense,food,5530.0,Bank_Transfer,HYD,Shopping
T7771,U003,03/16/2022,Expense,EDU,6239.0,Csh,hyderabad,Coffee
T5956,U095,2022-03-24,Expense,Fod,6625.0,Csh,pune,No Notes
T0508,U027,10/20/2023,Income,Salary,29482.0,CARD,AHMEDABAD,Doctor consultation
T11664,U038,2021-09-12,Expense,rent,1906.0,CARD,kolkata,Grocery shopping
T7856,U085,2023-12-10,Expense,Travl,4697.0,UPi,jaipur,...
T9354,U050,01-04-2024,Expense,Traval,8325.0,BankTransfer,PUNE,Restaurant dinner
T2639,U143,2024-01-18,Income,Investment,782862.0,Cash,lucknow,test
T3451,U094,06/11/2023,Expense,SAVINGS,1231.0,BankTransfer,delhi,xyz123
T7167,U054,2023-05-25,Expense,others,8498.0,upi,Unknown,!!!
T10910,U093,12/03/2021,Expense,food,2808.0,CARD,Lucknow,misc
T5512,U005,10/08/2024,Expense,savings,3688.0,Bank_Transfer,lucknow,Electricity bill
T10596,U146,2021-05-29,Income,Salary,19190.0,,MUMBAI,...
T1822,U037,2024-12-08,Expense,food,5289.0,UPI,kolkata,EMI payment
T9878,U059,10/09/2021,Income,Investment,38031.0,,Jaipur,Movie tickets
T2543,U033,06/16/2022,Expense,RENT,1379.0,UPI,Pune,asdfgh
T9491,U082,2022-03-04,Expense,utilities,4723.0,Crd,chennai,Petrol
T5551,U075,2021-04-22,Expense,Traval,7555.0,upi,Delhi,...
T10958,U043,07/05/2021,Income,Others,60182.0,UPi,Unknown,No Notes
T12875,U096,07/05/2024,Expense,Utilties,8746.0,CARD,Ahmedabad,!!!
T1102,U045,09/18/2021,Income,Salary,44667.0,CASH,PUN,No Notes
T3010,U030,12/24/2024,Expense,Educaton,2747.0,Upi,bangalore,Books
T10721,U051,02/26/2021,Expense,Utilities,1076.0,UPi,DELHI,No Notes
T13693,U016,02/21/2024,Expense,Foods,3262.0,Card,Ahmedabad,Coffee
T13812,U029,2024-06-15,Income,Investment,76046.0,csh,JAI,No Notes
T9532,U137,22-07-2021,Expense,Utility,789.0,Cash,Pune,EMI payment
T5672,U059,2022-08-19,Expense,SAVINGS,6124.0,CASH,lucknow,Online course
T10947,U120,29-06-2024,Expense,Utilties,5150.0,Bank Transfr,LUCKNOW,Gym membership
T13766,U041,2022-08-17,Expense,Entertain,6791.0,CARD,ahmedabad,asdfgh
T6486,U146,2023-06-24,Expense,Rnt,4974.0,BankTransfer,HYDERABAD,xyz123
T11315,U040,02/01/2022,Expense,Fod,7742.0,bank transfer,Mumbai,Grocery shopping
T9044,U089,01/06/2023,Expense,travel,604.0,bank transfer,Chennai,Electricity bill
T3728,U109,10-05-2022,Expense,Utility,4000.0,bank transfer,ahmedabad,Shopping
T2550,U024,10-06-2022,Expense,Rentt,27769.0,Crd,Unknown,No Notes
T13916,U141,11/28/2023,Expense,RENT,3435.0,,ahmedabad,Online course
T11390,U105,08-02-24,Income,Freelance,58106.0,CASH,Kolkata,EMI payment
T5386,U088,2024-06-17,Expense,Entertainment,8162.0,Bank Transfer,Jaipur,Medicine
T1152,U051,03/08/2023,Expense,Travel,4907.0,CARD,MUMBAI,Lunch
T9976,U131,2023-10-14,Expense,Utlities,3573.0,upi,Unknown,asdfgh
T11404,U150,30-06-23,Expense,Rnt,635.0,BankTransfer,Delhi,!!!
T11917,U136,2023-05-12,Expense,Educaton,128.0,,Hyderabad,Monthly rent payment
T10768,U052,12/04/2023,Expense,education,7321.0,UPi,lucknow,Monthly rent payment
T10934,U032,09/30/2023,Expense,Foodd,4035.0,Upi,LUCKNOW,Restaurant dinner
T7474,U111,2023-10-26,Expense,Educaton,6081.0,Upi,Unknown,Petrol
T3282,U148,10/14/2022,Expense,Rent,29153.0,BankTransfer,Bangalore,misc
T0782,U118,12/03/2022,Income,Investment,53332.0,Crd,kolkata,Internet bill
T7282,U106,12/21/2024,Expense,food,1710.0,Crd,LUCKNOW,Uber ride
T4243,U104,2024-01-08,Expense,Utilities,9864.0,,lucknow,Internet bill
T1856,U107,12/15/2021,Expense,rent,7174.0,Bank Transfr,PUN,Medicine
T4344,U146,01/30/2024,Expense,Utilties,544.0,CARD,PUN,Medicine
T0176,U133,19-10-2024,Expense,Travl,2838.0,Bank Transfer,PUN,Medicine
T4564,U149,2021-01-31,Expense,Foods,3226.0,csh,chennai,Train ticket
T4121,U054,2024-03-21,Income,Investment,46588.0,Bank Transfer,CHE,No Notes
T13560,U060,17-09-24,Expense,Travl,951.0,upi,JAIPUR,Fixed deposit
T9046,U038,2022-08-14,Expense,,261.0,Card,mumbai,No Notes
T6537,U104,2023-02-15,Expense,Rent,16219.0,UPI,MUM,Lunch
T12776,U019,2021-04-14,Income,Freelance,22666.0,Csh,BANGALORE,xyz123
T5869,U115,2024-08-12,Expense,Others,3718.0,Bank_Transfer,kolkata,Restaurant dinner
T7109,U005,11/05/2021,Expense,Foodd,2978.0,UPi,Unknown,ATM withdrawal
T5943,U118,30-03-24,Expense,Traval,1722.0,Cash,PUN,No Notes
T4273,U008,24-03-2021,Expense,TRAVEL,1864.0,CRD,Bangalore,Coffee
T8650,U016,2023-02-21,Expense,Utilties,4523.0,Upi,CHE,asdfgh
T2646,U081,09/08/2024,Expense,Rnt,5895.0,cash,JAIPUR,No Notes
T0634,U030,07/12/2023,Expense,Rentt,12318.0,Bank Transfer,hyderabad,Coffee
T11438,U004,2024-03-14,Expense,Foods,4616.0,Upi,delhi,No Notes
T12270,U110,07/27/2021,Expense,RENT,4102.0,Crd,HYDERABAD,ATM withdrawal
T1996,U006,28-04-21,Expense,EDU,5581.0,card,BANGALORE,Movie tickets
T7848,U050,10-08-2022,Expense,Utilities,3108.0,,Unknown,ATM withdrawal
T4277,U116,07-02-24,Expense,Entertain,3438.0,Bank_Transfer,BANGALORE,Electricity bill
T7180,U124,10/18/2023,Expense,Entrtnmnt,7485.0,Card,KOLKATA,Electricity bill
T4223,U013,23-05-21,Expense,HEALTH,2344.0,bank transfer,BAN,test
T10859,U081,08/06/2021,Expense,Traval,1103.0,upi,PUN,Books
T11229,U114,2023-05-07,Expense,Misc,654.0,UPi,Pune,No Notes
T9708,U083,08-10-21,Expense,Food,4554.0,Upi,MUMBAI,Gym membership
T11262,U075,18-04-23,Expense,Entertain,2080.0,CARD,BANGALORE,Electricity bill
T9622,U074,09/06/2022,Expense,Utilties,9542.0,Bank Transfer,lucknow,...
T0376,U067,07-10-2023,Income,Investment,44131.0,,kolkata,misc
T5377,U021,07/17/2022,Income,Salary,42147.0,BankTransfer,Unknown,!!!
T8208,U077,2021-08-10,Income,Salary,13777.0,Csh,HYDERABAD,Petrol
T10090,U029,09-03-21,Expense,Utlities,8430.0,Card,DEL,Gym membership
T0817,U059,2022-07-23,Expense,FOOD,999999.0,upi,BANGALORE,Gym membership
T7887,U140,18-01-2021,Expense,Utlities,5508.0,upi,Unknown,No Notes
T10415,U088,29-04-24,Income,Bonus,58012.0,CRD,BANGALORE,ATM withdrawal
T5070,U015,2024-05-22,Expense,Utilties,6226.0,Bank Transfr,Unknown,test
T10650,U098,06/11/2024,Expense,Utility,9556.0,CASH,Unknown,Doctor consultation
T0337,U123,10/13/2021,Expense,Fod,7406.0,Crd,kolkata,Medicine
T7809,U088,2024-03-24,Expense,Fod,3674.0,cash,Jaipur,No Notes
T0578,U033,2022-08-02,Expense,Foodd,1112.0,Cash,JAIPUR,Books
T0564,U016,04/12/2024,Expense,Traval,9308.0,CRD,Mumbai,No Notes
T2593,U001,2023-02-26,Income,Investment,73568.0,Upi,Bangalore,test
T4650,U034,30-05-21,Expense,travel,6610.0,UPi,chennai,Medicine
T0307,U115,28-06-2021,Expense,TRAVEL,1018.0,bank transfer,Mumbai,ATM withdrawal
T3993,U105,2023-12-14,Expense,travel,5561.0,Bank Transfer,mumbai,Uber ride
T8702,U010,29-04-23,Expense,Rent,37378.0,CRD,kolkata,No Notes
T9034,U023,2022-11-08,Expense,Utility,409.0,cash,ahmedabad,Electricity bill
T4618,U070,21-02-21,Income,Salary,56722.0,bank transfer,pune,No Notes
T2976,U126,2024-07-31,Expense,Travl,4985.0,BankTransfer,Lucknow,Train ticket
T3331,U001,2023-02-22,Expense,Entertainment,3076.0,Crd,Delhi,Monthly rent payment
T7889,U017,06/02/2024,Expense,Helth,7572.0,Bank Transfer,CHENNAI,Restaurant dinner
T7702,U015,2023-12-27,Expense,Entertainment,9428.0,csh,Delhi,No Notes
T6221,U021,12/20/2021,Expense,Utilties,2900.0,UPi,LUC,Monthly rent payment
T3296,U100,13-12-2023,Expense,Food,1360.0,card,chennai,Monthly rent payment
T1712,U128,2023-02-23,Expense,Rnt,5845.0,UPi,Pune,xyz123
T7039,U144,05/13/2021,Expense,Foods,4807.0,bank transfer,PUNE,xyz123
T9329,U032,2021-07-08,Expense,Travl,5048.0,CASH,kolkata,Lunch
T3749,U055,2022-10-31,Expense,Utilties,6228.0,Bank Transfr,AHMEDABAD,ATM withdrawal
T8289,U148,2023-01-05,Expense,utilities,4832.0,card,CHE,Train ticket
T1987,U026,27-04-22,Expense,Foodd,3022.0,csh,ahmedabad,xyz123
T0977,U147,2022-06-24,Expense,Foodd,2357.0,UPI,CHE,Gym membership
T11342,U102,15-04-21,Income,Salary,15555.0,upi,MUM,Fixed deposit
T6751,U134,09/03/2023,Expense,Foods,171.0,Bank Transfer,Mumbai,...
T11625,U028,30-11-23,Income,Others,12944.0,,JAIPUR,No Notes
T12514,U045,08-07-2021,Expense,Utility,8433.0,UPI,KOL,Electricity bill
T5767,U080,20-07-22,Expense,Entertain,9364.0,Bank Transfr,kolkata,Medicine
T1556,U121,01/19/2024,Expense,Saving,2250.0,Upi,HYD,Train ticket
T7572,U047,20-04-22,Expense,Travel,3168.0,Bank_Transfer,PUN,misc
T4976,U113,19-08-22,Expense,Food,432.0,UPI,MUMBAI,!!!
T8817,U098,15-09-21,Expense,Rent,7537.0,Cash,MUM,Restaurant dinner
T7514,U087,27-05-24,Income,Bonus,52691.0,Upi,HYDERABAD,Movie tickets
T3674,U033,23-03-24,Expense,travel,6890.0,CRD,Pune,No Notes
T3668,U134,2023-11-27,Expense,FOOD,2443.0,UPi,Pune,Lunch
T9605,U023,22-05-2022,Expense,Rent,46003.0,csh,HYDERABAD,No Notes
T7915,U045,2021-12-18,Expense,Rentt,13427.0,Bank Transfr,Unknown,Grocery shopping
T11610,U029,28-04-22,Expense,Educaton,3852.0,CRD,Unknown,Movie tickets
T7119,U149,08-04-23,Expense,Foods,1101.0,upi,Chennai,No Notes
T0519,U037,26-11-2021,Expense,Fod,5693.0,Bank Transfer,Pune,Internet bill
T1639,U021,08-04-24,Expense,OTHERS,5071.0,Bank Transfr,jaipur,No Notes
T8202,U086,2021-09-19,Expense,TRAVEL,8723.0,CRD,LUCKNOW,Coffee
T3691,U150,09/15/2024,Expense,HEALTH,1203.0,Bank_Transfer,JAIPUR,Online course
T1279,U016,07/25/2021,Expense,,3248.0,card,JAI,Shopping
T6981,U092,2024-09-24,Expense,Educaton,1247.0,UPI,lucknow,Electricity bill
T9102,U109,05/17/2021,Expense,utilities,5070.0,Card,Kolkata,!!!
T10130,U003,2022-06-14,Expense,FOOD,1258.0,,HYDERABAD,Online course
T6215,U041,2022-01-26,Expense,SAVINGS,7832.0,upi,BANGALORE,Electricity bill
T9621,U045,04-04-24,Expense,TRAVEL,1785.0,Card,CHE,Electricity bill
T8172,U058,06/18/2021,Expense,Rnt,9292.0,Upi,LUC,asdfgh
T0747,U013,07/01/2021,Expense,Foodd,3091.0,UPi,pune,misc
T11469,U018,02-02-24,Expense,Utilties,6261.0,Crd,bangalore,ATM withdrawal
T2173,U041,06/18/2024,Expense,Educaton,8472.0,BankTransfer,CHE,Lunch
T5522,U021,25-11-22,Expense,Utilties,6662.0,upi,HYDERABAD,misc
T12596,U069,09-04-2023,Expense,Entrtnmnt,9763.0,bank transfer,LUC,No Notes
T0917,U013,2024-06-10,Expense,EDU,4136.0,UPI,Unknown,...
T6507,U053,2021-09-12,Expense,Helth,6892.0,CASH,KOL,No Notes
T7872,U095,2022-01-02,Expense,Foodd,4368.0,CRD,Mumbai,EMI payment
T5617,U099,2021-11-29,Expense,Entrtnmnt,7568.0,UPi,pune,Fixed deposit
T4776,U140,12/06/2023,Expense,Travel,2423.0,BankTransfer,lucknow,No Notes
T7292,U017,2022-02-06,Expense,Rent,43387.0,Crd,chennai,Monthly rent payment
T1646,U034,2021-05-05,Income,Freelance,60979.0,upi,HYD,asdfgh
T11321,U124,10/18/2022,Expense,Helth,2541.0,UPi,LUCKNOW,test
T12517,U100,02/04/2024,Expense,Utilities,5841.0,Crd,Jaipur,xyz123
T4613,U131,17-05-22,Expense,Entrtnmnt,814.0,bank transfer,Bangalore,No Notes
T2974,U007,2024-10-02,Expense,Food,3826.0,csh,JAI,xyz123
T2466,U111,01/06/2022,Income,Investment,43006.0,cash,lucknow,Internet bill
T12299,U145,2024-09-15,Income,Others,66394.0,UPI,BAN,Medicine
T11436,U080,2022-10-03,Income,Investment,29568.0,Bank Transfer,HYD,ATM withdrawal
T2658,U118,2024-03-12,Expense,Rnt,7091.0,CARD,HYD,Doctor consultation
T3762,U060,01/13/2023,Expense,Food,4479.0,CRD,chennai,xyz123
T9872,U108,2021-11-12,Expense,Fod,4222.0,upi,BANGALORE,Restaurant dinner
T1076,U109,21-02-2024,Expense,food,675.0,csh,JAI,No Notes
T3426,U097,08-07-22,Income,Investment,19576.0,BankTransfer,mumbai,asdfgh
T12603,U015,21-05-24,Expense,Travl,1816.0,Bank Transfer,lucknow,No Notes
T11280,U100,02/27/2022,Expense,RENT,4808.0,csh,MUM,Online course
T6568,U004,2024-09-25,Expense,Food,2508.0,Card,JAIPUR,Restaurant dinner
T0694,U130,2024-01-02,Expense,Utlities,9177.0,CASH,AHM,...
T11700,U134,2021-06-07,Expense,Travl,1227.0,Csh,HYD,Petrol
T9165,U062,04/11/2022,Expense,food,1838.0,UPi,Chennai,No Notes
T3548,U052,2021-10-10,Expense,rent,460.0,bank transfer,Lucknow,Gym membership
T10880,U040,02/24/2022,Expense,Food,259.0,BankTransfer,Kolkata,Monthly rent payment
T5509,U028,2024-09-08,Expense,Helth,2452.0,csh,MUM,Grocery shopping
T3729,U142,30-10-23,Expense,RENT,6326.0,cash,AHM,Electricity bill
T0118,U142,2022-08-03,Expense,Entrtnmnt,8247.0,upi,PUNE,Uber ride
T12911,U044,05/24/2022,Expense,education,5178.0,Bank_Transfer,Unknown,Medicine
T2236,U048,29-10-2022,Expense,Fod,2058.0,Csh,CHENNAI,Fixed deposit
T0369,U130,05/12/2023,Expense,Rnt,953.0,Card,KOL,No Notes
T12608,U048,2023-11-22,Expense,RENT,2204.0,UPi,pune,!!!
T9924,U037,2024-05-03,Expense,TRAVEL,5004.0,bank transfer,delhi,Shopping
T4398,U100,10-02-24,Income,Investment,37501.0,card,kolkata,Doctor consultation
T4838,U010,06-07-21,Expense,FOOD,8300.0,Bank Transfr,HYDERABAD,Books
T12960,U085,01-07-2023,Expense,Educaton,101.0,Cash,BANGALORE,No Notes
T1658,U066,2024-05-06,Expense,food,4785.0,upi,Unknown,No Notes
T13331,U058,2021-05-21,Income,Freelance,58650.0,Cash,mumbai,No Notes
T9208,U086,05/22/2022,Income,Salary,77193.0,UPI,Lucknow,No Notes
T2182,U049,10-12-24,Expense,utilities,7260.0,UPi,AHMEDABAD,No Notes
T8805,U007,2022-01-02,Expense,Utilities,2493.0,UPI,Chennai,EMI payment
T1363,U106,2021-01-19,Expense,Food,3973.0,Bank_Transfer,KOL,No Notes
T5274,U033,11/06/2024,Expense,food,1669.0,Upi,AHMEDABAD,Uber ride
T2866,U069,19-05-21,Expense,Rentt,35278.0,CARD,DEL,Lunch
T10736,U129,2022-08-18,Expense,FOOD,1373.0,bank transfer,PUNE,Electricity bill
T4567,U020,2022-07-06,Income,Bonus,41429.0,Bank Transfr,KOLKATA,ATM withdrawal
T9284,U061,06/27/2022,Expense,utilities,4654.0,,JAI,No Notes
T2120,U134,12/10/2023,Expense,TRAVEL,1716.0,Cash,Unknown,Coffee
T11174,U136,2021-05-30,Expense,utilities,8101.0,csh,CHE,Fixed deposit
T2436,U125,11/09/2023,Expense,education,3456.0,UPi,ahmedabad,Restaurant dinner
T6506,U128,10-02-21,Expense,FOOD,9609.0,Crd,MUM,test
T2228,U145,2022-01-19,Expense,travel,8773.0,Card,DELHI,test
T2078,U115,2022-12-09,Expense,food,5854.0,upi,Ahmedabad,Petrol
T3692,U048,04/05/2023,Expense,Utilties,3973.0,Upi,pune,Doctor consultation
T3090,U130,2024-06-30,Expense,Foodd,4780.0,BankTransfer,Jaipur,Grocery shopping
T6838,U149,2023-05-16,Expense,Traval,5933.0,Bank Transfr,pune,Train ticket
T5038,U144,26-09-2022,Income,Investment,30258.0,,Chennai,Doctor consultation
T11874,U108,01-03-2022,Expense,Entertain,4388.0,Csh,KOLKATA,Restaurant dinner
T9868,U081,04/18/2021,Income,Bonus,42493.0,csh,pune,xyz123
T4292,U134,23-08-23,Expense,travel,3869.0,card,DELHI,Coffee
T6109,U045,01/26/2023,Expense,Rent,25950.0,UPI,Jaipur,Grocery shopping
T11399,U067,23-12-22,Expense,Utility,8412.0,Card,MUMBAI,Gym membership
T6246,U067,2021-04-27,Expense,Food,1397.0,,mumbai,Train ticket
T3764,U072,2024-01-31,Income,Others,44788.0,Bank Transfer,Hyderabad,Gym membership
T9397,U077,06/11/2021,Expense,savings,2221.0,upi,Mumbai,!!!
T0128,U035,2023-03-22,Expense,Entrtnmnt,7155.0,CRD,Chennai,No Notes
T5666,U029,2022-02-16,Expense,food,3557.0,Bank Transfr,Hyderabad,Doctor consultation
T12685,U042,2021-09-16,Expense,Fod,9007.0,Bank_Transfer,Chennai,Online course
T13321,U105,05/24/2022,Expense,Food,1908.0,CASH,Bangalore,test
T5460,U080,2021-11-08,Expense,Rent,15549.0,Crd,KOL,xyz123
T7422,U051,16-05-23,Expense,Education,9570.0,bank transfer,CHENNAI,ATM withdrawal
T2747,U080,2021-08-29,Expense,Entrtnmnt,6312.0,Bank Transfr,KOL,No Notes
T5652,U018,26-08-24,Expense,Foods,1536.0,Csh,Bangalore,asdfgh
T10804,U050,02-11-23,Expense,Foods,4325.0,upi,CHENNAI,No Notes
T0478,U130,2024-01-20,Income,Freelance,78084.0,Bank Transfr,Hyderabad,No Notes
T5101,U128,20-06-22,Expense,Utlities,3476.0,CASH,CHE,Books
T13151,U067,11/24/2021,Expense,Fod,5198.0,Csh,MUMBAI,Uber ride
T9550,U109,22-08-24,Expense,utilities,2168.0,Bank_Transfer,lucknow,Electricity bill
T10361,U014,04/30/2024,Expense,HEALTH,6549.0,CARD,KOLKATA,ATM withdrawal
T5885,U119,2021-11-05,Expense,education,1130.0,CARD,ahmedabad,Train ticket
T5286,U134,2021-06-05,Expense,Fod,9185.0,Card,AHM,No Notes
T8861,U110,2021-07-19,Income,Investment,11323.0,Upi,chennai,Books
T9563,U022,19-09-22,Income,Others,58453.0,CRD,LUC,Train ticket
T3019,U143,04-07-2022,Expense,Education,9651.0,UPI,AHMEDABAD,ATM withdrawal
T9576,U132,2023-06-24,Expense,utilities,1926.0,UPi,DELHI,xyz123
T4792,U136,2022-03-17,Expense,Rentt,28183.0,Upi,Chennai,Electricity bill
T12281,U137,2024-05-21,Expense,entertainment,1065.0,card,KOLKATA,Electricity bill
T13222,U074,03-03-24,Expense,Food,1815.0,card,AHM,Restaurant dinner
T1247,U031,02/25/2021,Expense,Entrtnmnt,5081.0,upi,Pune,Electricity bill
T0797,U053,2023-01-11,Income,Bonus,19991.0,cash,Unknown,Train ticket
T0346,U109,2021-08-17,Expense,Rent,7149.0,Csh,Unknown,Grocery shopping
T3042,U012,2024-11-07,Expense,Foodd,4640.0,BankTransfer,JAIPUR,!!!
T13711,U071,2021-10-18,Expense,health,289.0,Bank_Transfer,MUMBAI,Monthly rent payment
T7592,U142,2021-03-17,Expense,Saving,4922.0,csh,BAN,Internet bill
T6699,U080,2021-07-04,Income,Investment,65697.0,bank transfer,Chennai,asdfgh
T6202,U131,2021-01-07,Expense,Rnt,4960.0,UPI,Lucknow,!!!
T9776,U004,23-09-2024,Expense,HEALTH,2513.0,Bank Transfr,LUC,Books
T9669,U006,10/05/2022,Expense,Utilties,1151.0,UPI,lucknow,asdfgh
T1012,U138,21-01-2023,Expense,Rentt,32664.0,card,jaipur,Shopping
T12502,U132,12/17/2021,Expense,Traval,8568.0,Card,CHE,Online course
T11763,U134,2021-05-20,Expense,food,4512.0,bank transfer,HYD,Uber ride
T13107,U080,2024-12-29,Expense,Travl,168.0,Upi,ahmedabad,No Notes
T13191,U144,2023-10-16,Expense,FOOD,6165.0,Bank Transfr,Bangalore,Movie tickets
T5461,U115,12/09/2021,Expense,Savings,6703.0,BankTransfer,AHMEDABAD,Monthly rent payment
T5651,U075,2024-03-11,Expense,Foodd,174.0,Upi,Unknown,Petrol
T10656,U060,03/21/2024,Income,Others,59928.0,Crd,Chennai,Coffee
T4624,U014,2023-10-28,Expense,Utilties,4292.0,BankTransfer,Unknown,Medicine
T3513,U031,06/02/2021,Expense,Utility,9762.0,Bank Transfer,delhi,Movie tickets
T10679,U137,2024-06-05,Expense,Traval,3341.0,CASH,Bangalore,ATM withdrawal
T10659,U117,2023-08-24,Expense,rent,9894.0,Bank_Transfer,bangalore,No Notes
T2018,U074,2022-10-27,Expense,Foods,983.0,CRD,BANGALORE,...
T8466,U066,09-12-21,Income,Salary,38299.0,,JAI,xyz123
T4334,U133,2023-05-07,Income,Others,14036.0,Crd,CHE,Movie tickets
T13131,U080,04/28/2024,Expense,Travel,5322.0,UPi,Unknown,...
T3253,U032,2024-04-17,Expense,Entrtnmnt,7397.0,Upi,Unknown,Coffee
T10868,U117,05-03-21,Expense,rent,9431.0,CRD,Pune,Uber ride
T10735,U036,01/24/2024,Expense,Rent,24769.0,Crd,Unknown,ATM withdrawal
T12506,U034,04/24/2023,Expense,Others,2539.0,card,MUMBAI,No Notes
T1424,U026,02/01/2022,Expense,Misc,7427.0,cash,chennai,No Notes
T9617,U115,2021-12-25,Expense,Health,8575.0,bank transfer,Unknown,Movie tickets
T11639,U100,29-12-2021,Income,Bonus,12835.0,upi,Mumbai,No Notes
T6696,U136,10/04/2024,Expense,Entrtnmnt,7696.0,Cash,Ahmedabad,Coffee
T2235,U052,11/17/2022,Expense,Utility,4283.0,CARD,jaipur,No Notes
T1161,U053,04/26/2024,Income,Salary,52838.0,Cash,Lucknow,!!!
T8001,U025,2023-10-21,Expense,food,6555.0,CARD,Unknown,asdfgh
T13936,U125,2022-06-30,Income,Freelance,66829.0,CASH,PUNE,Uber ride
T10951,U050,14-03-2022,Expense,rent,9833.0,CASH,DEL,ATM withdrawal
T8216,U034,2024-11-21,Expense,travel,1699.0,Cash,bangalore,Online course
T13245,U032,2024-07-21,Income,Others,79575.0,Bank Transfr,KOLKATA,Restaurant dinner
T7240,U046,25-11-2023,Expense,Travel,9240.0,Bank Transfr,hyderabad,asdfgh
T2835,U097,09/06/2021,Expense,SAVINGS,1254.0,CASH,Lucknow,Petrol
T8455,U051,2021-06-08,Income,Others,23875.0,cash,Lucknow,misc
T8470,U140,04/26/2021,Expense,Travl,3247.0,Cash,JAIPUR,Monthly rent payment
T6510,U051,2021-03-08,Expense,Foodd,1702.0,CARD,DELHI,No Notes
T8479,U106,11-09-2022,Expense,Rentt,18126.0,cash,KOL,Lunch
T7079,U046,2023-02-23,Expense,Foodd,4738.0,Crd,CHENNAI,Books
T4432,U102,21-05-2022,Expense,Travl,7130.0,Upi,Unknown,Restaurant dinner
T7529,U117,2024-04-08,Expense,RENT,4968.0,CARD,DELHI,No Notes
T6791,U018,01-04-24,Expense,FOOD,1289.0,Bank Transfer,CHENNAI,test
T9958,U046,03/02/2023,Expense,Education,9037.0,UPI,MUMBAI,Gym membership
T8089,U019,10/30/2021,Expense,,3031.0,upi,jaipur,Shopping
T12298,U097,08/23/2022,Expense,Utilities,8401.0,csh,delhi,Medicine
T6151,U045,03/20/2021,Expense,FOOD,1327.0,BankTransfer,MUMBAI,misc
T10793,U070,12-08-2022,Expense,Travel,9979.0,Bank Transfer,Unknown,Online course
T12997,U072,2021-07-01,Expense,Entertainment,5029.0,Crd,Delhi,xyz123
T3474,U009,2022-09-27,Expense,Foods,1193.0,card,Kolkata,No Notes
T9101,U061,14-10-23,Expense,Utlities,6375.0,Csh,BANGALORE,Doctor consultation
T0025,U057,11/26/2024,Expense,Rent,35450.0,Bank_Transfer,Jaipur,...
T0955,U087,10-01-2022,Expense,Foods,2176.0,bank transfer,Unknown,Movie tickets
T12432,U085,09-10-24,Expense,RENT,8293.0,cash,KOL,misc
T4995,U071,2024-02-08,Expense,Fod,5328.0,Cash,Bangalore,No Notes
T1873,U131,07/08/2024,Income,Bonus,17389.0,upi,Unknown,Uber ride
T7308,U025,11/16/2022,Income,Freelance,75843.0,cash,AHM,Online course
T1281,U027,2022-05-20,Expense,Utlities,7358.0,Card,PUN,ATM withdrawal
T6924,U119,15-01-24,Expense,Others,412.0,BankTransfer,ahmedabad,Doctor consultation
T0189,U052,12-03-24,Income,Freelance,33176.0,bank transfer,BANGALORE,Petrol
T0551,U136,11/29/2023,Expense,Food,485.0,Csh,LUC,test
T2987,U011,04/18/2023,Expense,Rnt,6722.0,Upi,HYDERABAD,Train ticket
T8634,U094,08/02/2022,Expense,OTHERS,9891.0,UPi,Lucknow,xyz123
T4149,U034,05/17/2024,Expense,Entrtnmnt,4376.0,upi,ahmedabad,Gym membership
T7322,U087,2021-01-06,Expense,RENT,4192.0,Upi,DELHI,...
T11237,U072,27-06-2022,Expense,FOOD,1930.0,Crd,DEL,Train ticket
T13170,U022,2021-09-07,Expense,food,1115.0,Bank_Transfer,JAI,No Notes
T12012,U118,07-07-2022,Expense,Fod,4879.0,Bank Transfer,JAIPUR,!!!
T8503,U148,25-04-2022,Income,Freelance,56269.0,Card,Ahmedabad,!!!
T1742,U072,2023-04-26,Expense,entertainment,2827.0,CARD,Hyderabad,Online course
T4720,U016,06/22/2021,Expense,Health,7023.0,bank transfer,pune,Monthly rent payment
T1743,U141,2022-09-12,Expense,Fod,1546.0,Crd,hyderabad,Internet bill
T0489,U090,01/17/2022,Expense,Utilties,8526.0,cash,Kolkata,Gym membership
T4612,U124,2022-04-30,Expense,EDU,4701.0,Bank Transfer,Chennai,xyz123
T9410,U027,04/10/2023,Expense,FOOD,6128.0,CARD,KOL,No Notes
T4638,U013,10-12-24,Expense,Rent,44357.0,Crd,MUMBAI,No Notes
T1400,U039,01/30/2023,Expense,Rent,19407.0,UPi,PUN,Train ticket
T7042,U038,2021-08-28,Expense,RENT,575.0,Bank_Transfer,DEL,asdfgh
T12643,U113,02/19/2024,Expense,savings,8714.0,Card,pune,No Notes
T2654,U067,06/12/2023,Expense,EDU,187.0,csh,Pune,Books
T2629,U031,07/20/2024,Expense,Entertain,9635.0,Bank Transfr,BAN,No Notes
T2610,U004,30-12-2022,Expense,rent,2896.0,upi,LUCKNOW,asdfgh
T9496,U124,28-07-2024,Expense,Foods,2435.0,UPi,Kolkata,No Notes
T11644,U026,2024-09-23,Expense,Travel,7322.0,Bank_Transfer,CHENNAI,Movie tickets
T0993,U081,19-02-2024,Expense,Helth,1275.0,csh,pune,Gym membership
T10558,U104,10/30/2023,Expense,Foodd,3995.0,CARD,HYDERABAD,ATM withdrawal
T2521,U068,11-08-23,Expense,Entertain,638.0,card,BAN,Lunch
T9062,U048,2024-05-21,Expense,Foods,2201.0,UPi,chennai,Internet bill
T4342,U098,2022-01-25,Income,Salary,36962.0,CASH,HYDERABAD,Shopping
T13369,U068,04-10-2024,Expense,Rent,20467.0,Cash,DELHI,Fixed deposit
T0186,U104,2024-10-26,Expense,Utlities,6957.0,CRD,CHENNAI,No Notes
T6178,U100,2023-05-31,Expense,Educaton,7388.0,Bank_Transfer,pune,!!!
T6598,U004,24-01-2024,Expense,FOOD,8523.0,upi,CHE,Grocery shopping
T11659,U085,23-02-24,Expense,Utility,8145.0,UPi,JAI,Monthly rent payment
T12240,U108,08/28/2022,Expense,Utilties,1162.0,UPi,MUM,No Notes
T7193,U034,2021-01-04,Income,Freelance,54312.0,Crd,lucknow,Online course
T9728,U113,2023-11-12,Expense,Rent,21272.0,CASH,JAI,misc
T12047,U102,2022-08-20,Expense,FOOD,9581.0,Card,LUC,Movie tickets
T0806,U061,03/09/2022,Expense,Helth,6727.0,upi,DEL,!!!
T12275,U044,30-04-22,Expense,Entertainment,1640.0,Bank Transfer,Delhi,No Notes
T13800,U102,11/30/2021,Income,Salary,56832.0,Csh,PUNE,Movie tickets
T8785,U120,09-05-22,Expense,FOOD,4051.0,CARD,BAN,Shopping
T5334,U039,31-12-24,Expense,education,8868.0,CRD,JAI,asdfgh
T0851,U100,2021-04-23,Income,Freelance,53888.0,Cash,Pune,Electricity bill
T6066,U112,01/07/2022,Expense,rent,5796.0,UPi,pune,Electricity bill
T7642,U025,2022-01-04,Expense,Rentt,26260.0,CASH,AHMEDABAD,ATM withdrawal
T8061,U069,01-07-22,Expense,Rentt,5970.0,upi,Bangalore,Online course
T0493,U110,09-11-21,Expense,Food,2076.0,csh,Chennai,Shopping
T6863,U014,05/04/2021,Expense,Education,8245.0,UPi,CHE,ATM withdrawal
T10712,U124,2021-05-15,Expense,food,8136.0,UPi,Lucknow,Coffee
T11721,U115,2022-07-05,Expense,Traval,1007.0,CARD,Ahmedabad,ATM withdrawal
T6785,U113,2023-07-23,Expense,Entertainment,8290.0,BankTransfer,Hyderabad,Coffee
T9627,U036,2023-04-04,Income,Others,30386.0,CRD,LUCKNOW,No Notes
T9852,U119,10/15/2022,Expense,FOOD,7670.0,CRD,mumbai,Movie tickets
T5270,U103,10/12/2022,Expense,FOOD,2197.0,Upi,delhi,No Notes
T7882,U035,09-09-22,Expense,Foodd,3197.0,CASH,KOLKATA,Restaurant dinner
T6433,U097,02/21/2021,Expense,Entertain,4067.0,Bank_Transfer,Pune,Movie tickets
T2722,U025,2024-09-10,Expense,Foodd,3161.0,Bank Transfr,Mumbai,No Notes
T8182,U129,2024-03-20,Expense,Utilities,2919.0,card,CHENNAI,Electricity bill
T9915,U051,09-09-2023,Expense,Traval,2650.0,Card,AHMEDABAD,No Notes
T5175,U080,2024-04-12,Expense,Utility,7463.0,CASH,JAIPUR,!!!
T3470,U004,24-10-22,Expense,utilities,1259.0,UPI,hyderabad,Online course
T5489,U095,2023-02-17,Income,Others,41028.0,Crd,Unknown,No Notes
T1503,U107,13-04-21,Expense,Health,3493.0,CASH,JAI,Restaurant dinner
T2196,U145,2024-10-31,Expense,Utlities,934.0,Card,Mumbai,Fixed deposit
T2943,U090,2021-08-05,Expense,Foodd,3813.0,csh,hyderabad,EMI payment
T9447,U038,08-04-24,Income,Freelance,17994.0,Bank Transfer,jaipur,No Notes
T4121,U095,07-10-22,Expense,Utilties,8498.0,UPI,HYD,Shopping
T6607,U117,2023-09-14,Income,Freelance,55338.0,Bank Transfer,Kolkata,Uber ride
T11890,U087,30-11-24,Expense,Savings,2655.0,cash,MUMBAI,Gym membership
T7858,U082,01/11/2023,Expense,Travl,6844.0,Card,lucknow,Shopping
T7935,U059,07/20/2023,Expense,Entertainment,999999.0,cash,Hyderabad,Restaurant dinner
T12025,U030,13-02-2021,Expense,Foodd,886.0,Bank Transfer,hyderabad,Internet bill
T8818,U032,30-10-2021,Expense,rent,4716.0,CASH,PUN,Doctor consultation
T0152,U045,2024-12-20,Expense,RENT,4347.0,UPI,mumbai,No Notes
T10451,U121,13-02-24,Expense,Rent,14825.0,CARD,Unknown,Books
T7892,U143,08/12/2022,Income,Freelance,386183.0,BankTransfer,DEL,misc
T8698,U063,11-04-2021,Expense,Foodd,3585.0,Csh,Kolkata,Grocery shopping
T9196,U077,2021-12-08,Expense,food,2222.0,Csh,pune,test
T1539,U106,08/27/2021,Expense,TRAVEL,9783.0,cash,Lucknow,Doctor consultation
T9415,U113,10/24/2021,Expense,Rentt,45676.0,UPi,lucknow,No Notes
T7063,U079,09/15/2024,Expense,rent,3538.0,UPI,Delhi,Doctor consultation
T0246,U115,02/20/2023,Expense,Foodd,2813.0,Cash,CHENNAI,No Notes
T5691,U103,09-09-2022,Expense,FOOD,7819.0,Bank Transfr,Mumbai,Coffee
T11184,U109,2024-05-13,Expense,Utlities,6700.0,,HYD,No Notes
T5954,U092,21-09-21,Expense,Travl,9832.0,CARD,KOLKATA,Electricity bill
T4479,U102,2022-08-05,Income,Bonus,29319.0,upi,CHE,No Notes
T7199,U021,2022-07-05,Expense,Fod,8386.0,cash,Mumbai,No Notes
T13629,U033,07/28/2021,Expense,Rentt,21280.0,UPI,PUN,Medicine
T10183,U137,22-09-2021,Expense,food,5835.0,Bank Transfr,Chennai,xyz123
T8169,U139,2022-10-01,Expense,Fod,7649.0,csh,HYDERABAD,No Notes
T3538,U038,2021-11-14,Expense,Entertain,5866.0,CASH,BANGALORE,Doctor consultation
T0999,U145,08/05/2022,Expense,,9295.0,BankTransfer,Lucknow,asdfgh
T4452,U060,30-03-23,Income,Salary,33783.0,Crd,PUN,Gym membership
T6613,U122,2024-01-18,Expense,Rentt,27774.0,Upi,Bangalore,!!!
T5576,U009,2023-12-07,Expense,Travl,3790.0,Upi,Lucknow,Fixed deposit
T12633,U023,01/13/2024,Expense,FOOD,4451.0,Bank Transfer,pune,Doctor consultation
T13815,U065,07-03-2021,Expense,Rent,8467.0,BankTransfer,Lucknow,Gym membership
T10033,U101,11-12-21,Income,Bonus,37773.0,bank transfer,pune,Petrol
T12989,U134,09/18/2024,Income,Freelance,21409.0,BankTransfer,Pune,Shopping
T10635,U083,10-03-2023,Income,Others,12318.0,Crd,JAIPUR,No Notes
T1472,U058,2024-04-21,Expense,Travl,1499.0,UPI,LUCKNOW,!!!
T10927,U100,2023-09-17,Expense,Rentt,38688.0,Cash,Bangalore,EMI payment
T2809,U044,02/12/2021,Expense,food,6859.0,CRD,hyderabad,EMI payment
T12131,U146,2022-12-23,Expense,Rnt,3832.0,,LUCKNOW,No Notes
T9255,U014,12/06/2024,Income,Salary,107734.0,Upi,AHM,Shopping
T4022,U138,11/01/2024,Income,Bonus,12380.0,Csh,CHE,Shopping
T13134,U058,11/01/2023,Expense,Utlities,8614.0,Bank_Transfer,Jaipur,xyz123
T1855,U074,01/06/2024,Expense,Rentt,14410.0,Card,JAI,misc
T10435,U053,27-02-23,Expense,entertainment,8471.0,CARD,Unknown,Coffee
T8677,U019,16-09-24,Expense,FOOD,2133.0,CASH,Kolkata,test
T2416,U056,2023-01-30,Income,Others,77582.0,CARD,CHE,!!!
T11397,U112,10/23/2024,Income,Others,45360.0,Card,jaipur,Shopping
T13119,U047,01/13/2021,Expense,Others,1845.0,card,CHENNAI,ATM withdrawal
T4156,U111,17-11-2021,Expense,Foodd,4142.0,Card,LUC,Petrol
T9899,U041,17-09-2023,Income,Freelance,61926.0,cash,PUN,Movie tickets
T11009,U145,2024-04-24,Expense,Traval,8099.0,Bank_Transfer,Lucknow,asdfgh
T7656,U128,2023-04-07,Expense,Food,2532.0,UPI,Unknown,Movie tickets
T12158,U124,2023-06-22,Expense,Foods,1667.0,CRD,Unknown,No Notes
T11860,U110,2021-07-10,Expense,Travl,8061.0,CASH,Unknown,No Notes
T8511,U134,2022-06-17,Expense,Entrtnmnt,3769.0,Upi,Chennai,EMI payment
T4302,U014,2023-09-22,Expense,Rent,36134.0,CRD,JAI,Online course
T10018,U004,03/03/2022,Expense,Entrtnmnt,9044.0,Card,HYDERABAD,Coffee
T12613,U002,2023-05-08,Expense,Foodd,4359.0,UPi,PUN,No Notes
T3068,U060,2022-01-06,Expense,Savings,1050.0,Csh,JAIPUR,test
T4456,U047,2021-03-13,Expense,Food,440.0,upi,AHMEDABAD,!!!
T2905,U099,05/15/2022,Expense,Rent,47954.0,UPI,Bangalore,Electricity bill
T6295,U050,18-04-24,Expense,utilities,2902.0,CARD,KOLKATA,Doctor consultation
T0767,U036,11-01-23,Income,Salary,45181.0,Bank Transfr,Unknown,Grocery shopping
T6226,U020,2021-10-14,Expense,Rnt,3663.0,upi,Lucknow,Train ticket
T12389,U020,01/21/2023,Expense,Rnt,3491.0,CASH,PUN,No Notes
T2361,U021,01/23/2023,Expense,Foodd,2659.0,Card,Ahmedabad,Movie tickets
T11542,U123,12/19/2022,Expense,Fod,842.0,Bank Transfr,ahmedabad,Books
T3514,U121,2023-08-29,Expense,Foodd,980.0,CARD,Chennai,Fixed deposit
T5871,U100,2022-02-27,Expense,Food,3548.0,BankTransfer,Pune,misc
T12599,U134,20-02-21,Income,Others,67474.0,Bank_Transfer,PUN,EMI payment
T0312,U065,08-02-21,Expense,Education,4465.0,csh,AHM,No Notes
T3895,U138,03/23/2022,Expense,Education,9742.0,Crd,Mumbai,No Notes
T1782,U087,06/16/2022,Expense,Rent,15843.0,CASH,LUCKNOW,No Notes
T2815,U036,2021-04-23,Expense,health,5987.0,Csh,Delhi,asdfgh
T8749,U014,09-04-23,Income,Others,35347.0,Bank Transfer,PUNE,test
T8298,U068,03/03/2021,Expense,Rent,13246.0,Bank_Transfer,CHENNAI,ATM withdrawal
T10543,U110,18-04-24,Expense,travel,6683.0,csh,pune,Lunch
T13649,U123,17-05-2022,Expense,rent,9477.0,bank transfer,Hyderabad,Shopping
T3043,U121,07/21/2024,Expense,FOOD,425.0,Cash,KOL,Doctor consultation
T11699,U010,2021-08-18,Income,Freelance,48888.0,csh,ahmedabad,!!!
T7653,U105,11/28/2021,Expense,Rent,33370.0,bank transfer,Unknown,Doctor consultation
T13747,U100,04-09-22,Income,Others,75671.0,CASH,Unknown,Online course
T4666,U083,2022-01-07,Expense,Utilties,5210.0,Cash,DELHI,Online course
T7125,U145,31-10-24,Expense,Rent,7179.0,Card,BANGALORE,Shopping
T8924,U028,01/11/2024,Expense,education,5861.0,Card,PUN,Lunch
T3530,U111,08/03/2022,Expense,food,7480.0,Bank Transfr,BAN,ATM withdrawal
T11205,U075,10/24/2023,Income,Investment,57220.0,CARD,Jaipur,No Notes
T10164,U023,06/02/2024,Expense,travel,999999.0,UPI,chennai,!!!
T3883,U010,2023-01-26,Expense,Utlities,8132.0,UPI,bangalore,Grocery shopping
T8806,U011,2021-11-13,Expense,Foodd,1397.0,Cash,hyderabad,Books
T13675,U111,2021-12-15,Expense,Education,4169.0,Upi,PUN,misc
T2063,U080,2023-10-19,Expense,Utilities,2572.0,csh,MUM,Electricity bill
T11589,U030,2022-11-28,Expense,Travl,330.0,Upi,jaipur,No Notes
T7860,U130,2024-06-10,Expense,Traval,4406.0,UPi,BAN,Electricity bill
T1504,U131,03-01-24,Expense,Helth,9862.0,,hyderabad,test
T4719,U106,04/30/2022,Expense,Fod,8139.0,bank transfer,AHM,asdfgh
T11634,U075,2024-12-29,Expense,FOOD,5286.0,Crd,PUNE,Internet bill
T7081,U136,17-07-22,Expense,health,565.0,CRD,jaipur,Shopping
T6937,U053,17-09-2022,Expense,Traval,9147.0,Crd,PUN,No Notes
T4548,U090,10/20/2022,Expense,Foodd,1920.0,UPI,CHENNAI,test
T13891,U012,2021-05-24,Income,Freelance,79605.0,,JAIPUR,Internet bill
T3274,U080,07-11-2022,Expense,rent,314.0,BankTransfer,Delhi,Uber ride
T7293,U063,22-11-24,Income,Freelance,962863.0,Bank Transfer,KOL,Lunch
T13947,U099,09-08-2023,Expense,food,6687.0,Bank Transfr,chennai,No Notes
T8053,U028,27-11-24,Income,Others,33770.0,csh,mumbai,...
T6160,U012,2022-05-23,Income,Others,78356.0,bank transfer,ahmedabad,Books
T12038,U085,2021-12-15,Income,Bonus,55365.0,cash,mumbai,xyz123
T12441,U043,06-03-2022,Income,Salary,62437.0,Crd,bangalore,Doctor consultation
T5831,U087,05/20/2021,Income,Investment,39070.0,Csh,PUNE,Lunch
T1441,U014,2024-11-22,Income,Investment,16678.0,Upi,CHENNAI,ATM withdrawal
T2689,U105,2021-06-16,Expense,Traval,7842.0,UPi,pune,No Notes
T4796,U002,09/30/2021,Expense,health,7918.0,CRD,HYDERABAD,No Notes
T10548,U111,2022-05-08,Expense,Foods,1789.0,Upi,KOLKATA,No Notes
T8830,U013,2021-04-07,Expense,Education,2819.0,card,HYD,No Notes
T5880,U006,07/09/2024,Income,Investment,26468.0,CRD,delhi,No Notes
T9256,U132,05/20/2023,Expense,Utilities,7249.0,BankTransfer,Bangalore,test
T3409,U062,29-11-2021,Expense,Utilties,8471.0,cash,mumbai,No Notes
T2282,U126,19-07-24,Expense,Fod,217.0,upi,chennai,misc
T5912,U120,12/20/2021,Expense,travel,2352.0,Csh,AHMEDABAD,No Notes
T9157,U057,02/08/2022,Expense,Food,361.0,Bank Transfer,Bangalore,Lunch
T5002,U109,2022-07-19,Expense,food,7284.0,Crd,Unknown,Shopping
T13961,U150,20-06-22,Expense,Utilities,6490.0,Cash,PUNE,Doctor consultation
T2997,U036,2022-01-06,Expense,travel,9335.0,upi,delhi,asdfgh
T5832,U025,26-12-23,Expense,Utility,6027.0,Card,BAN,Movie tickets
T13452,U036,11/12/2024,Income,Investment,25315.0,cash,PUN,Coffee
T8890,U031,2021-11-07,Expense,Foodd,1618.0,UPI,Ahmedabad,Internet bill
T9067,U118,2023-10-29,Expense,travel,9715.0,Upi,chennai,Online course
T10048,U054,01/08/2024,Expense,Traval,434.0,Bank Transfr,HYD,Books
T4448,U022,15-09-2023,Expense,food,5310.0,Csh,CHE,!!!
T13467,U056,23-07-21,Expense,Saving,3898.0,UPI,MUM,No Notes
T5330,U068,11-11-23,Expense,Rentt,18309.0,UPi,AHM,Grocery shopping
T9242,U016,2023-11-29,Expense,Rentt,13000.0,,LUCKNOW,Doctor consultation
T9826,U113,29-12-22,Expense,Education,8034.0,Bank Transfr,BAN,asdfgh
T10857,U034,2024-10-05,Expense,EDU,1124.0,CRD,Unknown,No Notes
T6821,U146,23-08-2023,Expense,Food,2608.0,UPI,mumbai,xyz123
T1609,U022,09/08/2022,Income,Investment,55216.0,CRD,MUM,No Notes
T9866,U082,2022-05-05,Expense,Utility,4406.0,Bank_Transfer,JAI,Monthly rent payment
T12959,U113,06/08/2021,Expense,Rnt,5681.0,Bank_Transfer,kolkata,No Notes
T0134,U028,03-12-2021,Expense,entertainment,7085.0,card,PUN,test
T12300,U024,2021-04-21,Expense,Rnt,7882.0,Upi,MUMBAI,EMI payment
T10164,U024,12/16/2023,Expense,Fod,5229.0,Cash,Lucknow,Train ticket
T6353,U126,2024-01-13,Income,Freelance,49713.0,Cash,Unknown,test
T3782,U004,2021-11-11,Expense,Fod,5795.0,UPI,Kolkata,EMI payment
T4300,U123,09/08/2022,Expense,entertainment,3432.0,Bank Transfer,CHE,Train ticket
T4272,U094,05/13/2024,Expense,Rnt,6119.0,csh,Delhi,Doctor consultation
T8217,U016,07/08/2022,Expense,Travel,9763.0,csh,LUC,No Notes
T11676,U017,02/04/2021,Expense,EDU,6618.0,csh,CHE,xyz123
T4758,U051,27-12-2022,Expense,Savings,4132.0,BankTransfer,BAN,Movie tickets
T11414,U025,02-02-22,Expense,food,5289.0,bank transfer,hyderabad,No Notes
T0264,U133,2022-09-11,Income,Investment,46170.0,Card,Unknown,Shopping
T3592,U036,2021-08-23,Expense,Travel,6421.0,BankTransfer,Bangalore,Internet bill
T0498,U071,2021-09-22,Income,Freelance,79791.0,CARD,Pune,xyz123
T5523,U024,2021-05-16,Expense,Rnt,7809.0,csh,AHM,Internet bill
T7633,U058,10/06/2022,Expense,Entrtnmnt,1148.0,Bank_Transfer,pune,Movie tickets
T7870,U094,2022-04-03,Income,Salary,18760.0,upi,Unknown,No Notes
T0235,U093,01-01-2021,Expense,utilities,6574.0,,delhi,ATM withdrawal
T5118,U073,2023-10-29,Expense,Fod,7685.0,upi,JAI,No Notes
T4969,U124,20-10-21,Expense,Travl,1931.0,Bank_Transfer,AHM,Monthly rent payment
T0175,U139,2024-04-22,Expense,Fod,8873.0,CARD,pune,Uber ride
T2221,U080,27-08-2024,Expense,Rentt,14545.0,,MUM,Doctor consultation
T4020,U138,09/04/2024,Expense,Fod,4028.0,card,Delhi,No Notes
T5075,U089,03/08/2021,Expense,Others,8403.0,Card,DEL,Train ticket
T0293,U014,2023-03-14,Expense,OTHERS,5219.0,CASH,delhi,No Notes
T8220,U012,2022-04-24,Expense,Misc,8928.0,UPi,bangalore,Petrol
T12250,U002,2021-12-14,Income,Investment,56818.0,Bank Transfer,Hyderabad,EMI payment
T12260,U123,29-06-23,Expense,Rnt,534.0,CARD,LUC,No Notes
T7226,U057,2021-06-28,Expense,Educaton,3562.0,Bank Transfer,hyderabad,Petrol
T10837,U117,2024-07-31,Expense,Health,700.0,,Chennai,Coffee
T7615,U097,27-08-22,Expense,Entertainment,6334.0,CASH,chennai,Books
T12488,U005,2021-05-18,Expense,Education,3527.0,cash,Jaipur,Electricity bill
T10556,U052,06-03-2022,Expense,Foodd,3182.0,bank transfer,Mumbai,Coffee
T6717,U121,2021-09-27,Expense,Food,3864.0,UPI,Ahmedabad,No Notes
T11764,U047,18-12-21,Income,Investment,52861.0,Bank Transfr,BAN,...
T1482,U102,31-12-2023,Expense,savings,9485.0,Crd,JAIPUR,Grocery shopping
T10140,U008,2022-10-08,Expense,Traval,4320.0,Crd,AHM,No Notes
T3540,U097,02/15/2021,Income,Bonus,27184.0,,kolkata,Movie tickets
T2365,U099,26-11-2021,Expense,Utilities,378.0,CASH,Delhi,No Notes
T0058,U072,2023-01-29,Expense,travel,6118.0,bank transfer,DEL,No Notes
T10343,U103,2021-04-18,Expense,Entrtnmnt,7091.0,Csh,DELHI,Fixed deposit
T11843,U013,01/16/2022,Expense,Education,8505.0,Upi,AHM,Internet bill
T9901,U025,01/21/2024,Expense,Entertain,1255.0,,pune,Gym membership
T6733,U099,2024-03-02,Expense,Utility,2164.0,Upi,JAIPUR,Train ticket
T3712,U076,01/18/2024,Expense,Utility,7960.0,,JAIPUR,Restaurant dinner
T10061,U008,11/23/2024,Income,Others,39016.0,Crd,Unknown,ATM withdrawal
T2294,U109,12/26/2022,Expense,FOOD,4651.0,bank transfer,HYDERABAD,xyz123
T5152,U068,03-03-2022,Expense,Travel,9905.0,cash,DELHI,Restaurant dinner
T0873,U110,2022-10-12,Income,Freelance,24300.0,Cash,BAN,No Notes
T1192,U022,01-09-2024,Expense,Entertain,6997.0,Bank Transfer,Mumbai,!!!
T11800,U104,2021-10-14,Expense,health,6661.0,CARD,Unknown,Uber ride
T10446,U073,2022-01-22,Expense,Foodd,4223.0,Bank Transfer,LUCKNOW,Gym membership
T8484,U015,02/07/2023,Expense,Utility,1981.0,UPi,CHE,Uber ride
T3355,U139,2024-07-29,Expense,food,9180.0,,HYD,asdfgh
T0317,U025,16-12-21,Expense,Food,1856.0,bank transfer,Lucknow,Fixed deposit
T0991,U089,04-10-24,Expense,Foods,1558.0,Bank Transfr,LUC,No Notes
T3510,U142,04/02/2023,Expense,Education,6197.0,csh,AHMEDABAD,Gym membership
T10139,U029,07/08/2024,Expense,Rent,23284.0,CRD,LUCKNOW,Lunch
T6756,U087,2023-07-13,Expense,rent,4012.0,UPi,Unknown,No Notes
T13228,U015,2021-06-20,Income,Others,55263.0,card,ahmedabad,No Notes
T2696,U115,2024-05-13,Income,Salary,15451.0,Bank_Transfer,Delhi,Grocery shopping
T9772,U093,08/19/2024,Income,Salary,75062.0,Cash,MUMBAI,Shopping
T11322,U102,16-01-24,Expense,food,777.0,cash,Kolkata,No Notes
T1752,U094,03/24/2021,Expense,education,9107.0,CARD,Ahmedabad,Internet bill
T2655,U142,18-03-22,Expense,Entertain,1657.0,csh,LUCKNOW,Fixed deposit
T3335,U138,09/22/2023,Expense,Travel,4627.0,BankTransfer,delhi,ATM withdrawal
T1101,U074,2023-03-26,Expense,rent,4433.0,Crd,delhi,Monthly rent payment
T6099,U112,06/02/2022,Expense,Fod,6492.0,CASH,MUM,Coffee
T11002,U052,09-12-22,Income,Others,18457.0,upi,PUNE,Uber ride
T5460,U076,2024-09-11,Expense,HEALTH,3459.0,Csh,Unknown,No Notes
T11842,U046,17-12-21,Expense,Food,1666.0,Crd,DEL,Grocery shopping
T2012,U037,2024-04-23,Expense,Travl,5405.0,CASH,CHENNAI,Monthly rent payment
T1332,U066,08-01-21,Income,Salary,37799.0,csh,Chennai,asdfgh
T3648,U125,28-03-22,Expense,Food,2242.0,Bank_Transfer,bangalore,misc
T3289,U004,04/19/2024,Expense,Rentt,6852.0,UPI,Delhi,test
T10790,U049,12/29/2023,Expense,Helth,9214.0,,Bangalore,Train ticket
T6705,U027,07-07-21,Expense,Utilities,1569.0,Csh,CHENNAI,Petrol
T4492,U017,22-08-21,Expense,Rent,9138.0,Bank Transfr,AHM,No Notes
T3758,U025,2021-01-17,Expense,Utility,1125.0,Cash,jaipur,No Notes
T11528,U050,2023-11-23,Expense,food,3794.0,Bank Transfr,KOLKATA,ATM withdrawal
T3842,U126,2021-05-10,Expense,Utility,9186.0,CRD,HYD,Train ticket
T13143,U082,08-07-22,Expense,Food,3013.0,,MUM,Train ticket
T5534,U091,01/05/2022,Expense,Fod,4425.0,csh,Kolkata,test
T12494,U097,2023-01-02,Expense,Savings,8303.0,,mumbai,Gym membership
T8082,U022,2021-01-18,Expense,RENT,9500.0,BankTransfer,Unknown,Internet bill
T8347,U002,13-04-2024,Expense,travel,9238.0,cash,MUM,Restaurant dinner
T12262,U121,09-10-2023,Expense,Entrtnmnt,1624.0,bank transfer,bangalore,misc
T9613,U089,2024-08-22,Expense,Utilties,9308.0,UPi,DELHI,asdfgh
T5992,U149,2022-06-24,Expense,Travel,8214.0,Cash,mumbai,No Notes
T11157,U043,2024-05-03,Income,Salary,32170.0,BankTransfer,DELHI,!!!
T8876,U078,07/12/2021,Expense,Foods,4321.0,,bangalore,Internet bill
T11966,U078,30-03-22,Expense,food,3390.0,Card,Ahmedabad,Doctor consultation
T8263,U019,05-07-2022,Expense,EDU,7170.0,Cash,Delhi,No Notes
T6157,U030,10-08-24,Expense,Utility,921.0,UPI,mumbai,No Notes
T1133,U064,14-01-2021,Expense,entertainment,5529.0,CRD,MUMBAI,Gym membership
T11819,U046,02-07-2021,Expense,Entertain,3502.0,Bank Transfer,LUCKNOW,test
T6228,U038,20-06-23,Expense,FOOD,7549.0,,LUC,Gym membership
T13966,U097,12/03/2023,Expense,RENT,9717.0,Crd,delhi,Uber ride
T11514,U033,2023-11-16,Expense,entertainment,3543.0,bank transfer,Hyderabad,...
T12525,U142,02/25/2023,Expense,utilities,2713.0,BankTransfer,CHENNAI,Uber ride
T0538,U057,17-11-2024,Expense,Others,9135.0,Bank_Transfer,Chennai,Coffee
T13270,U117,2022-11-01,Expense,Foods,2424.0,CARD,PUN,No Notes
T6014,U046,09/19/2023,Expense,TRAVEL,1319.0,BankTransfer,Unknown,Electricity bill
T5483,U091,2023-03-03,Expense,Rnt,6173.0,Bank Transfer,HYD,Gym membership
T4006,U142,09-02-2022,Expense,Entertainment,7542.0,BankTransfer,MUMBAI,Petrol
T9298,U069,2022-11-27,Income,Salary,67763.0,CRD,Lucknow,Shopping
T10498,U124,2024-08-03,Expense,Foods,4802.0,upi,Jaipur,misc
T5853,U074,2024-07-27,Expense,Rent,46237.0,Crd,Kolkata,Fixed deposit
T10867,U112,03/25/2024,Expense,education,507.0,Bank_Transfer,BAN,...
T11639,U116,2024-12-10,Income,Investment,60900.0,UPi,Ahmedabad,Books
T5777,U045,09/19/2022,Expense,Utility,7365.0,Csh,hyderabad,Coffee
T2734,U088,03/08/2024,Expense,Rent,27330.0,BankTransfer,BANGALORE,xyz123
T9396,U088,2022-03-30,Expense,food,1548.0,cash,Pune,Medicine
T2368,U062,2022-03-06,Expense,Educaton,5130.0,Upi,BAN,Medicine
T13713,U117,17-08-22,Income,Bonus,65904.0,upi,PUN,No Notes
T5245,U100,09/21/2024,Expense,others,2722.0,upi,hyderabad,...
T7971,U058,06-02-21,Income,Bonus,64103.0,card,JAIPUR,Medicine
T0562,U092,05/26/2023,Income,Bonus,21590.0,upi,HYD,Fixed deposit
T8986,U082,2023-01-16,Expense,entertainment,8343.0,CASH,Unknown,Online course
T12680,U130,2024-03-20,Income,Others,59192.0,UPI,mumbai,Lunch
T13830,U068,10-12-22,Income,Others,16854.0,Card,DEL,Monthly rent payment
T0914,U009,2024-11-28,Expense,Rnt,7801.0,csh,Kolkata,Uber ride
T4532,U058,2022-01-04,Income,Investment,45931.0,cash,PUN,Coffee
T12229,U027,2023-10-09,Expense,Foods,1180.0,Upi,HYD,No Notes
T0113,U018,03/10/2021,Expense,Foodd,3345.0,cash,KOLKATA,Gym membership
T9786,U107,2024-10-16,Expense,utilities,2726.0,CASH,pune,!!!
T12918,U080,02/08/2022,Expense,EDU,2112.0,CRD,JAI,Doctor consultation
T3990,U145,21-09-2023,Expense,savings,8764.0,BankTransfer,MUMBAI,No Notes
T0918,U016,05/05/2024,Expense,Foodd,2086.0,Upi,MUM,xyz123
T5598,U062,06-07-23,Expense,Utlities,2884.0,Bank Transfer,Jaipur,Lunch
T1284,U004,11/11/2022,Income,Investment,12733.0,CASH,PUN,Electricity bill
T2277,U058,29-05-21,Expense,Travel,3916.0,Bank_Transfer,hyderabad,xyz123
T4116,U022,2022-08-04,Expense,Savings,6826.0,Bank Transfer,MUM,Doctor consultation
T1584,U067,2021-12-06,Expense,Entrtnmnt,3560.0,UPI,Chennai,Internet bill
T1120,U040,13-04-24,Income,Others,24570.0,BankTransfer,DELHI,Fixed deposit
T9094,U005,2022-01-22,Income,Salary,72722.0,UPI,MUM,misc
T11950,U036,2023-12-13,Expense,Rentt,37451.0,Upi,BAN,No Notes
T3189,U068,2024-10-17,Income,Bonus,36373.0,CRD,Unknown,Restaurant dinner
T2070,U138,2022-06-22,Expense,Rnt,7229.0,bank transfer,AHMEDABAD,Lunch
T3595,U138,09-09-21,Expense,Entertainment,575.0,CRD,delhi,Online course
T12970,U105,2022-03-17,Expense,Rnt,8162.0,Csh,Delhi,asdfgh
T13943,U022,08/20/2021,Expense,education,4650.0,UPI,HYDERABAD,...
T6782,U015,2021-10-14,Expense,Entertain,7185.0,upi,HYD,Online course
T2566,U043,2023-05-06,Income,Investment,33210.0,bank transfer,Delhi,Petrol
T6529,U071,2023-12-29,Expense,FOOD,1550.0,Upi,HYDERABAD,Coffee
T3232,U057,2021-10-20,Expense,travel,9420.0,Bank Transfer,KOLKATA,Electricity bill
T5914,U002,2021-07-07,Income,Freelance,32675.0,cash,jaipur,No Notes
T3935,U125,2022-06-17,Expense,Foods,1437.0,Bank_Transfer,chennai,No Notes
T12356,U032,2023-05-12,Expense,Traval,741.0,Csh,chennai,...
T8621,U123,05-03-2022,Expense,health,6264.0,Bank Transfr,JAI,Petrol
T9644,U086,2024-07-01,Income,Investment,48693.0,,mumbai,Monthly rent payment
T9000,U109,04/17/2022,Expense,Fod,6168.0,Card,MUM,Grocery shopping
T9535,U053,01/11/2024,Expense,Savings,5026.0,CARD,Kolkata,Coffee
T9840,U126,2024-09-24,Expense,Rentt,48411.0,UPi,LUCKNOW,Doctor consultation
T11368,U086,12/23/2021,Expense,utilities,420.0,Bank Transfr,Jaipur,Doctor consultation
T11921,U103,2022-06-28,Expense,Rent,7222.0,Bank_Transfer,jaipur,No Notes
T8737,U127,10/20/2023,Expense,travel,7791.0,CASH,hyderabad,ATM withdrawal
T8423,U030,2023-07-02,Expense,Foodd,2004.0,CARD,mumbai,Fixed deposit
T10467,U069,12-07-23,Expense,food,1144.0,cash,KOL,Shopping
T3444,U063,2023-06-27,Expense,TRAVEL,8302.0,Card,delhi,Internet bill
T3323,U063,2021-01-27,Expense,education,8408.0,CARD,pune,No Notes
T1079,U072,26-04-21,Expense,Foods,4678.0,Crd,MUM,No Notes
T9593,U099,10/13/2024,Expense,Rent,10139.0,,CHENNAI,Petrol
T12124,U104,2021-07-24,Expense,Foods,1004.0,Cash,LUCKNOW,Restaurant dinner
T4324,U130,10/04/2022,Expense,Education,4621.0,UPI,Unknown,xyz123
T4077,U102,10-05-22,Expense,Rnt,1565.0,Bank_Transfer,Unknown,No Notes
T1093,U075,04/06/2023,Expense,Food,4733.0,UPI,Mumbai,Monthly rent payment
T9755,U027,05/01/2022,Expense,HEALTH,6162.0,BankTransfer,Pune,Books
T4104,U095,02/26/2022,Income,Freelance,67963.0,Csh,Kolkata,Doctor consultation
T12016,U130,21-05-23,Expense,travel,6406.0,cash,DEL,Uber ride
T6914,U012,06/26/2022,Income,Others,65760.0,Bank_Transfer,BANGALORE,Shopping
T8858,U122,09/16/2021,Income,Others,28650.0,Cash,Bangalore,No Notes
T5903,U081,2023-11-20,Expense,RENT,502.0,Bank Transfer,ahmedabad,Internet bill
T11784,U068,19-04-23,Expense,Food,4069.0,csh,AHM,Lunch
T7139,U101,02/21/2024,Expense,Foodd,3797.0,CRD,KOLKATA,Books
T13159,U035,2021-11-23,Expense,Utility,5708.0,CASH,HYD,Restaurant dinner
T3620,U086,12/02/2022,Expense,rent,957.0,Csh,AHMEDABAD,Electricity bill
T5310,U047,06/25/2021,Income,Freelance,21967.0,Bank_Transfer,LUC,Monthly rent payment
T3655,U114,18-02-23,Expense,EDU,4159.0,Card,HYDERABAD,No Notes
T1750,U048,23-10-23,Expense,Foods,1575.0,Csh,chennai,Movie tickets
T3610,U063,2021-12-27,Expense,SAVINGS,2782.0,UPI,HYD,Gym membership
T1443,U125,03/17/2023,Income,Freelance,41167.0,Upi,lucknow,No Notes
T10557,U077,2023-11-17,Expense,Travel,3607.0,cash,Delhi,Coffee
T4485,U086,2024-02-07,Expense,Fod,2701.0,Bank_Transfer,HYD,Internet bill
T12361,U038,2021-08-26,Expense,Entertainment,8667.0,UPi,PUN,ATM withdrawal
T2749,U117,07-05-2022,Expense,Foods,51.0,,delhi,Shopping
T12788,U131,2022-09-14,Expense,TRAVEL,8740.0,,Kolkata,Electricity bill
T10887,U073,03-01-2021,Expense,food,5538.0,UPI,delhi,No Notes
T7090,U062,06/18/2022,Expense,Traval,441.0,upi,JAIPUR,Uber ride
T7939,U101,11/08/2023,Expense,RENT,493.0,UPi,JAIPUR,ATM withdrawal
T0978,U052,13-03-21,Expense,food,8767.0,Upi,Pune,Lunch
T7524,U147,11/26/2022,Income,Bonus,11452.0,Bank Transfr,CHE,No Notes
T2391,U118,2024-10-14,Expense,Foodd,1311.0,bank transfer,chennai,...
T9548,U116,11/21/2024,Expense,Educaton,141.0,Crd,KOL,No Notes
T4963,U061,2023-10-29,Expense,entertainment,9991.0,Csh,chennai,No Notes
T12916,U117,12/23/2021,Expense,EDU,4068.0,CARD,chennai,No Notes
T6393,U015,2021-09-16,Expense,Saving,4828.0,upi,DEL,...
T2492,U007,2023-08-24,Expense,Rentt,31837.0,Card,jaipur,No Notes
T13518,U129,22-06-22,Expense,food,9483.0,CASH,AHMEDABAD,No Notes
T12574,U120,2024-11-18,Expense,Rentt,39367.0,Upi,Jaipur,EMI payment
T3927,U113,01-11-24,Expense,Rentt,21882.0,UPi,mumbai,Petrol
T8471,U039,2023-12-11,Expense,Foods,2476.0,BankTransfer,Unknown,EMI payment
T9171,U149,03/08/2021,Expense,rent,596.0,Bank Transfr,mumbai,Doctor consultation
T2848,U102,10-02-21,Expense,Rnt,1723.0,upi,kolkata,...
T10360,U077,2024-01-07,Expense,RENT,7560.0,CARD,Mumbai,Lunch
T8084,U063,06/22/2024,Expense,entertainment,9953.0,Card,kolkata,Internet bill
T4691,U062,2024-04-07,Expense,Foodd,4894.0,BankTransfer,Pune,Movie tickets
T7787,U126,30-09-21,Expense,Helth,6682.0,Bank_Transfer,AHMEDABAD,Fixed deposit
T5421,U088,03/04/2024,Expense,FOOD,629.0,cash,PUN,Grocery shopping
T12664,U101,09/07/2022,Expense,FOOD,4033.0,Bank Transfer,bangalore,Online course
T3455,U083,02/12/2024,Expense,Foodd,2808.0,card,KOLKATA,Fixed deposit
T2768,U138,10/15/2021,Expense,Health,6367.0,CARD,JAI,Lunch
T11332,U098,05/22/2021,Expense,RENT,629.0,Crd,Unknown,Doctor consultation
T11825,U026,2022-04-21,Expense,Foodd,3699.0,UPi,pune,No Notes
T13959,U072,17-12-21,Expense,Rnt,1054.0,Card,PUNE,Electricity bill
T10344,U089,2024-10-03,Income,Salary,68142.0,Upi,MUMBAI,Internet bill
T7585,U081,21-03-2023,Expense,Foods,3789.0,Cash,HYDERABAD,Uber ride
T13141,U030,06-11-24,Income,,64347.0,CARD,Bangalore,Movie tickets
T11888,U005,03/08/2022,Expense,Utility,5898.0,cash,jaipur,Shopping
T0661,U048,21-11-24,Expense,utilities,7342.0,card,MUMBAI,Grocery shopping
T3421,U020,2021-12-07,Expense,Foods,3452.0,Cash,Unknown,No Notes
T0055,U011,2023-06-22,Expense,RENT,6907.0,Upi,Kolkata,No Notes
T10657,U075,2021-07-02,Expense,Food,3426.0,BankTransfer,BAN,!!!
T0765,U109,21-01-22,Income,Investment,52092.0,Card,KOLKATA,Internet bill
T5506,U065,29-06-23,Income,Freelance,69326.0,Upi,Unknown,Gym membership
T10933,U062,2024-10-07,Expense,Health,8737.0,CARD,KOLKATA,Monthly rent payment
T8719,U056,08-02-24,Expense,Fod,7405.0,Cash,Hyderabad,Doctor consultation
T6081,U027,15-05-21,Income,Others,45353.0,Upi,LUC,test
T10566,U066,2022-07-15,Expense,entertainment,3293.0,Csh,hyderabad,Books
T13827,U011,07-05-22,Income,Others,15784.0,UPI,DELHI,xyz123
T12120,U088,20-03-24,Income,Others,46955.0,cash,AHMEDABAD,ATM withdrawal
T5034,U042,2024-10-12,Expense,Entertain,5248.0,Cash,KOL,Restaurant dinner
T5470,U112,2024-06-24,Expense,Entertain,5246.0,Card,PUNE,No Notes
T13901,U100,12/25/2021,Expense,Rentt,35564.0,Csh,BANGALORE,...
T6550,U075,2022-07-09,Expense,Travel,8890.0,Cash,jaipur,Restaurant dinner
T3674,U146,2023-07-12,Income,Salary,61776.0,card,Pune,...
T4079,U038,10/24/2023,Expense,Food,1253.0,CASH,KOL,EMI payment
T0091,U058,29-11-23,Expense,Rentt,45961.0,Crd,bangalore,Petrol
T5856,U093,09/15/2024,Expense,rent,7450.0,Csh,Unknown,ATM withdrawal
T9145,U122,12/27/2021,Expense,Foods,1502.0,Upi,jaipur,Books
T11101,U118,2024-07-28,Expense,FOOD,3190.0,UPi,JAI,No Notes
T7102,U012,08/20/2021,Income,Investment,435261.0,Bank Transfer,JAI,xyz123
T13636,U128,01/15/2021,Expense,Utilities,6121.0,Card,Mumbai,Petrol
T4090,U067,08/30/2023,Expense,Utility,6512.0,CRD,lucknow,No Notes
T0355,U035,03/08/2023,Expense,Rentt,42500.0,CASH,lucknow,xyz123
T5124,U129,09-11-2024,Expense,health,6668.0,Csh,BAN,Doctor consultation
T5339,U074,28-04-2024,Expense,Foods,4651.0,CASH,Jaipur,Doctor consultation
T0905,U140,2021-06-21,Expense,Misc,8365.0,Card,Ahmedabad,Monthly rent payment
T13985,U010,2022-07-12,Expense,Foodd,4960.0,BankTransfer,ahmedabad,Movie tickets
T2865,U108,10-04-21,Expense,Rnt,6955.0,CRD,PUNE,Grocery shopping
T13618,U133,2024-04-07,Income,Investment,61863.0,Upi,AHMEDABAD,...
T4946,U016,06-03-24,Income,Others,17549.0,CARD,LUCKNOW,Restaurant dinner
T8395,U097,2022-03-03,Expense,Education,1406.0,Csh,Unknown,Internet bill
T7951,U060,08/06/2023,Expense,HEALTH,4547.0,Bank Transfr,Jaipur,Internet bill
T6349,U041,2022-12-31,Expense,Utility,2648.0,Card,BAN,No Notes
T8851,U055,2021-04-08,Expense,Fod,7208.0,Cash,MUM,Uber ride
T1174,U089,23-04-2024,Income,Freelance,42499.0,BankTransfer,ahmedabad,No Notes
T1906,U093,2023-10-19,Expense,Rentt,17463.0,cash,Kolkata,Monthly rent payment
T8612,U019,11/15/2021,Expense,Educaton,3872.0,cash,jaipur,No Notes
T6862,U003,2023-06-04,Expense,food,8751.0,cash,AHM,EMI payment
T10290,U061,2022-03-09,Expense,RENT,8321.0,,CHENNAI,No Notes
T5690,U020,20-06-22,Expense,TRAVEL,7304.0,Csh,Delhi,Train ticket
T6777,U132,01/25/2024,Expense,Educaton,2345.0,CARD,DEL,Internet bill
T5757,U052,10-08-23,Expense,Utilties,9990.0,Crd,chennai,ATM withdrawal
T4139,U075,2021-11-08,Income,Freelance,26827.0,CRD,CHE,misc
T12605,U065,07/25/2024,Income,Others,11716.0,UPI,PUN,xyz123
T2206,U063,24-01-2024,Income,Investment,30031.0,bank transfer,Jaipur,!!!
T10198,U005,06-02-23,Expense,rent,7424.0,csh,ahmedabad,Medicine
T2830,U023,2023-08-29,Income,Salary,15696.0,Bank Transfr,AHM,EMI payment
T12582,U040,05/02/2023,Expense,utilities,9656.0,CARD,Bangalore,test
T13601,U048,2021-11-16,Expense,Entertain,2759.0,upi,Unknown,EMI payment
T8246,U042,2022-03-14,Expense,travel,9360.0,Bank Transfr,MUMBAI,Monthly rent payment
T8229,U104,11-03-23,Expense,EDU,2855.0,Upi,BAN,Grocery shopping
T2455,U097,25-05-23,Expense,Rentt,25344.0,Crd,hyderabad,Coffee
T8072,U070,08-12-24,Expense,RENT,7205.0,Csh,lucknow,No Notes
T10709,U010,21-09-2023,Income,Freelance,79291.0,Bank Transfer,DEL,Shopping
T11754,U072,08-09-21,Expense,Traval,3573.0,CRD,jaipur,No Notes
T9949,U028,25-10-21,Expense,EDU,1586.0,BankTransfer,CHENNAI,!!!
T12783,U097,2024-08-04,Expense,TRAVEL,9803.0,cash,Bangalore,Fixed deposit
T4004,U082,2024-01-03,Expense,Educaton,9457.0,UPI,PUN,misc
T6747,U148,04/11/2023,Income,Salary,58060.0,upi,mumbai,No Notes
T5316,U105,2024-08-31,Income,Investment,28409.0,card,PUN,No Notes
T3342,U088,2023-06-09,Expense,Rnt,2129.0,card,HYDERABAD,Gym membership
T1992,U060,2024-09-07,Expense,RENT,5290.0,CRD,lucknow,Train ticket
T8361,U003,2023-05-16,Expense,rent,2278.0,Bank Transfer,delhi,Train ticket
T3073,U007,2022-12-01,Expense,Foods,4873.0,Bank Transfr,bangalore,Lunch
T6247,U076,04/24/2023,Expense,Education,5266.0,Csh,AHMEDABAD,ATM withdrawal
T4110,U020,05/23/2022,Expense,education,1391.0,Upi,Lucknow,No Notes
T9812,U141,2024-05-24,Expense,Foodd,301.0,Csh,BANGALORE,No Notes
T7710,U043,10/20/2024,Expense,Fod,1720.0,upi,CHE,Restaurant dinner
T2258,U137,02/13/2021,Expense,Foods,3513.0,Upi,PUN,...
T12640,U128,12-08-2023,Income,Bonus,79389.0,Bank Transfr,MUMBAI,Movie tickets
T9148,U060,13-04-24,Expense,Foodd,2286.0,Upi,DEL,Monthly rent payment
T8473,U061,25-01-24,Expense,Fod,6583.0,Upi,MUM,!!!
T7580,U046,06/07/2022,Expense,FOOD,6848.0,Upi,Jaipur,ATM withdrawal
T1862,U118,09/13/2023,Expense,Rent,5257.0,Bank Transfer,MUM,No Notes
T12793,U042,02/03/2023,Expense,Educaton,4037.0,Crd,bangalore,No Notes
T12782,U109,2023-03-08,Expense,travel,9786.0,CASH,Hyderabad,Doctor consultation
T1980,U025,23-01-2022,Expense,TRAVEL,1579.0,card,Mumbai,test
T0746,U052,02/19/2021,Income,Others,15783.0,Bank_Transfer,AHM,Gym membership
T8472,U092,09-01-21,Expense,health,202.0,Upi,Ahmedabad,Monthly rent payment
T0393,U126,02-05-2023,Expense,Rentt,6188.0,Crd,Unknown,No Notes
T11690,U093,08/21/2022,Expense,Travel,240.0,upi,kolkata,...
T6112,U040,01-01-21,Expense,rent,8189.0,Bank Transfer,AHM,Shopping
T2584,U021,2023-06-25,Expense,Rent,37979.0,Bank_Transfer,Jaipur,Doctor consultation
T2056,U038,30-08-21,Expense,EDU,7396.0,Csh,Jaipur,Movie tickets
T1628,U097,11/24/2023,Expense,travel,4517.0,Bank_Transfer,Pune,Coffee
T2631,U008,11/15/2021,Expense,Travl,9331.0,card,CHE,EMI payment
T7505,U110,2021-01-04,Income,Others,64814.0,UPI,PUN,Uber ride
T13684,U010,05-01-21,Expense,others,4605.0,Crd,AHMEDABAD,Electricity bill
T13559,U127,02/14/2023,Expense,Utlities,5722.0,CRD,JAI,Doctor consultation
T13458,U058,2024-09-18,Expense,Rnt,328.0,CARD,KOL,Coffee
T10695,U059,27-04-2024,Expense,Utilities,676.0,UPI,MUM,Medicine
T7346,U062,2023-01-31,Expense,EDU,6485.0,CARD,Unknown,test
T4118,U043,04/05/2021,Expense,utilities,9307.0,Card,delhi,No Notes
T7562,U004,29-01-21,Income,Bonus,14500.0,Upi,Unknown,Movie tickets
T9430,U119,06/03/2021,Expense,food,1349.0,card,kolkata,asdfgh
T4283,U058,09-02-2024,Expense,travel,2845.0,cash,BANGALORE,misc
T12626,U024,2024-04-16,Expense,health,9616.0,Bank Transfr,Unknown,asdfgh
T12600,U078,05/17/2022,Expense,Rnt,8612.0,Cash,PUNE,Lunch
T5485,U058,2023-09-24,Expense,EDU,2859.0,Bank Transfr,ahmedabad,!!!
T2693,U112,14-05-22,Expense,Food,2018.0,Cash,jaipur,Doctor consultation
T4328,U078,01/23/2023,Expense,Travl,4645.0,Bank Transfer,bangalore,EMI payment
T13715,U086,08-06-24,Income,Salary,44171.0,Bank Transfr,JAIPUR,Gym membership
T4125,U138,2023-11-21,Expense,Entertain,4619.0,Crd,delhi,Train ticket
T8160,U108,11/18/2024,Income,Bonus,33136.0,card,KOL,No Notes
T8373,U039,04-04-22,Expense,Rnt,8785.0,csh,CHENNAI,Online course
T13620,U144,2022-03-20,Expense,Utilities,1686.0,Upi,JAI,No Notes
T12645,U024,2023-06-17,Income,Freelance,62527.0,bank transfer,Kolkata,Monthly rent payment
T3752,U046,2024-01-09,Expense,food,9721.0,CRD,CHE,Shopping
T4514,U138,28-08-2023,Expense,Entertainment,7619.0,Bank Transfr,Jaipur,No Notes
T11899,U014,03/09/2021,Expense,,7308.0,CASH,HYDERABAD,!!!
T1553,U050,29-11-21,Expense,rent,9155.0,CARD,KOL,Internet bill
T12674,U024,2024-03-24,Expense,Rentt,12001.0,upi,BAN,No Notes
T6417,U029,2021-12-21,Income,Others,44645.0,Upi,HYDERABAD,Petrol
T13046,U137,2021-02-06,Expense,Travl,4885.0,Crd,LUCKNOW,Doctor consultation
T1643,U016,15-11-23,Expense,Rnt,9603.0,csh,Jaipur,Internet bill
T8763,U144,2023-05-24,Income,Others,53848.0,Crd,Unknown,No Notes
T2623,U021,2023-05-22,Expense,Foodd,4698.0,UPi,Ahmedabad,Shopping
T9863,U147,12-08-22,Expense,Rentt,43629.0,UPI,Unknown,misc
T3299,U053,05/12/2023,Expense,savings,2143.0,card,Unknown,Doctor consultation
T9821,U011,25-11-22,Expense,Entertain,9044.0,cash,JAIPUR,Gym membership
T2748,U049,2023-02-28,Income,Freelance,73238.0,Csh,HYDERABAD,misc
T13327,U014,2024-10-12,Expense,Rentt,45422.0,Cash,KOLKATA,No Notes
T2855,U008,2021-08-01,Expense,Rnt,8813.0,CRD,JAI,Petrol
T10669,U030,12/23/2023,Expense,Travl,3873.0,Crd,Unknown,Movie tickets
T8589,U019,2023-03-18,Expense,Entertainment,5711.0,Csh,PUNE,Medicine
T2645,U072,18-02-22,Expense,Utilities,2413.0,Bank_Transfer,AHMEDABAD,No Notes
T4213,U087,17-02-21,Expense,EDU,6122.0,Bank Transfer,bangalore,Train ticket
T12095,U125,2022-03-20,Expense,savings,8400.0,UPi,CHE,Petrol
T10120,U016,2023-11-23,Income,Others,64931.0,Bank Transfer,KOLKATA,xyz123
T1453,U140,28-10-21,Expense,utilities,5317.0,bank transfer,BAN,misc
T12752,U094,21-10-2023,Income,Bonus,53061.0,card,MUMBAI,Online course
T13094,U018,08/16/2022,Expense,RENT,5924.0,Card,LUCKNOW,Uber ride
T2112,U134,2022-12-19,Expense,Travel,5608.0,CASH,MUMBAI,Electricity bill
T9434,U133,03/06/2022,Expense,OTHERS,1268.0,Bank Transfr,LUCKNOW,Lunch
T11129,U105,30-06-2023,Expense,Utilties,2083.0,Csh,AHM,No Notes
T5929,U105,2024-09-28,Expense,Rentt,31567.0,bank transfer,Unknown,No Notes
T1070,U075,2022-05-20,Expense,utilities,8084.0,Cash,CHE,test
T13016,U061,05/21/2022,Income,Others,64689.0,Csh,Lucknow,Online course
T10224,U144,08/30/2022,Expense,Entrtnmnt,9387.0,Bank Transfer,KOL,No Notes
T2653,U013,06/16/2024,Expense,education,4272.0,UPI,kolkata,Grocery shopping
T7779,U133,24-10-2024,Expense,Entertain,8727.0,card,chennai,...
T6056,U053,02/08/2024,Expense,Travl,4448.0,CARD,HYD,misc
T4402,U078,07/05/2021,Expense,Entertain,5957.0,Csh,Chennai,Restaurant dinner
T10866,U105,06/02/2022,Income,Freelance,256194.0,upi,bangalore,No Notes
T5475,U099,13-08-21,Expense,TRAVEL,6567.0,card,Jaipur,Shopping
T10082,U006,2023-08-10,Expense,Entrtnmnt,8886.0,Card,lucknow,...
T8777,U015,2023-11-07,Expense,Rent,43520.0,UPI,hyderabad,Monthly rent payment
T11594,U059,14-09-2024,Expense,FOOD,2087.0,UPi,Pune,No Notes
T8908,U137,2024-01-05,Expense,RENT,5192.0,Bank Transfr,Unknown,No Notes
T9252,U067,2023-09-03,Expense,rent,8529.0,upi,PUN,ATM withdrawal
T8209,U013,2023-01-12,Expense,Entertainment,5020.0,Cash,pune,No Notes
T2524,U037,05/21/2022,Expense,utilities,6494.0,card,HYD,Internet bill
T9404,U090,2023-03-20,Income,Salary,55112.0,Crd,HYDERABAD,Doctor consultation
T13334,U066,08/23/2021,Expense,Traval,2863.0,CRD,Kolkata,Lunch
T9276,U007,2024-02-20,Expense,Travel,2061.0,upi,bangalore,Restaurant dinner
T6534,U020,2022-03-15,Expense,Utility,1190.0,upi,bangalore,Lunch
T13274,U047,24-10-2024,Expense,FOOD,5702.0,Bank_Transfer,jaipur,Fixed deposit
T0758,U095,08/06/2021,Expense,Rnt,1529.0,Bank_Transfer,Bangalore,Restaurant dinner
T12472,U130,02/01/2024,Expense,Entertain,6556.0,upi,Unknown,Fixed deposit
T10035,U120,17-03-21,Expense,Entrtnmnt,9672.0,csh,MUM,Doctor consultation
T13493,U069,08/06/2024,Expense,Foods,3140.0,Bank_Transfer,KOL,Monthly rent payment
T6980,U113,07/04/2024,Expense,Fod,6189.0,upi,PUN,Medicine
T5599,U019,11-07-2022,Expense,Utilties,8978.0,Crd,CHENNAI,Grocery shopping
T10978,U067,02/12/2024,Expense,Travl,5170.0,card,JAIPUR,Coffee
T0180,U126,2024-11-03,Income,Others,64627.0,Bank Transfr,PUNE,No Notes
T11546,U084,2021-08-23,Expense,Entertainment,2819.0,CRD,HYD,Books
T7956,U109,01-04-24,Expense,Entrtnmnt,1688.0,Bank Transfr,JAI,Lunch
T10553,U112,26-09-2021,Expense,Utlities,6431.0,cash,PUN,Shopping
T7548,U010,06/21/2024,Expense,Rent,39988.0,UPI,DELHI,No Notes
T7699,U021,2023-06-25,Expense,Rnt,5838.0,Crd,PUNE,Lunch
T5879,U130,2021-05-21,Expense,food,4649.0,Upi,BANGALORE,Petrol
T2568,U107,2023-11-07,Expense,Rnt,9660.0,Bank Transfer,JAI,!!!
T4260,U056,2024-04-14,Expense,rent,4123.0,upi,Unknown,Electricity bill
T12456,U054,10/09/2021,Expense,FOOD,8065.0,Upi,Unknown,No Notes
T5619,U033,2024-03-18,Expense,travel,957.0,Bank_Transfer,bangalore,Gym membership
T8732,U080,07/27/2022,Expense,Foodd,2210.0,,DEL,No Notes
T12657,U004,2024-10-01,Expense,Traval,4701.0,csh,Unknown,test
T2309,U140,08-06-23,Expense,Travel,3212.0,Crd,Mumbai,EMI payment
T12798,U026,05/18/2023,Expense,food,7180.0,UPi,Lucknow,Grocery shopping
T13047,U055,2022-01-07,Expense,Foods,4570.0,card,hyderabad,Train ticket
T13033,U074,10/14/2024,Expense,EDU,6835.0,Cash,PUNE,Uber ride
T4832,U063,05-08-2022,Expense,FOOD,8996.0,Bank Transfr,Delhi,ATM withdrawal
T5027,U019,2021-09-22,Expense,Utlities,396.0,UPI,Chennai,No Notes
T4869,U001,02-03-2021,Expense,Food,165.0,csh,delhi,Books
T5678,U132,2024-11-16,Expense,Utilties,7732.0,BankTransfer,Ahmedabad,No Notes
T12049,U025,07-06-23,Expense,Helth,1261.0,Upi,mumbai,Shopping
T2270,U140,10/15/2024,Expense,Rnt,9731.0,,hyderabad,Internet bill
T8829,U091,2021-10-31,Expense,rent,2214.0,Crd,pune,Train ticket
T13405,U143,03/24/2022,Expense,Entertainment,7173.0,Bank_Transfer,MUMBAI,Shopping
T8276,U060,12-02-23,Expense,Food,2875.0,card,PUNE,Online course
T1625,U029,23-08-21,Income,Freelance,31639.0,Bank_Transfer,chennai,No Notes
T6945,U094,2021-05-12,Expense,education,1331.0,upi,MUM,Online course
T12682,U139,19-12-22,Expense,rent,7742.0,,Kolkata,Lunch
T12183,U055,30-06-23,Expense,Rnt,7200.0,Upi,mumbai,asdfgh
T11240,U050,04-07-21,Expense,utilities,9103.0,bank transfer,Unknown,No Notes
T13167,U040,01/22/2023,Expense,utilities,4047.0,card,kolkata,Internet bill
T3237,U091,07/26/2023,Expense,Rentt,21746.0,csh,chennai,No Notes
T9534,U061,10-07-24,Expense,Rnt,2828.0,Card,DEL,Books
T4370,U026,2024-12-08,Expense,RENT,3550.0,BankTransfer,Delhi,test
T13710,U132,2021-12-28,Expense,Helth,7509.0,Upi,Pune,Uber ride
T4238,U008,2024-03-01,Income,Salary,25841.0,cash,DEL,asdfgh
T8447,U142,2022-06-16,Expense,Travel,6297.0,csh,Ahmedabad,test
T2135,U095,2023-07-22,Expense,food,5495.0,upi,Mumbai,misc
T2014,U120,2023-05-31,Income,,33389.0,Csh,JAI,Movie tickets
T5815,U050,21-10-23,Expense,Utlities,190.0,cash,CHENNAI,Shopping
T8505,U101,06/11/2021,Expense,Utility,999999.0,CASH,PUN,Movie tickets
T10960,U021,30-04-22,Expense,RENT,4760.0,upi,AHMEDABAD,No Notes
T4015,U147,2022-08-04,Expense,education,3310.0,Csh,AHM,Coffee
T0584,U139,2024-03-15,Expense,Utlities,302.0,upi,mumbai,asdfgh
T7417,U106,2021-03-15,Expense,rent,9379.0,card,BAN,Doctor consultation
T5338,U044,01/06/2023,Expense,Foodd,2752.0,UPi,JAI,Electricity bill
T6083,U029,24-09-21,Expense,Utility,1494.0,Crd,ahmedabad,Petrol
T4254,U119,28-11-2024,Expense,Education,9348.0,Upi,HYDERABAD,Petrol
T4996,U011,2024-07-31,Expense,HEALTH,4811.0,UPI,Jaipur,Train ticket
T0614,U122,06-01-21,Income,Bonus,10032.0,cash,Ahmedabad,...
T1375,U025,03-08-2023,Expense,Foodd,3444.0,CARD,Jaipur,Doctor consultation
T12847,U129,25-09-2023,Income,Investment,24553.0,card,CHENNAI,No Notes
T2988,U113,12/22/2022,Expense,travel,2419.0,csh,HYD,Fixed deposit
T9409,U053,2024-11-24,Expense,Travel,3997.0,upi,MUM,No Notes
T1732,U031,11/20/2023,Income,Freelance,15051.0,Upi,LUCKNOW,ATM withdrawal
T11457,U055,2022-09-01,Income,Investment,12527.0,Crd,JAIPUR,asdfgh
T4966,U036,2024-09-01,Expense,Rnt,8210.0,Bank Transfr,Unknown,No Notes
T4030,U126,2021-11-23,Expense,EDU,6959.0,UPi,Mumbai,Books
T7331,U123,2022-12-18,Expense,Education,2352.0,Bank Transfr,LUC,ATM withdrawal
T8102,U086,30-04-2024,Expense,Entertainment,2193.0,CARD,bangalore,Online course
T4978,U135,27-08-2021,Expense,Entertain,7070.0,bank transfer,CHE,...
T7741,U021,05/27/2024,Expense,Rnt,2789.0,cash,AHM,EMI payment
T12759,U117,09/08/2024,Income,,11931.0,Bank Transfer,PUNE,test
T11372,U118,10/08/2024,Expense,food,6762.0,upi,HYD,EMI payment
T7579,U071,2023-06-04,Expense,Food,2007.0,Bank Transfr,Mumbai,Petrol
T12953,U105,12/26/2021,Expense,Utilties,8185.0,BankTransfer,LUC,Movie tickets
T12165,U110,08/08/2022,Expense,entertainment,1178.0,CASH,AHM,No Notes
T2181,U008,08-03-2021,Expense,Educaton,1247.0,Bank Transfer,bangalore,No Notes
T6108,U032,01-08-2021,Expense,TRAVEL,9995.0,Bank_Transfer,Ahmedabad,Internet bill
T6592,U081,06/02/2024,Expense,Utilties,8982.0,card,PUNE,Uber ride
T4745,U036,07/09/2024,Expense,Foodd,4067.0,CARD,MUM,Petrol
T6177,U119,12/09/2024,Expense,Utilities,7316.0,CASH,AHM,Doctor consultation
T11297,U036,08-05-22,Income,Bonus,57598.0,Csh,BANGALORE,...
T5847,U083,2022-10-11,Expense,Foodd,3952.0,card,bangalore,Online course
T2364,U080,2024-03-11,Expense,entertainment,5302.0,BankTransfer,CHENNAI,misc
T9990,U056,2023-10-13,Expense,Travel,6661.0,UPi,DEL,Train ticket
T7266,U005,07-01-21,Expense,Rnt,3753.0,bank transfer,Unknown,Train ticket
T4408,U094,2022-07-20,Expense,Utilities,5193.0,Upi,Chennai,Electricity bill
T0827,U071,2023-04-10,Expense,Educaton,5369.0,Crd,MUMBAI,Uber ride
T7582,U033,2024-09-07,Expense,Educaton,6956.0,Csh,MUM,ATM withdrawal
T4539,U040,2021-07-19,Income,Salary,61212.0,Card,bangalore,Fixed deposit
T12033,U093,2024-07-26,Expense,utilities,591.0,upi,DEL,EMI payment
T11927,U044,18-10-21,Expense,RENT,7690.0,card,HYD,Uber ride
T8517,U064,2023-05-30,Expense,rent,8249.0,CASH,chennai,!!!
T10895,U099,05/06/2021,Expense,Foods,4805.0,CASH,mumbai,Train ticket
T7844,U097,2023-01-22,Expense,Travel,1681.0,,jaipur,Books
T5937,U061,09/17/2021,Expense,Educaton,2282.0,CARD,Kolkata,Internet bill
T9864,U146,07/03/2022,Expense,Travel,8979.0,UPi,HYDERABAD,Train ticket
T0343,U043,10-10-22,Expense,travel,9603.0,Upi,PUNE,No Notes
T5662,U084,19-03-22,Expense,Travel,6809.0,Crd,DEL,!!!
T0594,U011,03/08/2022,Expense,RENT,4766.0,card,Kolkata,Movie tickets
T2718,U049,2022-03-12,Expense,health,7085.0,upi,jaipur,Doctor consultation
T4998,U098,2021-11-05,Expense,RENT,1426.0,CRD,LUCKNOW,Coffee
T13731,U037,04/30/2021,Expense,Entrtnmnt,202.0,UPI,LUC,No Notes
T2066,U147,2022-04-14,Expense,rent,7151.0,Csh,Unknown,No Notes
T0604,U056,25-05-2022,Expense,Education,8044.0,,CHE,Uber ride
T6407,U139,2023-10-23,Expense,Entertainment,8002.0,cash,Unknown,EMI payment
T5977,U149,09/30/2021,Expense,travel,7004.0,upi,mumbai,Shopping
T4736,U017,2021-06-09,Expense,RENT,6771.0,CARD,Chennai,Lunch
T6612,U143,2021-04-27,Expense,Savings,9508.0,Upi,CHENNAI,Movie tickets
T5248,U087,16-03-22,Income,Bonus,74317.0,CARD,CHENNAI,Movie tickets
T3864,U141,17-08-23,Expense,Educaton,2218.0,Card,MUM,Shopping
T10928,U086,2022-04-12,Expense,Foodd,4550.0,Bank Transfr,CHE,Shopping
T9815,U044,03/13/2021,Income,Investment,61917.0,card,PUN,Gym membership
T11905,U139,10/26/2022,Expense,HEALTH,8529.0,card,LUC,ATM withdrawal
T7415,U149,06/02/2022,Expense,health,5131.0,CASH,JAI,test
T2023,U107,2023-03-24,Expense,Foods,3585.0,CRD,Ahmedabad,Uber ride
T10797,U026,2021-08-23,Expense,Utilities,6343.0,CARD,Unknown,Medicine
T11210,U143,06-07-24,Expense,Travel,2895.0,Crd,CHENNAI,Medicine
T10527,U032,01/03/2024,Expense,Entertainment,5698.0,CRD,AHMEDABAD,Monthly rent payment
T4364,U095,10/21/2021,Expense,,3683.0,BankTransfer,LUCKNOW,Lunch
T4556,U102,03-11-23,Expense,utilities,6536.0,Crd,PUN,Electricity bill
T12581,U023,2022-11-18,Expense,TRAVEL,6220.0,Card,lucknow,No Notes
T6181,U133,11/15/2024,Expense,Helth,5009.0,,HYDERABAD,xyz123
T6299,U083,05/14/2024,Expense,Entertainment,9570.0,CASH,MUM,No Notes
T1428,U105,2023-10-26,Income,Bonus,46795.0,bank transfer,CHENNAI,No Notes
T0687,U031,2022-05-04,Expense,FOOD,753.0,CASH,PUN,Monthly rent payment
T8252,U088,04/24/2022,Expense,Traval,1969.0,CARD,BANGALORE,ATM withdrawal
T3100,U091,2023-10-24,Expense,travel,819.0,Bank_Transfer,LUCKNOW,ATM withdrawal
T2049,U089,09/12/2021,Expense,Utilties,4294.0,BankTransfer,Ahmedabad,No Notes
T12228,U072,11/26/2021,Expense,Entertain,8900.0,card,JAIPUR,xyz123
T3260,U148,05/14/2024,Expense,utilities,4170.0,Bank Transfer,PUN,Books
T8396,U128,03/03/2023,Expense,Others,4021.0,CASH,Ahmedabad,Gym membership
T12415,U053,05/12/2022,Income,Freelance,68861.0,CRD,Mumbai,misc
T12251,U050,23-04-2024,Expense,SAVINGS,5236.0,Csh,Lucknow,No Notes
T3896,U091,2023-07-31,Income,Bonus,58544.0,UPI,Chennai,Shopping
T5084,U061,12/10/2021,Expense,Utilities,3188.0,Bank_Transfer,hyderabad,ATM withdrawal
T0429,U097,10/14/2022,Income,Salary,48559.0,Csh,Jaipur,No Notes
T3055,U059,07/10/2024,Expense,rent,5192.0,UPI,CHENNAI,Lunch
T8907,U103,07/24/2024,Expense,FOOD,9879.0,Cash,PUN,!!!
T9655,U082,04/12/2023,Expense,Entrtnmnt,4902.0,upi,LUC,Shopping
T2569,U014,11-05-24,Expense,food,6228.0,UPi,Mumbai,EMI payment
T9937,U083,2024-11-20,Expense,Food,1518.0,BankTransfer,Kolkata,test
T10413,U119,07-11-23,Expense,RENT,5113.0,csh,lucknow,test
T7962,U057,2021-02-04,Expense,Rent,25973.0,Crd,Jaipur,Fixed deposit
T5008,U034,2024-02-17,Income,Investment,46868.0,cash,DEL,No Notes
T1758,U106,11/16/2022,Expense,TRAVEL,665.0,Csh,JAIPUR,Uber ride
T8257,U073,14-11-22,Expense,Savings,3271.0,UPi,AHMEDABAD,No Notes
T10296,U132,2023-06-01,Expense,Rnt,4265.0,Card,BAN,asdfgh
T1050,U067,11-09-2023,Expense,RENT,3750.0,Crd,Mumbai,No Notes
T5263,U124,03/01/2021,Expense,Rent,41711.0,Bank Transfer,Lucknow,Medicine
T9626,U108,22-01-21,Income,Investment,41892.0,card,kolkata,No Notes
T8542,U138,01/15/2022,Expense,food,7865.0,UPI,ahmedabad,Train ticket
T13072,U146,2022-04-25,Expense,Food,3287.0,csh,BAN,Medicine
T10598,U117,12/15/2023,Expense,Rent,11785.0,upi,bangalore,Train ticket
T3923,U001,2022-05-18,Expense,travel,7698.0,Upi,JAI,No Notes
T8107,U058,09-08-2021,Expense,Health,1704.0,UPI,Jaipur,No Notes
T5498,U063,05/21/2023,Income,Bonus,55974.0,CARD,BANGALORE,Doctor consultation
T13663,U020,11/11/2022,Expense,Savings,1625.0,Cash,Unknown,Movie tickets
T13902,U141,2023-04-14,Expense,Entertain,6453.0,Bank Transfer,AHMEDABAD,EMI payment
T6647,U119,29-06-24,Expense,Rentt,9954.0,Card,KOL,Gym membership
T13304,U101,02/27/2023,Expense,Foods,1953.0,card,CHENNAI,No Notes
T7160,U048,29-05-24,Expense,travel,4307.0,Upi,mumbai,Grocery shopping
T9328,U059,03/08/2024,Expense,Entertain,7414.0,UPi,Unknown,!!!
T11395,U034,14-12-2022,Expense,FOOD,911.0,UPi,AHM,Shopping
T5078,U117,03-01-2022,Expense,Entertainment,2810.0,Cash,DEL,test
T7627,U090,04/15/2021,Expense,,402.0,Bank Transfr,Ahmedabad,Internet bill
T2109,U011,04/08/2022,Expense,Travl,4696.0,csh,bangalore,Monthly rent payment
T6388,U095,02/18/2022,Expense,Travel,2184.0,Upi,JAIPUR,xyz123
T9250,U079,09/08/2024,Expense,Fod,3097.0,Bank Transfr,ahmedabad,!!!
T6071,U128,2021-09-11,Expense,Fod,2556.0,card,Unknown,No Notes
T5622,U073,03-01-24,Expense,Utility,2863.0,csh,pune,Books
T10534,U005,04/26/2021,Expense,Fod,3136.0,CASH,hyderabad,Grocery shopping
T3320,U063,2021-03-08,Expense,Rnt,5658.0,Cash,Delhi,Grocery shopping
T3473,U032,2021-06-24,Income,Freelance,37108.0,Card,Unknown,Movie tickets
T13965,U106,23-02-21,Expense,entertainment,8288.0,Bank Transfer,DEL,EMI payment
T1094,U024,2024-07-09,Expense,rent,9635.0,Bank_Transfer,Unknown,No Notes
T11003,U048,2023-11-09,Expense,Helth,8984.0,Upi,Unknown,test
T8896,U010,12/11/2022,Expense,Education,6414.0,CARD,Chennai,No Notes
T8306,U118,18-01-2023,Expense,Foods,142.0,Bank Transfr,delhi,xyz123
T11485,U125,02/10/2022,Expense,Rentt,48716.0,Bank Transfer,BAN,misc
T9313,U084,2022-11-05,Expense,,1938.0,CARD,LUC,Uber ride
T9344,U114,03/08/2022,Expense,Travl,9355.0,,KOL,asdfgh
T6176,U058,2022-08-05,Expense,entertainment,3689.0,UPi,mumbai,Restaurant dinner
T10651,U049,2024-03-28,Expense,utilities,4510.0,cash,Mumbai,xyz123
T7526,U054,2021-01-25,Income,,33737.0,upi,Unknown,Gym membership
T2303,U130,11/24/2024,Expense,Rent,46108.0,CRD,CHE,...
T13995,U092,14-07-23,Expense,Utility,2245.0,Upi,BAN,No Notes
T11494,U082,2021-06-21,Expense,Rent,15810.0,CARD,Ahmedabad,Internet bill
T3768,U149,10/24/2022,Expense,Rentt,41478.0,Upi,Ahmedabad,Restaurant dinner
T4533,U083,2022-07-05,Expense,Education,6632.0,Crd,JAI,xyz123
T12084,U091,04/12/2023,Expense,Traval,9583.0,Cash,Bangalore,ATM withdrawal
T4407,U081,2021-01-16,Income,Bonus,67519.0,Cash,HYDERABAD,Coffee
T6970,U049,2021-02-17,Expense,Utility,5501.0,cash,hyderabad,Uber ride
T2371,U065,08/16/2023,Expense,education,6671.0,Bank_Transfer,AHMEDABAD,misc
T5398,U127,16-12-2022,Expense,entertainment,8866.0,Upi,Bangalore,asdfgh
T8975,U049,2024-01-28,Expense,rent,291.0,Card,KOL,Fixed deposit
T4207,U037,2022-04-07,Expense,Entrtnmnt,736.0,Bank_Transfer,AHMEDABAD,test
T2826,U097,06/21/2022,Income,Bonus,77634.0,bank transfer,JAIPUR,...
T13486,U134,11/19/2023,Expense,Fod,2820.0,UPI,PUN,xyz123
T0809,U106,11/29/2023,Expense,Foods,3238.0,CARD,kolkata,...
T5108,U041,12-07-23,Expense,Foodd,4174.0,UPI,Hyderabad,ATM withdrawal
T9056,U060,28-08-24,Expense,EDU,9779.0,Card,DEL,Coffee
T6542,U057,02/06/2023,Expense,Rent,38925.0,CARD,KOL,Restaurant dinner
T2617,U044,2021-08-05,Expense,Fod,6131.0,csh,HYDERABAD,asdfgh
T2101,U150,2024-03-23,Expense,Food,4055.0,BankTransfer,LUCKNOW,Grocery shopping
T5331,U115,2024-09-03,Income,Investment,66078.0,,hyderabad,Books
T2435,U026,15-12-24,Expense,Rentt,38100.0,Bank Transfer,lucknow,Fixed deposit
T11985,U139,06/30/2022,Income,Salary,23045.0,CARD,HYD,Doctor consultation
T2953,U129,23-07-21,Expense,Food,2061.0,Crd,DEL,Shopping
T7745,U111,10/09/2022,Expense,education,7614.0,CARD,Unknown,Movie tickets
T4753,U064,26-07-23,Income,Salary,68569.0,Card,bangalore,Online course
T2721,U092,2021-10-16,Expense,RENT,3475.0,Crd,Chennai,EMI payment
T7183,U092,14-02-2021,Expense,Food,1029.0,BankTransfer,Ahmedabad,Fixed deposit
T13855,U106,17-08-24,Income,Others,38785.0,card,Lucknow,Shopping
T4762,U092,01/19/2021,Expense,Travl,2460.0,csh,hyderabad,No Notes
T7374,U107,15-08-23,Expense,Rentt,41884.0,CRD,Delhi,ATM withdrawal
T5566,U080,24-11-21,Expense,Foods,3343.0,,KOL,test
T8459,U085,2023-12-01,Expense,utilities,5105.0,CRD,pune,No Notes
T6382,U149,08/25/2024,Income,Investment,63088.0,CASH,Pune,Online course
T10663,U011,06/14/2022,Expense,Rent,48891.0,CASH,Chennai,No Notes
T11866,U091,26-02-23,Expense,Utlities,6326.0,card,kolkata,No Notes
T7898,U046,2021-04-09,Expense,utilities,9174.0,Bank_Transfer,HYD,EMI payment
T0002,U072,14-01-21,Expense,Saving,5614.0,Upi,ahmedabad,Restaurant dinner
T7930,U032,2022-05-05,Expense,Utilties,8883.0,UPI,DEL,Electricity bill
T6012,U052,02/27/2023,Expense,RENT,4328.0,card,Bangalore,Coffee
T6835,U040,11/19/2022,Expense,Travel,6716.0,UPI,PUNE,Online course
T8370,U114,2021-02-06,Expense,Foods,3080.0,UPi,Pune,Gym membership
T5306,U139,08-12-2021,Expense,Rentt,8303.0,Bank Transfr,Ahmedabad,EMI payment
T6260,U117,25-05-23,Income,Others,74547.0,Crd,BANGALORE,No Notes
T6169,U002,26-10-23,Expense,food,9131.0,,Chennai,!!!
T8991,U083,22-11-21,Expense,FOOD,1061.0,Card,CHENNAI,Lunch
T10123,U019,30-12-23,Income,Bonus,66713.0,card,Delhi,No Notes
T2884,U083,04/30/2024,Expense,Education,2245.0,Bank_Transfer,CHENNAI,No Notes
T9921,U105,2021-11-18,Expense,Foods,3300.0,CARD,AHM,Online course
T6547,U036,2021-11-25,Expense,travel,8371.0,Card,Lucknow,No Notes
T13706,U128,08/18/2024,Expense,Food,2528.0,Bank Transfer,Kolkata,No Notes
T11010,U044,2023-11-29,Expense,Utlities,2047.0,CARD,Mumbai,Shopping
T2071,U041,04/01/2022,Expense,Rnt,1291.0,bank transfer,lucknow,Gym membership
T1638,U017,18-08-2023,Expense,Utility,133.0,Bank Transfer,Unknown,Coffee
T12696,U126,01/28/2022,Expense,food,1500.0,Bank_Transfer,Bangalore,xyz123
T7605,U132,2022-10-01,Expense,Entertainment,1461.0,UPi,JAIPUR,Electricity bill
T13554,U137,09/05/2024,Expense,,6098.0,Bank Transfer,Unknown,Train ticket
T6234,U076,04-06-21,Expense,food,4511.0,UPI,LUCKNOW,Restaurant dinner
T6038,U045,2023-02-25,Expense,Utilities,7793.0,Bank Transfr,lucknow,Gym membership
T0560,U021,03/07/2021,Expense,Foods,3319.0,Upi,PUN,No Notes
T5083,U117,2022-12-14,Expense,FOOD,8886.0,Cash,Delhi,misc
T5804,U014,03/12/2022,Expense,Travl,4562.0,Crd,AHM,Lunch
T7027,U042,12/11/2022,Expense,SAVINGS,4995.0,Crd,JAIPUR,No Notes
T1808,U033,05/27/2024,Expense,TRAVEL,2733.0,Upi,Kolkata,No Notes
T11599,U135,2024-09-28,Expense,Educaton,6845.0,CRD,delhi,Online course
T0064,U122,2021-06-24,Expense,entertainment,9708.0,bank transfer,PUN,Electricity bill
T10125,U009,20-09-23,Expense,Utlities,531.0,csh,HYDERABAD,Medicine
T2175,U098,2022-07-31,Expense,Foods,999999.0,CASH,Lucknow,Doctor consultation
T9048,U053,2024-04-13,Expense,Travl,8575.0,Bank Transfer,Hyderabad,Coffee
T12885,U066,02/22/2023,Income,Salary,25235.0,UPI,JAI,test
T5662,U088,01-08-21,Expense,education,1377.0,bank transfer,BAN,Coffee
T7350,U141,2023-05-02,Expense,Traval,3057.0,Cash,DEL,!!!
T9624,U111,2021-12-08,Expense,Utilties,6926.0,cash,bangalore,Fixed deposit
T10425,U118,02-05-22,Income,Investment,65591.0,Bank_Transfer,KOLKATA,Coffee
T7801,U023,2024-10-18,Expense,Foodd,1783.0,Cash,KOL,Internet bill
T12584,U092,2021-06-10,Expense,entertainment,2235.0,CASH,LUCKNOW,No Notes
T7537,U032,2022-04-27,Expense,entertainment,5707.0,Bank Transfr,PUN,Grocery shopping
T3744,U003,21-12-2022,Income,Salary,79336.0,Csh,lucknow,Coffee
T3120,U134,28-10-2023,Expense,Utilties,1316.0,Crd,Hyderabad,Doctor consultation
T8300,U055,02-05-21,Expense,Utlities,5389.0,Bank Transfr,Hyderabad,Monthly rent payment
T6034,U003,2024-12-29,Income,Bonus,25582.0,BankTransfer,LUCKNOW,Shopping
T12278,U002,19-03-23,Expense,Utilties,1859.0,bank transfer,mumbai,Uber ride
T6618,U149,2024-08-22,Income,Freelance,26401.0,,KOLKATA,EMI payment
T0959,U102,2024-01-27,Expense,FOOD,4058.0,card,Lucknow,ATM withdrawal
T1439,U063,2024-08-12,Expense,FOOD,6313.0,,Unknown,EMI payment
T10941,U016,09/01/2024,Expense,Entrtnmnt,6500.0,Cash,Unknown,xyz123
T0463,U015,08-11-22,Expense,FOOD,999999.0,CRD,AHMEDABAD,!!!
T12196,U070,2021-07-29,Expense,FOOD,9391.0,Csh,Bangalore,asdfgh
T8054,U127,13-06-22,Expense,entertainment,7199.0,CRD,KOL,Gym membership
T0675,U132,2021-10-20,Expense,FOOD,1824.0,Upi,ahmedabad,Lunch
T2535,U097,09/20/2022,Expense,Savings,3941.0,upi,DELHI,!!!
T2021,U007,2024-08-20,Expense,Food,4861.0,csh,jaipur,Coffee
T12823,U011,2022-01-26,Income,Salary,13042.0,,Kolkata,!!!
T12166,U127,2022-04-15,Expense,Utilties,7423.0,Bank_Transfer,HYD,Grocery shopping
T2961,U018,29-09-24,Expense,Foods,704.0,Csh,kolkata,EMI payment
T1156,U023,26-11-23,Expense,Utilties,2835.0,Upi,Unknown,xyz123
T2582,U121,06/19/2022,Income,Others,77097.0,cash,AHMEDABAD,No Notes
T13980,U056,03/09/2024,Expense,others,9513.0,Bank Transfer,LUC,!!!
T12055,U039,10-03-23,Expense,Utlities,3100.0,,chennai,Fixed deposit
T2034,U083,2022-08-13,Expense,Foods,1883.0,Card,Mumbai,No Notes
T6218,U005,01/18/2024,Expense,RENT,7178.0,upi,MUM,Lunch
T4581,U002,2021-09-08,Expense,FOOD,1012.0,CRD,bangalore,Movie tickets
T12483,U103,2023-02-20,Expense,Traval,615.0,cash,Pune,Medicine
T3680,U136,09/24/2022,Expense,Rnt,9942.0,Cash,Lucknow,Doctor consultation
T1979,U119,05/29/2022,Expense,Foodd,251.0,UPi,Ahmedabad,Train ticket
T10726,U009,2022-10-01,Expense,Fod,1687.0,Bank_Transfer,KOL,Movie tickets
T13175,U085,2022-12-25,Expense,Food,2143.0,Bank_Transfer,chennai,!!!
T3987,U086,01-04-24,Expense,health,8368.0,Bank Transfr,hyderabad,Restaurant dinner
T13353,U131,09/05/2023,Expense,education,9955.0,Card,delhi,Online course
T4135,U077,09-09-2021,Expense,OTHERS,1635.0,upi,Bangalore,...
T2411,U040,2021-08-11,Expense,FOOD,2076.0,Upi,bangalore,Coffee
T7142,U116,2022-06-12,Expense,Entrtnmnt,2131.0,UPi,JAIPUR,Monthly rent payment
T1484,U075,03/31/2023,Expense,Foods,4300.0,Bank Transfer,CHE,test
T10655,U115,06-07-24,Expense,Saving,5251.0,upi,KOL,No Notes
T12726,U078,02-12-23,Expense,Entertainment,1487.0,Bank Transfr,delhi,!!!
T11691,U073,2023-10-31,Expense,Traval,4222.0,Cash,pune,EMI payment
T13232,U060,2023-02-04,Expense,Rent,45594.0,Upi,Jaipur,No Notes
T9847,U110,12/07/2024,Expense,Health,8327.0,Upi,CHENNAI,Doctor consultation
T11336,U035,10/09/2022,Expense,Fod,7139.0,bank transfer,HYDERABAD,Doctor consultation
T13332,U139,08/11/2024,Expense,rent,2218.0,Crd,CHE,Petrol
T10573,U086,30-10-21,Expense,Rentt,48718.0,upi,Unknown,Movie tickets
T8389,U023,13-01-21,Expense,Traval,4914.0,,Chennai,xyz123
T9107,U141,06/03/2022,Expense,rent,4746.0,bank transfer,LUC,Electricity bill
T8118,U096,2023-11-06,Expense,Traval,6396.0,Upi,pune,Online course
T1480,U046,2022-10-02,Expense,entertainment,159.0,Upi,Unknown,No Notes
T11238,U030,07-12-23,Expense,Fod,4431.0,Cash,jaipur,Shopping
T7959,U142,2021-02-14,Expense,Rnt,955.0,,MUM,Books
T0227,U073,03/20/2022,Income,Freelance,28705.0,Crd,Kolkata,Petrol
T7319,U022,2022-12-03,Expense,Rent,41744.0,,Ahmedabad,Fixed deposit
T5811,U053,2023-08-01,Expense,Rentt,38339.0,UPI,JAIPUR,Books
T3502,U078,2023-05-19,Expense,rent,2197.0,upi,LUC,Books
T5241,U129,2022-12-01,Expense,HEALTH,1956.0,Crd,DELHI,Gym membership
T13409,U113,29-02-24,Income,Freelance,24573.0,UPI,chennai,Movie tickets
T12063,U120,10-11-22,Expense,Rnt,747.0,Upi,LUC,Shopping
T5378,U028,2024-11-17,Expense,RENT,3355.0,Crd,HYDERABAD,No Notes
T11885,U105,30-05-22,Expense,Entertainment,3921.0,Upi,DELHI,xyz123
T10104,U070,2023-05-03,Expense,Food,1337.0,upi,JAIPUR,Electricity bill
T1983,U026,10/29/2023,Expense,education,6107.0,Bank_Transfer,KOLKATA,Books
T11310,U137,18-05-21,Expense,Foods,2853.0,Bank Transfr,jaipur,xyz123
T6860,U093,2022-07-12,Expense,Foodd,598.0,CARD,hyderabad,Monthly rent payment
T3408,U102,11/10/2024,Expense,Saving,9429.0,CARD,Hyderabad,Doctor consultation
T4100,U038,2023-06-28,Expense,Fod,1028.0,csh,PUNE,Monthly rent payment
T0051,U112,21-07-24,Expense,food,853.0,Bank Transfr,PUNE,Train ticket
T6957,U147,02/16/2023,Expense,Utilities,5591.0,bank transfer,jaipur,Coffee
T13235,U049,2024-08-22,Expense,Entertainment,1720.0,CRD,BANGALORE,Petrol
T9753,U096,2022-07-23,Expense,Travel,9213.0,BankTransfer,lucknow,asdfgh
T9320,U124,2021-02-03,Income,Salary,30880.0,,JAIPUR,EMI payment
T3295,U130,05-12-22,Expense,Entrtnmnt,9184.0,CASH,JAI,Gym membership
T1878,U048,2021-09-19,Expense,EDU,6133.0,CARD,MUMBAI,Lunch
T8886,U027,2022-01-25,Expense,,1812.0,card,Unknown,misc
T10324,U092,06-12-23,Income,Bonus,71351.0,Bank Transfer,HYD,Online course
T3063,U133,12/27/2021,Expense,Utlities,855.0,csh,Delhi,Medicine
T12832,U074,2023-12-20,Expense,Food,2857.0,Upi,JAIPUR,Fixed deposit
T12331,U103,27-01-23,Expense,Utilities,4267.0,CRD,pune,Gym membership
T13737,U069,24-07-21,Expense,Rentt,41859.0,card,ahmedabad,Monthly rent payment
T13366,U019,01/09/2024,Expense,Travel,7696.0,cash,LUC,Grocery shopping
T10890,U125,2024-01-09,Expense,Rent,35329.0,csh,CHENNAI,Electricity bill
T11456,U143,24-10-23,Expense,Entertain,1548.0,BankTransfer,KOLKATA,No Notes
T4942,U034,2022-08-23,Expense,Food,2136.0,Upi,BANGALORE,...
T5978,U137,07-11-2024,Expense,Rent,21375.0,CRD,Bangalore,Lunch
T9239,U036,2021-01-08,Expense,Rnt,6130.0,Bank Transfer,PUNE,Books
T5774,U045,13-03-2021,Income,Salary,57697.0,Crd,AHMEDABAD,misc
T9418,U116,2023-10-07,Income,Investment,55602.0,Csh,Unknown,misc
T13114,U003,2024-05-20,Expense,utilities,7693.0,CARD,Unknown,Gym membership
T8166,U125,2024-12-26,Expense,education,9963.0,,HYD,Internet bill
T12321,U138,10/31/2022,Income,Salary,11202.0,UPi,Lucknow,Train ticket
T5190,U144,2022-09-29,Expense,EDU,2141.0,Bank Transfer,AHMEDABAD,test
T4544,U016,12/03/2024,Expense,Travl,4128.0,CARD,MUMBAI,xyz123
T5790,U027,20-12-21,Expense,Rentt,35263.0,Crd,CHENNAI,Lunch
T0031,U040,08/28/2023,Expense,RENT,2849.0,CRD,mumbai,EMI payment
T0665,U039,2021-05-30,Expense,Rnt,6677.0,Cash,PUN,Shopping
T5635,U038,03/17/2022,Expense,Travel,3299.0,CARD,Unknown,misc
T9237,U126,23-08-2023,Expense,Utility,8911.0,Crd,Unknown,Lunch
T12941,U048,16-08-24,Expense,rent,2066.0,Upi,Delhi,Uber ride
T0603,U024,14-11-2022,Expense,Entertainment,6032.0,Bank Transfr,BANGALORE,misc
T13930,U104,19-07-24,Expense,Rentt,11352.0,Upi,Unknown,No Notes
T7734,U106,17-10-2022,Expense,health,8537.0,cash,BAN,test
T12338,U102,06-07-24,Expense,Utilities,1759.0,Bank_Transfer,BANGALORE,Doctor consultation
T4451,U046,06-09-23,Expense,Travel,3152.0,CARD,Pune,Electricity bill
T7151,U132,27-10-22,Expense,Foodd,499.0,UPi,KOLKATA,Medicine
T13426,U015,2024-05-12,Expense,Helth,1971.0,Cash,Pune,Gym membership
T9322,U129,2021-02-02,Expense,Education,6905.0,Upi,jaipur,No Notes
T8988,U039,2023-11-11,Expense,Savings,7662.0,upi,Kolkata,Lunch
T7753,U013,13-06-24,Expense,Rentt,7492.0,CASH,Mumbai,Uber ride
T4298,U053,2023-01-20,Expense,,5121.0,,Chennai,Medicine
T1005,U137,12/06/2023,Income,Freelance,897178.0,Card,MUMBAI,No Notes
T12234,U106,10-04-2022,Expense,Foods,2973.0,Upi,HYD,Gym membership
T3560,U067,03-08-22,Expense,Savings,965.0,Bank Transfer,JAIPUR,Gym membership
T7195,U004,05/27/2023,Expense,Foods,3678.0,cash,DEL,ATM withdrawal
T4897,U071,19-07-2024,Income,Others,39654.0,bank transfer,Hyderabad,test
T13676,U055,2022-05-11,Expense,Education,251.0,Bank Transfer,LUCKNOW,Coffee
T0414,U102,14-10-21,Income,Freelance,51720.0,UPi,Hyderabad,No Notes
T7140,U049,02/14/2021,Expense,RENT,1358.0,Upi,mumbai,xyz123
T7484,U139,15-01-22,Expense,Rentt,46926.0,BankTransfer,chennai,Electricity bill
T6756,U002,2021-03-23,Expense,TRAVEL,6785.0,upi,mumbai,misc
T10367,U115,02/04/2021,Income,Bonus,26509.0,Bank_Transfer,LUC,test
T2116,U115,2024-04-07,Expense,Utilities,1904.0,csh,Mumbai,Grocery shopping
T9333,U135,2024-10-02,Expense,TRAVEL,7390.0,Upi,delhi,Online course
T1267,U072,30-03-2024,Expense,Foods,3371.0,Bank Transfr,lucknow,EMI payment
T3045,U013,2023-09-09,Expense,EDU,7329.0,Crd,KOLKATA,Restaurant dinner
T12991,U090,2024-01-08,Expense,food,5447.0,Cash,Mumbai,No Notes
T13624,U116,2021-02-21,Expense,health,6892.0,Bank_Transfer,AHMEDABAD,No Notes
T1759,U026,2022-03-30,Expense,Foodd,3463.0,Upi,MUM,Grocery shopping
T12592,U024,04/13/2023,Expense,Rnt,250.0,csh,Unknown,Monthly rent payment
T12493,U140,05/12/2024,Expense,Travl,2304.0,Upi,KOL,Petrol
T5744,U024,2024-08-02,Expense,Foods,2768.0,bank transfer,PUN,Shopping
T0936,U071,02/02/2024,Expense,TRAVEL,1700.0,CASH,pune,Train ticket
T3161,U027,03-01-21,Expense,RENT,5663.0,bank transfer,pune,Grocery shopping
T3087,U082,06/10/2024,Expense,Other,9921.0,bank transfer,AHM,Shopping
T0155,U020,09/02/2021,Income,Bonus,19034.0,Upi,ahmedabad,Grocery shopping
T4565,U143,2024-05-03,Expense,food,6257.0,CARD,Ahmedabad,Doctor consultation
T4112,U085,25-07-2023,Expense,Educaton,5168.0,CARD,HYDERABAD,No Notes
T11556,U083,2022-05-16,Expense,Travel,9973.0,Upi,Lucknow,Online course
T6418,U038,2024-03-06,Expense,Helth,8135.0,CASH,mumbai,Monthly rent payment
T7611,U106,26-11-2022,Income,Bonus,44351.0,BankTransfer,PUN,Gym membership
T9496,U041,06/18/2023,Expense,FOOD,3421.0,cash,Pune,Shopping
T3818,U009,2021-08-24,Expense,travel,6831.0,Upi,HYDERABAD,Monthly rent payment
T11758,U041,2021-11-30,Expense,food,3491.0,Bank Transfer,kolkata,!!!
T13433,U042,04/13/2021,Expense,Rentt,35791.0,cash,PUNE,EMI payment
T5325,U009,23-07-23,Expense,Travel,7727.0,UPI,JAI,Monthly rent payment
T1622,U108,25-09-2023,Expense,Utlities,2133.0,Upi,Pune,...
T0969,U033,2021-01-27,Expense,Entrtnmnt,2545.0,bank transfer,Bangalore,Movie tickets
T7754,U088,2022-04-09,Expense,SAVINGS,9507.0,Bank Transfer,JAI,Doctor consultation
T12897,U040,2022-06-25,Expense,Travl,8851.0,UPI,Ahmedabad,Grocery shopping
T4472,U134,2024-10-28,Income,Investment,67602.0,,Unknown,asdfgh
T6521,U016,2021-05-06,Income,Investment,31110.0,BankTransfer,MUMBAI,Restaurant dinner
T2384,U125,2022-08-31,Expense,Travel,6249.0,bank transfer,Unknown,Train ticket
T2345,U131,23-08-21,Expense,Traval,4395.0,Bank Transfr,JAIPUR,...
T5209,U023,02-11-22,Expense,Entertain,9057.0,UPi,delhi,No Notes
T5373,U052,11-08-22,Expense,Fod,9764.0,upi,lucknow,No Notes
T12062,U075,05/09/2021,Expense,Educaton,7914.0,Card,pune,No Notes
T5136,U134,25-02-2024,Expense,Entertainment,9270.0,Bank_Transfer,CHE,!!!
T5587,U105,12/06/2023,Income,Others,44152.0,UPi,LUC,Internet bill
T5807,U059,03/04/2021,Expense,travel,594.0,CARD,CHENNAI,No Notes
T9066,U052,2023-02-15,Expense,EDU,3955.0,bank transfer,KOLKATA,Restaurant dinner
T12268,U117,01-12-2021,Expense,entertainment,3201.0,upi,Delhi,Restaurant dinner
T10520,U106,03-04-24,Expense,Foodd,4094.0,upi,Lucknow,Monthly rent payment
T10874,U104,27-05-23,Expense,Educaton,8847.0,Upi,DEL,No Notes
T2534,U017,28-07-23,Income,Investment,19860.0,Bank_Transfer,MUM,Train ticket
T1129,U021,02/02/2022,Expense,Travel,4871.0,Bank Transfr,kolkata,xyz123
T0120,U126,07-08-24,Expense,food,9054.0,csh,Unknown,Electricity bill
T8807,U018,01/24/2022,Expense,Food,3945.0,CASH,hyderabad,Monthly rent payment
T1587,U012,2023-06-29,Expense,TRAVEL,3525.0,CARD,DELHI,Movie tickets
T9295,U082,2021-06-05,Expense,Utilties,4275.0,CASH,Pune,Movie tickets
T7333,U049,11/15/2022,Expense,Rentt,34124.0,card,KOLKATA,...
T1603,U055,01-01-23,Expense,Traval,3714.0,UPi,mumbai,EMI payment
T3461,U148,2021-10-21,Income,Investment,67320.0,bank transfer,Jaipur,Gym membership
T3602,U143,2021-02-24,Income,Salary,18584.0,csh,Mumbai,...
T3893,U002,2021-11-29,Expense,Helth,8193.0,bank transfer,Bangalore,xyz123
T1762,U019,10-03-2022,Expense,Health,4322.0,Upi,hyderabad,Medicine
T9674,U047,26-02-24,Expense,Rent,29178.0,cash,DELHI,Monthly rent payment
T8178,U121,07/19/2024,Income,Investment,29039.0,UPi,CHE,No Notes
T5268,U135,05-09-24,Expense,Utility,499.0,Cash,Unknown,No Notes
T6649,U026,2021-06-01,Expense,Foods,324.0,bank transfer,CHENNAI,Books
T11447,U035,02/18/2021,Expense,EDU,999999.0,upi,lucknow,Train ticket
T6175,U103,23-04-2022,Expense,Rentt,39157.0,upi,Unknown,!!!
T12383,U065,2023-08-19,Expense,Rnt,4351.0,,LUC,Train ticket
T0536,U125,2021-06-06,Expense,Entertain,3045.0,Cash,HYDERABAD,No Notes
T1510,U042,2021-08-09,Expense,Food,1226.0,Upi,MUM,No Notes
T11192,U108,18-12-24,Expense,Rentt,31006.0,card,Unknown,misc
T7312,U038,07/17/2023,Expense,Food,1680.0,Card,KOL,No Notes
T2812,U122,01/25/2022,Expense,Education,8142.0,Card,BAN,Internet bill
T10950,U018,2021-01-07,Expense,Foodd,3054.0,csh,CHE,No Notes
T2937,U123,2021-08-18,Expense,RENT,8424.0,CASH,AHM,Electricity bill
T2787,U100,07/28/2021,Expense,Entertainment,7837.0,UPi,Delhi,No Notes
T3114,U105,09/26/2024,Expense,FOOD,1652.0,cash,JAI,Electricity bill
T4288,U019,09/20/2024,Income,Bonus,59781.0,Cash,Unknown,Internet bill
T2515,U011,2024-03-09,Expense,Entrtnmnt,8617.0,bank transfer,Kolkata,Doctor consultation
T7347,U142,08/09/2021,Expense,rent,5656.0,bank transfer,DEL,Petrol
T9096,U086,21-03-23,Expense,savings,7072.0,Bank_Transfer,Unknown,...
T0544,U117,05-08-2024,Expense,TRAVEL,3770.0,UPi,delhi,Medicine
T13465,U005,14-07-2023,Expense,Fod,9467.0,Bank_Transfer,bangalore,Doctor consultation
T0109,U039,12/02/2023,Expense,Travl,8461.0,BankTransfer,JAI,No Notes
T13307,U028,2024-01-01,Expense,Entertain,7081.0,CRD,Mumbai,test
T6975,U047,2024-12-16,Expense,Travel,1405.0,Bank Transfr,Pune,!!!
T8801,U137,2023-02-25,Income,Bonus,58338.0,upi,CHENNAI,Movie tickets
T2329,U083,06/20/2023,Expense,EDU,6671.0,Bank Transfr,MUM,xyz123
T6667,U083,14-09-24,Expense,Education,3442.0,bank transfer,Hyderabad,Uber ride
T5789,U145,11/18/2024,Expense,Fod,6677.0,CASH,BAN,Monthly rent payment
T12254,U147,2024-07-30,Expense,Utility,6722.0,,jaipur,No Notes
T6552,U126,09/22/2021,Expense,Utility,7339.0,bank transfer,Chennai,Grocery shopping
T1649,U060,2022-06-13,Expense,Entertain,8613.0,CARD,BAN,No Notes
T12228,U145,2024-05-13,Income,Freelance,52361.0,CASH,JAIPUR,asdfgh
T5161,U136,03/17/2023,Expense,rent,1033.0,Csh,Delhi,Lunch
T10844,U044,07/16/2024,Expense,Rnt,2822.0,Cash,KOLKATA,No Notes
T0656,U019,08/27/2021,Expense,Fod,8082.0,CASH,Chennai,No Notes
T2795,U046,10-03-2024,Income,Bonus,60071.0,upi,hyderabad,Monthly rent payment
T7304,U107,24-10-23,Income,Freelance,17348.0,UPI,lucknow,Gym membership
T1535,U002,14-06-21,Expense,Savings,5452.0,Bank Transfr,Kolkata,Online course
T12923,U031,08/10/2022,Expense,Rentt,25193.0,Upi,KOL,No Notes
T8586,U014,26-07-21,Income,Freelance,12511.0,upi,Ahmedabad,Movie tickets
T11602,U006,2021-03-29,Expense,entertainment,5625.0,cash,Bangalore,Shopping
T12018,U075,2023-04-06,Expense,TRAVEL,503.0,Card,chennai,...
T8733,U013,12/02/2021,Income,Freelance,31340.0,csh,ahmedabad,Online course
T7158,U041,2021-07-17,Expense,Foodd,2467.0,Bank Transfer,pune,Coffee
T13066,U048,01/06/2022,Expense,RENT,6347.0,Bank Transfr,KOLKATA,xyz123
T0461,U028,2021-12-07,Expense,Entertainment,9695.0,Cash,Mumbai,Uber ride
T3427,U093,07-06-2023,Income,Salary,23554.0,cash,Unknown,No Notes
T0530,U026,2021-08-01,Expense,Food,4512.0,Csh,chennai,Gym membership
T12741,U013,27-09-2023,Income,Freelance,63400.0,BankTransfer,Bangalore,Uber ride
T11275,U131,03/23/2023,Expense,Rnt,8441.0,Bank Transfr,kolkata,asdfgh
T4885,U131,2022-05-18,Expense,TRAVEL,7769.0,card,chennai,misc
T1429,U021,23-10-22,Expense,Utility,8340.0,bank transfer,Delhi,ATM withdrawal
T13002,U086,08/19/2021,Expense,RENT,8603.0,BankTransfer,kolkata,No Notes
T12379,U081,03/22/2024,Income,Others,57074.0,upi,PUNE,Coffee
T1240,U035,2021-07-01,Expense,food,3815.0,UPI,Kolkata,Internet bill
T10460,U054,2023-05-11,Expense,RENT,5030.0,UPi,AHM,Uber ride
T12883,U068,12/24/2021,Expense,EDU,5748.0,CRD,Chennai,Movie tickets
T13092,U122,04/22/2022,Expense,FOOD,4141.0,CRD,pune,test
T12754,U055,2021-06-04,Expense,RENT,8246.0,Bank Transfer,PUNE,asdfgh
T8971,U091,2021-03-09,Expense,Educaton,8853.0,CASH,AHMEDABAD,Grocery shopping
T9435,U054,06-07-2023,Income,Salary,28328.0,card,CHENNAI,Lunch
T11703,U019,05/01/2022,Income,Salary,59002.0,Upi,KOLKATA,Doctor consultation
T13553,U069,2022-11-06,Expense,savings,7176.0,csh,delhi,Movie tickets
T5729,U050,2022-04-01,Expense,,5463.0,card,Mumbai,ATM withdrawal
T0791,U054,2024-09-05,Expense,Others,4231.0,bank transfer,Hyderabad,...
T5499,U101,20-02-22,Expense,Traval,5714.0,CRD,Lucknow,Lunch
T6087,U012,30-08-22,Expense,RENT,8709.0,Card,chennai,No Notes
T9936,U029,27-11-2022,Expense,Utlities,3855.0,Bank Transfer,Delhi,Medicine
T0141,U033,2021-09-29,Expense,EDU,9560.0,Cash,kolkata,misc
T4893,U066,2021-12-29,Income,Salary,73476.0,csh,Ahmedabad,No Notes
T13407,U074,2023-09-08,Expense,Entertain,7877.0,CARD,Delhi,Petrol
T13344,U128,02/11/2021,Expense,Rent,22993.0,Bank_Transfer,Unknown,Electricity bill
T0398,U081,12/03/2021,Expense,entertainment,1047.0,UPi,JAI,EMI payment
T1103,U067,05-04-2021,Expense,education,6964.0,Cash,hyderabad,Internet bill
T3480,U067,2023-11-25,Income,Others,72320.0,Cash,PUN,...
T6410,U097,01-02-2022,Income,Others,60799.0,upi,HYDERABAD,No Notes
T3830,U015,2022-06-22,Expense,Foodd,1506.0,bank transfer,lucknow,Coffee
T9545,U042,2023-05-02,Expense,Foods,786.0,Bank Transfr,lucknow,Books
T13862,U108,24-01-2023,Expense,,1041.0,UPI,Mumbai,Medicine
T6052,U116,06/23/2023,Expense,Savings,636.0,cash,Kolkata,xyz123
T0212,U072,26-11-2022,Expense,Utility,3170.0,UPI,delhi,No Notes
T13456,U122,2023-08-05,Expense,food,7457.0,card,Unknown,Lunch
T10642,U064,2022-10-13,Expense,Foodd,1739.0,card,LUCKNOW,No Notes
T7776,U004,27-06-23,Expense,Foods,2955.0,,Chennai,EMI payment
T7871,U003,2023-09-19,Income,Bonus,41293.0,Card,delhi,Medicine
T7138,U024,15-08-23,Income,Others,46066.0,bank transfer,HYD,Gym membership
T6376,U069,2021-05-22,Expense,Utilties,8255.0,Bank Transfer,ahmedabad,Electricity bill
T1344,U127,14-03-23,Expense,Travel,7648.0,,LUCKNOW,ATM withdrawal
T9547,U147,16-09-24,Expense,RENT,5797.0,Csh,Ahmedabad,Train ticket
T9916,U107,2023-02-26,Expense,food,8521.0,Cash,chennai,Medicine
T13502,U092,2023-09-15,Expense,EDU,8419.0,BankTransfer,AHMEDABAD,No Notes
T13281,U149,30-07-23,Expense,Foodd,2748.0,CRD,KOLKATA,xyz123
T9068,U042,08-05-23,Income,Freelance,30605.0,bank transfer,Ahmedabad,Coffee
T3650,U087,12/11/2024,Income,Investment,61108.0,bank transfer,Kolkata,Books
T12341,U068,07-09-21,Expense,Rnt,6586.0,csh,MUM,EMI payment
T6075,U100,07/24/2023,Expense,rent,7270.0,,pune,No Notes
T0232,U106,02/16/2024,Expense,food,9564.0,cash,BANGALORE,Movie tickets
T8315,U107,11/05/2021,Expense,Utlities,3928.0,upi,mumbai,Shopping
T6972,U022,19-05-2022,Income,Investment,67245.0,Crd,Kolkata,No Notes
T4271,U077,15-04-2023,Income,Freelance,25406.0,card,PUN,Internet bill
T10429,U076,02/23/2022,Expense,Rent,12192.0,UPI,AHM,ATM withdrawal
T4830,U135,2023-04-02,Expense,Rentt,25762.0,Cash,Delhi,ATM withdrawal
T10165,U087,2022-02-06,Expense,Foodd,1996.0,Upi,AHM,EMI payment
T9779,U090,09/06/2024,Expense,Rnt,5712.0,,KOLKATA,Gym membership
T9318,U054,16-09-2024,Expense,FOOD,3504.0,Bank Transfer,Unknown,Electricity bill
T9434,U135,2023-08-31,Expense,Rentt,14941.0,Crd,jaipur,Uber ride
T4086,U099,2023-03-16,Expense,Fod,9065.0,CASH,BANGALORE,Movie tickets
T9454,U013,2022-09-03,Income,,29767.0,Bank_Transfer,JAIPUR,Medicine
T5082,U032,28-12-24,Expense,Rnt,6569.0,Cash,BAN,Electricity bill
T1020,U058,2022-12-23,Income,Investment,24338.0,CARD,Kolkata,Internet bill
T6225,U025,11/10/2023,Expense,RENT,8732.0,bank transfer,MUMBAI,Movie tickets
T13264,U069,2023-12-26,Income,Salary,47277.0,UPI,MUMBAI,Medicine
T10659,U107,03/01/2022,Expense,food,6340.0,CASH,LUC,Monthly rent payment
T12132,U105,21-03-23,Expense,Travel,6753.0,UPI,CHE,misc
T12336,U097,2024-06-13,Income,Investment,19295.0,card,PUNE,Books
T3173,U063,06/03/2023,Income,Bonus,57350.0,UPI,AHM,No Notes
T8363,U080,01/13/2023,Expense,Rent,20939.0,UPI,AHMEDABAD,...
T10291,U016,2022-12-18,Income,Investment,45417.0,Crd,jaipur,Petrol
T5441,U131,2022-03-26,Expense,FOOD,2783.0,bank transfer,LUCKNOW,ATM withdrawal
T0625,U054,2023-08-16,Income,Freelance,52335.0,Csh,HYDERABAD,Grocery shopping
T13187,U067,2021-07-05,Expense,food,1883.0,CASH,Unknown,Books
T1553,U042,25-07-23,Expense,Others,1822.0,CASH,BAN,No Notes
T7821,U003,09-05-24,Expense,FOOD,7956.0,Cash,PUNE,Train ticket
T12337,U056,07/03/2024,Income,Freelance,25287.0,Bank_Transfer,bangalore,Books
T8130,U069,27-06-22,Expense,Entertain,3024.0,Csh,LUCKNOW,...
T8524,U078,2021-02-27,Expense,utilities,9689.0,Cash,lucknow,Petrol
T8915,U003,2021-06-23,Expense,food,8374.0,cash,CHE,Coffee
T6334,U072,2023-07-27,Expense,Rent,28885.0,Card,MUM,Electricity bill
T8787,U057,2021-05-31,Expense,education,3190.0,CASH,MUMBAI,No Notes
T10697,U024,08-08-22,Expense,Fod,4661.0,BankTransfer,pune,Electricity bill
T2079,U081,23-04-24,Expense,Entertainment,8305.0,Crd,HYD,Medicine
T7790,U013,12/23/2022,Income,Investment,48409.0,CRD,DEL,Books
T7558,U130,03/17/2021,Expense,travel,7503.0,upi,JAIPUR,test
T2766,U049,2024-06-23,Income,Freelance,54359.0,UPI,JAI,misc
T6949,U077,27-06-2022,Income,Others,22952.0,Bank Transfr,Unknown,Medicine
T11465,U043,10-12-23,Expense,Foodd,3059.0,UPI,Jaipur,Train ticket
T2321,U112,30-01-2024,Expense,food,348.0,Bank Transfer,Jaipur,Books
T3817,U129,05/26/2023,Income,Bonus,17535.0,Cash,JAI,Uber ride
T11982,U001,11/15/2024,Expense,health,1966.0,cash,DEL,Books
T13193,U069,05/12/2023,Expense,FOOD,2069.0,Bank Transfr,JAI,misc
T7337,U120,04/20/2022,Expense,Rentt,7222.0,Bank_Transfer,HYD,Gym membership
T4813,U086,11/02/2024,Expense,Foods,4599.0,Cash,CHENNAI,Grocery shopping
T1119,U094,01-02-2024,Expense,Foodd,2753.0,UPI,kolkata,No Notes
T9614,U024,08-10-22,Expense,food,182.0,Csh,AHM,No Notes
T5237,U095,12/18/2023,Expense,Utilities,124.0,Upi,lucknow,No Notes
T0117,U144,04-03-22,Expense,Travel,3213.0,Bank Transfr,chennai,test
T7156,U115,17-11-23,Income,Freelance,990020.0,Bank_Transfer,PUN,!!!
T0059,U055,07-05-2024,Expense,Traval,3462.0,card,bangalore,Grocery shopping
T7117,U130,2022-08-28,Income,Others,54209.0,cash,Pune,Electricity bill
T2395,U124,20-05-2024,Expense,TRAVEL,6553.0,Upi,kolkata,Petrol
T5513,U066,09/04/2023,Expense,food,287.0,Bank Transfr,Pune,Books
T0024,U051,2021-04-05,Expense,Travel,9531.0,card,Mumbai,Movie tickets
T2302,U021,2021-03-24,Expense,Travel,4450.0,BankTransfer,CHENNAI,Shopping
T9280,U086,17-05-21,Income,,36345.0,Crd,KOL,Fixed deposit
T9567,U097,04/22/2023,Income,Freelance,29790.0,UPi,HYD,Doctor consultation
T10749,U022,04/12/2021,Expense,Fod,6855.0,bank transfer,Lucknow,Books
T5586,U067,2023-01-17,Expense,Fod,1624.0,Csh,bangalore,Movie tickets
T10631,U072,2022-01-28,Expense,Rentt,38464.0,CASH,Lucknow,Doctor consultation
T4698,U008,11/16/2023,Expense,RENT,7255.0,Csh,kolkata,Medicine
T8526,U090,05-11-2022,Expense,Rnt,844.0,Csh,KOL,Uber ride
T12283,U065,04/03/2021,Expense,Entertain,2904.0,Cash,AHM,No Notes
T5563,U114,09-06-23,Expense,Utlities,7923.0,Bank Transfr,Ahmedabad,!!!
T12235,U033,02/23/2024,Income,Investment,73816.0,cash,jaipur,No Notes
T5726,U097,06/29/2022,Income,Freelance,73380.0,cash,BAN,ATM withdrawal
T9374,U120,2022-03-09,Expense,Foods,982.0,Bank Transfer,BANGALORE,asdfgh
T3234,U021,28-03-21,Expense,SAVINGS,5897.0,Bank_Transfer,ahmedabad,No Notes
T4419,U021,11-04-23,Expense,Entertain,9458.0,csh,LUCKNOW,Medicine
T8295,U018,2023-06-16,Expense,Travel,6377.0,BankTransfer,LUC,Shopping
T1304,U036,04/27/2023,Income,Others,24399.0,Bank Transfr,PUNE,No Notes
T12015,U051,2022-10-12,Expense,travel,8383.0,UPI,mumbai,Books
T2028,U075,07-07-23,Expense,Rent,49919.0,CARD,MUM,No Notes
T12231,U123,2021-01-01,Expense,Food,3346.0,bank transfer,Mumbai,Doctor consultation
T3652,U087,12/22/2023,Expense,EDU,2870.0,BankTransfer,mumbai,No Notes
T12749,U084,06-06-21,Expense,Travl,5074.0,bank transfer,MUMBAI,...
T12089,U086,2021-02-15,Expense,Utlities,5120.0,Crd,Unknown,Movie tickets
T0265,U094,2022-05-27,Expense,Travl,3662.0,CARD,Lucknow,Movie tickets
T4319,U073,2023-11-24,Expense,Utilties,6555.0,csh,CHE,EMI payment
T4383,U004,16-05-24,Expense,rent,5918.0,cash,Jaipur,Doctor consultation
T0287,U047,22-04-22,Income,,25456.0,BankTransfer,Unknown,Books
T4939,U075,22-02-2024,Expense,Travl,7110.0,CRD,MUM,Grocery shopping
T0712,U119,10/30/2022,Expense,rent,3228.0,UPi,PUNE,misc
T10343,U091,30-01-2021,Income,Bonus,24868.0,Csh,Unknown,No Notes
T8868,U102,01/16/2021,Expense,Foodd,4789.0,,pune,Medicine
T1293,U062,2022-03-10,Expense,Education,133.0,UPi,bangalore,Train ticket
T4573,U134,2024-02-19,Expense,Utilities,9238.0,Bank Transfer,AHMEDABAD,Coffee
T7613,U050,11/07/2023,Expense,Fod,379.0,Csh,Chennai,!!!
T6324,U125,29-09-23,Expense,Utilities,6212.0,csh,PUN,Train ticket
T1126,U148,21-06-2021,Expense,EDU,244.0,BankTransfer,Unknown,No Notes
T11032,U076,14-03-22,Expense,Utilties,9130.0,csh,Mumbai,misc
T2148,U122,01/02/2022,Income,Others,73333.0,,Bangalore,Online course
T1606,U068,06/03/2023,Expense,Utilties,1255.0,Upi,Ahmedabad,Monthly rent payment
T5453,U122,16-11-21,Expense,Food,1395.0,UPI,Hyderabad,Grocery shopping
T6294,U072,10/14/2021,Expense,,3793.0,,delhi,Restaurant dinner
T5298,U069,03-04-24,Expense,Entertain,7405.0,bank transfer,MUMBAI,Medicine
T11732,U024,03/04/2021,Income,Salary,40612.0,BankTransfer,BANGALORE,Doctor consultation
T1780,U065,29-06-24,Expense,Utility,8131.0,upi,Pune,Electricity bill
T11797,U123,2022-05-11,Expense,FOOD,3168.0,Bank Transfer,lucknow,Medicine
T7557,U133,06-11-24,Expense,rent,999999.0,,PUNE,Restaurant dinner
T3303,U118,10/11/2023,Expense,Utlities,3370.0,bank transfer,mumbai,Train ticket
T3254,U001,2022-02-12,Expense,EDU,5881.0,Upi,BANGALORE,asdfgh
T10200,U024,2024-02-15,Expense,Entrtnmnt,5181.0,bank transfer,MUMBAI,...
T2870,U090,08/23/2021,Expense,Rent,46375.0,BankTransfer,DEL,Lunch
T0587,U096,08/26/2022,Expense,Foodd,259.0,upi,lucknow,Uber ride
T3309,U045,17-04-24,Income,Investment,45563.0,UPi,Delhi,Movie tickets
T2992,U111,07-09-2022,Expense,Savings,9180.0,,AHM,No Notes
T10712,U137,28-04-24,Expense,Entrtnmnt,3055.0,UPi,MUM,No Notes
T1178,U035,2021-01-24,Income,Salary,40425.0,BankTransfer,DELHI,Coffee
T11036,U024,2021-02-26,Expense,RENT,7691.0,cash,jaipur,No Notes
T2401,U095,25-04-2021,Expense,Travl,1765.0,bank transfer,hyderabad,Movie tickets
T8655,U095,2023-01-19,Expense,Utlities,8353.0,Bank Transfer,mumbai,No Notes
T1136,U031,10/14/2023,Expense,Entrtnmnt,1174.0,UPI,Ahmedabad,No Notes
T0420,U064,04-05-2022,Expense,Fod,1294.0,Bank_Transfer,MUM,Uber ride
T13482,U140,03/31/2023,Income,Salary,11376.0,csh,lucknow,Doctor consultation
T12867,U145,08/28/2021,Income,Others,55537.0,Bank Transfr,AHMEDABAD,Medicine
T5691,U126,2023-08-31,Expense,Fod,5765.0,Upi,chennai,No Notes
T9636,U086,02/17/2022,Expense,Rnt,7354.0,CARD,Unknown,Restaurant dinner
T5218,U048,09/24/2021,Expense,rent,4591.0,Bank Transfr,bangalore,asdfgh
T6426,U100,12/12/2023,Expense,food,3115.0,bank transfer,CHENNAI,misc
T11638,U059,09/06/2021,Expense,SAVINGS,7347.0,UPI,hyderabad,EMI payment
T10081,U035,07/20/2022,Expense,Entertainment,322.0,cash,AHMEDABAD,No Notes
T11387,U083,12/07/2024,Income,Freelance,19880.0,Bank_Transfer,HYDERABAD,Train ticket
T0402,U073,03/19/2024,Expense,Foodd,4280.0,cash,PUNE,Online course
T6317,U125,27-03-2024,Expense,Entertainment,8543.0,Cash,BANGALORE,No Notes
T9615,U026,05-10-2024,Expense,Rent,48911.0,bank transfer,AHM,Coffee
T0067,U117,2023-01-28,Expense,Fod,961.0,,Ahmedabad,...
T0818,U096,04/15/2024,Expense,Utilties,1996.0,Csh,MUMBAI,Books
T0657,U065,2024-05-16,Expense,Entertain,5009.0,UPi,BAN,No Notes
T7533,U073,04-08-23,Expense,Savings,1552.0,Crd,Mumbai,test
T5068,U089,2023-11-29,Income,Bonus,58231.0,Csh,AHM,Doctor consultation
T1001,U010,02-03-2023,Expense,Rnt,1900.0,Bank Transfr,MUM,misc
T4232,U049,20-10-21,Expense,Entertainment,9834.0,UPi,AHM,No Notes
T13275,U098,24-11-2023,Expense,Rentt,47526.0,Card,delhi,EMI payment
T6820,U071,12-09-23,Income,Investment,18951.0,UPI,DEL,Doctor consultation
T0644,U137,04/08/2023,Expense,Travl,3010.0,Bank Transfr,DELHI,xyz123
T10785,U119,06/30/2024,Expense,HEALTH,5010.0,CASH,Unknown,Gym membership
T3975,U098,09-01-2024,Expense,travel,9698.0,card,PUNE,Train ticket
T3403,U052,03/12/2023,Expense,TRAVEL,5820.0,bank transfer,jaipur,Shopping
T10824,U109,04/22/2021,Expense,Food,2272.0,Crd,CHE,Shopping
T12646,U110,2023-03-30,Expense,Food,4044.0,Card,Hyderabad,Uber ride
T13569,U021,2022-09-01,Income,Freelance,67581.0,Crd,PUNE,Coffee
T6093,U091,2021-10-05,Expense,entertainment,9586.0,CARD,delhi,Train ticket
T1031,U065,2021-08-19,Expense,Health,7415.0,UPI,Jaipur,Medicine
T1858,U129,12/04/2022,Expense,food,9430.0,Bank_Transfer,Kolkata,No Notes
T4023,U002,05-03-22,Income,Others,71489.0,Cash,lucknow,Fixed deposit
T10594,U108,2024-02-07,Expense,savings,7837.0,Bank_Transfer,AHMEDABAD,Petrol
T12480,U011,2022-10-07,Expense,RENT,5720.0,CARD,Unknown,test
T7574,U048,2023-07-17,Income,Investment,53714.0,CRD,Kolkata,No Notes
T2038,U053,2021-03-17,Expense,health,8658.0,cash,AHMEDABAD,xyz123
T7436,U141,04-01-23,Expense,RENT,5065.0,Bank Transfer,MUM,Train ticket
T11410,U085,08/22/2024,Expense,food,5598.0,Bank Transfr,LUCKNOW,Movie tickets
T10861,U117,12/10/2024,Expense,Rnt,8802.0,card,PUN,No Notes
T0543,U136,2024-08-13,Expense,utilities,4600.0,UPi,pune,EMI payment
T0453,U064,03/26/2024,Expense,Entertain,5991.0,Bank Transfr,AHMEDABAD,Monthly rent payment
T6339,U126,31-08-22,Expense,RENT,2547.0,UPI,Pune,Shopping
T11009,U146,05/11/2023,Expense,Rentt,43134.0,BankTransfer,LUCKNOW,Petrol
T12141,U002,17-12-2024,Expense,Foods,1056.0,,CHE,asdfgh
T12896,U062,2024-05-13,Expense,TRAVEL,6358.0,BankTransfer,PUNE,Online course
T4569,U079,08/07/2022,Expense,Utlities,8018.0,CARD,PUNE,No Notes
T10116,U030,27-06-24,Expense,Foods,2238.0,UPi,DELHI,Electricity bill
T11442,U034,28-05-24,Expense,FOOD,6269.0,CASH,delhi,Shopping
T11092,U016,05/17/2024,Expense,EDU,3548.0,CARD,bangalore,Petrol
T10889,U037,2022-05-18,Expense,Entertainment,8111.0,UPi,Unknown,Fixed deposit
T4481,U126,2024-09-14,Expense,Food,2575.0,Bank_Transfer,PUN,EMI payment
T10654,U141,04-01-2024,Expense,rent,5452.0,bank transfer,Unknown,No Notes
T1414,U137,13-06-22,Expense,Utility,2935.0,UPi,CHE,Electricity bill
T0952,U003,13-01-2024,Income,Salary,13611.0,Card,DELHI,No Notes
T12461,U102,03-03-22,Expense,,4582.0,Csh,Jaipur,Uber ride
T6278,U060,11/14/2024,Income,Freelance,26985.0,,BANGALORE,Shopping
T4389,U104,09/19/2021,Expense,FOOD,3784.0,Cash,chennai,No Notes
T7601,U065,03/21/2022,Expense,Entertain,2775.0,upi,mumbai,Gym membership
T8457,U063,10/22/2022,Expense,Education,2819.0,upi,Unknown,No Notes
T6532,U138,24-06-2022,Expense,Food,1290.0,Cash,MUM,Coffee
T1534,U034,22-07-21,Income,Bonus,26533.0,Csh,Unknown,xyz123
T13699,U148,22-06-2022,Expense,RENT,9349.0,bank transfer,BANGALORE,EMI payment
T11071,U078,03/07/2022,Expense,rent,9002.0,Bank_Transfer,chennai,No Notes
T2118,U008,16-01-22,Income,Others,62016.0,cash,BANGALORE,Medicine
T5684,U120,05-03-22,Income,Others,26378.0,csh,LUC,!!!
T13050,U054,03/01/2021,Expense,TRAVEL,9495.0,Bank Transfr,AHMEDABAD,Petrol
T3242,U127,2021-01-30,Expense,Saving,3444.0,Bank Transfr,DELHI,Shopping
T0848,U031,11/24/2024,Expense,education,5977.0,csh,Pune,No Notes
T11727,U045,04/16/2024,Expense,RENT,7395.0,cash,Lucknow,Uber ride
T7728,U003,06/19/2023,Expense,travel,4184.0,Cash,BAN,No Notes
T3544,U143,09/04/2022,Expense,Utilities,9645.0,UPi,delhi,Petrol
T11925,U073,11-08-22,Expense,Foods,1180.0,Bank Transfer,HYD,No Notes
T10920,U014,04-08-24,Expense,food,839.0,Upi,BAN,No Notes
T10545,U123,24-10-22,Expense,RENT,7727.0,CRD,MUMBAI,Monthly rent payment
T5203,U008,2021-09-03,Expense,Foodd,1222.0,Card,JAIPUR,No Notes
T4228,U069,30-03-22,Expense,Foods,2341.0,Csh,AHM,!!!
T11033,U074,10/23/2024,Income,Bonus,22832.0,upi,bangalore,Monthly rent payment
T4566,U117,01/02/2024,Expense,rent,7918.0,Bank_Transfer,BANGALORE,Books
T8878,U001,07/24/2022,Expense,Foodd,3632.0,csh,delhi,Train ticket
T9383,U128,11/20/2022,Expense,utilities,8580.0,CRD,PUNE,Coffee
T13824,U099,23-07-2022,Expense,Traval,1563.0,Bank_Transfer,CHE,Books
T11652,U026,10/31/2021,Income,Others,52787.0,Bank_Transfer,BAN,Lunch
T0793,U011,04/25/2024,Expense,Rent,6174.0,BankTransfer,LUCKNOW,Gym membership
T8646,U075,2023-11-20,Income,Bonus,74161.0,Csh,PUN,Restaurant dinner
T0322,U073,2022-05-30,Expense,Rent,8437.0,Bank_Transfer,CHE,asdfgh
T1059,U071,09-08-24,Expense,Utility,3304.0,Card,PUN,Gym membership
T5743,U109,17-11-2024,Income,Salary,64703.0,,Unknown,xyz123
T4948,U107,2023-03-13,Expense,Misc,1037.0,BankTransfer,LUC,ATM withdrawal
T5990,U106,02/27/2023,Income,Others,60230.0,Csh,chennai,...
T3255,U130,2022-06-26,Expense,others,9363.0,bank transfer,KOL,asdfgh
T13741,U067,2022-10-23,Expense,Utilties,9717.0,Crd,AHMEDABAD,Books
T7040,U028,2021-09-26,Expense,food,7521.0,upi,Chennai,test
T11614,U120,2023-03-06,Expense,RENT,754.0,Bank_Transfer,Unknown,Internet bill
T4075,U116,2021-06-14,Expense,Foodd,2263.0,Csh,Bangalore,Grocery shopping
T3479,U039,09/12/2021,Expense,Food,1971.0,Crd,Unknown,...
T4461,U093,2023-06-29,Expense,Rent,49853.0,upi,AHM,Uber ride
T8013,U028,2023-05-17,Expense,TRAVEL,2645.0,Bank Transfr,BAN,Grocery shopping
T3224,U142,2023-10-08,Expense,RENT,7298.0,Crd,Kolkata,Petrol
T6432,U036,12/06/2024,Expense,food,3200.0,Bank Transfr,LUCKNOW,Gym membership
T12188,U009,11-03-23,Income,Freelance,40151.0,upi,CHENNAI,asdfgh
T5098,U056,18-06-23,Expense,Rentt,9887.0,CARD,mumbai,Petrol
T11838,U080,2023-02-07,Expense,entertainment,5313.0,Upi,Ahmedabad,Train ticket
T11420,U009,2024-11-11,Expense,rent,5534.0,Upi,Kolkata,No Notes
T11122,U085,29-11-2023,Expense,Food,4309.0,Bank Transfer,MUM,Medicine
T7475,U027,2021-04-01,Expense,Food,614.0,,JAI,Shopping
T1843,U092,05/08/2024,Expense,Traval,7285.0,,Unknown,xyz123
T13543,U138,2024-03-15,Expense,rent,9968.0,,Unknown,misc
T7348,U063,09/25/2024,Expense,Foods,2732.0,csh,HYD,No Notes
T2165,U048,06/11/2023,Expense,TRAVEL,4777.0,Bank_Transfer,DELHI,...
T3082,U050,2021-07-23,Expense,,3972.0,UPi,Unknown,!!!
T6570,U115,2022-05-19,Expense,Rent,12915.0,,DELHI,Doctor consultation
T7127,U106,2024-02-26,Expense,entertainment,7253.0,CRD,Kolkata,Movie tickets
T5496,U057,2023-06-01,Expense,Rnt,7343.0,UPi,jaipur,No Notes
T3283,U101,23-09-23,Expense,entertainment,8217.0,,bangalore,Restaurant dinner
T3351,U114,11/28/2022,Income,Freelance,60213.0,BankTransfer,DELHI,test
T8970,U060,08-07-23,Expense,RENT,8243.0,,Unknown,Monthly rent payment
T1691,U094,2023-12-16,Income,Investment,59766.0,Crd,AHM,EMI payment
T8522,U138,03-07-21,Expense,Utilties,2631.0,Cash,jaipur,No Notes
T11816,U047,05/16/2023,Expense,Helth,6249.0,BankTransfer,Hyderabad,No Notes
T11571,U074,2023-01-05,Expense,Entertain,8520.0,BankTransfer,Pune,Books
T11523,U012,12/11/2024,Expense,Entrtnmnt,9140.0,Bank Transfer,JAI,No Notes
T1398,U064,08/12/2022,Expense,Fod,6413.0,Cash,bangalore,asdfgh
T12504,U090,2022-09-02,Income,Freelance,55483.0,Bank_Transfer,HYD,test
T11328,U138,05-03-23,Expense,Utlities,8083.0,UPi,MUMBAI,Doctor consultation
T13801,U150,02/01/2021,Expense,Utilties,1416.0,bank transfer,PUN,Restaurant dinner
T13736,U100,03/21/2021,Expense,entertainment,6325.0,Bank_Transfer,Mumbai,Online course
T7232,U124,2022-12-25,Expense,Entertain,9652.0,,Unknown,misc
T2774,U137,03/17/2023,Expense,Entrtnmnt,6160.0,Bank Transfr,CHENNAI,!!!
T12162,U083,2021-02-18,Expense,food,3871.0,Bank_Transfer,Mumbai,Lunch
T7637,U084,04/15/2022,Expense,savings,1466.0,UPI,CHENNAI,Online course
T4462,U118,2023-12-09,Expense,rent,7634.0,Upi,PUNE,No Notes
T12144,U062,02/22/2022,Expense,Foods,2686.0,csh,Kolkata,Internet bill
T10488,U037,2023-09-22,Expense,food,2558.0,BankTransfer,AHMEDABAD,Doctor consultation
T10546,U073,2023-07-28,Expense,Fod,221.0,upi,Unknown,No Notes
T0552,U026,2024-11-17,Expense,RENT,9869.0,bank transfer,CHE,Petrol
T11455,U149,12/10/2023,Income,Salary,29899.0,BankTransfer,lucknow,Lunch
T8559,U087,2022-05-03,Expense,entertainment,3835.0,Csh,AHM,!!!
T3423,U125,01/17/2021,Expense,Utilties,1860.0,UPI,JAIPUR,Restaurant dinner
T8264,U120,2024-10-21,Expense,Travl,3165.0,Bank Transfer,delhi,misc
T6880,U076,2021-07-16,Expense,Utlities,8144.0,CRD,BAN,xyz123
T9464,U143,04/26/2023,Expense,Utilties,1979.0,UPi,ahmedabad,No Notes
T12757,U071,11/20/2024,Expense,,4319.0,UPi,Unknown,Internet bill
T13146,U036,2023-08-27,Income,Investment,17113.0,Card,Ahmedabad,Petrol
T6197,U108,11-04-2021,Expense,Utility,5382.0,card,JAIPUR,EMI payment
T2793,U068,2024-10-27,Expense,Utlities,5766.0,CRD,JAI,No Notes
T1513,U038,12/07/2021,Income,Bonus,32450.0,,jaipur,Medicine
T1634,U079,18-09-24,Expense,Utilties,2025.0,CARD,Jaipur,No Notes
T1404,U015,10-08-24,Expense,Travel,6204.0,Upi,jaipur,No Notes
T0140,U016,2023-12-27,Expense,RENT,4480.0,cash,PUNE,Electricity bill
T7596,U051,2023-08-13,Income,Salary,11476.0,Card,BAN,...
T2044,U084,19-08-22,Expense,Utilties,1159.0,card,hyderabad,Electricity bill
T11354,U143,08/04/2022,Expense,rent,8950.0,Cash,Unknown,Shopping
T1711,U130,01/24/2021,Expense,utilities,6053.0,CASH,Unknown,Books
T3034,U069,09/17/2024,Expense,SAVINGS,9961.0,Crd,Bangalore,Medicine
T0650,U124,2021-07-18,Expense,EDU,4359.0,bank transfer,LUCKNOW,Uber ride
T1767,U043,27-12-22,Income,Freelance,70235.0,CRD,Unknown,No Notes
T7334,U084,2021-03-12,Expense,Rent,33308.0,cash,Bangalore,asdfgh
T6150,U008,2024-10-03,Expense,Traval,7966.0,Card,Chennai,Movie tickets
T9381,U016,2021-06-27,Expense,travel,759.0,UPi,CHENNAI,Electricity bill
T13429,U020,19-06-2023,Expense,food,1499.0,CARD,Pune,Restaurant dinner
T6195,U090,2022-11-15,Expense,FOOD,9789.0,card,Pune,ATM withdrawal
T10442,U100,2023-05-14,Expense,travel,5549.0,,mumbai,!!!
T2289,U087,2022-08-31,Expense,,934.0,Bank_Transfer,AHMEDABAD,Medicine
T4411,U099,2023-01-12,Expense,Foodd,1956.0,CRD,JAI,Coffee
T4262,U080,2023-12-07,Expense,FOOD,4122.0,UPi,chennai,ATM withdrawal
T9198,U044,16-03-21,Expense,Rentt,27525.0,UPi,Lucknow,Fixed deposit
T5785,U136,11/13/2022,Expense,entertainment,794.0,card,lucknow,No Notes
T0772,U024,2021-11-22,Expense,Health,4280.0,upi,KOL,Petrol
T1315,U099,01-04-24,Expense,health,7906.0,upi,Kolkata,No Notes
T2507,U036,2024-02-05,Expense,OTHERS,1318.0,bank transfer,PUNE,No Notes
T6332,U024,2021-09-23,Income,Freelance,77882.0,UPI,PUNE,Restaurant dinner
T6251,U022,24-10-2023,Income,Salary,68075.0,Bank Transfr,PUNE,No Notes
T10340,U089,08/11/2021,Income,Investment,27953.0,upi,Hyderabad,No Notes
T2247,U123,2022-09-09,Expense,,444.0,Card,KOL,...
T12169,U136,2021-02-21,Expense,Educaton,2732.0,csh,hyderabad,Coffee
T4083,U030,26-05-23,Income,Bonus,17387.0,,CHENNAI,Online course
T10173,U066,03-09-24,Expense,health,474.0,UPi,BANGALORE,Medicine
T0032,U097,2022-02-11,Expense,Rent,24764.0,Csh,HYD,Doctor consultation
T5342,U128,02/08/2023,Expense,Foodd,3304.0,Card,CHENNAI,Grocery shopping
T12708,U126,05/21/2022,Expense,Misc,7314.0,UPI,ahmedabad,!!!
T7555,U055,2022-09-13,Expense,RENT,4249.0,Card,CHE,Internet bill
T3336,U001,09/10/2022,Income,Freelance,55604.0,Cash,Chennai,Train ticket
T12287,U057,09/14/2022,Income,Salary,46399.0,CASH,PUNE,Petrol
T2341,U108,20-03-2021,Expense,rent,5279.0,Csh,Hyderabad,Lunch
T4218,U084,05/28/2022,Expense,Others,8028.0,BankTransfer,kolkata,...
T13128,U128,2023-11-14,Expense,HEALTH,865.0,Bank_Transfer,lucknow,Train ticket
T2614,U068,2023-07-08,Expense,Foods,1139.0,Csh,jaipur,Petrol
T4306,U083,2022-08-27,Expense,Educaton,7917.0,csh,AHMEDABAD,...
T11419,U136,2022-12-07,Expense,Travel,6515.0,CARD,Ahmedabad,Uber ride
T13984,U106,19-08-24,Expense,Utility,9761.0,Bank Transfr,BAN,Movie tickets
T0069,U103,22-03-23,Expense,rent,1968.0,upi,bangalore,Coffee
T1372,U038,06/17/2021,Expense,Other,8596.0,Bank Transfer,AHMEDABAD,No Notes
T9074,U016,2024-12-04,Expense,Rent,30589.0,Bank_Transfer,DELHI,Movie tickets
T1949,U107,06-08-24,Expense,TRAVEL,2823.0,Csh,MUMBAI,Books
T13505,U020,02/17/2021,Expense,Foods,174.0,,CHE,No Notes
T9659,U148,15-07-22,Expense,Utility,9710.0,Bank Transfr,pune,Medicine
T10626,U018,22-03-2024,Expense,Entertainment,1454.0,Bank Transfer,Hyderabad,Gym membership
T1245,U097,04/28/2023,Expense,food,4040.0,card,CHENNAI,Lunch
T11303,U139,11/29/2023,Expense,food,5575.0,BankTransfer,PUN,Restaurant dinner
T2113,U030,2021-10-24,Income,Investment,10309.0,Csh,lucknow,!!!
T4158,U035,09/11/2024,Income,Investment,69689.0,Bank Transfer,Unknown,asdfgh
T13671,U003,2024-05-31,Expense,Food,1495.0,,ahmedabad,Medicine
T8755,U054,06-10-22,Income,Investment,49134.0,Upi,DEL,test
T1015,U143,2023-09-26,Expense,rent,8950.0,Cash,BANGALORE,Petrol
T10220,U036,2022-06-10,Income,Others,57854.0,CASH,DEL,Movie tickets
T4592,U034,15-07-21,Expense,Entertainment,859.0,Crd,pune,Petrol
T7805,U002,11/08/2024,Expense,Rnt,6081.0,CARD,hyderabad,xyz123
T12261,U111,22-12-21,Income,Freelance,48933.0,card,MUMBAI,Medicine
T10409,U010,24-04-2024,Expense,Rent,20775.0,Cash,CHENNAI,xyz123
T2611,U097,2023-09-15,Expense,Travl,3197.0,Bank Transfr,Unknown,Uber ride
T8752,U146,09/19/2024,Expense,RENT,1598.0,Card,Kolkata,Uber ride
T5694,U073,08-12-2023,Expense,travel,1377.0,Csh,HYD,No Notes
T7468,U129,2024-03-02,Expense,Rentt,28176.0,UPI,Hyderabad,EMI payment
T13001,U112,04/03/2022,Expense,Rnt,5590.0,upi,JAIPUR,Movie tickets
T7086,U009,2023-04-28,Expense,Utilities,7768.0,Card,BANGALORE,Grocery shopping
T9828,U106,14-08-21,Expense,Rent,15775.0,CARD,Unknown,No Notes
T11337,U147,20-06-21,Expense,utilities,5947.0,Card,bangalore,Train ticket
T2454,U138,2022-12-02,Expense,Travel,2715.0,csh,PUNE,Uber ride
T11227,U013,08/14/2023,Expense,Helth,9800.0,Csh,Ahmedabad,No Notes
T1636,U024,2022-08-14,Expense,Utilties,5844.0,card,JAIPUR,No Notes
T7823,U099,18-08-24,Expense,Helth,5211.0,Upi,DELHI,Internet bill
T9691,U145,08/25/2022,Expense,TRAVEL,2909.0,CASH,Unknown,...
T6750,U021,21-05-24,Expense,Rentt,5978.0,,Lucknow,Train ticket
T1538,U019,12/23/2023,Income,Freelance,62118.0,Bank Transfer,CHENNAI,Monthly rent payment
T11875,U016,2021-09-29,Expense,Travel,8731.0,Bank Transfer,jaipur,ATM withdrawal
T1118,U075,2022-03-28,Expense,Entertain,1322.0,Card,Delhi,xyz123
T1709,U069,24-06-2024,Expense,travel,7373.0,Bank Transfer,hyderabad,EMI payment
T4274,U106,2021-11-26,Expense,FOOD,2822.0,Bank_Transfer,HYD,ATM withdrawal
T13100,U008,2022-11-27,Income,Bonus,49835.0,Card,JAI,Internet bill
T4450,U021,11/22/2023,Expense,Foods,3781.0,Bank_Transfer,KOL,Gym membership
T13254,U132,06/23/2022,Income,Investment,19454.0,bank transfer,PUNE,asdfgh
T5261,U047,2023-04-24,Expense,Helth,560.0,CRD,AHMEDABAD,Uber ride
T10836,U034,05/18/2023,Income,Freelance,33341.0,UPi,CHENNAI,Petrol
T9210,U080,2024-12-24,Expense,,4923.0,csh,CHE,misc
T7624,U075,2024-07-24,Income,Others,946934.0,Bank Transfer,Jaipur,Fixed deposit
T2548,U110,19-03-22,Income,Investment,57810.0,BankTransfer,Jaipur,misc
T8364,U013,2021-12-19,Income,Bonus,17011.0,BankTransfer,BANGALORE,Online course
T11120,U107,2023-12-20,Income,Freelance,41449.0,Card,CHE,Gym membership
T5707,U048,17-07-2021,Expense,Fod,7669.0,Bank Transfr,Kolkata,!!!
T8706,U140,22-02-2024,Income,Investment,59188.0,UPi,BANGALORE,No Notes
T12088,U057,2023-04-06,Expense,Education,2212.0,upi,Pune,No Notes
T5226,U012,11/03/2022,Income,Others,45051.0,UPi,jaipur,Petrol
T9437,U065,02/17/2022,Expense,Foodd,2457.0,Upi,CHENNAI,asdfgh
T5800,U118,2022-10-23,Expense,TRAVEL,7439.0,UPi,lucknow,misc
T4744,U014,19-07-2022,Expense,Rnt,4492.0,Bank Transfr,Pune,Internet bill
T9645,U093,27-11-21,Expense,FOOD,8174.0,bank transfer,BAN,Books
T0720,U043,05-05-22,Expense,food,7605.0,,LUC,Grocery shopping
T7280,U032,08/09/2024,Expense,TRAVEL,1670.0,CARD,lucknow,Monthly rent payment
T5818,U120,02/01/2023,Expense,Rnt,5515.0,,KOLKATA,Uber ride
T9438,U022,11/15/2021,Expense,Fod,4852.0,UPI,JAI,No Notes
T8979,U120,07/25/2021,Expense,Fod,6860.0,upi,AHM,Medicine
T2444,U024,07/14/2024,Expense,Utility,3548.0,card,delhi,asdfgh
T5910,U103,16-06-22,Expense,Savings,4579.0,Bank Transfer,LUC,EMI payment
T3399,U075,2024-09-04,Expense,Rentt,8609.0,,PUNE,Doctor consultation
T6440,U144,2022-02-09,Expense,Rnt,4254.0,Bank_Transfer,CHENNAI,asdfgh
T6316,U045,27-08-21,Expense,Travel,8409.0,BankTransfer,KOLKATA,Online course
T10346,U024,2023-09-15,Expense,food,7493.0,Upi,JAIPUR,Restaurant dinner
T2171,U147,18-08-22,Expense,Rnt,4802.0,CARD,CHE,EMI payment
T9574,U057,16-02-23,Expense,Entertain,7154.0,Csh,Pune,No Notes
T10846,U140,2023-01-16,Expense,Rent,38943.0,upi,ahmedabad,Medicine
T7244,U032,16-04-24,Expense,health,4003.0,Upi,BANGALORE,Monthly rent payment
T11226,U091,13-12-22,Expense,Utilties,5211.0,BankTransfer,Unknown,Movie tickets
T10706,U108,2024-02-03,Expense,food,7890.0,csh,Pune,Lunch
T10227,U034,2024-09-07,Expense,Entrtnmnt,2458.0,CRD,bangalore,Lunch
T11831,U122,2023-11-20,Expense,Rent,39411.0,upi,JAI,Grocery shopping
T3332,U046,20-11-21,Expense,Fod,2324.0,Csh,AHM,Gym membership
T9658,U089,07/16/2024,Income,Others,40408.0,Upi,MUM,Train ticket
T4196,U087,09/18/2024,Income,Salary,15505.0,Bank Transfr,DELHI,Electricity bill
T12339,U112,2023-10-14,Expense,Entertainment,8040.0,UPI,DEL,Restaurant dinner
T6290,U031,21-02-24,Expense,Education,4369.0,upi,DELHI,Lunch
T12668,U080,09/22/2022,Expense,food,4702.0,UPi,AHM,!!!
T9920,U074,2024-03-30,Expense,FOOD,1941.0,BankTransfer,Chennai,Shopping
T11833,U054,16-10-24,Expense,TRAVEL,4847.0,Bank Transfr,Unknown,misc
T10237,U076,2022-11-02,Expense,Fod,3528.0,Upi,JAI,misc
T4149,U001,2022-07-12,Expense,Rent,17529.0,Cash,AHMEDABAD,Shopping
T8648,U076,2022-03-09,Expense,Food,179.0,upi,HYD,Coffee
T0373,U069,2023-10-10,Expense,Foodd,2368.0,Card,Kolkata,Internet bill
T12554,U075,2022-03-20,Expense,Entertain,2647.0,cash,BANGALORE,!!!
T4738,U019,14-10-2022,Income,Salary,32428.0,CRD,DEL,test
T13750,U135,06/25/2021,Expense,Foods,1633.0,CASH,delhi,asdfgh
T13442,U055,10/06/2021,Expense,Entrtnmnt,8016.0,UPi,KOL,Medicine
T0679,U076,2022-12-13,Expense,Utilities,8369.0,card,CHENNAI,Monthly rent payment
T13179,U013,09/23/2023,Expense,Food,4932.0,,DEL,No Notes
T0691,U099,08/25/2022,Income,Freelance,674606.0,CASH,CHENNAI,Internet bill
T11678,U055,27-10-22,Expense,RENT,4196.0,Bank Transfr,CHENNAI,!!!
T1748,U112,30-05-22,Expense,rent,8457.0,upi,Unknown,Online course
T8691,U108,29-02-24,Income,Freelance,899072.0,Csh,AHMEDABAD,asdfgh
T10997,U095,06/02/2021,Expense,savings,8447.0,card,HYD,Uber ride
T3203,U079,12/19/2022,Expense,,3557.0,Bank Transfer,Jaipur,Petrol
T12955,U110,2024-05-28,Income,Bonus,70126.0,Bank Transfr,Ahmedabad,Online course
T4166,U003,02/27/2021,Expense,Educaton,3995.0,CARD,KOLKATA,No Notes
T2592,U113,08/27/2022,Expense,Education,4207.0,CASH,PUNE,Gym membership
T0869,U084,23-11-22,Income,Investment,32525.0,CRD,HYD,Movie tickets
T1308,U069,03-06-22,Income,Freelance,59941.0,Crd,AHM,Online course
T4039,U049,07-05-24,Income,Others,35662.0,Cash,chennai,Petrol
T4718,U007,2022-02-28,Income,Salary,54309.0,card,KOL,Books
T9017,U020,2021-08-28,Expense,Travl,3611.0,BankTransfer,Jaipur,ATM withdrawal
T6599,U053,04-01-22,Expense,Rnt,9882.0,card,JAI,No Notes
T9283,U122,01/14/2024,Expense,Savings,8973.0,Cash,CHE,No Notes
T4178,U030,2021-04-15,Expense,Utility,821.0,,Hyderabad,Uber ride
T0556,U111,2021-07-02,Income,Investment,68886.0,CRD,HYDERABAD,No Notes
T9266,U138,08/12/2023,Expense,RENT,5446.0,Upi,Unknown,EMI payment
T10611,U102,02/11/2022,Expense,food,7403.0,Upi,bangalore,No Notes
T13033,U142,04/12/2022,Expense,Rentt,5317.0,bank transfer,KOL,Restaurant dinner
T5536,U140,10-02-2021,Income,Salary,164337.0,UPi,jaipur,Coffee
T9265,U048,2024-01-22,Expense,travel,3707.0,cash,Kolkata,Online course
T9476,U123,2023-10-18,Expense,Rent,38882.0,Upi,HYD,No Notes
T5262,U018,12/12/2021,Expense,entertainment,884.0,UPI,AHMEDABAD,Doctor consultation
T12353,U102,2024-01-12,Expense,others,391.0,Card,chennai,No Notes
T4399,U012,28-05-2021,Expense,Food,2291.0,Bank Transfer,PUN,Train ticket
T6770,U074,05/26/2024,Income,Salary,12707.0,CRD,Unknown,No Notes
T8855,U136,2022-06-19,Expense,Entertainment,6061.0,CASH,pune,No Notes
T11515,U081,08-07-2023,Expense,Traval,9122.0,UPI,Unknown,Movie tickets
T3428,U100,2023-10-23,Expense,Rentt,35601.0,CASH,MUM,No Notes
T9161,U081,2021-08-09,Expense,RENT,2783.0,Csh,jaipur,Movie tickets
T4102,U051,11/05/2023,Expense,TRAVEL,7347.0,Crd,DELHI,No Notes
T4551,U119,01-10-2024,Income,Salary,43118.0,UPi,Lucknow,EMI payment
T7680,U091,2024-08-13,Expense,Food,3682.0,csh,Unknown,Monthly rent payment
T0575,U065,23-11-22,Expense,Entertain,4493.0,bank transfer,CHE,No Notes
T11863,U079,11-07-21,Expense,Traval,6217.0,csh,KOL,!!!
T12153,U007,09/21/2022,Expense,Entrtnmnt,5485.0,upi,Kolkata,Train ticket
T3887,U009,2024-06-30,Expense,Travl,1680.0,,Ahmedabad,Monthly rent payment
T12819,U111,2024-02-18,Expense,Traval,7553.0,BankTransfer,bangalore,asdfgh
T8162,U145,06/24/2021,Expense,Rnt,6701.0,csh,hyderabad,Monthly rent payment
T0547,U076,12/24/2022,Income,Freelance,74828.0,,Pune,Medicine
T3487,U137,19-07-22,Expense,utilities,7192.0,CASH,pune,No Notes
T1183,U080,2023-07-08,Expense,Rnt,7373.0,CRD,Mumbai,No Notes
T6080,U052,06/18/2024,Expense,Educaton,5558.0,BankTransfer,JAI,xyz123
T3390,U093,2024-06-17,Expense,Foods,3746.0,Csh,chennai,Fixed deposit
T4722,U116,2024-06-10,Expense,RENT,2152.0,UPI,HYD,Restaurant dinner
T8195,U111,07/13/2023,Expense,food,5074.0,Csh,KOL,Movie tickets
T10179,U012,01-12-24,Expense,Rentt,18912.0,Crd,kolkata,!!!
T0565,U052,2021-01-01,Income,Freelance,76296.0,Csh,BAN,Internet bill
T7900,U104,12/16/2021,Expense,Foods,4715.0,CASH,Bangalore,Fixed deposit
T4961,U062,09-09-2024,Expense,education,1439.0,UPI,AHMEDABAD,asdfgh
T7435,U022,2022-08-12,Expense,Entertain,9558.0,,HYDERABAD,xyz123
T5500,U050,06-05-23,Expense,health,8279.0,card,chennai,Online course
T10999,U069,2021-09-21,Expense,TRAVEL,5193.0,csh,Bangalore,Uber ride
T7055,U036,2023-05-13,Expense,food,5961.0,cash,DEL,Grocery shopping
T9167,U131,2022-11-25,Expense,RENT,9110.0,UPi,JAI,Doctor consultation
T5944,U144,22-02-21,Expense,Food,3058.0,UPi,KOL,No Notes
T9135,U107,04/30/2023,Expense,food,9339.0,Cash,KOL,Books
T6275,U030,2024-04-08,Income,Bonus,17616.0,Csh,delhi,asdfgh
T12503,U017,2023-03-02,Income,Others,363110.0,UPI,Hyderabad,test
T1915,U077,04-05-22,Expense,Travl,5155.0,Csh,Mumbai,...
T9701,U098,2021-12-14,Expense,Utilties,3915.0,card,lucknow,Grocery shopping
T2956,U070,2023-05-24,Expense,Entrtnmnt,6705.0,CRD,Unknown,Electricity bill
T13940,U089,10/10/2022,Expense,Rnt,3474.0,CRD,AHMEDABAD,xyz123
T8428,U121,2021-12-30,Income,Investment,60680.0,Csh,delhi,Grocery shopping
T0832,U048,02/17/2021,Expense,travel,8504.0,cash,HYD,Internet bill
T13055,U135,07/24/2021,Expense,Travl,5389.0,Bank Transfr,jaipur,Shopping
T8404,U070,07/10/2023,Expense,Rent,13749.0,Bank Transfer,hyderabad,Internet bill
T2226,U038,12-05-2023,Expense,TRAVEL,6881.0,UPI,Chennai,ATM withdrawal
T12448,U061,06/07/2024,Income,Bonus,59723.0,CASH,ahmedabad,ATM withdrawal
T7838,U014,2021-07-03,Expense,Utlities,581.0,BankTransfer,jaipur,Doctor consultation
T5451,U088,04/22/2024,Expense,Travel,6384.0,Card,delhi,Gym membership
T0790,U010,18-04-24,Expense,Foodd,651.0,CARD,DEL,EMI payment
T10195,U143,2023-02-14,Expense,Entertainment,2505.0,Card,PUN,No Notes
T9182,U055,12-03-21,Expense,food,6317.0,UPI,Mumbai,EMI payment
T7917,U073,24-08-2023,Expense,Food,507.0,Bank_Transfer,MUM,Uber ride
T3568,U021,2024-04-06,Income,Investment,54642.0,Upi,chennai,xyz123
T1371,U021,26-03-2024,Expense,Rentt,47195.0,CRD,Unknown,Electricity bill
T4676,U119,2021-06-28,Expense,rent,1869.0,Card,Pune,ATM withdrawal
T4279,U031,25-10-2021,Expense,Entrtnmnt,295.0,card,KOLKATA,Lunch
T6205,U104,06-05-21,Expense,Education,9048.0,CRD,delhi,Fixed deposit
T0115,U051,2023-05-30,Expense,Travel,8896.0,UPi,Hyderabad,xyz123
T5859,U125,07/24/2024,Expense,EDU,1378.0,Bank Transfer,Unknown,Doctor consultation
T4442,U074,02/05/2022,Expense,Rent,12417.0,,MUMBAI,Online course
T12171,U091,05-01-2024,Expense,entertainment,2708.0,Cash,Unknown,asdfgh
T1589,U148,10/22/2023,Expense,rent,999999.0,bank transfer,LUC,No Notes
T9766,U023,07/17/2022,Expense,Travl,8749.0,CASH,KOL,misc
T0892,U092,2024-01-11,Expense,Traval,4349.0,cash,MUM,...
T8199,U036,12/07/2021,Expense,RENT,5814.0,UPi,CHE,Shopping
T6107,U129,10-05-21,Expense,,4118.0,CARD,Jaipur,Restaurant dinner
T3737,U031,2024-11-12,Expense,Travl,9148.0,CASH,Unknown,test
T10504,U057,07-11-2022,Expense,Traval,5872.0,UPi,AHMEDABAD,Lunch
T13448,U145,2024-06-02,Expense,Traval,3982.0,card,Hyderabad,No Notes
T7406,U104,27-05-2023,Expense,Foodd,1389.0,upi,Pune,asdfgh
T0164,U099,02/13/2022,Expense,Rentt,30067.0,bank transfer,Jaipur,No Notes
T8535,U100,12/25/2021,Expense,utilities,244.0,Csh,Chennai,Shopping
T2103,U078,03/01/2022,Expense,Education,1670.0,cash,Bangalore,Electricity bill
T0063,U030,26-08-24,Expense,Entertain,3843.0,Csh,Kolkata,misc
T7599,U106,05/01/2022,Expense,Utility,3625.0,BankTransfer,Kolkata,Internet bill
T4535,U118,07/28/2024,Expense,Rent,34724.0,Card,JAIPUR,Online course
T6128,U044,2024-05-12,Income,Salary,74771.0,bank transfer,KOL,Internet bill
T4971,U108,2022-08-13,Income,Freelance,50898.0,card,Unknown,No Notes
T4063,U125,21-11-2022,Expense,Rentt,31495.0,UPI,HYD,No Notes
T13837,U092,08/08/2024,Expense,EDU,3899.0,Bank Transfer,pune,!!!
T5336,U058,11-11-23,Expense,utilities,1944.0,Bank Transfer,Kolkata,Online course
T2228,U058,2021-03-29,Income,Bonus,52448.0,card,mumbai,Doctor consultation
T11141,U128,20-12-24,Expense,EDU,2762.0,upi,MUM,Internet bill
T11859,U109,26-12-23,Expense,utilities,1443.0,card,Delhi,No Notes
T9769,U026,2021-08-21,Expense,Travl,8138.0,BankTransfer,Bangalore,No Notes
T7349,U073,08/12/2021,Expense,Foodd,4243.0,cash,Unknown,test
T10221,U087,06/26/2023,Expense,Utility,6933.0,UPi,DEL,Doctor consultation
T8332,U146,2023-09-14,Expense,Traval,6310.0,bank transfer,KOL,Internet bill
T11873,U145,2021-11-15,Expense,health,9693.0,Upi,chennai,No Notes
T1486,U055,08/15/2024,Expense,Utilities,7745.0,Csh,KOL,No Notes
T4671,U040,12/03/2022,Expense,Utilties,9553.0,csh,Unknown,No Notes
T11180,U113,2021-04-05,Expense,TRAVEL,1226.0,upi,AHM,misc
T7225,U095,2024-02-12,Expense,food,999999.0,CASH,BAN,test
T11369,U050,2021-08-14,Income,Bonus,26682.0,Csh,Unknown,EMI payment
T7849,U141,06/03/2022,Income,Freelance,17496.0,CARD,bangalore,No Notes
T8036,U001,17-04-21,Expense,Entrtnmnt,7213.0,CRD,MUM,Monthly rent payment
T5445,U146,11/30/2021,Expense,Foods,1286.0,Cash,JAIPUR,No Notes
T10855,U047,06/19/2023,Expense,RENT,7484.0,CASH,PUN,Gym membership
T10844,U132,22-06-22,Expense,Utility,667.0,CRD,BANGALORE,Doctor consultation
T8559,U052,2022-10-29,Expense,HEALTH,2716.0,upi,chennai,Fixed deposit
T5751,U038,08/27/2024,Expense,entertainment,8039.0,CRD,AHMEDABAD,Lunch
T6055,U079,2022-01-01,Expense,Utilties,9734.0,CRD,kolkata,Electricity bill
T1150,U024,2022-09-06,Expense,RENT,4813.0,BankTransfer,Pune,misc
T10190,U013,2021-03-29,Income,Bonus,61820.0,upi,DEL,No Notes
T8381,U118,2022-06-14,Expense,,8931.0,Bank Transfer,mumbai,Restaurant dinner
T10599,U078,06/08/2021,Expense,Rent,24800.0,csh,bangalore,No Notes
T2172,U084,2022-05-14,Income,Others,20396.0,CASH,MUMBAI,No Notes
T4219,U131,03/02/2024,Expense,Foods,87.0,Csh,Bangalore,!!!
T4078,U132,2023-11-26,Expense,Educaton,4468.0,Card,AHMEDABAD,test
T7023,U135,2023-11-02,Income,Investment,55022.0,UPi,ahmedabad,Coffee
T1927,U126,14-12-21,Income,Freelance,66112.0,BankTransfer,lucknow,Electricity bill
T4783,U037,02/04/2024,Expense,Travel,6613.0,Upi,lucknow,No Notes
T3814,U135,16-01-21,Expense,entertainment,5327.0,Bank Transfr,BAN,!!!
T1350,U135,04/03/2022,Expense,RENT,1414.0,csh,DELHI,Online course
T7309,U130,2021-02-16,Expense,rent,4144.0,Bank Transfr,LUCKNOW,No Notes
T4711,U134,2022-11-03,Expense,Foodd,3697.0,Upi,KOLKATA,Gym membership
T13015,U121,2021-09-17,Expense,Educaton,413.0,Bank Transfr,Bangalore,No Notes
T4515,U014,01/02/2021,Expense,utilities,479.0,CARD,AHM,!!!
T9375,U005,2022-05-18,Expense,food,7238.0,Bank Transfr,Bangalore,ATM withdrawal
T5737,U123,15-10-24,Expense,FOOD,4063.0,upi,DEL,Uber ride
T9565,U027,2023-06-29,Expense,Educaton,8358.0,CASH,bangalore,No Notes
T6735,U131,10/10/2021,Expense,Rent,27817.0,CASH,Pune,Lunch
T8888,U065,2023-06-11,Income,Bonus,24338.0,cash,KOLKATA,Electricity bill
T5354,U140,09/06/2024,Expense,education,1007.0,Crd,KOLKATA,Doctor consultation
T13533,U124,2023-02-18,Expense,Traval,7821.0,UPI,Jaipur,Fixed deposit
T3822,U131,2023-06-02,Expense,Utilities,9887.0,cash,Pune,Uber ride
T11230,U024,2022-10-19,Expense,HEALTH,5958.0,CRD,Bangalore,!!!
T0194,U052,2023-04-20,Expense,rent,7975.0,csh,bangalore,Online course
T11572,U052,2021-10-12,Expense,Utlities,7280.0,bank transfer,Unknown,Electricity bill
T13696,U060,08-11-24,Expense,FOOD,5702.0,Card,Jaipur,Books
T0684,U117,01-12-22,Income,Investment,32079.0,bank transfer,DELHI,Online course
T9219,U077,14-08-24,Expense,rent,5947.0,Cash,ahmedabad,No Notes
T8721,U138,2023-12-30,Expense,Rentt,22648.0,Crd,Mumbai,No Notes
T3293,U063,10-08-24,Income,Investment,75488.0,UPI,PUN,xyz123
T7462,U009,2023-07-02,Expense,Foodd,1751.0,Csh,BANGALORE,Monthly rent payment
T1016,U034,2023-02-04,Expense,RENT,9053.0,BankTransfer,Kolkata,!!!
T1435,U104,10/10/2021,Expense,Traval,4997.0,Crd,HYDERABAD,!!!
T4538,U130,03/02/2021,Expense,Travel,5896.0,bank transfer,Kolkata,No Notes
T13202,U073,10/19/2023,Expense,EDU,3246.0,Cash,JAIPUR,Electricity bill
T7021,U018,03/14/2021,Expense,Travl,7713.0,Csh,Unknown,No Notes
T8828,U095,06/25/2024,Income,Freelance,63148.0,UPi,JAI,asdfgh
T7276,U097,02/13/2022,Expense,Rnt,4013.0,BankTransfer,KOL,test
T12539,U100,03/20/2023,Expense,EDU,8928.0,,lucknow,No Notes
T4768,U031,09-03-24,Income,Bonus,11928.0,UPi,Bangalore,Electricity bill
T4985,U112,22-06-2022,Expense,Utlities,2746.0,Crd,DELHI,Grocery shopping
T7343,U131,2023-09-15,Expense,TRAVEL,5947.0,Crd,LUC,Movie tickets
T1624,U044,11/18/2022,Expense,Traval,5425.0,Upi,HYDERABAD,No Notes
T6464,U020,01/30/2022,Expense,Educaton,1731.0,upi,KOLKATA,No Notes
T10491,U149,07/21/2023,Expense,Entertain,3720.0,Cash,kolkata,Movie tickets
T6661,U012,08/27/2021,Expense,Foods,1364.0,CASH,Unknown,test
T6432,U114,04-08-2024,Expense,Foods,985.0,Card,BANGALORE,Fixed deposit
T12930,U038,04-01-21,Expense,HEALTH,349.0,cash,BAN,Lunch
T2836,U118,2024-10-12,Expense,Travl,6273.0,bank transfer,Ahmedabad,asdfgh
T10317,U075,16-02-23,Expense,Foodd,909.0,card,JAIPUR,Lunch
T2765,U137,2022-12-18,Expense,Rentt,12773.0,BankTransfer,kolkata,No Notes
T7496,U026,21-07-2023,Expense,Foods,3319.0,,BAN,Coffee
T11945,U064,08/27/2023,Expense,Saving,9082.0,UPI,Unknown,Online course
T3631,U044,26-12-2024,Expense,,7224.0,Card,Mumbai,Monthly rent payment
T7847,U150,2021-05-24,Expense,Rentt,47628.0,card,ahmedabad,Grocery shopping
T12540,U041,06/26/2021,Expense,Food,3200.0,Bank Transfr,LUCKNOW,No Notes
T6040,U144,08/01/2021,Expense,Fod,7092.0,Upi,Hyderabad,No Notes
T1272,U085,19-06-22,Income,Freelance,72659.0,Bank_Transfer,JAIPUR,xyz123
T9720,U033,09/20/2023,Expense,Utilities,1245.0,csh,Unknown,Lunch
T4528,U110,2023-09-29,Expense,Utility,9363.0,bank transfer,Unknown,Gym membership
T7510,U053,21-09-22,Income,Investment,68585.0,Crd,bangalore,No Notes
T8775,U009,2024-08-16,Expense,FOOD,6031.0,csh,pune,Fixed deposit
T1369,U077,2024-10-06,Expense,Rent,39856.0,UPi,Unknown,xyz123
T5773,U114,23-11-24,Expense,Rentt,22043.0,Upi,HYDERABAD,Movie tickets
T10150,U087,12/24/2021,Income,Investment,68795.0,Crd,BANGALORE,Train ticket
T9038,U148,2022-10-30,Expense,Helth,5101.0,Bank_Transfer,PUNE,Books
T8995,U030,2021-12-22,Expense,Utility,7017.0,Bank Transfr,Jaipur,xyz123
T11531,U074,2024-06-29,Expense,Travl,3193.0,,delhi,Train ticket
T12610,U106,07/08/2021,Expense,education,7795.0,UPi,mumbai,Internet bill
T10406,U060,28-09-22,Income,Freelance,55496.0,Bank Transfr,Jaipur,Doctor consultation
T1029,U001,2023-03-07,Income,Others,42053.0,BankTransfer,pune,EMI payment
T1471,U105,2023-11-30,Expense,Utilities,7355.0,UPi,Unknown,!!!
T7392,U022,10-11-22,Expense,Entrtnmnt,2644.0,Crd,Chennai,xyz123
T4655,U100,2024-07-23,Expense,rent,9701.0,CARD,JAIPUR,No Notes
T12721,U093,28-10-24,Expense,Rnt,7640.0,cash,DELHI,Books
T10526,U140,2022-05-11,Expense,travel,7868.0,CARD,CHE,test
T0515,U065,2023-01-03,Income,Salary,77863.0,Bank_Transfer,Unknown,No Notes
T6636,U008,2024-09-27,Expense,education,9264.0,Csh,Unknown,xyz123
T8035,U142,2022-04-28,Expense,Fod,2225.0,card,Chennai,asdfgh
T10791,U008,29-12-2023,Expense,RENT,5666.0,UPI,PUN,Grocery shopping
T5591,U018,19-06-2024,Expense,Saving,6641.0,CARD,lucknow,Doctor consultation
T4502,U073,2021-06-06,Expense,Rent,22768.0,Bank Transfr,DELHI,No Notes
T6732,U064,08-03-2022,Income,Bonus,26009.0,cash,Jaipur,No Notes
T10205,U071,08/22/2021,Expense,utilities,313.0,Cash,Jaipur,No Notes
T9014,U138,02-04-23,Expense,Food,2852.0,card,mumbai,Lunch
T8326,U061,02/23/2023,Expense,entertainment,3652.0,CRD,bangalore,No Notes
T5401,U050,2022-08-03,Expense,food,8760.0,UPi,Delhi,Shopping
T7191,U132,11/17/2023,Expense,savings,9150.0,Card,Lucknow,Petrol
T2162,U029,29-12-22,Expense,Utilities,6083.0,Upi,Kolkata,ATM withdrawal
T11804,U020,05/12/2023,Expense,Rnt,2323.0,cash,DELHI,Doctor consultation
T10457,U141,2021-08-04,Expense,Foodd,3478.0,Upi,kolkata,Restaurant dinner
T9951,U073,2022-03-15,Expense,health,2182.0,Upi,Unknown,Restaurant dinner
T6796,U050,01/06/2021,Expense,entertainment,4271.0,Bank_Transfer,delhi,Grocery shopping
T8812,U036,08/12/2021,Expense,Food,3233.0,UPi,AHM,Internet bill
T0362,U017,2023-04-25,Expense,Rentt,20629.0,UPi,PUN,...
T3683,U033,03-02-21,Expense,Traval,8375.0,Bank_Transfer,lucknow,misc
T10106,U036,2024-04-20,Expense,FOOD,6862.0,CRD,Lucknow,No Notes
T8267,U108,13-02-24,Expense,Foods,4755.0,bank transfer,Unknown,Shopping
T2250,U102,03/28/2022,Income,Bonus,70309.0,BankTransfer,Chennai,Movie tickets
T3851,U094,30-09-22,Expense,Food,3924.0,BankTransfer,MUMBAI,Movie tickets
T8039,U117,20-11-21,Expense,Rent,15983.0,Csh,JAIPUR,Restaurant dinner
T5736,U029,11/11/2023,Expense,Food,3773.0,Card,LUCKNOW,Doctor consultation
T5641,U054,16-10-21,Expense,Food,4746.0,,PUNE,asdfgh
T4211,U082,2021-05-04,Expense,FOOD,4652.0,BankTransfer,DELHI,Shopping
T8439,U013,25-02-2022,Expense,RENT,627.0,CARD,Ahmedabad,misc
T4577,U079,12/25/2023,Expense,Entertain,4541.0,,JAIPUR,Monthly rent payment
T6702,U135,2023-05-21,Expense,Rent,20394.0,Bank_Transfer,BANGALORE,No Notes
T7868,U042,2022-02-21,Expense,Utlities,2960.0,bank transfer,PUN,Lunch
T9740,U047,02/28/2023,Expense,Entertain,8574.0,Card,JAIPUR,No Notes
T11348,U026,2024-10-03,Expense,entertainment,4216.0,CRD,Delhi,Restaurant dinner
T4092,U143,15-04-24,Income,Freelance,44232.0,CASH,JAI,Books
T0382,U066,2023-03-28,Income,Others,30202.0,bank transfer,LUCKNOW,Fixed deposit
T10144,U045,2024-02-22,Expense,Foods,1942.0,card,Unknown,Restaurant dinner
T12974,U069,2024-12-06,Expense,Food,2404.0,UPI,delhi,Monthly rent payment
T6583,U108,02-08-24,Expense,Other,121.0,Bank_Transfer,kolkata,misc
T10588,U094,11/29/2023,Expense,utilities,3289.0,UPI,Mumbai,Monthly rent payment
T12489,U005,29-08-22,Expense,utilities,8074.0,UPI,MUM,No Notes
T7328,U137,2021-08-20,Expense,Foods,822.0,Upi,jaipur,No Notes
T2349,U144,31-01-21,Expense,Education,4030.0,card,BANGALORE,xyz123
T7521,U114,05/12/2022,Expense,education,8617.0,Upi,kolkata,Movie tickets
T11038,U149,29-11-24,Expense,EDU,5359.0,upi,kolkata,Movie tickets
T3497,U101,09-03-2021,Expense,Utilities,1954.0,bank transfer,Ahmedabad,Grocery shopping
T9120,U120,2021-07-27,Expense,Rent,15158.0,Bank Transfr,Lucknow,Fixed deposit
T12001,U078,02/21/2023,Expense,RENT,3361.0,CRD,MUMBAI,...
T11444,U020,2022-09-08,Expense,rent,1862.0,UPi,KOLKATA,Shopping
T8910,U073,27-01-2024,Expense,Other,6949.0,Bank Transfer,HYD,test
T10315,U041,2024-11-11,Expense,Helth,8509.0,bank transfer,HYDERABAD,Uber ride
T12163,U067,07/24/2023,Expense,travel,6652.0,cash,lucknow,No Notes
T8966,U023,02-10-21,Expense,Education,8364.0,csh,Mumbai,Lunch
T10778,U036,02/08/2021,Expense,Foods,341.0,UPi,Unknown,Electricity bill
T1396,U072,02/04/2021,Expense,education,5193.0,upi,PUN,Doctor consultation
T11713,U136,2021-02-12,Expense,Travel,1859.0,CARD,Bangalore,No Notes
T12767,U044,2021-11-03,Expense,Entrtnmnt,5685.0,Bank Transfer,BAN,No Notes
T12921,U146,11/30/2024,Income,Investment,69496.0,bank transfer,Bangalore,ATM withdrawal
T9417,U107,19-08-2023,Expense,Rnt,1751.0,Bank_Transfer,Pune,Grocery shopping
T11450,U094,14-08-22,Expense,Utlities,1102.0,upi,PUN,Shopping
T12215,U148,2024-10-29,Expense,food,7063.0,CRD,CHE,EMI payment
T11105,U102,2022-01-26,Expense,Entertain,1125.0,Bank_Transfer,AHMEDABAD,ATM withdrawal
T9215,U149,2022-01-07,Income,Bonus,38108.0,Bank_Transfer,ahmedabad,Online course
T7035,U022,2024-01-06,Expense,Travel,1684.0,upi,Ahmedabad,...
T8593,U121,2023-03-10,Expense,FOOD,5145.0,card,Mumbai,Electricity bill
T5014,U036,03/24/2024,Expense,Traval,1456.0,UPI,bangalore,!!!
T4409,U004,14-05-2024,Expense,Utilties,2290.0,UPi,AHMEDABAD,Train ticket
T4209,U033,08/18/2023,Expense,Rnt,6993.0,Bank Transfer,KOL,test
T6790,U063,22-09-22,Income,Investment,72560.0,Bank Transfer,JAIPUR,Fixed deposit
T2276,U086,09/18/2024,Expense,Foodd,4047.0,BankTransfer,PUNE,Books
T8897,U021,11/22/2021,Income,Bonus,70871.0,CASH,JAI,Lunch
T10100,U092,2021-03-26,Expense,Foods,2268.0,cash,Hyderabad,No Notes
T1583,U045,2023-08-22,Expense,travel,5568.0,bank transfer,BANGALORE,No Notes
T13058,U122,2024-07-16,Expense,rent,9636.0,BankTransfer,Unknown,No Notes
T12193,U121,2024-05-08,Expense,Entertainment,3808.0,Bank Transfr,Hyderabad,Medicine
T3088,U141,2024-03-05,Expense,Education,9578.0,bank transfer,LUC,Electricity bill
T13802,U100,2023-11-27,Expense,Foods,2835.0,CASH,KOLKATA,Coffee
T3659,U059,2021-03-11,Expense,travel,1261.0,CASH,AHM,Gym membership
T5162,U094,2023-05-04,Expense,utilities,157.0,Csh,LUC,No Notes
T2838,U064,27-04-22,Expense,FOOD,1629.0,bank transfer,Ahmedabad,Internet bill
T10609,U050,2021-10-12,Expense,rent,3213.0,card,Unknown,Books
T8566,U042,2022-06-29,Expense,Utilties,630.0,Bank Transfr,KOLKATA,Shopping
T10031,U105,2024-08-17,Expense,Utlities,3479.0,Upi,Delhi,!!!
T12929,U074,04/09/2023,Income,Salary,60483.0,UPi,pune,...
T7257,U015,2024-08-01,Expense,education,3966.0,Crd,Unknown,ATM withdrawal
T8051,U003,10/27/2023,Expense,TRAVEL,3352.0,upi,bangalore,No Notes
T9968,U053,2023-12-22,Expense,entertainment,2489.0,csh,Unknown,Gym membership
T11998,U122,09-05-24,Expense,FOOD,960.0,Bank Transfer,HYD,No Notes
T1067,U053,09/26/2022,Expense,Fod,1461.0,UPI,Bangalore,No Notes
T0575,U088,01/27/2023,Expense,Travel,6879.0,Crd,CHE,No Notes
T0390,U127,05-05-24,Income,Others,73950.0,CASH,JAI,Doctor consultation
T7865,U138,2023-10-18,Expense,Entrtnmnt,6236.0,Crd,KOLKATA,Monthly rent payment
T13350,U084,2022-03-21,Expense,food,3222.0,card,hyderabad,Medicine
T10004,U072,11/23/2024,Expense,Rent,23309.0,,JAIPUR,Medicine
T8401,U072,2022-02-22,Income,Others,70095.0,csh,PUN,Petrol
T0277,U069,2024-06-08,Expense,food,7908.0,upi,AHM,No Notes
T5030,U122,2021-04-04,Expense,food,8285.0,UPI,Mumbai,Coffee
T9973,U005,2021-03-10,Expense,HEALTH,7366.0,Card,Jaipur,Fixed deposit
T3050,U077,10/12/2024,Income,Bonus,34138.0,bank transfer,Unknown,misc
T11285,U102,16-10-2021,Expense,Fod,2412.0,Crd,lucknow,Grocery shopping
T5117,U061,07-09-21,Expense,Rentt,28410.0,bank transfer,CHENNAI,No Notes
T5514,U075,01-02-22,Expense,Utilities,952.0,UPI,BAN,Shopping
T8258,U105,2021-10-02,Expense,RENT,9210.0,,Unknown,Internet bill
T4064,U013,07-01-2024,Income,Others,72708.0,Bank_Transfer,MUM,Internet bill
T8345,U059,2022-03-25,Expense,Foods,4834.0,Card,HYD,Movie tickets
T0168,U045,2024-11-11,Expense,,9485.0,cash,LUC,Gym membership
T7645,U069,10/15/2023,Income,Investment,44957.0,csh,lucknow,misc
T6219,U040,10/30/2023,Income,Bonus,11212.0,Upi,kolkata,Online course
T13357,U031,2021-06-10,Expense,Saving,2217.0,UPI,Unknown,No Notes
T5855,U148,13-11-21,Expense,Food,3736.0,upi,chennai,test
T9516,U137,11-11-2022,Expense,Rent,28652.0,card,Lucknow,Grocery shopping
T0396,U026,2023-01-15,Expense,utilities,207.0,Card,PUNE,misc
T0283,U038,2024-12-29,Expense,Rnt,3060.0,UPI,AHM,Grocery shopping
T3558,U009,02-01-21,Expense,Rnt,6980.0,CASH,delhi,Electricity bill
T5434,U119,2022-09-26,Income,Freelance,46028.0,cash,LUCKNOW,asdfgh
T11956,U135,06-03-23,Expense,Foods,2785.0,card,Bangalore,Petrol
T13217,U129,2022-05-25,Expense,Saving,8847.0,Bank Transfr,Mumbai,Online course
T9889,U041,18-04-2022,Expense,FOOD,6431.0,Upi,HYD,No Notes
T4032,U129,05/30/2024,Income,Bonus,27335.0,csh,hyderabad,No Notes
T3629,U027,2023-11-05,Expense,Foods,151.0,CRD,Delhi,Restaurant dinner
T4894,U107,2022-03-28,Expense,Entrtnmnt,7223.0,Bank Transfr,jaipur,test
T3020,U021,18-10-21,Expense,Food,1413.0,CARD,Unknown,Electricity bill
T3337,U049,2023-01-24,Expense,rent,2243.0,Csh,PUNE,No Notes
T10899,U095,2022-06-04,Expense,Utilties,2918.0,Csh,Lucknow,Petrol
T12126,U098,2024-08-23,Income,Freelance,17088.0,upi,AHM,EMI payment
T8004,U093,22-05-2022,Expense,EDU,144.0,csh,Kolkata,Movie tickets
T11651,U115,08/17/2021,Expense,Rnt,6317.0,Upi,Bangalore,Gym membership
T5655,U028,2024-01-01,Expense,Foods,757.0,cash,DELHI,Grocery shopping
T1481,U018,07/06/2022,Expense,Foods,850.0,bank transfer,MUM,Gym membership
T5957,U092,06/19/2023,Expense,SAVINGS,7713.0,upi,BANGALORE,Lunch
T0042,U146,2023-06-19,Expense,Entrtnmnt,8190.0,Upi,Unknown,Monthly rent payment
T10742,U109,2021-01-31,Expense,Utlities,4045.0,Csh,HYDERABAD,Coffee
T1783,U022,2022-11-19,Expense,utilities,302.0,Csh,Hyderabad,Restaurant dinner
T7736,U140,05/02/2023,Expense,Foods,611.0,Bank Transfr,MUMBAI,Grocery shopping
T8394,U012,2022-04-14,Expense,Entrtnmnt,8897.0,Upi,Jaipur,Restaurant dinner
T12628,U037,2021-09-20,Expense,Foods,3610.0,upi,BANGALORE,Movie tickets
T8016,U105,03-10-24,Expense,Foods,2874.0,UPi,pune,Train ticket
T7344,U069,2022-10-15,Expense,Travel,190.0,Csh,bangalore,Lunch
T8047,U079,01-04-22,Expense,Travel,2866.0,Crd,Unknown,ATM withdrawal
T5419,U015,2024-08-25,Expense,education,5782.0,Bank_Transfer,ahmedabad,Monthly rent payment
T1360,U143,13-03-22,Expense,Utilities,5280.0,Card,LUCKNOW,Books
T13107,U117,23-02-21,Income,Freelance,20615.0,UPI,DELHI,No Notes
T13852,U073,13-10-24,Expense,Entertain,6687.0,Cash,hyderabad,Gym membership
T0403,U109,2023-09-03,Expense,utilities,8602.0,BankTransfer,AHM,!!!
T7941,U053,31-10-24,Expense,Entertain,9396.0,Upi,Jaipur,No Notes
T7428,U014,01/17/2024,Income,Salary,42684.0,UPi,kolkata,Petrol
T2323,U094,09/10/2022,Expense,Entertainment,8216.0,Bank Transfer,hyderabad,No Notes
T13996,U067,03-09-2024,Expense,Foods,2404.0,BankTransfer,lucknow,...
T4205,U137,17-09-2021,Expense,Travl,4672.0,Cash,AHM,Electricity bill
T11147,U141,07/13/2021,Income,Investment,46843.0,Crd,JAIPUR,Doctor consultation
T11908,U013,02/16/2022,Expense,Travl,925.0,upi,mumbai,Lunch
T3867,U057,05/03/2024,Expense,Travel,3474.0,Cash,Kolkata,!!!
T4012,U122,2024-10-16,Expense,rent,5355.0,Bank_Transfer,JAI,Medicine
T10228,U053,2024-12-01,Income,Others,48249.0,Bank Transfr,HYDERABAD,Coffee
T2275,U141,29-11-2023,Expense,Utilities,159.0,CARD,Unknown,Monthly rent payment
T13621,U112,08/03/2024,Expense,rent,7510.0,Crd,HYD,ATM withdrawal
T8588,U110,2022-04-11,Expense,Food,3341.0,CARD,lucknow,Fixed deposit
T2474,U104,02/05/2024,Expense,Health,7360.0,UPi,hyderabad,No Notes
T0154,U001,2021-01-26,Expense,rent,679.0,Bank Transfr,PUNE,No Notes
T9259,U068,2023-07-04,Expense,Foodd,126.0,CARD,Unknown,EMI payment
T8186,U042,04/15/2021,Expense,,5386.0,bank transfer,Chennai,Medicine
T13969,U018,10/27/2022,Expense,others,1753.0,card,Mumbai,No Notes
T0083,U140,16-03-21,Expense,Food,2769.0,BankTransfer,Pune,No Notes
T10641,U087,08/20/2023,Expense,Utilities,6469.0,csh,PUN,Shopping
T10479,U133,07/14/2022,Expense,food,3773.0,card,KOL,Medicine
T10809,U029,09/20/2023,Income,Investment,39633.0,Cash,CHE,...
T5370,U148,08-01-24,Expense,utilities,3890.0,Crd,jaipur,Medicine
T13295,U045,2022-06-09,Expense,Utilities,8846.0,Csh,Ahmedabad,No Notes
T1815,U072,17-02-2021,Income,Others,43700.0,Bank Transfr,KOL,No Notes
T13530,U085,09/07/2024,Income,Others,48358.0,CARD,delhi,Monthly rent payment
T9954,U104,2021-03-27,Income,Investment,26154.0,bank transfer,CHENNAI,...
T10330,U108,03/08/2022,Expense,Traval,5714.0,Bank_Transfer,JAI,Books
T13470,U150,03/31/2024,Expense,Utility,3308.0,,hyderabad,misc
T8463,U070,2022-01-03,Expense,Entertainment,4744.0,Bank Transfer,Hyderabad,Monthly rent payment
T0234,U010,04/01/2023,Expense,Entertainment,2971.0,upi,Unknown,Petrol
T9350,U096,09/17/2023,Expense,Fod,9956.0,Card,CHENNAI,asdfgh
T7329,U061,01-12-2021,Income,Others,61329.0,Upi,Delhi,No Notes
T1290,U138,10/13/2021,Expense,entertainment,6527.0,CASH,AHM,ATM withdrawal
T10483,U027,2021-10-28,Expense,Travel,8987.0,bank transfer,chennai,test
T10373,U091,20-07-24,Expense,Travl,1090.0,Bank Transfer,pune,!!!
T11611,U092,22-09-2023,Expense,RENT,4930.0,UPI,pune,Monthly rent payment
T2332,U007,08-01-24,Income,Investment,79248.0,BankTransfer,DEL,Internet bill
T10762,U123,08/06/2022,Expense,Rent,24254.0,Cash,Unknown,Grocery shopping
T8254,U147,31-01-2023,Expense,Rent,39660.0,UPi,CHE,Online course
T4478,U134,05/02/2024,Expense,entertainment,2821.0,csh,Unknown,Gym membership
T12753,U016,05-11-22,Expense,Food,3634.0,CRD,HYDERABAD,Medicine
T1977,U077,2022-12-06,Expense,savings,5991.0,UPI,hyderabad,No Notes
T10194,U063,2023-10-18,Expense,Traval,7179.0,BankTransfer,LUC,Internet bill
T3086,U006,13-06-2022,Expense,Educaton,3199.0,CRD,DELHI,asdfgh
T13190,U147,2022-12-28,Expense,Entertainment,6893.0,UPi,LUC,Gym membership
T5986,U128,2024-11-03,Income,Bonus,20102.0,Bank_Transfer,AHMEDABAD,No Notes
T7793,U130,2023-08-07,Expense,Entertain,5749.0,upi,MUMBAI,xyz123
T0811,U148,16-04-24,Expense,Traval,8478.0,csh,AHMEDABAD,Online course
T12020,U077,2021-04-24,Expense,Entrtnmnt,5033.0,Bank Transfer,kolkata,!!!
T10369,U037,03-10-2021,Income,Salary,68977.0,Card,Unknown,misc
T6262,U072,25-01-2024,Expense,Fod,2737.0,Card,CHE,Monthly rent payment
T12703,U059,11/16/2024,Expense,HEALTH,8072.0,BankTransfer,BAN,!!!
T7106,U112,26-07-24,Expense,,9251.0,Upi,Lucknow,Medicine
T0783,U051,2022-04-21,Expense,food,2905.0,Bank_Transfer,ahmedabad,Grocery shopping
T4482,U021,01/27/2024,Income,Salary,293358.0,card,MUM,...
T3802,U016,2021-12-10,Expense,Utility,7694.0,card,mumbai,Gym membership
T12232,U099,2023-12-14,Expense,Education,3701.0,UPi,LUCKNOW,ATM withdrawal
T10102,U014,2023-06-06,Expense,RENT,8956.0,upi,HYDERABAD,Books
T1188,U131,03-08-2021,Expense,HEALTH,1777.0,UPI,JAIPUR,asdfgh
T5517,U013,05/19/2022,Expense,RENT,4730.0,Card,LUC,asdfgh
T4066,U143,08/26/2023,Expense,Utility,5615.0,Upi,lucknow,Movie tickets
T9230,U150,06-10-22,Expense,Travl,5127.0,Upi,Chennai,No Notes
T5424,U095,2024-08-13,Expense,Food,3102.0,Bank Transfer,DELHI,Fixed deposit
T10972,U098,09/07/2022,Income,Investment,75735.0,UPi,BANGALORE,No Notes
T0100,U088,16-10-24,Expense,Utlities,3250.0,Upi,AHM,No Notes
T2236,U085,2024-08-27,Expense,Foodd,941.0,csh,CHENNAI,misc
T5953,U135,2024-12-22,Expense,Traval,1829.0,cash,KOLKATA,Doctor consultation
T9022,U098,01/05/2022,Expense,FOOD,4036.0,bank transfer,hyderabad,!!!
T10673,U150,06-06-22,Income,Others,45760.0,CASH,AHM,No Notes
T8196,U064,04-09-2021,Expense,Rnt,5312.0,CRD,delhi,asdfgh
T0105,U140,02-10-21,Expense,Health,7618.0,,KOLKATA,Medicine
T4682,U077,2021-12-28,Expense,Foods,3302.0,Card,CHENNAI,Grocery shopping
T6220,U110,12/14/2024,Income,Bonus,20953.0,cash,JAI,xyz123
T11045,U071,2021-02-03,Expense,FOOD,7505.0,card,Delhi,Internet bill
T8251,U045,2021-02-20,Expense,others,5549.0,,Ahmedabad,Online course
T5984,U116,16-10-23,Income,Bonus,14365.0,Crd,AHMEDABAD,Online course
T5685,U134,08-09-21,Expense,Entertain,8517.0,Bank Transfr,MUMBAI,No Notes
T0282,U032,12/17/2024,Expense,Entertain,8483.0,cash,Lucknow,Shopping
T9220,U126,05-07-2024,Expense,Utilities,646.0,CRD,jaipur,test
T5520,U130,06-08-2022,Income,Bonus,65773.0,CRD,Pune,Books
T4853,U058,10/26/2021,Income,Salary,69839.0,CARD,Jaipur,...
T0794,U058,07-09-22,Income,Bonus,79565.0,Bank Transfr,PUN,Electricity bill
T8723,U148,2022-05-15,Expense,Foods,3279.0,Cash,hyderabad,misc
T13003,U015,21-09-2023,Expense,utilities,6835.0,BankTransfer,PUN,Doctor consultation
T7536,U133,12-08-22,Expense,FOOD,6533.0,csh,HYD,!!!
T9061,U004,2023-02-14,Expense,Utility,3006.0,CARD,Pune,Lunch
T10675,U112,02-08-2024,Income,Freelance,23898.0,Crd,Ahmedabad,Doctor consultation
T8453,U009,2022-12-29,Income,Others,22632.0,card,DEL,Internet bill
T10089,U119,21-06-24,Income,Investment,69406.0,Crd,LUCKNOW,Electricity bill
T5808,U087,21-07-23,Expense,Utilties,3460.0,UPI,Unknown,!!!
T1127,U087,11/22/2021,Expense,Utilities,8733.0,Bank Transfr,chennai,Train ticket
T10423,U024,2024-10-17,Expense,Entertain,8882.0,Bank Transfer,PUN,Grocery shopping
T9395,U060,04-12-23,Expense,Utlities,6373.0,Bank_Transfer,Unknown,misc
T2633,U057,06/13/2024,Expense,Foods,3299.0,BankTransfer,DELHI,EMI payment
T5381,U011,04-01-21,Expense,rent,4357.0,CARD,Kolkata,Fixed deposit
T8010,U057,26-02-2024,Expense,Traval,2625.0,CASH,LUCKNOW,Uber ride
T12612,U149,2021-08-20,Expense,RENT,9638.0,Card,pune,Train ticket
T10575,U033,24-11-2023,Expense,rent,7308.0,card,KOL,Online course
T1772,U130,01/17/2022,Expense,Fod,6135.0,card,delhi,asdfgh
T1438,U017,2023-02-07,Expense,RENT,5126.0,CASH,LUC,Train ticket
T3647,U116,12/17/2023,Expense,rent,592.0,Upi,Unknown,Coffee
T1342,U095,21-10-24,Expense,FOOD,8176.0,upi,Delhi,Lunch
T2369,U052,2023-12-18,Expense,entertainment,5598.0,csh,Kolkata,Shopping
T13293,U032,22-01-22,Income,Salary,41288.0,Upi,kolkata,Doctor consultation
T6858,U142,15-07-2024,Expense,FOOD,3233.0,UPi,PUNE,!!!
T13291,U094,2023-10-26,Expense,Saving,5715.0,Csh,KOL,Electricity bill
T10729,U150,10/26/2024,Income,Investment,42045.0,Bank Transfer,MUM,Online course
T8792,U115,10/10/2023,Expense,Rentt,6214.0,card,KOLKATA,Electricity bill
T6035,U041,2024-07-08,Expense,Travel,7475.0,Upi,PUNE,Shopping
T11576,U107,2023-04-15,Expense,education,8679.0,BankTransfer,Mumbai,Medicine
T6377,U066,02/27/2021,Expense,Rent,48454.0,CRD,DEL,Online course
T9044,U030,16-11-24,Expense,Entertain,9721.0,UPi,Delhi,No Notes
T0942,U142,07/08/2021,Expense,Rnt,2765.0,CASH,Unknown,misc
T7129,U088,2023-03-25,Expense,TRAVEL,2905.0,Card,Pune,EMI payment
T2188,U041,12/29/2021,Expense,Rent,5699.0,upi,BAN,misc
T2185,U012,2021-09-11,Expense,Foodd,2114.0,upi,PUNE,Restaurant dinner
T8413,U080,17-11-24,Expense,Health,5312.0,upi,DEL,EMI payment
T4588,U027,11/25/2024,Expense,utilities,194.0,CASH,LUCKNOW,Grocery shopping
T10193,U035,04/17/2021,Income,Others,21264.0,BankTransfer,KOLKATA,Online course
T5754,U059,2021-01-03,Expense,Entertain,316.0,Bank Transfer,jaipur,...
T10518,U088,2024-06-14,Expense,food,6488.0,bank transfer,LUC,...
T12277,U080,2023-02-17,Expense,Utilities,2317.0,BankTransfer,bangalore,test
T12385,U138,2021-03-29,Expense,Rentt,16454.0,Bank Transfer,PUNE,Online course
T11067,U098,2024-07-24,Expense,Food,435.0,Card,KOLKATA,Doctor consultation
T3681,U052,19-02-24,Expense,OTHERS,1158.0,UPi,PUNE,No Notes
T8530,U042,09/18/2023,Expense,Travel,6021.0,UPI,lucknow,Petrol
T11903,U041,06-10-2021,Expense,Savings,999999.0,BankTransfer,Unknown,Gym membership
T3018,U025,2022-06-03,Expense,savings,9976.0,Bank Transfer,hyderabad,Gym membership
T10136,U022,2023-12-18,Income,Salary,24773.0,Bank_Transfer,LUC,Monthly rent payment
T8175,U068,2022-09-02,Expense,Foodd,2213.0,CASH,BANGALORE,Doctor consultation
T0451,U059,2022-11-10,Expense,health,3744.0,Bank Transfer,Unknown,Doctor consultation
T8176,U097,03/31/2021,Expense,Utilities,4521.0,Bank Transfer,HYD,misc
T5700,U097,2023-03-02,Income,Salary,47389.0,UPi,MUM,No Notes
T7659,U112,29-07-2022,Expense,HEALTH,2352.0,,JAIPUR,Grocery shopping
T1276,U083,09/05/2024,Expense,entertainment,4736.0,Bank_Transfer,LUC,Lunch
T9304,U087,11/30/2024,Expense,rent,4116.0,UPi,BANGALORE,No Notes
T0964,U109,2023-03-21,Income,Freelance,28542.0,Card,ahmedabad,Monthly rent payment
T0426,U001,2024-11-20,Expense,RENT,6258.0,UPI,Unknown,Restaurant dinner
T3097,U109,08/30/2022,Expense,travel,1666.0,Bank_Transfer,HYDERABAD,No Notes
T2878,U007,2022-11-04,Expense,Educaton,8832.0,BankTransfer,hyderabad,Coffee
T5439,U114,2024-03-04,Expense,Fod,4342.0,CARD,Jaipur,xyz123
T9629,U103,2021-03-13,Expense,Travl,6201.0,CASH,Mumbai,Medicine
T0798,U116,22-10-23,Expense,Travel,4659.0,CARD,JAIPUR,Coffee
T12083,U032,2023-09-13,Expense,Travel,8172.0,UPI,lucknow,Doctor consultation
T1097,U004,2022-02-21,Expense,Food,3122.0,UPi,bangalore,Electricity bill
T12982,U001,2023-04-06,Income,Salary,69892.0,Bank_Transfer,Unknown,Grocery shopping
T5453,U085,2022-06-22,Expense,Travel,2765.0,upi,kolkata,Books
T2729,U006,05-06-2023,Expense,Traval,4290.0,UPi,mumbai,Uber ride
T6871,U120,30-04-21,Expense,Foods,3485.0,csh,JAI,Electricity bill
T11892,U125,07/26/2021,Expense,EDU,391.0,Csh,Lucknow,Medicine
T3538,U059,2021-02-14,Expense,Foodd,1564.0,UPi,BAN,ATM withdrawal
T1147,U052,2021-12-30,Expense,Entertainment,3740.0,,jaipur,Shopping
T11439,U084,2024-03-21,Income,Bonus,17575.0,UPI,Unknown,Medicine
T4229,U016,11/10/2021,Expense,Travl,7527.0,UPI,AHMEDABAD,Fixed deposit
T0812,U065,30-09-2024,Income,Bonus,79248.0,UPi,Mumbai,No Notes
T10288,U103,2021-10-21,Expense,entertainment,6155.0,BankTransfer,ahmedabad,EMI payment
T9694,U020,2022-08-26,Expense,Travel,3605.0,Bank Transfer,Delhi,Coffee
T11645,U086,03-07-22,Expense,Utility,9791.0,card,Bangalore,xyz123
T12077,U059,12/01/2023,Expense,Entertainment,5605.0,Card,Hyderabad,Fixed deposit
T2788,U088,19-02-21,Expense,Travel,6362.0,Bank Transfr,PUN,Shopping
T10834,U066,2021-03-26,Expense,FOOD,6819.0,CARD,AHMEDABAD,Gym membership
T13842,U087,2023-05-04,Expense,Foods,2829.0,Bank Transfer,AHM,Fixed deposit
T12205,U071,12/10/2023,Expense,EDU,445.0,csh,Unknown,Online course
T10251,U078,08-03-24,Expense,Utilties,8153.0,CASH,LUC,ATM withdrawal
T1737,U078,2024-04-03,Expense,Utilities,1401.0,Bank_Transfer,BANGALORE,Online course
T12371,U087,2022-12-11,Expense,RENT,8167.0,Bank Transfer,PUNE,ATM withdrawal
T2125,U136,14-04-2022,Expense,RENT,1300.0,Bank Transfer,LUCKNOW,No Notes
T3439,U027,11/02/2023,Expense,Foodd,272.0,UPi,lucknow,Coffee
T12363,U001,2023-11-10,Expense,FOOD,4839.0,csh,mumbai,EMI payment
T10386,U032,14-10-22,Expense,Rentt,38710.0,CASH,AHMEDABAD,Gym membership
T4997,U052,06-01-24,Expense,Foodd,226.0,upi,kolkata,No Notes
T8994,U105,07-07-2024,Expense,FOOD,8129.0,Cash,Jaipur,...
T5186,U008,28-01-23,Expense,utilities,9406.0,Card,Jaipur,Gym membership
T4120,U125,04/25/2023,Expense,RENT,4452.0,CARD,DELHI,EMI payment
T3507,U019,02/14/2024,Expense,RENT,5576.0,Cash,PUN,No Notes
T0939,U125,2021-05-29,Expense,Foodd,685.0,,Bangalore,Monthly rent payment
T1160,U040,24-10-2022,Expense,Traval,7596.0,Upi,lucknow,ATM withdrawal
T9836,U017,14-05-2023,Expense,Foods,833.0,cash,Chennai,Uber ride
T8969,U131,26-05-24,Expense,Fod,8831.0,cash,bangalore,Restaurant dinner
T7883,U091,2023-12-10,Income,Bonus,48899.0,upi,Unknown,Medicine
T11916,U063,27-10-2022,Expense,EDU,7364.0,Bank_Transfer,CHENNAI,EMI payment
T7473,U126,2024-03-23,Expense,rent,8260.0,CASH,CHE,Fixed deposit
T13299,U098,2022-06-10,Expense,Rent,16911.0,cash,HYD,Uber ride
T6503,U077,03/27/2022,Expense,Fod,5319.0,Upi,Lucknow,Fixed deposit
T5476,U086,2021-12-28,Expense,Rnt,5982.0,upi,ahmedabad,No Notes
T2904,U046,02-11-23,Income,Investment,55994.0,UPi,MUMBAI,Doctor consultation
T4950,U117,2023-01-16,Expense,Entertainment,943.0,BankTransfer,ahmedabad,Online course
T10181,U071,2022-06-07,Expense,health,991.0,UPi,Lucknow,Coffee
T6145,U079,20-03-24,Expense,Foods,2969.0,bank transfer,LUC,Coffee
T10687,U005,2023-07-18,Expense,Entrtnmnt,4279.0,CARD,mumbai,Uber ride
T9838,U057,09/18/2023,Expense,Fod,4921.0,Card,KOLKATA,Monthly rent payment
T8068,U017,06/15/2022,Income,Bonus,61153.0,card,JAIPUR,Restaurant dinner
T13739,U119,2024-11-23,Expense,Food,4921.0,Upi,HYDERABAD,Restaurant dinner
T13633,U143,2022-11-22,Expense,OTHERS,3418.0,bank transfer,JAIPUR,Books
T0274,U129,05/07/2021,Income,Salary,39567.0,Card,jaipur,Gym membership
T5001,U148,2022-08-31,Income,Investment,74667.0,Upi,DEL,xyz123
T6818,U091,17-10-21,Expense,Helth,2633.0,Bank_Transfer,Bangalore,Books
T7076,U090,12/22/2021,Expense,Educaton,1934.0,UPi,Chennai,...
T6385,U034,2023-09-24,Expense,Foods,913.0,Card,AHM,Online course
T7237,U083,02/21/2023,Expense,Education,7566.0,upi,JAI,Doctor consultation
T7482,U105,12/02/2023,Income,Others,24464.0,Card,bangalore,Doctor consultation
T3441,U051,04/20/2023,Expense,Utlities,8410.0,CARD,mumbai,!!!
T8583,U122,03/22/2023,Expense,Travel,3183.0,Upi,hyderabad,No Notes
T10167,U110,17-08-2021,Income,Others,74602.0,CRD,Unknown,Gym membership
T0281,U037,08/16/2024,Expense,savings,5399.0,CARD,Hyderabad,Petrol
T8456,U088,01-07-2023,Income,Investment,36331.0,CARD,DEL,Internet bill
T3353,U105,03/11/2023,Expense,Entrtnmnt,6762.0,Bank_Transfer,Jaipur,No Notes
T8689,U071,2021-10-08,Expense,rent,1783.0,,PUNE,xyz123
T0082,U060,11/29/2022,Expense,food,4578.0,BankTransfer,lucknow,xyz123
T13826,U130,17-12-24,Expense,Helth,2035.0,,JAIPUR,Gym membership
T4603,U116,2023-05-23,Expense,Travl,2374.0,UPI,HYDERABAD,Uber ride
T6692,U134,01/24/2022,Expense,Travl,8666.0,Bank Transfr,Jaipur,ATM withdrawal
T0863,U059,01/16/2024,Expense,Educaton,4881.0,Cash,Ahmedabad,No Notes
T2551,U016,04-08-23,Expense,RENT,9609.0,Card,Lucknow,Restaurant dinner
T0805,U044,11-03-24,Expense,FOOD,2175.0,CARD,Unknown,Medicine
T12314,U117,2021-07-04,Income,Others,29690.0,UPI,Unknown,Restaurant dinner
T2222,U110,08-08-22,Expense,Entertain,694.0,,PUN,test
T4597,U032,2022-12-02,Expense,Rentt,32595.0,UPI,DELHI,No Notes
T12219,U074,2022-01-14,Expense,food,2622.0,Upi,Mumbai,No Notes
T9585,U021,2021-10-07,Income,Bonus,60194.0,CASH,lucknow,xyz123
T9515,U075,09/27/2022,Expense,food,6565.0,CRD,Unknown,Internet bill
T6430,U046,2021-02-19,Income,Salary,12836.0,card,Bangalore,Monthly rent payment
T5409,U010,11/08/2024,Expense,Educaton,463.0,upi,jaipur,...
T5053,U040,2023-10-23,Expense,food,5779.0,Csh,AHM,Monthly rent payment
T9081,U067,30-04-24,Expense,Food,2451.0,BankTransfer,Delhi,Electricity bill
T4731,U007,2024-12-17,Expense,travel,1709.0,Upi,HYD,No Notes
T13209,U001,23-03-24,Expense,Travl,8514.0,card,bangalore,No Notes
T12381,U065,22-01-24,Expense,Fod,999999.0,upi,JAIPUR,Shopping
T11922,U099,21-09-2024,Expense,TRAVEL,5916.0,,PUN,Medicine
T8232,U133,07-04-2024,Expense,travel,8705.0,Bank Transfr,CHENNAI,Internet bill
T9063,U129,2023-06-25,Expense,Travel,8780.0,Csh,LUC,Books
T2547,U135,22-05-23,Expense,Entrtnmnt,2839.0,Bank Transfr,MUMBAI,EMI payment
T4805,U003,2024-03-07,Expense,Food,291.0,Crd,LUCKNOW,Lunch
T2692,U022,26-10-2022,Expense,Foodd,1162.0,BankTransfer,LUC,No Notes
T7444,U006,11/28/2023,Expense,Utility,8076.0,CARD,hyderabad,test
T10263,U066,10/03/2022,Expense,rent,5223.0,UPI,chennai,xyz123
T8244,U128,07-08-24,Expense,FOOD,3559.0,csh,Unknown,test
T10222,U121,15-02-2024,Income,Others,59288.0,UPi,MUMBAI,No Notes
T6340,U128,2021-06-19,Income,Salary,57527.0,Crd,BANGALORE,No Notes
T4372,U055,14-08-2023,Expense,RENT,6907.0,,Jaipur,asdfgh
T12208,U094,21-10-2023,Expense,Entertain,853.0,UPi,Mumbai,Restaurant dinner
T10037,U124,05/27/2021,Expense,TRAVEL,5867.0,upi,jaipur,EMI payment
T13065,U086,04/20/2024,Expense,Entertainment,1125.0,cash,MUMBAI,Coffee
T10726,U066,2022-02-04,Income,Freelance,23590.0,Cash,pune,No Notes
T11186,U145,21-11-24,Expense,Utlities,491.0,bank transfer,CHE,Lunch
T10684,U094,02-04-23,Expense,Utilities,7477.0,Bank Transfer,AHMEDABAD,Gym membership
T0630,U097,2024-12-17,Income,Investment,52875.0,Bank_Transfer,Delhi,No Notes
T7581,U145,2023-09-25,Income,Bonus,23968.0,bank transfer,CHE,ATM withdrawal
T13545,U113,01-11-24,Expense,Health,7603.0,CARD,Hyderabad,Gym membership
T9246,U030,2022-09-26,Expense,health,5387.0,Bank Transfr,DELHI,Electricity bill
T4261,U021,2024-07-11,Expense,Fod,4414.0,,KOL,No Notes
T13267,U122,04/22/2023,Expense,Utlities,6115.0,BankTransfer,Unknown,Gym membership
T5436,U022,19-02-23,Expense,food,6575.0,Card,DEL,Medicine
T9192,U016,04/08/2021,Expense,Health,9520.0,bank transfer,Kolkata,xyz123
T6072,U076,03/25/2022,Expense,Food,2345.0,Bank Transfr,CHENNAI,Doctor consultation
T5395,U118,2023-05-22,Expense,Foodd,1341.0,Bank_Transfer,PUNE,test
T0111,U108,02/23/2023,Income,Salary,27431.0,Crd,Bangalore,Gym membership
T10368,U115,08/18/2022,Expense,Helth,1906.0,CASH,Unknown,Electricity bill
T0442,U138,05/17/2021,Expense,OTHERS,9157.0,UPi,Kolkata,Books
T12234,U104,20-12-2024,Expense,Helth,1233.0,upi,PUN,Doctor consultation
T7544,U049,25-08-2023,Expense,FOOD,7992.0,UPI,Chennai,Monthly rent payment
T10004,U118,08/17/2022,Expense,Rent,49933.0,BankTransfer,PUN,No Notes
T2740,U070,22-03-24,Expense,Fod,5293.0,UPI,MUM,No Notes
T8747,U097,02/29/2024,Expense,Entertain,2897.0,Bank_Transfer,HYD,Train ticket
T9229,U087,11/10/2023,Expense,Utlities,6977.0,,Unknown,asdfgh
T11340,U081,10-01-21,Expense,food,1714.0,Bank Transfer,DEL,Uber ride
T5071,U093,2024-09-05,Income,Investment,24915.0,Cash,PUN,Petrol
T9715,U017,08/03/2023,Income,,73428.0,,hyderabad,Grocery shopping
T12398,U099,08/12/2022,Expense,FOOD,698.0,Crd,bangalore,Medicine
T12717,U031,2023-12-01,Expense,Helth,6777.0,cash,AHMEDABAD,xyz123
T13993,U064,15-03-23,Expense,Fod,3206.0,UPI,MUMBAI,...
T5336,U088,09-09-22,Income,Freelance,23251.0,Card,LUCKNOW,No Notes
T8336,U088,2023-07-09,Expense,RENT,5075.0,Bank Transfer,HYD,No Notes
T7721,U096,2022-05-22,Income,Investment,10440.0,CARD,DELHI,!!!
T11135,U033,04/24/2023,Income,Salary,32286.0,Crd,jaipur,No Notes
T12161,U128,16-10-2022,Expense,RENT,6814.0,bank transfer,CHENNAI,Petrol
T4828,U119,03/03/2021,Income,Freelance,25353.0,Bank Transfer,delhi,No Notes
T0846,U058,17-10-21,Expense,Rent,6504.0,CASH,mumbai,asdfgh
T8069,U131,07-01-2021,Income,Others,79463.0,Cash,Ahmedabad,No Notes
T8647,U064,03/02/2021,Expense,Foods,4340.0,CRD,KOLKATA,No Notes
T1939,U003,10/26/2023,Expense,RENT,2146.0,csh,CHENNAI,...
T12304,U032,10/11/2022,Expense,Rent,13684.0,CASH,LUC,Restaurant dinner
T1524,U074,07/14/2024,Expense,,3772.0,Card,JAI,Uber ride
T1006,U133,08/11/2022,Expense,FOOD,2261.0,Csh,PUN,EMI payment
T6602,U083,2022-08-19,Expense,Rentt,5827.0,UPI,DEL,Electricity bill
T6851,U023,2021-06-20,Expense,food,4469.0,UPi,JAI,Uber ride
T12358,U084,2022-09-25,Expense,Utilities,7644.0,Upi,Unknown,No Notes
T13096,U141,28-01-21,Expense,utilities,6008.0,Bank Transfr,Kolkata,ATM withdrawal
T1612,U024,06-08-22,Expense,savings,7251.0,csh,BAN,Online course
T4491,U039,08-07-24,Expense,health,6883.0,UPI,DELHI,Grocery shopping
T13925,U073,19-12-2023,Income,Freelance,50686.0,cash,HYDERABAD,No Notes
T4891,U073,08/25/2023,Expense,Travl,4592.0,Bank_Transfer,jaipur,No Notes
T9368,U140,22-11-23,Income,Salary,45815.0,Bank Transfr,CHE,Gym membership
T9299,U108,02-06-2021,Expense,Fod,3785.0,bank transfer,Kolkata,No Notes
T1162,U098,05/11/2021,Expense,Education,8791.0,upi,bangalore,Doctor consultation
T6943,U037,2024-08-23,Expense,utilities,2705.0,BankTransfer,HYDERABAD,Monthly rent payment
T4881,U022,15-06-2022,Expense,Fod,8215.0,Bank Transfr,pune,Monthly rent payment
T4199,U064,22-08-22,Expense,Entertainment,1951.0,CARD,Jaipur,Electricity bill
T1997,U130,2023-12-22,Expense,Utilties,4656.0,Bank Transfr,Pune,Electricity bill
T3226,U039,2021-02-22,Expense,Food,2265.0,Cash,MUM,No Notes
T1801,U037,2021-10-06,Income,Others,61674.0,UPI,CHENNAI,EMI payment
T3616,U063,04/11/2024,Expense,Utlities,5559.0,Crd,chennai,Coffee
T4643,U112,2023-08-18,Expense,food,1248.0,UPi,Bangalore,Train ticket
T7681,U041,2024-12-09,Income,Freelance,22156.0,BankTransfer,AHMEDABAD,Coffee
T12981,U036,08/15/2022,Expense,education,2565.0,CASH,chennai,Lunch
T12510,U141,11/19/2023,Expense,Utilities,3444.0,UPI,bangalore,No Notes
T0703,U004,2023-02-21,Expense,Food,2759.0,UPi,Unknown,Internet bill
T11021,U086,2024-08-11,Income,Bonus,39095.0,Bank_Transfer,CHENNAI,Train ticket
T12081,U106,2022-01-05,Expense,Rnt,5680.0,Card,KOLKATA,...
T6923,U031,2024-11-10,Income,Salary,61699.0,CARD,KOL,No Notes
T0315,U062,10-05-21,Expense,Rnt,368.0,CASH,jaipur,No Notes
T2333,U101,2022-05-02,Expense,Health,5578.0,CASH,Chennai,...
T1317,U124,2021-03-30,Expense,SAVINGS,8044.0,Card,Jaipur,No Notes
T2457,U066,2023-12-24,Expense,SAVINGS,3788.0,Csh,Chennai,Monthly rent payment
T10902,U036,18-05-2022,Expense,Utlities,7543.0,Card,DELHI,Uber ride
T13362,U051,2023-02-05,Expense,Rnt,5904.0,card,Unknown,Medicine
T1058,U123,26-07-22,Expense,EDU,2763.0,upi,pune,Fixed deposit
T12848,U050,26-11-21,Expense,TRAVEL,137.0,upi,PUN,Petrol
T9305,U006,2021-04-15,Expense,Fod,1520.0,,AHMEDABAD,Restaurant dinner
T2090,U009,03/10/2022,Income,Investment,64672.0,UPI,Lucknow,xyz123
T12045,U028,2024-03-03,Expense,food,2603.0,UPi,ahmedabad,Electricity bill
T13904,U141,01/09/2022,Expense,FOOD,3225.0,CRD,PUNE,misc
T0076,U040,19-11-24,Expense,Travl,6068.0,UPi,CHE,EMI payment
T5079,U113,24-01-22,Expense,Food,4352.0,bank transfer,jaipur,ATM withdrawal
T3404,U032,10/18/2023,Expense,Rent,14737.0,Crd,ahmedabad,No Notes
T4803,U039,2022-12-15,Income,Salary,26112.0,Upi,Mumbai,!!!
T10069,U063,2024-05-08,Expense,Travl,8617.0,UPI,ahmedabad,Coffee
T9359,U053,2024-08-30,Expense,food,9142.0,cash,BANGALORE,Gym membership
T4285,U150,03/01/2023,Expense,RENT,7840.0,Csh,Unknown,No Notes
T1345,U046,2022-01-20,Expense,education,4316.0,BankTransfer,Kolkata,Uber ride
T0093,U078,11/03/2024,Expense,Foodd,4016.0,Upi,Bangalore,misc
T3548,U012,2024-06-10,Expense,food,1363.0,,bangalore,xyz123
T1821,U109,06/16/2023,Income,Investment,27837.0,CASH,Hyderabad,EMI payment
T5626,U092,10/08/2021,Expense,Fod,3766.0,,KOLKATA,Coffee
T3145,U143,11/26/2024,Expense,Entrtnmnt,5191.0,bank transfer,Pune,Online course
T0086,U113,2021-05-18,Expense,Utility,2613.0,csh,HYD,test
T8148,U084,2022-01-17,Expense,Food,629.0,upi,DEL,Doctor consultation
T11453,U055,2024-05-24,Expense,Travl,8912.0,csh,mumbai,Monthly rent payment
T11197,U085,10/25/2023,Expense,Rentt,24643.0,bank transfer,DEL,No Notes
T9540,U094,02/24/2024,Expense,Travl,9928.0,Bank_Transfer,PUNE,Online course
T13897,U025,08/01/2021,Expense,Travl,2058.0,UPI,BANGALORE,Internet bill
T0405,U147,2023-12-07,Expense,travel,558.0,Csh,chennai,Train ticket
T5838,U133,2022-02-22,Income,Others,12632.0,Cash,AHMEDABAD,asdfgh
T6743,U041,16-01-21,Expense,Rentt,35468.0,UPI,Unknown,asdfgh
T4088,U093,03/22/2023,Expense,FOOD,9481.0,Crd,JAIPUR,misc
T2777,U108,27-02-21,Income,Freelance,77274.0,Bank Transfer,jaipur,Medicine
T1984,U099,10/24/2024,Income,Freelance,57382.0,UPi,chennai,test
T5805,U053,2022-08-10,Expense,health,6178.0,upi,CHENNAI,Internet bill
T13679,U029,03/03/2023,Expense,Traval,9605.0,Csh,Delhi,Monthly rent payment
T1917,U003,06/30/2022,Expense,,2798.0,CASH,Unknown,Electricity bill
T3677,U052,01/28/2024,Expense,Foods,4826.0,upi,jaipur,No Notes
T11706,U036,2021-07-17,Expense,Education,3065.0,Bank_Transfer,chennai,Online course
T9739,U051,01/20/2022,Expense,Travl,5272.0,Bank Transfer,Jaipur,Grocery shopping
T1145,U063,2021-06-28,Expense,Entertainment,6940.0,CARD,Kolkata,No Notes
T4960,U044,17-05-24,Expense,travel,183.0,CASH,Jaipur,No Notes
T1086,U037,2023-03-25,Expense,Rentt,10392.0,csh,Ahmedabad,No Notes
T10421,U101,2022-02-17,Income,Freelance,20394.0,UPi,HYDERABAD,Monthly rent payment
T1461,U119,2023-08-05,Expense,education,4179.0,upi,Mumbai,Fixed deposit
T5329,U116,02/18/2022,Expense,Foods,3140.0,UPI,Hyderabad,test
T6873,U021,2023-04-15,Expense,food,6907.0,cash,PUN,Internet bill
T10692,U101,2022-07-13,Expense,rent,4863.0,UPi,KOLKATA,ATM withdrawal
T0732,U083,10/03/2023,Income,Investment,35320.0,CRD,MUM,No Notes
T11841,U015,09/25/2024,Expense,Entertain,618.0,Cash,AHMEDABAD,Grocery shopping
T10050,U003,2023-05-31,Expense,Rentt,45251.0,CARD,Ahmedabad,EMI payment
T8663,U063,08/31/2024,Expense,health,1350.0,Cash,KOL,...
T2791,U122,09-07-2022,Expense,Foodd,2321.0,CARD,JAI,Uber ride
T3890,U030,09/01/2023,Income,Salary,55883.0,,MUM,Medicine
T12734,U132,2024-03-06,Expense,Utility,1582.0,CARD,BANGALORE,test
T9522,U026,2022-04-10,Income,Salary,74036.0,upi,Jaipur,Online course
T13552,U109,21-11-23,Income,Investment,60888.0,Bank Transfer,Ahmedabad,Gym membership
T7396,U030,29-07-22,Expense,Entertain,7059.0,Card,jaipur,Internet bill
T0385,U076,2024-02-03,Expense,FOOD,7712.0,UPI,mumbai,Restaurant dinner
T8411,U006,2024-12-10,Expense,travel,4369.0,CASH,Jaipur,Lunch
T3882,U033,2024-09-25,Expense,Foods,3000.0,Csh,jaipur,Restaurant dinner
T8815,U036,01-06-21,Expense,Travel,7086.0,,CHENNAI,Online course
T7070,U011,2024-08-12,Income,Bonus,30889.0,Upi,ahmedabad,Online course
T12107,U056,2024-11-28,Income,Investment,38597.0,Csh,kolkata,Coffee
T0065,U080,03/29/2024,Expense,Travel,9213.0,Bank_Transfer,LUC,Monthly rent payment
T6276,U074,10-06-24,Expense,Utility,5281.0,Bank Transfer,Pune,Restaurant dinner
T6674,U064,2022-06-03,Expense,food,1934.0,Bank_Transfer,mumbai,Doctor consultation
T4732,U057,09/05/2022,Expense,Savings,2722.0,card,PUNE,Online course
T1509,U136,12/10/2022,Expense,OTHERS,7998.0,BankTransfer,AHMEDABAD,Movie tickets
T8667,U066,2023-01-28,Expense,utilities,2854.0,Cash,LUCKNOW,...
T13150,U028,17-10-2022,Expense,Food,4781.0,csh,BANGALORE,Restaurant dinner
T13861,U104,2023-11-29,Expense,Food,4924.0,CASH,CHE,Shopping
T3495,U130,2021-08-21,Income,Others,12387.0,UPI,LUC,Monthly rent payment
T12536,U054,23-03-22,Expense,Utlities,7241.0,card,Ahmedabad,Doctor consultation
T11474,U141,09-10-21,Expense,travel,6606.0,Csh,Mumbai,asdfgh
T10623,U118,04/02/2022,Expense,Utlities,8228.0,Bank_Transfer,HYD,Online course
T4920,U065,2021-08-30,Expense,Rentt,12870.0,UPI,lucknow,Grocery shopping
T6119,U132,30-06-24,Expense,TRAVEL,754.0,,delhi,!!!
T7839,U134,18-12-24,Income,Freelance,17765.0,Upi,Bangalore,Medicine
T9392,U115,20-11-22,Income,Salary,71698.0,Upi,LUCKNOW,Lunch
T5728,U043,2022-09-26,Expense,Travel,5908.0,UPI,Unknown,Coffee
T1528,U109,2022-04-11,Expense,HEALTH,5710.0,CASH,mumbai,Books
T6358,U043,01/06/2024,Income,Investment,30482.0,Card,mumbai,Internet bill
T5437,U085,10/10/2024,Expense,Travel,3550.0,Upi,BAN,Shopping
T11718,U049,07/28/2022,Expense,Rnt,1953.0,Card,lucknow,Books
T12080,U077,2022-06-06,Expense,RENT,4138.0,Bank_Transfer,LUCKNOW,Fixed deposit
T13586,U089,2021-02-12,Income,Investment,33121.0,CRD,jaipur,Train ticket
T11493,U089,10/09/2023,Expense,Utilities,6233.0,Crd,KOLKATA,No Notes
T5159,U064,2024-01-14,Income,Others,35208.0,Crd,MUM,Restaurant dinner
T10149,U008,2022-04-17,Income,Bonus,26749.0,UPi,mumbai,Medicine
T13515,U032,2024-05-13,Expense,HEALTH,8053.0,Upi,hyderabad,Electricity bill
T3177,U053,2023-09-04,Expense,,212.0,card,BAN,misc
T9721,U073,12/07/2024,Expense,Fod,5784.0,UPi,AHM,Internet bill
T11330,U147,2021-05-21,Expense,Rentt,36216.0,Csh,bangalore,asdfgh
T12302,U034,18-10-21,Expense,utilities,784.0,Card,Bangalore,ATM withdrawal
T8433,U098,04/02/2023,Expense,Rent,23718.0,UPI,Kolkata,Monthly rent payment
T1474,U008,02/13/2023,Income,Salary,27106.0,bank transfer,LUCKNOW,EMI payment
T12173,U119,11/15/2021,Expense,rent,8712.0,Bank Transfer,AHM,xyz123
T4661,U034,17-03-23,Expense,Utilities,702.0,bank transfer,BAN,...
T9962,U019,2024-09-18,Expense,Foods,3301.0,upi,kolkata,Uber ride
T11138,U027,27-07-21,Expense,Educaton,4064.0,Crd,hyderabad,No Notes
T13592,U097,08-01-2023,Expense,Fod,6794.0,CASH,AHMEDABAD,misc
T7273,U054,10-05-2023,Expense,,9997.0,Crd,DELHI,Monthly rent payment
T12476,U134,29-10-2023,Expense,Entertainment,143.0,Bank Transfer,bangalore,Coffee
T3841,U024,10-01-2024,Income,Freelance,24321.0,CASH,Hyderabad,No Notes
T2702,U036,09-10-24,Expense,FOOD,6243.0,UPI,LUC,Monthly rent payment
T0151,U040,03/12/2023,Expense,Foods,3633.0,CASH,LUC,Electricity bill
T10025,U138,2022-10-10,Expense,rent,5719.0,,Chennai,No Notes
T2319,U097,2021-09-25,Expense,HEALTH,1119.0,Crd,lucknow,Doctor consultation
T6684,U121,01-07-2023,Expense,Utility,1449.0,Bank Transfer,PUNE,Petrol
T1656,U102,08/22/2024,Expense,Rnt,3756.0,UPi,JAI,No Notes
T9594,U022,2024-06-17,Expense,Rentt,42655.0,Cash,BAN,No Notes
T13415,U072,12-11-23,Expense,Foodd,548.0,CASH,HYD,Online course
T8534,U101,04-11-2022,Income,Salary,20916.0,UPi,Ahmedabad,ATM withdrawal
T3246,U008,07/08/2023,Expense,Educaton,4374.0,Bank Transfer,hyderabad,No Notes
T13116,U029,08/16/2024,Expense,Rentt,41974.0,CRD,JAI,Medicine
T1274,U095,27-08-22,Expense,TRAVEL,1405.0,CASH,Lucknow,ATM withdrawal
T7299,U103,07/28/2024,Expense,Rentt,29584.0,Upi,Ahmedabad,Online course
T3183,U026,08/12/2021,Expense,RENT,2951.0,csh,HYD,No Notes
T6543,U006,12/12/2022,Income,Freelance,45846.0,Cash,AHM,Coffee
T4349,U039,04-09-23,Expense,Educaton,6047.0,upi,Bangalore,Coffee
T12455,U098,16-03-2021,Expense,Entrtnmnt,3516.0,,Pune,asdfgh
T12611,U038,20-02-23,Expense,health,932.0,,AHMEDABAD,Train ticket
T3128,U120,04-07-22,Expense,Food,2745.0,Bank Transfer,Pune,EMI payment
T11124,U017,2023-10-07,Expense,food,2901.0,BankTransfer,LUC,No Notes
T10241,U003,04/17/2022,Expense,TRAVEL,5434.0,bank transfer,Chennai,EMI payment
T7194,U037,06/18/2023,Expense,Travl,7329.0,UPI,MUMBAI,ATM withdrawal
T2555,U017,2023-11-18,Expense,Utilties,1542.0,,HYDERABAD,Uber ride
T9632,U036,04/04/2022,Income,Freelance,15508.0,Upi,HYDERABAD,Fixed deposit
T4476,U046,02/02/2022,Expense,Utilities,3365.0,CARD,Pune,Shopping
T3164,U045,2023-08-10,Expense,utilities,1388.0,Crd,bangalore,Lunch
T3721,U002,04/09/2022,Expense,Travel,4373.0,upi,AHMEDABAD,Train ticket
T1785,U075,15-01-21,Expense,Other,6600.0,upi,bangalore,Grocery shopping
T3738,U142,08/19/2024,Expense,Food,4293.0,Bank_Transfer,BAN,misc
T2006,U031,02-10-23,Expense,Entrtnmnt,2796.0,Bank Transfer,KOLKATA,Movie tickets
T7212,U057,2023-12-03,Income,Freelance,13677.0,UPI,Mumbai,No Notes
T6061,U123,2023-03-06,Expense,Rnt,5876.0,Bank Transfer,mumbai,Books
T8705,U018,2023-08-20,Expense,TRAVEL,2217.0,Crd,PUN,Electricity bill
T8506,U136,2023-09-24,Expense,Food,920.0,Cash,LUC,Petrol
T0864,U010,2023-06-23,Income,Bonus,35688.0,Card,Ahmedabad,Lunch
T1568,U028,26-05-2022,Expense,Foodd,166.0,Bank Transfer,BANGALORE,Shopping
T12011,U086,2023-07-28,Expense,Utilties,8097.0,Crd,MUM,asdfgh
T10480,U107,2021-07-21,Expense,Utilities,1874.0,cash,MUMBAI,Train ticket
T11081,U083,17-04-21,Expense,RENT,4898.0,bank transfer,KOL,Online course
T7382,U086,10/02/2022,Expense,Travel,3290.0,bank transfer,Pune,Medicine
T12803,U068,16-02-2022,Expense,Fod,7070.0,bank transfer,DEL,No Notes
T3472,U006,03/12/2022,Expense,Utilties,2737.0,upi,bangalore,Internet bill
T7095,U054,04/24/2024,Expense,RENT,9540.0,bank transfer,Chennai,No Notes
T5265,U062,16-11-24,Expense,travel,3430.0,Cash,Chennai,Movie tickets
T4025,U046,2024-03-28,Expense,rent,3524.0,bank transfer,Pune,No Notes
T11697,U016,2023-05-22,Expense,utilities,1857.0,CRD,delhi,Coffee
T5981,U146,11/03/2022,Income,Others,35716.0,card,DEL,Books
T8947,U106,2022-02-25,Expense,entertainment,5518.0,Upi,JAI,!!!
T12884,U032,2024-10-27,Expense,TRAVEL,6385.0,Crd,AHMEDABAD,EMI payment
T2597,U061,05-05-2024,Expense,Fod,7571.0,csh,jaipur,Medicine
T3879,U095,2023-08-07,Expense,rent,307.0,upi,kolkata,ATM withdrawal
T0788,U126,2024-04-30,Expense,Rentt,9256.0,CASH,KOLKATA,Uber ride
T3634,U134,12/19/2021,Expense,food,2955.0,CARD,Mumbai,Restaurant dinner
T2923,U045,2021-11-02,Expense,Food,4336.0,Bank Transfr,KOL,Lunch
T9273,U099,07-05-23,Expense,,832.0,UPi,Pune,...
T11251,U030,08/18/2023,Expense,Foods,4435.0,Upi,Unknown,EMI payment
T4465,U138,01-01-22,Expense,Traval,4726.0,CARD,Kolkata,Internet bill
T6071,U129,2021-09-13,Expense,utilities,825.0,BankTransfer,Mumbai,ATM withdrawal
T7568,U144,05/18/2023,Expense,Foods,4945.0,cash,DELHI,Medicine
T7321,U047,02/27/2024,Expense,Entrtnmnt,2868.0,BankTransfer,PUN,No Notes
T8569,U129,08/25/2023,Expense,rent,3128.0,Bank Transfer,ahmedabad,Petrol
T0308,U062,20-04-24,Expense,education,273.0,,DELHI,asdfgh
T9681,U021,01/02/2021,Expense,food,5191.0,Csh,BANGALORE,No Notes
T5966,U127,2021-10-26,Expense,Others,9113.0,,Unknown,Grocery shopping
T9794,U090,31-07-22,Expense,RENT,8149.0,upi,HYD,ATM withdrawal
T9798,U049,05/03/2024,Expense,travel,1137.0,CARD,delhi,Medicine
T1682,U100,03-07-2023,Expense,Rnt,8949.0,CRD,pune,!!!
T2198,U140,03-11-2022,Expense,Utility,103.0,Bank Transfr,Jaipur,No Notes
T7890,U063,26-05-2023,Expense,Rentt,17876.0,CARD,jaipur,Restaurant dinner
T3914,U149,2021-10-21,Expense,food,9139.0,Upi,AHM,Fixed deposit
T4250,U011,03-03-2021,Expense,Rnt,3542.0,Cash,Unknown,Books
T4931,U104,2022-06-24,Income,Others,63184.0,UPi,LUCKNOW,Electricity bill
T1226,U041,2022-03-27,Income,Investment,46693.0,bank transfer,chennai,Movie tickets
T5214,U136,10/20/2021,Income,Freelance,39974.0,Bank Transfr,Jaipur,Electricity bill
T0841,U050,04/24/2021,Expense,Entertainment,546.0,Card,chennai,Coffee
T9734,U120,2024-02-20,Expense,Foods,725.0,Card,pune,No Notes
T8879,U054,17-05-2024,Expense,RENT,2188.0,Cash,ahmedabad,No Notes
T10560,U119,26-08-24,Expense,Travl,7004.0,CASH,AHM,Movie tickets
T12462,U028,21-09-2021,Expense,RENT,2761.0,card,JAI,!!!
T8913,U038,23-08-2022,Expense,Entrtnmnt,8647.0,Bank Transfer,jaipur,Lunch
T1724,U129,19-06-2022,Income,Bonus,38260.0,CASH,HYD,...
T3915,U095,2024-11-08,Expense,Travl,9682.0,csh,Bangalore,No Notes
T9073,U100,07/21/2024,Expense,Utility,9469.0,Bank Transfr,lucknow,No Notes
T9546,U021,16-01-2021,Income,Freelance,11675.0,bank transfer,Jaipur,Lunch
T0785,U111,28-08-2023,Expense,travel,8158.0,Bank Transfr,LUC,Petrol
T0370,U029,24-11-23,Expense,health,6822.0,CRD,lucknow,No Notes
T7667,U125,06-05-23,Expense,entertainment,5748.0,UPi,Unknown,Electricity bill
T8620,U022,02/20/2021,Income,Others,32787.0,Bank Transfer,HYD,Grocery shopping
T8574,U071,13-11-23,Expense,Entertain,4780.0,CARD,jaipur,Coffee
T1275,U039,05-08-22,Expense,RENT,942.0,CARD,Unknown,No Notes
T4787,U131,08/07/2023,Expense,RENT,7057.0,Upi,PUNE,Train ticket
T2756,U022,04-03-2024,Expense,Entrtnmnt,3212.0,csh,MUMBAI,...
T12702,U007,09/08/2021,Expense,Rent,44608.0,Card,KOLKATA,Books
T13421,U029,11-10-24,Expense,Food,2371.0,Upi,Unknown,No Notes
T2299,U017,2024-08-17,Expense,,1763.0,bank transfer,KOL,No Notes
T8437,U134,14-09-23,Expense,Fod,3216.0,UPI,Unknown,Monthly rent payment
T8012,U041,15-08-24,Expense,Utility,5706.0,Bank Transfer,DEL,Doctor consultation
T3361,U011,2022-11-04,Expense,utilities,9416.0,UPi,delhi,Doctor consultation
T3416,U088,12-12-22,Expense,Foods,2643.0,Card,Unknown,Petrol
T10980,U071,2022-02-02,Expense,Rentt,21307.0,Bank Transfr,PUNE,Electricity bill
T6815,U094,12/02/2022,Expense,Rnt,6882.0,upi,PUNE,No Notes
T12556,U012,25-02-23,Expense,Rentt,47746.0,Cash,Unknown,Doctor consultation
T5512,U080,2024-12-19,Expense,Foodd,2367.0,upi,Jaipur,EMI payment
T0819,U041,2021-01-16,Expense,FOOD,2681.0,card,jaipur,No Notes
T4484,U088,2022-12-10,Expense,Rentt,17147.0,CASH,HYDERABAD,Electricity bill
T4153,U116,2021-05-23,Expense,Travel,2621.0,Bank Transfer,ahmedabad,Monthly rent payment
T9352,U106,2022-04-06,Expense,Rentt,21220.0,card,Kolkata,Books
T0430,U021,09/20/2024,Expense,Educaton,7706.0,BankTransfer,lucknow,test
T5009,U028,2023-02-13,Expense,HEALTH,6681.0,BankTransfer,Kolkata,No Notes
T5219,U062,2024-01-10,Expense,RENT,7773.0,Card,Jaipur,misc
T2322,U053,2022-04-27,Expense,Entertain,9734.0,,pune,misc
T13839,U028,08/21/2023,Expense,Utilities,4621.0,bank transfer,DELHI,Restaurant dinner
T4241,U070,06-08-22,Expense,Fod,8721.0,upi,Bangalore,Movie tickets
T0133,U022,2021-10-18,Expense,Fod,7901.0,Csh,Unknown,Monthly rent payment
T9981,U046,2023-09-29,Expense,Helth,5275.0,UPI,kolkata,Monthly rent payment
T2812,U006,2023-12-12,Expense,Traval,8801.0,cash,ahmedabad,!!!
T1840,U076,2023-06-16,Expense,Entrtnmnt,2196.0,csh,KOLKATA,Fixed deposit
T13229,U101,2022-04-15,Income,Salary,18123.0,Cash,AHM,Medicine
T0313,U018,2021-01-07,Expense,Entertainment,5980.0,Csh,hyderabad,Online course
T3678,U113,13-02-2021,Expense,Rent,13715.0,csh,Unknown,Movie tickets
T0062,U126,2023-06-28,Expense,Education,9690.0,UPi,PUN,Movie tickets
T9580,U043,2023-06-25,Income,Others,63122.0,Cash,pune,Restaurant dinner
T7914,U027,08-03-2024,Income,Salary,63957.0,CRD,LUCKNOW,Doctor consultation
T10714,U062,2023-05-28,Expense,health,4000.0,CRD,Jaipur,Grocery shopping
T3149,U041,2021-08-16,Expense,food,8149.0,bank transfer,CHE,EMI payment
T8993,U118,2024-10-01,Income,Freelance,17940.0,bank transfer,CHENNAI,No Notes
T13276,U106,16-11-2024,Expense,Travl,4864.0,Upi,Pune,No Notes
T1287,U102,09/10/2022,Expense,Utilties,249.0,CRD,KOL,Grocery shopping
T2572,U073,22-02-2023,Income,Others,22572.0,bank transfer,AHMEDABAD,Online course
T11735,U059,17-09-2022,Income,Bonus,76266.0,cash,pune,...
T6584,U079,2021-09-18,Income,Bonus,77530.0,Upi,chennai,No Notes
T7618,U058,19-08-21,Expense,Rentt,42308.0,Bank Transfer,delhi,xyz123
T11965,U050,05/08/2022,Expense,RENT,1977.0,CARD,Unknown,ATM withdrawal
T3109,U099,03-06-2024,Expense,savings,3479.0,CASH,HYDERABAD,Medicine
T13541,U080,23-03-2024,Expense,Utlities,1051.0,Csh,Unknown,Train ticket
T9823,U063,2024-05-09,Income,Investment,14041.0,CRD,LUC,Shopping
T4161,U038,19-07-2023,Expense,Utilties,5076.0,CARD,Delhi,Medicine
T10326,U040,08/31/2023,Expense,rent,1964.0,CASH,PUNE,asdfgh
T4304,U144,2021-01-17,Income,Salary,51541.0,CASH,Hyderabad,misc
T9113,U085,27-03-21,Expense,Education,2600.0,Card,MUMBAI,Monthly rent payment
T3276,U059,2024-10-11,Expense,Health,5536.0,,Bangalore,test
T1790,U011,2023-08-29,Expense,Traval,9767.0,BankTransfer,KOL,Electricity bill
T3264,U084,11/05/2023,Expense,FOOD,4567.0,UPI,Unknown,Train ticket
T3029,U102,2024-07-19,Expense,food,3201.0,cash,ahmedabad,Doctor consultation
T6664,U110,06-04-21,Expense,education,7109.0,Csh,KOLKATA,Online course
T8124,U012,2022-02-27,Expense,Savings,8301.0,BankTransfer,bangalore,Fixed deposit
T3208,U131,2021-06-11,Income,Others,45898.0,CASH,CHENNAI,Medicine
T11236,U071,24-11-2022,Expense,Foods,1554.0,,BAN,misc
T8628,U129,09/14/2024,Expense,Fod,5821.0,UPI,JAI,Medicine
T6043,U124,17-05-21,Expense,Travel,3622.0,bank transfer,BANGALORE,No Notes
T1560,U148,2024-11-27,Expense,Travel,7804.0,Upi,Kolkata,EMI payment
T1924,U023,2023-10-22,Expense,utilities,4781.0,CRD,KOLKATA,Electricity bill
T7453,U107,2021-08-23,Expense,RENT,4419.0,Bank Transfr,Delhi,EMI payment
T0518,U025,2023-10-29,Expense,TRAVEL,7914.0,CARD,Unknown,Gym membership
T7085,U091,2023-06-22,Expense,entertainment,999999.0,cash,mumbai,Shopping
T7500,U091,05/28/2022,Expense,Foodd,3689.0,card,lucknow,ATM withdrawal
T13338,U059,03/17/2022,Expense,Foods,4890.0,card,CHE,Electricity bill
T12388,U087,03/12/2022,Expense,Utilties,4571.0,Upi,AHM,No Notes
T10634,U148,2024-06-17,Expense,Rent,11741.0,cash,BANGALORE,test
T13466,U133,10/18/2021,Expense,Traval,7433.0,CASH,KOL,Petrol
T11255,U009,2024-12-30,Expense,Utility,7937.0,Crd,pune,Books
T7288,U138,2024-12-13,Expense,TRAVEL,4471.0,cash,KOL,No Notes
T8372,U123,27-12-2022,Income,Freelance,58674.0,Card,Unknown,No Notes
T10903,U137,06/12/2023,Expense,Helth,9623.0,upi,Pune,xyz123
T0727,U126,2022-01-25,Expense,FOOD,7663.0,BankTransfer,ahmedabad,asdfgh
T11588,U141,2021-10-11,Expense,Rnt,4301.0,csh,Hyderabad,Lunch
T3429,U121,03/22/2023,Expense,EDU,7345.0,UPi,mumbai,Uber ride
T10839,U097,17-09-21,Income,Bonus,41966.0,Bank_Transfer,hyderabad,xyz123
T0292,U144,02/28/2022,Expense,Utlities,2906.0,Bank Transfer,AHMEDABAD,Electricity bill
T11287,U060,23-06-24,Income,Freelance,61216.0,CARD,Kolkata,Medicine
T0546,U031,31-10-21,Income,Others,78388.0,bank transfer,AHMEDABAD,Gym membership
T2715,U085,2023-11-03,Expense,Travel,2165.0,Bank Transfr,Kolkata,Grocery shopping
T5680,U133,01/22/2021,Expense,travel,168.0,Bank Transfer,LUCKNOW,Doctor consultation
T7705,U051,02-09-2021,Expense,Entrtnmnt,3409.0,Cash,Delhi,Coffee
T4925,U058,05-12-23,Expense,Foodd,3246.0,CARD,lucknow,No Notes
T0915,U001,04-08-23,Expense,FOOD,8570.0,upi,Pune,Coffee
T6450,U126,06/29/2023,Expense,Fod,2840.0,Bank Transfer,Hyderabad,EMI payment
T13709,U143,29-04-21,Expense,Rent,27204.0,UPi,PUNE,No Notes
T11909,U043,12-03-2022,Income,Investment,78288.0,Bank Transfr,Unknown,No Notes
T4821,U077,11/22/2022,Expense,Fod,5376.0,Upi,CHE,xyz123
T9412,U050,04-11-2024,Expense,food,3020.0,CRD,Hyderabad,Shopping
T6062,U126,09-02-22,Expense,utilities,7418.0,upi,Ahmedabad,Petrol
T2881,U106,2021-07-09,Expense,TRAVEL,7316.0,Bank Transfer,LUC,Monthly rent payment
T9498,U090,08-08-24,Income,Investment,77361.0,cash,Pune,Gym membership
T10603,U095,2021-12-05,Expense,entertainment,1107.0,BankTransfer,Unknown,EMI payment
T13383,U091,2022-01-10,Expense,Foods,655.0,cash,Unknown,Medicine
T11277,U107,2023-12-31,Expense,Traval,5240.0,Card,HYD,Internet bill
T8759,U079,28-10-2021,Expense,Foods,1964.0,CARD,jaipur,Lunch
T4036,U017,04-12-22,Expense,Travl,1942.0,CARD,ahmedabad,No Notes
T2352,U133,28-10-24,Expense,travel,9742.0,CASH,hyderabad,!!!
T1148,U010,07/30/2022,Income,Salary,27013.0,UPI,Unknown,Gym membership
T0497,U034,2024-05-17,Expense,Utilties,7403.0,Upi,Chennai,Shopping
T1599,U129,19-11-24,Income,Salary,183091.0,Crd,ahmedabad,Online course
T10325,U090,04/28/2024,Expense,EDU,5582.0,upi,CHE,Petrol
T8639,U015,2021-03-21,Expense,travel,1849.0,Cash,HYDERABAD,Books
T5067,U137,09/11/2022,Expense,Traval,4306.0,Cash,Bangalore,Books
T12541,U115,08/11/2023,Income,Others,36352.0,CRD,Ahmedabad,Fixed deposit
T8095,U039,12/22/2022,Expense,Entertain,8703.0,bank transfer,bangalore,Doctor consultation
T8587,U137,2023-06-05,Expense,Foods,2538.0,CRD,LUC,Uber ride
T7345,U094,02/22/2024,Expense,rent,4654.0,Cash,Chennai,xyz123
T5082,U131,12/29/2023,Expense,Foods,3022.0,UPi,chennai,Doctor consultation
T4281,U148,2022-06-04,Expense,TRAVEL,2750.0,Card,BANGALORE,Train ticket
T13034,U117,2022-03-05,Expense,RENT,9065.0,CRD,pune,Petrol
T11755,U137,11/13/2021,Expense,rent,6245.0,Bank_Transfer,LUCKNOW,No Notes
T5326,U067,2022-02-21,Expense,rent,8884.0,bank transfer,HYDERABAD,Shopping
T9026,U090,2024-11-09,Expense,Foodd,2092.0,Bank Transfer,Mumbai,Monthly rent payment
T11319,U020,08/05/2023,Expense,Educaton,3946.0,bank transfer,JAIPUR,Fixed deposit
T6544,U066,05/17/2023,Expense,Other,166.0,upi,Mumbai,Medicine
T6972,U047,2024-02-23,Expense,Entertain,2857.0,upi,Kolkata,Restaurant dinner
T7737,U046,2022-11-08,Expense,entertainment,9344.0,,LUC,Online course
T12660,U027,2023-12-29,Income,Others,15135.0,bank transfer,JAI,Gym membership
T10589,U116,10/20/2022,Expense,Foods,2159.0,UPI,PUNE,asdfgh
T1235,U084,06/11/2024,Expense,Foodd,1614.0,,CHE,Movie tickets
T9360,U018,08-02-22,Expense,Traval,6308.0,Csh,JAIPUR,No Notes
T2596,U054,2021-07-20,Expense,EDU,813.0,upi,MUM,Electricity bill
T1047,U014,10-09-2023,Income,Bonus,14576.0,CARD,DEL,Electricity bill
T12374,U085,2021-05-23,Expense,Fod,699.0,Bank Transfer,PUNE,No Notes
T4572,U137,2024-09-29,Expense,food,1554.0,UPi,AHM,test
T0531,U142,05-02-22,Income,Others,61879.0,Crd,Kolkata,EMI payment
T4769,U137,2022-02-02,Expense,Rnt,6343.0,Upi,DELHI,Lunch
T3429,U097,11-11-2023,Expense,Rent,35430.0,bank transfer,MUMBAI,No Notes
T8060,U137,2022-08-01,Income,Salary,64875.0,Cash,BAN,Fixed deposit
T9796,U070,14-04-24,Expense,Travl,3352.0,CRD,ahmedabad,Restaurant dinner
T8730,U062,2022-01-27,Income,Bonus,64963.0,BankTransfer,ahmedabad,No Notes
T2748,U132,2021-10-05,Income,Investment,34506.0,CRD,PUNE,No Notes
T8824,U004,08/12/2024,Expense,rent,7186.0,Bank_Transfer,bangalore,Books
T9193,U055,10/30/2023,Expense,Entertainment,1171.0,UPi,Unknown,Doctor consultation
T3162,U115,2022-11-25,Income,Investment,25509.0,CRD,kolkata,No Notes
T10587,U104,2024-12-02,Expense,Foodd,4565.0,cash,lucknow,EMI payment
T2942,U011,2024-01-17,Expense,TRAVEL,9034.0,bank transfer,kolkata,Doctor consultation
T0595,U072,02/28/2022,Expense,Savings,8944.0,Csh,Lucknow,...
T8799,U061,07/16/2024,Expense,Entertainment,9459.0,bank transfer,JAI,!!!
T0242,U084,2022-06-16,Expense,Utility,3113.0,Upi,kolkata,asdfgh
T13573,U116,05/30/2024,Expense,Rnt,2126.0,card,CHE,Train ticket
T4748,U024,10/19/2024,Expense,Rent,41453.0,,BANGALORE,misc
T13673,U086,12/03/2024,Income,Investment,29265.0,UPI,CHENNAI,Movie tickets
T10733,U139,2022-08-28,Expense,TRAVEL,557.0,Csh,Unknown,Petrol
T1861,U111,20-05-2023,Expense,Traval,6544.0,CARD,HYD,Restaurant dinner
T4412,U111,2023-12-14,Expense,Rnt,1367.0,CARD,Hyderabad,Electricity bill
T12902,U080,2023-09-28,Expense,TRAVEL,7836.0,Bank Transfr,Unknown,Shopping
T1863,U033,01/20/2022,Expense,rent,6085.0,UPi,KOL,Lunch
T9371,U083,12/22/2021,Expense,health,7195.0,Crd,DEL,Train ticket
T4941,U110,04/02/2021,Expense,Entertain,2857.0,Bank Transfr,chennai,No Notes
T12531,U035,01/16/2023,Expense,Fod,7635.0,Bank Transfr,MUM,No Notes
T3518,U127,07/19/2022,Expense,Utlities,6864.0,upi,BANGALORE,misc
T12030,U086,26-07-21,Expense,Utility,5778.0,Cash,JAI,Fixed deposit
T1164,U014,2021-04-22,Expense,Educaton,409.0,UPI,bangalore,Monthly rent payment
T8744,U089,03-07-2023,Expense,Rnt,5765.0,card,bangalore,ATM withdrawal
T2684,U100,2024-05-20,Income,Freelance,36616.0,Crd,PUN,Books
T2406,U130,02/06/2023,Expense,Foods,2789.0,UPI,bangalore,Coffee
T4815,U133,09/26/2023,Expense,TRAVEL,7986.0,csh,chennai,misc
T8204,U097,01/04/2022,Expense,RENT,5435.0,UPi,Chennai,Doctor consultation
T6318,U085,2024-12-22,Expense,food,2727.0,UPi,DEL,No Notes
T3214,U016,22-11-2022,Expense,RENT,6636.0,csh,delhi,Online course
T5066,U103,2024-07-05,Expense,entertainment,4305.0,Bank Transfer,kolkata,Shopping
T2665,U056,2022-08-06,Expense,Misc,8850.0,UPI,JAI,...
T1846,U004,07/17/2021,Expense,Traval,2217.0,CARD,hyderabad,Coffee
T10023,U036,2021-07-02,Expense,Foods,2237.0,UPI,PUN,Grocery shopping
T5921,U001,2024-05-24,Expense,TRAVEL,8174.0,CASH,Ahmedabad,EMI payment
T9287,U089,2021-12-15,Expense,EDU,4978.0,CASH,Hyderabad,Doctor consultation
T7994,U013,31-12-24,Expense,Health,6240.0,Card,HYDERABAD,Restaurant dinner
T2236,U114,16-04-24,Expense,Food,814.0,BankTransfer,CHE,Electricity bill
T4823,U053,2021-10-03,Expense,Foods,305.0,Upi,CHE,...
T8791,U016,2021-10-13,Expense,Traval,5132.0,Bank Transfr,DELHI,No Notes
T12815,U084,2022-07-19,Income,Freelance,22720.0,Csh,chennai,test
T0923,U035,2024-06-09,Expense,RENT,1737.0,UPi,Mumbai,Grocery shopping
T12127,U111,26-03-2024,Expense,travel,6058.0,Upi,Mumbai,Internet bill
T9311,U017,11-11-2024,Expense,Entrtnmnt,3337.0,UPI,MUM,Petrol
T11548,U134,2021-12-21,Expense,Entertainment,9882.0,CRD,pune,No Notes
T8390,U029,12/25/2023,Expense,Entertain,1311.0,Crd,AHMEDABAD,Restaurant dinner
T13749,U139,07-12-21,Expense,RENT,6893.0,Bank Transfr,mumbai,EMI payment
T12711,U009,2024-12-30,Expense,Entertain,8056.0,UPI,CHE,Coffee
T8619,U142,30-08-2021,Expense,travel,4710.0,BankTransfer,Unknown,Lunch
T5119,U056,2023-02-16,Expense,EDU,7659.0,UPi,bangalore,Gym membership
T2751,U006,2024-08-25,Expense,Food,1077.0,bank transfer,bangalore,Doctor consultation
T12145,U111,2021-01-05,Expense,Helth,1824.0,UPI,PUN,No Notes
T4148,U017,01/10/2023,Expense,RENT,3089.0,UPi,BAN,Movie tickets
T2449,U119,2023-10-15,Expense,food,7628.0,Bank_Transfer,KOL,Lunch
T12414,U098,2023-08-19,Expense,Foodd,347.0,upi,BAN,xyz123
T2859,U149,2021-09-20,Expense,Traval,6231.0,csh,LUCKNOW,asdfgh
T0756,U008,2023-06-30,Expense,Entertain,8876.0,Bank Transfr,KOLKATA,Petrol
T5604,U031,2024-11-23,Expense,FOOD,7126.0,CRD,PUNE,test
T10779,U043,21-02-2024,Expense,Entertainment,1156.0,Card,JAI,Petrol
T13012,U088,2022-02-27,Expense,Foods,526.0,Card,delhi,No Notes
T10438,U072,2021-01-07,Expense,entertainment,4353.0,Card,HYDERABAD,Electricity bill
T6475,U115,2024-08-13,Expense,education,3639.0,cash,Unknown,!!!
T6272,U058,07/16/2023,Expense,TRAVEL,4723.0,cash,delhi,Electricity bill
T5205,U148,30-01-22,Expense,Utilties,5368.0,Upi,lucknow,Internet bill
T12785,U119,10/15/2024,Expense,Entertainment,6990.0,BankTransfer,JAI,Fixed deposit
T12327,U099,12-03-24,Expense,Helth,3716.0,UPI,KOL,Shopping
T4835,U116,2022-03-07,Expense,Rentt,42012.0,Upi,Bangalore,Monthly rent payment
T5810,U043,2022-07-09,Expense,Utlities,5681.0,BankTransfer,Unknown,xyz123
T3290,U148,08/20/2022,Expense,utilities,9677.0,upi,AHMEDABAD,Restaurant dinner
T2771,U023,09/09/2021,Expense,travel,4011.0,UPI,Bangalore,test
T0958,U087,16-06-24,Income,Freelance,54625.0,Cash,Unknown,Grocery shopping
T7011,U106,2023-04-10,Expense,Rent,47358.0,Upi,MUMBAI,ATM withdrawal
T5515,U137,2024-05-18,Expense,Savings,3336.0,bank transfer,PUNE,misc
T12227,U029,11/06/2021,Expense,Foodd,3133.0,cash,Kolkata,Petrol
T2523,U019,07-06-21,Expense,Utlities,2907.0,CASH,Bangalore,Shopping
T3111,U100,2022-04-19,Income,Investment,76606.0,card,Chennai,!!!
T5516,U111,2022-07-11,Income,Salary,76469.0,CASH,CHENNAI,Petrol
T8409,U037,02/17/2024,Expense,FOOD,589.0,Upi,Jaipur,No Notes
T5094,U144,08/11/2022,Expense,FOOD,6493.0,Csh,jaipur,Train ticket
T0094,U028,2023-08-14,Expense,Entertainment,6393.0,CRD,Hyderabad,Medicine
T13138,U053,2021-07-31,Expense,Rentt,6000.0,Bank Transfr,delhi,No Notes
T0586,U090,11/05/2023,Expense,Entrtnmnt,6915.0,Csh,HYD,No Notes
T3853,U017,04-08-2024,Income,Others,17284.0,Card,lucknow,Petrol
T2808,U020,23-07-22,Expense,Rentt,22788.0,cash,HYD,Medicine
T13546,U099,2022-04-08,Expense,utilities,5285.0,CRD,Mumbai,ATM withdrawal
T0215,U105,07/14/2024,Expense,Education,1136.0,Csh,DELHI,ATM withdrawal
T4964,U144,2024-08-20,Expense,Foodd,3043.0,bank transfer,Mumbai,misc
T5979,U046,2024-04-19,Expense,education,7164.0,CARD,BAN,Restaurant dinner
T10775,U111,09-04-21,Expense,HEALTH,190.0,CARD,ahmedabad,EMI payment
T4171,U116,08/29/2022,Expense,Utilities,1368.0,CARD,LUCKNOW,No Notes
T1410,U001,2024-05-25,Expense,Foods,1413.0,CRD,JAIPUR,!!!
T8537,U058,04/20/2021,Income,Freelance,54564.0,csh,HYDERABAD,Medicine
T1845,U031,09-03-23,Income,Freelance,679408.0,UPI,bangalore,EMI payment
T7380,U020,06/21/2021,Expense,Rentt,7684.0,bank transfer,BAN,ATM withdrawal
T1432,U010,11/02/2022,Expense,food,8690.0,upi,PUNE,Electricity bill
T3546,U134,2022-04-20,Expense,Rent,35598.0,cash,Delhi,Shopping
T3357,U105,21-11-2022,Expense,Rentt,49581.0,CARD,BANGALORE,Medicine
T12497,U133,2021-12-10,Income,Investment,54987.0,Cash,JAIPUR,Shopping
T10338,U029,2022-04-13,Expense,Utilities,8370.0,Upi,Chennai,misc
T10322,U103,2023-11-13,Expense,Entrtnmnt,4952.0,BankTransfer,KOLKATA,Petrol
T9565,U147,30-08-24,Expense,Savings,3173.0,Upi,PUNE,Books
T9909,U143,08/28/2024,Expense,Entrtnmnt,9395.0,cash,JAI,Medicine
T2612,U098,26-04-22,Expense,Rent,46889.0,CRD,Unknown,Monthly rent payment
T5575,U034,2021-05-28,Expense,Entertainment,8440.0,CRD,Delhi,Monthly rent payment
T1163,U138,08/24/2023,Income,Others,39070.0,Cash,Kolkata,Shopping
T13683,U149,2024-05-21,Expense,education,6736.0,BankTransfer,JAI,Gym membership
T9931,U135,2021-08-20,Expense,TRAVEL,1664.0,Card,KOLKATA,No Notes
T7629,U139,06-06-24,Income,Salary,66406.0,Crd,pune,Train ticket
T13743,U089,11/30/2023,Expense,Rent,17622.0,CASH,Chennai,test
T0568,U009,09/07/2024,Expense,savings,7609.0,CRD,jaipur,xyz123
T10163,U131,2023-05-17,Expense,Rnt,9589.0,Cash,KOL,Fixed deposit
T1081,U077,2022-01-15,Expense,Foods,1462.0,Cash,Pune,...
T5021,U132,2022-09-13,Income,Bonus,16967.0,Csh,Lucknow,!!!
T5114,U002,05/21/2023,Income,Investment,54572.0,BankTransfer,hyderabad,Uber ride
T9142,U091,2023-08-27,Expense,Rent,25115.0,UPi,PUNE,Lunch
T6701,U128,10/24/2024,Income,Bonus,46799.0,CASH,Hyderabad,Monthly rent payment
T3697,U138,2021-06-04,Expense,travel,9886.0,card,LUCKNOW,No Notes
T5771,U142,2022-06-20,Expense,Fod,4504.0,CRD,Pune,ATM withdrawal
T12709,U053,04-05-2024,Expense,rent,7398.0,upi,HYD,Coffee
T2821,U100,2022-04-07,Expense,Foods,4356.0,bank transfer,DELHI,Books
T6383,U088,12/24/2023,Expense,Utilties,2888.0,Csh,Unknown,...
T11166,U125,23-09-21,Expense,Traval,777.0,Cash,chennai,Grocery shopping
T6413,U070,11/20/2022,Expense,FOOD,2018.0,Bank Transfer,MUMBAI,Doctor consultation
T13927,U050,2021-04-10,Expense,Rent,31398.0,Card,AHM,Shopping
T1649,U092,18-02-2024,Expense,Traval,8811.0,Bank_Transfer,MUM,EMI payment
T3249,U092,26-01-22,Expense,Rnt,8484.0,Csh,HYD,xyz123
T10664,U034,05/06/2021,Expense,Food,4576.0,Upi,Unknown,Lunch
T3186,U070,2022-08-21,Income,Bonus,40839.0,UPi,PUN,Coffee
T3021,U089,2022-07-20,Expense,Entertainment,5201.0,Bank Transfer,DEL,Shopping
T9837,U003,2023-07-17,Expense,Savings,9682.0,upi,LUCKNOW,xyz123
T0161,U116,2024-02-01,Expense,rent,1110.0,bank transfer,delhi,Coffee
T2828,U142,01/25/2023,Income,Investment,15136.0,CRD,JAIPUR,Internet bill
T6695,U113,2023-10-07,Expense,RENT,1387.0,Bank Transfer,Kolkata,asdfgh
T2425,U054,2022-12-09,Expense,Utilities,1164.0,Card,HYD,Internet bill
T12223,U098,04/23/2023,Expense,rent,9192.0,Bank_Transfer,Lucknow,Gym membership
T5577,U026,2024-01-02,Expense,Rent,17210.0,CARD,KOL,Movie tickets
T5064,U148,2023-10-14,Expense,Fod,4729.0,Csh,DEL,No Notes
T4902,U104,12/25/2021,Expense,TRAVEL,7777.0,CARD,CHE,No Notes
T13037,U040,06-09-2023,Expense,Foods,3446.0,,PUN,ATM withdrawal
T9462,U081,27-01-22,Expense,utilities,2820.0,,MUM,Medicine
T8015,U015,2024-03-21,Expense,Travl,176.0,Bank Transfer,pune,Gym membership
T4340,U146,08/21/2022,Expense,HEALTH,6665.0,Csh,AHM,Movie tickets
T3047,U080,01/28/2023,Expense,Fod,8415.0,Bank Transfer,hyderabad,Lunch
T10699,U032,2023-09-22,Expense,FOOD,3064.0,CARD,HYDERABAD,No Notes
T8192,U033,01-07-24,Expense,Traval,6442.0,,Chennai,test
T6894,U131,23-11-21,Income,Freelance,75366.0,Bank Transfer,HYD,xyz123
T10303,U025,11-10-24,Income,Investment,12561.0,Cash,Pune,Medicine
T2306,U107,15-07-2023,Income,Salary,52836.0,CARD,mumbai,Grocery shopping
T13522,U021,2023-12-17,Income,Freelance,79600.0,bank transfer,LUCKNOW,Electricity bill
T4486,U132,02/28/2023,Expense,Utility,6428.0,BankTransfer,Bangalore,Petrol
T10416,U071,01-02-24,Expense,rent,8558.0,UPi,pune,Online course
T8353,U119,2024-06-22,Expense,Entrtnmnt,8081.0,,Unknown,test
T0130,U119,03/06/2022,Expense,utilities,2380.0,BankTransfer,Unknown,test
T4785,U056,2022-08-05,Expense,TRAVEL,5101.0,csh,Unknown,No Notes
T13084,U100,02/26/2021,Expense,Rent,38654.0,Crd,Bangalore,Grocery shopping
T10301,U138,08/03/2024,Expense,rent,9837.0,Card,Jaipur,Internet bill
T8382,U127,2021-06-23,Expense,Food,3146.0,UPi,AHM,Petrol
T12305,U128,2021-02-05,Expense,Entertainment,116.0,CRD,CHE,No Notes
T8136,U051,28-03-22,Income,Freelance,74441.0,Upi,Ahmedabad,Train ticket
T0920,U106,2023-06-12,Expense,RENT,6066.0,csh,KOL,No Notes
T10215,U045,09/29/2024,Expense,Traval,3223.0,BankTransfer,delhi,No Notes
T11627,U004,05-01-21,Expense,EDU,8564.0,Upi,mumbai,Monthly rent payment
T11702,U103,2023-04-05,Expense,HEALTH,6264.0,CASH,CHE,No Notes
T0967,U149,20-12-21,Expense,food,1672.0,Bank Transfr,Unknown,Books
T1096,U025,2021-06-24,Expense,travel,5502.0,upi,Chennai,Coffee
T8848,U104,29-01-2021,Expense,Food,1594.0,bank transfer,mumbai,No Notes
T6576,U080,09-08-24,Expense,Rnt,4236.0,Cash,JAI,ATM withdrawal
T8685,U131,26-06-23,Expense,Travel,5605.0,CARD,mumbai,Monthly rent payment
T13941,U087,05/15/2022,Expense,Foods,3354.0,Csh,chennai,Movie tickets
T5095,U101,06/16/2023,Expense,savings,6260.0,CRD,DEL,...
T3592,U046,2021-03-13,Expense,food,1067.0,UPI,AHM,EMI payment
T8948,U044,01/19/2023,Expense,travel,2304.0,UPI,DELHI,Shopping
T4824,U057,08-11-23,Expense,education,9423.0,csh,LUC,Doctor consultation
T10383,U046,05-05-22,Expense,Travel,9374.0,upi,PUN,Fixed deposit
T12630,U049,26-08-24,Expense,Fod,1704.0,Crd,MUM,xyz123
T11305,U113,12/21/2021,Expense,travel,367.0,,delhi,Coffee
T10286,U036,2023-09-21,Expense,,1540.0,CRD,LUC,...
T13481,U025,14-10-21,Expense,RENT,1959.0,UPi,JAI,Train ticket
T1548,U018,11/25/2021,Expense,Foodd,2722.0,Upi,mumbai,Monthly rent payment
T8955,U010,29-12-22,Expense,Educaton,7493.0,Card,JAI,Uber ride
T3753,U091,13-10-2024,Expense,FOOD,717.0,Upi,BANGALORE,Movie tickets
T6400,U055,05-06-21,Expense,entertainment,6669.0,,PUN,No Notes
T0280,U063,22-03-2023,Expense,Savings,7301.0,Bank Transfr,LUC,Electricity bill
T7347,U013,2022-09-22,Expense,Travl,2440.0,UPi,hyderabad,xyz123
T2516,U007,2024-10-19,Expense,Travl,4973.0,Card,DEL,No Notes
T13811,U056,11-11-2022,Expense,Rent,6993.0,Bank_Transfer,Chennai,ATM withdrawal
T5941,U145,29-08-21,Expense,Foods,1680.0,upi,chennai,Books
T9093,U034,2021-08-15,Expense,Fod,738.0,cash,LUC,Online course
T1192,U122,2022-07-13,Expense,Foods,514.0,card,Unknown,ATM withdrawal
T6461,U069,2023-10-16,Expense,Fod,820.0,CRD,Chennai,Lunch
T8665,U040,14-01-2023,Expense,Utilities,2888.0,Bank Transfr,Delhi,Train ticket
T13495,U065,2024-04-23,Expense,Rnt,8455.0,CRD,Kolkata,EMI payment
T6367,U095,2021-10-15,Income,Salary,42618.0,UPI,AHM,Doctor consultation
T12881,U110,2022-08-19,Expense,HEALTH,6814.0,CASH,Mumbai,Train ticket
T9986,U059,2022-04-29,Expense,TRAVEL,6833.0,Csh,CHE,Electricity bill
T7442,U070,13-07-22,Expense,Educaton,4594.0,bank transfer,AHMEDABAD,Lunch
T8436,U105,09-03-2021,Expense,Others,7901.0,Csh,JAIPUR,test
T6872,U061,06/30/2024,Expense,SAVINGS,5278.0,CRD,Mumbai,Shopping
T0709,U002,2024-02-27,Expense,health,676.0,Bank_Transfer,KOLKATA,xyz123
T1813,U133,10/19/2024,Expense,Utility,9730.0,Card,MUMBAI,Uber ride
T1365,U056,2023-12-20,Expense,Entertainment,5079.0,Bank Transfr,HYDERABAD,No Notes
T10180,U054,11/12/2024,Expense,travel,5678.0,CARD,Unknown,No Notes
T5763,U115,01/21/2024,Expense,Rentt,20419.0,CASH,kolkata,misc
T1683,U012,2023-01-27,Expense,RENT,1130.0,card,bangalore,No Notes
T1130,U029,2023-06-22,Expense,Foodd,93.0,,Hyderabad,Coffee
T3425,U122,18-06-24,Expense,Utilties,5144.0,CASH,HYDERABAD,!!!
T1253,U124,12/16/2021,Income,,69782.0,Bank_Transfer,KOL,Fixed deposit
T13860,U018,2022-12-25,Expense,food,4684.0,Bank Transfr,chennai,Books
T2146,U004,01/30/2023,Expense,Entertainment,4528.0,Bank_Transfer,AHMEDABAD,Internet bill
T7556,U150,2024-01-26,Income,Salary,44906.0,Card,bangalore,Movie tickets
T1665,U057,2022-04-21,Expense,rent,3158.0,Crd,Mumbai,Uber ride
T5320,U069,08/21/2023,Expense,Rentt,10959.0,Bank_Transfer,Unknown,Lunch
T4323,U074,27-01-21,Expense,Foods,1313.0,upi,PUNE,Petrol
T7942,U001,10/19/2022,Expense,RENT,5368.0,Bank_Transfer,KOL,Online course
T7197,U038,2024-11-20,Expense,Traval,6835.0,Crd,Unknown,!!!
T8317,U060,2022-04-13,Expense,TRAVEL,4824.0,UPI,AHM,Online course
T9386,U139,12/25/2022,Expense,TRAVEL,633.0,Bank_Transfer,JAIPUR,Fixed deposit
T8676,U005,24-09-21,Expense,Utilties,7448.0,UPI,Unknown,Gym membership
T9253,U084,2022-11-22,Expense,Utlities,7598.0,Upi,JAIPUR,Lunch
T11731,U073,27-12-22,Expense,Travel,5023.0,Upi,KOLKATA,Petrol
T12580,U014,2022-06-23,Expense,entertainment,314.0,upi,PUNE,Movie tickets
T6810,U012,10-04-2024,Expense,food,3124.0,CARD,MUMBAI,Lunch
T8748,U116,02/14/2024,Expense,Entrtnmnt,2118.0,Csh,MUMBAI,Lunch
T0364,U017,14-04-23,Expense,HEALTH,2402.0,csh,lucknow,Coffee
T13428,U027,08/15/2023,Expense,Rentt,999999.0,Cash,HYDERABAD,test
T6825,U054,2024-11-04,Expense,Utlities,7619.0,Csh,Mumbai,Internet bill
T0488,U146,17-09-2022,Income,Salary,73998.0,,KOL,No Notes
T2029,U069,21-02-24,Expense,RENT,2920.0,card,Unknown,...
T9214,U071,2023-05-05,Expense,Utility,7568.0,CARD,CHE,Train ticket
T8314,U139,02-07-2021,Income,Bonus,69328.0,Cash,HYDERABAD,test
T10157,U029,2021-11-13,Expense,entertainment,6893.0,bank transfer,MUMBAI,No Notes
T0457,U093,2024-10-17,Expense,Rentt,49634.0,Card,delhi,xyz123
T8618,U133,21-10-23,Expense,Fod,3321.0,upi,PUNE,Train ticket
T9168,U110,2022-10-07,Expense,Rentt,41084.0,Crd,Chennai,Fixed deposit
T1231,U017,2024-05-18,Expense,SAVINGS,9110.0,Bank Transfr,bangalore,Monthly rent payment
T10816,U139,07/15/2024,Expense,Rentt,43091.0,card,KOLKATA,Books
T3205,U066,11/24/2022,Expense,Rent,29401.0,Csh,lucknow,No Notes
T7018,U019,2021-01-18,Expense,Rent,31824.0,Card,PUN,No Notes
T1193,U019,2024-03-18,Expense,FOOD,6787.0,Bank Transfer,Mumbai,Fixed deposit
T3566,U116,05/26/2022,Expense,Rnt,2649.0,UPI,Chennai,Restaurant dinner
T0746,U018,2022-02-01,Expense,,9301.0,UPI,hyderabad,No Notes
T1490,U008,2024-03-08,Expense,food,7929.0,Bank Transfr,Kolkata,Shopping
T7648,U150,2024-07-10,Expense,Savings,6164.0,CASH,AHM,No Notes
T7503,U027,2022-12-13,Expense,Entrtnmnt,5693.0,CASH,DELHI,Monthly rent payment
T7631,U038,11/05/2023,Expense,Utilties,2798.0,Bank_Transfer,HYD,Online course
T4882,U133,12-02-21,Expense,Traval,5415.0,csh,ahmedabad,Restaurant dinner
T0421,U017,07-05-2021,Expense,Foods,884.0,BankTransfer,PUNE,Gym membership
T3168,U096,2022-02-07,Expense,Utilties,2120.0,CARD,AHMEDABAD,No Notes
T9579,U023,07/01/2023,Expense,Utilties,867.0,BankTransfer,MUMBAI,Lunch
T13423,U074,2024-07-28,Expense,rent,2578.0,UPI,mumbai,Online course
T9797,U095,09/15/2023,Income,Bonus,62421.0,CRD,LUCKNOW,Monthly rent payment
T12787,U131,2024-11-03,Income,Salary,56023.0,Cash,mumbai,Uber ride
T4040,U083,2021-10-17,Expense,Traval,8017.0,CASH,lucknow,Petrol
T1167,U004,2023-12-23,Expense,utilities,2970.0,Upi,Hyderabad,xyz123
T3329,U105,10/31/2021,Expense,travel,744.0,Cash,jaipur,Fixed deposit
T13185,U078,27-07-2023,Expense,Health,7857.0,CRD,delhi,Shopping
T6100,U090,23-12-2022,Income,Bonus,24123.0,csh,LUCKNOW,asdfgh
T5050,U128,11-08-2024,Expense,Utilties,5910.0,csh,JAI,Gym membership
T9292,U035,2023-06-16,Expense,Educaton,9533.0,CASH,KOL,Doctor consultation
T1937,U092,02/26/2023,Expense,Foods,4833.0,Upi,Hyderabad,Shopping
T10350,U108,13-02-24,Expense,Education,4084.0,CASH,Pune,Movie tickets
T2370,U113,2022-02-26,Income,Bonus,70943.0,UPI,DELHI,asdfgh
T2818,U102,13-09-24,Expense,Education,8374.0,Cash,Ahmedabad,Coffee
T8211,U023,2021-06-10,Income,Others,30431.0,csh,PUN,xyz123
T12172,U036,2022-03-19,Expense,Foodd,729.0,card,Ahmedabad,Gym membership
T7451,U108,29-08-22,Expense,Traval,2054.0,CASH,JAI,Restaurant dinner
T12031,U046,11-07-22,Expense,Foods,2787.0,csh,bangalore,Shopping
T8605,U059,2022-12-21,Income,Salary,45212.0,upi,MUM,...
T0838,U089,2021-04-29,Expense,Entrtnmnt,4888.0,csh,PUNE,Medicine
T7880,U088,11/17/2023,Expense,Utlities,6873.0,upi,bangalore,misc
T0491,U108,2021-03-06,Expense,Foods,1023.0,CRD,pune,xyz123
T7132,U094,19-06-22,Expense,TRAVEL,1030.0,CARD,CHE,ATM withdrawal
T10405,U039,03/07/2024,Expense,Rentt,23110.0,BankTransfer,Delhi,No Notes
T13301,U147,2022-07-09,Income,Others,621176.0,CARD,CHENNAI,Restaurant dinner
T9638,U128,06-12-2023,Expense,Other,5732.0,UPI,Delhi,ATM withdrawal
T8273,U033,2021-10-12,Expense,travel,1891.0,card,Jaipur,Fixed deposit
T6206,U094,2023-01-23,Expense,Utility,7331.0,CASH,PUN,Movie tickets
T1092,U003,2021-12-07,Expense,Foods,169.0,Card,Unknown,xyz123
T13917,U136,2024-08-11,Expense,Fod,6848.0,UPI,Kolkata,Coffee
T1099,U101,2023-12-24,Income,Investment,56990.0,upi,CHENNAI,No Notes
T6781,U018,05-03-23,Expense,Food,4119.0,Csh,AHM,No Notes
T2499,U070,2024-08-05,Expense,Entrtnmnt,8158.0,CARD,DEL,Electricity bill
T0101,U144,2022-07-15,Expense,Entertain,2499.0,UPi,AHMEDABAD,Books
T7044,U082,01/09/2021,Income,Salary,26983.0,Crd,Mumbai,Lunch
T11377,U005,22-09-2021,Expense,Utilties,1962.0,bank transfer,Delhi,test
T6669,U076,02-04-22,Expense,food,3357.0,bank transfer,PUNE,Petrol
T10487,U049,15-12-21,Expense,HEALTH,5110.0,csh,DEL,Gym membership
T1388,U082,2024-06-16,Expense,education,2959.0,Bank_Transfer,BANGALORE,No Notes
T4365,U100,06/28/2023,Expense,Travl,7728.0,BankTransfer,CHE,Medicine
T1670,U146,2021-08-26,Expense,food,5936.0,Crd,Ahmedabad,Online course
T11687,U023,08/21/2021,Expense,Entrtnmnt,3272.0,Card,mumbai,Coffee
T9474,U026,01/17/2022,Expense,Entertainment,1581.0,Card,Unknown,No Notes
T13921,U149,2021-04-09,Expense,Utlities,3191.0,cash,mumbai,Doctor consultation
T11596,U009,22-07-21,Income,Bonus,57108.0,Card,DELHI,No Notes
T2929,U101,2023-11-23,Expense,Savings,9001.0,card,Chennai,Fixed deposit
T1166,U048,08/15/2023,Expense,Entertainment,9804.0,Bank Transfer,AHMEDABAD,test
T3099,U034,07/18/2024,Expense,RENT,3580.0,UPi,Hyderabad,No Notes
T11497,U060,2022-04-12,Expense,Entertainment,4525.0,CASH,Kolkata,No Notes
T8269,U119,2022-05-24,Expense,utilities,5628.0,bank transfer,Kolkata,Petrol
T5860,U082,2024-10-16,Income,Investment,32436.0,Card,HYD,No Notes
T9342,U120,02/15/2023,Expense,Educaton,1235.0,Card,chennai,Uber ride
T4919,U081,02/09/2022,Expense,Foods,2054.0,UPi,jaipur,misc
T12564,U083,03-05-21,Expense,Traval,6100.0,card,chennai,Doctor consultation
T1576,U123,19-04-2021,Expense,TRAVEL,7534.0,Bank_Transfer,Unknown,Shopping
T1179,U103,10-03-2024,Expense,Others,6162.0,,HYD,Internet bill
T9442,U024,29-09-23,Expense,SAVINGS,6700.0,csh,PUNE,test
T2677,U063,2022-06-23,Expense,Utilities,6422.0,bank transfer,HYD,!!!
T0535,U006,01-04-24,Expense,Food,2363.0,upi,AHM,Monthly rent payment
T6992,U033,11/05/2024,Expense,SAVINGS,5511.0,CASH,CHENNAI,Books
T2704,U011,29-10-22,Expense,Rentt,30402.0,CARD,kolkata,No Notes
T10108,U002,03/31/2022,Expense,rent,724.0,bank transfer,chennai,test
T2784,U052,05/08/2021,Expense,Educaton,459.0,upi,BAN,Doctor consultation
T1738,U149,2022-04-20,Expense,savings,6985.0,UPI,MUMBAI,misc
T1730,U131,2024-09-02,Expense,rent,538.0,Upi,LUCKNOW,Books
T3438,U021,23-10-21,Expense,Entrtnmnt,6727.0,BankTransfer,AHM,No Notes
T7540,U063,09-01-2022,Expense,TRAVEL,3023.0,UPi,Unknown,No Notes
T13025,U042,12/15/2022,Expense,Misc,567.0,Upi,ahmedabad,Gym membership
T13949,U079,03/04/2024,Expense,travel,5183.0,cash,CHENNAI,Restaurant dinner
T6817,U110,09/04/2022,Income,Salary,31812.0,upi,Chennai,Uber ride
T3554,U064,31-10-22,Income,Salary,23404.0,CARD,Lucknow,Shopping
T6936,U135,04/14/2023,Expense,Entertain,228.0,Cash,MUM,No Notes
T2052,U070,07/04/2021,Expense,Utilties,7033.0,cash,Chennai,xyz123
T1366,U030,07/18/2023,Expense,Rent,49284.0,Bank Transfr,pune,Movie tickets
T5313,U059,11/01/2022,Expense,FOOD,1050.0,UPI,AHM,Medicine
T5037,U041,2024-07-16,Income,Freelance,28566.0,csh,kolkata,No Notes
T4044,U068,26-12-23,Expense,Food,2641.0,Bank Transfr,JAI,No Notes
T12072,U113,2023-05-05,Expense,FOOD,203.0,csh,HYDERABAD,Doctor consultation
T4299,U053,2022-09-27,Expense,Foods,4582.0,CRD,Pune,No Notes
T0332,U029,2023-10-14,Expense,Travel,8970.0,Csh,mumbai,Gym membership
T6508,U100,22-05-2022,Expense,Rentt,24568.0,UPI,Pune,EMI payment
T7988,U065,07/08/2023,Expense,TRAVEL,4825.0,Crd,Chennai,test
T1722,U078,07/05/2022,Expense,,5855.0,UPI,Kolkata,Fixed deposit
T2111,U095,2024-08-05,Expense,RENT,7546.0,CRD,chennai,test
T2605,U113,19-05-23,Expense,Utilties,4854.0,Crd,Jaipur,Uber ride
T9597,U036,31-05-22,Expense,rent,1773.0,card,kolkata,No Notes
T13951,U005,12/30/2021,Expense,Educaton,321.0,CRD,Mumbai,No Notes
T12839,U047,2021-10-29,Income,Bonus,48642.0,Crd,HYDERABAD,!!!
T0522,U074,23-06-2024,Expense,Utility,6222.0,csh,MUM,Internet bill
T11670,U109,31-05-22,Expense,Traval,5356.0,Bank Transfer,LUCKNOW,...
T12932,U030,06-10-2022,Expense,,7743.0,upi,pune,Electricity bill
T7031,U087,11/13/2021,Income,Freelance,21270.0,CRD,Hyderabad,Online course
T10023,U146,22-08-23,Income,Investment,13365.0,CASH,kolkata,Electricity bill
T2807,U057,07-05-21,Income,Freelance,56397.0,BankTransfer,HYDERABAD,No Notes
T13278,U083,2024-05-27,Expense,utilities,3484.0,csh,PUN,!!!
T0514,U045,2021-01-23,Expense,Entertain,4327.0,Bank Transfr,delhi,xyz123
T9910,U076,2023-01-15,Expense,Food,307.0,UPI,LUCKNOW,asdfgh
T11633,U042,2022-01-09,Expense,Entertain,7615.0,bank transfer,JAI,Lunch
T6610,U099,01-03-23,Expense,FOOD,3796.0,Card,CHENNAI,No Notes
T9421,U104,2022-04-19,Expense,Foodd,2049.0,Csh,jaipur,Electricity bill
T12427,U017,04/10/2024,Expense,Travl,9094.0,CARD,AHM,Coffee
T1140,U119,06/19/2022,Income,Investment,22245.0,Upi,JAIPUR,Restaurant dinner
T1053,U045,10/29/2021,Expense,utilities,8129.0,Bank Transfr,Unknown,Petrol
T11803,U062,03-05-23,Expense,Entertain,8340.0,Cash,Bangalore,...
T6624,U010,13-11-22,Expense,Utilties,3695.0,Bank Transfr,JAI,Train ticket
T7245,U022,30-04-2021,Income,Salary,77048.0,Crd,Jaipur,Petrol
T5920,U112,05/13/2024,Expense,Foodd,4147.0,UPI,Chennai,Restaurant dinner
T11785,U006,2024-07-05,Income,Salary,69207.0,UPI,delhi,Coffee
T5560,U114,2024-04-13,Expense,,4410.0,bank transfer,ahmedabad,Coffee
T10906,U065,07-11-2022,Expense,savings,229.0,Cash,Unknown,Grocery shopping
T12308,U037,2023-11-17,Expense,Entertain,1896.0,UPI,KOL,EMI payment
T8328,U088,05/20/2021,Income,Salary,52709.0,UPI,kolkata,Shopping
T2743,U141,2021-07-29,Expense,SAVINGS,4354.0,Bank Transfer,LUCKNOW,No Notes
T10133,U063,2024-08-22,Expense,Saving,6288.0,upi,pune,Coffee
T5299,U095,05/03/2023,Expense,Fod,6352.0,Bank Transfr,PUNE,Shopping
T5851,U095,12/25/2021,Expense,Travel,2899.0,Upi,JAI,Uber ride
T13685,U128,03/07/2021,Income,Salary,79999.0,,mumbai,No Notes
T2626,U096,08/25/2021,Expense,utilities,2147.0,Card,chennai,Fixed deposit
T2039,U022,07/05/2023,Expense,food,3186.0,CRD,CHENNAI,Fixed deposit
T12529,U109,12/22/2024,Income,Freelance,75247.0,,Pune,!!!
T12739,U029,2023-04-21,Expense,Utilties,6376.0,upi,PUNE,Grocery shopping
T0381,U069,2021-01-12,Expense,FOOD,9425.0,Upi,Delhi,xyz123
T1202,U089,2024-03-17,Expense,Rent,43714.0,bank transfer,HYD,Books
T4150,U039,2021-08-07,Expense,food,476.0,Cash,LUC,Uber ride
T9703,U040,05-07-23,Expense,food,4034.0,Crd,PUNE,!!!
T9799,U117,2024-10-04,Income,Salary,24620.0,Cash,AHMEDABAD,No Notes
T1567,U116,27-03-2021,Expense,Utilities,1306.0,Upi,pune,Restaurant dinner
T12714,U036,12/01/2023,Income,Salary,63555.0,Bank Transfr,LUC,Gym membership
T5555,U123,04-01-24,Expense,RENT,5984.0,upi,DEL,Internet bill
T0579,U092,03/28/2022,Expense,Entrtnmnt,4101.0,Cash,PUNE,No Notes
T1146,U014,01/10/2023,Expense,travel,407.0,,Lucknow,Gym membership
T0344,U042,11/13/2021,Expense,Rentt,39449.0,CASH,Delhi,Restaurant dinner
T8607,U017,20-04-24,Expense,rent,9100.0,Cash,Unknown,...
T5759,U150,03/21/2024,Income,Bonus,29438.0,CARD,AHM,Doctor consultation
T1246,U140,04-03-22,Income,Others,12116.0,Csh,KOL,Lunch
T3608,U133,11-06-23,Expense,Fod,1625.0,card,AHM,Uber ride
T11947,U054,08/31/2021,Expense,HEALTH,6298.0,csh,AHMEDABAD,Internet bill
T1176,U033,2021-03-02,Expense,Entertain,2505.0,upi,KOLKATA,Doctor consultation
T6137,U132,2024-08-26,Expense,health,9510.0,Bank_Transfer,HYD,ATM withdrawal
T6146,U140,11/11/2024,Expense,Utilties,8821.0,cash,Ahmedabad,Train ticket
T11411,U043,04/28/2023,Expense,Fod,5882.0,Bank Transfer,LUCKNOW,Gym membership
T8451,U080,08/14/2021,Expense,Food,3378.0,Crd,HYD,Medicine
T1189,U061,2023-05-06,Expense,Rnt,438.0,BankTransfer,Unknown,Uber ride
T12891,U008,23-01-22,Expense,Entertain,3537.0,bank transfer,chennai,No Notes
T12296,U018,2024-12-17,Expense,Utilties,6610.0,cash,DEL,Internet bill
T2820,U054,2022-07-05,Expense,FOOD,6146.0,Bank Transfer,Unknown,Uber ride
T6111,U023,2022-02-11,Income,Others,47374.0,cash,DEL,Monthly rent payment
T10432,U014,01/04/2024,Expense,TRAVEL,3681.0,Card,CHENNAI,Books
T3951,U082,02-08-2022,Expense,Utlities,5973.0,Upi,LUC,Train ticket
T0027,U082,2021-06-15,Expense,Utilties,6778.0,BankTransfer,lucknow,Monthly rent payment
T12812,U077,21-02-23,Expense,rent,3130.0,csh,LUCKNOW,Electricity bill
T11636,U049,2023-12-20,Expense,Savings,1302.0,CRD,JAI,...
T8727,U049,15-11-22,Expense,Utilties,8341.0,,chennai,Movie tickets
T4076,U050,2023-01-01,Expense,Travel,2022.0,upi,PUNE,Online course
T2528,U131,2022-09-26,Expense,Fod,5762.0,Bank Transfer,mumbai,Monthly rent payment
T3241,U032,16-11-21,Expense,Helth,9036.0,UPi,BAN,xyz123
T2362,U133,03/02/2024,Expense,Foods,3454.0,Card,PUNE,No Notes
T5948,U141,2023-02-27,Expense,health,9973.0,bank transfer,Unknown,Train ticket
T14000,U110,2021-06-13,Expense,Fod,4159.0,CASH,Unknown,Lunch
T7440,U051,2021-10-26,Expense,Traval,4184.0,,LUC,Internet bill
T0441,U077,12/25/2021,Expense,EDU,3105.0,cash,BANGALORE,Lunch
T7825,U005,07/07/2022,Expense,Educaton,9195.0,cash,PUNE,Grocery shopping
T1705,U126,2021-08-24,Expense,Entertainment,1841.0,,Chennai,!!!
T6493,U116,04/04/2023,Expense,EDU,7073.0,bank transfer,HYDERABAD,Grocery shopping
T13290,U029,09/14/2023,Expense,Food,4516.0,csh,Hyderabad,Uber ride
T6466,U079,27-07-24,Expense,Foods,1105.0,Csh,lucknow,Online course
T11746,U095,31-07-22,Expense,Food,320.0,Bank Transfer,AHMEDABAD,Electricity bill
T1551,U091,2023-06-27,Expense,Travel,3186.0,Card,hyderabad,No Notes
T11987,U041,02/27/2023,Expense,Foods,4901.0,CRD,Ahmedabad,No Notes
T8660,U057,02-01-24,Income,Freelance,44769.0,Csh,Jaipur,ATM withdrawal
T8941,U147,03/30/2022,Expense,Entertainment,5074.0,UPI,Delhi,Train ticket
T11812,U002,2023-08-11,Expense,Rentt,46947.0,card,Chennai,Lunch
T3803,U063,2022-12-10,Income,Freelance,10022.0,UPi,HYD,Electricity bill
T11853,U059,08/30/2021,Expense,Foodd,383.0,Bank_Transfer,Unknown,!!!
T0893,U042,02/16/2024,Expense,Utilities,1498.0,,Bangalore,ATM withdrawal
T2460,U079,2021-09-30,Expense,Foods,504.0,Upi,Unknown,Medicine
T2742,U071,2024-10-09,Expense,Foods,3328.0,BankTransfer,BAN,Monthly rent payment
T8106,U022,24-10-21,Expense,Food,151.0,bank transfer,ahmedabad,Books
T6207,U141,03/17/2024,Expense,TRAVEL,3673.0,Upi,LUCKNOW,...
T6260,U150,05/28/2022,Income,Investment,44371.0,Cash,lucknow,No Notes
T12449,U076,2024-10-21,Expense,Rnt,266.0,UPI,Chennai,xyz123
T5657,U012,04-11-2022,Expense,EDU,4906.0,Bank Transfr,jaipur,Monthly rent payment
T3027,U031,03/20/2024,Expense,Fod,5874.0,Bank_Transfer,PUNE,No Notes
T9686,U105,14-08-22,Expense,Traval,871.0,Bank_Transfer,JAIPUR,No Notes
T4936,U083,2022-09-05,Expense,EDU,8559.0,Bank_Transfer,BAN,No Notes
T1218,U120,03/23/2024,Income,Others,77543.0,UPi,JAIPUR,Internet bill
T1087,U097,03/03/2022,Expense,travel,2238.0,UPI,Bangalore,Lunch
T9985,U074,05/31/2023,Expense,Foodd,795.0,Bank Transfr,HYD,Medicine
T11959,U095,11/23/2021,Expense,RENT,7465.0,upi,BANGALORE,Online course
T8493,U051,05-06-21,Income,Salary,253560.0,CRD,HYD,...
T2141,U008,27-09-23,Expense,rent,5374.0,CRD,DELHI,Restaurant dinner
T3371,U029,13-01-23,Expense,Foodd,3390.0,cash,chennai,Doctor consultation
T3639,U101,31-08-22,Income,Others,55943.0,Csh,AHMEDABAD,EMI payment
T11722,U049,13-08-24,Expense,travel,5079.0,Card,KOLKATA,Medicine
T8438,U099,21-08-21,Expense,Foodd,1811.0,Upi,Unknown,Internet bill
T2002,U094,09-03-2023,Expense,Entertain,6406.0,UPI,chennai,test
T4065,U027,2021-08-16,Expense,Traval,7570.0,BankTransfer,Mumbai,...
T2894,U041,2021-05-16,Expense,Foodd,121.0,Card,AHMEDABAD,...
T9564,U110,05/09/2021,Expense,Utilties,6002.0,upi,HYDERABAD,asdfgh
T2060,U064,22-01-24,Expense,Travl,2318.0,CRD,Unknown,!!!
T11286,U051,11-03-21,Expense,Utilities,1798.0,Bank Transfr,Pune,misc
T3316,U020,11-11-24,Expense,Education,1902.0,CARD,CHENNAI,Lunch
T1547,U113,25-05-2023,Expense,travel,143.0,csh,JAIPUR,No Notes
T2257,U016,29-10-24,Expense,entertainment,2651.0,csh,BANGALORE,...
T7539,U020,2021-07-20,Income,Investment,54123.0,UPi,Delhi,No Notes
T7107,U136,08-11-22,Income,Salary,30470.0,Upi,Bangalore,Internet bill
T12556,U010,15-09-2024,Income,Bonus,72854.0,bank transfer,Mumbai,test
T3328,U039,2024-08-28,Expense,Foods,1612.0,,KOL,Grocery shopping
T4037,U003,11/17/2023,Expense,Rent,15193.0,Crd,pune,Uber ride
T6603,U011,05-03-24,Expense,Helth,999999.0,Bank Transfer,chennai,!!!
T11714,U142,2024-01-07,Expense,Savings,9818.0,upi,Lucknow,asdfgh
T0122,U104,14-05-2022,Expense,Health,619.0,Cash,delhi,No Notes
T10396,U014,22-07-2023,Expense,Travl,3041.0,Bank Transfr,PUN,ATM withdrawal
T12021,U030,05/31/2021,Expense,Traval,3074.0,CRD,PUNE,No Notes
T13908,U113,21-02-2023,Expense,Fod,9952.0,,LUC,No Notes
T7467,U033,21-07-24,Expense,Rnt,7335.0,Upi,hyderabad,Coffee
T7486,U142,27-02-24,Expense,Educaton,4353.0,card,BANGALORE,No Notes
T13247,U001,03/04/2024,Expense,food,1048.0,CRD,BANGALORE,Train ticket
T8679,U044,08/04/2022,Expense,Utlities,5459.0,CARD,MUM,Gym membership
