transaction_id,user_id,date,transaction_type,category,amount,payment_mode,location,notes
T4999,U018,2023-04-25,Expense,Education,3888.0,Card,Ahmedabad,Movie tickets
T12828,U133,2022-05-08,Expense,Rent,649.0,Unknown,Hyderabad,asdfgh
T7403,U091,2023-12-31,Income,Freelance,13239.0,Cash,Bangalore,Books
T7495,U088,2022-10-28,Expense,Entertainment,2287.0,Card,Hyderabad,No Notes
T12465,U042,2024-11-04,Expense,Food,4168.0,Unknown,Unknown,test
T4518,U026,2022-08-16,Expense,Education,828.0,Card,Lucknow,Uber ride
T9824,U061,2024-12-12,Income,Salary,62061.0,Card,Ahmedabad,...
T0741,U053,2024-03-13,Expense,Utilities,5070.0,Upi,Kolkata,Grocery shopping
T12403,U004,2023-10-11,Income,Others,59543.0,Upi,Lucknow,Gym membership
T6861,U112,2021-04-18,Expense,Utilities,4262.0,Upi,Ahmedabad,Uber ride
T9446,U006,2022-06-29,Expense,Utilities,5767.0,Bank_Transfer,Bangalore,No Notes
T3016,U099,2022-02-24,Expense,Rent,23760.0,Card,Bangalore,Electricity bill
T11564,U148,2023-08-28,Expense,Food,898.0,Upi,Lucknow,Restaurant dinner
T11382,U111,2023-06-02,Income,Freelance,25143.0,Card,Chennai,No Notes
T3133,U024,2024-07-17,Expense,Rent,9567.0,Bank_Transfer,Pune,ATM withdrawal
T1982,U089,2021-02-27,Income,Others,49683.0,Unknown,Lucknow,xyz123
T7154,U039,2024-09-21,Expense,Food,222.0,Upi,Bangalore,misc
T2699,U092,2023-02-25,Expense,Travel,2553.0,Upi,Lucknow,Doctor consultation
T5774,U005,2021-02-14,Expense,Food,7406.0,Card,Bangalore,xyz123
T12850,U076,2021-09-06,Expense,Rent,3010.0,Upi,Kolkata,No Notes
T6195,U038,2024-11-20,Income,Salary,855881.0,Bank_Transfer,Jaipur,No Notes
T5731,U027,2023-04-02,Expense,Food,2206.0,Bank_Transfer,Unknown,xyz123
T0909,U013,2024-04-20,Expense,Entertainment,7038.0,Card,Jaipur,Gym membership
T7565,U075,2022-01-24,Expense,Travel,4286.0,Bank_Transfer,Hyderabad,No Notes
T1653,U099,2024-12-16,Expense,Education,8119.0,Card,Hyderabad,Books
T6239,U150,2021-12-28,Expense,Education,4189.0,Card,Bangalore,Uber ride
T2849,U150,2022-10-10,Income,Investment,19947.0,Bank_Transfer,Lucknow,Coffee
T3127,U023,2021-05-22,Expense,Food,5107.0,Upi,Unknown,Shopping
T4949,U101,2023-01-03,Expense,Food,3865.0,Bank_Transfer,Jaipur,No Notes
T3563,U007,2021-05-05,Expense,Travel,2407.0,Card,Chennai,Internet bill
T10891,U055,2024-08-09,Expense,Food,3085.0,Card,Jaipur,Electricity bill
T10872,U080,2023-02-22,Expense,Health,5252.0,Unknown,Delhi,Online course
T6786,U017,2022-12-15,Expense,Rent,1380.0,Bank_Transfer,Hyderabad,Train ticket
T3396,U136,2021-09-22,Expense,Rent,7619.0,Cash,Pune,Movie tickets
T1215,U150,2023-12-29,Expense,Others,4823.0,Cash,Ahmedabad,...
T5293,U044,2021-02-23,Expense,Health,8497.0,Unknown,Kolkata,Gym membership
T12220,U122,2023-11-14,Expense,Food,999999.0,Upi,Lucknow,No Notes
T2003,U149,2021-04-15,Expense,Travel,8241.0,Upi,Unknown,Movie tickets
T9452,U062,2023-09-24,Expense,Rent,8579.0,Bank_Transfer,Ahmedabad,...
T4924,U082,2022-05-25,Expense,Food,235.0,Card,Chennai,ATM withdrawal
T11911,U069,2023-06-22,Expense,Food,1263.0,Upi,Lucknow,No Notes
T11270,U022,2023-09-08,Expense,Health,2134.0,Bank_Transfer,Jaipur,Books
T13032,U150,2021-06-19,Expense,Education,2228.0,Cash,Delhi,Movie tickets
T6095,U110,2024-11-01,Expense,Rent,4641.0,Bank_Transfer,Delhi,ATM withdrawal
T0361,U055,2023-08-16,Expense,Utilities,1081.0,Card,Pune,No Notes
T7314,U103,2022-02-26,Expense,Entertainment,371.0,Cash,Mumbai,Uber ride
T11430,U108,2021-10-07,Expense,Food,225.0,Card,Pune,!!!
T12663,U052,2023-04-15,Expense,Rent,23776.0,Upi,Bangalore,Doctor consultation
T6106,U008,2023-04-23,Expense,Health,6707.0,Card,Delhi,No Notes
T9628,U096,2024-03-22,Expense,Food,8380.0,Bank_Transfer,Hyderabad,No Notes
T1623,U017,2021-10-04,Expense,Utilities,601.0,Bank_Transfer,Jaipur,Medicine
T13765,U034,2024-05-09,Expense,Others,3219.0,Cash,Hyderabad,Internet bill
T5930,U011,2024-04-21,Expense,Savings,8111.0,Unknown,Delhi,Grocery shopping
T1627,U069,2022-04-18,Expense,Utilities,5554.0,Bank_Transfer,Hyderabad,EMI payment
T4242,U053,2024-08-15,Income,Salary,41573.0,Bank_Transfer,Mumbai,Coffee
T12437,U004,2024-01-12,Expense,Education,3110.0,Bank_Transfer,Chennai,Doctor consultation
T8670,U030,2024-07-25,Expense,Food,4277.0,Card,Pune,Train ticket
T11341,U127,2024-01-17,Expense,Food,3047.0,Card,Mumbai,Grocery shopping
T9556,U008,2024-06-27,Income,Freelance,10183.0,Unknown,Delhi,No Notes
T2449,U028,2022-04-16,Expense,Travel,9888.0,Bank_Transfer,Delhi,Shopping
T4357,U088,2024-03-07,Expense,Rent,7217.0,Cash,Delhi,Internet bill
T0815,U141,2021-05-10,Expense,Education,9725.0,Bank_Transfer,Chennai,Restaurant dinner
T7919,U086,2023-05-27,Expense,Entertainment,9648.0,Bank_Transfer,Kolkata,!!!
T5695,U061,2023-10-22,Expense,Travel,1643.0,Card,Mumbai,Petrol
T2471,U066,2021-12-23,Expense,Education,7397.0,Cash,Delhi,test
T3475,U046,2022-10-12,Income,Freelance,70075.0,Upi,Kolkata,Gym membership
T5875,U081,2021-10-31,Expense,Food,864.0,Bank_Transfer,Mumbai,Shopping
T10128,U104,2024-06-09,Expense,Others,6228.0,Cash,Hyderabad,No Notes
T3491,U061,2024-10-04,Expense,Education,1206.0,Cash,Ahmedabad,Shopping
T2225,U028,2023-06-07,Expense,Education,8204.0,Card,Unknown,!!!
T6946,U068,2024-06-23,Expense,Education,5756.0,Upi,Hyderabad,xyz123
T2022,U056,2021-12-20,Expense,Food,5576.0,Bank_Transfer,Delhi,Medicine
T13529,U123,2021-05-11,Expense,Health,9771.0,Bank_Transfer,Pune,Petrol
T12210,U118,2022-01-25,Expense,Rent,20509.0,Bank_Transfer,Bangalore,Train ticket
T6904,U063,2024-09-13,Income,Bonus,62193.0,Upi,Chennai,Electricity bill
T0713,U055,2023-08-22,Expense,Utilities,3367.0,Bank_Transfer,Ahmedabad,Monthly rent payment
T7323,U009,2024-05-13,Expense,Health,2721.0,Upi,Bangalore,EMI payment
T10231,U089,2023-02-13,Expense,Rent,2962.0,Upi,Ahmedabad,Books
T11570,U052,2022-09-23,Expense,Travel,8283.0,Card,Ahmedabad,...
T13926,U134,2024-09-16,Expense,Utilities,3520.0,Cash,Mumbai,test
T0884,U115,2024-07-04,Expense,Travel,5524.0,Bank_Transfer,Hyderabad,Fixed deposit
T5033,U119,2021-12-18,Expense,Travel,999999.0,Upi,Pune,Lunch
T8492,U101,2024-11-14,Expense,Entertainment,1800.0,Bank_Transfer,Ahmedabad,Internet bill
T4699,U090,2023-07-08,Income,Investment,32146.0,Cash,Delhi,ATM withdrawal
T1841,U097,2021-10-03,Income,Others,57173.0,Cash,Unknown,No Notes
T3041,U018,2021-11-07,Expense,Rent,2966.0,Cash,Bangalore,EMI payment
T7693,U116,2024-08-31,Expense,Entertainment,1004.0,Bank_Transfer,Kolkata,No Notes
T0071,U078,2024-04-26,Expense,Rent,6141.0,Cash,Pune,No Notes
T12197,U026,2022-04-18,Expense,Travel,9154.0,Card,Delhi,...
T8563,U080,2024-12-29,Expense,Travel,9705.0,Cash,Unknown,misc
T6626,U049,2022-08-14,Expense,Food,2637.0,Cash,Jaipur,Fixed deposit
T7302,U102,2024-09-19,Expense,Food,1073.0,Card,Lucknow,No Notes
T3552,U095,2024-01-21,Income,Bonus,34145.0,Bank_Transfer,Hyderabad,!!!
T1620,U040,2024-08-30,Expense,Utilities,527.0,Cash,Mumbai,No Notes
T7912,U115,2022-06-15,Expense,Savings,5195.0,Upi,Lucknow,Grocery shopping
T3571,U064,2024-05-10,Expense,Entertainment,3143.0,Upi,Chennai,Books
T10957,U081,2023-06-08,Expense,Travel,2135.0,Cash,Lucknow,Medicine
T0294,U080,2024-12-25,Expense,Food,2163.0,Upi,Mumbai,Doctor consultation
T9414,U149,2024-09-06,Expense,Rent,42078.0,Upi,Kolkata,No Notes
T10537,U079,2023-01-08,Expense,Food,2778.0,Upi,Ahmedabad,...
T1125,U105,2024-11-22,Expense,Health,3929.0,Card,Unknown,Shopping
T8978,U103,2024-10-05,Income,Freelance,23852.0,Card,Lucknow,Coffee
T5936,U022,2021-06-13,Expense,Others,6856.0,Unknown,Chennai,Shopping
T3751,U103,2024-05-31,Income,Bonus,49639.0,Unknown,Hyderabad,Online course
T0626,U122,2024-08-19,Expense,Education,3150.0,Bank_Transfer,Chennai,Coffee
T9500,U090,2022-07-06,Expense,Health,9408.0,Cash,Hyderabad,Electricity bill
T1537,U056,2022-06-25,Expense,Entertainment,4114.0,Upi,Delhi,Fixed deposit
T9185,U117,2022-12-12,Income,Bonus,14249.0,Bank_Transfer,Lucknow,No Notes
T7093,U096,2023-03-29,Expense,Travel,9681.0,Upi,Delhi,Online course
T1990,U121,2022-03-29,Expense,Travel,3011.0,Card,Kolkata,Grocery shopping
T4706,U150,2024-06-13,Expense,Health,3150.0,Upi,Jaipur,No Notes
T8416,U133,2023-05-05,Income,Bonus,32789.0,Cash,Bangalore,Lunch
T11932,U100,2023-10-02,Expense,Utilities,6704.0,Upi,Mumbai,Doctor consultation
T4683,U062,2022-08-27,Expense,Travel,4427.0,Card,Chennai,Gym membership
T10528,U071,2021-11-27,Expense,Entertainment,3121.0,Bank_Transfer,Pune,Grocery shopping
T10806,U149,2024-05-19,Expense,Food,3802.0,Upi,Jaipur,Petrol
T10505,U099,2021-06-03,Expense,Education,544.0,Upi,Ahmedabad,Lunch
T13682,U145,2023-09-03,Expense,Travel,9053.0,Unknown,Lucknow,...
T12807,U029,2021-05-06,Income,Freelance,32381.0,Bank_Transfer,Chennai,...
T6557,U007,2023-01-28,Expense,Travel,8305.0,Upi,Pune,test
T0409,U137,2021-08-02,Expense,Utilities,8841.0,Unknown,Mumbai,No Notes
T10784,U022,2021-04-30,Income,Investment,46219.0,Card,Lucknow,No Notes
T2457,U054,2021-10-03,Expense,Travel,9800.0,Cash,Mumbai,misc
T12395,U062,2021-10-04,Expense,Utilities,4451.0,Bank_Transfer,Mumbai,...
T1882,U101,2022-09-25,Expense,Education,9358.0,Card,Mumbai,No Notes
T13924,U035,2021-08-24,Expense,Rent,3569.0,Cash,Jaipur,Online course
T13453,U110,2024-05-11,Expense,Rent,2979.0,Cash,Hyderabad,Medicine
T9836,U058,2024-11-09,Expense,Travel,1863.0,Bank_Transfer,Hyderabad,Lunch
T13845,U066,2022-06-24,Expense,Rent,34984.0,Upi,Chennai,Petrol
T11381,U107,2024-12-05,Income,Investment,44031.0,Bank_Transfer,Hyderabad,Online course
T5758,U049,2023-04-08,Expense,Rent,21771.0,Upi,Chennai,No Notes
T12059,U077,2021-11-12,Income,Salary,24920.0,Upi,Chennai,Online course
T8889,U131,2021-07-01,Expense,Savings,8861.0,Bank_Transfer,Pune,...
T10327,U136,2022-05-25,Expense,Health,4201.0,Bank_Transfer,Kolkata,Online course
T4967,U113,2022-02-17,Expense,Rent,47473.0,Bank_Transfer,Hyderabad,Online course
T11849,U040,2021-06-12,Income,Investment,75822.0,Cash,Mumbai,Medicine
T5167,U014,2021-10-26,Expense,Food,677.0,Bank_Transfer,Mumbai,Medicine
T3952,U120,2024-08-26,Expense,Rent,43252.0,Cash,Delhi,test
T5844,U086,2021-04-24,Expense,Food,2615.0,Card,Lucknow,ATM withdrawal
T13040,U009,2024-04-06,Expense,Food,2855.0,Upi,Bangalore,misc
T3167,U145,2021-11-28,Income,Bonus,57358.0,Cash,Delhi,!!!
T8867,U105,2022-11-14,Expense,Others,6348.0,Card,Mumbai,Medicine
T5926,U016,2024-07-13,Expense,Rent,4583.0,Bank_Transfer,Unknown,Lunch
T13662,U129,2021-10-18,Expense,Others,4952.0,Cash,Hyderabad,ATM withdrawal
T13593,U018,2024-11-03,Expense,Others,3941.0,Bank_Transfer,Mumbai,Lunch
T12216,U116,2023-04-21,Income,Others,47262.0,Bank_Transfer,Kolkata,No Notes
T8335,U001,2021-06-19,Expense,Entertainment,1998.0,Upi,Lucknow,Internet bill
T4933,U018,2021-03-17,Expense,Food,8124.0,Unknown,Pune,Coffee
T7036,U105,2021-12-01,Expense,Travel,1326.0,Card,Unknown,asdfgh
T9072,U066,2024-09-26,Expense,Savings,4328.0,Upi,Mumbai,Medicine
T8270,U081,2023-04-04,Expense,Food,276.0,Bank_Transfer,Pune,Restaurant dinner
T12265,U094,2022-02-04,Expense,Utilities,4215.0,Card,Hyderabad,ATM withdrawal
T4637,U005,2023-04-11,Expense,Utilities,6316.0,Upi,Pune,ATM withdrawal
T9022,U089,2024-10-03,Expense,Rent,21376.0,Upi,Chennai,test
T7016,U145,2021-09-01,Expense,Utilities,7391.0,Cash,Hyderabad,Uber ride
T12109,U144,2023-05-31,Expense,Travel,2990.0,Upi,Mumbai,Train ticket
T9952,U045,2022-12-24,Expense,Utilities,2230.0,Unknown,Delhi,ATM withdrawal
T13401,U064,2021-09-17,Expense,Food,6197.0,Upi,Unknown,xyz123
T11100,U142,2021-05-06,Expense,Food,6502.0,Card,Jaipur,Shopping
T4072,U067,2021-11-07,Expense,Others,6902.0,Card,Delhi,Petrol
T9115,U060,2022-04-21,Expense,Entertainment,9939.0,Bank_Transfer,Pune,No Notes
T2668,U126,2022-12-30,Expense,Rent,1518.0,Bank_Transfer,Lucknow,Electricity bill
T1256,U035,2021-03-06,Expense,Travel,2985.0,Cash,Delhi,Restaurant dinner
T7219,U002,2024-06-28,Expense,Education,3150.0,Bank_Transfer,Ahmedabad,No Notes
T7845,U014,2024-12-27,Expense,Utilities,6671.0,Upi,Ahmedabad,Doctor consultation
T4986,U124,2023-04-07,Expense,Travel,1409.0,Upi,Chennai,xyz123
T1883,U047,2024-07-20,Expense,Education,2497.0,Bank_Transfer,Kolkata,!!!
T7034,U108,2021-03-24,Expense,Utilities,6324.0,Card,Chennai,Gym membership
T11835,U125,2022-12-04,Expense,Education,7315.0,Bank_Transfer,Jaipur,No Notes
T0231,U031,2023-08-02,Expense,Utilities,7080.0,Bank_Transfer,Kolkata,test
T2017,U090,2022-01-14,Expense,Utilities,7821.0,Cash,Pune,test
T9479,U114,2021-08-14,Expense,Rent,988.0,Upi,Unknown,Restaurant dinner
T1312,U070,2022-12-15,Income,Freelance,23504.0,Bank_Transfer,Hyderabad,Electricity bill
T0010,U017,2024-04-19,Expense,Others,1064.0,Cash,Ahmedabad,Books
T11433,U083,2021-12-10,Expense,Food,2683.0,Cash,Delhi,xyz123
T4446,U017,2023-11-30,Expense,Food,5022.0,Cash,Hyderabad,Internet bill
T2782,U093,2021-01-04,Expense,Food,7849.0,Unknown,Pune,Petrol
T11291,U040,2024-10-06,Income,Bonus,33565.0,Cash,Hyderabad,Gym membership
T6224,U092,2024-04-11,Income,Salary,66678.0,Bank_Transfer,Chennai,EMI payment
T4124,U119,2024-05-03,Expense,Education,6304.0,Upi,Pune,Fixed deposit
T10115,U091,2022-02-23,Income,Freelance,50009.0,Bank_Transfer,Pune,No Notes
T3531,U134,2021-07-08,Expense,Food,5811.0,Bank_Transfer,Pune,No Notes
T1066,U057,2023-05-02,Expense,Entertainment,7713.0,Upi,Pune,Monthly rent payment
T9037,U142,2022-12-19,Income,Salary,70693.0,Cash,Ahmedabad,No Notes
T12498,U012,2024-03-20,Expense,Health,2603.0,Cash,Kolkata,Monthly rent payment
T6556,U037,2023-12-22,Expense,Food,314.0,Cash,Mumbai,Train ticket
T4233,U089,2024-10-30,Expense,Education,9806.0,Bank_Transfer,Chennai,Petrol
T1925,U060,2023-04-02,Expense,Food,3762.0,Bank_Transfer,Hyderabad,No Notes
T9678,U092,2021-03-15,Expense,Travel,9891.0,Upi,Unknown,Grocery shopping
T3468,U143,2024-09-08,Expense,Health,6869.0,Card,Jaipur,asdfgh
T2217,U113,2023-02-04,Expense,Rent,6756.0,Bank_Transfer,Pune,No Notes
T7901,U028,2021-07-09,Expense,Entertainment,356.0,Bank_Transfer,Jaipur,No Notes
T9324,U093,2021-03-10,Income,Others,20156.0,Cash,Pune,No Notes
T6515,U121,2024-03-16,Expense,Health,3790.0,Card,Ahmedabad,...
T3401,U071,2021-07-10,Expense,Others,6766.0,Card,Bangalore,Gym membership
T2246,U061,2021-01-04,Expense,Food,3765.0,Bank_Transfer,Chennai,Fixed deposit
T7960,U028,2021-07-25,Expense,Entertainment,4638.0,Card,Unknown,!!!
T13793,U141,2021-09-23,Income,Freelance,11650.0,Cash,Hyderabad,!!!
T7316,U144,2024-02-22,Expense,Utilities,5790.0,Unknown,Pune,misc
T4875,U076,2024-06-16,Expense,Rent,12435.0,Upi,Lucknow,No Notes
T1216,U042,2022-01-31,Income,Investment,31183.0,Bank_Transfer,Jaipur,Shopping
T11898,U035,2023-04-13,Expense,Food,775.0,Upi,Unknown,Monthly rent payment
T3071,U139,2021-03-11,Expense,Entertainment,8230.0,Bank_Transfer,Lucknow,EMI payment
T12468,U043,2024-12-14,Expense,Rent,5582.0,Upi,Ahmedabad,Monthly rent payment
T5511,U114,2024-04-20,Expense,Food,5918.0,Bank_Transfer,Pune,No Notes
T5607,U093,2024-05-02,Income,Investment,73830.0,Upi,Pune,xyz123
T9770,U040,2021-02-21,Expense,Rent,23340.0,Card,Lucknow,Doctor consultation
T11278,U009,2022-07-19,Expense,Rent,40813.0,Upi,Delhi,Books
T10427,U077,2024-12-31,Expense,Utilities,3414.0,Upi,Pune,test
T1377,U044,2022-03-31,Expense,Food,2033.0,Upi,Mumbai,EMI payment
T2469,U038,2023-11-30,Income,Bonus,44932.0,Bank_Transfer,Kolkata,Lunch
T6621,U104,2022-08-14,Expense,Food,999999.0,Cash,Jaipur,xyz123
T7679,U079,2024-03-05,Expense,Education,2274.0,Cash,Hyderabad,Grocery shopping
T8635,U039,2023-02-28,Expense,Travel,330.0,Bank_Transfer,Chennai,No Notes
T4874,U123,2024-12-30,Expense,Travel,8592.0,Cash,Pune,Lunch
T3143,U025,2023-01-05,Expense,Rent,6779.0,Cash,Delhi,Monthly rent payment
T13475,U033,2022-12-01,Income,Investment,29235.0,Bank_Transfer,Unknown,xyz123
T8560,U023,2023-02-04,Expense,Health,2143.0,Card,Delhi,asdfgh
T8417,U089,2022-05-17,Expense,Food,4945.0,Card,Ahmedabad,test
T8379,U106,2021-10-16,Expense,Entertainment,8152.0,Upi,Delhi,Uber ride
T13913,U006,2022-07-12,Expense,Others,7300.0,Bank_Transfer,Pune,!!!
T11359,U135,2024-06-04,Expense,Food,4603.0,Bank_Transfer,Ahmedabad,EMI payment
T8916,U035,2022-10-13,Expense,Entertainment,4719.0,Card,Mumbai,Coffee
T5752,U112,2022-05-12,Expense,Rent,27792.0,Bank_Transfer,Pune,Doctor consultation
T11316,U053,2022-10-06,Expense,Travel,6691.0,Card,Hyderabad,Doctor consultation
T4377,U065,2022-05-04,Expense,Rent,5935.0,Bank_Transfer,Hyderabad,Coffee
T10191,U150,2024-02-26,Expense,Travel,9750.0,Upi,Mumbai,ATM withdrawal
T10267,U128,2021-10-19,Expense,Rent,6484.0,Upi,Jaipur,Fixed deposit
T10019,U029,2024-02-18,Expense,Entertainment,2398.0,Bank_Transfer,Lucknow,Medicine
T1053,U081,2021-08-25,Expense,Food,498.0,Cash,Delhi,Coffee
T2960,U124,2022-05-09,Expense,Rent,35588.0,Cash,Jaipur,Grocery shopping
T5402,U053,2021-02-11,Income,Others,13131.0,Card,Lucknow,Fixed deposit
T1989,U027,2024-08-06,Expense,Health,6321.0,Cash,Ahmedabad,ATM withdrawal
T7284,U114,2023-08-30,Expense,Rent,28207.0,Bank_Transfer,Unknown,Fixed deposit
T1195,U102,2023-06-08,Expense,Rent,10749.0,Cash,Lucknow,Uber ride
T6008,U053,2023-05-21,Expense,Food,2232.0,Unknown,Pune,Books
T11465,U149,2022-03-30,Expense,Savings,8161.0,Card,Bangalore,Restaurant dinner
T8940,U088,2024-05-11,Expense,Others,3825.0,Cash,Bangalore,No Notes
T2577,U075,2022-07-13,Expense,Utilities,4923.0,Bank_Transfer,Mumbai,No Notes
T6064,U104,2023-04-11,Expense,Food,1078.0,Bank_Transfer,Delhi,No Notes
T1619,U053,2021-02-16,Income,Investment,74630.0,Bank_Transfer,Ahmedabad,No Notes
T1405,U109,2022-12-02,Income,Freelance,14180.0,Cash,Mumbai,Online course
T0352,U149,2024-08-11,Expense,Utilities,8479.0,Upi,Bangalore,Monthly rent payment
T5467,U104,2023-05-11,Expense,Food,5292.0,Bank_Transfer,Hyderabad,Gym membership
T10397,U013,2022-10-20,Expense,Travel,3942.0,Bank_Transfer,Lucknow,!!!
T3306,U065,2022-07-22,Expense,Entertainment,2923.0,Bank_Transfer,Delhi,Doctor consultation
T12923,U075,2023-01-09,Expense,Entertainment,8943.0,Card,Pune,Monthly rent payment
T2497,U149,2022-11-22,Expense,Utilities,3159.0,Card,Delhi,ATM withdrawal
T12309,U024,2023-12-18,Expense,Rent,12484.0,Card,Bangalore,No Notes
T6608,U081,2023-06-04,Expense,Rent,4331.0,Cash,Hyderabad,Train ticket
T4870,U014,2024-04-10,Expense,Rent,9348.0,Bank_Transfer,Jaipur,No Notes
T12187,U060,2024-06-26,Expense,Food,8174.0,Bank_Transfer,Pune,No Notes
T13685,U047,2021-03-08,Income,Investment,74243.0,Cash,Jaipur,Shopping
T6605,U124,2023-10-17,Expense,Food,8640.0,Cash,Jaipur,Coffee
T3940,U085,2021-06-25,Expense,Food,9784.0,Card,Jaipur,Uber ride
T12289,U001,2021-12-26,Expense,Rent,45093.0,Card,Pune,Electricity bill
T12849,U049,2021-04-21,Expense,Food,2130.0,Upi,Lucknow,Restaurant dinner
T6257,U036,2023-02-21,Expense,Food,4816.0,Upi,Pune,Lunch
T3936,U039,2023-05-10,Expense,Food,2247.0,Card,Chennai,Uber ride
T10279,U087,2021-03-13,Income,Freelance,46587.0,Card,Lucknow,asdfgh
T0177,U038,2022-06-13,Expense,Others,6610.0,Cash,Pune,Restaurant dinner
T3986,U077,2024-12-20,Expense,Travel,4692.0,Upi,Jaipur,Fixed deposit
T3810,U004,2021-03-02,Expense,Education,5305.0,Bank_Transfer,Chennai,Restaurant dinner
T7155,U060,2022-08-14,Income,Bonus,67675.0,Bank_Transfer,Bangalore,No Notes
T8163,U016,2021-03-29,Expense,Entertainment,7845.0,Cash,Delhi,asdfgh
T7044,U049,2022-05-18,Expense,Entertainment,7183.0,Cash,Unknown,Shopping
T3840,U144,2022-08-23,Expense,Utilities,6908.0,Card,Bangalore,No Notes
T3774,U020,2023-08-09,Expense,Rent,47146.0,Card,Delhi,No Notes
T3961,U111,2024-07-15,Expense,Health,5749.0,Cash,Pune,Internet bill
T13582,U133,2021-10-26,Expense,Entertainment,5542.0,Card,Kolkata,Petrol
T11104,U121,2022-09-14,Expense,Travel,3429.0,Card,Mumbai,Lunch
T8714,U065,2021-06-23,Expense,Entertainment,237.0,Bank_Transfer,Jaipur,Petrol
T2709,U138,2022-08-18,Expense,Savings,8231.0,Upi,Chennai,Lunch
T2156,U018,2022-05-11,Expense,Utilities,9859.0,Upi,Kolkata,EMI payment
T8551,U065,2024-03-20,Expense,Utilities,2288.0,Upi,Kolkata,No Notes
T10622,U030,2022-01-26,Expense,Travel,5756.0,Bank_Transfer,Hyderabad,ATM withdrawal
T9673,U145,2021-10-31,Expense,Rent,28183.0,Upi,Delhi,...
T8967,U125,2023-03-16,Income,Others,41720.0,Bank_Transfer,Pune,Doctor consultation
T11141,U098,2024-07-10,Expense,Rent,7335.0,Bank_Transfer,Chennai,!!!
T4430,U147,2024-04-10,Expense,Rent,287.0,Card,Hyderabad,Restaurant dinner
T11810,U060,2021-12-30,Income,Others,57828.0,Upi,Ahmedabad,Shopping
T10574,U061,2021-10-28,Expense,Education,9601.0,Unknown,Kolkata,Uber ride
T9406,U131,2021-08-12,Expense,Entertainment,2186.0,Card,Bangalore,Online course
T2288,U143,2021-06-14,Expense,Entertainment,8093.0,Card,Lucknow,asdfgh
T1733,U080,2023-03-05,Expense,Travel,2272.0,Bank_Transfer,Hyderabad,Gym membership
T13220,U140,2024-05-02,Expense,Food,4549.0,Cash,Chennai,ATM withdrawal
T9379,U106,2021-11-26,Expense,Rent,21603.0,Cash,Jaipur,Petrol
T0617,U046,2021-01-22,Expense,Food,1641.0,Cash,Kolkata,No Notes
T13759,U109,2021-12-27,Expense,Education,7941.0,Upi,Chennai,test
T0147,U114,2021-06-27,Expense,Travel,7135.0,Cash,Lucknow,ATM withdrawal
T4332,U089,2023-11-21,Expense,Food,4265.0,Upi,Hyderabad,No Notes
T12052,U046,2023-09-09,Expense,Savings,8634.0,Bank_Transfer,Lucknow,Gym membership
T4585,U003,2024-05-21,Expense,Entertainment,1006.0,Upi,Hyderabad,Medicine
T0859,U132,2024-10-27,Expense,Travel,475.0,Bank_Transfer,Delhi,No Notes
T5011,U129,2022-07-16,Expense,Travel,6799.0,Card,Bangalore,Restaurant dinner
T1330,U108,2022-03-21,Expense,Rent,1564.0,Unknown,Unknown,Doctor consultation
T4361,U008,2023-03-19,Expense,Education,1002.0,Bank_Transfer,Ahmedabad,No Notes
T7760,U089,2024-11-05,Expense,Rent,46614.0,Bank_Transfer,Lucknow,...
T7501,U047,2021-12-01,Expense,Food,4005.0,Cash,Kolkata,Monthly rent payment
T10853,U083,2023-04-28,Expense,Travel,4601.0,Upi,Pune,Medicine
T5130,U075,2021-10-09,Expense,Rent,46896.0,Upi,Delhi,Lunch
T4248,U058,2022-03-21,Income,Salary,78532.0,Bank_Transfer,Kolkata,misc
T5305,U046,2023-01-16,Income,Bonus,178518.0,Bank_Transfer,Pune,Shopping
T6784,U022,2021-12-01,Expense,Food,8687.0,Unknown,Bangalore,Coffee
T1468,U139,2022-07-12,Income,Freelance,57170.0,Upi,Delhi,Movie tickets
T5253,U075,2021-07-08,Expense,Food,7235.0,Card,Bangalore,test
T6241,U037,2022-07-04,Expense,Travel,9675.0,Cash,Mumbai,Restaurant dinner
T4458,U075,2022-04-21,Expense,Food,4895.0,Upi,Ahmedabad,Fixed deposit
T4529,U064,2024-01-31,Income,Bonus,21355.0,Bank_Transfer,Jaipur,EMI payment
T5154,U072,2024-03-11,Income,Others,13183.0,Upi,Chennai,Books
T10901,U086,2022-12-07,Expense,Travel,9364.0,Upi,Delhi,EMI payment
T12719,U019,2021-05-18,Expense,Food,5042.0,Cash,Jaipur,EMI payment
T6988,U044,2023-07-10,Expense,Rent,2824.0,Upi,Ahmedabad,Doctor consultation
T2128,U126,2023-10-18,Expense,Health,9979.0,Upi,Hyderabad,Internet bill
T1182,U023,2024-09-20,Expense,Health,8548.0,Unknown,Bangalore,ATM withdrawal
T4182,U117,2023-03-03,Expense,Food,700.0,Bank_Transfer,Pune,Gym membership
T4082,U138,2021-07-23,Expense,Food,6556.0,Upi,Mumbai,No Notes
T8735,U023,2023-12-07,Expense,Food,8641.0,Card,Hyderabad,No Notes
T8123,U020,2023-05-15,Expense,Rent,5988.0,Bank_Transfer,Mumbai,Movie tickets
T7895,U117,2024-08-23,Expense,Utilities,6348.0,Card,Chennai,!!!
T8735,U113,2021-05-15,Expense,Rent,5549.0,Upi,Unknown,Fixed deposit
T10792,U053,2022-07-15,Expense,Rent,44898.0,Cash,Chennai,Coffee
T8838,U010,2023-07-16,Expense,Rent,3221.0,Upi,Delhi,ATM withdrawal
T1044,U075,2021-06-05,Expense,Food,1810.0,Card,Kolkata,Internet bill
T8602,U097,2024-07-12,Expense,Rent,9944.0,Upi,Delhi,misc
T7931,U085,2021-08-12,Expense,Travel,1037.0,Cash,Bangalore,Electricity bill
T13820,U148,2023-10-16,Expense,Utilities,6278.0,Bank_Transfer,Hyderabad,No Notes
T0241,U148,2023-12-13,Expense,Travel,2963.0,Upi,Unknown,xyz123
T9531,U149,2021-06-15,Expense,Utilities,999.0,Cash,Chennai,Fixed deposit
T1003,U064,2022-11-08,Income,Investment,43737.0,Upi,Lucknow,Internet bill
T5549,U114,2021-01-30,Expense,Rent,45894.0,Bank_Transfer,Mumbai,Petrol
T13844,U006,2024-05-29,Expense,Travel,7040.0,Upi,Jaipur,Uber ride
T9591,U034,2022-08-22,Expense,Entertainment,5011.0,Upi,Unknown,Uber ride
T5042,U008,2023-07-13,Expense,Travel,2082.0,Cash,Delhi,Grocery shopping
T6831,U145,2022-05-23,Income,Freelance,43378.0,Upi,Unknown,No Notes
T0131,U108,2023-01-07,Expense,Entertainment,4167.0,Cash,Pune,No Notes
T3349,U130,2022-02-08,Expense,Utilities,6260.0,Card,Mumbai,Electricity bill
T5111,U051,2023-02-09,Expense,Rent,747.0,Card,Chennai,!!!
T2986,U127,2021-03-31,Expense,Travel,3645.0,Unknown,Lucknow,Internet bill
T3113,U079,2023-03-17,Expense,Health,5958.0,Bank_Transfer,Mumbai,misc
T5430,U061,2022-08-12,Income,Investment,49098.0,Cash,Chennai,xyz123
T13440,U062,2022-06-19,Expense,Travel,3833.0,Card,Hyderabad,EMI payment
T1572,U097,2024-02-06,Expense,Education,2715.0,Card,Ahmedabad,asdfgh
T13022,U105,2023-04-22,Expense,Utilities,9245.0,Bank_Transfer,Ahmedabad,Train ticket
T3628,U116,2024-07-12,Expense,Rent,12316.0,Cash,Jaipur,Medicine
T7622,U124,2024-03-20,Expense,Entertainment,2561.0,Bank_Transfer,Unknown,misc
T5287,U129,2024-11-04,Expense,Entertainment,6832.0,Cash,Jaipur,Fixed deposit
T6525,U061,2021-04-23,Expense,Rent,9714.0,Cash,Delhi,Gym membership
T11583,U036,2024-10-20,Income,Bonus,73654.0,Card,Mumbai,asdfgh
T5046,U123,2023-12-20,Expense,Rent,5622.0,Bank_Transfer,Jaipur,ATM withdrawal
T9393,U030,2022-07-31,Expense,Travel,7748.0,Card,Bangalore,xyz123
T1258,U106,2022-11-14,Expense,Rent,4981.0,Unknown,Jaipur,...
T0928,U102,2022-05-13,Expense,Food,301.0,Card,Hyderabad,Grocery shopping
T6037,U009,2024-05-10,Expense,Food,3830.0,Card,Unknown,Gym membership
T12742,U139,2021-10-18,Expense,Travel,2985.0,Upi,Kolkata,Gym membership
T7198,U069,2021-01-27,Income,Others,79870.0,Upi,Pune,Movie tickets
T2353,U082,2023-12-02,Expense,Food,4426.0,Bank_Transfer,Unknown,Fixed deposit
T7335,U024,2024-07-26,Expense,Entertainment,3640.0,Upi,Delhi,EMI payment
T7798,U040,2023-09-10,Expense,Utilities,9476.0,Upi,Bangalore,Movie tickets
T3213,U148,2023-05-31,Expense,Travel,7070.0,Upi,Hyderabad,No Notes
T10710,U006,2023-01-08,Expense,Travel,7174.0,Upi,Chennai,Uber ride
T0922,U086,2022-12-12,Expense,Entertainment,3159.0,Bank_Transfer,Ahmedabad,No Notes
T5592,U028,2023-03-24,Expense,Health,1606.0,Upi,Lucknow,Fixed deposit
T2671,U058,2021-12-31,Expense,Rent,9434.0,Upi,Lucknow,No Notes
T6020,U092,2022-03-08,Expense,Food,3280.0,Bank_Transfer,Jaipur,xyz123
T10398,U069,2022-06-10,Income,Investment,15131.0,Cash,Unknown,asdfgh
T9004,U011,2022-11-23,Expense,Education,886.0,Cash,Ahmedabad,Train ticket
T7005,U026,2022-11-20,Expense,Rent,7109.0,Bank_Transfer,Delhi,asdfgh
T12998,U146,2022-08-12,Expense,Entertainment,4201.0,Cash,Jaipur,Electricity bill
T3988,U129,2024-02-23,Expense,Food,655.0,Bank_Transfer,Hyderabad,ATM withdrawal
T5319,U037,2023-10-03,Income,Others,61598.0,Cash,Chennai,Medicine
T3862,U042,2022-10-16,Income,Investment,44066.0,Cash,Kolkata,Grocery shopping
T5165,U126,2024-12-12,Income,Others,224611.0,Upi,Delhi,Movie tickets
T4714,U112,2024-05-30,Expense,Rent,46284.0,Upi,Ahmedabad,No Notes
T4195,U097,2024-02-01,Income,Bonus,174110.0,Card,Lucknow,Gym membership
T11757,U068,2024-09-21,Expense,Food,2044.0,Bank_Transfer,Pune,Online course
T10285,U040,2024-01-29,Expense,Savings,5277.0,Upi,Kolkata,No Notes
T10345,U058,2021-07-25,Expense,Rent,47843.0,Upi,Kolkata,EMI payment
T8961,U043,2021-05-19,Expense,Travel,1115.0,Card,Bangalore,Internet bill
T0428,U006,2021-09-10,Expense,Food,2017.0,Bank_Transfer,Bangalore,Medicine
T9117,U119,2021-05-28,Expense,Education,2053.0,Bank_Transfer,Chennai,Gym membership
T9348,U007,2022-01-29,Expense,Entertainment,8839.0,Cash,Chennai,No Notes
T3503,U017,2022-01-15,Expense,Entertainment,9635.0,Cash,Lucknow,Gym membership
T11648,U132,2022-04-13,Income,Salary,56581.0,Bank_Transfer,Mumbai,test
T0481,U108,2023-07-17,Expense,Utilities,392.0,Bank_Transfer,Pune,Uber ride
T2248,U048,2024-10-12,Expense,Rent,26916.0,Cash,Kolkata,Petrol
T3455,U150,2022-09-27,Expense,Food,994.0,Unknown,Kolkata,test
T12178,U072,2022-02-02,Income,Salary,63125.0,Cash,Chennai,misc
T4186,U002,2022-11-11,Expense,Food,175.0,Bank_Transfer,Chennai,xyz123
T9132,U067,2022-10-08,Income,Freelance,24394.0,Upi,Delhi,Monthly rent payment
T2400,U126,2021-10-14,Income,Investment,67910.0,Cash,Delhi,Gym membership
T8437,U143,2024-07-20,Expense,Education,9531.0,Upi,Lucknow,Gym membership
T8881,U090,2022-05-11,Expense,Utilities,7838.0,Upi,Bangalore,Electricity bill
T10071,U043,2021-09-26,Expense,Food,2511.0,Card,Chennai,Online course
T13867,U026,2023-11-09,Expense,Savings,7734.0,Cash,Unknown,Internet bill
T13196,U061,2024-06-16,Expense,Rent,1461.0,Upi,Jaipur,Coffee
T5099,U008,2024-12-10,Expense,Education,2398.0,Bank_Transfer,Chennai,Grocery shopping
T1027,U011,2024-03-21,Income,Freelance,33170.0,Card,Kolkata,Restaurant dinner
T2238,U023,2023-09-24,Expense,Travel,7858.0,Unknown,Kolkata,Grocery shopping
T12671,U139,2024-10-30,Expense,Food,3913.0,Card,Hyderabad,Shopping
T4155,U042,2022-09-12,Expense,Travel,5279.0,Cash,Jaipur,Lunch
T8170,U148,2021-08-02,Expense,Savings,4694.0,Upi,Ahmedabad,Monthly rent payment
T11558,U012,2024-08-20,Expense,Food,2060.0,Upi,Hyderabad,Fixed deposit
T11219,U135,2021-12-11,Expense,Rent,32436.0,Card,Unknown,No Notes
T13688,U003,2024-01-12,Expense,Food,7717.0,Unknown,Lucknow,ATM withdrawal
T12772,U145,2023-12-02,Income,Others,42921.0,Cash,Mumbai,misc
T13289,U072,2022-12-23,Expense,Food,3021.0,Bank_Transfer,Ahmedabad,xyz123
T9714,U092,2022-12-25,Expense,Food,562.0,Card,Chennai,No Notes
T6767,U099,2024-03-08,Expense,Food,1574.0,Card,Delhi,ATM withdrawal
T12720,U031,2024-10-30,Expense,Others,6879.0,Cash,Lucknow,Movie tickets
T0721,U005,2022-02-13,Expense,Rent,5599.0,Bank_Transfer,Bangalore,No Notes
T3212,U143,2021-02-15,Expense,Entertainment,4374.0,Bank_Transfer,Hyderabad,...
T8580,U118,2024-10-01,Expense,Travel,552.0,Card,Delhi,Medicine
T11720,U080,2024-02-03,Expense,Utilities,1686.0,Unknown,Chennai,asdfgh
T8316,U116,2021-05-22,Income,Investment,30473.0,Bank_Transfer,Delhi,Shopping
T2817,U104,2024-07-13,Expense,Utilities,3325.0,Upi,Kolkata,No Notes
T1400,U066,2023-11-25,Expense,Travel,5535.0,Card,Jaipur,Train ticket
T2220,U092,2022-02-06,Expense,Rent,33228.0,Upi,Jaipur,Electricity bill
T9269,U093,2021-03-29,Expense,Rent,999999.0,Bank_Transfer,Bangalore,misc
T6710,U008,2023-12-11,Income,Freelance,44802.0,Card,Lucknow,Uber ride
T7206,U142,2023-03-01,Expense,Rent,9188.0,Card,Ahmedabad,Medicine
T7386,U054,2021-09-08,Expense,Education,8716.0,Bank_Transfer,Pune,Books
T0019,U011,2021-03-23,Expense,Education,9273.0,Card,Bangalore,!!!
T13011,U031,2023-06-28,Expense,Rent,39845.0,Cash,Delhi,Restaurant dinner
T5686,U139,2021-02-25,Income,Salary,18231.0,Upi,Delhi,Train ticket
T13942,U125,2022-05-06,Expense,Food,9636.0,Cash,Mumbai,Grocery shopping
T10500,U042,2024-03-30,Expense,Education,7121.0,Cash,Chennai,Fixed deposit
T1516,U076,2023-09-23,Expense,Health,5447.0,Upi,Mumbai,Shopping
T4498,U109,2024-10-26,Expense,Others,2163.0,Card,Chennai,Uber ride
T0053,U089,2022-05-09,Expense,Food,6402.0,Upi,Kolkata,Monthly rent payment
T5945,U039,2022-02-13,Expense,Rent,19467.0,Bank_Transfer,Bangalore,Gym membership
T4812,U066,2022-08-09,Expense,Health,1336.0,Cash,Ahmedabad,No Notes
T4854,U111,2024-05-16,Expense,Travel,7761.0,Cash,Bangalore,Coffee
T5368,U033,2024-12-03,Expense,Others,9556.0,Bank_Transfer,Lucknow,!!!
T8845,U040,2024-02-03,Expense,Utilities,8138.0,Bank_Transfer,Pune,Fixed deposit
T7231,U038,2023-11-22,Income,Others,13959.0,Cash,Chennai,ATM withdrawal
T2058,U121,2022-11-17,Expense,Savings,3084.0,Cash,Jaipur,Train ticket
T12121,U105,2021-07-23,Expense,Education,887.0,Upi,Kolkata,Fixed deposit
T7330,U147,2023-12-21,Expense,Food,7874.0,Bank_Transfer,Pune,EMI payment
T8770,U028,2024-01-23,Expense,Utilities,7174.0,Upi,Bangalore,Medicine
T13194,U017,2022-09-20,Expense,Travel,5391.0,Unknown,Jaipur,test
T8201,U104,2023-12-07,Expense,Utilities,4771.0,Bank_Transfer,Pune,Medicine
T11881,U089,2023-06-22,Expense,Entertainment,9430.0,Bank_Transfer,Lucknow,No Notes
T12496,U018,2023-09-28,Expense,Food,5045.0,Cash,Chennai,Gym membership
T6321,U138,2021-11-01,Expense,Rent,29287.0,Card,Delhi,Internet bill
T9997,U105,2022-06-23,Expense,Travel,9991.0,Bank_Transfer,Unknown,Grocery shopping
T6756,U091,2023-09-11,Expense,Education,3891.0,Cash,Hyderabad,misc
T3533,U130,2024-02-28,Expense,Rent,37865.0,Upi,Bangalore,test
T11620,U149,2022-05-29,Expense,Others,4955.0,Card,Chennai,Movie tickets
T1544,U083,2021-05-29,Expense,Rent,9757.0,Bank_Transfer,Hyderabad,No Notes
T5786,U149,2023-07-10,Income,Salary,43818.0,Bank_Transfer,Delhi,No Notes
T4990,U093,2022-02-15,Expense,Travel,3607.0,Card,Ahmedabad,Medicine
T5113,U094,2024-05-16,Expense,Health,1150.0,Bank_Transfer,Pune,Online course
T0591,U021,2023-11-01,Expense,Others,999999.0,Bank_Transfer,Mumbai,...
T7367,U063,2024-04-28,Expense,Food,1453.0,Card,Lucknow,Train ticket
T7885,U040,2021-02-24,Income,Salary,69923.0,Bank_Transfer,Hyderabad,!!!
T8892,U063,2022-10-08,Expense,Food,9369.0,Bank_Transfer,Hyderabad,Grocery shopping
T1799,U086,2022-05-31,Expense,Food,2186.0,Bank_Transfer,Chennai,Train ticket
T13397,U132,2023-04-05,Expense,Entertainment,2642.0,Cash,Delhi,...
T6170,U073,2021-11-06,Income,Investment,27454.0,Unknown,Kolkata,EMI payment
T4918,U130,2022-01-05,Expense,Rent,20656.0,Card,Kolkata,No Notes
T13238,U059,2023-01-30,Income,Investment,10347.0,Cash,Bangalore,Monthly rent payment
T9845,U086,2022-08-31,Expense,Travel,388.0,Card,Mumbai,Shopping
T3845,U117,2022-05-09,Expense,Food,3756.0,Bank_Transfer,Jaipur,Grocery shopping
T9152,U068,2023-07-25,Expense,Others,4153.0,Upi,Delhi,...
T5889,U061,2024-08-19,Income,Bonus,36129.0,Upi,Kolkata,Books
T1409,U060,2021-01-08,Expense,Travel,384.0,Bank_Transfer,Delhi,Coffee
T13399,U119,2022-07-14,Expense,Entertainment,3700.0,Card,Ahmedabad,Doctor consultation
T7644,U076,2022-04-26,Expense,Food,3901.0,Bank_Transfer,Lucknow,Monthly rent payment
T0997,U087,2023-12-23,Expense,Rent,3507.0,Upi,Delhi,xyz123
T8909,U002,2024-06-27,Expense,Entertainment,9883.0,Cash,Chennai,asdfgh
T10044,U062,2022-09-06,Income,Salary,63348.0,Card,Kolkata,Petrol
T0328,U095,2024-12-12,Income,Investment,45361.0,Card,Hyderabad,Electricity bill
T1479,U045,2021-08-20,Expense,Food,236.0,Cash,Unknown,Online course
T6902,U016,2023-12-14,Expense,Rent,6168.0,Unknown,Mumbai,Lunch
T2648,U033,2021-03-26,Expense,Rent,6798.0,Cash,Bangalore,Shopping
T12733,U057,2021-06-04,Expense,Food,4051.0,Card,Bangalore,Grocery shopping
T11044,U145,2024-09-30,Expense,Savings,7998.0,Upi,Lucknow,EMI payment
T4115,U053,2023-09-10,Expense,Food,1255.0,Bank_Transfer,Bangalore,Movie tickets
T13558,U080,2021-09-08,Expense,Travel,1621.0,Card,Mumbai,xyz123
T12420,U044,2022-09-28,Expense,Utilities,6725.0,Cash,Chennai,...
T9183,U137,2021-01-04,Expense,Food,2799.0,Cash,Hyderabad,Shopping
T7634,U033,2022-01-13,Expense,Utilities,4958.0,Bank_Transfer,Pune,No Notes
T5344,U122,2022-01-21,Expense,Food,1099.0,Bank_Transfer,Lucknow,Books
T13242,U031,2022-11-13,Expense,Education,5642.0,Card,Bangalore,Gym membership
T4096,U047,2024-03-25,Expense,Rent,1020.0,Cash,Bangalore,No Notes
T0987,U049,2024-05-20,Expense,Food,3738.0,Bank_Transfer,Mumbai,No Notes
T7842,U087,2023-12-07,Expense,Rent,3192.0,Cash,Kolkata,No Notes
T6844,U012,2023-05-21,Expense,Health,7691.0,Upi,Jaipur,No Notes
T4457,U139,2023-08-12,Expense,Travel,9222.0,Card,Chennai,xyz123
T5843,U124,2021-05-26,Expense,Entertainment,4241.0,Cash,Hyderabad,Grocery shopping
T8397,U144,2023-12-17,Expense,Food,1180.0,Bank_Transfer,Kolkata,Medicine
T1364,U048,2021-02-17,Expense,Rent,36056.0,Upi,Mumbai,No Notes
T6632,U009,2023-10-05,Expense,Rent,6358.0,Card,Bangalore,Uber ride
T2424,U069,2022-08-15,Expense,Rent,5345.0,Bank_Transfer,Chennai,EMI payment
T9900,U048,2021-04-30,Expense,Travel,702.0,Bank_Transfer,Lucknow,Petrol
T0903,U102,2023-12-20,Expense,Entertainment,7292.0,Upi,Pune,Movie tickets
T3847,U134,2022-11-10,Expense,Utilities,941.0,Cash,Kolkata,Fixed deposit
T13825,U127,2024-11-17,Expense,Food,6574.0,Upi,Delhi,Petrol
T3164,U023,2024-11-26,Expense,Travel,409.0,Upi,Pune,ATM withdrawal
T12585,U136,2022-07-03,Income,Others,32906.0,Upi,Kolkata,Gym membership
T5327,U072,2023-12-14,Expense,Food,3903.0,Cash,Delhi,Grocery shopping
T8454,U087,2021-05-24,Expense,Travel,9694.0,Cash,Jaipur,misc
T12124,U037,2024-08-09,Expense,Entertainment,9013.0,Upi,Bangalore,No Notes
T4591,U091,2022-05-09,Expense,Utilities,1980.0,Cash,Jaipur,Lunch
T12097,U132,2021-04-09,Expense,Utilities,7818.0,Upi,Jaipur,Internet bill
T2661,U078,2024-09-01,Expense,Rent,9237.0,Upi,Ahmedabad,No Notes
T6007,U138,2022-03-04,Expense,Savings,6682.0,Cash,Mumbai,Movie tickets
T4407,U143,2022-07-29,Expense,Education,6714.0,Bank_Transfer,Hyderabad,No Notes
T5887,U060,2021-08-23,Expense,Travel,8859.0,Cash,Kolkata,Internet bill
T6734,U110,2024-03-06,Expense,Travel,1098.0,Unknown,Pune,No Notes
T9475,U092,2023-06-11,Income,Freelance,35719.0,Upi,Pune,Fixed deposit
T4511,U107,2022-06-07,Expense,Travel,6170.0,Card,Bangalore,No Notes
T12067,U046,2023-09-23,Expense,Food,2318.0,Bank_Transfer,Mumbai,Gym membership
T9561,U117,2022-11-03,Expense,Travel,6354.0,Bank_Transfer,Lucknow,No Notes
T9929,U102,2023-03-15,Expense,Utilities,8158.0,Card,Ahmedabad,ATM withdrawal
T5732,U038,2021-08-16,Expense,Food,1702.0,Upi,Pune,Medicine
T9603,U145,2023-06-28,Expense,Rent,6760.0,Bank_Transfer,Kolkata,Uber ride
T2106,U010,2023-04-21,Expense,Education,8201.0,Upi,Jaipur,Shopping
T0824,U007,2021-04-03,Expense,Entertainment,3219.0,Upi,Lucknow,Monthly rent payment
T13434,U145,2022-05-30,Expense,Travel,2954.0,Card,Pune,misc
T9341,U059,2022-10-15,Expense,Health,8122.0,Bank_Transfer,Unknown,No Notes
T5459,U067,2021-08-28,Expense,Health,1008.0,Upi,Jaipur,Medicine
T2041,U009,2023-02-15,Expense,Savings,8382.0,Upi,Lucknow,Internet bill
T3551,U025,2023-09-23,Expense,Travel,1372.0,Card,Mumbai,Train ticket
T10339,U081,2022-05-05,Income,Freelance,46281.0,Upi,Hyderabad,EMI payment
T8081,U100,2021-12-14,Expense,Utilities,6566.0,Bank_Transfer,Mumbai,No Notes
T5647,U082,2023-10-05,Expense,Health,984.0,Card,Bangalore,Online course
T4580,U149,2023-07-11,Expense,Travel,1259.0,Card,Pune,Monthly rent payment
T8724,U074,2024-09-24,Income,Bonus,46784.0,Cash,Unknown,Shopping
T3529,U017,2024-01-23,Expense,Entertainment,7393.0,Cash,Bangalore,Online course
T0924,U133,2023-09-13,Income,Salary,56971.0,Cash,Pune,Coffee
T13214,U004,2023-09-09,Expense,Education,9349.0,Bank_Transfer,Unknown,Coffee
T6638,U084,2023-02-08,Expense,Travel,1868.0,Cash,Bangalore,Grocery shopping
T9811,U048,2024-06-01,Expense,Rent,2774.0,Bank_Transfer,Pune,Internet bill
T1789,U038,2022-05-31,Income,Salary,30722.0,Card,Jaipur,...
T1978,U035,2024-02-01,Expense,Travel,2481.0,Bank_Transfer,Jaipur,xyz123
T1222,U121,2021-11-01,Expense,Utilities,8855.0,Upi,Delhi,asdfgh
T8043,U007,2022-10-11,Expense,Education,3954.0,Bank_Transfer,Unknown,xyz123
T11433,U004,2021-11-05,Expense,Food,4941.0,Bank_Transfer,Mumbai,Medicine
T11885,U128,2024-04-21,Expense,Food,2043.0,Cash,Bangalore,Gym membership
T4257,U104,2024-06-26,Expense,Rent,6574.0,Cash,Lucknow,Coffee
T13042,U008,2022-07-28,Expense,Food,2392.0,Bank_Transfer,Jaipur,Gym membership
T1288,U071,2024-12-23,Expense,Health,6626.0,Bank_Transfer,Lucknow,Monthly rent payment
T12635,U026,2024-07-22,Expense,Food,3054.0,Cash,Pune,test
T3008,U055,2022-07-30,Income,Freelance,37631.0,Card,Mumbai,Fixed deposit
T6709,U067,2023-12-21,Expense,Rent,38973.0,Upi,Delhi,Fixed deposit
T4064,U127,2023-11-04,Expense,Food,3980.0,Upi,Pune,Petrol
T9245,U041,2021-05-24,Expense,Education,8729.0,Upi,Lucknow,Train ticket
T6899,U106,2022-10-30,Expense,Entertainment,7773.0,Cash,Lucknow,Petrol
T0874,U136,2021-07-09,Expense,Health,210.0,Upi,Bangalore,No Notes
T4836,U123,2023-12-17,Expense,Food,2611.0,Cash,Pune,Gym membership
T12202,U037,2022-02-11,Expense,Rent,34418.0,Upi,Chennai,Books
T4056,U143,2021-08-24,Expense,Others,4883.0,Card,Chennai,Shopping
T0449,U128,2021-07-28,Expense,Entertainment,1652.0,Card,Hyderabad,No Notes
T13189,U021,2021-03-17,Expense,Savings,8006.0,Cash,Unknown,xyz123
T4959,U150,2022-10-06,Expense,Rent,6829.0,Cash,Jaipur,misc
T8420,U136,2021-03-06,Expense,Utilities,4713.0,Cash,Bangalore,Doctor consultation
T10250,U057,2024-12-20,Income,Salary,14297.0,Bank_Transfer,Mumbai,Electricity bill
T4214,U036,2021-12-13,Expense,Food,2087.0,Card,Bangalore,!!!
T12332,U054,2023-04-30,Income,Others,11168.0,Bank_Transfer,Mumbai,Shopping
T0949,U144,2023-06-04,Expense,Food,5997.0,Card,Bangalore,!!!
T2428,U029,2023-12-16,Expense,Entertainment,8195.0,Cash,Hyderabad,misc
T5449,U035,2023-04-19,Expense,Food,4677.0,Card,Jaipur,EMI payment
T0494,U034,2022-07-15,Income,Bonus,59853.0,Card,Ahmedabad,Electricity bill
T11981,U128,2022-04-26,Expense,Entertainment,464.0,Upi,Chennai,No Notes
T11887,U009,2023-04-15,Expense,Rent,48330.0,Upi,Lucknow,xyz123
T5579,U030,2023-06-06,Expense,Health,8757.0,Bank_Transfer,Ahmedabad,asdfgh
T11783,U121,2022-01-07,Expense,Travel,5855.0,Cash,Kolkata,Doctor consultation
T12587,U133,2024-02-10,Expense,Savings,3444.0,Card,Ahmedabad,Monthly rent payment
T3025,U146,2022-12-19,Expense,Rent,14582.0,Upi,Delhi,Internet bill
T12272,U136,2023-04-15,Income,Salary,18733.0,Card,Ahmedabad,!!!
T5026,U009,2024-07-16,Expense,Food,3702.0,Upi,Mumbai,No Notes
T13932,U147,2023-11-21,Expense,Education,6062.0,Bank_Transfer,Lucknow,!!!
T7669,U082,2023-04-08,Expense,Food,9155.0,Cash,Mumbai,EMI payment
T1165,U017,2023-04-04,Expense,Utilities,4949.0,Cash,Jaipur,No Notes
T5963,U081,2022-03-21,Expense,Utilities,5066.0,Bank_Transfer,Lucknow,No Notes
T10275,U119,2022-03-06,Expense,Food,6432.0,Card,Chennai,No Notes
T4226,U070,2021-04-23,Expense,Travel,1945.0,Bank_Transfer,Mumbai,No Notes
T12985,U022,2023-02-18,Expense,Entertainment,7288.0,Card,Delhi,Medicine
T3001,U099,2024-07-14,Expense,Education,4942.0,Upi,Bangalore,Monthly rent payment
T7356,U059,2022-03-03,Expense,Food,1443.0,Card,Kolkata,Shopping
T7058,U036,2021-09-14,Income,Salary,66905.0,Card,Mumbai,test
T3582,U058,2023-11-10,Expense,Food,1731.0,Bank_Transfer,Pune,asdfgh
T12681,U061,2024-07-24,Expense,Entertainment,4462.0,Bank_Transfer,Ahmedabad,Medicine
T3707,U107,2021-02-20,Expense,Health,4343.0,Card,Bangalore,Train ticket
T2950,U135,2021-04-11,Expense,Food,842.0,Upi,Bangalore,Monthly rent payment
T3609,U095,2023-07-22,Expense,Food,1969.0,Cash,Kolkata,Gym membership
T10866,U095,2024-05-05,Expense,Food,2811.0,Cash,Lucknow,Online course
T5999,U045,2024-10-21,Expense,Rent,1223.0,Card,Hyderabad,Gym membership
T3159,U119,2023-01-25,Expense,Rent,9301.0,Cash,Ahmedabad,Coffee
T5007,U080,2023-02-28,Income,Others,19382.0,Bank_Transfer,Ahmedabad,Doctor consultation
T0060,U038,2024-12-01,Expense,Food,2984.0,Card,Unknown,Restaurant dinner
T11837,U126,2023-01-28,Expense,Food,9399.0,Card,Jaipur,ATM withdrawal
T1448,U110,2022-07-05,Expense,Food,845.0,Card,Chennai,Gym membership
T8400,U082,2022-10-07,Expense,Utilities,8421.0,Bank_Transfer,Ahmedabad,Uber ride
T5292,U034,2022-01-27,Expense,Others,7687.0,Cash,Delhi,No Notes
T0358,U097,2022-10-23,Expense,Rent,8337.0,Upi,Chennai,No Notes
T12179,U042,2023-04-13,Expense,Travel,5205.0,Bank_Transfer,Pune,Shopping
T2843,U097,2022-02-18,Expense,Utilities,4206.0,Bank_Transfer,Mumbai,xyz123
T9460,U014,2024-08-30,Expense,Food,1690.0,Upi,Lucknow,No Notes
T7743,U090,2022-05-24,Income,Others,37280.0,Upi,Kolkata,Uber ride
T3030,U083,2024-01-21,Expense,Travel,744.0,Bank_Transfer,Chennai,xyz123
T1421,U127,2022-06-05,Expense,Food,773.0,Cash,Jaipur,Monthly rent payment
T11211,U068,2023-12-24,Expense,Education,4103.0,Bank_Transfer,Pune,Movie tickets
T11014,U107,2021-06-01,Expense,Entertainment,3389.0,Unknown,Ahmedabad,Electricity bill
T1121,U096,2023-10-17,Expense,Savings,847.0,Card,Unknown,ATM withdrawal
T11298,U086,2021-11-11,Expense,Rent,49400.0,Card,Chennai,ATM withdrawal
T8808,U073,2023-07-18,Expense,Travel,5271.0,Card,Hyderabad,xyz123
T7009,U004,2022-05-04,Expense,Travel,4005.0,Cash,Jaipur,Fixed deposit
T5062,U114,2024-08-10,Expense,Education,9352.0,Bank_Transfer,Chennai,Doctor consultation
T4736,U113,2021-10-04,Expense,Education,8679.0,Cash,Mumbai,No Notes
T7426,U115,2023-07-15,Income,Freelance,61209.0,Unknown,Chennai,No Notes
T1835,U041,2023-07-19,Income,Salary,12429.0,Card,Unknown,Online course
T1617,U010,2021-05-24,Expense,Entertainment,2583.0,Bank_Transfer,Unknown,Doctor consultation
T13174,U064,2021-11-21,Expense,Entertainment,6829.0,Card,Lucknow,Coffee
T11208,U006,2021-06-11,Expense,Travel,9647.0,Upi,Pune,Gym membership
T13156,U047,2022-04-24,Expense,Travel,7482.0,Card,Pune,Internet bill
T10465,U085,2022-06-30,Expense,Utilities,9698.0,Cash,Hyderabad,Doctor consultation
T0273,U137,2022-12-02,Expense,Savings,8773.0,Cash,Hyderabad,EMI payment
T7155,U076,2022-07-09,Expense,Food,2236.0,Cash,Chennai,No Notes
T1069,U103,2023-06-20,Expense,Utilities,4119.0,Cash,Pune,Online course
T2552,U019,2022-09-27,Income,Others,50800.0,Upi,Kolkata,Monthly rent payment
T12833,U059,2023-09-16,Expense,Rent,1790.0,Bank_Transfer,Mumbai,Shopping
T9201,U019,2022-09-19,Expense,Food,788.0,Cash,Pune,Online course
T10730,U008,2024-04-15,Expense,Rent,5717.0,Bank_Transfer,Kolkata,Movie tickets
T3185,U132,2024-04-28,Expense,Travel,2771.0,Upi,Lucknow,No Notes
T4506,U113,2021-02-07,Income,Bonus,222939.0,Bank_Transfer,Delhi,Gym membership
T6940,U092,2021-04-22,Expense,Travel,3869.0,Cash,Chennai,Coffee
T8627,U054,2024-12-22,Expense,Others,2837.0,Bank_Transfer,Pune,No Notes
T10707,U150,2024-12-02,Income,Salary,76239.0,Card,Mumbai,Internet bill
T11015,U138,2021-08-02,Expense,Food,5375.0,Upi,Bangalore,Movie tickets
T6233,U026,2021-12-01,Expense,Travel,4953.0,Upi,Mumbai,ATM withdrawal
T11312,U018,2022-12-05,Expense,Utilities,4494.0,Bank_Transfer,Jaipur,No Notes
T5179,U050,2021-03-27,Expense,Food,619.0,Card,Bangalore,Lunch
T8773,U004,2023-09-24,Expense,Travel,5649.0,Bank_Transfer,Jaipur,No Notes
T12753,U059,2023-06-23,Expense,Travel,845.0,Upi,Ahmedabad,Restaurant dinner
T8713,U041,2024-12-01,Income,Salary,37665.0,Upi,Bangalore,Lunch
T1091,U033,2022-10-30,Expense,Health,740.0,Bank_Transfer,Bangalore,Shopping
T11096,U064,2024-08-18,Income,Investment,77578.0,Cash,Bangalore,No Notes
T7666,U009,2024-11-27,Expense,Travel,7815.0,Upi,Unknown,No Notes
T3826,U111,2024-03-27,Expense,Food,2158.0,Card,Delhi,test
T6281,U027,2024-08-07,Expense,Food,3765.0,Bank_Transfer,Mumbai,Internet bill
T2649,U023,2022-12-27,Expense,Rent,4039.0,Upi,Kolkata,EMI payment
T3645,U085,2023-07-10,Expense,Utilities,4218.0,Card,Bangalore,xyz123
T13724,U096,2022-08-28,Expense,Rent,1009.0,Upi,Kolkata,asdfgh
T4315,U049,2022-04-16,Expense,Food,2220.0,Bank_Transfer,Mumbai,Train ticket
T4131,U032,2023-02-07,Expense,Food,1969.0,Card,Jaipur,Movie tickets
T0599,U010,2022-06-23,Expense,Rent,3050.0,Bank_Transfer,Pune,No Notes
T6679,U006,2022-07-29,Income,Freelance,50581.0,Upi,Unknown,Internet bill
T3446,U036,2022-11-19,Income,Salary,65464.0,Upi,Kolkata,Uber ride
T4680,U003,2022-03-10,Expense,Food,3207.0,Bank_Transfer,Delhi,Grocery shopping
T3972,U027,2022-01-05,Expense,Education,8479.0,Upi,Jaipur,Uber ride
T11462,U147,2024-04-13,Expense,Food,861.0,Upi,Hyderabad,Shopping
T11490,U127,2024-01-08,Income,Others,34452.0,Card,Pune,Internet bill
T2973,U052,2023-07-24,Expense,Rent,9804.0,Cash,Bangalore,Medicine
T12274,U016,2024-08-01,Expense,Food,6666.0,Card,Jaipur,misc
T3587,U089,2023-05-29,Expense,Utilities,8355.0,Bank_Transfer,Delhi,asdfgh
T9205,U111,2021-02-24,Expense,Travel,9644.0,Upi,Hyderabad,Gym membership
T2439,U129,2022-02-04,Expense,Rent,1690.0,Card,Pune,Online course
T9679,U028,2023-05-20,Expense,Utilities,9727.0,Upi,Lucknow,Restaurant dinner
T13096,U110,2023-03-15,Expense,Food,4753.0,Cash,Delhi,Monthly rent payment
T11952,U052,2021-02-08,Expense,Food,5025.0,Bank_Transfer,Kolkata,No Notes
T1629,U060,2021-07-03,Expense,Food,2628.0,Bank_Transfer,Unknown,Grocery shopping
T11073,U129,2022-07-25,Expense,Travel,1611.0,Cash,Pune,No Notes
T0496,U065,2023-01-15,Expense,Education,6020.0,Card,Pune,Online course
T3419,U081,2023-12-14,Expense,Utilities,3123.0,Bank_Transfer,Chennai,Monthly rent payment
T12923,U119,2022-12-11,Expense,Rent,25106.0,Bank_Transfer,Unknown,misc
T10148,U078,2023-10-08,Expense,Entertainment,1317.0,Upi,Pune,Medicine
T0881,U069,2023-02-16,Expense,Food,4235.0,Bank_Transfer,Delhi,test
T4819,U041,2024-01-03,Expense,Education,2966.0,Bank_Transfer,Unknown,Lunch
T11108,U114,2022-07-03,Expense,Education,2265.0,Upi,Delhi,Petrol
T6885,U100,2021-07-03,Expense,Utilities,1346.0,Bank_Transfer,Mumbai,Petrol
T13677,U014,2023-05-16,Expense,Travel,702.0,Card,Hyderabad,Petrol
T5130,U110,2024-02-03,Expense,Entertainment,1505.0,Bank_Transfer,Kolkata,Uber ride
T9955,U032,2024-06-27,Expense,Rent,4697.0,Card,Bangalore,Movie tickets
T1203,U082,2023-08-16,Expense,Rent,10239.0,Bank_Transfer,Kolkata,test
T2284,U125,2021-07-09,Expense,Entertainment,999999.0,Upi,Kolkata,xyz123
T1030,U031,2021-09-22,Expense,Entertainment,7245.0,Cash,Mumbai,ATM withdrawal
T0932,U081,2024-10-12,Expense,Travel,4258.0,Bank_Transfer,Bangalore,Books
T12819,U002,2023-04-21,Expense,Entertainment,4253.0,Card,Hyderabad,Books
T1137,U026,2022-06-01,Expense,Food,6666.0,Bank_Transfer,Jaipur,test
T4052,U066,2021-11-11,Expense,Travel,4882.0,Cash,Lucknow,asdfgh
T6325,U076,2023-03-12,Expense,Food,4597.0,Unknown,Lucknow,Restaurant dinner
T12879,U124,2023-11-12,Income,Freelance,65471.0,Upi,Unknown,Books
T9995,U025,2024-04-20,Income,Bonus,28581.0,Bank_Transfer,Unknown,Online course
T3904,U141,2021-10-28,Expense,Rent,3737.0,Unknown,Jaipur,ATM withdrawal
T2126,U087,2022-03-05,Expense,Education,8214.0,Card,Kolkata,No Notes
T2433,U090,2024-02-12,Expense,Utilities,7287.0,Upi,Bangalore,EMI payment
T1875,U062,2023-05-13,Expense,Food,6868.0,Cash,Pune,Medicine
T2991,U087,2022-02-22,Expense,Travel,7173.0,Bank_Transfer,Hyderabad,Shopping
T0651,U038,2021-02-23,Expense,Rent,2693.0,Upi,Bangalore,Shopping
T7770,U118,2022-09-28,Expense,Health,7900.0,Card,Ahmedabad,Petrol
T4293,U056,2024-03-27,Income,Bonus,75757.0,Cash,Chennai,No Notes
T0163,U098,2021-12-20,Income,Others,749253.0,Bank_Transfer,Ahmedabad,Electricity bill
T11855,U094,2021-08-19,Expense,Education,5531.0,Cash,Chennai,asdfgh
T1122,U095,2023-05-16,Expense,Rent,6790.0,Cash,Kolkata,No Notes
T4911,U041,2023-11-22,Expense,Food,4827.0,Card,Ahmedabad,No Notes
T2532,U002,2022-11-30,Expense,Travel,5094.0,Cash,Bangalore,Grocery shopping
T4480,U079,2024-01-25,Expense,Rent,36568.0,Cash,Pune,misc
T12486,U068,2024-11-13,Expense,Travel,5316.0,Upi,Delhi,Restaurant dinner
T0896,U029,2021-05-02,Expense,Food,3429.0,Cash,Jaipur,Uber ride
T5973,U072,2021-06-07,Expense,Rent,41358.0,Card,Jaipur,EMI payment
T6904,U007,2024-02-14,Expense,Entertainment,6805.0,Card,Bangalore,Grocery shopping
T8131,U032,2021-03-28,Expense,Rent,2358.0,Cash,Unknown,!!!
T1677,U092,2021-01-12,Expense,Entertainment,196.0,Cash,Kolkata,Coffee
T1491,U057,2024-12-05,Expense,Others,1060.0,Card,Delhi,No Notes
T10357,U030,2021-11-09,Expense,Entertainment,6159.0,Upi,Delhi,asdfgh
T12436,U101,2024-09-17,Expense,Health,6954.0,Cash,Bangalore,Restaurant dinner
T5733,U026,2024-09-10,Expense,Rent,761.0,Bank_Transfer,Kolkata,...
T5311,U090,2024-11-12,Expense,Rent,740.0,Bank_Transfer,Pune,...
T11851,U139,2022-03-21,Income,Bonus,56318.0,Cash,Delhi,Lunch
T11308,U130,2024-04-19,Expense,Utilities,5925.0,Bank_Transfer,Ahmedabad,No Notes
T4886,U084,2024-04-29,Expense,Education,8050.0,Card,Kolkata,Monthly rent payment
T1292,U033,2021-03-09,Expense,Food,2524.0,Card,Unknown,Electricity bill
T10247,U004,2023-04-21,Expense,Rent,1765.0,Upi,Delhi,No Notes
T6267,U118,2022-10-18,Expense,Travel,6244.0,Card,Jaipur,Lunch
T2147,U083,2023-05-20,Expense,Others,3685.0,Cash,Unknown,Petrol
T2372,U027,2024-09-11,Expense,Travel,577.0,Unknown,Unknown,Coffee
T13416,U036,2021-04-04,Expense,Utilities,8458.0,Card,Kolkata,Doctor consultation
T5176,U012,2023-05-28,Expense,Travel,4457.0,Bank_Transfer,Unknown,test
T11325,U112,2021-12-16,Expense,Utilities,4041.0,Card,Delhi,No Notes
T2985,U019,2023-04-22,Expense,Rent,8682.0,Cash,Bangalore,Electricity bill
T9918,U013,2024-09-18,Expense,Food,1015.0,Bank_Transfer,Hyderabad,Online course
T2483,U084,2024-11-28,Expense,Others,3386.0,Card,Unknown,No Notes
T4024,U111,2024-12-12,Expense,Food,859.0,Card,Lucknow,!!!
T5269,U009,2022-08-17,Expense,Utilities,6325.0,Bank_Transfer,Ahmedabad,No Notes
T1909,U001,2024-07-15,Income,Freelance,25294.0,Cash,Chennai,Coffee
T5739,U050,2023-12-02,Expense,Rent,6743.0,Cash,Lucknow,Doctor consultation
T9914,U011,2023-03-01,Expense,Entertainment,8612.0,Card,Delhi,No Notes
T1696,U135,2023-03-09,Expense,Food,4741.0,Bank_Transfer,Chennai,Fixed deposit
T4382,U083,2024-11-02,Expense,Others,6928.0,Upi,Pune,test
T1703,U101,2023-10-14,Expense,Food,6098.0,Cash,Kolkata,Online course
T11839,U024,2021-06-09,Expense,Entertainment,7894.0,Upi,Bangalore,xyz123
T3779,U121,2021-05-31,Expense,Others,4833.0,Cash,Ahmedabad,Electricity bill
T8367,U118,2022-12-03,Expense,Savings,7676.0,Cash,Mumbai,Gym membership
T8883,U011,2021-03-18,Expense,Health,7316.0,Card,Ahmedabad,Gym membership
T12170,U150,2024-07-27,Expense,Food,4959.0,Cash,Delhi,Gym membership
T2377,U129,2022-02-03,Expense,Utilities,4716.0,Cash,Unknown,Monthly rent payment
T12406,U014,2022-05-08,Expense,Health,7861.0,Upi,Lucknow,Electricity bill
T2841,U138,2024-01-11,Expense,Education,9950.0,Cash,Chennai,EMI payment
T6630,U038,2022-10-11,Expense,Travel,165.0,Cash,Chennai,...
T4021,U122,2022-02-03,Expense,Food,4220.0,Bank_Transfer,Jaipur,No Notes
T1959,U073,2024-07-28,Expense,Health,6813.0,Bank_Transfer,Unknown,Monthly rent payment
T10141,U059,2024-05-02,Expense,Travel,8656.0,Card,Delhi,Fixed deposit
T6884,U060,2023-12-09,Expense,Entertainment,2491.0,Cash,Pune,Doctor consultation
T6263,U145,2023-08-29,Expense,Travel,789.0,Upi,Kolkata,No Notes
T3619,U125,2024-10-09,Expense,Travel,9698.0,Cash,Jaipur,Grocery shopping
T10606,U118,2024-02-03,Expense,Utilities,9163.0,Cash,Jaipur,No Notes
T6395,U027,2024-01-01,Expense,Rent,12083.0,Card,Delhi,Restaurant dinner
T6127,U082,2023-10-17,Expense,Travel,4367.0,Card,Ahmedabad,Internet bill
T0780,U113,2024-07-24,Expense,Rent,23072.0,Card,Chennai,!!!
T10538,U054,2024-06-12,Expense,Food,1213.0,Bank_Transfer,Unknown,Gym membership
T0850,U062,2022-09-29,Expense,Travel,2790.0,Unknown,Pune,test
T12046,U001,2024-01-02,Expense,Food,4103.0,Unknown,Bangalore,No Notes
T2132,U052,2021-09-09,Expense,Rent,14145.0,Card,Delhi,Train ticket
T1316,U018,2023-05-15,Expense,Travel,4022.0,Card,Pune,Shopping
T12512,U083,2023-02-20,Income,Bonus,11930.0,Bank_Transfer,Bangalore,Train ticket
T2536,U051,2023-08-17,Expense,Utilities,1718.0,Cash,Chennai,Online course
T3512,U128,2024-09-11,Income,Freelance,73576.0,Cash,Hyderabad,Gym membership
T4136,U106,2024-04-14,Expense,Rent,9445.0,Card,Delhi,test
T10852,U069,2023-01-31,Income,Bonus,35129.0,Card,Delhi,Fixed deposit
T8877,U137,2024-05-27,Expense,Entertainment,9544.0,Unknown,Mumbai,Lunch
T13911,U141,2024-11-14,Expense,Food,6601.0,Bank_Transfer,Delhi,Online course
T11074,U135,2024-02-12,Expense,Food,4585.0,Upi,Mumbai,Gym membership
T9787,U058,2021-03-01,Expense,Others,2876.0,Card,Ahmedabad,No Notes
T3957,U003,2022-03-03,Expense,Education,2838.0,Cash,Lucknow,Internet bill
T10152,U122,2024-04-19,Expense,Food,9907.0,Cash,Hyderabad,Train ticket
T5677,U047,2024-07-09,Expense,Rent,4862.0,Cash,Delhi,asdfgh
T4598,U094,2023-02-04,Expense,Food,4833.0,Cash,Jaipur,Shopping
T8207,U011,2022-06-04,Expense,Utilities,5528.0,Card,Lucknow,EMI payment
T0255,U080,2021-11-21,Expense,Rent,36537.0,Card,Pune,No Notes
T13215,U069,2022-04-19,Expense,Entertainment,6629.0,Cash,Chennai,Shopping
T6386,U078,2021-11-08,Expense,Travel,4914.0,Card,Mumbai,Books
T10026,U083,2022-10-03,Expense,Education,3272.0,Bank_Transfer,Lucknow,No Notes
T2700,U070,2021-01-02,Expense,Rent,5143.0,Bank_Transfer,Hyderabad,Coffee
T8653,U118,2021-07-08,Expense,Utilities,6284.0,Upi,Unknown,Electricity bill
T7799,U086,2023-11-05,Expense,Food,3142.0,Bank_Transfer,Jaipur,Gym membership
T4008,U134,2024-03-01,Expense,Travel,5749.0,Card,Ahmedabad,Internet bill
T1591,U066,2024-11-01,Expense,Others,4161.0,Upi,Bangalore,Online course
T5065,U039,2022-11-05,Expense,Food,2470.0,Card,Delhi,EMI payment
T2539,U098,2022-02-05,Expense,Utilities,3559.0,Card,Ahmedabad,!!!
T4307,U053,2024-10-06,Income,Salary,57937.0,Card,Kolkata,Monthly rent payment
T0795,U071,2024-01-25,Expense,Utilities,938.0,Upi,Pune,No Notes
T2180,U098,2024-11-19,Income,Investment,45500.0,Cash,Delhi,Doctor consultation
T13678,U086,2023-03-17,Expense,Education,4017.0,Bank_Transfer,Kolkata,Doctor consultation
T13787,U073,2021-03-10,Expense,Entertainment,2362.0,Card,Hyderabad,Restaurant dinner
T11242,U075,2021-09-27,Expense,Food,9607.0,Cash,Jaipur,No Notes
T2367,U145,2024-06-29,Expense,Education,5859.0,Upi,Unknown,Grocery shopping
T9543,U130,2021-12-10,Expense,Rent,4585.0,Card,Unknown,No Notes
T1870,U029,2021-08-13,Expense,Others,6041.0,Upi,Delhi,!!!
T0104,U010,2021-12-25,Expense,Utilities,6604.0,Upi,Unknown,No Notes
T6138,U037,2024-12-03,Expense,Food,2732.0,Bank_Transfer,Kolkata,Petrol
T12908,U135,2022-11-04,Expense,Travel,6811.0,Cash,Ahmedabad,No Notes
T9882,U004,2022-06-19,Expense,Rent,29728.0,Card,Chennai,Books
T4453,U149,2021-09-08,Expense,Rent,34972.0,Card,Delhi,No Notes
T12958,U051,2021-05-05,Income,Investment,19404.0,Bank_Transfer,Delhi,!!!
T13294,U114,2023-10-31,Expense,Rent,9814.0,Cash,Kolkata,No Notes
T5391,U095,2023-07-11,Expense,Rent,15273.0,Cash,Unknown,Medicine
T11689,U005,2024-06-21,Expense,Rent,13391.0,Bank_Transfer,Ahmedabad,Fixed deposit
T1685,U015,2021-04-11,Expense,Travel,1536.0,Bank_Transfer,Lucknow,Gym membership
T13468,U079,2023-12-20,Expense,Education,6413.0,Cash,Ahmedabad,Internet bill
T0539,U072,2021-07-30,Expense,Food,4046.0,Upi,Lucknow,xyz123
T1494,U043,2021-12-01,Expense,Utilities,799.0,Cash,Ahmedabad,!!!
T13791,U112,2021-11-22,Expense,Travel,676.0,Upi,Pune,test
T13881,U103,2022-09-06,Income,Bonus,55142.0,Card,Bangalore,Medicine
T1940,U088,2021-09-20,Expense,Food,678.0,Unknown,Chennai,Lunch
T7589,U081,2023-03-02,Expense,Travel,7054.0,Upi,Bangalore,asdfgh
T10175,U065,2022-08-16,Expense,Health,5833.0,Card,Pune,No Notes
T9571,U080,2023-07-14,Expense,Rent,9116.0,Upi,Unknown,Lunch
T10362,U128,2023-06-04,Expense,Travel,5930.0,Upi,Hyderabad,!!!
T6164,U090,2021-02-23,Expense,Food,3283.0,Upi,Kolkata,ATM withdrawal
T0582,U090,2024-05-31,Expense,Entertainment,9782.0,Bank_Transfer,Mumbai,Movie tickets
T8729,U132,2022-09-28,Expense,Rent,5889.0,Card,Bangalore,test
T4175,U014,2022-09-02,Expense,Entertainment,4213.0,Upi,Delhi,Online course
T11778,U034,2024-04-12,Expense,Entertainment,474.0,Card,Kolkata,Doctor consultation
T1559,U057,2024-10-18,Expense,Food,2484.0,Bank_Transfer,Jaipur,Coffee
T3671,U005,2024-11-23,Expense,Rent,10276.0,Card,Delhi,Electricity bill
T6046,U049,2024-04-01,Expense,Education,1355.0,Upi,Jaipur,Doctor consultation
T12992,U038,2022-08-25,Expense,Food,8939.0,Upi,Hyderabad,Movie tickets
T1562,U149,2023-11-22,Expense,Education,9476.0,Bank_Transfer,Ahmedabad,No Notes
T3667,U140,2022-03-01,Expense,Entertainment,7781.0,Bank_Transfer,Lucknow,misc
T13403,U002,2022-06-25,Expense,Education,8199.0,Cash,Jaipur,Online course
T3698,U142,2021-08-11,Income,Others,35988.0,Card,Delhi,No Notes
T12454,U068,2024-04-20,Expense,Health,3990.0,Upi,Mumbai,Shopping
T7566,U024,2022-01-31,Expense,Food,3937.0,Bank_Transfer,Hyderabad,Movie tickets
T0802,U106,2023-12-24,Expense,Entertainment,4771.0,Cash,Kolkata,No Notes
T1518,U098,2024-07-16,Expense,Entertainment,4172.0,Cash,Delhi,Restaurant dinner
T1920,U004,2022-04-02,Expense,Rent,9438.0,Upi,Hyderabad,No Notes
T8718,U003,2021-02-09,Expense,Food,2978.0,Card,Pune,Movie tickets
T9684,U117,2021-12-01,Expense,Food,3929.0,Bank_Transfer,Bangalore,No Notes
T4578,U033,2021-02-13,Expense,Travel,5634.0,Card,Delhi,Coffee
T6058,U043,2022-10-14,Expense,Rent,45761.0,Card,Bangalore,No Notes
T5876,U103,2021-02-24,Expense,Food,5735.0,Upi,Mumbai,Electricity bill
T10549,U099,2021-06-21,Expense,Travel,7219.0,Card,Pune,Doctor consultation
T1594,U112,2023-07-19,Income,Bonus,42662.0,Unknown,Kolkata,ATM withdrawal
T7175,U117,2022-03-26,Expense,Rent,2088.0,Card,Ahmedabad,No Notes
T0038,U055,2022-08-06,Expense,Food,6329.0,Upi,Mumbai,...
T10021,U116,2023-06-15,Expense,Entertainment,5427.0,Bank_Transfer,Ahmedabad,xyz123
T8235,U046,2023-01-01,Expense,Food,2291.0,Upi,Lucknow,No Notes
T11808,U146,2022-05-04,Income,Salary,50347.0,Cash,Jaipur,No Notes
T1904,U145,2021-01-03,Expense,Food,2560.0,Bank_Transfer,Bangalore,Books
T13997,U086,2024-10-22,Expense,Utilities,4593.0,Upi,Pune,Movie tickets
T9241,U121,2021-09-20,Expense,Rent,3269.0,Unknown,Hyderabad,No Notes
T0813,U028,2023-05-21,Expense,Food,4978.0,Card,Hyderabad,No Notes
T0479,U131,2021-07-22,Expense,Food,1813.0,Upi,Lucknow,...
T9722,U135,2023-05-24,Expense,Travel,5676.0,Card,Jaipur,No Notes
T4138,U092,2024-07-29,Expense,Rent,48145.0,Card,Pune,Grocery shopping
T6090,U131,2022-10-27,Income,Others,62697.0,Card,Bangalore,!!!
T8427,U134,2021-08-22,Expense,Utilities,9156.0,Card,Hyderabad,No Notes
T3881,U134,2021-12-14,Expense,Rent,9614.0,Upi,Chennai,misc
T0566,U140,2024-08-06,Income,Others,248568.0,Card,Jaipur,Medicine
T0940,U034,2024-12-07,Expense,Savings,5059.0,Unknown,Lucknow,misc
T6444,U082,2022-08-10,Expense,Education,7280.0,Card,Unknown,No Notes
T6141,U129,2024-09-16,Expense,Travel,2345.0,Bank_Transfer,Kolkata,Monthly rent payment
T11676,U067,2021-03-26,Expense,Entertainment,8677.0,Upi,Hyderabad,Train ticket
T13375,U136,2022-04-23,Expense,Food,2160.0,Card,Hyderabad,Gym membership
T2941,U124,2024-06-27,Income,Bonus,22339.0,Cash,Ahmedabad,!!!
T2546,U027,2022-08-28,Expense,Food,9979.0,Upi,Pune,Electricity bill
T11011,U051,2024-01-10,Expense,Utilities,6700.0,Card,Unknown,Doctor consultation
T8410,U060,2023-06-15,Expense,Rent,1852.0,Cash,Ahmedabad,Lunch
T8791,U004,2021-06-12,Expense,Savings,5377.0,Cash,Chennai,Grocery shopping
T10864,U024,2021-05-11,Expense,Savings,7392.0,Card,Lucknow,No Notes
T7902,U046,2024-07-17,Expense,Utilities,9741.0,Upi,Mumbai,Gym membership
T9467,U122,2022-09-17,Expense,Food,4041.0,Bank_Transfer,Delhi,Coffee
T9495,U010,2023-02-06,Expense,Others,6607.0,Upi,Delhi,test
T10384,U125,2023-01-22,Expense,Food,1023.0,Unknown,Chennai,misc
T13708,U064,2023-04-24,Income,Bonus,19377.0,Cash,Delhi,No Notes
T12330,U061,2024-07-20,Expense,Entertainment,9816.0,Card,Mumbai,Fixed deposit
T13948,U113,2024-10-31,Expense,Others,8979.0,Cash,Ahmedabad,EMI payment
T0840,U105,2021-03-29,Expense,Travel,6579.0,Cash,Pune,Monthly rent payment
T11621,U064,2024-03-18,Expense,Travel,6668.0,Card,Ahmedabad,No Notes
T4547,U097,2021-10-27,Expense,Health,2407.0,Cash,Jaipur,Shopping
T0661,U052,2024-06-18,Income,Freelance,71587.0,Bank_Transfer,Lucknow,xyz123
T0653,U129,2023-06-02,Income,Bonus,59790.0,Upi,Chennai,Shopping
T11406,U131,2022-01-12,Income,Bonus,18816.0,Card,Lucknow,Movie tickets
T7999,U088,2024-07-26,Expense,Food,2548.0,Cash,Bangalore,Monthly rent payment
T6551,U032,2023-09-02,Income,Freelance,63775.0,Card,Lucknow,Internet bill
T1751,U145,2023-08-21,Expense,Health,325.0,Cash,Chennai,Monthly rent payment
T13856,U077,2024-05-10,Income,Others,17694.0,Bank_Transfer,Ahmedabad,Grocery shopping
T2157,U148,2021-02-10,Expense,Rent,9019.0,Card,Jaipur,No Notes
T7815,U147,2023-03-15,Income,Investment,67233.0,Cash,Lucknow,Fixed deposit
T10450,U075,2024-07-27,Expense,Rent,5147.0,Card,Kolkata,No Notes
T10586,U063,2021-05-14,Expense,Food,922.0,Card,Pune,Internet bill
T4189,U145,2022-11-03,Expense,Rent,2112.0,Unknown,Kolkata,Train ticket
T5142,U030,2022-12-29,Expense,Utilities,4635.0,Card,Kolkata,misc
T7047,U007,2024-04-18,Expense,Education,3122.0,Card,Lucknow,No Notes
T7286,U144,2023-11-12,Income,Bonus,76998.0,Card,Mumbai,Lunch
T4558,U079,2024-01-08,Expense,Food,4394.0,Unknown,Bangalore,xyz123
T1436,U040,2023-01-17,Expense,Food,3663.0,Bank_Transfer,Jaipur,Fixed deposit
T7831,U048,2021-06-09,Income,Others,63251.0,Card,Unknown,Internet bill
T12764,U076,2023-12-24,Expense,Health,179.0,Upi,Mumbai,asdfgh
T13667,U127,2022-01-17,Expense,Food,3471.0,Upi,Hyderabad,Internet bill
T12777,U142,2022-04-23,Expense,Food,195.0,Upi,Lucknow,No Notes
T3170,U042,2021-02-07,Income,Bonus,44914.0,Bank_Transfer,Lucknow,EMI payment
T2549,U101,2024-08-09,Expense,Rent,6768.0,Cash,Delhi,...
T9668,U068,2021-09-27,Expense,Utilities,9021.0,Bank_Transfer,Hyderabad,Internet bill
T12822,U049,2022-10-04,Expense,Food,4300.0,Bank_Transfer,Delhi,Petrol
T6652,U147,2023-12-21,Expense,Travel,2386.0,Unknown,Delhi,Books
T2336,U144,2021-05-03,Expense,Travel,404.0,Bank_Transfer,Unknown,No Notes
T13834,U091,2024-09-12,Expense,Entertainment,6921.0,Bank_Transfer,Delhi,!!!
T5253,U082,2021-11-21,Expense,Rent,17265.0,Bank_Transfer,Chennai,Lunch
T8310,U150,2023-07-29,Expense,Food,8512.0,Cash,Ahmedabad,asdfgh
T6469,U102,2023-06-09,Expense,Travel,1416.0,Card,Unknown,Fixed deposit
T8469,U113,2024-10-18,Expense,Rent,32952.0,Bank_Transfer,Pune,Gym membership
T3376,U045,2024-05-04,Income,Investment,44601.0,Card,Jaipur,...
T7940,U022,2024-08-22,Expense,Rent,8736.0,Card,Pune,Online course
T12826,U049,2023-03-02,Expense,Food,235.0,Cash,Jaipur,!!!
T3023,U014,2024-10-16,Expense,Education,3588.0,Bank_Transfer,Jaipur,Petrol
T12125,U067,2021-01-31,Expense,Food,4113.0,Upi,Lucknow,Shopping
T2989,U113,2022-07-27,Expense,Travel,1050.0,Cash,Ahmedabad,Doctor consultation
T6708,U071,2021-04-29,Income,Bonus,38205.0,Upi,Kolkata,Books
T5247,U017,2023-12-21,Expense,Entertainment,9194.0,Card,Bangalore,Movie tickets
T8711,U048,2024-07-31,Expense,Health,8483.0,Bank_Transfer,Bangalore,Shopping
T4378,U026,2021-12-07,Expense,Utilities,2766.0,Card,Hyderabad,Electricity bill
T11317,U056,2024-08-23,Expense,Rent,9917.0,Card,Mumbai,Online course
T8957,U028,2024-04-12,Expense,Utilities,5476.0,Cash,Jaipur,Restaurant dinner
T2753,U105,2021-01-10,Expense,Education,9290.0,Card,Mumbai,Petrol
T0466,U062,2021-12-16,Expense,Savings,578.0,Upi,Ahmedabad,Restaurant dinner
T9846,U085,2021-07-31,Expense,Travel,6780.0,Bank_Transfer,Hyderabad,Movie tickets
T11252,U094,2023-03-04,Income,Investment,39948.0,Bank_Transfer,Jaipur,No Notes
T4500,U100,2024-09-23,Expense,Education,8108.0,Bank_Transfer,Lucknow,Books
T10389,U016,2022-05-05,Expense,Health,5533.0,Upi,Hyderabad,Gym membership
T5559,U124,2023-06-08,Expense,Education,2506.0,Cash,Jaipur,No Notes
T12545,U123,2024-11-05,Expense,Rent,5276.0,Cash,Lucknow,Monthly rent payment
T3176,U141,2022-12-13,Expense,Rent,39024.0,Card,Delhi,ATM withdrawal
T3837,U077,2023-05-02,Expense,Travel,8285.0,Cash,Chennai,Restaurant dinner
T8514,U036,2021-05-03,Expense,Rent,8250.0,Unknown,Mumbai,Online course
T8308,U015,2024-07-20,Expense,Food,8413.0,Cash,Unknown,No Notes
T4973,U038,2022-04-27,Expense,Food,3579.0,Card,Jaipur,Electricity bill
T10078,U104,2024-01-07,Expense,Food,1972.0,Upi,Delhi,Internet bill
T1393,U138,2022-06-13,Expense,Food,232.0,Cash,Lucknow,asdfgh
T1876,U120,2022-02-22,Income,Bonus,75496.0,Upi,Pune,No Notes
T8135,U056,2021-02-06,Expense,Utilities,6351.0,Card,Unknown,No Notes
T5140,U091,2023-06-12,Expense,Entertainment,1313.0,Upi,Pune,Coffee
T12073,U039,2022-01-09,Expense,Rent,387.0,Card,Hyderabad,Medicine
T12701,U017,2022-07-16,Expense,Health,2407.0,Card,Lucknow,Movie tickets
T3877,U002,2023-01-24,Expense,Travel,3999.0,Card,Kolkata,EMI payment
T3286,U080,2024-08-22,Income,Freelance,60670.0,Cash,Unknown,Gym membership
T11601,U073,2021-08-13,Expense,Utilities,2585.0,Upi,Pune,Restaurant dinner
T7846,U055,2023-05-14,Expense,Education,4227.0,Cash,Unknown,EMI payment
T3826,U018,2024-02-29,Expense,Entertainment,8718.0,Cash,Pune,No Notes
T1749,U024,2023-12-17,Income,Investment,40858.0,Upi,Kolkata,Medicine
T11574,U013,2022-03-29,Expense,Food,2845.0,Cash,Bangalore,No Notes
T13106,U147,2024-04-29,Expense,Food,7932.0,Cash,Chennai,!!!
T3387,U129,2021-01-09,Income,Others,25243.0,Card,Unknown,Shopping
T4221,U116,2021-01-29,Expense,Food,479.0,Cash,Lucknow,Online course
T0569,U045,2022-12-22,Expense,Others,5063.0,Bank_Transfer,Lucknow,Train ticket
T8649,U018,2021-03-16,Expense,Food,8067.0,Unknown,Hyderabad,...
T7523,U120,2024-02-11,Expense,Others,9734.0,Bank_Transfer,Mumbai,Train ticket
T11043,U111,2021-05-10,Income,Investment,157969.0,Upi,Mumbai,Movie tickets
T10987,U076,2024-09-12,Expense,Education,8335.0,Cash,Mumbai,Internet bill
T11329,U008,2023-07-26,Expense,Food,7477.0,Cash,Hyderabad,Grocery shopping
T5470,U072,2021-06-07,Income,Bonus,77877.0,Card,Delhi,!!!
T8398,U061,2022-03-23,Expense,Food,230.0,Bank_Transfer,Pune,Train ticket
T7828,U059,2023-02-22,Expense,Utilities,4165.0,Card,Ahmedabad,Coffee
T9944,U143,2023-02-22,Expense,Food,4469.0,Bank_Transfer,Bangalore,!!!
T0187,U092,2021-12-15,Income,Salary,33995.0,Cash,Kolkata,!!!
T11992,U004,2021-02-13,Expense,Travel,2391.0,Card,Bangalore,No Notes
T8385,U106,2024-09-12,Income,Salary,40631.0,Bank_Transfer,Pune,No Notes
T4041,U112,2024-07-26,Expense,Others,7695.0,Upi,Unknown,Monthly rent payment
T10725,U134,2022-11-29,Expense,Education,2816.0,Card,Hyderabad,!!!
T4695,U030,2021-12-05,Expense,Food,3502.0,Unknown,Mumbai,Restaurant dinner
T4784,U011,2022-09-14,Expense,Food,222.0,Unknown,Mumbai,Online course
T5682,U027,2022-02-08,Expense,Rent,8810.0,Cash,Pune,Electricity bill
T8500,U117,2024-01-22,Income,Freelance,511549.0,Upi,Jaipur,asdfgh
T5443,U044,2023-05-28,Expense,Food,6167.0,Cash,Hyderabad,Uber ride
T13279,U008,2022-05-20,Income,Others,74525.0,Card,Jaipur,Movie tickets
T3150,U025,2024-07-03,Income,Freelance,33351.0,Upi,Pune,...
T2918,U072,2023-02-08,Expense,Utilities,7362.0,Cash,Jaipur,misc
T13681,U080,2023-08-14,Expense,Travel,2207.0,Cash,Lucknow,Medicine
T0736,U081,2023-08-02,Expense,Travel,665.0,Cash,Unknown,No Notes
T1128,U140,2022-08-15,Expense,Education,2979.0,Cash,Bangalore,Train ticket
T9459,U067,2023-08-27,Expense,Entertainment,7995.0,Cash,Bangalore,Grocery shopping
T2035,U066,2022-02-26,Expense,Food,7805.0,Cash,Bangalore,Monthly rent payment
T13789,U123,2024-12-15,Expense,Rent,3902.0,Card,Pune,Restaurant dinner
T7696,U069,2022-01-07,Expense,Savings,2059.0,Bank_Transfer,Jaipur,Online course
T0671,U064,2021-01-19,Expense,Food,1768.0,Bank_Transfer,Bangalore,Shopping
T12751,U113,2022-06-29,Expense,Travel,7470.0,Card,Bangalore,Lunch
T4929,U123,2024-05-28,Expense,Health,8718.0,Cash,Lucknow,No Notes
T6242,U121,2024-03-05,Expense,Food,2721.0,Upi,Bangalore,Online course
T9064,U117,2022-11-01,Expense,Rent,7200.0,Unknown,Mumbai,Internet bill
T7275,U016,2022-06-24,Income,Freelance,45702.0,Upi,Jaipur,test
T10524,U104,2023-04-25,Expense,Rent,6023.0,Cash,Jaipur,Restaurant dinner
T13963,U149,2021-03-10,Expense,Food,5085.0,Cash,Pune,asdfgh
T11583,U002,2024-05-01,Expense,Entertainment,2306.0,Upi,Bangalore,Uber ride
T1740,U011,2021-05-01,Income,Others,18229.0,Upi,Ahmedabad,Movie tickets
T0320,U045,2021-03-19,Expense,Travel,5034.0,Cash,Lucknow,misc
T7448,U011,2021-04-19,Expense,Rent,9386.0,Cash,Hyderabad,Restaurant dinner
T13497,U034,2023-06-08,Income,Salary,36713.0,Card,Hyderabad,Restaurant dinner
T0706,U074,2024-03-13,Expense,Travel,9189.0,Cash,Delhi,Gym membership
T11467,U058,2021-03-01,Expense,Food,4129.0,Cash,Mumbai,Internet bill
T12562,U077,2023-09-13,Expense,Utilities,1947.0,Upi,Kolkata,No Notes
T1588,U024,2021-04-27,Expense,Entertainment,4200.0,Upi,Delhi,Internet bill
T8798,U059,2024-11-04,Expense,Entertainment,5519.0,Upi,Jaipur,Internet bill
T1988,U148,2021-02-08,Expense,Rent,32169.0,Card,Kolkata,!!!
T2305,U017,2022-11-08,Income,Others,73108.0,Upi,Hyderabad,No Notes
T11488,U060,2022-11-10,Expense,Education,9420.0,Cash,Bangalore,No Notes
T1704,U019,2022-03-27,Income,Bonus,33482.0,Card,Lucknow,Grocery shopping
T5950,U082,2021-10-02,Expense,Others,4290.0,Cash,Mumbai,Restaurant dinner
T5833,U016,2024-02-06,Expense,Food,938.0,Upi,Delhi,Online course
T5207,U073,2021-08-24,Expense,Rent,436.0,Cash,Jaipur,Electricity bill
T8120,U118,2024-12-08,Income,Investment,55932.0,Bank_Transfer,Chennai,!!!
T7067,U102,2023-02-26,Expense,Travel,1363.0,Upi,Chennai,Shopping
T7794,U149,2021-09-01,Expense,Travel,5615.0,Cash,Bangalore,Grocery shopping
T4424,U034,2024-06-26,Expense,Travel,355.0,Upi,Ahmedabad,No Notes
T0252,U018,2022-08-17,Expense,Food,1588.0,Cash,Kolkata,Lunch
T4645,U072,2022-02-22,Expense,Rent,30779.0,Bank_Transfer,Mumbai,Lunch
T4685,U081,2023-06-06,Expense,Travel,4072.0,Cash,Chennai,No Notes
T4043,U058,2021-04-18,Expense,Entertainment,8886.0,Cash,Hyderabad,Gym membership
T13653,U004,2022-03-12,Expense,Utilities,4890.0,Unknown,Mumbai,!!!
T8128,U142,2022-05-06,Expense,Food,6532.0,Upi,Mumbai,Restaurant dinner
T4070,U018,2021-04-15,Income,Others,26564.0,Cash,Mumbai,Books
T4493,U068,2022-10-19,Expense,Utilities,8220.0,Bank_Transfer,Chennai,...
T7203,U066,2022-11-03,Expense,Food,7260.0,Bank_Transfer,Unknown,Fixed deposit
T0708,U018,2024-05-17,Expense,Travel,1167.0,Card,Bangalore,Movie tickets
T1025,U074,2022-10-23,Income,Freelance,51393.0,Bank_Transfer,Ahmedabad,Shopping
T2296,U037,2024-11-07,Expense,Travel,2608.0,Unknown,Jaipur,!!!
T0549,U049,2023-05-17,Expense,Travel,1855.0,Card,Unknown,No Notes
T10851,U090,2021-11-13,Expense,Rent,23592.0,Cash,Hyderabad,Train ticket
T8997,U071,2021-04-13,Expense,Entertainment,4097.0,Bank_Transfer,Chennai,Monthly rent payment
T13095,U123,2023-06-19,Expense,Rent,27897.0,Unknown,Kolkata,No Notes
T13223,U019,2024-07-22,Expense,Travel,2206.0,Upi,Lucknow,Lunch
T12434,U069,2023-05-05,Expense,Food,6064.0,Upi,Pune,Electricity bill
T0821,U149,2024-11-23,Expense,Utilities,1954.0,Card,Jaipur,Gym membership
T0766,U087,2024-08-19,Expense,Education,7621.0,Upi,Jaipur,test
T12075,U035,2024-09-15,Expense,Food,1156.0,Cash,Lucknow,Online course
T2955,U137,2022-06-13,Expense,Travel,8204.0,Upi,Unknown,Grocery shopping
T3923,U025,2023-05-16,Expense,Rent,27034.0,Cash,Unknown,Books
T11176,U131,2023-03-02,Expense,Travel,8929.0,Cash,Ahmedabad,...
T9206,U012,2022-06-05,Income,Salary,17856.0,Cash,Mumbai,asdfgh
T4395,U008,2023-07-04,Expense,Travel,8630.0,Bank_Transfer,Pune,Lunch
T7563,U148,2024-11-04,Expense,Rent,47690.0,Bank_Transfer,Jaipur,No Notes
T9380,U120,2022-04-14,Income,Others,46791.0,Bank_Transfer,Hyderabad,Train ticket
T7731,U076,2021-09-05,Expense,Utilities,1601.0,Upi,Chennai,No Notes
T10255,U053,2023-11-13,Income,Others,31321.0,Bank_Transfer,Bangalore,Lunch
T8610,U038,2024-12-10,Expense,Rent,3710.0,Cash,Pune,No Notes
T10323,U016,2021-05-25,Expense,Education,5734.0,Upi,Bangalore,asdfgh
T9971,U087,2024-03-04,Expense,Entertainment,2795.0,Upi,Pune,Grocery shopping
T13335,U029,2023-04-29,Income,Salary,45040.0,Cash,Lucknow,Shopping
T13651,U010,2023-03-24,Expense,Education,2596.0,Bank_Transfer,Mumbai,Gym membership
T3385,U037,2023-12-28,Expense,Rent,552.0,Card,Jaipur,Monthly rent payment
T9853,U059,2023-04-29,Expense,Food,7344.0,Bank_Transfer,Lucknow,Fixed deposit
T13718,U038,2022-11-19,Expense,Rent,8629.0,Upi,Delhi,asdfgh
T8159,U061,2021-09-24,Income,Salary,13923.0,Card,Pune,No Notes
T10075,U131,2023-07-18,Expense,Rent,11474.0,Upi,Mumbai,Books
T1212,U104,2023-08-11,Expense,Travel,4398.0,Bank_Transfer,Ahmedabad,Books
T10217,U029,2024-01-09,Expense,Travel,3064.0,Upi,Bangalore,Medicine
T5110,U116,2024-03-07,Expense,Rent,7733.0,Cash,Delhi,!!!
T5471,U115,2022-04-30,Expense,Rent,3243.0,Card,Lucknow,Movie tickets
T9260,U148,2022-09-15,Expense,Travel,5177.0,Bank_Transfer,Jaipur,Movie tickets
T8213,U146,2022-11-04,Expense,Others,5891.0,Bank_Transfer,Kolkata,Books
T11592,U146,2023-08-22,Expense,Travel,1661.0,Card,Kolkata,Shopping
T13218,U049,2024-07-31,Expense,Travel,1701.0,Card,Bangalore,Internet bill
T4470,U049,2024-04-21,Expense,Rent,8034.0,Bank_Transfer,Kolkata,Shopping
T6540,U088,2022-07-04,Expense,Food,2342.0,Card,Unknown,Coffee
T13473,U084,2023-01-30,Expense,Rent,12318.0,Upi,Bangalore,xyz123
T7722,U067,2023-10-13,Expense,Entertainment,6373.0,Card,Delhi,misc
T5154,U023,2024-05-16,Expense,Food,3651.0,Bank_Transfer,Bangalore,Train ticket
T11094,U002,2024-12-09,Expense,Health,9538.0,Bank_Transfer,Pune,No Notes
T12912,U084,2022-03-01,Expense,Utilities,1153.0,Upi,Mumbai,No Notes
T5633,U150,2023-12-13,Expense,Savings,3478.0,Bank_Transfer,Pune,Gym membership
T8092,U092,2021-11-16,Expense,Rent,38338.0,Card,Ahmedabad,No Notes
T1565,U088,2024-10-02,Expense,Food,1182.0,Card,Hyderabad,No Notes
T6791,U141,2022-06-06,Expense,Entertainment,8980.0,Cash,Hyderabad,Medicine
T9104,U031,2023-12-27,Expense,Rent,6403.0,Bank_Transfer,Kolkata,Doctor consultation
T4300,U098,2024-06-15,Expense,Rent,2577.0,Upi,Pune,!!!
T1208,U049,2021-12-25,Expense,Education,1256.0,Cash,Hyderabad,Online course
T11346,U068,2022-05-29,Expense,Food,1730.0,Unknown,Hyderabad,Uber ride
T5353,U128,2021-08-28,Expense,Entertainment,7052.0,Card,Delhi,No Notes
T10336,U147,2021-02-18,Expense,Food,4813.0,Card,Unknown,Movie tickets
T2102,U085,2024-08-22,Expense,Health,1339.0,Card,Lucknow,Grocery shopping
T9433,U141,2023-04-05,Expense,Food,4645.0,Card,Jaipur,Internet bill
T7393,U069,2024-12-25,Income,Bonus,880897.0,Card,Bangalore,Gym membership
T12004,U011,2024-08-11,Income,Salary,59168.0,Cash,Pune,Train ticket
T7459,U055,2024-06-23,Expense,Utilities,9616.0,Upi,Ahmedabad,No Notes
T4310,U077,2022-09-24,Expense,Utilities,2229.0,Upi,Unknown,!!!
T9144,U076,2021-04-23,Expense,Rent,10372.0,Bank_Transfer,Lucknow,!!!
T0751,U105,2021-06-08,Expense,Food,1592.0,Cash,Delhi,EMI payment
T13315,U131,2024-06-24,Expense,Rent,4507.0,Bank_Transfer,Lucknow,Electricity bill
T10212,U140,2021-01-29,Income,Salary,44992.0,Upi,Hyderabad,Shopping
T12076,U107,2022-11-06,Income,Investment,55153.0,Cash,Ahmedabad,Medicine
T2510,U063,2024-03-08,Expense,Food,6905.0,Card,Hyderabad,No Notes
T0285,U077,2023-02-16,Expense,Rent,13817.0,Bank_Transfer,Chennai,Electricity bill
T9738,U017,2023-03-07,Expense,Travel,4848.0,Card,Chennai,EMI payment
T5660,U129,2021-06-15,Expense,Food,5865.0,Bank_Transfer,Pune,Petrol
T1061,U132,2022-02-09,Income,Bonus,67414.0,Upi,Lucknow,No Notes
T10644,U029,2023-10-21,Expense,Food,6111.0,Card,Pune,No Notes
T7726,U069,2024-10-23,Expense,Rent,1365.0,Upi,Pune,Grocery shopping
T1337,U039,2024-05-20,Expense,Savings,6151.0,Cash,Ahmedabad,Movie tickets
T10544,U059,2024-05-01,Income,Bonus,69872.0,Cash,Mumbai,Restaurant dinner
T9761,U029,2022-06-24,Income,Investment,34091.0,Upi,Lucknow,Shopping
T12782,U028,2023-12-24,Expense,Rent,4252.0,Bank_Transfer,Ahmedabad,No Notes
T3601,U044,2022-05-15,Income,Salary,58578.0,Card,Delhi,No Notes
T4879,U033,2022-12-11,Expense,Travel,1666.0,Cash,Delhi,No Notes
T9572,U099,2021-04-21,Expense,Rent,5990.0,Bank_Transfer,Hyderabad,Doctor consultation
T4001,U104,2024-08-21,Expense,Rent,11745.0,Card,Delhi,Train ticket
T1300,U063,2024-07-01,Expense,Travel,4354.0,Bank_Transfer,Bangalore,No Notes
T6716,U117,2023-01-21,Expense,Entertainment,999999.0,Cash,Kolkata,Uber ride
T1323,U093,2021-01-09,Expense,Food,4333.0,Upi,Chennai,Monthly rent payment
T10129,U143,2024-07-13,Expense,Health,2130.0,Cash,Lucknow,Uber ride
T13918,U115,2021-06-02,Expense,Food,2220.0,Cash,Delhi,!!!
T1449,U028,2024-07-06,Expense,Food,5177.0,Card,Chennai,No Notes
T6254,U109,2024-11-25,Expense,Food,2792.0,Bank_Transfer,Ahmedabad,Electricity bill
T1200,U105,2022-04-26,Expense,Food,3515.0,Card,Pune,Monthly rent payment
T2757,U049,2024-12-11,Expense,Entertainment,1266.0,Cash,Jaipur,misc
T1085,U072,2021-08-18,Expense,Utilities,203.0,Card,Kolkata,Fixed deposit
T9227,U009,2023-06-27,Income,Salary,35465.0,Cash,Lucknow,misc
T2642,U056,2023-05-01,Expense,Health,2115.0,Cash,Ahmedabad,Internet bill
T9340,U022,2022-08-21,Expense,Travel,3503.0,Bank_Transfer,Kolkata,ATM withdrawal
T12740,U040,2024-06-02,Expense,Rent,4484.0,Cash,Bangalore,!!!
T6152,U012,2022-04-20,Income,Salary,54591.0,Unknown,Pune,asdfgh
T0845,U094,2024-07-28,Expense,Utilities,8299.0,Card,Delhi,Train ticket
T9723,U129,2021-03-09,Income,Freelance,40910.0,Bank_Transfer,Jaipur,No Notes
T11264,U056,2024-09-29,Expense,Food,2093.0,Cash,Bangalore,Books
T2647,U102,2024-03-03,Expense,Utilities,1727.0,Upi,Bangalore,xyz123
T4179,U008,2024-06-15,Expense,Rent,38838.0,Unknown,Delhi,Fixed deposit
T3199,U092,2023-02-28,Expense,Travel,5136.0,Cash,Bangalore,Coffee
T7241,U003,2024-08-01,Income,Investment,61592.0,Upi,Unknown,Movie tickets
T4727,U104,2022-04-12,Expense,Rent,9627.0,Card,Kolkata,Uber ride
T1792,U119,2021-09-10,Expense,Food,4406.0,Bank_Transfer,Hyderabad,Train ticket
T0291,U012,2024-09-11,Expense,Food,2678.0,Bank_Transfer,Bangalore,Lunch
T1065,U006,2024-06-18,Income,Bonus,23810.0,Upi,Pune,...
T12411,U095,2024-04-22,Expense,Health,7137.0,Card,Kolkata,Electricity bill
T3346,U023,2023-12-14,Expense,Education,9662.0,Card,Lucknow,No Notes
T8680,U064,2022-08-01,Expense,Utilities,4785.0,Upi,Delhi,Coffee
T6619,U111,2023-05-19,Income,Bonus,45865.0,Card,Kolkata,Books
T7818,U119,2021-05-19,Expense,Travel,583.0,Bank_Transfer,Bangalore,Shopping
T13634,U102,2021-01-12,Expense,Others,9387.0,Upi,Hyderabad,Monthly rent payment
T9993,U120,2022-04-02,Expense,Education,5124.0,Upi,Ahmedabad,Lunch
T12800,U010,2023-04-06,Expense,Food,324.0,Card,Jaipur,Train ticket
T2227,U126,2022-06-24,Income,Others,56184.0,Bank_Transfer,Jaipur,No Notes
T1387,U017,2023-08-16,Expense,Entertainment,1629.0,Card,Delhi,Monthly rent payment
T13703,U024,2021-01-08,Expense,Utilities,2708.0,Card,Delhi,ATM withdrawal
T8450,U004,2024-12-05,Expense,Rent,2092.0,Upi,Pune,Monthly rent payment
T2154,U066,2023-06-06,Expense,Utilities,1763.0,Card,Ahmedabad,test
T9216,U065,2024-06-22,Expense,Education,5239.0,Upi,Bangalore,No Notes
T6539,U046,2023-06-25,Expense,Utilities,5668.0,Bank_Transfer,Pune,Petrol
T2755,U054,2024-04-09,Income,Salary,34107.0,Bank_Transfer,Pune,Doctor consultation
T7740,U111,2023-01-25,Expense,Travel,8540.0,Cash,Ahmedabad,Grocery shopping
T0637,U063,2023-09-12,Expense,Health,1756.0,Upi,Bangalore,Coffee
T2749,U033,2021-05-05,Expense,Health,7103.0,Upi,Pune,!!!
T11671,U091,2022-02-10,Expense,Food,4956.0,Unknown,Jaipur,Coffee
T3169,U014,2024-02-27,Income,Bonus,24567.0,Bank_Transfer,Hyderabad,misc
T7072,U068,2021-08-02,Expense,Rent,6184.0,Bank_Transfer,Ahmedabad,misc
T4648,U057,2023-07-06,Expense,Others,3226.0,Upi,Chennai,EMI payment
T2204,U049,2022-03-02,Expense,Rent,25651.0,Upi,Delhi,misc
T10378,U132,2023-10-22,Expense,Utilities,3499.0,Bank_Transfer,Mumbai,ATM withdrawal
T5278,U050,2024-01-17,Expense,Education,9354.0,Bank_Transfer,Bangalore,Movie tickets
T4653,U078,2023-07-04,Expense,Rent,13033.0,Card,Mumbai,No Notes
T4505,U039,2022-08-30,Expense,Utilities,5628.0,Upi,Lucknow,No Notes
T1024,U122,2021-12-16,Expense,Rent,6643.0,Card,Lucknow,Petrol
T8508,U054,2021-03-08,Expense,Rent,39484.0,Bank_Transfer,Lucknow,Lunch
T3679,U101,2022-11-04,Expense,Education,5595.0,Card,Lucknow,Grocery shopping
T8203,U147,2024-10-16,Expense,Travel,1396.0,Upi,Chennai,No Notes
T9129,U149,2023-12-22,Expense,Rent,2325.0,Cash,Hyderabad,No Notes
T13482,U039,2023-01-18,Expense,Savings,7379.0,Card,Lucknow,...
T13343,U112,2023-04-25,Expense,Rent,1568.0,Cash,Ahmedabad,Online course
T3384,U110,2022-07-17,Expense,Rent,1759.0,Bank_Transfer,Bangalore,No Notes
T13876,U129,2023-07-07,Expense,Rent,1433.0,Card,Bangalore,!!!
T12679,U028,2024-12-20,Expense,Rent,5106.0,Cash,Hyderabad,Grocery shopping
T4093,U098,2021-07-02,Expense,Food,7894.0,Cash,Delhi,Medicine
T9321,U087,2024-04-11,Expense,Food,1117.0,Card,Kolkata,No Notes
T12623,U149,2023-07-29,Expense,Travel,6880.0,Cash,Hyderabad,Grocery shopping
T12878,U041,2023-11-25,Expense,Food,1763.0,Upi,Pune,No Notes
T12206,U077,2023-10-02,Expense,Rent,18358.0,Card,Mumbai,Shopping
T8244,U025,2023-06-03,Income,Investment,10557.0,Cash,Ahmedabad,Train ticket
T11840,U110,2021-07-13,Expense,Savings,5892.0,Cash,Ahmedabad,Gym membership
T7718,U110,2021-02-21,Expense,Rent,8105.0,Upi,Ahmedabad,Online course
T0583,U074,2024-01-01,Expense,Health,6347.0,Cash,Kolkata,Online course
T2302,U007,2024-03-25,Expense,Utilities,3377.0,Upi,Jaipur,No Notes
T1912,U077,2023-02-11,Expense,Food,3391.0,Upi,Lucknow,asdfgh
T10930,U127,2024-10-28,Expense,Rent,5889.0,Cash,Bangalore,No Notes
T7287,U051,2021-03-16,Expense,Travel,8951.0,Card,Chennai,ATM withdrawal
T11132,U117,2021-03-08,Expense,Food,1218.0,Cash,Unknown,Restaurant dinner
T12005,U005,2024-10-06,Expense,Utilities,6856.0,Cash,Mumbai,No Notes
T6431,U094,2022-10-15,Expense,Food,3959.0,Upi,Pune,Internet bill
T12451,U110,2023-11-03,Expense,Entertainment,5009.0,Cash,Chennai,Fixed deposit
T9003,U025,2021-07-16,Expense,Utilities,5841.0,Card,Kolkata,Fixed deposit
T3789,U113,2023-09-25,Expense,Rent,17432.0,Card,Mumbai,Uber ride
T2036,U117,2024-10-20,Expense,Utilities,390.0,Upi,Hyderabad,Books
T6031,U138,2023-07-02,Expense,Savings,3413.0,Cash,Chennai,Online course
T5640,U035,2021-10-01,Expense,Rent,7583.0,Upi,Jaipur,asdfgh
T12673,U126,2023-12-06,Expense,Rent,6958.0,Card,Jaipur,Shopping
T3402,U014,2022-04-21,Income,Bonus,14080.0,Bank_Transfer,Delhi,Online course
T6762,U071,2021-02-01,Expense,Rent,8065.0,Cash,Mumbai,Monthly rent payment
T11143,U068,2022-03-26,Expense,Travel,301.0,Cash,Lucknow,Monthly rent payment
T7060,U030,2021-03-09,Expense,Entertainment,7231.0,Upi,Lucknow,asdfgh
T2674,U126,2022-03-22,Expense,Utilities,7306.0,Bank_Transfer,Ahmedabad,No Notes
T10533,U145,2023-11-11,Expense,Others,369.0,Cash,Bangalore,...
T6371,U039,2021-09-30,Expense,Utilities,7080.0,Card,Lucknow,test
T5970,U010,2024-04-23,Expense,Food,2704.0,Cash,Delhi,EMI payment
T0349,U098,2023-11-20,Expense,Food,4307.0,Cash,Delhi,xyz123
T10973,U045,2024-02-23,Income,Others,55060.0,Upi,Jaipur,Books
T4864,U115,2024-07-22,Expense,Food,6643.0,Bank_Transfer,Delhi,No Notes
T3431,U121,2023-07-19,Expense,Entertainment,999999.0,Bank_Transfer,Jaipur,No Notes
T6816,U147,2022-10-09,Expense,Rent,49391.0,Upi,Chennai,ATM withdrawal
T1039,U005,2021-11-05,Expense,Food,2898.0,Card,Kolkata,Petrol
T8844,U027,2023-02-12,Expense,Food,3476.0,Cash,Pune,ATM withdrawal
T13020,U133,2021-01-11,Expense,Food,1391.0,Bank_Transfer,Pune,Medicine
T4301,U119,2022-05-28,Expense,Food,7331.0,Cash,Delhi,!!!
T9803,U067,2023-08-19,Expense,Food,6022.0,Bank_Transfer,Delhi,Gym membership
T1967,U090,2024-09-14,Expense,Health,1210.0,Cash,Lucknow,EMI payment
T9323,U029,2024-11-07,Expense,Food,6207.0,Card,Jaipur,Coffee
T1311,U122,2023-12-23,Income,Bonus,78671.0,Cash,Delhi,Electricity bill
T1305,U060,2024-09-12,Expense,Others,4512.0,Upi,Hyderabad,Grocery shopping
T3769,U021,2024-06-24,Expense,Food,8786.0,Card,Ahmedabad,Coffee
T8444,U055,2024-07-11,Income,Others,15169.0,Card,Ahmedabad,EMI payment
T5357,U106,2021-07-07,Expense,Travel,7234.0,Cash,Lucknow,Internet bill
T2553,U095,2024-03-10,Expense,Travel,4220.0,Card,Ahmedabad,No Notes
T13833,U032,2022-06-11,Expense,Utilities,733.0,Upi,Lucknow,Coffee
T11047,U076,2024-07-30,Expense,Entertainment,1503.0,Upi,Mumbai,Internet bill
T9129,U084,2022-06-03,Expense,Rent,9706.0,Unknown,Lucknow,Coffee
T13371,U100,2024-03-13,Expense,Food,1145.0,Card,Hyderabad,Electricity bill
T5787,U113,2024-10-04,Income,Salary,70904.0,Cash,Hyderabad,Coffee
T13200,U074,2024-08-12,Expense,Utilities,4999.0,Bank_Transfer,Lucknow,Restaurant dinner
T13014,U149,2021-07-15,Expense,Food,8070.0,Card,Mumbai,No Notes
T11753,U101,2022-03-21,Expense,Travel,2027.0,Card,Pune,Petrol
T7986,U023,2021-11-19,Expense,Entertainment,9073.0,Upi,Pune,Fixed deposit
T2903,U083,2023-01-14,Expense,Health,2280.0,Bank_Transfer,Unknown,Petrol
T4794,U125,2022-11-06,Expense,Food,6428.0,Bank_Transfer,Kolkata,Coffee
T3593,U038,2021-12-03,Expense,Food,3053.0,Card,Bangalore,!!!
T4690,U150,2021-01-12,Expense,Travel,3009.0,Cash,Kolkata,ATM withdrawal
T11484,U112,2021-12-13,Expense,Travel,8766.0,Upi,Kolkata,Uber ride
T7457,U066,2021-12-15,Expense,Entertainment,4021.0,Cash,Jaipur,Train ticket
T13960,U148,2021-07-18,Expense,Others,6889.0,Upi,Chennai,asdfgh
T7007,U127,2023-05-30,Expense,Education,2381.0,Card,Unknown,Books
T4599,U079,2023-10-01,Expense,Food,4542.0,Upi,Pune,Doctor consultation
T10831,U062,2024-09-30,Expense,Education,9525.0,Bank_Transfer,Pune,xyz123
T10681,U049,2022-12-01,Expense,Utilities,9964.0,Unknown,Unknown,xyz123
T5878,U127,2023-03-06,Expense,Rent,35345.0,Cash,Unknown,Train ticket
T4351,U145,2021-04-11,Expense,Education,9312.0,Unknown,Jaipur,...
T0561,U036,2022-02-13,Expense,Travel,9384.0,Bank_Transfer,Ahmedabad,No Notes
T8165,U094,2023-12-28,Expense,Travel,8755.0,Bank_Transfer,Unknown,No Notes
T4108,U015,2024-05-21,Expense,Others,6219.0,Cash,Mumbai,Monthly rent payment
T0624,U134,2024-07-16,Expense,Travel,8913.0,Upi,Jaipur,Lunch
T12538,U059,2023-10-21,Expense,Food,3975.0,Cash,Lucknow,xyz123
T6041,U007,2023-07-18,Expense,Utilities,9757.0,Bank_Transfer,Jaipur,No Notes
T7841,U109,2023-01-17,Expense,Education,549.0,Card,Bangalore,Movie tickets
T13938,U083,2023-08-10,Expense,Health,8719.0,Card,Delhi,EMI payment
T2763,U029,2023-04-19,Expense,Rent,4572.0,Upi,Pune,Gym membership
T3886,U148,2021-06-13,Expense,Utilities,716.0,Upi,Ahmedabad,Shopping
T1723,U132,2021-01-21,Income,Bonus,61112.0,Cash,Jaipur,No Notes
T3123,U018,2021-09-02,Expense,Education,9132.0,Upi,Mumbai,Electricity bill
T1238,U132,2023-04-24,Expense,Food,3517.0,Cash,Bangalore,No Notes
T0511,U122,2021-08-14,Expense,Education,2461.0,Bank_Transfer,Chennai,Electricity bill
T10005,U088,2021-07-26,Expense,Food,3758.0,Card,Pune,Online course
T1577,U019,2023-02-13,Expense,Others,8172.0,Upi,Pune,Grocery shopping
T11005,U042,2022-12-29,Expense,Food,3680.0,Cash,Chennai,Internet bill
T5709,U107,2023-07-21,Expense,Travel,9309.0,Upi,Delhi,Online course
T0174,U068,2024-01-20,Expense,Food,2206.0,Cash,Delhi,Online course
T12409,U108,2024-07-24,Expense,Rent,36084.0,Card,Mumbai,Movie tickets
T11580,U066,2022-10-21,Expense,Entertainment,794.0,Bank_Transfer,Unknown,Online course
T2609,U058,2022-01-08,Income,Investment,60328.0,Bank_Transfer,Ahmedabad,EMI payment
T13566,U002,2023-04-30,Expense,Food,4009.0,Bank_Transfer,Unknown,Restaurant dinner
T5093,U074,2021-03-27,Expense,Rent,12491.0,Unknown,Bangalore,!!!
T1969,U100,2021-03-16,Expense,Travel,5345.0,Upi,Lucknow,No Notes
T8327,U106,2023-10-25,Expense,Others,6136.0,Upi,Unknown,Monthly rent payment
T1935,U063,2022-07-06,Expense,Others,993.0,Upi,Hyderabad,Petrol
T0700,U138,2021-09-04,Expense,Entertainment,9768.0,Card,Ahmedabad,xyz123
T3884,U058,2023-11-28,Expense,Entertainment,7942.0,Card,Mumbai,Movie tickets
T13781,U132,2022-12-24,Expense,Food,8573.0,Upi,Mumbai,Online course
T3561,U079,2022-07-30,Expense,Rent,31361.0,Card,Chennai,xyz123
T6339,U077,2022-02-16,Expense,Others,8697.0,Upi,Ahmedabad,misc
T6697,U096,2022-04-16,Income,Investment,70158.0,Upi,Mumbai,Internet bill
T4975,U132,2023-07-16,Expense,Rent,1286.0,Upi,Delhi,No Notes
T0732,U115,2021-03-07,Expense,Rent,2861.0,Card,Hyderabad,Electricity bill
T6210,U141,2022-04-25,Income,Investment,57735.0,Bank_Transfer,Bangalore,Shopping
T10570,U008,2024-04-10,Expense,Rent,7047.0,Cash,Delhi,No Notes
T0880,U053,2023-07-08,Expense,Rent,1526.0,Upi,Kolkata,misc
T4114,U027,2022-11-26,Expense,Rent,5302.0,Bank_Transfer,Mumbai,test
T7654,U089,2021-11-28,Expense,Entertainment,1514.0,Card,Kolkata,ATM withdrawal
T12475,U024,2021-03-05,Expense,Utilities,4397.0,Card,Hyderabad,asdfgh
T9285,U134,2022-08-28,Expense,Food,9691.0,Bank_Transfer,Lucknow,Books
T12446,U084,2024-05-26,Expense,Food,7843.0,Card,Chennai,Train ticket
T6442,U074,2023-10-06,Expense,Savings,7288.0,Upi,Bangalore,Shopping
T10963,U100,2021-06-01,Expense,Utilities,6741.0,Bank_Transfer,Lucknow,Electricity bill
T12010,U109,2022-10-23,Expense,Travel,8325.0,Upi,Bangalore,Internet bill
T12501,U093,2024-10-22,Income,Bonus,19211.0,Card,Ahmedabad,Medicine
T5845,U097,2023-08-04,Expense,Education,4730.0,Bank_Transfer,Mumbai,ATM withdrawal
T2993,U091,2022-01-22,Expense,Entertainment,9197.0,Card,Kolkata,ATM withdrawal
T9124,U089,2022-11-08,Income,Bonus,24714.0,Card,Ahmedabad,Coffee
T2293,U115,2022-12-20,Expense,Travel,3445.0,Cash,Jaipur,Petrol
T3626,U017,2023-08-23,Expense,Utilities,6754.0,Cash,Bangalore,xyz123
T3866,U149,2024-12-05,Expense,Savings,8393.0,Bank_Transfer,Chennai,Books
T5164,U017,2022-10-25,Expense,Entertainment,4468.0,Bank_Transfer,Ahmedabad,test
T10582,U109,2024-03-10,Expense,Rent,1586.0,Card,Kolkata,Grocery shopping
T0886,U126,2024-11-05,Expense,Food,3550.0,Upi,Jaipur,test
T5764,U067,2023-03-25,Expense,Rent,4237.0,Cash,Mumbai,Electricity bill
T9904,U016,2022-03-22,Expense,Travel,4125.0,Cash,Kolkata,EMI payment
T12552,U097,2022-05-02,Expense,Rent,2949.0,Upi,Chennai,test
T8639,U066,2022-06-24,Expense,Entertainment,2962.0,Cash,Kolkata,Shopping
T10101,U100,2022-11-21,Expense,Food,5150.0,Bank_Transfer,Chennai,Shopping
T7920,U064,2021-05-30,Expense,Rent,7744.0,Cash,Lucknow,No Notes
T0314,U075,2021-12-28,Income,Investment,57089.0,Bank_Transfer,Chennai,Monthly rent payment
T11006,U101,2024-06-22,Expense,Travel,3416.0,Card,Chennai,Gym membership
T3388,U119,2023-03-19,Expense,Food,2799.0,Upi,Pune,Uber ride
T4385,U014,2022-04-17,Expense,Food,999999.0,Bank_Transfer,Bangalore,EMI payment
T13788,U055,2024-09-10,Income,Bonus,51772.0,Cash,Unknown,No Notes
T1078,U033,2022-12-16,Expense,Health,2891.0,Cash,Bangalore,Grocery shopping
T5322,U144,2023-12-18,Income,Freelance,53035.0,Bank_Transfer,Ahmedabad,misc
T7867,U065,2021-04-14,Expense,Travel,1419.0,Upi,Ahmedabad,Grocery shopping
T11877,U092,2024-10-01,Expense,Food,2685.0,Cash,Jaipur,Grocery shopping
T3137,U108,2021-05-27,Income,Others,30703.0,Upi,Kolkata,No Notes
T2095,U065,2023-05-05,Expense,Food,3573.0,Card,Pune,ATM withdrawal
T13184,U049,2024-02-22,Expense,Rent,49694.0,Upi,Chennai,No Notes
T4553,U022,2023-04-19,Expense,Food,1842.0,Cash,Chennai,Shopping
T0269,U069,2022-10-25,Expense,Food,5806.0,Upi,Lucknow,asdfgh
T0541,U048,2021-05-29,Expense,Savings,5319.0,Upi,Pune,ATM withdrawal
T8642,U085,2024-07-23,Expense,Rent,8077.0,Unknown,Delhi,Grocery shopping
T5317,U115,2021-04-03,Expense,Travel,2005.0,Card,Chennai,!!!
T3092,U004,2024-11-27,Expense,Food,3212.0,Cash,Bangalore,Online course
T5594,U100,2022-05-22,Expense,Health,5023.0,Card,Lucknow,Grocery shopping
T2737,U009,2024-04-29,Expense,Travel,8833.0,Card,Bangalore,Doctor consultation
T2016,U124,2023-08-05,Expense,Travel,834.0,Unknown,Delhi,No Notes
T1702,U106,2024-01-04,Expense,Entertainment,4327.0,Card,Pune,Medicine
T10010,U073,2022-09-05,Expense,Utilities,396.0,Card,Delhi,Movie tickets
T10970,U116,2021-09-08,Expense,Rent,24908.0,Card,Pune,Grocery shopping
T13819,U110,2022-08-13,Expense,Food,1687.0,Upi,Chennai,Restaurant dinner
T6154,U105,2024-12-13,Expense,Utilities,2842.0,Cash,Kolkata,!!!
T4930,U030,2024-07-11,Expense,Rent,1669.0,Cash,Unknown,EMI payment
T7904,U001,2021-06-11,Expense,Rent,3483.0,Cash,Pune,Books
T4042,U044,2023-06-06,Income,Bonus,74365.0,Upi,Chennai,No Notes
T6214,U007,2023-03-06,Expense,Food,4757.0,Bank_Transfer,Lucknow,Fixed deposit
T3730,U075,2024-02-16,Expense,Food,2331.0,Cash,Lucknow,Online course
T4527,U065,2022-03-21,Expense,Food,2193.0,Bank_Transfer,Chennai,Uber ride
T5911,U087,2021-11-24,Expense,Food,2640.0,Cash,Kolkata,Shopping
T8268,U060,2024-08-04,Expense,Entertainment,7870.0,Cash,Kolkata,Monthly rent payment
T12342,U142,2024-08-12,Expense,Utilities,5971.0,Cash,Mumbai,xyz123
T13018,U016,2022-08-31,Expense,Travel,1881.0,Card,Jaipur,Monthly rent payment
T3570,U139,2021-03-27,Expense,Food,2214.0,Upi,Mumbai,Electricity bill
T7786,U130,2024-02-15,Expense,Travel,6734.0,Upi,Pune,Electricity bill
T7042,U066,2021-01-22,Expense,Rent,7699.0,Card,Lucknow,Lunch
T10452,U143,2023-05-28,Expense,Rent,43829.0,Card,Bangalore,EMI payment
T6600,U121,2022-09-02,Expense,Food,4749.0,Upi,Mumbai,asdfgh
T4761,U133,2024-07-13,Expense,Utilities,5559.0,Card,Bangalore,Internet bill
T10326,U139,2021-10-01,Expense,Food,3091.0,Bank_Transfer,Ahmedabad,Restaurant dinner
T0722,U111,2021-05-06,Expense,Health,1909.0,Bank_Transfer,Jaipur,Doctor consultation
T8210,U013,2022-01-02,Income,Others,14332.0,Cash,Unknown,Books
T4187,U107,2022-09-21,Expense,Health,2498.0,Card,Mumbai,Restaurant dinner
T1138,U027,2021-10-18,Income,Others,10591.0,Upi,Kolkata,Electricity bill
T10041,U100,2022-06-08,Expense,Travel,8266.0,Upi,Chennai,EMI payment
T13863,U094,2024-06-04,Income,Bonus,63801.0,Bank_Transfer,Mumbai,Books
T9429,U121,2024-07-30,Expense,Food,2839.0,Cash,Bangalore,Fixed deposit
T11637,U044,2022-06-30,Expense,Entertainment,4888.0,Card,Mumbai,Movie tickets
T9795,U141,2023-09-22,Expense,Food,2511.0,Upi,Kolkata,...
T10098,U057,2023-08-08,Expense,Rent,2977.0,Card,Delhi,Monthly rent payment
T12317,U061,2024-11-05,Expense,Travel,1928.0,Upi,Delhi,!!!
T9928,U041,2024-11-06,Expense,Food,933.0,Cash,Lucknow,Petrol
T3430,U089,2024-11-27,Expense,Travel,5084.0,Card,Lucknow,Petrol
T5061,U042,2022-09-21,Expense,Utilities,7841.0,Upi,Jaipur,No Notes
T2335,U065,2024-08-22,Expense,Travel,1580.0,Upi,Chennai,asdfgh
T5256,U068,2022-11-01,Expense,Education,4587.0,Cash,Chennai,Gym membership
T6343,U142,2023-06-20,Income,Salary,14430.0,Bank_Transfer,Ahmedabad,test
T0044,U108,2024-11-15,Expense,Health,1120.0,Bank_Transfer,Bangalore,No Notes
T6013,U041,2023-09-20,Income,Freelance,76663.0,Cash,Ahmedabad,No Notes
T0436,U148,2022-09-18,Expense,Health,6967.0,Upi,Lucknow,Uber ride
T8578,U118,2022-08-02,Expense,Travel,5837.0,Upi,Delhi,!!!
T8073,U045,2021-03-04,Expense,Food,9447.0,Bank_Transfer,Pune,Petrol
T9519,U106,2022-07-02,Income,Others,25793.0,Bank_Transfer,Lucknow,Restaurant dinner
T2020,U112,2022-01-25,Expense,Entertainment,9225.0,Card,Kolkata,Restaurant dinner
T4674,U070,2021-11-15,Expense,Rent,420.0,Bank_Transfer,Mumbai,Restaurant dinner
T3082,U047,2022-12-28,Expense,Food,4391.0,Upi,Delhi,Train ticket
T11813,U009,2021-11-07,Expense,Rent,19439.0,Cash,Mumbai,EMI payment
T10525,U096,2023-04-15,Expense,Rent,6306.0,Card,Lucknow,No Notes
T1664,U100,2021-06-29,Expense,Utilities,7350.0,Card,Kolkata,No Notes
T8856,U068,2024-05-20,Expense,Entertainment,2596.0,Cash,Delhi,Shopping
T13703,U109,2021-08-28,Expense,Rent,3016.0,Bank_Transfer,Hyderabad,No Notes
T6505,U100,2024-11-06,Expense,Utilities,7353.0,Bank_Transfer,Kolkata,No Notes
T8887,U041,2021-04-30,Expense,Rent,462.0,Cash,Ahmedabad,Fixed deposit
T0823,U057,2021-03-07,Expense,Rent,26092.0,Upi,Unknown,Monthly rent payment
T6935,U137,2023-10-10,Expense,Utilities,8996.0,Cash,Hyderabad,Books
T4540,U072,2023-02-20,Income,Bonus,11567.0,Bank_Transfer,Hyderabad,!!!
T1859,U134,2021-05-30,Income,Freelance,21664.0,Bank_Transfer,Pune,Internet bill
T4143,U016,2024-05-28,Expense,Rent,45883.0,Card,Lucknow,xyz123
T7725,U008,2021-04-18,Expense,Travel,6162.0,Bank_Transfer,Hyderabad,Grocery shopping
T12707,U063,2022-10-29,Expense,Rent,36849.0,Upi,Pune,Online course
T6498,U119,2024-03-21,Expense,Utilities,1444.0,Cash,Ahmedabad,xyz123
T2482,U077,2023-05-23,Expense,Food,3230.0,Unknown,Mumbai,Grocery shopping
T9736,U116,2024-10-15,Expense,Utilities,3377.0,Card,Unknown,misc
T6693,U077,2023-07-07,Expense,Travel,9934.0,Cash,Mumbai,EMI payment
T6497,U056,2024-12-28,Expense,Rent,10976.0,Cash,Bangalore,Movie tickets
T2239,U119,2024-07-15,Expense,Savings,2910.0,Upi,Unknown,No Notes
T5661,U144,2021-11-13,Expense,Rent,8646.0,Card,Unknown,No Notes
T3040,U069,2022-07-09,Expense,Food,8282.0,Card,Unknown,misc
T3653,U087,2023-07-30,Expense,Education,5861.0,Bank_Transfer,Delhi,Coffee
T7603,U121,2022-10-10,Expense,Travel,936.0,Cash,Unknown,No Notes
T7466,U023,2023-01-26,Expense,Entertainment,7837.0,Card,Bangalore,Fixed deposit
T4739,U094,2023-10-12,Expense,Food,1783.0,Bank_Transfer,Delhi,No Notes
T3077,U106,2024-12-09,Income,Bonus,61600.0,Card,Ahmedabad,asdfgh
T6105,U072,2024-06-28,Expense,Food,3379.0,Card,Delhi,No Notes
T10862,U105,2023-06-30,Expense,Food,8922.0,Cash,Chennai,ATM withdrawal
T1072,U022,2022-07-06,Expense,Entertainment,1817.0,Upi,Kolkata,!!!
T13137,U018,2024-08-03,Expense,Food,1575.0,Unknown,Unknown,Petrol
T7767,U033,2023-06-05,Income,Bonus,79594.0,Upi,Ahmedabad,Shopping
T8546,U141,2023-02-27,Expense,Rent,6927.0,Cash,Bangalore,Internet bill
T0201,U010,2021-01-01,Expense,Food,4214.0,Upi,Chennai,No Notes
T9098,U041,2022-12-24,Income,Salary,45134.0,Card,Unknown,Fixed deposit
T3024,U093,2023-10-23,Expense,Travel,1389.0,Upi,Delhi,Shopping
T12948,U076,2024-08-31,Income,Investment,52125.0,Card,Hyderabad,Movie tickets
T6435,U005,2024-10-15,Expense,Education,9998.0,Upi,Ahmedabad,Doctor consultation
T2829,U048,2021-12-02,Expense,Food,3535.0,Card,Jaipur,Online course
T7445,U046,2021-09-26,Expense,Education,5472.0,Upi,Hyderabad,Petrol
T8611,U040,2021-07-11,Expense,Rent,8489.0,Cash,Ahmedabad,Fixed deposit
T5883,U106,2023-06-08,Expense,Food,2092.0,Bank_Transfer,Chennai,Internet bill
T5005,U009,2024-02-12,Expense,Travel,990.0,Upi,Unknown,Doctor consultation
T2591,U066,2023-12-02,Expense,Rent,43659.0,Upi,Lucknow,Lunch
T3614,U072,2024-04-05,Expense,Rent,7889.0,Card,Bangalore,ATM withdrawal
T8570,U014,2021-11-11,Expense,Rent,30032.0,Card,Delhi,Books
T8239,U051,2022-06-28,Income,Investment,66783.0,Upi,Ahmedabad,Monthly rent payment
T3274,U079,2021-06-03,Income,Investment,60496.0,Cash,Mumbai,Coffee
T1251,U024,2024-11-27,Expense,Savings,2295.0,Unknown,Chennai,asdfgh
T12802,U053,2023-07-06,Expense,Others,3630.0,Cash,Jaipur,No Notes
T0647,U099,2024-07-01,Expense,Health,832.0,Card,Unknown,No Notes
T13336,U049,2023-10-27,Income,Bonus,31943.0,Upi,Delhi,Online course
T1946,U130,2023-04-17,Expense,Utilities,2754.0,Bank_Transfer,Bangalore,Train ticket
T5723,U003,2024-08-24,Expense,Others,2791.0,Upi,Delhi,No Notes
T8601,U118,2022-04-25,Expense,Entertainment,5534.0,Upi,Hyderabad,Doctor consultation
T6404,U135,2021-12-20,Expense,Rent,2366.0,Card,Bangalore,Lunch
T6690,U094,2022-06-27,Expense,Health,6869.0,Card,Ahmedabad,Books
T8906,U002,2024-06-21,Expense,Rent,18922.0,Bank_Transfer,Pune,Books
T6096,U079,2021-09-08,Expense,Health,9173.0,Upi,Delhi,EMI payment
T5582,U116,2023-03-30,Expense,Travel,8982.0,Cash,Bangalore,Online course
T0124,U037,2024-12-30,Income,Bonus,61007.0,Bank_Transfer,Delhi,No Notes
T9746,U018,2022-06-12,Income,Others,30853.0,Bank_Transfer,Mumbai,Grocery shopping
T4702,U093,2024-08-29,Expense,Entertainment,8631.0,Cash,Chennai,ATM withdrawal
T11749,U025,2021-01-20,Expense,Food,770.0,Cash,Delhi,No Notes
T0970,U050,2021-09-25,Expense,Entertainment,999999.0,Card,Hyderabad,test
T9158,U044,2021-12-23,Expense,Entertainment,3141.0,Unknown,Chennai,Petrol
T12863,U011,2021-02-16,Expense,Rent,6658.0,Upi,Delhi,Shopping
T11384,U097,2024-12-26,Expense,Entertainment,623.0,Card,Chennai,Gym membership
T4938,U036,2022-06-15,Income,Bonus,40888.0,Upi,Bangalore,misc
T8962,U101,2024-12-14,Expense,Utilities,5608.0,Unknown,Jaipur,No Notes
T11712,U137,2024-11-11,Expense,Utilities,7746.0,Cash,Lucknow,Train ticket
T5096,U011,2024-05-10,Expense,Utilities,5135.0,Cash,Lucknow,Grocery shopping
T12364,U027,2023-09-13,Expense,Food,4185.0,Card,Lucknow,No Notes
T7895,U052,2024-05-14,Expense,Utilities,8718.0,Cash,Mumbai,Lunch
T9757,U021,2021-08-10,Expense,Rent,14576.0,Cash,Mumbai,Uber ride
T7880,U115,2021-08-18,Expense,Utilities,4609.0,Bank_Transfer,Kolkata,Uber ride
T6715,U018,2021-12-17,Expense,Utilities,6452.0,Upi,Delhi,Internet bill
T7066,U023,2024-12-23,Income,Salary,53920.0,Upi,Ahmedabad,!!!
T1675,U059,2024-06-12,Income,Freelance,76580.0,Card,Bangalore,Gym membership
T5629,U035,2021-03-13,Expense,Health,1804.0,Bank_Transfer,Chennai,Uber ride
T4094,U037,2024-11-12,Expense,Rent,386.0,Upi,Kolkata,Coffee
T7083,U088,2022-02-23,Expense,Savings,3074.0,Bank_Transfer,Hyderabad,No Notes
T2476,U025,2022-12-10,Expense,Education,9231.0,Cash,Ahmedabad,Monthly rent payment
T11667,U004,2022-07-02,Expense,Utilities,1041.0,Cash,Delhi,No Notes
T12391,U121,2024-03-17,Expense,Travel,1743.0,Bank_Transfer,Lucknow,misc
T3478,U078,2021-07-09,Expense,Food,3025.0,Bank_Transfer,Pune,Movie tickets
T12092,U073,2024-07-17,Expense,Food,472.0,Bank_Transfer,Delhi,EMI payment
T4441,U148,2021-09-06,Expense,Food,3603.0,Upi,Bangalore,No Notes
T9822,U133,2023-08-03,Expense,Food,8987.0,Bank_Transfer,Chennai,Electricity bill
T1380,U046,2021-08-06,Income,Others,61795.0,Upi,Chennai,Coffee
T7469,U149,2024-03-20,Expense,Rent,38750.0,Card,Chennai,Lunch
T6764,U148,2024-05-27,Expense,Rent,8263.0,Card,Jaipur,No Notes
T7924,U141,2021-01-08,Expense,Rent,38906.0,Upi,Lucknow,Restaurant dinner
T2462,U024,2022-04-04,Expense,Entertainment,8428.0,Upi,Jaipur,No Notes
T9267,U046,2023-02-18,Income,Investment,59307.0,Upi,Hyderabad,No Notes
T4993,U049,2021-12-21,Expense,Travel,7669.0,Upi,Kolkata,...
T5407,U090,2024-09-27,Expense,Food,2296.0,Bank_Transfer,Bangalore,No Notes
T3269,U046,2022-07-19,Expense,Food,766.0,Card,Ahmedabad,Medicine
T2877,U148,2024-09-04,Expense,Utilities,1906.0,Upi,Unknown,Petrol
T10353,U070,2021-07-05,Expense,Travel,3472.0,Bank_Transfer,Kolkata,asdfgh
T12478,U049,2023-07-29,Expense,Rent,145.0,Upi,Kolkata,Restaurant dinner
T6806,U003,2024-03-01,Expense,Utilities,3397.0,Upi,Ahmedabad,Electricity bill
T9677,U108,2021-09-16,Expense,Rent,4868.0,Cash,Mumbai,No Notes
T1206,U035,2023-10-04,Expense,Food,1392.0,Bank_Transfer,Lucknow,Train ticket
T4276,U127,2021-07-11,Income,Freelance,55811.0,Upi,Ahmedabad,No Notes
T3640,U044,2024-05-27,Income,Investment,79367.0,Unknown,Kolkata,Doctor consultation
T10897,U079,2023-06-18,Income,Salary,45035.0,Upi,Jaipur,Train ticket
T2670,U006,2023-03-01,Expense,Entertainment,2390.0,Cash,Hyderabad,Movie tickets
T11185,U136,2024-10-10,Expense,Food,4752.0,Cash,Bangalore,Uber ride
T7218,U109,2024-04-25,Expense,Food,6913.0,Upi,Pune,Gym membership
T12492,U054,2024-04-10,Expense,Entertainment,9345.0,Cash,Kolkata,Train ticket
T2139,U142,2023-09-02,Expense,Food,1207.0,Bank_Transfer,Lucknow,Internet bill
T9979,U072,2024-04-03,Expense,Others,5126.0,Bank_Transfer,Lucknow,Books
T1168,U048,2022-11-16,Expense,Food,139.0,Card,Hyderabad,Books
T12090,U010,2023-11-11,Expense,Travel,2810.0,Bank_Transfer,Unknown,Train ticket
T5297,U036,2021-12-25,Expense,Others,1799.0,Upi,Bangalore,Movie tickets
T12521,U076,2021-07-09,Expense,Rent,560.0,Bank_Transfer,Lucknow,Internet bill
T12678,U084,2022-10-06,Expense,Food,2688.0,Card,Delhi,ATM withdrawal
T13865,U037,2023-04-10,Expense,Education,3670.0,Bank_Transfer,Jaipur,ATM withdrawal
T6990,U097,2024-09-08,Expense,Food,9095.0,Bank_Transfer,Jaipur,asdfgh
T0157,U003,2021-01-03,Expense,Utilities,8780.0,Card,Chennai,!!!
T11554,U085,2023-12-12,Expense,Food,4414.0,Cash,Kolkata,No Notes
T2977,U049,2023-07-19,Income,Freelance,30887.0,Bank_Transfer,Hyderabad,No Notes
T10333,U133,2024-03-31,Expense,Travel,802.0,Card,Delhi,No Notes
T13111,U147,2023-01-23,Expense,Rent,387.0,Upi,Ahmedabad,...
T8026,U140,2021-12-09,Expense,Health,9857.0,Card,Hyderabad,Movie tickets
T2752,U104,2022-06-20,Income,Others,73053.0,Upi,Bangalore,xyz123
T10878,U046,2021-02-25,Expense,Education,5098.0,Bank_Transfer,Lucknow,Petrol
T13364,U052,2023-09-04,Expense,Travel,452.0,Cash,Jaipur,No Notes
T8491,U059,2021-10-23,Expense,Health,2945.0,Cash,Unknown,Fixed deposit
T13253,U137,2022-12-31,Income,Freelance,66153.0,Upi,Unknown,!!!
T1857,U063,2021-06-29,Expense,Rent,4016.0,Cash,Mumbai,test
T11820,U070,2023-08-25,Expense,Rent,825.0,Upi,Kolkata,Grocery shopping
T6408,U147,2023-02-10,Expense,Entertainment,6474.0,Card,Jaipur,Books
T11565,U047,2023-02-13,Expense,Food,1290.0,Unknown,Ahmedabad,...
T12143,U016,2022-02-06,Expense,Savings,5081.0,Card,Hyderabad,Grocery shopping
T12744,U030,2024-10-02,Income,Bonus,75823.0,Upi,Bangalore,Gym membership
T9751,U012,2023-06-22,Income,Freelance,31120.0,Upi,Jaipur,No Notes
T2080,U087,2023-05-09,Expense,Utilities,7529.0,Card,Pune,asdfgh
T4349,U013,2024-10-08,Expense,Education,2771.0,Bank_Transfer,Kolkata,Internet bill
T1244,U008,2023-05-20,Expense,Travel,9686.0,Card,Ahmedabad,Restaurant dinner
T11672,U073,2022-09-05,Expense,Rent,3584.0,Unknown,Pune,Restaurant dinner
T7390,U146,2021-07-16,Expense,Rent,9042.0,Bank_Transfer,Lucknow,Medicine
T9830,U070,2023-04-28,Income,Investment,49059.0,Cash,Jaipur,Electricity bill
T9925,U144,2023-10-23,Expense,Education,8630.0,Cash,Ahmedabad,Books
T3358,U115,2022-06-15,Expense,Rent,6926.0,Cash,Kolkata,Coffee
T6504,U130,2021-07-26,Expense,Food,4356.0,Upi,Bangalore,No Notes
T12399,U083,2024-04-04,Expense,Rent,18668.0,Upi,Pune,xyz123
T4457,U139,2024-04-01,Expense,Health,4591.0,Upi,Mumbai,Coffee
T8931,U076,2024-03-08,Expense,Rent,279.0,Card,Lucknow,Monthly rent payment
T0397,U063,2023-12-21,Expense,Travel,7616.0,Cash,Mumbai,Doctor consultation
T0743,U013,2022-07-16,Expense,Rent,11372.0,Bank_Transfer,Unknown,Monthly rent payment
T0500,U038,2022-07-23,Expense,Others,3540.0,Upi,Jaipur,Coffee
T12407,U018,2023-12-09,Expense,Others,8221.0,Bank_Transfer,Hyderabad,ATM withdrawal
T4795,U043,2022-12-06,Expense,Entertainment,8571.0,Card,Delhi,Medicine
T11422,U039,2023-03-07,Expense,Utilities,2306.0,Card,Jaipur,EMI payment
T8022,U004,2023-04-08,Income,Investment,76991.0,Unknown,Chennai,No Notes
T12290,U092,2021-01-16,Expense,Food,1107.0,Card,Hyderabad,!!!
T7905,U053,2024-08-27,Expense,Travel,9775.0,Upi,Jaipur,Gym membership
T6134,U023,2021-11-26,Expense,Food,3900.0,Unknown,Kolkata,Books
T1493,U070,2022-09-20,Expense,Savings,6906.0,Cash,Lucknow,Monthly rent payment
T13309,U047,2021-06-20,Expense,Food,340.0,Bank_Transfer,Pune,Monthly rent payment
T3889,U093,2023-04-07,Expense,Entertainment,6224.0,Upi,Bangalore,Online course
T2338,U051,2023-04-20,Expense,Education,4242.0,Bank_Transfer,Unknown,Gym membership
T10514,U039,2022-11-09,Expense,Education,639.0,Cash,Ahmedabad,xyz123
T10337,U098,2023-12-29,Expense,Travel,1547.0,Bank_Transfer,Unknown,Coffee
T9043,U012,2024-02-06,Expense,Others,1881.0,Unknown,Unknown,Uber ride
T10489,U142,2021-05-31,Expense,Others,155.0,Cash,Ahmedabad,Petrol
T8169,U025,2022-12-27,Income,Freelance,37978.0,Cash,Lucknow,Gym membership
T10539,U149,2023-06-25,Expense,Travel,1040.0,Cash,Unknown,Gym membership
T9771,U149,2023-10-25,Income,Investment,44913.0,Upi,Jaipur,EMI payment
T3032,U147,2022-01-16,Expense,Travel,3621.0,Card,Ahmedabad,Books
T2866,U036,2023-11-11,Expense,Food,7582.0,Cash,Delhi,misc
T8905,U115,2024-10-28,Expense,Travel,9403.0,Bank_Transfer,Lucknow,Movie tickets
T13231,U118,2024-04-21,Expense,Education,1845.0,Bank_Transfer,Bangalore,!!!
T1180,U001,2023-04-17,Income,Investment,48060.0,Unknown,Kolkata,No Notes
T9100,U129,2023-04-10,Expense,Food,122.0,Unknown,Mumbai,Uber ride
T0363,U010,2022-07-13,Expense,Savings,791.0,Unknown,Delhi,No Notes
T12313,U131,2022-08-07,Income,Freelance,46846.0,Unknown,Unknown,No Notes
T9378,U137,2022-06-21,Income,Others,39248.0,Cash,Jaipur,Movie tickets
T13689,U146,2023-11-29,Expense,Rent,10666.0,Card,Lucknow,test
T7983,U138,2022-07-16,Expense,Utilities,1316.0,Bank_Transfer,Ahmedabad,Online course
T8548,U082,2023-05-04,Expense,Food,4364.0,Cash,Jaipur,Online course
T10064,U087,2024-04-17,Income,Freelance,78341.0,Unknown,Mumbai,Movie tickets
T9286,U103,2023-10-11,Expense,Food,3765.0,Upi,Bangalore,No Notes
T3843,U070,2023-08-10,Expense,Utilities,2375.0,Upi,Kolkata,xyz123
T9133,U035,2024-08-16,Expense,Utilities,9313.0,Cash,Jaipur,Train ticket
T8486,U149,2021-09-28,Expense,Health,6129.0,Cash,Unknown,...
T7447,U120,2023-05-26,Expense,Utilities,5835.0,Cash,Bangalore,Online course
T2727,U078,2023-11-14,Expense,Travel,7539.0,Card,Jaipur,Medicine
T4987,U086,2021-08-28,Expense,Rent,33245.0,Bank_Transfer,Pune,!!!
T9984,U114,2021-10-30,Expense,Food,576.0,Cash,Jaipur,Lunch
T9688,U143,2023-03-23,Income,Others,50255.0,Card,Lucknow,Petrol
T10482,U109,2023-06-08,Expense,Rent,46470.0,Bank_Transfer,Mumbai,misc
T13755,U080,2024-05-06,Expense,Utilities,6402.0,Upi,Lucknow,Restaurant dinner
T13615,U149,2022-06-28,Expense,Education,1671.0,Upi,Chennai,Internet bill
T2711,U086,2021-03-05,Expense,Rent,3371.0,Cash,Mumbai,Petrol
T12142,U103,2022-07-16,Income,Investment,360058.0,Card,Delhi,Petrol
T10540,U143,2021-05-25,Expense,Travel,4353.0,Upi,Unknown,misc
T0270,U113,2022-04-24,Expense,Utilities,993.0,Upi,Delhi,EMI payment
T11218,U116,2024-08-17,Expense,Rent,18396.0,Bank_Transfer,Lucknow,Monthly rent payment
T2669,U061,2023-02-10,Expense,Food,510.0,Bank_Transfer,Chennai,ATM withdrawal
T8617,U080,2024-07-26,Expense,Food,9358.0,Cash,Pune,Movie tickets
T4165,U028,2024-10-07,Expense,Entertainment,6435.0,Bank_Transfer,Hyderabad,test
T1336,U022,2022-10-28,Expense,Savings,9615.0,Cash,Lucknow,No Notes
T2490,U146,2021-04-01,Expense,Travel,6659.0,Upi,Unknown,xyz123
T7234,U061,2021-05-05,Expense,Food,8074.0,Cash,Jaipur,Coffee
T13004,U144,2021-08-24,Expense,Utilities,8309.0,Cash,Hyderabad,test
T4839,U016,2022-11-10,Expense,Education,1993.0,Card,Jaipur,misc
T6363,U141,2024-02-07,Expense,Food,5667.0,Bank_Transfer,Delhi,ATM withdrawal
T9663,U147,2023-06-15,Expense,Rent,8290.0,Card,Lucknow,!!!
T10936,U017,2021-11-02,Expense,Rent,993.0,Upi,Pune,No Notes
T3805,U067,2021-04-08,Expense,Food,231.0,Upi,Mumbai,Online course
T4435,U131,2022-03-20,Expense,Food,1731.0,Bank_Transfer,Mumbai,Uber ride
T11127,U009,2024-06-04,Expense,Entertainment,9061.0,Bank_Transfer,Chennai,No Notes
T13964,U046,2021-11-08,Income,Investment,32601.0,Upi,Bangalore,Electricity bill
T1353,U114,2021-01-29,Income,Freelance,41522.0,Upi,Ahmedabad,Electricity bill
T6364,U128,2021-10-27,Expense,Food,3755.0,Cash,Chennai,Books
T12597,U108,2024-05-23,Income,Freelance,50480.0,Cash,Delhi,Movie tickets
T13511,U076,2024-09-26,Expense,Savings,5210.0,Card,Ahmedabad,Uber ride
T4109,U114,2021-03-22,Expense,Food,9201.0,Cash,Jaipur,No Notes
T4725,U066,2023-12-17,Expense,Health,6307.0,Bank_Transfer,Delhi,Doctor consultation
T3147,U101,2023-10-26,Income,Others,53514.0,Card,Mumbai,Monthly rent payment
T7787,U147,2023-06-07,Expense,Food,400.0,Bank_Transfer,Ahmedabad,Shopping
T8275,U042,2024-10-23,Expense,Rent,5511.0,Card,Ahmedabad,No Notes
T0331,U137,2023-12-28,Expense,Food,587.0,Bank_Transfer,Delhi,Movie tickets
T13074,U033,2022-07-19,Income,Others,61140.0,Upi,Kolkata,Shopping
T11974,U053,2023-10-10,Expense,Utilities,9628.0,Card,Kolkata,Grocery shopping
T13645,U148,2024-09-22,Expense,Food,5908.0,Upi,Bangalore,Electricity bill
T7549,U127,2021-01-18,Expense,Health,7537.0,Cash,Lucknow,asdfgh
T13889,U107,2024-04-05,Expense,Food,3892.0,Upi,Hyderabad,No Notes
T7879,U072,2023-06-01,Expense,Rent,6176.0,Cash,Bangalore,Gym membership
T8301,U099,2022-07-21,Expense,Rent,45945.0,Card,Mumbai,No Notes
T0412,U143,2021-09-15,Expense,Rent,14330.0,Bank_Transfer,Mumbai,No Notes
T3481,U072,2024-02-11,Expense,Rent,32903.0,Bank_Transfer,Mumbai,Train ticket
T6629,U118,2024-06-08,Expense,Rent,735.0,Card,Delhi,No Notes
T5573,U136,2022-02-15,Expense,Rent,48793.0,Bank_Transfer,Kolkata,xyz123
T11568,U019,2023-01-22,Expense,Rent,17355.0,Card,Pune,Restaurant dinner
T5982,U112,2023-01-18,Expense,Food,2370.0,Upi,Mumbai,Doctor consultation
T7909,U066,2023-11-04,Expense,Entertainment,5199.0,Upi,Chennai,test
T9948,U009,2022-04-25,Expense,Rent,6440.0,Bank_Transfer,Lucknow,No Notes
T13732,U135,2024-04-19,Income,Salary,46790.0,Bank_Transfer,Bangalore,Internet bill
T5157,U140,2021-11-11,Expense,Others,6547.0,Bank_Transfer,Kolkata,Train ticket
T13169,U141,2021-12-15,Expense,Education,5354.0,Unknown,Hyderabad,Coffee
T5442,U091,2022-07-03,Expense,Entertainment,9282.0,Card,Delhi,ATM withdrawal
T6826,U047,2024-01-23,Expense,Education,5591.0,Upi,Mumbai,Restaurant dinner
T12068,U089,2024-09-18,Expense,Rent,2077.0,Card,Delhi,Train ticket
T1756,U022,2021-07-07,Expense,Utilities,4047.0,Card,Unknown,Lunch
T13311,U112,2023-12-21,Expense,Education,5808.0,Cash,Jaipur,!!!
T9618,U055,2024-03-11,Expense,Travel,9745.0,Upi,Kolkata,Electricity bill
T5605,U087,2021-09-22,Expense,Education,1651.0,Bank_Transfer,Ahmedabad,Movie tickets
T8841,U101,2021-01-21,Expense,Travel,1902.0,Bank_Transfer,Hyderabad,misc
T5482,U029,2023-05-31,Expense,Education,7093.0,Bank_Transfer,Hyderabad,Online course
T5385,U067,2023-01-14,Income,Freelance,19423.0,Unknown,Chennai,Movie tickets
T3722,U145,2021-02-11,Expense,Utilities,8937.0,Card,Chennai,Monthly rent payment
T9440,U150,2024-06-01,Expense,Food,7041.0,Cash,Lucknow,Uber ride
T10913,U096,2022-03-15,Expense,Travel,949.0,Cash,Lucknow,...
T8840,U137,2021-12-06,Income,Salary,29816.0,Card,Delhi,No Notes
T6268,U076,2024-12-01,Expense,Rent,34284.0,Cash,Unknown,!!!
T8762,U039,2024-09-21,Expense,Utilities,2204.0,Upi,Mumbai,Fixed deposit
T6974,U080,2023-01-18,Expense,Food,4505.0,Upi,Lucknow,Gym membership
T4863,U031,2021-03-13,Income,Others,25390.0,Upi,Ahmedabad,test
T6533,U055,2024-06-11,Expense,Food,3133.0,Bank_Transfer,Hyderabad,EMI payment
T6775,U094,2024-03-27,Expense,Rent,13149.0,Card,Unknown,No Notes
T1774,U053,2021-09-15,Expense,Travel,8339.0,Bank_Transfer,Unknown,No Notes
T6463,U067,2023-01-26,Income,Investment,43524.0,Upi,Hyderabad,No Notes
T0495,U014,2022-06-07,Income,Freelance,142875.0,Upi,Kolkata,Movie tickets
T7606,U107,2023-08-18,Expense,Food,1377.0,Bank_Transfer,Bangalore,misc
T7024,U117,2021-07-03,Expense,Food,8842.0,Cash,Jaipur,test
T1788,U007,2021-07-21,Expense,Health,6696.0,Card,Kolkata,Grocery shopping
T4811,U025,2023-05-29,Expense,Food,1892.0,Bank_Transfer,Mumbai,Shopping
T1252,U112,2023-11-19,Expense,Entertainment,8880.0,Cash,Delhi,Coffee
T5363,U054,2022-11-26,Expense,Food,937.0,Bank_Transfer,Chennai,asdfgh
T5086,U142,2023-03-27,Income,Freelance,64120.0,Cash,Jaipur,Medicine
T11273,U045,2023-11-09,Expense,Travel,2375.0,Bank_Transfer,Unknown,Movie tickets
T12276,U104,2021-03-24,Expense,Utilities,7563.0,Upi,Pune,Uber ride
T0072,U011,2024-03-16,Expense,Education,7481.0,Cash,Mumbai,Internet bill
T0297,U025,2021-12-27,Expense,Health,1107.0,Cash,Ahmedabad,ATM withdrawal
T2578,U045,2021-03-13,Expense,Others,9500.0,Bank_Transfer,Ahmedabad,xyz123
T13129,U020,2024-07-10,Expense,Food,518.0,Bank_Transfer,Unknown,test
T13971,U021,2024-05-11,Expense,Travel,8573.0,Card,Delhi,No Notes
T10307,U112,2023-08-31,Expense,Rent,15504.0,Bank_Transfer,Bangalore,Medicine
T3343,U077,2021-12-02,Expense,Entertainment,925.0,Cash,Bangalore,Uber ride
T9156,U039,2022-04-22,Expense,Food,8291.0,Card,Unknown,asdfgh
T7369,U127,2024-06-15,Income,Bonus,285939.0,Cash,Mumbai,Electricity bill
T10784,U112,2024-11-23,Expense,Education,3762.0,Bank_Transfer,Hyderabad,Coffee
T1566,U073,2021-11-16,Expense,Utilities,7998.0,Upi,Hyderabad,No Notes
T13691,U074,2023-04-24,Expense,Rent,44674.0,Card,Kolkata,Medicine
T3586,U086,2022-04-17,Expense,Food,999999.0,Bank_Transfer,Ahmedabad,!!!
T1597,U013,2023-03-05,Expense,Savings,6271.0,Upi,Mumbai,Petrol
T13665,U136,2023-12-22,Expense,Entertainment,114.0,Card,Hyderabad,Shopping
T3931,U109,2022-04-19,Income,Others,12226.0,Bank_Transfer,Ahmedabad,Coffee
T0299,U016,2024-01-30,Expense,Utilities,4723.0,Bank_Transfer,Pune,xyz123
T12008,U026,2024-11-29,Expense,Food,1239.0,Upi,Pune,EMI payment
T2447,U110,2023-01-08,Expense,Entertainment,5424.0,Bank_Transfer,Bangalore,No Notes
T10835,U053,2021-08-06,Expense,Rent,335.0,Card,Bangalore,No Notes
T11023,U100,2022-01-30,Expense,Food,1239.0,Bank_Transfer,Bangalore,Medicine
T6243,U030,2024-12-05,Expense,Food,6149.0,Cash,Pune,Coffee
T5047,U069,2023-05-31,Expense,Travel,4061.0,Card,Kolkata,No Notes
T10076,U042,2021-08-28,Expense,Travel,5964.0,Card,Jaipur,Restaurant dinner
T4871,U116,2024-08-05,Expense,Food,3758.0,Card,Lucknow,Electricity bill
T2170,U092,2021-07-16,Expense,Education,9322.0,Upi,Pune,Coffee
T12688,U069,2022-07-04,Expense,Rent,39620.0,Card,Hyderabad,Electricity bill
T1680,U037,2022-07-16,Expense,Travel,5983.0,Bank_Transfer,Chennai,ATM withdrawal
T7159,U088,2021-12-27,Expense,Travel,4678.0,Cash,Ahmedabad,Petrol
T1690,U127,2021-02-11,Expense,Education,2012.0,Card,Unknown,Internet bill
T2034,U096,2022-06-02,Expense,Food,3618.0,Card,Ahmedabad,No Notes
T7866,U017,2021-12-18,Expense,Entertainment,6511.0,Bank_Transfer,Unknown,No Notes
T0166,U015,2022-03-26,Income,Freelance,57026.0,Unknown,Lucknow,Shopping
T1825,U065,2022-07-15,Expense,Travel,4725.0,Unknown,Jaipur,Fixed deposit
T1492,U047,2021-05-15,Income,Bonus,112085.0,Card,Chennai,No Notes
T8255,U132,2023-12-28,Income,Bonus,57627.0,Cash,Chennai,ATM withdrawal
T8509,U023,2023-06-04,Expense,Rent,1301.0,Cash,Lucknow,Monthly rent payment
T5541,U150,2024-10-25,Expense,Savings,7036.0,Upi,Unknown,Uber ride
T5561,U098,2023-08-27,Expense,Food,7916.0,Upi,Ahmedabad,No Notes
T11358,U039,2021-06-27,Expense,Others,6136.0,Card,Chennai,No Notes
T10995,U032,2023-02-19,Expense,Rent,45912.0,Upi,Kolkata,Restaurant dinner
T8191,U123,2023-12-10,Expense,Entertainment,2703.0,Unknown,Kolkata,Shopping
T1359,U040,2024-04-30,Expense,Food,7644.0,Upi,Ahmedabad,No Notes
T7949,U120,2021-05-08,Expense,Food,7932.0,Bank_Transfer,Bangalore,Doctor consultation
T2494,U099,2023-10-01,Expense,Food,4670.0,Cash,Bangalore,Restaurant dinner
T12542,U044,2024-10-16,Expense,Rent,8846.0,Bank_Transfer,Lucknow,Shopping
T9692,U096,2023-10-14,Expense,Food,9303.0,Upi,Pune,Petrol
T7439,U066,2022-11-05,Expense,Rent,46063.0,Upi,Jaipur,Train ticket
T6651,U102,2023-02-05,Expense,Travel,6737.0,Card,Lucknow,No Notes
T0971,U025,2022-05-04,Expense,Rent,1568.0,Cash,Lucknow,Uber ride
T8869,U102,2021-09-01,Income,Others,74830.0,Card,Lucknow,Gym membership
T13230,U023,2024-09-26,Expense,Entertainment,8903.0,Bank_Transfer,Bangalore,Electricity bill
T10388,U124,2021-08-01,Expense,Utilities,1663.0,Unknown,Kolkata,Monthly rent payment
T5836,U137,2021-04-30,Expense,Entertainment,887.0,Unknown,Ahmedabad,Coffee
T1172,U051,2022-04-18,Expense,Food,8766.0,Upi,Bangalore,Fixed deposit
T8922,U076,2021-06-26,Expense,Food,3695.0,Cash,Bangalore,test
T6375,U083,2024-04-15,Expense,Entertainment,213.0,Bank_Transfer,Hyderabad,!!!
T1832,U034,2024-05-20,Expense,Utilities,2880.0,Card,Pune,No Notes
T2233,U032,2021-01-12,Expense,Health,2593.0,Upi,Jaipur,Books
T3854,U032,2022-10-16,Expense,Travel,6895.0,Cash,Kolkata,!!!
T9536,U124,2022-10-02,Expense,Entertainment,5108.0,Bank_Transfer,Chennai,Grocery shopping
T1593,U085,2022-06-11,Income,Salary,740026.0,Card,Mumbai,No Notes
T9835,U063,2024-09-21,Expense,Entertainment,5150.0,Upi,Jaipur,No Notes
T2860,U068,2024-01-19,Expense,Food,3519.0,Unknown,Bangalore,Train ticket
T9052,U035,2024-07-31,Income,Salary,911154.0,Bank_Transfer,Bangalore,Grocery shopping
T6829,U018,2022-02-13,Expense,Food,703.0,Upi,Jaipur,!!!
T10601,U134,2024-08-12,Expense,Food,2788.0,Bank_Transfer,Mumbai,xyz123
T8780,U070,2021-08-30,Expense,Travel,2002.0,Bank_Transfer,Ahmedabad,Grocery shopping
T1820,U018,2021-02-25,Expense,Others,6686.0,Upi,Kolkata,Coffee
T6438,U123,2021-02-11,Expense,Others,7164.0,Bank_Transfer,Bangalore,!!!
T8939,U140,2021-04-05,Expense,Travel,4433.0,Upi,Ahmedabad,Monthly rent payment
T13492,U055,2021-03-04,Expense,Food,1196.0,Cash,Hyderabad,Fixed deposit
T11971,U132,2022-02-02,Expense,Others,7238.0,Upi,Kolkata,Books
T1944,U105,2022-01-12,Expense,Others,1275.0,Card,Hyderabad,Doctor consultation
T10332,U025,2024-01-14,Expense,Rent,7195.0,Upi,Mumbai,ATM withdrawal
T0150,U016,2023-03-27,Expense,Food,6690.0,Upi,Jaipur,Books
T8237,U050,2023-05-16,Expense,Utilities,2718.0,Upi,Pune,ATM withdrawal
T9345,U061,2023-02-09,Expense,Utilities,5069.0,Upi,Lucknow,asdfgh
T6199,U150,2021-06-12,Expense,Utilities,7956.0,Cash,Hyderabad,Electricity bill
T4433,U119,2021-02-24,Expense,Rent,7368.0,Upi,Bangalore,No Notes
T8104,U057,2022-07-01,Expense,Travel,4856.0,Upi,Unknown,test
T12293,U101,2021-02-25,Expense,Rent,47775.0,Cash,Mumbai,Restaurant dinner
T7838,U122,2021-05-24,Expense,Travel,4687.0,Cash,Mumbai,No Notes
T13239,U066,2024-09-23,Expense,Food,7218.0,Bank_Transfer,Delhi,Online course
T4144,U059,2022-10-14,Expense,Rent,30161.0,Card,Bangalore,Medicine
T3613,U105,2023-11-19,Expense,Rent,28443.0,Card,Kolkata,Monthly rent payment
T0218,U047,2024-03-07,Income,Bonus,48096.0,Card,Hyderabad,No Notes
T12058,U117,2022-09-26,Expense,Food,2846.0,Upi,Bangalore,Internet bill
T1423,U057,2023-05-10,Income,Others,41149.0,Cash,Bangalore,Monthly rent payment
T12102,U103,2022-10-29,Expense,Entertainment,3518.0,Bank_Transfer,Unknown,No Notes
T5720,U073,2023-03-27,Income,Salary,10205.0,Upi,Hyderabad,Monthly rent payment
T7802,U115,2022-09-26,Expense,Health,5682.0,Cash,Ahmedabad,No Notes
T2393,U129,2021-10-12,Expense,Entertainment,836.0,Bank_Transfer,Chennai,Internet bill
T9127,U006,2023-10-19,Expense,Travel,5955.0,Upi,Pune,Monthly rent payment
T6361,U040,2024-05-03,Income,Salary,581306.0,Cash,Unknown,Train ticket
T3012,U076,2023-10-08,Expense,Travel,1964.0,Cash,Kolkata,No Notes
T5670,U099,2021-07-30,Income,Investment,28198.0,Cash,Kolkata,test
T3894,U080,2021-12-19,Expense,Rent,9664.0,Card,Bangalore,Lunch
T3999,U046,2023-05-11,Expense,Travel,1540.0,Card,Lucknow,asdfgh
T1034,U044,2024-03-02,Expense,Travel,2787.0,Card,Chennai,xyz123
T9956,U014,2022-08-13,Expense,Food,4860.0,Card,Pune,Lunch
T1604,U066,2021-09-11,Expense,Travel,3752.0,Bank_Transfer,Delhi,!!!
T12945,U102,2024-12-01,Income,Bonus,57861.0,Bank_Transfer,Lucknow,EMI payment
T8930,U047,2021-03-10,Expense,Food,4918.0,Cash,Chennai,Restaurant dinner
T9513,U087,2024-05-06,Expense,Others,2372.0,Bank_Transfer,Pune,EMI payment
T8348,U095,2023-03-09,Expense,Rent,10141.0,Cash,Jaipur,Books
T5826,U047,2021-03-23,Expense,Travel,9612.0,Bank_Transfer,Chennai,Lunch
T9805,U032,2022-03-28,Expense,Food,515.0,Cash,Jaipur,Online course
T10390,U045,2024-09-10,Expense,Rent,4682.0,Upi,Pune,No Notes
T6630,U124,2021-10-18,Expense,Health,9178.0,Card,Lucknow,ATM withdrawal
T7429,U065,2022-08-09,Expense,Utilities,2168.0,Bank_Transfer,Ahmedabad,Train ticket
T9635,U086,2022-05-31,Expense,Entertainment,6136.0,Card,Jaipur,EMI payment
T5830,U144,2022-03-01,Expense,Savings,6609.0,Upi,Chennai,Restaurant dinner
T2797,U090,2024-11-06,Expense,Rent,2802.0,Upi,Hyderabad,No Notes
T0092,U087,2024-02-29,Income,Bonus,64602.0,Unknown,Jaipur,ATM withdrawal
T5151,U149,2022-04-26,Expense,Utilities,1329.0,Card,Bangalore,!!!
T1552,U025,2022-06-09,Income,Freelance,48760.0,Upi,Pune,!!!
T11864,U080,2023-11-08,Expense,Others,3603.0,Card,Hyderabad,Coffee
T10177,U138,2023-07-15,Expense,Food,4069.0,Cash,Kolkata,test
T0114,U148,2024-05-09,Expense,Food,4320.0,Card,Mumbai,No Notes
T6071,U013,2022-11-21,Expense,Education,5179.0,Card,Delhi,Train ticket
T9289,U061,2021-04-26,Expense,Utilities,9305.0,Upi,Bangalore,No Notes
T6993,U019,2023-07-31,Expense,Rent,18710.0,Card,Bangalore,No Notes
T7846,U142,2024-07-05,Expense,Food,8286.0,Cash,Pune,Electricity bill
T6473,U059,2022-03-11,Income,Others,51604.0,Bank_Transfer,Lucknow,Fixed deposit
T11744,U082,2024-02-24,Income,Salary,41199.0,Unknown,Lucknow,No Notes
T4842,U116,2022-08-07,Expense,Rent,5716.0,Cash,Unknown,Electricity bill
T13814,U140,2023-08-22,Income,Others,33082.0,Bank_Transfer,Bangalore,Lunch
T1890,U110,2021-03-13,Expense,Rent,21048.0,Upi,Mumbai,Grocery shopping
T11498,U105,2021-01-13,Expense,Food,2287.0,Cash,Lucknow,No Notes
T10309,U112,2024-02-09,Expense,Food,9231.0,Upi,Pune,Petrol
T6439,U111,2024-04-16,Expense,Food,2099.0,Bank_Transfer,Mumbai,Medicine
T6279,U030,2024-11-28,Expense,Food,2461.0,Card,Unknown,No Notes
T3052,U026,2024-02-25,Expense,Rent,5162.0,Card,Chennai,Internet bill
T3064,U037,2021-03-20,Income,Others,44161.0,Card,Unknown,No Notes
T6115,U051,2021-10-12,Expense,Travel,1616.0,Upi,Jaipur,Online course
T4160,U036,2023-01-28,Income,Freelance,32104.0,Cash,Hyderabad,misc
T2358,U074,2022-03-15,Income,Bonus,70687.0,Unknown,Ahmedabad,No Notes
T9164,U094,2023-07-12,Expense,Rent,8582.0,Bank_Transfer,Hyderabad,Monthly rent payment
T3630,U052,2024-08-27,Expense,Utilities,4389.0,Bank_Transfer,Chennai,Online course
T8862,U140,2021-05-28,Expense,Health,6652.0,Cash,Unknown,misc
T8377,U141,2022-09-22,Expense,Food,5133.0,Bank_Transfer,Mumbai,Petrol
T2800,U056,2022-05-01,Expense,Rent,46587.0,Upi,Jaipur,Grocery shopping
T1460,U125,2022-04-15,Expense,Utilities,9867.0,Upi,Jaipur,Shopping
T9095,U044,2022-10-14,Expense,Rent,18297.0,Upi,Chennai,No Notes
T1717,U012,2021-10-17,Expense,Utilities,7175.0,Bank_Transfer,Kolkata,test
T10529,U129,2024-04-14,Expense,Rent,4212.0,Bank_Transfer,Hyderabad,Doctor consultation
T0261,U019,2021-06-09,Income,Freelance,78969.0,Card,Pune,Movie tickets
T10042,U004,2021-08-30,Expense,Utilities,8704.0,Upi,Lucknow,xyz123
T3442,U070,2022-07-17,Income,Investment,17401.0,Bank_Transfer,Pune,Internet bill
T12426,U062,2021-10-21,Expense,Entertainment,7103.0,Cash,Lucknow,xyz123
T0295,U090,2021-12-16,Expense,Travel,1852.0,Bank_Transfer,Chennai,Internet bill
T7362,U050,2022-05-08,Expense,Travel,1052.0,Cash,Lucknow,misc
T10065,U057,2023-01-04,Expense,Savings,433.0,Bank_Transfer,Kolkata,EMI payment
T7182,U094,2021-10-25,Expense,Education,1312.0,Bank_Transfer,Delhi,EMI payment
T9212,U083,2022-05-08,Expense,Food,1617.0,Card,Jaipur,Grocery shopping
T5266,U032,2021-01-15,Expense,Rent,7973.0,Cash,Mumbai,Monthly rent payment
T9555,U097,2024-12-13,Expense,Travel,4138.0,Upi,Jaipur,ATM withdrawal
T7543,U098,2022-01-21,Expense,Others,1087.0,Cash,Bangalore,xyz123
T11907,U037,2021-07-12,Expense,Rent,485.0,Card,Chennai,No Notes
T0610,U135,2024-01-26,Expense,Food,4541.0,Card,Chennai,misc
T2824,U124,2023-05-07,Income,Bonus,12888.0,Bank_Transfer,Hyderabad,xyz123
T6950,U123,2021-04-14,Expense,Food,1736.0,Upi,Mumbai,Electricity bill
T5397,U009,2023-05-26,Expense,Entertainment,8127.0,Cash,Delhi,!!!
T0910,U097,2023-01-08,Income,Others,65264.0,Bank_Transfer,Kolkata,...
T2883,U118,2022-05-09,Expense,Food,2736.0,Card,Lucknow,Online course
T12133,U041,2021-06-07,Expense,Health,7174.0,Card,Unknown,No Notes
T5394,U055,2021-08-07,Expense,Utilities,5420.0,Bank_Transfer,Pune,Train ticket
T2935,U118,2021-08-03,Expense,Food,819.0,Cash,Hyderabad,Petrol
T9168,U041,2022-05-08,Expense,Food,1904.0,Upi,Mumbai,No Notes
T5714,U077,2022-03-31,Expense,Utilities,5965.0,Cash,Jaipur,ATM withdrawal
T12625,U094,2024-11-16,Expense,Travel,6822.0,Upi,Mumbai,misc
T11366,U003,2022-04-14,Expense,Food,8157.0,Upi,Pune,...
T13303,U022,2021-03-17,Expense,Utilities,3876.0,Unknown,Chennai,!!!
T0870,U130,2024-12-26,Expense,Education,6428.0,Unknown,Ahmedabad,ATM withdrawal
T0513,U004,2023-03-05,Expense,Rent,24628.0,Cash,Mumbai,Uber ride
T9980,U080,2023-07-26,Income,Investment,39501.0,Cash,Bangalore,asdfgh
T2735,U146,2024-12-03,Expense,Entertainment,2120.0,Bank_Transfer,Bangalore,Internet bill
T8531,U110,2024-05-01,Expense,Utilities,5268.0,Cash,Pune,Coffee
T0360,U089,2024-08-27,Expense,Utilities,6888.0,Card,Jaipur,Train ticket
T0378,U014,2021-03-15,Expense,Entertainment,8208.0,Bank_Transfer,Bangalore,Restaurant dinner
T3003,U014,2023-06-08,Expense,Food,4748.0,Cash,Unknown,No Notes
T9889,U135,2021-10-24,Income,Investment,33185.0,Card,Delhi,Grocery shopping
T11944,U115,2022-06-21,Expense,Travel,2074.0,Bank_Transfer,Jaipur,Medicine
T12079,U119,2021-05-06,Expense,Food,9634.0,Bank_Transfer,Pune,EMI payment
T12160,U129,2021-04-23,Income,Bonus,76874.0,Card,Chennai,!!!
T13612,U015,2021-11-30,Income,Others,28010.0,Upi,Chennai,...
T13644,U142,2022-09-16,Expense,Food,1063.0,Bank_Transfer,Chennai,Grocery shopping
T2767,U031,2021-04-19,Expense,Food,2817.0,Card,Delhi,Lunch
T5383,U027,2021-02-01,Expense,Food,3805.0,Cash,Bangalore,Grocery shopping
T5120,U075,2021-03-26,Expense,Entertainment,3204.0,Cash,Bangalore,Books
T12917,U007,2021-12-15,Expense,Food,2821.0,Bank_Transfer,Unknown,Doctor consultation
T0894,U028,2022-06-19,Expense,Entertainment,4776.0,Unknown,Pune,No Notes
T1981,U062,2022-05-29,Expense,Travel,4658.0,Card,Mumbai,Electricity bill
T6854,U078,2022-12-03,Expense,Rent,4284.0,Bank_Transfer,Kolkata,misc
T13728,U003,2024-07-18,Expense,Travel,134.0,Bank_Transfer,Jaipur,Medicine
T12945,U009,2024-02-09,Expense,Rent,3317.0,Upi,Lucknow,...
T3785,U104,2021-10-01,Expense,Food,3602.0,Card,Delhi,Electricity bill
T11646,U099,2022-09-28,Expense,Health,3272.0,Card,Mumbai,Doctor consultation
T0016,U145,2021-05-31,Expense,Food,4102.0,Upi,Jaipur,EMI payment
T0078,U096,2021-07-30,Expense,Food,2284.0,Cash,Hyderabad,Monthly rent payment
T4892,U116,2022-12-08,Expense,Food,690.0,Bank_Transfer,Jaipur,No Notes
T3700,U147,2024-07-19,Expense,Education,8270.0,Bank_Transfer,Lucknow,ATM withdrawal
T13646,U076,2021-10-01,Income,Others,50568.0,Unknown,Pune,No Notes
T1769,U086,2022-09-21,Expense,Utilities,2134.0,Unknown,Chennai,Electricity bill
T5958,U032,2024-02-17,Expense,Entertainment,4156.0,Bank_Transfer,Hyderabad,No Notes
T12966,U021,2023-10-19,Expense,Utilities,4347.0,Card,Jaipur,EMI payment
T7522,U079,2024-05-05,Expense,Travel,6639.0,Card,Hyderabad,No Notes
T13639,U108,2022-01-26,Income,Investment,32559.0,Unknown,Jaipur,No Notes
T12135,U004,2024-08-16,Expense,Education,9378.0,Card,Mumbai,No Notes
T0112,U006,2023-07-08,Expense,Food,2885.0,Cash,Pune,Monthly rent payment
T11552,U102,2023-06-04,Income,Freelance,631644.0,Cash,Pune,Restaurant dinner
T1810,U011,2024-07-21,Expense,Rent,3257.0,Upi,Bangalore,Uber ride
T4309,U131,2022-03-17,Expense,Rent,7766.0,Bank_Transfer,Pune,xyz123
T2670,U083,2022-11-04,Expense,Health,9527.0,Upi,Chennai,Doctor consultation
T13282,U083,2024-07-15,Expense,Travel,7593.0,Cash,Ahmedabad,ATM withdrawal
T2823,U077,2024-01-30,Expense,Rent,5394.0,Bank_Transfer,Ahmedabad,Uber ride
T4120,U142,2022-04-24,Expense,Utilities,5298.0,Bank_Transfer,Mumbai,No Notes
T7851,U054,2023-08-03,Expense,Entertainment,2853.0,Cash,Delhi,Movie tickets
T5681,U024,2023-01-02,Expense,Health,4366.0,Bank_Transfer,Delhi,Grocery shopping
T12691,U013,2023-09-29,Expense,Food,2402.0,Card,Mumbai,...
T3340,U016,2021-10-07,Expense,Food,329.0,Bank_Transfer,Hyderabad,Electricity bill
T1993,U047,2024-10-07,Expense,Travel,9709.0,Bank_Transfer,Delhi,Petrol
T6704,U078,2022-01-10,Expense,Food,4277.0,Bank_Transfer,Unknown,Medicine
T13000,U018,2024-07-21,Expense,Entertainment,5304.0,Unknown,Unknown,Movie tickets
T12553,U140,2021-09-10,Expense,Utilities,242.0,Upi,Ahmedabad,Fixed deposit
T0816,U065,2024-01-05,Income,Others,10833.0,Card,Delhi,Online course
T3869,U051,2021-08-17,Expense,Rent,9207.0,Cash,Mumbai,Doctor consultation
T3968,U122,2022-06-06,Expense,Rent,1513.0,Bank_Transfer,Ahmedabad,...
T2641,U062,2021-01-18,Expense,Rent,3300.0,Upi,Ahmedabad,No Notes
T1342,U075,2024-05-03,Expense,Utilities,4591.0,Cash,Pune,Internet bill
T3860,U102,2024-12-15,Expense,Food,103.0,Card,Ahmedabad,No Notes
T0902,U145,2024-12-19,Expense,Others,1177.0,Cash,Lucknow,No Notes
T1995,U150,2021-11-13,Expense,Savings,530.0,Upi,Bangalore,Uber ride
T6474,U122,2022-02-21,Expense,Education,2560.0,Card,Ahmedabad,Train ticket
T3834,U103,2023-06-20,Expense,Education,3205.0,Upi,Pune,ATM withdrawal
T11206,U010,2023-07-08,Expense,Rent,1996.0,Upi,Mumbai,Medicine
T8581,U015,2021-02-16,Income,Freelance,59364.0,Upi,Jaipur,Uber ride
T7053,U020,2021-01-02,Expense,Travel,7062.0,Cash,Delhi,Electricity bill
T6000,U105,2021-06-15,Expense,Food,300.0,Unknown,Ahmedabad,Lunch
T4294,U103,2021-01-25,Expense,Savings,3252.0,Upi,Ahmedabad,EMI payment
T6455,U147,2023-03-27,Expense,Food,113.0,Bank_Transfer,Mumbai,Petrol
T0096,U064,2022-07-12,Expense,Travel,849.0,Upi,Bangalore,No Notes
T5914,U066,2024-02-29,Income,Salary,39221.0,Bank_Transfer,Chennai,Uber ride
T0206,U075,2024-09-10,Expense,Entertainment,5381.0,Bank_Transfer,Pune,Grocery shopping
T7233,U119,2023-02-11,Expense,Utilities,533.0,Upi,Lucknow,Internet bill
T7250,U129,2021-10-04,Income,Salary,18141.0,Upi,Jaipur,xyz123
T4463,U050,2023-04-13,Expense,Travel,3465.0,Card,Mumbai,Restaurant dinner
T11836,U103,2021-06-23,Expense,Rent,2392.0,Card,Chennai,Medicine
T1768,U120,2023-12-12,Expense,Food,975.0,Upi,Chennai,misc
T2576,U001,2022-10-22,Expense,Travel,4510.0,Bank_Transfer,Chennai,Coffee
T1891,U027,2024-08-01,Expense,Savings,3582.0,Upi,Chennai,No Notes
T2509,U135,2021-05-19,Expense,Travel,7397.0,Upi,Ahmedabad,Internet bill
T7873,U084,2023-06-07,Expense,Utilities,3269.0,Upi,Mumbai,asdfgh
T9261,U142,2021-11-11,Expense,Travel,7041.0,Bank_Transfer,Pune,Doctor consultation
T5570,U061,2021-06-30,Expense,Entertainment,3988.0,Upi,Bangalore,asdfgh
T3231,U119,2021-06-08,Income,Investment,11310.0,Card,Ahmedabad,Restaurant dinner
T13987,U124,2023-08-09,Expense,Utilities,8964.0,Upi,Lucknow,Grocery shopping
T6044,U037,2023-12-10,Expense,Health,4632.0,Upi,Kolkata,No Notes
T1558,U043,2022-02-25,Expense,Food,8521.0,Cash,Lucknow,Gym membership
T4494,U077,2023-07-25,Expense,Rent,1568.0,Card,Pune,No Notes
T3031,U054,2024-12-16,Expense,Health,2402.0,Upi,Chennai,No Notes
T4051,U059,2024-11-27,Expense,Food,6738.0,Upi,Kolkata,No Notes
T13249,U061,2023-09-07,Expense,Education,839.0,Bank_Transfer,Kolkata,Medicine
T1111,U040,2022-12-28,Expense,Education,4333.0,Bank_Transfer,Hyderabad,Grocery shopping
T12003,U078,2022-05-24,Expense,Health,8486.0,Upi,Hyderabad,Fixed deposit
T7928,U040,2024-12-24,Expense,Education,9805.0,Card,Kolkata,Fixed deposit
T5013,U049,2021-11-02,Expense,Travel,5866.0,Card,Delhi,Gym membership
T9903,U033,2022-02-08,Expense,Travel,9382.0,Bank_Transfer,Ahmedabad,Train ticket
T7201,U079,2024-04-17,Expense,Travel,785.0,Bank_Transfer,Chennai,Coffee
T12011,U118,2023-11-20,Expense,Food,3896.0,Cash,Jaipur,xyz123
T0391,U107,2021-08-28,Income,Others,35192.0,Card,Hyderabad,No Notes
T9752,U070,2021-07-12,Expense,Health,6664.0,Upi,Delhi,No Notes
T2688,U109,2022-09-06,Expense,Food,4605.0,Cash,Lucknow,Restaurant dinner
T6977,U017,2024-06-28,Expense,Utilities,150.0,Cash,Ahmedabad,No Notes
T5761,U057,2021-04-04,Income,Bonus,69376.0,Cash,Bangalore,Monthly rent payment
T0666,U058,2022-10-31,Expense,Utilities,9551.0,Card,Unknown,Fixed deposit
T11630,U083,2023-02-15,Expense,Utilities,8104.0,Cash,Lucknow,misc
T3868,U023,2023-12-30,Expense,Travel,3567.0,Upi,Hyderabad,Fixed deposit
T2084,U001,2024-01-08,Expense,Education,295.0,Cash,Hyderabad,No Notes
T6086,U113,2023-10-13,Expense,Food,8311.0,Upi,Hyderabad,Online course
T8554,U140,2024-07-30,Expense,Travel,9632.0,Upi,Lucknow,ATM withdrawal
T6264,U056,2023-04-08,Expense,Education,4029.0,Upi,Kolkata,Medicine
T11215,U058,2024-12-01,Expense,Entertainment,7782.0,Bank_Transfer,Hyderabad,Movie tickets
T5100,U056,2024-10-17,Expense,Health,610.0,Cash,Lucknow,Movie tickets
T7595,U061,2024-06-13,Expense,Food,2594.0,Card,Mumbai,Petrol
T5249,U148,2022-05-24,Expense,Rent,2890.0,Upi,Ahmedabad,Petrol
T1753,U040,2022-05-19,Expense,Rent,32851.0,Unknown,Pune,Online course
T3941,U139,2024-06-10,Expense,Food,1477.0,Bank_Transfer,Lucknow,...
T10646,U114,2021-02-06,Expense,Travel,2424.0,Upi,Pune,Internet bill
T9927,U089,2021-03-31,Expense,Utilities,7494.0,Bank_Transfer,Bangalore,Electricity bill
T13970,U052,2021-07-29,Expense,Food,2329.0,Upi,Hyderabad,Uber ride
T4607,U143,2021-01-02,Expense,Utilities,150.0,Upi,Bangalore,...
T13053,U091,2024-04-06,Expense,Entertainment,643.0,Upi,Lucknow,Coffee
T9188,U141,2023-06-22,Expense,Travel,3041.0,Bank_Transfer,Mumbai,Movie tickets
T7701,U120,2024-10-30,Expense,Rent,9692.0,Upi,Bangalore,misc
T8007,U132,2024-12-24,Expense,Travel,4421.0,Upi,Pune,ATM withdrawal
T10359,U119,2022-02-16,Expense,Entertainment,3301.0,Bank_Transfer,Lucknow,Online course
T13166,U043,2023-02-13,Expense,Entertainment,2660.0,Cash,Bangalore,No Notes
T12463,U106,2021-02-06,Expense,Entertainment,8580.0,Cash,Jaipur,Uber ride
T1501,U035,2021-02-06,Income,Others,10101.0,Upi,Mumbai,No Notes
T7324,U081,2023-09-25,Expense,Food,3862.0,Unknown,Pune,No Notes
T13110,U106,2021-12-05,Expense,Travel,5308.0,Upi,Jaipur,Coffee
T11649,U021,2024-02-21,Income,Salary,10082.0,Cash,Kolkata,xyz123
T12017,U003,2024-06-06,Expense,Others,1623.0,Bank_Transfer,Chennai,Medicine
T9382,U015,2023-12-24,Expense,Food,4299.0,Upi,Bangalore,Petrol
T0606,U101,2024-05-25,Expense,Others,7618.0,Bank_Transfer,Delhi,Gym membership
T3035,U113,2023-03-24,Income,Freelance,42808.0,Cash,Delhi,Train ticket
T7181,U036,2024-11-04,Expense,Rent,6377.0,Cash,Pune,Coffee
T1223,U029,2023-09-03,Expense,Food,2949.0,Upi,Ahmedabad,Gym membership
T3607,U046,2021-07-29,Expense,Rent,34952.0,Cash,Ahmedabad,Books
T0182,U051,2023-09-08,Expense,Health,8108.0,Upi,Kolkata,Online course
T5017,U127,2023-03-11,Income,Salary,36037.0,Upi,Ahmedabad,Coffee
T7952,U032,2023-02-02,Expense,Entertainment,4691.0,Card,Jaipur,Lunch
T2670,U082,2023-05-19,Expense,Food,8143.0,Card,Hyderabad,test
T11388,U058,2024-09-11,Income,Investment,68676.0,Card,Delhi,!!!
T1615,U119,2023-02-05,Expense,Rent,2008.0,Card,Chennai,Uber ride
T1437,U041,2023-04-05,Income,Others,61829.0,Cash,Delhi,Movie tickets
T0181,U096,2023-11-22,Expense,Utilities,8689.0,Card,Ahmedabad,Electricity bill
T8279,U092,2024-04-04,Expense,Food,2221.0,Bank_Transfer,Bangalore,EMI payment
T6730,U066,2021-04-03,Expense,Travel,7426.0,Cash,Chennai,No Notes
T0225,U036,2022-04-17,Expense,Rent,9963.0,Upi,Ahmedabad,No Notes
T9943,U064,2023-10-13,Expense,Rent,9185.0,Card,Bangalore,No Notes
T13184,U037,2024-05-20,Expense,Food,1113.0,Cash,Bangalore,ATM withdrawal
T6427,U050,2022-03-24,Expense,Utilities,1880.0,Cash,Unknown,Fixed deposit
T6806,U097,2024-08-23,Expense,Food,2396.0,Upi,Lucknow,Medicine
T5418,U080,2022-10-12,Expense,Rent,37626.0,Cash,Ahmedabad,test
T7775,U049,2024-11-24,Expense,Education,999999.0,Card,Pune,Electricity bill
T9377,U076,2024-07-26,Expense,Travel,9328.0,Unknown,Chennai,Online course
T12974,U127,2021-12-29,Expense,Travel,6588.0,Bank_Transfer,Jaipur,No Notes
T6795,U136,2024-12-07,Expense,Food,8525.0,Card,Chennai,Medicine
T13204,U055,2024-05-12,Expense,Entertainment,6148.0,Upi,Lucknow,Monthly rent payment
T2193,U063,2023-09-02,Expense,Others,3012.0,Unknown,Mumbai,xyz123
T5491,U028,2023-09-26,Expense,Utilities,5476.0,Card,Hyderabad,...
T2428,U027,2023-09-11,Expense,Entertainment,9671.0,Cash,Chennai,Doctor consultation
T10547,U116,2024-02-11,Expense,Rent,7856.0,Upi,Kolkata,Internet bill
T12122,U044,2022-03-22,Expense,Travel,1488.0,Card,Mumbai,asdfgh
T13306,U063,2023-11-16,Expense,Entertainment,3093.0,Card,Delhi,Petrol
T12877,U063,2021-09-08,Expense,Food,3616.0,Bank_Transfer,Lucknow,misc
T2898,U017,2023-12-04,Expense,Utilities,2074.0,Upi,Kolkata,Lunch
T5638,U036,2024-05-15,Expense,Travel,5087.0,Card,Lucknow,Petrol
T4058,U108,2021-03-29,Expense,Rent,722.0,Bank_Transfer,Ahmedabad,ATM withdrawal
T4808,U141,2021-03-05,Expense,Food,391.0,Cash,Pune,Lunch
T4568,U008,2022-12-22,Expense,Food,335.0,Card,Hyderabad,Shopping
T12975,U140,2023-01-22,Expense,Food,3554.0,Bank_Transfer,Ahmedabad,ATM withdrawal
T7765,U041,2021-06-23,Expense,Food,3909.0,Cash,Hyderabad,No Notes
T2268,U093,2023-08-07,Expense,Entertainment,2278.0,Card,Ahmedabad,misc
T8999,U142,2022-02-18,Expense,Food,1575.0,Unknown,Pune,Fixed deposit
T2851,U144,2021-11-21,Expense,Rent,18845.0,Card,Lucknow,Gym membership
T10283,U123,2023-12-10,Expense,Health,3952.0,Card,Hyderabad,No Notes
T10499,U024,2023-03-16,Expense,Education,9268.0,Unknown,Bangalore,...
T7733,U135,2022-04-02,Expense,Travel,895.0,Card,Mumbai,test
T3498,U143,2021-02-28,Expense,Health,2303.0,Card,Unknown,Monthly rent payment
T10448,U051,2021-06-25,Expense,Health,6404.0,Cash,Bangalore,Monthly rent payment
T13063,U113,2023-04-16,Expense,Travel,4099.0,Cash,Lucknow,Movie tickets
T4743,U036,2021-10-05,Expense,Travel,6946.0,Bank_Transfer,Kolkata,Monthly rent payment
T3969,U112,2023-08-12,Income,Bonus,62765.0,Unknown,Jaipur,No Notes
T6849,U014,2023-08-18,Expense,Rent,8035.0,Card,Pune,xyz123
T10991,U089,2024-11-08,Expense,Rent,6630.0,Bank_Transfer,Mumbai,No Notes
T7672,U017,2024-08-08,Expense,Travel,7971.0,Bank_Transfer,Pune,Lunch
T3051,U026,2021-08-21,Expense,Utilities,9760.0,Cash,Delhi,!!!
T5837,U077,2021-02-03,Expense,Travel,8850.0,Upi,Chennai,Petrol
T4018,U069,2021-09-19,Income,Salary,71443.0,Card,Bangalore,No Notes
T10401,U092,2024-02-01,Expense,Education,7181.0,Cash,Mumbai,EMI payment
T6420,U113,2022-01-01,Expense,Utilities,361.0,Upi,Hyderabad,ATM withdrawal
T0858,U138,2021-07-29,Expense,Food,9047.0,Bank_Transfer,Chennai,Internet bill
T8632,U130,2024-08-15,Income,Freelance,60879.0,Card,Lucknow,Electricity bill
T10380,U055,2023-12-25,Expense,Others,5051.0,Upi,Hyderabad,Medicine
T6036,U134,2021-05-16,Expense,Others,9963.0,Card,Delhi,Electricity bill
T1678,U105,2024-01-14,Expense,Travel,9140.0,Upi,Hyderabad,Monthly rent payment
T6395,U067,2023-03-23,Expense,Utilities,6739.0,Upi,Kolkata,...
T0259,U083,2023-08-12,Expense,Utilities,3410.0,Unknown,Pune,No Notes
T2502,U028,2022-05-15,Expense,Food,8549.0,Upi,Pune,Fixed deposit
T4489,U046,2022-05-01,Expense,Rent,39738.0,Upi,Unknown,Train ticket
T7165,U090,2023-11-08,Expense,Travel,9618.0,Unknown,Unknown,Electricity bill
T1631,U136,2023-01-23,Income,Investment,12814.0,Upi,Lucknow,Online course
T13280,U059,2024-06-29,Expense,Food,2797.0,Cash,Ahmedabad,Train ticket
T9224,U080,2022-09-05,Expense,Rent,835.0,Card,Unknown,Medicine
T7685,U043,2023-07-18,Expense,Food,9756.0,Card,Jaipur,Movie tickets
T9494,U142,2022-12-18,Expense,Food,8248.0,Bank_Transfer,Mumbai,Petrol
T2728,U117,2021-11-22,Expense,Rent,4659.0,Bank_Transfer,Ahmedabad,Restaurant dinner
T8920,U115,2024-04-23,Expense,Utilities,5230.0,Upi,Ahmedabad,ATM withdrawal
T1062,U033,2021-08-16,Expense,Food,7681.0,Cash,Jaipur,Medicine
T2312,U106,2024-05-11,Expense,Others,4166.0,Card,Chennai,asdfgh
T2910,U045,2021-01-06,Expense,Rent,5785.0,Bank_Transfer,Hyderabad,No Notes
T12975,U068,2024-03-22,Expense,Rent,39335.0,Card,Jaipur,Coffee
T12571,U139,2021-10-26,Income,Salary,72736.0,Cash,Hyderabad,Medicine
T3718,U148,2024-03-21,Expense,Health,2035.0,Cash,Unknown,Online course
T10911,U029,2023-09-28,Income,Others,22567.0,Card,Unknown,No Notes
T10794,U041,2023-06-16,Expense,Food,3576.0,Bank_Transfer,Chennai,Electricity bill
T7478,U039,2023-01-17,Expense,Education,4000.0,Upi,Lucknow,No Notes
T8464,U095,2024-10-11,Expense,Entertainment,308.0,Cash,Unknown,No Notes
T9960,U085,2023-01-11,Income,Salary,681983.0,Unknown,Pune,Medicine
T3279,U127,2023-08-08,Income,Salary,15344.0,Bank_Transfer,Mumbai,Petrol
T12905,U057,2024-07-10,Expense,Travel,5008.0,Cash,Mumbai,Lunch
T12805,U038,2021-04-04,Expense,Rent,1456.0,Bank_Transfer,Kolkata,xyz123
T2167,U088,2022-07-12,Expense,Travel,8786.0,Cash,Mumbai,Doctor consultation
T1132,U043,2021-06-09,Expense,Utilities,4679.0,Unknown,Bangalore,No Notes
T7301,U008,2024-06-30,Expense,Travel,2092.0,Bank_Transfer,Bangalore,xyz123
T10421,U104,2023-05-31,Expense,Education,4602.0,Cash,Hyderabad,ATM withdrawal
T11504,U091,2021-11-28,Expense,Rent,10901.0,Card,Chennai,Gym membership
T6982,U017,2024-05-22,Expense,Travel,9518.0,Cash,Hyderabad,Medicine
T3549,U086,2022-06-05,Expense,Travel,1593.0,Upi,Jaipur,No Notes
T8897,U073,2021-01-31,Expense,Food,7020.0,Upi,Jaipur,No Notes
T0621,U083,2024-02-06,Expense,Education,1003.0,Upi,Mumbai,Monthly rent payment
T1207,U113,2022-04-30,Expense,Entertainment,865.0,Unknown,Mumbai,Doctor consultation
T12563,U136,2021-07-31,Expense,Food,2496.0,Cash,Jaipur,EMI payment
T12861,U144,2023-03-01,Expense,Entertainment,5531.0,Upi,Bangalore,Medicine
T11111,U101,2022-05-14,Expense,Food,2906.0,Cash,Delhi,Movie tickets
T10972,U009,2022-11-05,Expense,Utilities,999999.0,Upi,Ahmedabad,Books
T7279,U036,2021-06-19,Expense,Travel,2883.0,Bank_Transfer,Kolkata,No Notes
T10305,U140,2023-07-24,Expense,Travel,3215.0,Bank_Transfer,Ahmedabad,!!!
T6758,U129,2021-03-14,Expense,Rent,43584.0,Cash,Unknown,asdfgh
T5829,U071,2023-05-09,Income,Salary,26163.0,Cash,Kolkata,!!!
T4473,U003,2023-03-19,Expense,Food,3914.0,Upi,Kolkata,!!!
T0597,U084,2022-11-18,Expense,Education,5257.0,Upi,Mumbai,Grocery shopping
T1511,U009,2021-03-16,Expense,Entertainment,8226.0,Bank_Transfer,Delhi,test
T10287,U043,2024-08-14,Expense,Education,5149.0,Card,Delhi,No Notes
T7243,U055,2022-08-24,Expense,Education,3958.0,Bank_Transfer,Unknown,Movie tickets
T3907,U017,2024-06-04,Expense,Savings,594.0,Cash,Lucknow,Monthly rent payment
T5367,U011,2022-10-28,Expense,Education,8149.0,Unknown,Delhi,...
T6757,U130,2024-12-22,Expense,Food,970.0,Cash,Chennai,Fixed deposit
T7342,U145,2021-02-02,Expense,Travel,1378.0,Bank_Transfer,Ahmedabad,Shopping
T2138,U072,2022-08-14,Income,Freelance,39903.0,Bank_Transfer,Hyderabad,No Notes
T11832,U064,2024-05-08,Expense,Entertainment,5493.0,Card,Pune,Gym membership
T5102,U011,2021-03-17,Expense,Rent,1474.0,Bank_Transfer,Delhi,Lunch
T12762,U036,2022-01-19,Expense,Entertainment,4009.0,Card,Delhi,Uber ride
T3819,U083,2023-12-18,Expense,Others,4050.0,Upi,Bangalore,No Notes
T2164,U084,2024-02-14,Income,Investment,65886.0,Unknown,Pune,Monthly rent payment
T1687,U008,2024-01-08,Expense,Travel,7728.0,Card,Unknown,Movie tickets
T4954,U145,2022-11-11,Expense,Savings,6386.0,Upi,Lucknow,No Notes
T7998,U119,2021-01-24,Expense,Education,7472.0,Card,Unknown,Doctor consultation
T8960,U116,2024-09-26,Expense,Education,4293.0,Card,Delhi,ATM withdrawal
T11666,U065,2023-09-27,Expense,Education,4956.0,Cash,Kolkata,Online course
T1613,U010,2024-09-13,Expense,Food,540.0,Upi,Chennai,Shopping
T4119,U006,2023-07-02,Expense,Entertainment,5721.0,Cash,Unknown,ATM withdrawal
T2053,U147,2021-10-23,Expense,Travel,5345.0,Cash,Bangalore,Gym membership
T13365,U140,2024-11-15,Income,Bonus,63063.0,Card,Chennai,Uber ride
T6788,U114,2024-03-31,Expense,Rent,7678.0,Bank_Transfer,Kolkata,asdfgh
T11870,U004,2021-06-27,Expense,Utilities,4923.0,Cash,Bangalore,Petrol
T13150,U040,2021-09-29,Expense,Food,3819.0,Bank_Transfer,Ahmedabad,Internet bill
T9810,U103,2024-08-06,Expense,Food,1775.0,Card,Jaipur,Uber ride
T2151,U066,2021-10-06,Expense,Entertainment,999999.0,Upi,Jaipur,Coffee
T6753,U142,2022-05-07,Expense,Entertainment,7835.0,Upi,Chennai,Grocery shopping
T8615,U086,2023-07-26,Expense,Others,1024.0,Card,Hyderabad,Gym membership
T6321,U055,2024-04-02,Expense,Travel,4478.0,Upi,Chennai,Coffee
T1434,U062,2023-12-16,Income,Investment,12067.0,Bank_Transfer,Pune,No Notes
T6448,U087,2024-08-15,Expense,Food,7933.0,Cash,Jaipur,Internet bill
T10065,U016,2023-05-10,Income,Investment,55222.0,Upi,Ahmedabad,misc
T7168,U041,2023-03-31,Expense,Rent,9201.0,Cash,Delhi,Electricity bill
T2314,U063,2023-05-14,Expense,Education,2842.0,Cash,Bangalore,Gym membership
T8633,U061,2022-12-04,Expense,Utilities,8273.0,Cash,Kolkata,No Notes
T6006,U005,2021-12-03,Expense,Rent,6317.0,Card,Hyderabad,Petrol
T6051,U123,2022-05-07,Expense,Food,2761.0,Unknown,Bangalore,Lunch
T1367,U103,2023-02-21,Expense,Utilities,8200.0,Bank_Transfer,Mumbai,Petrol
T1265,U132,2024-11-23,Expense,Food,3159.0,Cash,Lucknow,...
T11994,U119,2023-07-14,Expense,Utilities,445.0,Unknown,Ahmedabad,...
T0262,U148,2023-07-29,Expense,Travel,8368.0,Bank_Transfer,Jaipur,No Notes
T1098,U141,2024-08-11,Expense,Travel,8406.0,Bank_Transfer,Kolkata,Grocery shopping
T0524,U047,2023-03-24,Expense,Health,8067.0,Bank_Transfer,Ahmedabad,Shopping
T3397,U121,2024-01-25,Expense,Rent,28555.0,Bank_Transfer,Chennai,No Notes
T2643,U094,2023-04-23,Expense,Utilities,1517.0,Bank_Transfer,Ahmedabad,Doctor consultation
T10711,U128,2021-04-27,Expense,Savings,1323.0,Upi,Unknown,No Notes
T11962,U136,2022-06-16,Expense,Savings,6042.0,Card,Pune,ATM withdrawal
T2238,U093,2022-04-04,Expense,Utilities,3830.0,Bank_Transfer,Delhi,...
T10273,U096,2024-10-20,Expense,Food,2669.0,Unknown,Unknown,Books
T2202,U150,2022-09-04,Expense,Rent,49196.0,Bank_Transfer,Chennai,!!!
T10473,U147,2022-11-24,Expense,Utilities,7454.0,Cash,Hyderabad,Coffee
T9450,U101,2023-05-24,Expense,Food,5890.0,Unknown,Kolkata,No Notes
T6918,U106,2023-12-01,Expense,Utilities,3686.0,Upi,Pune,Medicine
T9099,U144,2024-01-05,Expense,Rent,4235.0,Bank_Transfer,Ahmedabad,EMI payment
T12926,U052,2023-05-16,Expense,Food,4995.0,Card,Jaipur,...
T2771,U080,2023-10-08,Expense,Travel,3721.0,Cash,Pune,Gym membership
T5643,U104,2021-03-11,Expense,Education,3205.0,Bank_Transfer,Hyderabad,EMI payment
T8435,U092,2024-08-21,Expense,Travel,6871.0,Bank_Transfer,Mumbai,Grocery shopping
T13840,U106,2023-10-04,Expense,Food,1829.0,Cash,Kolkata,Petrol
T1164,U131,2021-04-01,Expense,Rent,9915.0,Bank_Transfer,Jaipur,Uber ride
T1023,U090,2022-04-10,Expense,Travel,3076.0,Upi,Bangalore,asdfgh
T4877,U035,2023-10-28,Expense,Food,5149.0,Bank_Transfer,Kolkata,...
T8121,U046,2022-04-06,Expense,Others,5957.0,Card,Jaipur,...
T4972,U144,2022-09-06,Expense,Others,1885.0,Cash,Jaipur,...
T13258,U068,2022-11-19,Expense,Others,999999.0,Unknown,Chennai,Coffee
T4689,U052,2024-01-21,Expense,Food,7844.0,Bank_Transfer,Jaipur,Monthly rent payment
T13923,U033,2021-12-19,Expense,Rent,6171.0,Cash,Delhi,misc
T2907,U113,2024-10-24,Expense,Rent,6295.0,Cash,Ahmedabad,No Notes
T13430,U050,2023-04-15,Expense,Health,3265.0,Unknown,Ahmedabad,Movie tickets
T1310,U014,2022-01-20,Expense,Travel,3625.0,Cash,Hyderabad,ATM withdrawal
T11724,U100,2021-04-19,Income,Bonus,66794.0,Cash,Ahmedabad,ATM withdrawal
T4781,U133,2023-03-06,Expense,Travel,4280.0,Bank_Transfer,Unknown,Train ticket
T3176,U083,2021-11-14,Expense,Travel,7632.0,Cash,Chennai,Books
T13485,U056,2021-12-10,Expense,Entertainment,8587.0,Upi,Delhi,Grocery shopping
T5448,U026,2023-02-02,Expense,Savings,6766.0,Bank_Transfer,Kolkata,Grocery shopping
T10370,U066,2024-11-13,Expense,Rent,403.0,Upi,Hyderabad,Online course
T9653,U049,2022-11-14,Expense,Utilities,659.0,Bank_Transfer,Chennai,Lunch
T6303,U059,2024-06-30,Income,Investment,35392.0,Card,Delhi,ATM withdrawal
T12509,U061,2024-10-10,Expense,Food,3401.0,Card,Kolkata,...
T7216,U032,2023-08-21,Expense,Rent,2986.0,Upi,Unknown,EMI payment
T2565,U119,2021-04-25,Expense,Rent,478.0,Bank_Transfer,Jaipur,Train ticket
T6524,U021,2021-04-26,Income,Bonus,70383.0,Cash,Pune,EMI payment
T4455,U091,2021-12-09,Expense,Food,2625.0,Bank_Transfer,Ahmedabad,Doctor consultation
T5182,U122,2021-12-22,Expense,Food,1806.0,Cash,Pune,Restaurant dinner
T2160,U094,2022-03-06,Expense,Travel,7230.0,Cash,Pune,asdfgh
T11796,U110,2022-09-28,Expense,Rent,6888.0,Upi,Unknown,...
T6694,U125,2021-04-03,Expense,Food,4641.0,Card,Mumbai,Restaurant dinner
T4800,U065,2024-05-18,Income,Others,68733.0,Cash,Kolkata,Movie tickets
T13400,U053,2023-03-02,Expense,Rent,35289.0,Card,Pune,Doctor consultation
T12731,U081,2024-10-09,Expense,Rent,43283.0,Unknown,Hyderabad,Movie tickets
T3065,U101,2024-07-14,Income,Investment,24516.0,Bank_Transfer,Bangalore,Medicine
T1579,U070,2023-03-28,Expense,Food,4387.0,Unknown,Ahmedabad,Grocery shopping
T8424,U056,2024-01-06,Expense,Food,4313.0,Unknown,Delhi,ATM withdrawal
T11495,U056,2024-07-07,Expense,Food,348.0,Upi,Hyderabad,ATM withdrawal
T4934,U022,2022-02-11,Expense,Food,5125.0,Cash,Jaipur,No Notes
T10253,U090,2023-01-08,Expense,Food,4199.0,Card,Chennai,Online course
T1154,U005,2021-08-03,Expense,Food,917.0,Cash,Jaipur,Coffee
T0011,U106,2022-05-24,Expense,Food,1872.0,Card,Unknown,test
T0733,U001,2024-06-25,Expense,Travel,5247.0,Card,Kolkata,Electricity bill
T7247,U120,2022-11-12,Expense,Food,828.0,Cash,Kolkata,Petrol
T8354,U067,2023-04-07,Expense,Rent,532.0,Upi,Bangalore,Train ticket
T0808,U019,2021-09-30,Expense,Food,957.0,Card,Delhi,misc
T13654,U081,2022-11-15,Expense,Savings,2323.0,Cash,Jaipur,asdfgh
T7178,U130,2021-05-28,Expense,Rent,9056.0,Card,Kolkata,Monthly rent payment
T10003,U073,2024-03-30,Expense,Others,6523.0,Cash,Kolkata,Books
T11792,U007,2021-12-16,Expense,Savings,7769.0,Cash,Lucknow,Online course
T2691,U100,2023-12-16,Expense,Others,6047.0,Upi,Kolkata,No Notes
T1262,U144,2024-12-11,Expense,Health,2624.0,Bank_Transfer,Bangalore,EMI payment
T6477,U060,2024-03-02,Expense,Utilities,2455.0,Upi,Kolkata,test
T11202,U117,2023-11-01,Expense,Entertainment,779.0,Cash,Kolkata,Fixed deposit
T1112,U020,2023-06-16,Expense,Education,2827.0,Cash,Ahmedabad,Electricity bill
T6692,U100,2021-08-03,Expense,Food,10000.0,Cash,Pune,Internet bill
T11243,U100,2021-01-07,Expense,Food,9806.0,Card,Pune,No Notes
T11525,U072,2021-04-10,Expense,Food,2105.0,Cash,Lucknow,Shopping
T3207,U068,2022-10-08,Expense,Entertainment,1782.0,Card,Mumbai,No Notes
T5507,U126,2023-10-06,Expense,Food,1689.0,Card,Pune,Restaurant dinner
T4652,U075,2023-01-06,Income,Salary,25111.0,Cash,Jaipur,Petrol
T11573,U100,2022-08-08,Expense,Travel,9049.0,Bank_Transfer,Bangalore,Coffee
T6553,U124,2023-09-18,Income,Freelance,37098.0,Upi,Bangalore,No Notes
T4329,U052,2021-02-23,Expense,Food,189.0,Card,Unknown,Internet bill
T0474,U122,2021-04-18,Expense,Education,6719.0,Upi,Pune,Online course
T3429,U120,2021-05-05,Expense,Rent,5108.0,Card,Pune,Books
T8143,U006,2023-03-24,Expense,Rent,4109.0,Cash,Bangalore,Electricity bill
T4651,U010,2021-08-14,Expense,Education,5002.0,Upi,Delhi,Fixed deposit
T5367,U029,2023-01-16,Expense,Health,9092.0,Cash,Bangalore,asdfgh
T8639,U022,2021-09-06,Expense,Entertainment,701.0,Upi,Kolkata,No Notes
T8386,U014,2022-02-27,Expense,Education,7122.0,Upi,Lucknow,Petrol
T8832,U039,2021-04-08,Expense,Others,4606.0,Upi,Bangalore,Electricity bill
T12082,U002,2021-01-26,Income,Others,65556.0,Upi,Pune,Restaurant dinner
T10858,U051,2023-06-19,Expense,Travel,3864.0,Bank_Transfer,Unknown,Fixed deposit
T11421,U070,2024-08-08,Expense,Rent,2779.0,Card,Chennai,!!!
T11658,U083,2022-10-27,Expense,Travel,5958.0,Card,Mumbai,asdfgh
T13148,U121,2022-08-09,Expense,Food,4391.0,Upi,Ahmedabad,No Notes
T6895,U057,2022-12-06,Expense,Rent,21486.0,Bank_Transfer,Chennai,Fixed deposit
T1489,U079,2023-11-28,Expense,Utilities,868.0,Cash,Ahmedabad,!!!
T12746,U138,2022-12-22,Expense,Travel,7727.0,Upi,Mumbai,Fixed deposit
T13087,U041,2023-12-06,Expense,Food,2775.0,Upi,Pune,Lunch
T13368,U020,2024-05-16,Expense,Food,7279.0,Card,Mumbai,No Notes
T10334,U072,2021-07-19,Expense,Travel,3038.0,Card,Hyderabad,Monthly rent payment
T7402,U045,2023-12-08,Expense,Savings,3948.0,Cash,Bangalore,Gym membership
T6723,U138,2023-03-28,Expense,Utilities,2149.0,Cash,Hyderabad,No Notes
T12505,U142,2022-09-22,Expense,Utilities,2186.0,Cash,Chennai,Lunch
T7497,U084,2024-04-16,Expense,Others,779.0,Unknown,Chennai,Train ticket
T6916,U010,2023-03-25,Expense,Food,4719.0,Card,Mumbai,Uber ride
T11385,U122,2021-05-09,Expense,Entertainment,9678.0,Bank_Transfer,Bangalore,Movie tickets
T2404,U094,2024-11-09,Expense,Rent,4127.0,Card,Unknown,misc
T0207,U007,2021-04-19,Expense,Food,2102.0,Card,Unknown,Movie tickets
T7632,U130,2022-04-10,Expense,Rent,47161.0,Bank_Transfer,Ahmedabad,Monthly rent payment
T9471,U146,2022-03-11,Expense,Rent,35442.0,Cash,Kolkata,Petrol
T1569,U139,2024-09-05,Expense,Food,5878.0,Upi,Hyderabad,No Notes
T10503,U012,2024-04-19,Expense,Utilities,3227.0,Card,Ahmedabad,Electricity bill
T13349,U120,2024-09-09,Expense,Food,5243.0,Bank_Transfer,Ahmedabad,ATM withdrawal
T6986,U076,2023-08-16,Expense,Travel,9124.0,Card,Hyderabad,Lunch
T4752,U115,2024-06-22,Expense,Rent,3197.0,Bank_Transfer,Jaipur,Lunch
T10046,U142,2023-06-26,Income,Others,51504.0,Card,Hyderabad,Movie tickets
T5464,U148,2021-04-03,Income,Bonus,70676.0,Upi,Pune,Online course
T4331,U011,2021-10-18,Expense,Health,210.0,Unknown,Delhi,No Notes
T5539,U077,2021-04-22,Expense,Health,2222.0,Cash,Unknown,No Notes
T9349,U110,2022-07-26,Expense,Travel,5013.0,Bank_Transfer,Jaipur,No Notes
T5906,U096,2023-06-08,Expense,Savings,1032.0,Cash,Lucknow,Monthly rent payment
T9894,U090,2022-04-24,Expense,Rent,7250.0,Card,Unknown,Petrol
T11183,U116,2021-07-29,Income,Bonus,78729.0,Upi,Ahmedabad,Doctor consultation
T4111,U027,2021-12-08,Expense,Travel,3380.0,Upi,Ahmedabad,Petrol
T8040,U008,2024-11-05,Expense,Rent,2709.0,Cash,Pune,EMI payment
T6798,U054,2024-02-18,Income,Freelance,19605.0,Bank_Transfer,Hyderabad,No Notes
T4944,U022,2022-01-08,Expense,Rent,37578.0,Upi,Bangalore,Restaurant dinner
T10764,U125,2022-03-06,Expense,Rent,4234.0,Bank_Transfer,Chennai,Gym membership
T4317,U014,2021-09-30,Expense,Rent,20078.0,Bank_Transfer,Jaipur,Coffee
T7480,U115,2023-03-02,Expense,Travel,4840.0,Upi,Kolkata,Grocery shopping
T8122,U028,2021-01-10,Expense,Rent,16638.0,Bank_Transfer,Lucknow,No Notes
T13226,U008,2023-11-03,Expense,Others,3989.0,Card,Mumbai,No Notes
T10921,U132,2022-09-17,Expense,Health,5277.0,Card,Unknown,Coffee
T6634,U128,2022-05-08,Expense,Entertainment,4736.0,Unknown,Jaipur,Internet bill
T2762,U001,2022-07-27,Expense,Travel,2898.0,Cash,Kolkata,Coffee
T5842,U078,2021-03-24,Expense,Rent,26136.0,Card,Kolkata,Monthly rent payment
T12307,U038,2021-02-22,Income,Salary,26623.0,Card,Jaipur,Books
T11961,U115,2021-04-24,Expense,Education,1185.0,Cash,Bangalore,Coffee
T4405,U045,2024-06-08,Expense,Food,4930.0,Upi,Bangalore,No Notes
T4325,U036,2023-08-15,Expense,Food,9606.0,Upi,Hyderabad,Monthly rent payment
T13623,U101,2024-12-31,Expense,Food,3103.0,Upi,Chennai,EMI payment
T6414,U137,2022-03-04,Expense,Rent,7902.0,Bank_Transfer,Mumbai,Petrol
T9947,U124,2022-03-16,Expense,Food,4577.0,Card,Delhi,Electricity bill
T13610,U063,2022-01-26,Expense,Entertainment,4415.0,Bank_Transfer,Mumbai,Internet bill
T13508,U009,2024-06-04,Expense,Rent,3700.0,Bank_Transfer,Mumbai,No Notes
T7982,U012,2024-12-26,Expense,Utilities,1152.0,Upi,Kolkata,Monthly rent payment
T3267,U032,2021-09-18,Expense,Savings,997.0,Bank_Transfer,Chennai,No Notes
T12614,U131,2022-11-24,Expense,Utilities,3148.0,Upi,Pune,xyz123
T5724,U140,2022-12-19,Expense,Rent,5900.0,Card,Jaipur,xyz123
T2792,U113,2024-07-21,Expense,Travel,7292.0,Cash,Bangalore,asdfgh
T5606,U091,2023-07-27,Expense,Food,505.0,Card,Hyderabad,Doctor consultation
T0329,U094,2021-08-16,Expense,Education,9255.0,Card,Delhi,No Notes
T0045,U128,2021-04-16,Expense,Rent,8041.0,Card,Mumbai,!!!
T6011,U143,2022-04-01,Expense,Savings,8962.0,Upi,Mumbai,Electricity bill
T1930,U049,2024-11-17,Expense,Education,6401.0,Card,Hyderabad,ATM withdrawal
T5532,U100,2022-11-29,Expense,Utilities,9946.0,Bank_Transfer,Kolkata,Fixed deposit
T6004,U140,2024-05-26,Income,Others,77459.0,Card,Lucknow,Shopping
T4393,U018,2021-05-25,Expense,Food,1494.0,Unknown,Delhi,Uber ride
T11345,U080,2024-03-20,Expense,Health,6327.0,Cash,Bangalore,...
T12680,U104,2024-05-12,Expense,Rent,4852.0,Upi,Jaipur,Lunch
T4224,U113,2024-10-23,Expense,Food,2352.0,Cash,Delhi,!!!
T12665,U140,2022-05-15,Expense,Education,1830.0,Card,Kolkata,No Notes
T4923,U047,2021-02-28,Income,Investment,42752.0,Bank_Transfer,Chennai,Movie tickets
T11224,U014,2022-11-22,Income,Others,28060.0,Bank_Transfer,Mumbai,ATM withdrawal
T4977,U100,2024-05-29,Expense,Food,3309.0,Upi,Kolkata,Petrol
T11790,U045,2024-02-03,Expense,Health,5801.0,Card,Hyderabad,!!!
T0288,U010,2023-09-14,Expense,Entertainment,6882.0,Upi,Hyderabad,No Notes
T7051,U145,2023-05-24,Expense,Rent,3517.0,Upi,Kolkata,Gym membership
T13257,U148,2021-05-24,Expense,Utilities,9263.0,Unknown,Hyderabad,xyz123
T6677,U063,2024-04-09,Expense,Entertainment,7853.0,Card,Mumbai,Gym membership
T1334,U110,2021-07-21,Expense,Entertainment,8991.0,Bank_Transfer,Hyderabad,Monthly rent payment
T2573,U025,2024-05-08,Expense,Rent,40794.0,Card,Kolkata,Doctor consultation
T13630,U023,2023-12-15,Expense,Food,1741.0,Upi,Delhi,Uber ride
T4728,U119,2021-12-10,Expense,Entertainment,2892.0,Cash,Bangalore,Fixed deposit
T13878,U008,2023-05-08,Expense,Others,6281.0,Card,Bangalore,No Notes
T1408,U090,2021-05-03,Expense,Education,7636.0,Bank_Transfer,Lucknow,Train ticket
T2485,U013,2021-05-17,Expense,Food,9422.0,Upi,Mumbai,Monthly rent payment
T1127,U001,2024-01-24,Expense,Food,6863.0,Unknown,Unknown,Petrol
T9989,U135,2022-08-29,Expense,Rent,7471.0,Upi,Lucknow,Gym membership
T3222,U113,2021-05-22,Expense,Travel,4747.0,Card,Chennai,test
T1430,U099,2021-11-17,Expense,Utilities,8177.0,Bank_Transfer,Delhi,No Notes
T4526,U022,2021-06-19,Income,Investment,48442.0,Cash,Ahmedabad,Movie tickets
T7011,U069,2024-12-24,Expense,Food,4060.0,Cash,Pune,Petrol
T3060,U084,2024-01-02,Expense,Food,1049.0,Card,Jaipur,!!!
T0697,U098,2021-10-11,Expense,Utilities,4228.0,Card,Delhi,No Notes
T9268,U009,2021-05-09,Income,Salary,31801.0,Upi,Pune,No Notes
T10593,U022,2021-03-15,Expense,Food,493.0,Card,Unknown,EMI payment
T1747,U063,2022-06-28,Expense,Education,7462.0,Upi,Jaipur,Grocery shopping
T8821,U078,2023-02-17,Expense,Education,1443.0,Card,Hyderabad,Online course
T13062,U127,2022-12-30,Expense,Rent,34096.0,Cash,Bangalore,No Notes
T5438,U128,2021-01-13,Expense,Food,3785.0,Cash,Bangalore,!!!
T13898,U113,2021-12-08,Expense,Others,2278.0,Upi,Hyderabad,No Notes
T3865,U044,2023-10-13,Expense,Education,2272.0,Cash,Chennai,No Notes
T3338,U025,2023-05-22,Expense,Food,2595.0,Cash,Ahmedabad,Fixed deposit
T8582,U099,2022-02-08,Income,Freelance,34663.0,Card,Chennai,Monthly rent payment
T2764,U096,2021-03-23,Expense,Rent,6618.0,Cash,Hyderabad,No Notes
T0784,U040,2024-11-29,Expense,Food,5000.0,Cash,Mumbai,...
T8918,U106,2022-12-21,Income,Freelance,184818.0,Upi,Pune,Fixed deposit
T11533,U012,2022-06-28,Expense,Utilities,9710.0,Cash,Lucknow,Gym membership
T3801,U052,2024-01-16,Expense,Rent,8847.0,Cash,Kolkata,Electricity bill
T1280,U143,2021-01-27,Expense,Entertainment,9783.0,Cash,Lucknow,Restaurant dinner
T11883,U118,2023-06-13,Expense,Food,2172.0,Upi,Unknown,ATM withdrawal
T7532,U080,2023-02-16,Expense,Entertainment,2644.0,Bank_Transfer,Ahmedabad,Monthly rent payment
T2880,U093,2024-01-23,Income,Investment,66981.0,Cash,Bangalore,No Notes
T12324,U056,2023-03-17,Expense,Rent,771.0,Card,Lucknow,No Notes
T9365,U146,2024-08-23,Expense,Utilities,1529.0,Cash,Hyderabad,Shopping
T10521,U031,2022-07-30,Expense,Utilities,7006.0,Card,Unknown,Medicine
T6142,U076,2024-04-28,Expense,Utilities,1272.0,Upi,Lucknow,No Notes
T12140,U126,2023-09-21,Expense,Travel,5708.0,Upi,Delhi,!!!
T3153,U029,2022-04-04,Expense,Rent,4444.0,Upi,Unknown,...
T3688,U149,2024-06-12,Expense,Rent,8827.0,Card,Mumbai,Books
T5295,U100,2023-05-15,Income,Investment,39046.0,Cash,Bangalore,misc
T5362,U050,2021-03-18,Expense,Utilities,8845.0,Card,Lucknow,Fixed deposit
T3739,U098,2024-09-27,Expense,Utilities,5617.0,Cash,Mumbai,Internet bill
T4170,U148,2024-09-21,Expense,Food,2460.0,Card,Ahmedabad,Lunch
T10043,U074,2021-06-01,Expense,Travel,9504.0,Cash,Lucknow,...
T13379,U076,2023-06-22,Expense,Entertainment,3729.0,Unknown,Lucknow,Fixed deposit
T12033,U129,2023-12-10,Expense,Entertainment,8846.0,Bank_Transfer,Hyderabad,Shopping
T10653,U132,2021-10-08,Expense,Travel,1269.0,Bank_Transfer,Unknown,Online course
T2099,U113,2021-05-28,Expense,Food,1785.0,Card,Bangalore,asdfgh
T12544,U149,2021-03-18,Expense,Rent,500.0,Bank_Transfer,Delhi,...
T7875,U091,2024-01-18,Expense,Travel,8372.0,Bank_Transfer,Pune,Shopping
T7913,U133,2021-06-10,Expense,Utilities,5400.0,Bank_Transfer,Bangalore,Medicine
T0571,U060,2022-04-30,Income,Others,18437.0,Cash,Hyderabad,Monthly rent payment
T5556,U005,2024-07-25,Expense,Entertainment,691.0,Card,Hyderabad,Restaurant dinner
T0371,U051,2023-01-23,Income,Bonus,39977.0,Card,Bangalore,Electricity bill
T0731,U148,2024-01-12,Expense,Education,3983.0,Cash,Delhi,xyz123
T3460,U056,2021-04-11,Expense,Health,5100.0,Bank_Transfer,Unknown,Online course
T5710,U111,2023-01-24,Expense,Health,9718.0,Bank_Transfer,Pune,ATM withdrawal
T2463,U136,2023-10-07,Expense,Rent,9477.0,Unknown,Kolkata,Online course
T5726,U054,2023-01-04,Expense,Food,945.0,Card,Mumbai,Uber ride
T9160,U077,2023-06-29,Income,Investment,816014.0,Upi,Bangalore,Coffee
T0877,U109,2022-09-01,Expense,Travel,6376.0,Card,Chennai,...
T12871,U058,2024-07-22,Expense,Health,7961.0,Bank_Transfer,Delhi,Shopping
T3211,U070,2021-02-08,Income,Others,14888.0,Bank_Transfer,Delhi,Gym membership
T1263,U122,2024-05-08,Expense,Travel,9062.0,Upi,Jaipur,...
T12134,U133,2023-02-15,Expense,Food,3834.0,Bank_Transfer,Bangalore,Internet bill
T8021,U065,2021-10-31,Income,Investment,21531.0,Cash,Pune,Online course
T5236,U039,2024-06-09,Expense,Education,128.0,Bank_Transfer,Jaipur,Grocery shopping
T13704,U111,2022-10-06,Expense,Travel,4935.0,Cash,Delhi,Restaurant dinner
T0047,U071,2023-04-30,Expense,Utilities,4991.0,Card,Hyderabad,No Notes
T2895,U033,2024-12-01,Expense,Travel,1374.0,Unknown,Kolkata,test
T4234,U085,2024-09-12,Expense,Others,8431.0,Cash,Pune,Lunch
T4435,U009,2024-01-31,Expense,Education,5425.0,Bank_Transfer,Kolkata,Books
T4280,U066,2022-11-26,Expense,Utilities,8928.0,Cash,Bangalore,No Notes
T4287,U070,2022-02-01,Expense,Utilities,6261.0,Bank_Transfer,Chennai,!!!
T8608,U075,2022-03-05,Income,Freelance,50354.0,Cash,Lucknow,xyz123
T2501,U036,2023-09-19,Expense,Food,2911.0,Card,Unknown,Train ticket
T3835,U131,2023-11-03,Expense,Utilities,5869.0,Card,Kolkata,Petrol
T0046,U030,2021-08-29,Expense,Food,4579.0,Bank_Transfer,Chennai,Fixed deposit
T6067,U016,2021-05-08,Income,Investment,37428.0,Card,Delhi,test
T4843,U066,2023-07-22,Expense,Education,8855.0,Cash,Hyderabad,Restaurant dinner
T5603,U022,2021-09-19,Expense,Travel,7085.0,Unknown,Delhi,Books
T12282,U034,2022-06-09,Expense,Rent,24131.0,Cash,Delhi,Books
T10472,U110,2022-12-07,Expense,Rent,20256.0,Card,Hyderabad,No Notes
T11526,U024,2023-07-18,Expense,Food,1505.0,Unknown,Mumbai,Uber ride
T0972,U041,2023-12-24,Income,Freelance,46163.0,Card,Chennai,Restaurant dinner
T12644,U122,2024-04-05,Income,Bonus,75893.0,Bank_Transfer,Hyderabad,Coffee
T8240,U032,2024-11-26,Expense,Food,999999.0,Card,Chennai,Medicine
T12357,U021,2024-09-14,Expense,Entertainment,5593.0,Upi,Delhi,Internet bill
T1000,U080,2021-02-07,Expense,Food,653.0,Unknown,Hyderabad,Gym membership
T1837,U032,2022-07-26,Expense,Food,3437.0,Upi,Delhi,No Notes
T6655,U075,2024-01-03,Expense,Food,2412.0,Upi,Hyderabad,Online course
T0212,U003,2022-10-12,Income,Bonus,436526.0,Cash,Kolkata,Monthly rent payment
T1225,U072,2021-05-02,Expense,Food,3654.0,Bank_Transfer,Delhi,EMI payment
T11142,U085,2024-09-23,Expense,Food,1515.0,Bank_Transfer,Chennai,Coffee
T5639,U017,2021-03-14,Income,Salary,62348.0,Card,Hyderabad,Uber ride
T8507,U010,2023-11-23,Expense,Utilities,2817.0,Cash,Jaipur,No Notes
T6968,U120,2021-03-11,Expense,Rent,31703.0,Card,Lucknow,misc
T12773,U081,2023-10-31,Expense,Food,1354.0,Upi,Kolkata,Medicine
T1689,U042,2022-12-06,Expense,Health,5547.0,Upi,Kolkata,Shopping
T7413,U034,2022-07-26,Income,Others,34969.0,Upi,Pune,Coffee
T7553,U095,2023-06-18,Expense,Travel,9391.0,Cash,Unknown,No Notes
T6890,U001,2023-08-02,Expense,Food,3885.0,Bank_Transfer,Kolkata,No Notes
T5287,U015,2021-01-27,Expense,Education,9258.0,Card,Kolkata,Internet bill
T1998,U121,2021-10-31,Expense,Others,9835.0,Card,Lucknow,ATM withdrawal
T0388,U102,2021-06-29,Expense,Utilities,3183.0,Card,Jaipur,Medicine
T13650,U141,2022-03-14,Expense,Food,7194.0,Cash,Mumbai,test
T2724,U104,2021-06-22,Expense,Utilities,6695.0,Card,Unknown,asdfgh
T8521,U120,2024-07-02,Expense,Food,3018.0,Cash,Bangalore,No Notes
T10720,U053,2021-07-28,Expense,Travel,5111.0,Card,Ahmedabad,Doctor consultation
T4352,U116,2022-06-03,Expense,Travel,3562.0,Card,Bangalore,!!!
T12387,U007,2021-11-01,Expense,Utilities,5111.0,Card,Lucknow,Movie tickets
T5063,U041,2021-11-23,Expense,Entertainment,4604.0,Bank_Transfer,Jaipur,...
T11318,U071,2024-07-31,Expense,Education,3275.0,Bank_Transfer,Bangalore,Books
T9088,U055,2021-07-14,Expense,Education,6864.0,Bank_Transfer,Hyderabad,...
T7586,U149,2022-11-01,Expense,Entertainment,9509.0,Card,Kolkata,No Notes
T1139,U028,2024-11-16,Expense,Others,3538.0,Cash,Mumbai,asdfgh
T0692,U113,2022-03-19,Expense,Rent,33767.0,Bank_Transfer,Lucknow,test
T10739,U146,2021-01-20,Expense,Food,8808.0,Cash,Pune,Medicine
T13974,U050,2022-09-07,Income,Bonus,77428.0,Cash,Chennai,...
T6495,U071,2023-12-01,Expense,Travel,1581.0,Cash,Kolkata,Gym membership
T11669,U043,2023-09-18,Expense,Rent,4038.0,Card,Pune,xyz123
T7517,U082,2024-06-04,Expense,Food,4766.0,Card,Ahmedabad,Restaurant dinner
T6136,U092,2021-01-03,Expense,Education,5726.0,Card,Kolkata,Restaurant dinner
T2644,U056,2024-11-27,Expense,Education,4664.0,Upi,Ahmedabad,Books
T2449,U067,2024-12-05,Expense,Food,3315.0,Card,Ahmedabad,Fixed deposit
T13825,U148,2022-01-09,Income,Others,66873.0,Bank_Transfer,Delhi,...
T9084,U048,2024-11-28,Expense,Food,3381.0,Upi,Kolkata,Grocery shopping
T12329,U052,2023-09-16,Income,Freelance,20825.0,Bank_Transfer,Jaipur,Restaurant dinner
T0598,U097,2022-03-27,Expense,Travel,4730.0,Card,Ahmedabad,Books
T10272,U124,2024-05-09,Expense,Travel,614.0,Card,Jaipur,ATM withdrawal
T3457,U003,2023-01-20,Expense,Food,1986.0,Bank_Transfer,Unknown,Internet bill
T2008,U006,2021-10-09,Expense,Utilities,1664.0,Unknown,Kolkata,Uber ride
T6132,U115,2021-12-30,Expense,Entertainment,2556.0,Cash,Jaipur,...
T6019,U026,2022-12-01,Expense,Food,5591.0,Card,Chennai,No Notes
T2712,U075,2022-01-09,Income,Freelance,39709.0,Cash,Delhi,!!!
T11559,U116,2023-09-05,Expense,Utilities,2988.0,Bank_Transfer,Lucknow,...
T3970,U042,2024-03-13,Income,Investment,47834.0,Bank_Transfer,Bangalore,test
T11727,U081,2024-04-22,Expense,Rent,16728.0,Unknown,Bangalore,asdfgh
T4962,U085,2024-12-18,Income,Bonus,28632.0,Bank_Transfer,Jaipur,Fixed deposit
T12893,U144,2021-01-09,Expense,Rent,5959.0,Bank_Transfer,Hyderabad,Train ticket
T8786,U019,2023-08-01,Expense,Food,1673.0,Upi,Lucknow,Medicine
T5715,U069,2022-09-24,Expense,Entertainment,3440.0,Bank_Transfer,Jaipur,Fixed deposit
T8704,U118,2021-04-14,Expense,Food,3418.0,Unknown,Mumbai,Electricity bill
T4647,U062,2021-03-06,Expense,Entertainment,8875.0,Cash,Lucknow,No Notes
T6927,U015,2023-08-19,Expense,Travel,1211.0,Card,Lucknow,ATM withdrawal
T7038,U080,2024-06-23,Expense,Health,7057.0,Cash,Kolkata,xyz123
T0792,U146,2022-12-01,Expense,Rent,5581.0,Bank_Transfer,Bangalore,!!!
T9033,U017,2024-05-19,Expense,Food,2373.0,Bank_Transfer,Kolkata,No Notes
T6778,U024,2024-08-21,Expense,Travel,9988.0,Card,Pune,Shopping
T13619,U032,2022-11-12,Income,Salary,71355.0,Card,Hyderabad,No Notes
T8781,U049,2022-03-14,Income,Freelance,63489.0,Card,Jaipur,No Notes
T9651,U002,2024-11-18,Expense,Education,4778.0,Card,Pune,Doctor consultation
T2969,U145,2024-11-01,Expense,Food,838.0,Cash,Kolkata,!!!
T8731,U023,2023-08-25,Expense,Food,885.0,Cash,Bangalore,No Notes
T4806,U066,2022-09-13,Expense,Rent,983.0,Unknown,Bangalore,Gym membership
T6665,U097,2022-07-13,Expense,Food,8422.0,Upi,Unknown,Grocery shopping
T2168,U079,2024-01-04,Expense,Utilities,7181.0,Upi,Mumbai,Online course
T1307,U014,2022-02-21,Expense,Utilities,2459.0,Card,Kolkata,No Notes
T7768,U140,2023-06-13,Expense,Travel,4324.0,Upi,Kolkata,No Notes
T12600,U077,2022-05-03,Expense,Entertainment,5609.0,Upi,Mumbai,Movie tickets
T10387,U034,2023-11-16,Expense,Food,8801.0,Bank_Transfer,Pune,Gym membership
T12435,U040,2024-04-23,Income,Others,63482.0,Upi,Lucknow,Shopping
T6144,U127,2023-11-13,Expense,Travel,4892.0,Bank_Transfer,Delhi,ATM withdrawal
T7470,U111,2022-02-11,Income,Investment,30247.0,Bank_Transfer,Pune,Gym membership
T4420,U052,2024-04-12,Expense,Utilities,7493.0,Unknown,Bangalore,Fixed deposit
T0354,U139,2024-01-13,Income,Others,68997.0,Bank_Transfer,Unknown,Petrol
T10377,U013,2024-06-28,Expense,Utilities,661.0,Bank_Transfer,Unknown,asdfgh
T2470,U046,2021-05-05,Income,Bonus,65615.0,Cash,Pune,Medicine
T6801,U118,2023-08-14,Expense,Rent,14532.0,Upi,Ahmedabad,Petrol
T0985,U147,2021-09-10,Expense,Food,4099.0,Card,Hyderabad,Shopping
T2659,U133,2022-10-19,Income,Investment,24380.0,Upi,Chennai,!!!
T2396,U135,2024-09-24,Income,Investment,70327.0,Cash,Delhi,xyz123
T8769,U138,2022-07-05,Expense,Education,117.0,Card,Jaipur,Grocery shopping
T1117,U038,2021-10-01,Expense,Food,4331.0,Card,Chennai,Fixed deposit
T11771,U057,2022-06-09,Expense,Utilities,7756.0,Bank_Transfer,Chennai,Petrol
T11677,U016,2022-02-27,Expense,Education,1515.0,Bank_Transfer,Ahmedabad,No Notes
T4859,U110,2023-08-06,Expense,Food,5624.0,Bank_Transfer,Lucknow,No Notes
T6022,U041,2021-01-11,Expense,Rent,5282.0,Card,Chennai,Shopping
T4235,U004,2024-04-22,Expense,Rent,4983.0,Upi,Kolkata,Grocery shopping
T10121,U139,2021-12-09,Expense,Rent,1558.0,Bank_Transfer,Unknown,Doctor consultation
T3110,U118,2024-12-20,Expense,Food,3335.0,Upi,Lucknow,No Notes
T2446,U077,2021-06-08,Expense,Utilities,6326.0,Bank_Transfer,Delhi,Uber ride
T11256,U081,2022-11-24,Expense,Rent,1046.0,Bank_Transfer,Mumbai,Petrol
T8403,U116,2021-02-22,Expense,Education,7996.0,Bank_Transfer,Hyderabad,EMI payment
T2480,U077,2022-10-01,Income,Salary,35426.0,Bank_Transfer,Mumbai,xyz123
T2846,U022,2022-01-11,Income,Investment,49543.0,Bank_Transfer,Chennai,xyz123
T4353,U126,2021-10-08,Income,Investment,40241.0,Card,Lucknow,Monthly rent payment
T11824,U068,2022-05-17,Income,Investment,75740.0,Cash,Mumbai,Train ticket
T7619,U077,2022-04-07,Expense,Travel,2747.0,Card,Delhi,!!!
T8110,U090,2021-10-16,Expense,Others,6009.0,Cash,Delhi,Movie tickets
T5396,U094,2023-11-04,Expense,Entertainment,5114.0,Card,Delhi,Coffee
T13893,U145,2021-05-31,Expense,Entertainment,8098.0,Card,Jaipur,Doctor consultation
T0188,U085,2024-04-14,Income,Bonus,71894.0,Bank_Transfer,Mumbai,Shopping
T5698,U085,2022-10-05,Expense,Food,2142.0,Upi,Hyderabad,Uber ride
T7945,U010,2023-07-29,Income,Bonus,71916.0,Upi,Jaipur,Doctor consultation
T4488,U133,2022-11-03,Expense,Utilities,2140.0,Upi,Ahmedabad,No Notes
T8801,U051,2021-06-09,Income,Freelance,66005.0,Card,Chennai,No Notes
T11654,U014,2023-03-30,Income,Investment,58050.0,Cash,Lucknow,Electricity bill
T8056,U143,2023-12-01,Expense,Entertainment,4205.0,Cash,Lucknow,Coffee
T9480,U023,2024-11-15,Expense,Rent,30227.0,Card,Jaipur,Electricity bill
T8885,U078,2024-09-30,Income,Investment,27598.0,Upi,Mumbai,Shopping
T6253,U039,2024-08-11,Expense,Travel,222.0,Upi,Kolkata,Lunch
T8989,U109,2022-03-14,Expense,Savings,4225.0,Card,Hyderabad,...
T0005,U081,2021-05-16,Income,Investment,70142.0,Upi,Pune,misc
T10828,U148,2021-08-23,Income,Freelance,75155.0,Upi,Jaipur,!!!
T10946,U049,2022-06-29,Expense,Food,4248.0,Upi,Kolkata,No Notes
T10057,U150,2024-06-04,Expense,Utilities,4705.0,Card,Ahmedabad,Monthly rent payment
T4724,U071,2023-05-18,Expense,Rent,9048.0,Card,Jaipur,Doctor consultation
T4414,U139,2022-10-17,Expense,Food,9554.0,Card,Kolkata,Books
T8985,U147,2022-02-13,Income,Salary,28546.0,Cash,Unknown,xyz123
T0757,U079,2024-05-13,Expense,Entertainment,7376.0,Bank_Transfer,Kolkata,Books
T3971,U119,2023-12-31,Expense,Travel,5606.0,Card,Mumbai,No Notes
T8439,U053,2023-02-22,Expense,Education,8991.0,Bank_Transfer,Pune,No Notes
T1084,U009,2021-12-18,Expense,Rent,8444.0,Card,Kolkata,No Notes
T13347,U022,2024-11-05,Expense,Food,1648.0,Upi,Ahmedabad,Books
T3209,U143,2021-12-11,Expense,Food,812.0,Card,Kolkata,No Notes
T9897,U022,2023-11-25,Expense,Rent,6391.0,Bank_Transfer,Mumbai,asdfgh
T0866,U148,2021-03-20,Expense,Education,3151.0,Upi,Hyderabad,xyz123
T3663,U094,2021-01-02,Expense,Travel,6657.0,Unknown,Jaipur,No Notes
T1397,U138,2022-11-10,Expense,Travel,4043.0,Bank_Transfer,Kolkata,Doctor consultation
T13504,U087,2021-02-24,Expense,Food,1417.0,Upi,Pune,Grocery shopping
T12148,U050,2023-09-18,Expense,Food,3178.0,Cash,Hyderabad,Lunch
T5359,U043,2024-12-11,Expense,Rent,44120.0,Card,Kolkata,Restaurant dinner
T10419,U129,2023-06-11,Expense,Food,4990.0,Bank_Transfer,Chennai,Doctor consultation
T1586,U118,2024-08-09,Expense,Food,4220.0,Cash,Hyderabad,test
T8738,U041,2024-04-22,Expense,Rent,122.0,Cash,Delhi,Restaurant dinner
T10257,U037,2024-05-27,Income,Freelance,41869.0,Bank_Transfer,Kolkata,test
T9338,U149,2024-05-10,Expense,Education,5306.0,Card,Hyderabad,Fixed deposit
T5546,U022,2021-09-13,Income,Investment,36470.0,Upi,Unknown,Uber ride
T3223,U068,2021-03-14,Income,Investment,717851.0,Cash,Unknown,Medicine
T2410,U107,2022-02-28,Expense,Entertainment,6506.0,Cash,Jaipur,Monthly rent payment
T13500,U128,2022-03-21,Expense,Food,3124.0,Bank_Transfer,Ahmedabad,...
T2902,U150,2024-01-30,Expense,Food,1776.0,Unknown,Jaipur,EMI payment
T6960,U003,2024-08-10,Expense,Food,6437.0,Upi,Hyderabad,Books
T12154,U065,2021-07-04,Expense,Rent,9188.0,Unknown,Chennai,No Notes
T11271,U010,2023-12-18,Expense,Others,999999.0,Card,Jaipur,Books
T4571,U059,2024-02-23,Expense,Travel,8870.0,Card,Hyderabad,EMI payment
T3693,U146,2022-12-10,Expense,Utilities,1464.0,Upi,Delhi,misc
T5825,U117,2021-03-12,Expense,Others,999999.0,Bank_Transfer,Chennai,No Notes
T12256,U024,2021-06-29,Expense,Rent,35836.0,Bank_Transfer,Chennai,No Notes
T9077,U110,2022-06-25,Expense,Food,2346.0,Bank_Transfer,Ahmedabad,No Notes
T13617,U037,2023-12-18,Expense,Rent,5993.0,Bank_Transfer,Bangalore,No Notes
T8360,U100,2021-12-31,Income,Freelance,68432.0,Bank_Transfer,Hyderabad,No Notes
T4099,U077,2023-05-30,Expense,Education,2114.0,Card,Unknown,Coffee
T9242,U110,2022-08-25,Expense,Food,1087.0,Bank_Transfer,Chennai,EMI payment
T5473,U027,2022-07-21,Expense,Savings,3541.0,Cash,Kolkata,Internet bill
T10122,U058,2023-12-02,Expense,Education,4567.0,Bank_Transfer,Chennai,Internet bill
T8455,U147,2023-12-15,Income,Investment,61446.0,Upi,Delhi,Internet bill
T13796,U135,2021-02-26,Expense,Travel,498.0,Upi,Bangalore,Coffee
T3662,U068,2022-09-25,Expense,Entertainment,9419.0,Card,Chennai,No Notes
T11132,U023,2024-08-14,Expense,Education,4183.0,Bank_Transfer,Mumbai,test
T6973,U062,2022-04-14,Income,Investment,43138.0,Upi,Ahmedabad,Books
T12551,U041,2024-03-19,Income,Bonus,69498.0,Cash,Unknown,Uber ride
T5776,U016,2023-12-10,Expense,Others,8147.0,Cash,Ahmedabad,asdfgh
T5687,U075,2022-05-22,Expense,Travel,9290.0,Cash,Mumbai,asdfgh
T7136,U013,2024-01-05,Expense,Rent,21764.0,Cash,Mumbai,Internet bill
T11567,U007,2023-06-09,Income,Bonus,10561.0,Card,Pune,Restaurant dinner
T7921,U036,2021-10-03,Expense,Health,1094.0,Cash,Bangalore,No Notes
T11159,U120,2024-09-20,Income,Salary,30590.0,Cash,Mumbai,Monthly rent payment
T6076,U086,2023-01-21,Expense,Travel,1180.0,Card,Ahmedabad,Shopping
T10314,U073,2022-03-11,Income,Bonus,74511.0,Cash,Chennai,Restaurant dinner
T4087,U091,2024-08-09,Expense,Health,8711.0,Bank_Transfer,Hyderabad,Monthly rent payment
T0516,U028,2023-01-13,Expense,Travel,1844.0,Upi,Mumbai,Internet bill
T3787,U066,2024-05-17,Income,Salary,345332.0,Card,Bangalore,Train ticket
T12061,U109,2024-08-08,Expense,Rent,5384.0,Bank_Transfer,Hyderabad,!!!
T3621,U036,2024-06-07,Expense,Entertainment,4876.0,Card,Lucknow,Internet bill
T5029,U030,2023-05-22,Expense,Travel,6900.0,Bank_Transfer,Unknown,EMI payment
T11603,U064,2021-09-20,Income,Bonus,23156.0,Upi,Kolkata,asdfgh
T3484,U012,2023-05-10,Expense,Travel,8169.0,Bank_Transfer,Ahmedabad,No Notes
T0419,U007,2022-04-08,Expense,Food,2747.0,Bank_Transfer,Lucknow,No Notes
T7220,U052,2024-04-25,Expense,Others,2026.0,Cash,Mumbai,No Notes
T11920,U076,2023-05-25,Expense,Entertainment,5900.0,Card,Jaipur,Restaurant dinner
T0238,U098,2022-03-28,Expense,Utilities,259.0,Bank_Transfer,Unknown,No Notes
T7089,U148,2024-02-13,Expense,Utilities,1296.0,Card,Mumbai,Gym membership
T5697,U130,2022-06-09,Income,Bonus,73294.0,Bank_Transfer,Kolkata,Train ticket
T7070,U019,2023-12-22,Expense,Travel,3515.0,Card,Chennai,Gym membership
T0962,U009,2024-08-10,Expense,Travel,8963.0,Cash,Delhi,Online course
T11016,U103,2024-10-14,Expense,Others,3974.0,Cash,Delhi,No Notes
T2542,U112,2022-02-04,Expense,Food,3567.0,Bank_Transfer,Chennai,xyz123
T10728,U147,2021-09-16,Expense,Travel,2587.0,Cash,Hyderabad,xyz123
T1351,U078,2023-03-01,Expense,Travel,6946.0,Bank_Transfer,Ahmedabad,Coffee
T2883,U117,2022-03-21,Income,Salary,62732.0,Upi,Chennai,Movie tickets
T3132,U116,2024-05-04,Expense,Food,1474.0,Card,Pune,Books
T11707,U072,2022-06-29,Expense,Travel,5089.0,Upi,Chennai,Grocery shopping
T5405,U048,2023-08-19,Expense,Utilities,3359.0,Card,Unknown,Online course
T2760,U040,2023-02-22,Expense,Travel,9373.0,Bank_Transfer,Unknown,Doctor consultation
T2458,U120,2021-02-08,Expense,Food,3530.0,Card,Kolkata,No Notes
T8080,U022,2024-01-08,Expense,Entertainment,1467.0,Card,Chennai,No Notes
T3651,U150,2022-02-16,Expense,Travel,6805.0,Card,Mumbai,misc
T9272,U067,2022-05-04,Expense,Savings,3248.0,Card,Lucknow,!!!
T13054,U077,2023-07-13,Income,Salary,33513.0,Upi,Unknown,ATM withdrawal
T4525,U089,2023-07-25,Expense,Entertainment,6430.0,Upi,Jaipur,asdfgh
T11149,U073,2024-12-31,Expense,Health,9811.0,Card,Chennai,Fixed deposit
T7834,U039,2023-05-07,Expense,Food,257.0,Unknown,Kolkata,Monthly rent payment
T5051,U050,2023-09-13,Expense,Food,3672.0,Bank_Transfer,Lucknow,Lunch
T11444,U024,2024-04-08,Expense,Savings,3234.0,Cash,Kolkata,test
T7744,U150,2021-05-05,Income,Investment,37274.0,Cash,Jaipur,Online course
T0438,U027,2021-12-30,Expense,Rent,6422.0,Cash,Unknown,Petrol
T2868,U134,2022-07-06,Expense,Travel,7085.0,Card,Hyderabad,No Notes
T7957,U147,2022-08-11,Expense,Food,4585.0,Upi,Jaipur,No Notes
T10823,U117,2022-08-03,Expense,Rent,8344.0,Cash,Delhi,Movie tickets
T9601,U030,2022-02-17,Expense,Utilities,7558.0,Card,Hyderabad,Monthly rent payment
T9582,U125,2024-08-17,Expense,Education,228.0,Bank_Transfer,Bangalore,test
T8499,U132,2022-12-27,Income,Investment,67477.0,Cash,Delhi,Uber ride
T7963,U077,2024-09-26,Income,Freelance,18049.0,Cash,Pune,ATM withdrawal
T7339,U003,2024-08-01,Income,Bonus,77669.0,Bank_Transfer,Mumbai,Grocery shopping
T2134,U127,2022-02-17,Expense,Travel,1758.0,Upi,Unknown,No Notes
T2340,U136,2022-06-06,Expense,Others,9753.0,Bank_Transfer,Unknown,test
T11039,U150,2024-07-01,Expense,Rent,4455.0,Upi,Bangalore,Doctor consultation
T10374,U046,2021-07-12,Expense,Utilities,1143.0,Cash,Delhi,!!!
T13642,U106,2024-04-22,Expense,Rent,9516.0,Upi,Ahmedabad,No Notes
T8866,U017,2022-01-05,Expense,Rent,3861.0,Card,Hyderabad,asdfgh
T11064,U044,2022-05-03,Expense,Rent,2348.0,Cash,Lucknow,No Notes
T8742,U003,2023-04-20,Expense,Rent,9342.0,Cash,Lucknow,...
T2832,U071,2024-04-20,Income,Freelance,31189.0,Cash,Ahmedabad,Shopping
T1549,U029,2022-06-07,Expense,Entertainment,3609.0,Bank_Transfer,Pune,Monthly rent payment
T13663,U029,2022-06-12,Expense,Food,9075.0,Upi,Bangalore,test
T13339,U065,2021-02-13,Expense,Food,3400.0,Cash,Kolkata,EMI payment
T12198,U077,2021-12-16,Expense,Utilities,513.0,Cash,Chennai,No Notes
T9041,U041,2023-07-28,Expense,Entertainment,8622.0,Card,Mumbai,Monthly rent payment
T9596,U098,2021-12-22,Expense,Rent,28550.0,Upi,Mumbai,Doctor consultation
T1326,U053,2022-08-15,Expense,Utilities,1866.0,Upi,Jaipur,!!!
T8557,U142,2024-12-09,Expense,Food,7489.0,Card,Mumbai,xyz123
T5123,U064,2024-07-18,Income,Bonus,68738.0,Unknown,Kolkata,No Notes
T13481,U035,2021-04-07,Expense,Travel,4334.0,Bank_Transfer,Delhi,Uber ride
T8950,U110,2021-05-26,Expense,Health,3677.0,Bank_Transfer,Lucknow,Gym membership
T0602,U014,2022-03-25,Expense,Food,2828.0,Upi,Mumbai,Monthly rent payment
T12248,U094,2023-09-30,Expense,Entertainment,9482.0,Card,Hyderabad,EMI payment
T12375,U056,2021-01-14,Income,Investment,68275.0,Card,Bangalore,Monthly rent payment
T2346,U001,2023-11-13,Expense,Rent,34793.0,Upi,Kolkata,Online course
T7014,U013,2024-01-03,Expense,Health,4447.0,Bank_Transfer,Mumbai,No Notes
T7255,U113,2022-06-04,Expense,Others,4410.0,Card,Delhi,misc
T8914,U114,2023-09-13,Expense,Travel,1324.0,Cash,Jaipur,Petrol
T4173,U133,2023-11-08,Expense,Rent,48137.0,Bank_Transfer,Lucknow,Petrol
T10170,U132,2023-08-27,Expense,Rent,5906.0,Bank_Transfer,Mumbai,Medicine
T4164,U148,2021-08-06,Income,Others,67497.0,Card,Delhi,test
T8055,U001,2021-12-22,Expense,Entertainment,5385.0,Upi,Lucknow,Online course
T8857,U054,2024-01-23,Expense,Education,1532.0,Card,Kolkata,Electricity bill
T7484,U089,2024-02-03,Expense,Travel,6693.0,Cash,Kolkata,misc
T4884,U013,2024-02-20,Expense,Entertainment,6798.0,Upi,Ahmedabad,xyz123
T7759,U057,2023-07-10,Expense,Education,6170.0,Cash,Hyderabad,No Notes
T8946,U001,2024-11-04,Expense,Food,3907.0,Card,Hyderabad,ATM withdrawal
T13424,U023,2024-07-30,Expense,Travel,3877.0,Cash,Mumbai,Internet bill
T7089,U126,2022-03-10,Expense,Travel,780.0,Bank_Transfer,Pune,test
T11705,U111,2021-10-04,Expense,Entertainment,5005.0,Bank_Transfer,Delhi,EMI payment
T13818,U074,2022-09-03,Expense,Rent,7199.0,Card,Ahmedabad,Petrol
T13723,U123,2021-10-03,Income,Freelance,33728.0,Upi,Unknown,No Notes
T5273,U007,2023-04-19,Expense,Food,6472.0,Card,Hyderabad,misc
T6443,U021,2021-05-15,Expense,Entertainment,8736.0,Card,Chennai,No Notes
T0485,U081,2024-07-23,Expense,Food,742.0,Cash,Bangalore,No Notes
T3776,U031,2021-03-19,Expense,Entertainment,666.0,Cash,Delhi,No Notes
T11082,U032,2022-11-17,Expense,Entertainment,7889.0,Card,Hyderabad,Grocery shopping
T3205,U067,2024-11-18,Income,Investment,64790.0,Upi,Kolkata,Monthly rent payment
T1008,U150,2024-10-19,Income,Others,38626.0,Upi,Hyderabad,test
T5656,U037,2022-11-24,Expense,Rent,9444.0,Bank_Transfer,Jaipur,Monthly rent payment
T5701,U094,2022-02-14,Expense,Rent,8747.0,Card,Ahmedabad,Uber ride
T11782,U101,2023-06-11,Income,Salary,64972.0,Upi,Hyderabad,Lunch
T7874,U073,2024-10-26,Expense,Food,4782.0,Cash,Chennai,No Notes
T9939,U058,2021-01-27,Expense,Food,6804.0,Card,Bangalore,No Notes
T5259,U074,2024-11-17,Expense,Food,8506.0,Cash,Jaipur,No Notes
T4069,U132,2024-01-28,Income,Investment,76688.0,Upi,Bangalore,Restaurant dinner
T9807,U103,2023-02-17,Expense,Food,2077.0,Cash,Jaipur,Uber ride
T8681,U082,2023-01-24,Income,Salary,73017.0,Cash,Chennai,Uber ride
T9384,U062,2024-11-26,Expense,Entertainment,3454.0,Cash,Unknown,Books
T6994,U092,2022-05-10,Expense,Entertainment,9187.0,Upi,Lucknow,Train ticket
T0677,U003,2023-09-18,Expense,Entertainment,3619.0,Upi,Bangalore,Coffee
T7421,U027,2021-07-14,Income,Bonus,30989.0,Card,Chennai,Electricity bill
T1269,U021,2022-04-20,Expense,Travel,3460.0,Upi,Jaipur,Coffee
T12834,U037,2022-01-12,Expense,Rent,42864.0,Bank_Transfer,Lucknow,Petrol
T3105,U084,2022-11-07,Income,Salary,63429.0,Unknown,Pune,Online course
T8932,U107,2024-01-05,Expense,Others,4076.0,Unknown,Lucknow,asdfgh
T6746,U125,2021-03-05,Expense,Travel,6569.0,Card,Kolkata,No Notes
T3130,U096,2021-09-11,Expense,Food,9635.0,Bank_Transfer,Kolkata,Gym membership
T7332,U118,2022-06-17,Expense,Travel,4897.0,Card,Delhi,Internet bill
T11357,U094,2022-11-14,Expense,Utilities,4440.0,Upi,Unknown,Electricity bill
T13816,U008,2023-07-19,Expense,Entertainment,6978.0,Unknown,Hyderabad,Movie tickets
T6194,U118,2021-06-26,Expense,Savings,4895.0,Upi,Bangalore,Internet bill
T8700,U080,2021-11-03,Expense,Entertainment,7089.0,Card,Hyderabad,Petrol
T2086,U078,2021-08-28,Expense,Rent,1977.0,Bank_Transfer,Kolkata,Monthly rent payment
T10737,U113,2022-12-18,Expense,Food,4901.0,Cash,Mumbai,Electricity bill
T9895,U035,2023-06-30,Expense,Rent,27374.0,Bank_Transfer,Lucknow,No Notes
T12041,U100,2023-12-14,Expense,Travel,5514.0,Upi,Hyderabad,Electricity bill
T2583,U029,2021-01-07,Expense,Rent,20104.0,Card,Kolkata,Internet bill
T4198,U060,2024-02-27,Expense,Travel,1272.0,Bank_Transfer,Jaipur,Electricity bill
T8187,U069,2022-11-28,Expense,Food,3837.0,Bank_Transfer,Delhi,Internet bill
T2931,U046,2022-06-17,Expense,Rent,999999.0,Bank_Transfer,Bangalore,Train ticket
T6459,U092,2022-06-15,Income,Bonus,60619.0,Card,Hyderabad,asdfgh
T5779,U074,2022-02-14,Income,Others,24450.0,Card,Mumbai,Train ticket
T9334,U076,2021-08-25,Expense,Entertainment,5217.0,Upi,Pune,Petrol
T6836,U099,2024-02-19,Expense,Utilities,9479.0,Bank_Transfer,Chennai,ATM withdrawal
T3996,U012,2021-10-14,Expense,Travel,5187.0,Bank_Transfer,Mumbai,Restaurant dinner
T9634,U075,2022-09-08,Expense,Utilities,5077.0,Card,Pune,EMI payment
T13820,U023,2022-08-09,Expense,Rent,8335.0,Bank_Transfer,Jaipur,Electricity bill
T1266,U142,2021-09-02,Expense,Utilities,2259.0,Card,Ahmedabad,test
T13616,U006,2021-01-21,Expense,Food,4126.0,Bank_Transfer,Ahmedabad,No Notes
T7152,U045,2022-10-15,Expense,Travel,6096.0,Upi,Kolkata,Electricity bill
T6859,U149,2024-08-01,Expense,Food,3726.0,Unknown,Lucknow,Internet bill
T5216,U147,2024-09-13,Expense,Travel,5935.0,Upi,Hyderabad,Books
T13919,U102,2022-07-07,Expense,Food,2380.0,Card,Ahmedabad,Coffee
T6360,U036,2024-05-04,Expense,Rent,33185.0,Bank_Transfer,Chennai,...
T7762,U142,2022-11-19,Expense,Travel,835.0,Upi,Ahmedabad,Fixed deposit
T9786,U061,2024-11-25,Expense,Rent,7511.0,Upi,Lucknow,!!!
T3445,U017,2023-12-17,Expense,Utilities,9386.0,Bank_Transfer,Bangalore,!!!
T13914,U003,2022-06-06,Expense,Education,2979.0,Card,Jaipur,...
T1296,U091,2024-12-06,Expense,Health,7110.0,Upi,Pune,Doctor consultation
T7826,U112,2021-07-15,Expense,Savings,1945.0,Upi,Mumbai,misc
T9589,U125,2022-08-13,Expense,Travel,2538.0,Cash,Mumbai,Electricity bill
T1766,U026,2022-11-19,Expense,Food,561.0,Upi,Lucknow,Restaurant dinner
T9243,U090,2024-12-19,Expense,Utilities,2083.0,Cash,Pune,Doctor consultation
T6159,U038,2024-12-14,Expense,Food,3301.0,Upi,Jaipur,test
T1869,U121,2024-01-11,Expense,Travel,7414.0,Cash,Lucknow,Uber ride
T5849,U126,2023-08-10,Expense,Travel,9734.0,Upi,Unknown,Movie tickets
T10885,U058,2022-09-23,Income,Freelance,15825.0,Card,Jaipur,Uber ride
T3270,U075,2022-12-20,Expense,Rent,22072.0,Cash,Jaipur,Fixed deposit
T9244,U068,2021-07-22,Income,Others,51181.0,Cash,Hyderabad,Fixed deposit
T0471,U054,2022-04-06,Expense,Rent,6519.0,Card,Hyderabad,...
T4520,U041,2021-09-11,Expense,Others,3474.0,Upi,Lucknow,Coffee
T12066,U003,2024-11-24,Income,Others,20533.0,Bank_Transfer,Kolkata,Train ticket
T13939,U076,2024-01-21,Expense,Food,3117.0,Cash,Jaipur,Coffee
T12976,U024,2021-08-25,Income,Others,27796.0,Upi,Chennai,Coffee
T13838,U040,2022-04-16,Expense,Rent,6078.0,Bank_Transfer,Mumbai,No Notes
T9578,U106,2021-01-26,Expense,Rent,5871.0,Bank_Transfer,Pune,No Notes
T1074,U117,2024-03-31,Expense,Rent,42691.0,Cash,Jaipur,Lunch
T8873,U017,2023-04-20,Expense,Travel,258.0,Cash,Delhi,No Notes
T4970,U050,2022-08-07,Expense,Rent,9994.0,Upi,Ahmedabad,Train ticket
T10678,U108,2022-12-24,Expense,Health,2416.0,Upi,Delhi,Books
T6834,U052,2021-01-18,Expense,Travel,2784.0,Cash,Jaipur,Online course
T12726,U007,2022-03-18,Expense,Rent,292.0,Card,Delhi,Uber ride
T0613,U104,2024-02-24,Expense,Food,1823.0,Bank_Transfer,Lucknow,Lunch
T5429,U001,2022-12-26,Expense,Utilities,6861.0,Cash,Lucknow,No Notes
T7918,U098,2023-01-05,Expense,Food,4852.0,Card,Kolkata,No Notes
T8796,U110,2024-02-05,Expense,Food,3167.0,Cash,Lucknow,No Notes
T13873,U024,2024-10-13,Income,Investment,63220.0,Card,Delhi,Online course
T1392,U134,2021-03-19,Expense,Food,3780.0,Bank_Transfer,Pune,...
T0730,U136,2023-02-04,Income,Others,64657.0,Card,Ahmedabad,Lunch
T6829,U048,2024-08-08,Expense,Food,999999.0,Card,Mumbai,Petrol
T10949,U134,2023-03-19,Expense,Others,5451.0,Cash,Pune,Coffee
T7463,U046,2024-04-23,Expense,Food,486.0,Bank_Transfer,Hyderabad,Fixed deposit
T11179,U001,2024-09-05,Expense,Travel,6871.0,Upi,Lucknow,Monthly rent payment
T7414,U111,2024-10-14,Expense,Entertainment,7219.0,Card,Chennai,Train ticket
T4038,U084,2022-04-28,Expense,Food,1456.0,Cash,Unknown,Shopping
T0425,U088,2023-02-09,Income,Investment,53995.0,Card,Mumbai,No Notes
T2531,U114,2021-07-17,Expense,Rent,40824.0,Upi,Lucknow,...
T9713,U032,2024-07-15,Expense,Travel,1803.0,Cash,Chennai,Uber ride
T3836,U013,2021-04-19,Income,Salary,23907.0,Upi,Ahmedabad,No Notes
T1037,U084,2024-05-12,Income,Others,892217.0,Card,Jaipur,Movie tickets
T12579,U052,2023-03-08,Expense,Rent,38431.0,Card,Hyderabad,Lunch
T9509,U056,2022-08-04,Expense,Travel,887.0,Card,Jaipur,Restaurant dinner
T13784,U119,2021-08-08,Income,Investment,47751.0,Upi,Ahmedabad,No Notes
T2575,U128,2024-03-23,Expense,Entertainment,7034.0,Unknown,Delhi,Electricity bill
T10059,U019,2022-05-22,Expense,Travel,9371.0,Upi,Unknown,Lunch
T0921,U050,2024-05-31,Expense,Travel,6726.0,Card,Kolkata,Electricity bill
T5938,U071,2023-09-04,Expense,Entertainment,9299.0,Bank_Transfer,Lucknow,No Notes
T13330,U047,2022-10-03,Expense,Education,3506.0,Cash,Chennai,Restaurant dinner
T10284,U089,2021-04-06,Expense,Rent,3987.0,Unknown,Ahmedabad,Doctor consultation
T5636,U085,2023-04-16,Expense,Utilities,4200.0,Card,Mumbai,...
T7769,U061,2024-05-22,Expense,Rent,26131.0,Bank_Transfer,Unknown,Fixed deposit
T0423,U050,2021-09-16,Expense,Utilities,4083.0,Bank_Transfer,Hyderabad,EMI payment
T3657,U096,2021-12-30,Expense,Rent,31559.0,Unknown,Pune,No Notes
T7135,U018,2022-05-13,Expense,Others,7768.0,Card,Jaipur,No Notes
T0724,U016,2023-06-11,Expense,Rent,9527.0,Cash,Hyderabad,Gym membership
T7550,U077,2023-05-31,Expense,Entertainment,6229.0,Cash,Lucknow,misc
T13266,U041,2022-01-22,Income,Bonus,49633.0,Upi,Chennai,Books
T2779,U001,2022-12-22,Expense,Savings,1022.0,Cash,Pune,Doctor consultation
T3899,U079,2024-02-26,Expense,Utilities,6055.0,Cash,Bangalore,asdfgh
T7987,U073,2023-02-08,Income,Investment,32845.0,Card,Chennai,No Notes
T1793,U027,2021-12-13,Expense,Food,2826.0,Cash,Mumbai,Lunch
T2408,U001,2022-08-15,Expense,Education,7554.0,Bank_Transfer,Jaipur,Uber ride
T4091,U072,2024-07-18,Expense,Rent,2297.0,Card,Pune,!!!
T7938,U117,2023-08-30,Expense,Food,4517.0,Bank_Transfer,Jaipur,EMI payment
T2153,U028,2023-02-26,Expense,Rent,29126.0,Cash,Ahmedabad,Doctor consultation
T10969,U107,2023-01-07,Expense,Food,1684.0,Card,Jaipur,test
T11906,U017,2022-06-28,Expense,Health,8671.0,Upi,Unknown,Movie tickets
T5291,U013,2024-04-19,Expense,Travel,312.0,Cash,Lucknow,Doctor consultation
T2775,U104,2024-12-19,Expense,Others,4564.0,Bank_Transfer,Delhi,Monthly rent payment
T7341,U088,2023-11-17,Expense,Entertainment,5047.0,Upi,Delhi,!!!
T2746,U092,2023-04-30,Expense,Travel,6854.0,Card,Lucknow,Monthly rent payment
T6589,U049,2022-04-19,Expense,Savings,7310.0,Bank_Transfer,Bangalore,No Notes
T2748,U031,2024-07-07,Expense,Travel,4091.0,Bank_Transfer,Pune,asdfgh
T3151,U022,2024-03-20,Expense,Health,4645.0,Card,Hyderabad,Restaurant dinner
T12576,U077,2023-03-30,Expense,Education,5714.0,Upi,Pune,Lunch
T12380,U103,2024-06-07,Income,Salary,27552.0,Card,Kolkata,No Notes
T11212,U091,2022-06-19,Expense,Education,5466.0,Unknown,Kolkata,Petrol
T11767,U008,2023-08-27,Expense,Rent,2992.0,Cash,Bangalore,No Notes
T12667,U112,2022-08-31,Expense,Education,4689.0,Cash,Hyderabad,Internet bill
T3763,U037,2022-12-08,Expense,Food,6079.0,Card,Delhi,No Notes
T6185,U032,2023-12-13,Expense,Others,4336.0,Cash,Unknown,No Notes
T1209,U069,2021-09-17,Expense,Food,1237.0,Cash,Chennai,Books
T10151,U035,2022-03-17,Expense,Entertainment,8831.0,Unknown,Bangalore,Medicine
T12165,U013,2021-09-07,Expense,Travel,4994.0,Upi,Pune,asdfgh
T4788,U001,2021-04-17,Expense,Rent,5328.0,Bank_Transfer,Hyderabad,EMI payment
T7267,U018,2021-08-29,Expense,Utilities,4303.0,Upi,Chennai,Doctor consultation
T11834,U018,2022-12-21,Expense,Utilities,4529.0,Card,Hyderabad,Train ticket
T7946,U103,2022-11-27,Income,Freelance,49289.0,Card,Ahmedabad,Shopping
T5211,U139,2021-03-18,Expense,Education,1707.0,Upi,Chennai,Internet bill
T13358,U050,2022-02-08,Expense,Travel,3531.0,Cash,Hyderabad,Petrol
T1354,U009,2024-06-14,Expense,Education,6961.0,Card,Chennai,Uber ride
T10494,U079,2022-01-15,Expense,Food,1563.0,Cash,Unknown,!!!
T1921,U055,2023-10-01,Expense,Travel,5250.0,Card,Mumbai,No Notes
T1425,U066,2023-04-12,Income,Freelance,47990.0,Cash,Lucknow,Electricity bill
T4694,U118,2021-04-29,Expense,Education,8802.0,Bank_Transfer,Kolkata,No Notes
T11955,U080,2022-02-10,Expense,Health,4865.0,Upi,Mumbai,Internet bill
T12618,U105,2023-10-22,Income,Others,10812.0,Bank_Transfer,Unknown,...
T9839,U002,2022-11-17,Expense,Education,9892.0,Card,Unknown,Online course
T5487,U028,2021-08-03,Expense,Rent,35977.0,Card,Hyderabad,!!!
T13669,U060,2022-04-16,Expense,Food,2575.0,Cash,Bangalore,test
T13847,U068,2021-04-04,Expense,Others,474.0,Card,Chennai,Shopping
T0266,U077,2024-03-26,Expense,Food,7215.0,Card,Pune,Electricity bill
T0729,U018,2024-12-16,Expense,Utilities,6921.0,Upi,Pune,Restaurant dinner
T2586,U066,2023-02-09,Expense,Rent,5682.0,Unknown,Bangalore,ATM withdrawal
T9562,U047,2021-03-22,Expense,Travel,3925.0,Card,Kolkata,No Notes
T4729,U025,2022-03-09,Income,Investment,59014.0,Cash,Chennai,Restaurant dinner
T9946,U057,2021-05-18,Expense,Rent,7959.0,Card,Kolkata,No Notes
T3017,U058,2021-06-14,Expense,Utilities,4418.0,Bank_Transfer,Ahmedabad,Doctor consultation
T7683,U101,2023-05-27,Expense,Rent,37019.0,Cash,Pune,Grocery shopping
T13758,U080,2021-05-30,Expense,Food,3541.0,Card,Ahmedabad,Shopping
T13692,U130,2023-12-25,Expense,Utilities,1048.0,Bank_Transfer,Hyderabad,Movie tickets
T8157,U031,2024-09-05,Expense,Food,838.0,Cash,Ahmedabad,Movie tickets
T11910,U053,2021-02-24,Expense,Entertainment,1652.0,Cash,Bangalore,test
T5217,U101,2021-12-20,Expense,Rent,9794.0,Cash,Lucknow,Movie tickets
T12469,U053,2021-04-28,Expense,Rent,17155.0,Upi,Pune,Lunch
T3643,U050,2023-09-19,Income,Freelance,71775.0,Cash,Chennai,test
T5631,U015,2023-03-01,Expense,Food,3527.0,Cash,Lucknow,Online course
T2499,U035,2024-08-27,Expense,Travel,4214.0,Card,Unknown,Train ticket
T0433,U022,2023-10-25,Expense,Utilities,1268.0,Upi,Kolkata,Medicine
T13632,U036,2024-02-25,Expense,Travel,6175.0,Card,Unknown,No Notes
T1159,U016,2023-04-04,Expense,Rent,43025.0,Cash,Bangalore,No Notes
T1455,U056,2023-05-29,Expense,Entertainment,1415.0,Cash,Chennai,Medicine
T3179,U075,2023-03-03,Expense,Food,709.0,Bank_Transfer,Ahmedabad,misc
T8074,U099,2023-04-26,Expense,Travel,6538.0,Upi,Hyderabad,asdfgh
T11781,U057,2021-08-20,Expense,Rent,32159.0,Upi,Pune,Shopping
T5574,U116,2022-07-28,Expense,Savings,4952.0,Card,Hyderabad,Lunch
T6078,U047,2021-06-01,Income,Investment,32323.0,Upi,Ahmedabad,Lunch
T0519,U019,2023-12-21,Income,Others,48455.0,Upi,Mumbai,Doctor consultation
T8527,U078,2023-10-31,Expense,Entertainment,8528.0,Card,Chennai,Grocery shopping
T9791,U051,2023-10-28,Income,Others,15408.0,Card,Ahmedabad,Books
T9064,U075,2022-10-13,Expense,Health,6652.0,Card,Delhi,Train ticket
T9754,U070,2022-01-06,Expense,Food,2348.0,Cash,Unknown,Fixed deposit
T4197,U149,2024-11-22,Expense,Food,782.0,Cash,Chennai,Fixed deposit
T12647,U027,2023-04-13,Expense,Food,3079.0,Upi,Delhi,No Notes
T4202,U019,2022-05-10,Expense,Utilities,2847.0,Bank_Transfer,Kolkata,Movie tickets
T10147,U023,2023-12-20,Expense,Education,6707.0,Cash,Pune,Lunch
T9257,U097,2023-08-21,Income,Bonus,74423.0,Bank_Transfer,Hyderabad,Coffee
T4123,U076,2022-12-24,Expense,Rent,7169.0,Upi,Unknown,Monthly rent payment
T13922,U091,2022-09-04,Expense,Utilities,8027.0,Upi,Bangalore,No Notes
T5366,U043,2024-07-15,Income,Freelance,48444.0,Card,Bangalore,No Notes
T4425,U046,2022-06-10,Expense,Rent,8482.0,Card,Jaipur,test
T12532,U005,2024-10-23,Income,Freelance,51092.0,Cash,Unknown,Internet bill
T10608,U046,2023-04-05,Income,Freelance,57098.0,Card,Unknown,ATM withdrawal
T11156,U066,2024-04-19,Expense,Rent,20018.0,Card,Delhi,test
T7338,U086,2022-01-25,Expense,Food,1663.0,Unknown,Pune,Gym membership
T9975,U137,2023-09-07,Expense,Utilities,6183.0,Bank_Transfer,Chennai,No Notes
T3009,U106,2022-11-02,Expense,Rent,5651.0,Cash,Jaipur,No Notes
T12971,U113,2023-10-21,Income,Others,45535.0,Upi,Mumbai,Petrol
T11716,U021,2024-03-25,Expense,Food,614.0,Upi,Ahmedabad,!!!
T11204,U099,2023-12-30,Expense,Rent,7425.0,Card,Chennai,No Notes
T10218,U030,2022-03-28,Expense,Rent,5719.0,Cash,Unknown,Fixed deposit
T11415,U011,2023-11-28,Expense,Health,5284.0,Bank_Transfer,Mumbai,No Notes
T5091,U117,2022-03-08,Expense,Health,6195.0,Upi,Mumbai,No Notes
T11718,U146,2021-02-03,Expense,Food,9407.0,Bank_Transfer,Mumbai,misc
T12116,U048,2022-11-03,Expense,Travel,3913.0,Bank_Transfer,Kolkata,Train ticket
T10892,U137,2024-11-12,Income,Salary,12644.0,Bank_Transfer,Delhi,Lunch
T11060,U072,2024-11-06,Income,Investment,10731.0,Card,Chennai,Fixed deposit
T2351,U149,2022-02-03,Expense,Entertainment,9061.0,Cash,Bangalore,Internet bill
T0379,U053,2022-01-05,Expense,Utilities,9695.0,Unknown,Bangalore,!!!
T8243,U020,2023-10-18,Expense,Utilities,3716.0,Bank_Transfer,Ahmedabad,Coffee
T5400,U001,2024-11-12,Expense,Education,8805.0,Bank_Transfer,Bangalore,misc
T8626,U117,2024-03-30,Expense,Rent,883.0,Card,Bangalore,Electricity bill
T12869,U101,2024-11-09,Expense,Rent,730.0,Cash,Jaipur,test
T2799,U129,2021-10-21,Expense,Education,8842.0,Upi,Ahmedabad,Internet bill
T11704,U129,2023-04-27,Expense,Education,3236.0,Cash,Bangalore,Electricity bill
T13265,U120,2022-04-11,Expense,Rent,9828.0,Upi,Mumbai,Gym membership
T10821,U120,2023-08-27,Expense,Travel,7979.0,Bank_Transfer,Bangalore,Doctor consultation
T12606,U052,2021-11-17,Expense,Food,3891.0,Card,Chennai,xyz123
T12104,U107,2022-06-08,Expense,Food,2718.0,Card,Chennai,Online course
T1417,U079,2022-09-14,Expense,Entertainment,9896.0,Cash,Delhi,Monthly rent payment
T2189,U137,2023-05-16,Expense,Food,4341.0,Cash,Kolkata,ATM withdrawal
T3352,U109,2023-01-16,Expense,Education,323.0,Bank_Transfer,Delhi,Electricity bill
T5446,U126,2022-02-07,Expense,Entertainment,8568.0,Bank_Transfer,Bangalore,Medicine
T3731,U057,2022-02-14,Expense,Rent,9945.0,Cash,Ahmedabad,Shopping
T6577,U046,2023-04-06,Income,Freelance,75229.0,Card,Pune,Restaurant dinner
T9089,U052,2024-03-14,Expense,Utilities,9683.0,Cash,Chennai,Lunch
T6580,U031,2021-08-22,Income,Freelance,22976.0,Card,Kolkata,ATM withdrawal
T12549,U131,2024-05-01,Expense,Entertainment,8719.0,Unknown,Bangalore,No Notes
T11967,U059,2022-04-01,Income,Salary,69750.0,Upi,Ahmedabad,Fixed deposit
T12642,U069,2021-01-12,Income,Freelance,49094.0,Upi,Pune,Monthly rent payment
T2932,U116,2022-03-24,Expense,Food,1786.0,Card,Mumbai,test
T13477,U149,2022-03-08,Expense,Entertainment,2334.0,Card,Ahmedabad,No Notes
T13317,U032,2024-05-05,Expense,Entertainment,4977.0,Upi,Delhi,Internet bill
T5185,U076,2022-01-19,Income,Salary,78908.0,Bank_Transfer,Hyderabad,Gym membership
T6646,U143,2024-12-06,Expense,Entertainment,7361.0,Card,Jaipur,Electricity bill
T4150,U127,2021-09-15,Expense,Health,297.0,Bank_Transfer,Ahmedabad,Fixed deposit
T1975,U137,2022-01-07,Expense,Utilities,9048.0,Upi,Pune,Internet bill
T11394,U125,2022-01-26,Expense,Food,2803.0,Card,Pune,misc
T2540,U037,2021-10-29,Income,Bonus,15446.0,Upi,Jaipur,!!!
T9507,U023,2022-04-07,Expense,Education,8582.0,Bank_Transfer,Unknown,Grocery shopping
T0289,U096,2022-12-09,Expense,Travel,1617.0,Card,Ahmedabad,EMI payment
T2695,U066,2023-06-13,Expense,Food,8883.0,Card,Lucknow,misc
T13306,U005,2022-04-16,Expense,Utilities,9106.0,Card,Hyderabad,No Notes
T9316,U086,2022-06-23,Income,Bonus,31030.0,Cash,Lucknow,Restaurant dinner
T9510,U069,2023-08-14,Expense,Entertainment,9885.0,Bank_Transfer,Delhi,No Notes
T11826,U005,2021-12-12,Income,Investment,21112.0,Bank_Transfer,Mumbai,Medicine
T13720,U034,2023-12-10,Expense,Others,9568.0,Bank_Transfer,Delhi,Lunch
T7116,U065,2022-01-26,Expense,Entertainment,5821.0,Card,Lucknow,Fixed deposit
T8091,U035,2022-06-02,Expense,Travel,3315.0,Cash,Hyderabad,...
T4222,U137,2023-09-30,Expense,Travel,131.0,Card,Chennai,Train ticket
T7198,U142,2022-08-07,Income,Investment,55171.0,Card,Lucknow,asdfgh
T1220,U085,2023-12-07,Expense,Utilities,5868.0,Bank_Transfer,Unknown,xyz123
T9394,U027,2024-06-06,Expense,Food,6514.0,Bank_Transfer,Kolkata,No Notes
T5813,U059,2021-10-06,Expense,Food,937.0,Cash,Lucknow,Gym membership
T8859,U022,2021-11-20,Expense,Food,940.0,Card,Bangalore,Movie tickets
T4886,U073,2022-09-21,Expense,Savings,1896.0,Bank_Transfer,Lucknow,Grocery shopping
T5137,U057,2021-02-11,Expense,Rent,16927.0,Card,Bangalore,Petrol
T2409,U083,2023-03-24,Expense,Food,1391.0,Unknown,Mumbai,test
T13205,U117,2024-11-10,Income,Salary,22105.0,Upi,Pune,No Notes
T9486,U013,2023-01-07,Expense,Rent,4489.0,Bank_Transfer,Delhi,!!!
T1141,U002,2024-01-17,Expense,Utilities,3348.0,Bank_Transfer,Lucknow,Electricity bill
T6938,U066,2023-07-04,Expense,Entertainment,5115.0,Bank_Transfer,Lucknow,Fixed deposit
T0200,U072,2022-02-04,Expense,Travel,9488.0,Cash,Mumbai,Movie tickets
T5180,U120,2023-11-21,Expense,Travel,6347.0,Bank_Transfer,Hyderabad,Coffee
T11339,U085,2022-09-07,Expense,Food,5196.0,Card,Kolkata,Coffee
T10689,U009,2024-10-24,Expense,Entertainment,6250.0,Upi,Kolkata,xyz123
T9492,U077,2021-05-14,Expense,Entertainment,7738.0,Upi,Chennai,asdfgh
T1498,U039,2024-08-11,Income,Salary,58671.0,Card,Mumbai,No Notes
T8504,U148,2023-11-24,Expense,Entertainment,3326.0,Card,Ahmedabad,EMI payment
T1007,U017,2024-05-06,Expense,Food,923.0,Bank_Transfer,Hyderabad,test
T5049,U058,2022-06-13,Expense,Rent,7397.0,Upi,Lucknow,Lunch
T8558,U009,2022-09-25,Expense,Education,4288.0,Bank_Transfer,Lucknow,Grocery shopping
T3985,U085,2021-05-07,Expense,Rent,29253.0,Card,Hyderabad,Internet bill
T11481,U046,2022-03-26,Expense,Rent,752.0,Cash,Jaipur,misc
T6329,U088,2024-02-19,Income,Others,24030.0,Unknown,Mumbai,Movie tickets
T13946,U047,2022-02-18,Expense,Rent,5145.0,Upi,Kolkata,...
T9768,U032,2021-04-02,Expense,Entertainment,9649.0,Bank_Transfer,Hyderabad,Shopping
T10201,U049,2022-05-24,Expense,Rent,23786.0,Upi,Unknown,Internet bill
T7046,U143,2024-11-05,Expense,Utilities,4705.0,Card,Hyderabad,Electricity bill
T2325,U006,2021-03-12,Expense,Entertainment,1597.0,Bank_Transfer,Hyderabad,No Notes
T4428,U013,2022-02-04,Expense,Travel,6453.0,Upi,Hyderabad,Movie tickets
T3541,U095,2021-04-02,Expense,Entertainment,4157.0,Cash,Bangalore,Lunch
T3363,U123,2024-10-24,Expense,Rent,21586.0,Card,Chennai,Shopping
T13661,U106,2022-09-01,Expense,Rent,40480.0,Upi,Unknown,Fixed deposit
T0923,U112,2024-09-27,Expense,Education,1571.0,Card,Lucknow,test
T7372,U133,2024-07-06,Income,Freelance,71773.0,Cash,Unknown,!!!
T2882,U018,2024-09-12,Expense,Food,2513.0,Upi,Pune,No Notes
T10000,U023,2024-02-14,Expense,Food,7702.0,Unknown,Bangalore,xyz123
T6888,U078,2021-07-16,Income,Investment,21910.0,Card,Pune,!!!
T7911,U110,2023-08-21,Expense,Food,2929.0,Cash,Bangalore,Movie tickets
T5849,U136,2023-01-23,Expense,Rent,5506.0,Card,Kolkata,xyz123
T7104,U009,2024-11-23,Expense,Entertainment,6764.0,Cash,Kolkata,ATM withdrawal
T11314,U006,2024-09-28,Expense,Health,6823.0,Cash,Delhi,Lunch
T8077,U030,2024-04-20,Expense,Travel,840.0,Upi,Chennai,Doctor consultation
T12029,U118,2023-06-10,Income,Salary,56450.0,Cash,Jaipur,ATM withdrawal
T6248,U011,2021-05-26,Expense,Rent,7037.0,Unknown,Pune,Gym membership
T5477,U010,2021-08-18,Income,Others,63341.0,Upi,Lucknow,Gym membership
T5410,U016,2023-09-02,Expense,Rent,6076.0,Bank_Transfer,Jaipur,Electricity bill
T9773,U073,2022-06-24,Expense,Food,3805.0,Bank_Transfer,Chennai,Doctor consultation
T12780,U110,2021-10-24,Expense,Travel,8911.0,Bank_Transfer,Mumbai,No Notes
T6485,U072,2021-08-22,Expense,Food,8142.0,Cash,Lucknow,xyz123
T5504,U141,2021-04-12,Expense,Health,9529.0,Cash,Hyderabad,Grocery shopping
T7773,U123,2023-08-17,Income,Investment,54407.0,Card,Pune,Lunch
T10342,U022,2023-11-22,Expense,Entertainment,5419.0,Bank_Transfer,Bangalore,...
T7169,U030,2023-12-30,Expense,Rent,16289.0,Card,Delhi,Lunch
T11747,U006,2023-09-17,Expense,Food,6002.0,Card,Kolkata,Online course
T3155,U018,2021-10-21,Expense,Entertainment,7163.0,Bank_Transfer,Mumbai,Shopping
T11167,U150,2023-11-21,Expense,Utilities,4848.0,Card,Kolkata,Restaurant dinner
T4137,U004,2022-05-15,Income,Investment,73065.0,Upi,Unknown,Movie tickets
T11607,U080,2021-12-09,Expense,Food,8853.0,Card,Hyderabad,No Notes
T3790,U109,2024-06-18,Expense,Health,5180.0,Card,Mumbai,...
T1541,U043,2022-04-10,Expense,Food,8623.0,Bank_Transfer,Delhi,Restaurant dinner
T9242,U089,2021-12-23,Expense,Others,8226.0,Cash,Delhi,No Notes
T5457,U124,2024-08-01,Expense,Rent,454.0,Bank_Transfer,Ahmedabad,test
T2339,U069,2022-05-24,Income,Investment,70958.0,Unknown,Mumbai,Doctor consultation
T6468,U111,2022-12-19,Expense,Food,7539.0,Unknown,Chennai,Monthly rent payment
T2031,U026,2022-12-22,Expense,Utilities,3213.0,Card,Bangalore,Lunch
T5361,U099,2021-02-18,Expense,Food,764.0,Card,Hyderabad,No Notes
T13589,U148,2021-05-27,Expense,Rent,25214.0,Card,Delhi,Fixed deposit
T3760,U057,2022-10-01,Expense,Education,900.0,Upi,Hyderabad,No Notes
T10968,U090,2024-06-12,Expense,Travel,6226.0,Bank_Transfer,Bangalore,Medicine
T7409,U099,2024-10-14,Income,Others,27874.0,Upi,Bangalore,EMI payment
T9400,U102,2023-05-27,Expense,Utilities,6675.0,Card,Jaipur,No Notes
T13988,U040,2023-10-29,Expense,Rent,36626.0,Upi,Kolkata,xyz123
T12622,U131,2021-10-07,Expense,Utilities,1845.0,Cash,Unknown,Electricity bill
T3499,U028,2022-07-17,Expense,Health,6400.0,Card,Delhi,Lunch
T4265,U050,2024-06-13,Expense,Education,1531.0,Bank_Transfer,Ahmedabad,Uber ride
T11307,U002,2022-08-31,Expense,Travel,3904.0,Upi,Kolkata,Books
T5310,U007,2021-01-10,Expense,Rent,40706.0,Card,Lucknow,Movie tickets
T8768,U025,2023-07-31,Expense,Travel,231.0,Card,Bangalore,Books
T5444,U058,2022-07-02,Expense,Travel,5736.0,Bank_Transfer,Mumbai,Books
T5497,U037,2023-06-24,Expense,Utilities,8126.0,Cash,Unknown,No Notes
T6804,U104,2024-01-07,Expense,Others,8670.0,Bank_Transfer,Pune,test
T13687,U024,2021-10-12,Expense,Health,4678.0,Unknown,Ahmedabad,Gym membership
T10495,U079,2024-07-21,Expense,Rent,5855.0,Upi,Mumbai,Movie tickets
T12036,U149,2024-09-12,Expense,Utilities,8836.0,Bank_Transfer,Chennai,Internet bill
T2982,U083,2022-08-04,Expense,Others,6371.0,Card,Mumbai,No Notes
T13252,U011,2022-04-06,Expense,Food,3566.0,Upi,Bangalore,Monthly rent payment
T5171,U144,2024-04-15,Income,Investment,18633.0,Card,Ahmedabad,Movie tickets
T5435,U066,2022-09-19,Expense,Utilities,1555.0,Upi,Jaipur,misc
T5012,U138,2021-03-12,Expense,Rent,4616.0,Cash,Kolkata,!!!
T6898,U023,2022-11-20,Expense,Food,8115.0,Cash,Chennai,Online course
T6198,U109,2022-07-20,Expense,Food,1931.0,Upi,Unknown,Grocery shopping
T9654,U098,2021-08-17,Expense,Rent,5889.0,Bank_Transfer,Chennai,Electricity bill
T8712,U130,2023-02-09,Expense,Food,2407.0,Cash,Bangalore,test
T5734,U112,2021-10-01,Expense,Travel,5720.0,Card,Ahmedabad,Grocery shopping
T0596,U134,2023-07-19,Expense,Education,7182.0,Upi,Delhi,Gym membership
T11789,U085,2024-04-22,Expense,Health,3090.0,Upi,Bangalore,Books
T7100,U088,2021-05-19,Expense,Travel,3238.0,Bank_Transfer,Mumbai,No Notes
T5228,U051,2023-01-27,Expense,Others,6589.0,Bank_Transfer,Bangalore,Monthly rent payment
T0248,U102,2021-05-11,Expense,Health,1463.0,Bank_Transfer,Kolkata,asdfgh
T10568,U078,2024-01-10,Expense,Travel,1062.0,Bank_Transfer,Delhi,asdfgh
T2356,U025,2022-12-08,Expense,Rent,8936.0,Cash,Chennai,test
T2897,U122,2022-07-10,Expense,Rent,1738.0,Upi,Kolkata,No Notes
T6853,U024,2023-06-23,Expense,Rent,5172.0,Cash,Delhi,Uber ride
T3577,U140,2024-08-31,Expense,Others,4879.0,Cash,Pune,!!!
T4537,U036,2021-10-16,Income,Others,50814.0,Cash,Kolkata,No Notes
T12119,U087,2023-08-15,Expense,Food,2217.0,Bank_Transfer,Unknown,Petrol
T9478,U002,2021-10-01,Expense,Others,4410.0,Bank_Transfer,Delhi,...
T10245,U148,2023-07-30,Expense,Travel,4247.0,Upi,Chennai,No Notes
T6071,U091,2024-10-29,Expense,Entertainment,6283.0,Cash,Bangalore,Lunch
T5189,U047,2022-04-07,Income,Salary,72499.0,Bank_Transfer,Mumbai,xyz123
T7643,U118,2023-01-23,Expense,Rent,8182.0,Upi,Hyderabad,Gym membership
T1454,U082,2021-06-06,Expense,Food,5713.0,Cash,Chennai,Movie tickets
T9667,U040,2022-10-09,Expense,Travel,5551.0,Cash,Hyderabad,No Notes
T2261,U089,2024-05-31,Expense,Rent,35686.0,Upi,Chennai,Train ticket
T9879,U048,2022-04-08,Expense,Utilities,4347.0,Card,Bangalore,Coffee
T5699,U012,2021-06-26,Expense,Savings,5699.0,Upi,Bangalore,No Notes
T6285,U044,2022-03-10,Expense,Savings,4054.0,Card,Delhi,Petrol
T10856,U006,2024-09-23,Income,Salary,28847.0,Cash,Unknown,Gym membership
T13849,U062,2022-02-25,Expense,Food,842.0,Upi,Jaipur,Books
T9312,U013,2021-08-29,Expense,Travel,3959.0,Bank_Transfer,Bangalore,!!!
T1234,U038,2021-10-22,Expense,Others,8478.0,Bank_Transfer,Hyderabad,Uber ride
T6490,U029,2024-07-02,Expense,Others,5612.0,Upi,Mumbai,No Notes
T3522,U019,2024-03-29,Expense,Education,7521.0,Upi,Chennai,Grocery shopping
T10595,U062,2023-09-15,Expense,Utilities,1199.0,Cash,Unknown,Doctor consultation
T12051,U068,2024-01-28,Expense,Food,817.0,Cash,Pune,Gym membership
T11265,U077,2022-08-02,Expense,Food,4779.0,Cash,Mumbai,Medicine
T5048,U039,2021-02-14,Expense,Travel,8953.0,Cash,Pune,Internet bill
T8750,U149,2024-01-26,Income,Investment,53734.0,Upi,Bangalore,Fixed deposit
T8387,U106,2021-02-03,Income,Freelance,17559.0,Unknown,Lucknow,Restaurant dinner
T5294,U009,2021-07-28,Expense,Food,7112.0,Cash,Hyderabad,Restaurant dinner
T6476,U144,2022-12-23,Expense,Rent,26635.0,Cash,Mumbai,...
T9711,U117,2022-06-16,Expense,Food,6540.0,Bank_Transfer,Bangalore,test
T10054,U102,2024-02-20,Expense,Utilities,4943.0,Bank_Transfer,Pune,...
T11544,U133,2023-11-08,Expense,Rent,9773.0,Bank_Transfer,Kolkata,EMI payment
T5972,U090,2021-03-22,Expense,Rent,1731.0,Card,Unknown,No Notes
T10040,U115,2023-04-27,Income,Bonus,54802.0,Upi,Chennai,misc
T0132,U111,2021-07-21,Expense,Education,6508.0,Card,Ahmedabad,Movie tickets
T13393,U075,2023-01-08,Expense,Savings,7924.0,Cash,Delhi,Coffee
T9185,U134,2024-09-04,Expense,Food,5687.0,Bank_Transfer,Pune,Petrol
T4531,U147,2024-09-01,Expense,Utilities,7389.0,Cash,Pune,Train ticket
T2367,U059,2023-11-01,Expense,Rent,6134.0,Cash,Pune,test
T12074,U066,2023-10-26,Expense,Education,9850.0,Cash,Delhi,Internet bill
T8981,U129,2024-09-01,Expense,Food,4300.0,Cash,Lucknow,No Notes
T0472,U090,2023-12-03,Expense,Utilities,9078.0,Cash,Bangalore,Fixed deposit
T11799,U103,2021-06-16,Expense,Food,3246.0,Upi,Hyderabad,test
T4991,U095,2022-04-02,Expense,Food,4793.0,Bank_Transfer,Pune,test
T0088,U114,2024-10-28,Income,Salary,49315.0,Card,Delhi,Medicine
T8382,U043,2022-07-07,Expense,Food,1603.0,Bank_Transfer,Unknown,Gym membership
T9822,U129,2024-03-07,Expense,Rent,8856.0,Cash,Delhi,No Notes
T11296,U080,2021-05-26,Expense,Utilities,5944.0,Card,Unknown,Petrol
T9030,U074,2023-10-21,Expense,Travel,6073.0,Cash,Chennai,Train ticket
T12525,U020,2024-11-22,Expense,Food,8164.0,Cash,Mumbai,Medicine
T11869,U077,2023-05-16,Expense,Food,2000.0,Card,Mumbai,Electricity bill
T6922,U009,2021-01-05,Expense,Utilities,1795.0,Card,Lucknow,No Notes
T3210,U026,2024-12-17,Expense,Food,1713.0,Cash,Chennai,Grocery shopping
T13968,U083,2024-12-26,Income,Freelance,34921.0,Cash,Ahmedabad,Petrol
T7950,U134,2022-07-17,Expense,Travel,3248.0,Bank_Transfer,Unknown,Grocery shopping
T6731,U062,2022-10-25,Income,Others,11374.0,Card,Mumbai,Grocery shopping
T8596,U061,2024-04-13,Expense,Rent,4958.0,Bank_Transfer,Jaipur,EMI payment
T2589,U125,2024-07-02,Expense,Utilities,999999.0,Unknown,Delhi,Fixed deposit
T10816,U060,2021-04-10,Expense,Food,7033.0,Card,Pune,Train ticket
T4240,U008,2022-05-06,Expense,Food,4469.0,Card,Pune,Train ticket
T5940,U067,2022-11-10,Expense,Food,7282.0,Card,Ahmedabad,Coffee
T7996,U064,2023-08-29,Expense,Travel,1516.0,Upi,Bangalore,Medicine
T5621,U045,2022-11-23,Expense,Health,1211.0,Upi,Hyderabad,Monthly rent payment
T13404,U102,2021-12-10,Expense,Travel,219.0,Card,Ahmedabad,Shopping
T9710,U065,2024-03-30,Expense,Rent,3268.0,Bank_Transfer,Hyderabad,Books
T0095,U128,2023-08-15,Expense,Utilities,4044.0,Bank_Transfer,Ahmedabad,ATM withdrawal
T5195,U135,2024-08-23,Expense,Utilities,5501.0,Bank_Transfer,Pune,Online course
T8458,U051,2021-08-05,Expense,Health,975.0,Card,Unknown,Online course
T6929,U083,2024-03-19,Expense,Entertainment,728.0,Bank_Transfer,Delhi,Lunch
T11815,U051,2023-04-09,Expense,Travel,7752.0,Upi,Bangalore,Shopping
T0757,U150,2022-04-14,Expense,Travel,2380.0,Cash,Pune,Monthly rent payment
T1532,U009,2023-01-19,Expense,Food,3838.0,Bank_Transfer,Pune,Medicine
T4749,U056,2022-03-27,Income,Investment,26157.0,Card,Lucknow,No Notes
T8595,U103,2024-01-12,Expense,Health,3998.0,Cash,Hyderabad,Monthly rent payment
T0028,U148,2021-01-13,Expense,Food,9047.0,Upi,Pune,No Notes
T3967,U122,2021-10-07,Expense,Entertainment,7273.0,Upi,Ahmedabad,No Notes
T12429,U033,2022-12-01,Expense,Rent,360.0,Card,Delhi,Movie tickets
T5347,U011,2023-06-21,Expense,Entertainment,5491.0,Bank_Transfer,Delhi,Medicine
T12192,U058,2021-08-28,Expense,Food,217.0,Bank_Transfer,Delhi,Fixed deposit
T5423,U043,2021-08-04,Expense,Entertainment,299.0,Upi,Ahmedabad,misc
T6606,U071,2022-09-23,Expense,Food,1870.0,Cash,Ahmedabad,Gym membership
T5964,U056,2023-02-10,Income,Freelance,77936.0,Cash,Hyderabad,No Notes
T13105,U023,2021-08-13,Expense,Food,999999.0,Card,Lucknow,...
T9934,U051,2021-01-09,Expense,Entertainment,6862.0,Card,Pune,No Notes
T4988,U029,2022-02-17,Expense,Rent,2994.0,Unknown,Ahmedabad,Fixed deposit
T11624,U058,2023-03-05,Expense,Travel,1055.0,Card,Chennai,Petrol
T2679,U074,2022-11-29,Expense,Utilities,5081.0,Card,Unknown,Petrol
T2590,U118,2024-06-09,Expense,Utilities,3591.0,Card,Unknown,Movie tickets
T12808,U124,2021-04-29,Expense,Entertainment,334.0,Upi,Unknown,Fixed deposit
T0941,U019,2023-10-01,Expense,Food,4864.0,Upi,Delhi,Movie tickets
T2140,U051,2022-07-24,Expense,Savings,1668.0,Upi,Kolkata,misc
T2530,U035,2024-12-26,Expense,Food,2903.0,Bank_Transfer,Chennai,Train ticket
T7717,U108,2022-12-12,Expense,Food,7491.0,Upi,Hyderabad,Fixed deposit
T1966,U147,2024-03-21,Expense,Rent,42642.0,Cash,Delhi,Medicine
T9343,U030,2022-07-29,Expense,Food,1195.0,Bank_Transfer,Ahmedabad,Petrol
T2065,U021,2023-04-07,Expense,Food,6393.0,Card,Ahmedabad,asdfgh
T7959,U103,2022-05-23,Expense,Food,3741.0,Cash,Ahmedabad,Movie tickets
T10434,U122,2024-01-14,Expense,Entertainment,1094.0,Cash,Jaipur,Medicine
T9271,U070,2022-01-24,Expense,Rent,2203.0,Cash,Jaipur,misc
T3856,U087,2021-09-30,Expense,Travel,2101.0,Upi,Ahmedabad,Monthly rent payment
T9016,U014,2024-02-09,Expense,Food,5130.0,Card,Pune,ATM withdrawal
T2945,U091,2022-09-09,Income,Others,17985.0,Card,Jaipur,...
T9335,U068,2022-08-10,Expense,Travel,7776.0,Upi,Delhi,No Notes
T13382,U102,2023-06-20,Expense,Food,205.0,Bank_Transfer,Jaipur,Doctor consultation
T10477,U074,2023-04-08,Expense,Utilities,1113.0,Cash,Chennai,Doctor consultation
T3906,U051,2021-07-11,Income,Bonus,23559.0,Upi,Chennai,misc
T13417,U053,2023-05-03,Income,Freelance,49255.0,Bank_Transfer,Ahmedabad,xyz123
T9031,U086,2023-01-01,Expense,Rent,729.0,Upi,Bangalore,No Notes
T11283,U112,2021-03-25,Expense,Food,667.0,Bank_Transfer,Kolkata,Electricity bill
T6768,U069,2021-06-24,Expense,Travel,9971.0,Bank_Transfer,Unknown,test
T3417,U105,2021-12-31,Expense,Travel,4038.0,Cash,Jaipur,Train ticket
T11579,U006,2024-06-04,Expense,Rent,47633.0,Bank_Transfer,Lucknow,asdfgh
T3959,U100,2023-03-02,Expense,Food,4529.0,Upi,Jaipur,test
T5917,U106,2023-09-28,Income,Salary,73117.0,Card,Delhi,Electricity bill
T6591,U075,2022-10-19,Expense,Food,2642.0,Bank_Transfer,Lucknow,Petrol
T7223,U053,2024-02-23,Expense,Travel,5693.0,Card,Bangalore,No Notes
T5169,U045,2022-07-18,Expense,Utilities,623.0,Bank_Transfer,Chennai,xyz123
T11261,U116,2024-04-11,Expense,Others,6507.0,Bank_Transfer,Mumbai,Restaurant dinner
T10966,U044,2021-11-30,Expense,Food,3871.0,Bank_Transfer,Hyderabad,...
T7318,U097,2023-08-11,Expense,Rent,9421.0,Bank_Transfer,Bangalore,No Notes
T11476,U133,2024-10-16,Income,Others,55084.0,Cash,Pune,Restaurant dinner
T10783,U016,2022-11-09,Expense,Utilities,1319.0,Upi,Chennai,No Notes
T0520,U020,2024-07-03,Expense,Food,2585.0,Cash,Hyderabad,Petrol
T4579,U104,2022-04-03,Expense,Travel,1572.0,Cash,Delhi,Movie tickets
T2100,U040,2021-09-14,Income,Investment,76402.0,Upi,Ahmedabad,No Notes
T13361,U078,2024-09-08,Expense,Education,2049.0,Upi,Delhi,Movie tickets
T9489,U084,2023-03-25,Expense,Utilities,3960.0,Cash,Unknown,Movie tickets
T11028,U071,2022-10-12,Income,Others,13097.0,Cash,Lucknow,Petrol
T11098,U067,2022-08-16,Expense,Utilities,3628.0,Cash,Kolkata,Restaurant dinner
T1205,U123,2021-01-07,Expense,Others,9335.0,Bank_Transfer,Bangalore,No Notes
T3612,U146,2023-05-29,Expense,Travel,9780.0,Upi,Ahmedabad,No Notes
T12727,U034,2024-06-25,Expense,Travel,8879.0,Bank_Transfer,Hyderabad,!!!
T1536,U023,2021-03-01,Expense,Food,4398.0,Cash,Ahmedabad,Fixed deposit
T1153,U045,2023-06-08,Expense,Food,1910.0,Bank_Transfer,Pune,Lunch
T0947,U023,2024-03-21,Expense,Food,2407.0,Card,Lucknow,Coffee
T7163,U078,2022-07-03,Expense,Food,2197.0,Upi,Lucknow,No Notes
T4623,U111,2024-02-27,Expense,Food,3434.0,Upi,Bangalore,Books
T8743,U130,2023-11-09,Expense,Rent,5774.0,Bank_Transfer,Jaipur,Coffee
T12890,U064,2022-06-11,Expense,Food,3997.0,Cash,Unknown,asdfgh
T9860,U115,2021-03-14,Expense,Travel,7989.0,Upi,Jaipur,ATM withdrawal
T0876,U109,2022-10-12,Expense,Utilities,2044.0,Upi,Mumbai,Uber ride
T8141,U061,2022-05-21,Expense,Travel,5164.0,Upi,Ahmedabad,No Notes
T8151,U114,2022-02-27,Expense,Savings,5078.0,Card,Unknown,Movie tickets
T0446,U114,2021-10-01,Expense,Rent,4008.0,Unknown,Unknown,Doctor consultation
T13680,U121,2023-02-14,Expense,Rent,47179.0,Upi,Kolkata,Coffee
T8842,U101,2024-06-30,Expense,Food,7181.0,Cash,Lucknow,No Notes
T0623,U098,2021-12-31,Expense,Utilities,3364.0,Upi,Lucknow,misc
T12523,U106,2021-06-01,Expense,Food,2938.0,Unknown,Chennai,Movie tickets
T7296,U034,2024-10-12,Expense,Health,5930.0,Bank_Transfer,Bangalore,Coffee
T3002,U113,2022-05-28,Expense,Education,5036.0,Bank_Transfer,Bangalore,Movie tickets
T12710,U068,2023-07-06,Expense,Entertainment,2653.0,Cash,Pune,No Notes
T4373,U088,2021-06-03,Expense,Food,4875.0,Upi,Unknown,asdfgh
T13590,U142,2023-03-26,Expense,Entertainment,1636.0,Bank_Transfer,Chennai,Fixed deposit
T3216,U036,2022-02-16,Expense,Education,6368.0,Card,Ahmedabad,Monthly rent payment
T7903,U101,2021-02-11,Expense,Food,1559.0,Card,Pune,No Notes
T7146,U111,2023-08-11,Expense,Travel,5128.0,Card,Kolkata,EMI payment
T3212,U132,2024-06-25,Expense,Rent,41736.0,Bank_Transfer,Unknown,Gym membership
T13989,U095,2023-11-30,Income,Salary,74119.0,Upi,Mumbai,xyz123
T2062,U046,2022-04-02,Expense,Education,8256.0,Bank_Transfer,Bangalore,!!!
T12056,U120,2022-10-25,Expense,Health,5599.0,Cash,Kolkata,Gym membership
T5545,U113,2023-11-06,Expense,Utilities,255.0,Cash,Pune,Online course
T13976,U023,2023-03-05,Expense,Others,6714.0,Cash,Hyderabad,No Notes
T13549,U013,2024-08-10,Expense,Utilities,4778.0,Bank_Transfer,Hyderabad,Medicine
T13705,U122,2024-11-11,Expense,Others,7781.0,Bank_Transfer,Delhi,Online course
T11499,U137,2024-02-07,Expense,Travel,8947.0,Card,Bangalore,Internet bill
T12162,U074,2022-02-08,Expense,Food,5094.0,Unknown,Kolkata,No Notes
T0527,U108,2024-02-01,Expense,Rent,9444.0,Card,Lucknow,Shopping
T2922,U042,2022-01-01,Expense,Utilities,1870.0,Bank_Transfer,Bangalore,Grocery shopping
T12806,U145,2023-12-19,Expense,Entertainment,8213.0,Upi,Hyderabad,...
T12354,U075,2023-05-14,Expense,Food,565.0,Bank_Transfer,Bangalore,EMI payment
T0620,U044,2024-04-16,Expense,Others,6921.0,Card,Ahmedabad,Uber ride
T5515,U108,2022-02-03,Income,Freelance,21587.0,Card,Jaipur,misc
T1151,U108,2021-06-03,Expense,Education,837.0,Bank_Transfer,Delhi,asdfgh
T3962,U077,2022-03-05,Expense,Travel,1986.0,Cash,Lucknow,misc
T7277,U062,2024-05-08,Expense,Travel,2486.0,Upi,Pune,No Notes
T12829,U087,2023-06-22,Expense,Education,9634.0,Upi,Kolkata,No Notes
T9483,U053,2021-08-04,Expense,Food,4367.0,Card,Mumbai,...
T13395,U032,2023-04-20,Expense,Savings,3121.0,Upi,Chennai,Grocery shopping
T6875,U123,2022-05-01,Expense,Education,8259.0,Unknown,Kolkata,Movie tickets
T0936,U084,2024-09-10,Expense,Food,3019.0,Bank_Transfer,Mumbai,EMI payment
T1442,U068,2021-05-27,Expense,Rent,5873.0,Bank_Transfer,Hyderabad,Lunch
T6098,U067,2021-10-22,Expense,Others,4989.0,Card,Ahmedabad,...
T2240,U033,2022-11-04,Expense,Food,145.0,Bank_Transfer,Jaipur,No Notes
T6536,U003,2022-03-22,Expense,Rent,5996.0,Card,Jaipur,Internet bill
T5206,U058,2021-09-06,Expense,Utilities,7540.0,Bank_Transfer,Mumbai,Movie tickets
T10407,U025,2022-11-17,Expense,Food,5454.0,Card,Mumbai,test
T4152,U122,2021-10-22,Expense,Food,5081.0,Card,Mumbai,...
T5994,U114,2021-06-10,Expense,Food,8768.0,Card,Mumbai,No Notes
T9262,U046,2024-10-22,Expense,Health,6076.0,Unknown,Ahmedabad,xyz123
T0882,U044,2023-05-25,Expense,Travel,9121.0,Upi,Jaipur,Books
T10426,U041,2021-01-16,Expense,Health,3394.0,Bank_Transfer,Ahmedabad,No Notes
T10789,U127,2023-01-23,Expense,Rent,28774.0,Upi,Lucknow,Movie tickets
T12877,U037,2021-10-18,Expense,Food,2479.0,Bank_Transfer,Unknown,Online course
T5285,U060,2023-04-30,Expense,Entertainment,8833.0,Bank_Transfer,Delhi,!!!
T8311,U059,2024-04-18,Expense,Food,7445.0,Cash,Mumbai,Books
T11886,U004,2024-03-21,Expense,Rent,7649.0,Upi,Pune,Movie tickets
T10280,U062,2022-03-31,Expense,Rent,39939.0,Card,Lucknow,No Notes
T10756,U124,2023-11-06,Expense,Education,5203.0,Card,Delhi,No Notes
T9223,U128,2021-06-02,Expense,Food,3898.0,Bank_Transfer,Chennai,test
T10952,U028,2024-08-12,Expense,Food,4723.0,Bank_Transfer,Ahmedabad,!!!
T12177,U134,2021-12-03,Expense,Rent,45096.0,Cash,Chennai,Movie tickets
T2936,U035,2022-03-11,Income,Others,12981.0,Upi,Ahmedabad,No Notes
T2703,U093,2024-11-26,Expense,Savings,7903.0,Upi,Ahmedabad,Shopping
T9119,U066,2022-12-17,Expense,Utilities,650.0,Upi,Chennai,Gym membership
T0233,U103,2024-02-02,Expense,Food,186.0,Bank_Transfer,Unknown,misc
T11398,U133,2022-03-09,Expense,Travel,7581.0,Cash,Lucknow,Monthly rent payment
T12631,U085,2024-03-08,Expense,Utilities,7202.0,Cash,Chennai,No Notes
T4080,U095,2021-02-15,Expense,Food,1773.0,Card,Kolkata,Monthly rent payment
T13351,U143,2022-12-29,Expense,Utilities,7006.0,Bank_Transfer,Delhi,No Notes
T6947,U141,2023-08-16,Expense,Food,1256.0,Bank_Transfer,Delhi,No Notes
T12292,U004,2022-04-14,Expense,Travel,1783.0,Bank_Transfer,Kolkata,!!!
T5919,U098,2023-01-11,Expense,Others,7445.0,Cash,Lucknow,...
T11894,U074,2023-01-17,Expense,Food,92.0,Upi,Ahmedabad,xyz123
T4552,U085,2024-08-30,Expense,Health,5683.0,Cash,Hyderabad,...
T4074,U072,2022-03-17,Expense,Food,999999.0,Card,Hyderabad,No Notes
T11557,U124,2021-05-27,Expense,Travel,2799.0,Card,Ahmedabad,Restaurant dinner
T4321,U090,2021-03-19,Expense,Food,8624.0,Cash,Hyderabad,Monthly rent payment
T5212,U033,2023-03-22,Expense,Food,3872.0,Cash,Bangalore,Lunch
T10959,U111,2021-07-11,Expense,Travel,3380.0,Unknown,Jaipur,Monthly rent payment
T2290,U109,2022-05-06,Expense,Health,1621.0,Unknown,Bangalore,Coffee
T3870,U011,2021-02-22,Expense,Food,995.0,Unknown,Kolkata,Internet bill
T10364,U121,2023-04-25,Expense,Entertainment,2653.0,Cash,Jaipur,misc
T2520,U105,2021-08-13,Expense,Education,6103.0,Card,Lucknow,No Notes
T13354,U119,2022-11-03,Income,Freelance,33528.0,Upi,Kolkata,Doctor consultation
T3325,U074,2021-02-28,Income,Freelance,69344.0,Upi,Kolkata,Medicine
T5309,U008,2021-11-02,Income,Investment,29479.0,Bank_Transfer,Chennai,misc
T11333,U089,2023-01-24,Expense,Food,2475.0,Cash,Hyderabad,No Notes
T3273,U002,2024-11-24,Expense,Utilities,9866.0,Card,Ahmedabad,Restaurant dinner
T12846,U114,2023-07-17,Expense,Travel,2375.0,Upi,Unknown,misc
T1531,U063,2021-11-11,Expense,Entertainment,4372.0,Upi,Ahmedabad,xyz123
T10402,U005,2024-04-29,Expense,Food,758.0,Cash,Bangalore,Uber ride
T4701,U033,2021-12-31,Expense,Utilities,2519.0,Cash,Ahmedabad,Doctor consultation
T13402,U070,2023-08-12,Expense,Food,3976.0,Upi,Jaipur,Gym membership
T12732,U147,2024-08-03,Expense,Food,1553.0,Upi,Pune,No Notes
T5356,U050,2021-07-17,Expense,Food,2639.0,Bank_Transfer,Unknown,Train ticket
T7068,U052,2022-11-28,Expense,Food,6568.0,Card,Kolkata,misc
T13300,U051,2023-09-03,Income,Bonus,61069.0,Cash,Ahmedabad,Internet bill
T9744,U119,2024-01-20,Expense,Food,2666.0,Upi,Mumbai,No Notes
T3848,U143,2023-06-02,Expense,Utilities,5651.0,Upi,Kolkata,Lunch
T10211,U055,2021-07-12,Income,Salary,21856.0,Card,Kolkata,No Notes
T10148,U066,2023-11-16,Income,Bonus,65768.0,Card,Bangalore,Books
T2733,U138,2022-02-05,Expense,Travel,4502.0,Bank_Transfer,Delhi,Uber ride
T5913,U129,2022-09-04,Expense,Rent,8521.0,Bank_Transfer,Bangalore,No Notes
T5646,U126,2023-10-25,Expense,Travel,4831.0,Bank_Transfer,Ahmedabad,Monthly rent payment
T12332,U054,2021-04-04,Expense,Rent,14036.0,Unknown,Lucknow,!!!
T9702,U022,2024-02-14,Income,Bonus,75836.0,Bank_Transfer,Mumbai,No Notes
T7236,U046,2023-09-18,Expense,Education,2993.0,Cash,Delhi,Fixed deposit
T2906,U063,2024-03-21,Expense,Food,3136.0,Upi,Pune,!!!
T2786,U060,2024-09-15,Expense,Food,8292.0,Card,Mumbai,No Notes
T5184,U138,2021-03-05,Expense,Health,168.0,Cash,Pune,Movie tickets
T9778,U031,2021-01-20,Expense,Food,201.0,Card,Ahmedabad,Grocery shopping
T10335,U145,2024-02-27,Expense,Entertainment,257.0,Upi,Pune,No Notes
T7358,U118,2022-08-22,Expense,Food,3940.0,Card,Jaipur,Train ticket
T5798,U013,2021-03-05,Expense,Rent,4115.0,Unknown,Hyderabad,misc
T13489,U016,2022-02-02,Expense,Health,6837.0,Upi,Chennai,No Notes
T7113,U049,2022-02-28,Expense,Rent,6367.0,Upi,Pune,ATM withdrawal
T7855,U124,2021-12-05,Expense,Food,3816.0,Card,Delhi,Uber ride
T7636,U136,2022-02-10,Expense,Entertainment,1481.0,Bank_Transfer,Pune,Monthly rent payment
T3196,U083,2023-01-15,Expense,Rent,35570.0,Cash,Pune,Fixed deposit
T5772,U150,2021-09-29,Expense,Rent,13459.0,Bank_Transfer,Pune,Coffee
T10753,U090,2021-10-19,Expense,Food,937.0,Cash,Lucknow,Monthly rent payment
T13564,U146,2021-09-09,Expense,Rent,652.0,Card,Ahmedabad,Lunch
T11095,U097,2022-08-31,Expense,Food,2290.0,Bank_Transfer,Jaipur,Fixed deposit
T1320,U122,2021-08-26,Expense,Entertainment,7976.0,Cash,Delhi,Shopping
T1239,U128,2022-03-03,Expense,Education,2724.0,Bank_Transfer,Pune,Books
T8416,U130,2024-06-13,Income,Freelance,14969.0,Bank_Transfer,Lucknow,Fixed deposit
T7893,U099,2023-06-27,Expense,Rent,16138.0,Cash,Delhi,No Notes
T3635,U016,2023-06-09,Expense,Travel,6951.0,Cash,Pune,...
T13394,U122,2023-06-05,Expense,Food,3522.0,Upi,Pune,No Notes
T13480,U067,2021-04-05,Expense,Rent,9287.0,Cash,Mumbai,Grocery shopping
T13563,U145,2021-10-03,Expense,Rent,3517.0,Cash,Unknown,Gym membership
T3517,U144,2023-06-28,Income,Others,18227.0,Card,Pune,No Notes
T5255,U097,2022-01-13,Expense,Entertainment,6922.0,Card,Mumbai,asdfgh
T12155,U010,2022-04-22,Income,Bonus,48000.0,Cash,Jaipur,EMI payment
T8518,U126,2023-06-29,Expense,Entertainment,7890.0,Cash,Hyderabad,Restaurant dinner
T13794,U055,2022-11-06,Expense,Education,7055.0,Cash,Chennai,xyz123
T12632,U084,2023-03-22,Income,Investment,49660.0,Bank_Transfer,Bangalore,No Notes
T8117,U101,2021-05-05,Expense,Rent,7157.0,Upi,Jaipur,Monthly rent payment
T1095,U105,2024-06-28,Income,Freelance,32722.0,Cash,Jaipur,Gym membership
T9598,U050,2022-05-18,Expense,Rent,38642.0,Card,Unknown,Fixed deposit
T12030,U047,2022-11-27,Expense,Rent,9384.0,Bank_Transfer,Ahmedabad,Internet bill
T13180,U074,2022-07-10,Expense,Rent,4980.0,Upi,Unknown,Restaurant dinner
T2376,U130,2022-04-27,Expense,Utilities,234.0,Card,Delhi,No Notes
T3858,U124,2021-06-30,Expense,Education,7612.0,Card,Jaipur,Restaurant dinner
T6773,U027,2023-01-14,Income,Others,17938.0,Card,Delhi,No Notes
T7976,U028,2021-05-25,Income,Freelance,25157.0,Cash,Hyderabad,ATM withdrawal
T2595,U135,2022-03-16,Expense,Savings,6031.0,Card,Mumbai,Books
T5225,U010,2024-07-18,Income,Others,20023.0,Upi,Jaipur,Uber ride
T4672,U075,2024-07-28,Expense,Food,715.0,Cash,Chennai,Medicine
T7966,U100,2021-10-31,Expense,Health,1112.0,Cash,Unknown,No Notes
T2838,U117,2023-08-16,Expense,Rent,1680.0,Card,Mumbai,Train ticket
T6666,U004,2024-05-09,Expense,Travel,7543.0,Bank_Transfer,Jaipur,misc
T13386,U060,2024-03-06,Expense,Rent,25844.0,Cash,Pune,Petrol
T10796,U064,2023-06-28,Expense,Food,4097.0,Upi,Mumbai,Internet bill
T1170,U076,2022-10-14,Expense,Entertainment,3742.0,Cash,Hyderabad,Lunch
T3218,U002,2024-01-31,Expense,Education,2325.0,Upi,Mumbai,misc
T13477,U016,2023-11-21,Expense,Food,4050.0,Cash,Kolkata,misc
T2051,U020,2024-05-11,Income,Others,14617.0,Bank_Transfer,Pune,No Notes
T5971,U030,2023-03-01,Expense,Rent,6246.0,Card,Kolkata,Petrol
T10930,U004,2023-02-11,Expense,Food,8926.0,Bank_Transfer,Bangalore,...
T8240,U047,2022-02-01,Income,Salary,36887.0,Cash,Delhi,Doctor consultation
T0302,U148,2022-04-30,Expense,Rent,7481.0,Bank_Transfer,Jaipur,Lunch
T5923,U077,2022-05-30,Expense,Food,3745.0,Cash,Pune,EMI payment
T10278,U122,2024-09-17,Expense,Utilities,9442.0,Cash,Ahmedabad,No Notes
T4968,U103,2021-09-19,Income,Bonus,41698.0,Cash,Jaipur,Online course
T11862,U099,2022-05-09,Expense,Food,6945.0,Cash,Hyderabad,Gym membership
T12244,U018,2022-11-15,Expense,Rent,4758.0,Upi,Pune,Coffee
T5028,U049,2022-09-25,Expense,Travel,9829.0,Cash,Pune,Grocery shopping
T6002,U078,2023-07-24,Expense,Travel,4834.0,Cash,Ahmedabad,No Notes
T11216,U030,2021-03-31,Expense,Rent,2334.0,Cash,Hyderabad,Monthly rent payment
T2089,U131,2021-07-19,Expense,Education,4962.0,Bank_Transfer,Lucknow,Uber ride
T0108,U141,2024-01-06,Expense,Travel,1441.0,Cash,Jaipur,Medicine
T7126,U111,2024-06-11,Expense,Rent,1612.0,Unknown,Kolkata,No Notes
T1057,U017,2021-08-09,Expense,Utilities,3809.0,Cash,Delhi,No Notes
T11891,U058,2024-09-23,Expense,Utilities,3649.0,Upi,Unknown,No Notes
T4129,U125,2024-11-27,Expense,Rent,1113.0,Bank_Transfer,Lucknow,Petrol
T0135,U030,2023-07-27,Expense,Education,9769.0,Upi,Bangalore,xyz123
T8374,U019,2022-05-20,Expense,Travel,5754.0,Upi,Bangalore,Books
T0699,U045,2024-06-25,Expense,Entertainment,2634.0,Card,Ahmedabad,Monthly rent payment
T3536,U012,2024-06-09,Expense,Food,5911.0,Cash,Mumbai,test
T8017,U091,2024-10-08,Expense,Education,2807.0,Bank_Transfer,Ahmedabad,No Notes
T5820,U045,2024-05-26,Expense,Entertainment,4911.0,Card,Hyderabad,...
T6934,U058,2022-06-28,Expense,Utilities,4975.0,Upi,Mumbai,Books
T2618,U055,2022-03-11,Expense,Rent,8690.0,Cash,Unknown,Uber ride
T11926,U011,2024-03-31,Expense,Entertainment,8255.0,Unknown,Chennai,Coffee
T4221,U017,2023-01-27,Income,Salary,29115.0,Upi,Kolkata,Petrol
T3271,U099,2024-11-25,Income,Freelance,63736.0,Bank_Transfer,Pune,Lunch
T12654,U149,2023-09-16,Expense,Utilities,3203.0,Cash,Delhi,No Notes
T6523,U010,2023-12-05,Income,Bonus,365282.0,Bank_Transfer,Ahmedabad,EMI payment
T1049,U033,2022-06-12,Expense,Food,3020.0,Cash,Kolkata,asdfgh
T3452,U074,2022-01-15,Expense,Rent,2944.0,Unknown,Hyderabad,No Notes
T4742,U054,2023-08-31,Expense,Others,8830.0,Upi,Kolkata,No Notes
T11878,U083,2024-07-08,Expense,Rent,37972.0,Card,Lucknow,Doctor consultation
T13595,U095,2021-04-01,Expense,Utilities,1837.0,Card,Lucknow,...
T0829,U043,2024-09-14,Expense,Food,8956.0,Card,Kolkata,Movie tickets
T0588,U039,2024-08-22,Expense,Food,4755.0,Cash,Lucknow,No Notes
T10358,U098,2024-07-02,Expense,Rent,6826.0,Bank_Transfer,Unknown,...
T13794,U016,2023-12-26,Expense,Education,523.0,Unknown,Pune,No Notes
T5543,U013,2021-11-30,Income,Freelance,79300.0,Bank_Transfer,Lucknow,No Notes
T0014,U139,2022-05-10,Expense,Utilities,8420.0,Card,Lucknow,Internet bill
T9999,U013,2023-03-20,Expense,Travel,8520.0,Card,Unknown,asdfgh
T9785,U057,2022-06-21,Expense,Travel,8025.0,Cash,Lucknow,misc
T3949,U062,2023-02-22,Expense,Travel,3148.0,Upi,Jaipur,ATM withdrawal
T7668,U079,2022-05-08,Expense,Entertainment,3054.0,Cash,Jaipur,Shopping
T10319,U082,2021-01-09,Expense,Education,4117.0,Card,Mumbai,Electricity bill
T13445,U060,2024-08-18,Expense,Utilities,9137.0,Cash,Kolkata,Train ticket
T8853,U124,2022-12-17,Expense,Entertainment,7277.0,Bank_Transfer,Mumbai,Lunch
T9202,U041,2021-03-17,Expense,Travel,3328.0,Upi,Jaipur,No Notes
T2174,U021,2023-12-15,Expense,Travel,8920.0,Cash,Bangalore,xyz123
T0818,U046,2022-05-03,Expense,Food,2303.0,Upi,Pune,Shopping
T11725,U139,2022-05-06,Expense,Food,3780.0,Card,Kolkata,Doctor consultation
T1331,U100,2021-10-28,Expense,Utilities,4708.0,Bank_Transfer,Jaipur,Doctor consultation
T9549,U050,2023-02-16,Expense,Utilities,9318.0,Card,Kolkata,No Notes
T6354,U148,2024-03-14,Expense,Education,3707.0,Bank_Transfer,Ahmedabad,Uber ride
T7801,U071,2022-02-21,Expense,Education,9174.0,Bank_Transfer,Jaipur,Gym membership
T0219,U061,2024-06-22,Expense,Food,5108.0,Upi,Hyderabad,Internet bill
T13944,U041,2021-11-11,Expense,Education,3615.0,Bank_Transfer,Kolkata,Lunch
T1014,U094,2021-01-22,Expense,Education,5264.0,Upi,Unknown,Gym membership
T1648,U123,2021-09-14,Expense,Health,5968.0,Bank_Transfer,Chennai,Fixed deposit
T10292,U005,2022-05-12,Income,Investment,44839.0,Bank_Transfer,Jaipur,No Notes
T11536,U111,2022-07-16,Expense,Savings,7364.0,Card,Lucknow,EMI payment
T3903,U069,2024-09-12,Expense,Food,5414.0,Cash,Mumbai,No Notes
T10447,U067,2022-11-22,Expense,Rent,5930.0,Cash,Ahmedabad,Restaurant dinner
T8328,U020,2024-05-10,Expense,Utilities,4435.0,Bank_Transfer,Jaipur,Monthly rent payment
T6366,U087,2021-05-23,Expense,Rent,7979.0,Bank_Transfer,Kolkata,Shopping
T7025,U126,2023-07-23,Income,Investment,79771.0,Cash,Unknown,misc
T3966,U143,2023-09-12,Expense,Others,6278.0,Upi,Unknown,!!!
T7751,U048,2022-03-30,Expense,Savings,8824.0,Cash,Jaipur,Books
T8426,U070,2023-02-17,Expense,Education,6111.0,Bank_Transfer,Unknown,asdfgh
T1483,U023,2022-11-19,Expense,Rent,4489.0,Cash,Mumbai,Movie tickets
T0633,U069,2021-07-07,Expense,Entertainment,1097.0,Bank_Transfer,Mumbai,No Notes
T4827,U140,2023-04-30,Expense,Rent,32922.0,Unknown,Unknown,...
T0267,U011,2024-02-03,Expense,Health,6536.0,Cash,Pune,Shopping
T6514,U033,2023-09-27,Expense,Rent,6946.0,Card,Lucknow,No Notes
T8728,U002,2023-04-25,Expense,Entertainment,1733.0,Bank_Transfer,Bangalore,Restaurant dinner
T8184,U106,2024-10-10,Expense,Food,9374.0,Upi,Unknown,Electricity bill
T11152,U125,2024-07-23,Expense,Food,5006.0,Card,Lucknow,Petrol
T7278,U111,2022-01-26,Expense,Food,2250.0,Cash,Mumbai,No Notes
T0695,U116,2024-11-28,Expense,Food,2463.0,Cash,Unknown,Restaurant dinner
T4495,U057,2021-10-11,Expense,Food,5594.0,Cash,Hyderabad,!!!
T8668,U121,2021-04-05,Expense,Food,4697.0,Bank_Transfer,Unknown,Medicine
T11880,U144,2022-09-08,Expense,Travel,485.0,Cash,Unknown,Coffee
T2842,U048,2021-06-04,Expense,Food,6661.0,Upi,Bangalore,Fixed deposit
T5712,U132,2024-05-19,Income,Investment,23760.0,Bank_Transfer,Jaipur,Fixed deposit
T3714,U135,2023-10-29,Income,Salary,63400.0,Bank_Transfer,Jaipur,Internet bill
T13112,U119,2021-02-14,Expense,Utilities,1245.0,Card,Chennai,Grocery shopping
T2834,U012,2024-07-13,Expense,Food,1022.0,Cash,Chennai,Fixed deposit
T8822,U042,2021-06-19,Expense,Rent,4893.0,Bank_Transfer,Unknown,Movie tickets
T4246,U119,2021-02-14,Income,Freelance,10833.0,Upi,Jaipur,EMI payment
T11773,U003,2023-03-25,Expense,Health,5749.0,Upi,Lucknow,Lunch
T10518,U087,2021-01-10,Expense,Utilities,2990.0,Card,Pune,asdfgh
T5104,U028,2022-12-11,Expense,Utilities,2442.0,Upi,Delhi,Fixed deposit
T7391,U082,2023-09-06,Expense,Rent,20047.0,Cash,Pune,No Notes
T2481,U006,2024-03-04,Expense,Utilities,2965.0,Upi,Ahmedabad,Petrol
T2213,U067,2021-09-21,Expense,Travel,924.0,Cash,Hyderabad,No Notes
T4915,U049,2021-01-28,Income,Freelance,59537.0,Bank_Transfer,Unknown,...
T0674,U138,2024-05-20,Expense,Utilities,8947.0,Bank_Transfer,Lucknow,Medicine
T3280,U082,2022-01-31,Income,Bonus,51115.0,Cash,Mumbai,Monthly rent payment
T4113,U038,2022-03-09,Expense,Food,4224.0,Card,Lucknow,Online course
T6140,U094,2024-02-14,Expense,Education,9390.0,Bank_Transfer,Jaipur,test
T13890,U090,2023-09-16,Expense,Education,801.0,Cash,Mumbai,...
T2359,U115,2024-12-22,Expense,Others,3554.0,Card,Unknown,Petrol
T12649,U086,2021-03-19,Expense,Travel,7457.0,Card,Delhi,Books
T5581,U047,2024-05-08,Expense,Rent,5330.0,Bank_Transfer,Pune,No Notes
T8917,U103,2021-05-12,Expense,Health,9357.0,Card,Lucknow,EMI payment
T9166,U051,2021-02-19,Income,Freelance,47673.0,Card,Mumbai,Medicine
T4327,U033,2021-07-21,Expense,Entertainment,6763.0,Cash,Ahmedabad,Uber ride
T2218,U081,2024-09-21,Expense,Entertainment,2959.0,Bank_Transfer,Pune,No Notes
T3245,U052,2021-07-05,Expense,Health,3194.0,Bank_Transfer,Ahmedabad,No Notes
T6434,U044,2022-10-25,Expense,Rent,3671.0,Card,Unknown,No Notes
T9358,U048,2024-04-08,Expense,Food,9974.0,Upi,Jaipur,Online course
T7336,U086,2023-07-27,Expense,Health,7298.0,Cash,Lucknow,No Notes
T5016,U010,2024-04-17,Expense,Food,103.0,Card,Jaipur,No Notes
T10565,U068,2023-05-21,Income,Investment,44561.0,Cash,Unknown,Restaurant dinner
T5863,U108,2021-12-18,Expense,Food,1411.0,Bank_Transfer,Unknown,No Notes
T11751,U045,2021-04-14,Expense,Food,3661.0,Upi,Hyderabad,!!!
T6167,U066,2023-08-09,Expense,Utilities,6911.0,Bank_Transfer,Chennai,Petrol
T7398,U111,2024-05-23,Expense,Entertainment,1516.0,Bank_Transfer,Ahmedabad,Grocery shopping
T9745,U075,2024-01-01,Expense,Travel,6332.0,Cash,Bangalore,Internet bill
T3580,U023,2024-09-16,Expense,Food,2207.0,Bank_Transfer,Bangalore,No Notes
T1803,U012,2023-10-23,Expense,Food,846.0,Bank_Transfer,Ahmedabad,Medicine
T2068,U145,2024-03-05,Expense,Entertainment,6812.0,Upi,Delhi,asdfgh
T3627,U077,2022-10-23,Expense,Food,4750.0,Cash,Hyderabad,Train ticket
T2946,U130,2023-05-25,Expense,Food,4677.0,Bank_Transfer,Lucknow,Grocery shopping
T8882,U091,2023-01-26,Income,Investment,40368.0,Card,Unknown,Internet bill
T8475,U115,2024-02-11,Expense,Others,9909.0,Card,Kolkata,Books
T4085,U125,2021-08-24,Expense,Others,3379.0,Card,Hyderabad,Doctor consultation
T0836,U084,2021-07-15,Expense,Travel,8692.0,Cash,Hyderabad,!!!
T11650,U071,2021-08-20,Expense,Food,2667.0,Card,Unknown,No Notes
T4003,U132,2022-07-30,Expense,Food,247.0,Upi,Hyderabad,Lunch
T1554,U070,2024-12-03,Expense,Education,3351.0,Cash,Hyderabad,No Notes
T13905,U047,2022-07-18,Expense,Education,161.0,Card,Chennai,!!!
T4814,U074,2024-06-18,Expense,Travel,7718.0,Upi,Lucknow,No Notes
T11759,U004,2024-12-26,Expense,Health,9384.0,Upi,Jaipur,Grocery shopping
T10443,U025,2021-03-04,Expense,Education,1994.0,Card,Kolkata,Internet bill
T13797,U079,2021-10-30,Income,Freelance,26214.0,Bank_Transfer,Chennai,Shopping
T4927,U149,2024-09-25,Expense,Savings,7003.0,Cash,Delhi,No Notes
T1874,U109,2021-10-15,Expense,Entertainment,5518.0,Bank_Transfer,Kolkata,No Notes
T9105,U027,2024-04-13,Expense,Savings,319.0,Unknown,Unknown,Lunch
T6032,U080,2021-09-28,Expense,Rent,3723.0,Card,Delhi,No Notes
T5220,U131,2021-10-18,Expense,Rent,8777.0,Bank_Transfer,Chennai,Lunch
T12087,U048,2024-10-04,Expense,Food,1793.0,Cash,Delhi,Coffee
T4935,U021,2023-07-29,Expense,Food,1268.0,Card,Kolkata,Shopping
T1933,U130,2022-11-09,Expense,Others,927.0,Upi,Mumbai,Fixed deposit
T0192,U150,2022-05-13,Expense,Food,2639.0,Cash,Mumbai,Electricity bill
T11924,U034,2023-10-06,Expense,Travel,4941.0,Upi,Mumbai,No Notes
T13806,U132,2023-03-15,Expense,Rent,3257.0,Bank_Transfer,Lucknow,asdfgh
T0809,U113,2024-08-14,Expense,Entertainment,3659.0,Cash,Bangalore,Books
T6852,U118,2023-12-11,Income,Salary,12315.0,Bank_Transfer,Lucknow,No Notes
T7894,U126,2024-09-18,Expense,Travel,5673.0,Card,Ahmedabad,No Notes
T9687,U146,2022-08-01,Expense,Rent,3249.0,Unknown,Hyderabad,Grocery shopping
T1250,U047,2024-03-01,Expense,Entertainment,1183.0,Cash,Kolkata,Medicine
T8898,U103,2023-08-08,Expense,Others,9334.0,Bank_Transfer,Bangalore,Lunch
T12491,U036,2021-04-25,Expense,Utilities,9735.0,Bank_Transfer,Bangalore,Medicine
T9977,U134,2024-12-02,Expense,Utilities,2182.0,Bank_Transfer,Jaipur,Gym membership
T11189,U028,2022-07-10,Expense,Savings,4615.0,Upi,Kolkata,EMI payment
T12965,U124,2024-05-25,Expense,Food,1969.0,Cash,Jaipur,xyz123
T1673,U019,2023-08-23,Expense,Utilities,4276.0,Card,Bangalore,Uber ride
T3812,U091,2024-03-05,Expense,Travel,452.0,Card,Unknown,ATM withdrawal
T4208,U106,2022-04-14,Income,Investment,32710.0,Upi,Hyderabad,Movie tickets
T6449,U020,2022-11-13,Expense,Rent,2249.0,Unknown,Jaipur,Petrol
T11239,U051,2021-04-07,Income,Others,39950.0,Card,Mumbai,Movie tickets
T10745,U068,2022-10-12,Expense,Food,805.0,Card,Hyderabad,Petrol
T9941,U101,2023-11-03,Expense,Food,3744.0,Bank_Transfer,Jaipur,asdfgh
T7258,U012,2022-12-24,Expense,Rent,5272.0,Cash,Hyderabad,Lunch
T12479,U016,2023-01-23,Expense,Health,5947.0,Upi,Jaipur,Restaurant dinner
T7096,U001,2023-12-31,Expense,Health,4635.0,Bank_Transfer,Unknown,Doctor consultation
T4981,U085,2021-01-19,Expense,Others,3440.0,Upi,Hyderabad,Fixed deposit
T10983,U062,2021-06-23,Expense,Food,2422.0,Card,Delhi,Online course
T10001,U136,2022-04-06,Expense,Others,6097.0,Upi,Delhi,Train ticket
T5799,U097,2021-02-14,Income,Salary,76175.0,Upi,Lucknow,No Notes
T0764,U017,2022-07-04,Income,Freelance,41380.0,Upi,Jaipur,!!!
T4582,U147,2024-12-15,Expense,Food,707.0,Bank_Transfer,Lucknow,Doctor consultation
T12402,U096,2023-04-23,Expense,Rent,9790.0,Card,Kolkata,Grocery shopping
T12575,U063,2022-05-27,Expense,Food,6979.0,Unknown,Delhi,Gym membership
T1701,U040,2022-07-01,Income,Others,12487.0,Card,Jaipur,Movie tickets
T5393,U064,2024-09-19,Expense,Rent,5461.0,Cash,Bangalore,Fixed deposit
T4804,U132,2023-12-24,Expense,Education,939.0,Cash,Jaipur,Grocery shopping
T8561,U048,2021-07-22,Expense,Utilities,7737.0,Cash,Delhi,Uber ride
T9856,U144,2021-10-27,Expense,Food,2228.0,Upi,Ahmedabad,Grocery shopping
T8033,U129,2024-05-09,Income,Salary,38533.0,Unknown,Ahmedabad,No Notes
T12637,U001,2021-03-12,Expense,Food,8434.0,Card,Hyderabad,Medicine
T12163,U104,2023-12-06,Expense,Rent,1853.0,Card,Kolkata,Train ticket
T9965,U023,2021-05-21,Income,Others,10125.0,Upi,Jaipur,No Notes
T11244,U110,2023-05-23,Expense,Food,123.0,Bank_Transfer,Unknown,test
T3259,U124,2022-08-01,Expense,Travel,5337.0,Cash,Jaipur,asdfgh
T3926,U135,2024-01-29,Expense,Education,7537.0,Bank_Transfer,Unknown,...
T12164,U029,2022-09-16,Expense,Utilities,2887.0,Card,Chennai,!!!
T8902,U091,2022-01-09,Expense,Food,2417.0,Upi,Chennai,Internet bill
T12111,U098,2021-12-26,Expense,Travel,4060.0,Bank_Transfer,Chennai,Books
T11598,U032,2021-10-16,Expense,Food,4303.0,Upi,Pune,Electricity bill
T12756,U109,2024-01-08,Expense,Food,4467.0,Cash,Unknown,No Notes
T2842,U021,2023-05-10,Income,Others,62035.0,Bank_Transfer,Jaipur,No Notes
T10239,U038,2024-03-24,Income,Salary,22040.0,Cash,Hyderabad,Lunch
T5675,U006,2021-09-26,Expense,Others,8687.0,Upi,Bangalore,misc
T11027,U037,2023-10-19,Income,Others,55732.0,Unknown,Mumbai,Fixed deposit
T2601,U001,2024-09-04,Expense,Rent,8336.0,Unknown,Bangalore,Online course
T9586,U075,2021-02-08,Expense,Utilities,2104.0,Bank_Transfer,Bangalore,Books
T10391,U068,2022-12-30,Expense,Education,4228.0,Card,Lucknow,Doctor consultation
T4546,U070,2024-07-06,Expense,Rent,36190.0,Upi,Lucknow,No Notes
T0878,U085,2024-04-19,Expense,Utilities,6488.0,Unknown,Hyderabad,EMI payment
T10156,U060,2023-08-20,Income,Others,38336.0,Upi,Kolkata,misc
T5567,U003,2022-08-01,Expense,Food,2075.0,Card,Chennai,Uber ride
T7884,U050,2024-08-29,Expense,Food,4027.0,Cash,Bangalore,Lunch
T7602,U053,2021-06-09,Expense,Food,2081.0,Card,Mumbai,No Notes
T8388,U083,2022-05-06,Expense,Food,3297.0,Bank_Transfer,Ahmedabad,misc
T13255,U073,2022-06-11,Expense,Food,4424.0,Bank_Transfer,Unknown,No Notes
T11937,U132,2022-09-29,Expense,Food,6082.0,Cash,Unknown,Petrol
T4312,U065,2021-10-24,Income,Salary,58626.0,Cash,Delhi,Grocery shopping
T2549,U047,2022-05-19,Expense,Food,3387.0,Bank_Transfer,Kolkata,Doctor consultation
T13525,U149,2021-12-29,Expense,Others,7781.0,Card,Bangalore,Doctor consultation
T10219,U138,2023-08-11,Income,Salary,50508.0,Bank_Transfer,Hyderabad,Fixed deposit
T1958,U150,2024-11-29,Expense,Health,2420.0,Upi,Mumbai,Restaurant dinner
T4834,U051,2021-01-21,Expense,Entertainment,2871.0,Card,Delhi,Online course
T7063,U074,2023-03-20,Expense,Entertainment,4713.0,Bank_Transfer,Chennai,Uber ride
T12621,U017,2024-12-21,Expense,Rent,34917.0,Bank_Transfer,Jaipur,misc
T9767,U043,2022-08-21,Expense,Utilities,2534.0,Bank_Transfer,Bangalore,No Notes
T0570,U130,2023-12-13,Expense,Utilities,6715.0,Card,Ahmedabad,No Notes
T1325,U085,2024-08-12,Expense,Rent,603.0,Card,Hyderabad,No Notes
T11177,U084,2024-10-14,Income,Investment,61673.0,Cash,Pune,Train ticket
T7916,U087,2021-02-16,Expense,Food,2343.0,Card,Lucknow,No Notes
T2291,U134,2024-12-24,Expense,Food,3651.0,Cash,Bangalore,No Notes
T7373,U015,2022-11-26,Expense,Utilities,3749.0,Cash,Mumbai,Lunch
T5125,U097,2023-08-19,Expense,Entertainment,4708.0,Cash,Kolkata,Grocery shopping
T4167,U080,2022-04-09,Expense,Health,4643.0,Cash,Hyderabad,Lunch
T6191,U093,2024-02-26,Expense,Health,6070.0,Cash,Chennai,Electricity bill
T5858,U042,2023-10-17,Income,Bonus,31267.0,Cash,Lucknow,Electricity bill
T3445,U137,2024-11-08,Expense,Food,4418.0,Cash,Ahmedabad,Movie tickets
T4459,U116,2021-06-02,Expense,Travel,9727.0,Upi,Jaipur,No Notes
T12769,U079,2021-11-15,Expense,Education,1660.0,Upi,Kolkata,Shopping
T0801,U009,2024-07-30,Expense,Rent,1846.0,Card,Bangalore,Lunch
T5474,U063,2022-07-12,Expense,Rent,15334.0,Cash,Delhi,Gym membership
T9301,U145,2023-11-07,Expense,Rent,7326.0,Upi,Unknown,Online course
T2075,U135,2023-09-29,Expense,Food,1248.0,Bank_Transfer,Lucknow,No Notes
T6458,U132,2023-10-04,Expense,Utilities,3388.0,Bank_Transfer,Chennai,misc
T4809,U110,2024-09-21,Expense,Entertainment,4169.0,Card,Bangalore,No Notes
T13850,U139,2023-12-24,Expense,Food,2098.0,Upi,Unknown,No Notes
T9919,U104,2024-09-26,Expense,Food,4225.0,Card,Kolkata,Internet bill
T4362,U121,2023-06-07,Expense,Travel,5192.0,Bank_Transfer,Delhi,!!!
T5955,U133,2022-01-22,Expense,Rent,4635.0,Upi,Chennai,Monthly rent payment
T4697,U004,2022-12-07,Expense,Utilities,6521.0,Bank_Transfer,Kolkata,Coffee
T9732,U148,2023-02-27,Expense,Rent,18868.0,Upi,Jaipur,Doctor consultation
T2007,U090,2024-02-22,Income,Freelance,38115.0,Cash,Lucknow,test
T0956,U049,2023-08-08,Expense,Travel,559.0,Cash,Kolkata,Books
T5414,U136,2023-09-09,Expense,Utilities,9778.0,Card,Bangalore,!!!
T0082,U119,2023-08-09,Expense,Education,3402.0,Unknown,Jaipur,test
T8156,U061,2021-02-09,Expense,Others,4232.0,Bank_Transfer,Unknown,No Notes
T2328,U006,2024-08-13,Expense,Travel,7543.0,Cash,Jaipur,Lunch
T9189,U022,2022-01-21,Income,Bonus,48281.0,Upi,Unknown,...
T4582,U087,2024-08-25,Expense,Rent,9462.0,Bank_Transfer,Jaipur,test
T9191,U040,2024-03-31,Expense,Rent,6386.0,Card,Bangalore,xyz123
T2159,U026,2023-07-20,Expense,Food,7230.0,Bank_Transfer,Delhi,Restaurant dinner
T1378,U015,2024-09-10,Expense,Utilities,8349.0,Card,Jaipur,Restaurant dinner
T6133,U131,2022-02-03,Expense,Utilities,5681.0,Bank_Transfer,Bangalore,Restaurant dinner
T8242,U113,2021-11-20,Income,Investment,13016.0,Card,Kolkata,Train ticket
T10800,U037,2022-05-16,Expense,Rent,9691.0,Card,Chennai,Internet bill
T13719,U060,2024-08-20,Expense,Rent,9688.0,Cash,Bangalore,Uber ride
T2825,U026,2024-02-13,Expense,Rent,25526.0,Card,Hyderabad,Gym membership
T11492,U133,2021-12-16,Income,Investment,36033.0,Card,Ahmedabad,...
T2096,U095,2024-09-13,Expense,Travel,7684.0,Bank_Transfer,Unknown,Medicine
T1169,U005,2021-11-16,Expense,Food,2231.0,Cash,Ahmedabad,Grocery shopping
T5719,U046,2024-11-26,Expense,Food,4898.0,Card,Jaipur,No Notes
T2243,U148,2024-08-27,Expense,Rent,42663.0,Bank_Transfer,Delhi,No Notes
T7487,U109,2022-08-11,Expense,Travel,1963.0,Upi,Jaipur,Monthly rent payment
T13286,U042,2021-12-18,Expense,Entertainment,3596.0,Upi,Delhi,Internet bill
T8400,U045,2022-08-22,Expense,Food,4321.0,Bank_Transfer,Ahmedabad,Electricity bill
T13945,U132,2021-10-15,Expense,Food,269.0,Bank_Transfer,Ahmedabad,Books
T3918,U123,2021-07-22,Expense,Food,2437.0,Upi,Jaipur,No Notes
T3576,U026,2021-10-31,Expense,Rent,1643.0,Cash,Ahmedabad,ATM withdrawal
T7977,U147,2021-01-01,Expense,Travel,6381.0,Card,Jaipur,Gym membership
T7675,U015,2022-01-18,Expense,Entertainment,6311.0,Cash,Hyderabad,No Notes
T2680,U104,2021-02-22,Expense,Rent,4801.0,Upi,Unknown,Coffee
T10693,U142,2023-10-09,Expense,Rent,42113.0,Cash,Bangalore,Medicine
T1975,U027,2022-10-07,Expense,Savings,5741.0,Bank_Transfer,Hyderabad,Electricity bill
T5019,U074,2023-04-23,Expense,Rent,16857.0,Card,Jaipur,No Notes
T6686,U009,2021-08-26,Expense,Education,7656.0,Bank_Transfer,Unknown,Electricity bill
T11221,U115,2022-04-17,Expense,Others,5615.0,Card,Chennai,misc
T5200,U011,2021-01-29,Income,Freelance,59567.0,Cash,Pune,Shopping
T12346,U107,2021-01-24,Income,Others,60673.0,Cash,Unknown,Shopping
T11403,U027,2023-03-06,Expense,Food,2067.0,Upi,Ahmedabad,Medicine
T6991,U056,2021-03-05,Expense,Rent,1161.0,Card,Delhi,test
T12129,U084,2022-05-14,Expense,Utilities,4618.0,Upi,Unknown,No Notes
T5623,U066,2021-07-16,Expense,Travel,7752.0,Cash,Jaipur,misc
T12460,U079,2024-02-07,Expense,Travel,6014.0,Card,Unknown,Train ticket
T4466,U029,2021-07-12,Expense,Education,8854.0,Bank_Transfer,Kolkata,No Notes
T0702,U083,2024-02-28,Expense,Rent,23517.0,Bank_Transfer,Delhi,No Notes
T3424,U065,2021-10-21,Expense,Rent,3764.0,Card,Bangalore,Lunch
T11619,U045,2023-11-01,Expense,Travel,575.0,Cash,Lucknow,Restaurant dinner
T8474,U066,2021-12-16,Expense,Travel,9736.0,Bank_Transfer,Kolkata,Uber ride
T6216,U041,2022-10-15,Expense,Rent,40986.0,Cash,Kolkata,ATM withdrawal
T5321,U127,2023-01-14,Expense,Rent,15227.0,Cash,Lucknow,Petrol
T4677,U111,2021-03-12,Expense,Education,7215.0,Card,Pune,asdfgh
T4584,U129,2021-08-19,Expense,Rent,20747.0,Card,Unknown,Restaurant dinner
T5532,U120,2024-08-21,Expense,Others,5959.0,Cash,Kolkata,Restaurant dinner
T6467,U054,2022-07-20,Expense,Food,124.0,Bank_Transfer,Hyderabad,Fixed deposit
T3458,U134,2021-04-10,Expense,Food,2624.0,Cash,Kolkata,Uber ride
T8352,U005,2022-01-08,Expense,Food,3737.0,Bank_Transfer,Lucknow,test
T2259,U100,2023-09-04,Expense,Travel,132.0,Cash,Hyderabad,Shopping
T6286,U123,2024-11-06,Income,Freelance,73343.0,Bank_Transfer,Mumbai,Petrol
T13198,U003,2023-02-01,Expense,Entertainment,7824.0,Bank_Transfer,Jaipur,EMI payment
T7948,U058,2024-05-06,Income,Investment,17178.0,Card,Mumbai,Electricity bill
T1098,U045,2023-03-19,Expense,Travel,8557.0,Bank_Transfer,Ahmedabad,xyz123
T7969,U014,2022-03-14,Expense,Savings,3176.0,Card,Hyderabad,Monthly rent payment
T10886,U051,2023-05-28,Expense,Travel,9072.0,Bank_Transfer,Delhi,Monthly rent payment
T5765,U128,2022-03-02,Expense,Utilities,1052.0,Bank_Transfer,Mumbai,No Notes
T1647,U003,2021-03-09,Expense,Travel,742.0,Upi,Kolkata,No Notes
T8990,U033,2021-09-07,Expense,Rent,14746.0,Bank_Transfer,Kolkata,Shopping
T0948,U121,2023-04-27,Expense,Health,3412.0,Cash,Mumbai,Shopping
T12039,U048,2022-06-15,Expense,Rent,34196.0,Bank_Transfer,Mumbai,asdfgh
T3054,U086,2021-06-21,Expense,Entertainment,7848.0,Bank_Transfer,Ahmedabad,Coffee
T6512,U035,2023-03-08,Expense,Entertainment,6997.0,Card,Ahmedabad,Petrol
T12662,U044,2022-09-15,Expense,Rent,6462.0,Card,Hyderabad,xyz123
T9557,U145,2022-12-23,Expense,Rent,40564.0,Upi,Ahmedabad,Uber ride
T9662,U112,2023-01-28,Expense,Others,6876.0,Bank_Transfer,Ahmedabad,Restaurant dinner
T2716,U060,2021-09-14,Expense,Food,7147.0,Upi,Mumbai,Movie tickets
T6685,U069,2022-10-13,Expense,Rent,36242.0,Upi,Unknown,Books
T12477,U105,2023-02-25,Expense,Rent,43992.0,Cash,Jaipur,ATM withdrawal
T7686,U142,2024-02-12,Income,Bonus,79859.0,Bank_Transfer,Chennai,Movie tickets
T6501,U063,2024-12-21,Expense,Food,1694.0,Card,Delhi,Train ticket
T3724,U094,2024-03-17,Expense,Travel,975.0,Upi,Hyderabad,xyz123
T1942,U074,2023-10-27,Expense,Food,3323.0,Cash,Pune,test
T1301,U138,2021-07-31,Expense,Food,9440.0,Card,Kolkata,Monthly rent payment
T5024,U144,2023-06-09,Expense,Travel,6539.0,Upi,Chennai,Train ticket
T4778,U086,2021-07-31,Expense,Travel,6763.0,Card,Unknown,Electricity bill
T3771,U028,2022-07-05,Expense,Travel,1440.0,Upi,Delhi,Coffee
T10024,U048,2021-12-25,Expense,Travel,6098.0,Card,Lucknow,Online course
T7635,U085,2021-09-16,Expense,Food,1785.0,Card,Pune,Gym membership
T11293,U017,2021-08-01,Expense,Entertainment,5052.0,Bank_Transfer,Jaipur,No Notes
T8710,U042,2024-04-22,Expense,Utilities,1140.0,Bank_Transfer,Bangalore,Train ticket
T10202,U112,2022-03-24,Expense,Travel,4115.0,Cash,Delhi,ATM withdrawal
T3535,U118,2023-12-04,Expense,Food,5139.0,Upi,Mumbai,test
T12139,U143,2023-03-11,Expense,Food,2719.0,Bank_Transfer,Bangalore,Monthly rent payment
T11848,U148,2023-04-03,Expense,Travel,6515.0,Cash,Lucknow,Internet bill
T10293,U052,2024-05-07,Income,Salary,11581.0,Bank_Transfer,Pune,Coffee
T0696,U019,2023-12-21,Expense,Education,583.0,Cash,Lucknow,xyz123
T2402,U073,2023-11-20,Expense,Rent,11529.0,Card,Mumbai,xyz123
T11440,U132,2024-06-23,Expense,Food,7307.0,Upi,Delhi,Books
T2940,U008,2022-09-07,Expense,Rent,45399.0,Bank_Transfer,Bangalore,Fixed deposit
T9249,U142,2023-01-22,Expense,Education,5911.0,Cash,Pune,Uber ride
T4369,U104,2021-10-15,Income,Salary,47584.0,Upi,Mumbai,Online course
T8639,U013,2024-12-13,Expense,Rent,4678.0,Card,Lucknow,Train ticket
T6203,U135,2023-06-16,Expense,Food,323.0,Unknown,Unknown,Monthly rent payment
T0342,U042,2021-10-27,Income,Freelance,56659.0,Cash,Bangalore,Movie tickets
T11509,U144,2024-03-01,Expense,Rent,45594.0,Bank_Transfer,Ahmedabad,No Notes
T13768,U113,2022-10-26,Expense,Rent,10026.0,Upi,Hyderabad,...
T5493,U077,2022-12-20,Expense,Education,4644.0,Card,Ahmedabad,Movie tickets
T5072,U104,2021-08-09,Expense,Others,8889.0,Bank_Transfer,Delhi,...
T4239,U097,2022-02-23,Expense,Rent,999999.0,Upi,Ahmedabad,Coffee
T13556,U136,2023-07-07,Expense,Utilities,6565.0,Card,Jaipur,No Notes
T6891,U075,2021-02-24,Income,Bonus,11443.0,Upi,Chennai,No Notes
T3044,U080,2023-05-04,Expense,Utilities,805.0,Upi,Mumbai,Coffee
T12964,U104,2022-07-28,Expense,Food,3002.0,Bank_Transfer,Hyderabad,Train ticket
T10160,U116,2023-02-20,Expense,Travel,6569.0,Card,Chennai,xyz123
T12969,U086,2022-09-16,Expense,Education,5980.0,Bank_Transfer,Jaipur,Monthly rent payment
T8260,U026,2023-08-07,Expense,Rent,48918.0,Cash,Chennai,Grocery shopping
T0260,U066,2022-03-29,Expense,Education,1410.0,Bank_Transfer,Mumbai,Lunch
T1765,U104,2023-12-17,Income,Bonus,74980.0,Bank_Transfer,Jaipur,Fixed deposit
T10086,U135,2023-04-25,Expense,Health,357.0,Card,Kolkata,Fixed deposit
T3412,U070,2023-04-18,Expense,Food,1370.0,Cash,Unknown,No Notes
T5355,U042,2023-09-05,Expense,Entertainment,1200.0,Bank_Transfer,Jaipur,No Notes
T6018,U080,2023-02-26,Expense,Health,4382.0,Card,Lucknow,Gym membership
T5788,U004,2021-01-13,Expense,Entertainment,2668.0,Bank_Transfer,Jaipur,ATM withdrawal
T6273,U071,2023-10-12,Expense,Health,8861.0,Bank_Transfer,Hyderabad,No Notes
T2939,U051,2022-02-02,Expense,Travel,6148.0,Bank_Transfer,Lucknow,misc
T4436,U094,2022-05-27,Expense,Utilities,755.0,Cash,Jaipur,No Notes
T9361,U019,2024-10-06,Expense,Travel,9112.0,Card,Hyderabad,Coffee
T1248,U099,2021-09-20,Expense,Rent,6348.0,Card,Ahmedabad,xyz123
T5054,U094,2023-05-12,Expense,Savings,1468.0,Upi,Chennai,No Notes
T5428,U006,2022-07-19,Expense,Food,1091.0,Cash,Lucknow,Electricity bill
T13080,U037,2024-11-13,Expense,Food,7922.0,Bank_Transfer,Chennai,Doctor consultation
T4467,U051,2023-10-17,Expense,Health,7191.0,Cash,Ahmedabad,No Notes
T6913,U086,2023-06-08,Expense,Rent,7991.0,Cash,Unknown,Lunch
T10694,U117,2022-05-11,Income,Freelance,40785.0,Upi,Hyderabad,Monthly rent payment
T3236,U078,2021-11-27,Income,Investment,47184.0,Card,Delhi,Grocery shopping
T4474,U141,2023-05-17,Expense,Rent,29469.0,Card,Ahmedabad,No Notes
T5376,U117,2023-10-03,Expense,Food,3873.0,Unknown,Pune,Lunch
T2669,U046,2024-07-31,Expense,Food,3445.0,Bank_Transfer,Pune,EMI payment
T9890,U094,2023-01-21,Expense,Entertainment,8545.0,Card,Delhi,Online course
T2691,U098,2024-06-20,Expense,Rent,9502.0,Card,Kolkata,xyz123
T9398,U019,2022-05-04,Expense,Utilities,4386.0,Cash,Ahmedabad,Electricity bill
T1530,U117,2023-07-20,Expense,Utilities,2635.0,Card,Jaipur,xyz123
T0144,U034,2022-11-09,Income,Investment,31695.0,Card,Delhi,Grocery shopping
T3978,U021,2023-06-23,Expense,Health,5718.0,Cash,Unknown,Uber ride
T2237,U146,2021-06-12,Expense,Health,5865.0,Card,Ahmedabad,No Notes
T12944,U125,2024-01-21,Expense,Utilities,1012.0,Cash,Kolkata,Books
T2890,U086,2022-06-23,Expense,Food,3062.0,Card,Unknown,No Notes
T12973,U053,2022-07-31,Expense,Rent,2376.0,Cash,Unknown,!!!
T11768,U025,2024-11-02,Expense,Rent,3838.0,Cash,Kolkata,Lunch
T1512,U052,2022-01-08,Expense,Travel,1402.0,Card,Kolkata,Movie tickets
T4338,U110,2023-12-27,Expense,Utilities,9784.0,Cash,Delhi,xyz123
T2854,U039,2024-11-12,Expense,Entertainment,6216.0,Bank_Transfer,Hyderabad,Monthly rent payment
T2694,U010,2021-01-14,Expense,Rent,27805.0,Card,Bangalore,Shopping
T12413,U004,2023-06-12,Expense,Health,6854.0,Upi,Lucknow,!!!
T0149,U019,2021-01-25,Income,Bonus,32645.0,Cash,Mumbai,Coffee
T8006,U019,2021-08-15,Expense,Entertainment,4286.0,Cash,Chennai,Internet bill
T12156,U028,2023-12-10,Expense,Rent,1920.0,Bank_Transfer,Mumbai,Restaurant dinner
T12239,U014,2023-01-02,Expense,Rent,14244.0,Card,Hyderabad,No Notes
T3187,U077,2021-12-11,Expense,Rent,30015.0,Bank_Transfer,Delhi,No Notes
T1418,U027,2023-02-23,Expense,Education,8725.0,Cash,Pune,Fixed deposit
T12424,U062,2021-02-12,Expense,Travel,8955.0,Card,Chennai,Grocery shopping
T0239,U056,2022-06-07,Expense,Food,1685.0,Card,Lucknow,No Notes
T5275,U017,2022-05-08,Expense,Food,1810.0,Bank_Transfer,Jaipur,Lunch
T8546,U015,2022-10-04,Expense,Travel,2269.0,Card,Hyderabad,Gym membership
T3519,U044,2022-01-23,Expense,Entertainment,2365.0,Cash,Lucknow,ATM withdrawal
T10616,U019,2022-03-01,Expense,Savings,8271.0,Card,Mumbai,No Notes
T5716,U083,2024-12-20,Expense,Utilities,3170.0,Bank_Transfer,Pune,asdfgh
T2438,U120,2022-10-07,Expense,Food,3926.0,Cash,Unknown,Coffee
T1692,U129,2024-09-24,Expense,Utilities,3624.0,Card,Bangalore,test
T10604,U053,2024-06-09,Expense,Rent,3143.0,Upi,Chennai,Shopping
T8644,U001,2022-03-14,Expense,Travel,9451.0,Upi,Jaipur,No Notes
T13813,U081,2022-01-12,Expense,Rent,39313.0,Upi,Delhi,Movie tickets
T8664,U041,2024-07-02,Expense,Rent,28033.0,Cash,Bangalore,Monthly rent payment
T11151,U110,2022-04-22,Expense,Food,3246.0,Cash,Hyderabad,No Notes
T13233,U150,2024-04-06,Expense,Rent,18307.0,Card,Bangalore,misc
T4049,U086,2022-08-18,Expense,Travel,1004.0,Card,Lucknow,No Notes
T8266,U043,2022-05-11,Expense,Food,3966.0,Card,Bangalore,Movie tickets
T12522,U036,2023-08-22,Expense,Travel,6869.0,Cash,Chennai,Online course
T12830,U135,2023-02-27,Expense,Utilities,8122.0,Card,Ahmedabad,ATM withdrawal
T12459,U120,2021-03-09,Expense,Utilities,5466.0,Card,Chennai,No Notes
T2892,U027,2021-07-10,Expense,Rent,2101.0,Upi,Mumbai,Electricity bill
T10266,U073,2022-11-15,Expense,Rent,41970.0,Upi,Kolkata,Fixed deposit
T12940,U093,2022-07-08,Expense,Education,793.0,Upi,Mumbai,Doctor consultation
T3924,U138,2022-12-05,Expense,Others,7819.0,Bank_Transfer,Kolkata,misc
T11723,U034,2022-03-03,Expense,Education,8719.0,Card,Kolkata,ATM withdrawal
T4410,U068,2022-09-24,Income,Others,38304.0,Cash,Pune,ATM withdrawal
T6517,U105,2023-11-07,Expense,Food,6534.0,Cash,Bangalore,Electricity bill
T8977,U101,2022-01-04,Expense,Utilities,2263.0,Bank_Transfer,Chennai,Gym membership
T12640,U105,2022-05-06,Expense,Food,3122.0,Card,Delhi,ATM withdrawal
T3305,U141,2022-03-01,Expense,Travel,6516.0,Cash,Unknown,Lunch
T3039,U128,2023-06-20,Expense,Savings,196.0,Upi,Chennai,No Notes
T10226,U135,2022-08-21,Expense,Utilities,8541.0,Unknown,Jaipur,No Notes
T11662,U057,2022-03-04,Expense,Education,1669.0,Upi,Delhi,Movie tickets
T10970,U068,2024-10-20,Expense,Entertainment,8124.0,Card,Bangalore,No Notes
T13733,U087,2024-11-24,Expense,Travel,8872.0,Upi,Unknown,!!!
T10109,U085,2023-09-05,Expense,Entertainment,4108.0,Bank_Transfer,Delhi,No Notes
T8346,U072,2021-04-15,Expense,Entertainment,6963.0,Cash,Ahmedabad,test
T4512,U068,2021-03-18,Expense,Entertainment,9377.0,Upi,Hyderabad,Lunch
T12743,U093,2023-09-11,Expense,Food,1066.0,Cash,Ahmedabad,Shopping
T9533,U088,2023-07-20,Expense,Rent,5900.0,Upi,Pune,Grocery shopping
T9047,U114,2024-08-14,Expense,Savings,5183.0,Upi,Hyderabad,Online course
T13877,U012,2022-05-25,Expense,Utilities,9760.0,Bank_Transfer,Unknown,Monthly rent payment
T12428,U064,2022-10-04,Expense,Health,4283.0,Bank_Transfer,Delhi,test
T2896,U136,2024-03-20,Expense,Others,3613.0,Cash,Pune,...
T3372,U006,2023-03-29,Expense,Rent,743.0,Card,Unknown,Fixed deposit
T2436,U048,2023-07-06,Expense,Food,2154.0,Card,Mumbai,Shopping
T2790,U115,2021-09-13,Income,Others,26949.0,Card,Pune,Fixed deposit
T6446,U021,2024-01-05,Expense,Savings,162.0,Cash,Chennai,Lunch
T11134,U052,2024-04-29,Income,Freelance,28500.0,Card,Mumbai,No Notes
T0906,U138,2024-04-18,Income,Salary,44083.0,Cash,Hyderabad,Gym membership
T4952,U129,2024-02-24,Expense,Rent,3980.0,Bank_Transfer,Chennai,Uber ride
T0183,U099,2024-03-17,Expense,Food,2254.0,Cash,Bangalore,Grocery shopping
T5360,U017,2024-11-09,Expense,Travel,3098.0,Cash,Mumbai,Gym membership
T0023,U054,2024-02-04,Expense,Rent,2880.0,Upi,Chennai,EMI payment
T4945,U005,2021-01-18,Income,Bonus,79079.0,Bank_Transfer,Delhi,Lunch
T13604,U050,2024-07-28,Expense,Food,2725.0,Upi,Ahmedabad,No Notes
T11309,U032,2024-10-04,Expense,Travel,3208.0,Upi,Unknown,Fixed deposit
T6566,U048,2024-08-13,Expense,Food,8378.0,Card,Delhi,misc
T13410,U122,2022-06-15,Expense,Savings,407.0,Card,Kolkata,No Notes
T1411,U128,2021-07-15,Income,Salary,28527.0,Upi,Jaipur,Online course
T13611,U037,2021-10-11,Expense,Travel,4068.0,Card,Bangalore,EMI payment
T6953,U142,2021-02-21,Income,Salary,18885.0,Card,Lucknow,ATM withdrawal
T6088,U022,2022-01-18,Expense,Rent,22214.0,Bank_Transfer,Pune,Coffee
T12823,U092,2023-09-04,Expense,Others,715.0,Cash,Chennai,Doctor consultation
T2043,U108,2024-12-12,Expense,Health,8707.0,Bank_Transfer,Delhi,Gym membership
T13058,U009,2023-09-30,Income,Others,41429.0,Card,Kolkata,Fixed deposit
T4127,U017,2021-01-29,Expense,Health,3520.0,Cash,Jaipur,No Notes
T2131,U110,2021-07-14,Expense,Food,3173.0,Cash,Mumbai,test
T13248,U091,2022-03-07,Income,Freelance,59068.0,Cash,Lucknow,Restaurant dinner
T7153,U108,2024-09-28,Expense,Rent,3515.0,Card,Hyderabad,...
T3732,U011,2023-08-06,Expense,Food,5750.0,Bank_Transfer,Chennai,Train ticket
T5665,U026,2022-12-17,Expense,Rent,33148.0,Unknown,Lucknow,Medicine
T11742,U019,2023-08-23,Expense,Utilities,4381.0,Unknown,Unknown,No Notes
T10760,U082,2021-02-23,Expense,Rent,7257.0,Card,Lucknow,Lunch
T11334,U007,2022-06-11,Expense,Rent,100.0,Cash,Kolkata,Doctor consultation
T3850,U043,2024-11-19,Expense,Rent,47904.0,Upi,Delhi,Fixed deposit
T3981,U090,2021-10-17,Expense,Travel,5453.0,Upi,Chennai,Shopping
T11814,U108,2022-04-03,Expense,Travel,7822.0,Card,Pune,Electricity bill
T1035,U053,2023-09-18,Expense,Entertainment,8985.0,Card,Chennai,...
T3575,U018,2021-04-22,Expense,Health,1815.0,Bank_Transfer,Delhi,No Notes
T0554,U064,2021-04-03,Expense,Savings,2841.0,Upi,Hyderabad,Coffee
T10979,U001,2022-06-20,Income,Freelance,36776.0,Upi,Bangalore,!!!
T3924,U005,2023-09-21,Expense,Rent,11763.0,Cash,Jaipur,Books
T5337,U079,2021-03-21,Expense,Food,2627.0,Bank_Transfer,Bangalore,No Notes
T1929,U057,2024-01-18,Expense,Food,6245.0,Bank_Transfer,Pune,Petrol
T4519,U115,2024-10-02,Expense,Food,8818.0,Unknown,Kolkata,Movie tickets
T0744,U009,2022-11-09,Expense,Others,597.0,Cash,Ahmedabad,Lunch
T1106,U070,2022-09-22,Expense,Travel,1909.0,Upi,Kolkata,Train ticket
T8002,U044,2021-06-08,Expense,Rent,17150.0,Bank_Transfer,Chennai,misc
T0021,U081,2023-11-14,Income,Salary,945687.0,Card,Hyderabad,No Notes
T12567,U127,2022-06-05,Income,Investment,40009.0,Upi,Ahmedabad,Train ticket
T6424,U026,2021-02-04,Expense,Food,2670.0,Cash,Lucknow,misc
T3641,U148,2023-08-24,Expense,Education,9417.0,Card,Bangalore,Internet bill
T6919,U060,2022-05-24,Expense,Food,3463.0,Upi,Unknown,ATM withdrawal
T4943,U140,2023-08-10,Expense,Rent,46116.0,Card,Kolkata,!!!
T12550,U128,2024-05-02,Expense,Rent,2838.0,Card,Jaipur,No Notes
T0774,U069,2022-02-01,Expense,Rent,2602.0,Upi,Jaipur,Monthly rent payment
T11993,U080,2023-01-22,Expense,Utilities,1453.0,Bank_Transfer,Chennai,misc
T0648,U105,2023-08-21,Expense,Rent,8903.0,Cash,Mumbai,ATM withdrawal
T7368,U025,2021-10-29,Expense,Education,5556.0,Cash,Unknown,Grocery shopping
T4715,U062,2023-08-09,Expense,Entertainment,7151.0,Card,Pune,Restaurant dinner
T3996,U142,2021-11-25,Expense,Rent,30204.0,Bank_Transfer,Chennai,ATM withdrawal
T12675,U085,2024-04-10,Income,Investment,23057.0,Card,Delhi,No Notes
T7147,U122,2021-04-16,Expense,Travel,3078.0,Card,Jaipur,asdfgh
T11957,U014,2024-12-06,Expense,Savings,9136.0,Card,Chennai,misc
T10550,U043,2022-07-13,Expense,Food,6818.0,Upi,Pune,Books
T11055,U135,2022-10-04,Expense,Education,395.0,Cash,Kolkata,ATM withdrawal
T13152,U051,2021-05-18,Expense,Others,3605.0,Cash,Hyderabad,EMI payment
T5050,U030,2023-05-07,Expense,Travel,9659.0,Bank_Transfer,Lucknow,Grocery shopping
T10376,U146,2022-12-19,Expense,Rent,4460.0,Bank_Transfer,Bangalore,!!!
T2279,U113,2021-01-16,Expense,Savings,8747.0,Unknown,Chennai,Fixed deposit
T11253,U102,2023-12-25,Expense,Entertainment,4069.0,Cash,Ahmedabad,Electricity bill
T6441,U095,2023-03-20,Expense,Utilities,757.0,Upi,Kolkata,Restaurant dinner
T11901,U085,2023-07-04,Expense,Rent,2582.0,Unknown,Kolkata,Lunch
T1865,U004,2024-10-08,Expense,Utilities,1173.0,Upi,Hyderabad,Electricity bill
T13121,U041,2021-05-31,Expense,Utilities,1820.0,Upi,Ahmedabad,misc
T6308,U044,2022-02-08,Expense,Savings,2055.0,Cash,Lucknow,Restaurant dinner
T13462,U070,2022-02-27,Expense,Health,8947.0,Card,Pune,Monthly rent payment
T11412,U012,2024-05-13,Income,Others,45070.0,Card,Unknown,Books
T6800,U145,2022-10-29,Expense,Entertainment,6690.0,Cash,Ahmedabad,Internet bill
T0450,U076,2023-09-02,Expense,Health,5485.0,Cash,Pune,ATM withdrawal
T3958,U091,2021-06-11,Income,Investment,666707.0,Unknown,Lucknow,No Notes
T10265,U128,2021-07-11,Income,Bonus,223641.0,Unknown,Mumbai,No Notes
T6355,U103,2021-10-28,Income,Others,10340.0,Card,Bangalore,Monthly rent payment
T5308,U130,2024-04-21,Expense,Food,2507.0,Upi,Lucknow,Restaurant dinner
T2538,U122,2022-04-09,Expense,Travel,7087.0,Card,Delhi,Doctor consultation
T0304,U085,2022-08-27,Expense,Education,9335.0,Cash,Lucknow,Monthly rent payment
T12876,U116,2022-09-01,Expense,Food,490.0,Card,Pune,Internet bill
T8496,U086,2022-08-16,Expense,Rent,5669.0,Bank_Transfer,Delhi,Books
T0989,U091,2024-08-02,Income,Freelance,74617.0,Bank_Transfer,Kolkata,test
T2725,U144,2021-11-15,Expense,Rent,9872.0,Upi,Jaipur,No Notes
T8134,U053,2022-02-06,Expense,Health,5242.0,Cash,Lucknow,Medicine
T4825,U142,2024-05-02,Expense,Food,7233.0,Cash,Jaipur,xyz123
T2373,U135,2023-09-20,Expense,Savings,9039.0,Cash,Chennai,Medicine
T0018,U071,2022-11-15,Expense,Savings,7107.0,Card,Unknown,Shopping
T2971,U138,2021-01-01,Expense,Rent,1575.0,Bank_Transfer,Lucknow,Doctor consultation
T5868,U017,2021-05-16,Expense,Rent,9655.0,Card,Unknown,!!!
T11626,U029,2022-06-11,Income,Investment,25865.0,Card,Lucknow,No Notes
T9709,U117,2024-03-19,Expense,Food,4214.0,Bank_Transfer,Ahmedabad,Grocery shopping
T11190,U075,2021-05-13,Expense,Savings,8631.0,Cash,Lucknow,No Notes
T7449,U049,2022-01-13,Expense,Education,8466.0,Cash,Bangalore,Gym membership
T10492,U012,2022-01-04,Expense,Utilities,6640.0,Card,Hyderabad,No Notes
T10254,U030,2024-05-07,Income,Others,13374.0,Unknown,Ahmedabad,Coffee
T7813,U107,2021-04-10,Expense,Rent,8947.0,Bank_Transfer,Ahmedabad,Medicine
T0008,U042,2023-12-23,Expense,Food,2569.0,Cash,Delhi,Fixed deposit
T9170,U086,2022-12-26,Income,Others,36459.0,Card,Pune,Coffee
T7933,U127,2024-05-24,Expense,Food,2372.0,Upi,Jaipur,Uber ride
T5155,U004,2024-07-04,Expense,Education,2511.0,Card,Bangalore,Grocery shopping
T6587,U021,2021-06-26,Expense,Travel,7794.0,Card,Kolkata,test
T7118,U045,2021-04-01,Income,Others,15033.0,Cash,Chennai,EMI payment
T12180,U044,2022-02-15,Expense,Education,8064.0,Cash,Jaipur,No Notes
T5585,U111,2024-05-14,Income,Bonus,76472.0,Bank_Transfer,Delhi,asdfgh
T9719,U021,2024-03-07,Expense,Others,567.0,Upi,Mumbai,No Notes
T9362,U126,2022-01-17,Expense,Health,3707.0,Bank_Transfer,Mumbai,xyz123
T1054,U079,2022-04-17,Expense,Travel,8765.0,Bank_Transfer,Kolkata,No Notes
T9413,U141,2023-08-26,Expense,Travel,9947.0,Card,Hyderabad,asdfgh
T0191,U148,2022-04-09,Expense,Entertainment,4759.0,Card,Hyderabad,Uber ride
T12200,U112,2021-03-26,Expense,Utilities,5240.0,Upi,Jaipur,Fixed deposit
T2344,U017,2024-09-11,Expense,Food,6839.0,Cash,Jaipur,Train ticket
T0240,U028,2021-10-06,Expense,Food,8001.0,Upi,Jaipur,Lunch
T8970,U102,2022-01-06,Expense,Travel,7206.0,Card,Chennai,EMI payment
T13302,U061,2021-12-24,Expense,Entertainment,1743.0,Unknown,Jaipur,No Notes
T7029,U074,2024-03-16,Expense,Travel,5495.0,Upi,Unknown,EMI payment
T8431,U100,2023-11-06,Expense,Rent,3588.0,Cash,Pune,No Notes
T1798,U091,2024-12-12,Expense,Rent,1857.0,Bank_Transfer,Hyderabad,Grocery shopping
T0849,U019,2022-03-20,Expense,Utilities,8759.0,Cash,Kolkata,test
T4103,U025,2024-05-05,Expense,Entertainment,3543.0,Bank_Transfer,Delhi,Books
T1048,U076,2022-01-06,Expense,Travel,5718.0,Upi,Mumbai,xyz123
T5302,U058,2021-12-30,Expense,Rent,2023.0,Card,Ahmedabad,ATM withdrawal
T2461,U082,2024-07-28,Expense,Health,7511.0,Card,Delhi,No Notes
T0011,U147,2022-05-13,Expense,Food,2952.0,Cash,Hyderabad,Movie tickets
T1711,U009,2023-09-12,Expense,Rent,7945.0,Upi,Chennai,!!!
T4798,U005,2024-06-13,Expense,Education,5749.0,Card,Pune,ATM withdrawal
T4404,U010,2023-12-12,Expense,Rent,2792.0,Cash,Delhi,asdfgh
T8609,U149,2024-10-22,Expense,Utilities,2188.0,Upi,Hyderabad,Petrol
T6961,U062,2021-04-08,Expense,Entertainment,5631.0,Cash,Lucknow,asdfgh
T5900,U098,2022-10-06,Expense,Entertainment,4897.0,Upi,Chennai,Lunch
T9704,U117,2021-10-14,Expense,Rent,3449.0,Cash,Hyderabad,Internet bill
T3239,U025,2024-03-20,Expense,Food,2932.0,Cash,Hyderabad,Books
T11234,U135,2021-09-23,Expense,Entertainment,2566.0,Upi,Kolkata,...
T1546,U136,2024-12-15,Expense,Savings,7585.0,Bank_Transfer,Jaipur,Monthly rent payment
T7073,U117,2022-03-02,Expense,Food,644.0,Cash,Chennai,!!!
T4779,U066,2021-03-29,Expense,Entertainment,6127.0,Bank_Transfer,Ahmedabad,Electricity bill
T13411,U030,2021-07-21,Expense,Savings,5515.0,Card,Hyderabad,Electricity bill
T10039,U065,2024-05-04,Income,Bonus,76378.0,Upi,Unknown,Uber ride
T5177,U071,2022-10-29,Expense,Education,7963.0,Card,Unknown,...
T9661,U085,2024-04-02,Expense,Food,1724.0,Cash,Jaipur,No Notes
T11233,U014,2023-12-10,Expense,Health,6619.0,Cash,Mumbai,Movie tickets
T7305,U082,2022-09-08,Expense,Utilities,4838.0,Upi,Delhi,Restaurant dinner
T11417,U043,2024-10-10,Expense,Health,5542.0,Card,Lucknow,Coffee
T3067,U090,2024-05-04,Expense,Food,1609.0,Card,Chennai,misc
T2594,U082,2024-02-22,Income,Salary,30349.0,Cash,Lucknow,No Notes
T1834,U089,2021-01-25,Expense,Entertainment,3273.0,Bank_Transfer,Pune,No Notes
T12666,U071,2021-09-26,Expense,Food,2150.0,Card,Jaipur,No Notes
T12735,U007,2024-06-24,Expense,Utilities,982.0,Card,Delhi,xyz123
T0714,U099,2021-12-19,Expense,Entertainment,9521.0,Bank_Transfer,Bangalore,No Notes
T5346,U113,2021-03-10,Expense,Food,6805.0,Card,Unknown,No Notes
T7353,U034,2023-07-05,Expense,Entertainment,2114.0,Unknown,Pune,No Notes
T6596,U139,2023-08-21,Expense,Utilities,7812.0,Cash,Mumbai,Petrol
T12705,U129,2023-04-04,Expense,Food,4648.0,Upi,Ahmedabad,No Notes
T4516,U127,2021-04-07,Expense,Travel,2673.0,Cash,Jaipur,No Notes
T11113,U120,2021-08-31,Income,Salary,41519.0,Cash,Ahmedabad,No Notes
T9829,U106,2023-12-14,Expense,Food,8081.0,Card,Unknown,Gym membership
T11776,U073,2022-02-19,Expense,Travel,9159.0,Card,Chennai,xyz123
T5891,U142,2021-04-04,Expense,Food,2770.0,Bank_Transfer,Bangalore,Coffee
T11993,U128,2022-11-03,Expense,Entertainment,8821.0,Cash,Hyderabad,Coffee
T12237,U046,2024-07-13,Expense,Entertainment,1020.0,Unknown,Mumbai,Electricity bill
T3085,U105,2023-01-10,Expense,Food,698.0,Bank_Transfer,Unknown,Grocery shopping
T5747,U073,2022-06-20,Expense,Entertainment,8011.0,Upi,Pune,Internet bill
T4845,U004,2023-08-01,Expense,Education,9705.0,Upi,Lucknow,Train ticket
T9664,U078,2023-09-15,Expense,Rent,14844.0,Cash,Bangalore,Petrol
T11537,U095,2022-12-07,Expense,Entertainment,3794.0,Card,Bangalore,!!!
T5848,U058,2022-09-14,Expense,Savings,5908.0,Cash,Ahmedabad,No Notes
T5422,U013,2022-05-28,Expense,Education,3270.0,Bank_Transfer,Lucknow,Grocery shopping
T6460,U133,2023-11-20,Expense,Rent,4186.0,Upi,Ahmedabad,No Notes
T3307,U092,2024-04-29,Expense,Travel,7045.0,Cash,Hyderabad,No Notes
T9327,U054,2023-09-15,Income,Salary,14832.0,Cash,Chennai,misc
T0434,U036,2024-01-18,Expense,Utilities,6716.0,Cash,Bangalore,test
T2232,U146,2023-12-19,Expense,Rent,5838.0,Card,Kolkata,Lunch
T2913,U090,2024-08-23,Expense,Others,9440.0,Bank_Transfer,Delhi,Electricity bill
T7857,U031,2021-07-09,Expense,Entertainment,1691.0,Bank_Transfer,Kolkata,Electricity bill
T13510,U136,2024-05-23,Expense,Rent,2428.0,Unknown,Hyderabad,No Notes
T2184,U141,2022-10-30,Expense,Rent,23284.0,Card,Mumbai,Electricity bill
T13093,U041,2022-01-04,Expense,Utilities,2064.0,Cash,Bangalore,Restaurant dinner
T13446,U107,2022-02-06,Expense,Rent,46496.0,Cash,Ahmedabad,test
T8342,U087,2023-09-10,Expense,Utilities,7469.0,Bank_Transfer,Chennai,Electricity bill
T0353,U014,2023-10-18,Income,Investment,22626.0,Bank_Transfer,Ahmedabad,No Notes
T10355,U141,2022-07-29,Expense,Rent,6833.0,Card,Chennai,EMI payment
T11794,U051,2023-04-21,Income,Investment,49033.0,Upi,Ahmedabad,asdfgh
T4236,U071,2023-04-11,Expense,Savings,6984.0,Upi,Delhi,test
T8236,U026,2023-03-24,Expense,Utilities,5973.0,Upi,Kolkata,Internet bill
T3825,U076,2023-03-01,Expense,Travel,3785.0,Cash,Bangalore,Grocery shopping
T6609,U031,2021-06-06,Expense,Rent,5593.0,Card,Lucknow,Restaurant dinner
T2324,U134,2022-05-08,Expense,Others,7171.0,Cash,Delhi,asdfgh
T8772,U142,2022-02-14,Income,Others,34683.0,Bank_Transfer,Ahmedabad,Train ticket
T8153,U094,2023-01-14,Expense,Travel,230.0,Upi,Bangalore,Movie tickets
T7028,U024,2021-02-06,Expense,Rent,8810.0,Card,Lucknow,Restaurant dinner
T0499,U070,2021-08-01,Expense,Food,8702.0,Upi,Mumbai,Internet bill
T12445,U127,2024-10-14,Expense,Travel,1635.0,Cash,Delhi,ATM withdrawal
T0195,U020,2021-07-27,Expense,Food,920.0,Unknown,Hyderabad,...
T3821,U062,2021-09-26,Expense,Rent,11591.0,Card,Mumbai,No Notes
T2975,U030,2022-10-25,Expense,Food,1131.0,Card,Pune,Train ticket
T9932,U019,2023-11-03,Expense,Utilities,709.0,Card,Kolkata,Train ticket
T7688,U024,2021-08-01,Expense,Utilities,5458.0,Upi,Pune,Gym membership
T0951,U077,2021-10-10,Expense,Food,921.0,Cash,Bangalore,Books
T2234,U117,2021-04-30,Expense,Food,427.0,Card,Bangalore,Coffee
T5032,U108,2024-10-03,Expense,Entertainment,7947.0,Upi,Unknown,Movie tickets
T4366,U099,2021-05-30,Expense,Rent,1012.0,Bank_Transfer,Delhi,Restaurant dinner
T6397,U029,2021-03-05,Expense,Others,1609.0,Cash,Unknown,Uber ride
T1052,U109,2024-03-01,Expense,Entertainment,5363.0,Upi,Hyderabad,Fixed deposit
T0003,U097,2022-08-24,Expense,Health,850.0,Card,Ahmedabad,misc
T2901,U091,2023-01-22,Income,Investment,37262.0,Cash,Ahmedabad,Books
T5105,U042,2022-02-08,Income,Others,37998.0,Upi,Kolkata,...
T2861,U144,2023-08-11,Expense,Utilities,8528.0,Unknown,Hyderabad,Train ticket
T7460,U013,2023-04-01,Expense,Entertainment,788.0,Bank_Transfer,Mumbai,Books
T11739,U139,2022-12-01,Expense,Education,351.0,Upi,Ahmedabad,No Notes
T10624,U050,2023-10-12,Expense,Entertainment,7226.0,Upi,Kolkata,Petrol
T9733,U060,2023-07-05,Expense,Others,3546.0,Cash,Chennai,No Notes
T0205,U099,2024-06-01,Expense,Rent,7519.0,Upi,Jaipur,Books
T3235,U118,2022-07-29,Expense,Food,9521.0,Cash,Kolkata,Grocery shopping
T10455,U044,2023-08-08,Expense,Rent,43044.0,Cash,Hyderabad,Movie tickets
T4225,U086,2021-12-17,Expense,Utilities,4915.0,Cash,Ahmedabad,misc
T13531,U001,2024-04-13,Income,Salary,79454.0,Cash,Unknown,Lunch
T3459,U038,2023-09-13,Expense,Food,2545.0,Upi,Pune,Uber ride
T7968,U030,2022-06-20,Expense,Food,4500.0,Card,Delhi,Fixed deposit
T10244,U079,2023-01-07,Expense,Utilities,6730.0,Unknown,Chennai,Grocery shopping
T0204,U002,2021-10-04,Expense,Utilities,3003.0,Cash,Lucknow,No Notes
T7381,U044,2022-12-08,Expense,Entertainment,1418.0,Unknown,Pune,Train ticket
T7128,U099,2024-02-22,Expense,Health,6427.0,Bank_Transfer,Hyderabad,Restaurant dinner
T7221,U101,2022-08-14,Expense,Food,3358.0,Card,Hyderabad,!!!
T1561,U012,2024-04-05,Expense,Rent,5725.0,Upi,Mumbai,Coffee
T1994,U111,2021-04-04,Expense,Education,2326.0,Upi,Unknown,misc
T10535,U115,2024-04-11,Expense,Health,402.0,Bank_Transfer,Delhi,xyz123
T12484,U047,2022-02-14,Expense,Food,5993.0,Cash,Bangalore,Doctor consultation
T11930,U097,2022-12-26,Expense,Food,4931.0,Cash,Lucknow,Coffee
T7057,U035,2022-08-09,Expense,Food,4832.0,Card,Unknown,misc
T13422,U101,2021-01-09,Expense,Food,1091.0,Cash,Kolkata,Petrol
T2108,U135,2024-03-01,Expense,Travel,6955.0,Bank_Transfer,Pune,Petrol
T12159,U112,2023-03-22,Expense,Entertainment,3334.0,Card,Kolkata,No Notes
T11487,U098,2024-12-16,Expense,Savings,5114.0,Bank_Transfer,Mumbai,No Notes
T9859,U082,2023-06-12,Expense,Food,999999.0,Upi,Chennai,Gym membership
T9906,U123,2022-06-27,Expense,Food,4734.0,Cash,Delhi,No Notes
T13804,U011,2023-11-18,Expense,Food,1199.0,Upi,Bangalore,Internet bill
T10759,U074,2021-06-15,Expense,Health,5092.0,Bank_Transfer,Unknown,test
T9880,U083,2022-04-07,Expense,Utilities,1246.0,Upi,Hyderabad,ATM withdrawal
T13136,U121,2022-02-26,Expense,Travel,5167.0,Cash,Hyderabad,Coffee
T8706,U110,2023-02-28,Income,Freelance,35111.0,Card,Hyderabad,No Notes
T11378,U095,2024-03-18,Income,Freelance,29973.0,Bank_Transfer,Ahmedabad,misc
T2308,U131,2021-03-19,Expense,Food,3124.0,Bank_Transfer,Pune,Uber ride
T5328,U060,2023-08-22,Expense,Savings,9530.0,Upi,Hyderabad,test
T2919,U096,2021-11-10,Income,Bonus,31487.0,Upi,Delhi,Grocery shopping
T12211,U140,2023-06-26,Income,Freelance,49188.0,Card,Bangalore,Internet bill
T11004,U045,2022-04-06,Expense,Utilities,6870.0,Cash,Pune,Medicine
T6320,U006,2021-04-02,Expense,Rent,3896.0,Card,Unknown,Movie tickets
T7311,U044,2023-08-09,Expense,Travel,7285.0,Unknown,Lucknow,Monthly rent payment
T8415,U076,2023-02-17,Expense,Rent,6026.0,Card,Lucknow,!!!
T10757,U005,2022-03-11,Expense,Travel,8001.0,Upi,Lucknow,Gym membership
T13655,U127,2023-02-27,Expense,Food,3228.0,Upi,Mumbai,Fixed deposit
T6373,U061,2024-12-06,Expense,Food,3531.0,Bank_Transfer,Unknown,Doctor consultation
T5902,U100,2024-07-12,Expense,Entertainment,8711.0,Cash,Chennai,Gym membership
T4333,U145,2023-11-05,Expense,Entertainment,8024.0,Card,Chennai,Books
T8784,U058,2022-12-15,Expense,Food,5877.0,Card,Unknown,Electricity bill
T10674,U093,2021-06-23,Expense,Utilities,2253.0,Card,Chennai,Movie tickets
T4427,U112,2024-08-16,Expense,Food,8697.0,Card,Unknown,Online course
T11986,U053,2023-04-09,Expense,Rent,7957.0,Cash,Jaipur,Internet bill
T3594,U001,2022-02-26,Expense,Food,3404.0,Bank_Transfer,Hyderabad,No Notes
T6805,U126,2021-05-16,Expense,Rent,2108.0,Bank_Transfer,Lucknow,!!!
T7795,U113,2022-08-04,Expense,Utilities,1850.0,Cash,Bangalore,ATM withdrawal
T13406,U023,2021-03-07,Expense,Rent,976.0,Cash,Pune,...
T4053,U111,2021-03-04,Expense,Rent,45370.0,Cash,Bangalore,Books
T2605,U121,2021-02-20,Expense,Utilities,5814.0,Bank_Transfer,Ahmedabad,Online course
T5960,U026,2021-10-09,Expense,Utilities,8030.0,Card,Jaipur,ATM withdrawal
T10475,U028,2021-07-23,Expense,Rent,7230.0,Card,Mumbai,No Notes
T13346,U062,2021-10-18,Expense,Health,5335.0,Unknown,Delhi,Gym membership
T3124,U122,2023-10-26,Expense,Travel,5225.0,Upi,Bangalore,No Notes
T0334,U074,2021-07-04,Expense,Food,8870.0,Card,Mumbai,No Notes
T0050,U102,2022-11-04,Income,Investment,73956.0,Unknown,Unknown,Gym membership
T11535,U138,2022-01-11,Expense,Travel,1570.0,Cash,Delhi,Electricity bill
T5704,U110,2024-08-16,Expense,Entertainment,6769.0,Cash,Jaipur,No Notes
T7829,U133,2023-05-13,Expense,Travel,3019.0,Bank_Transfer,Delhi,Electricity bill
T2354,U126,2024-04-06,Expense,Rent,21559.0,Bank_Transfer,Kolkata,No Notes
T13729,U014,2021-05-31,Expense,Food,1226.0,Cash,Mumbai,asdfgh
T4325,U073,2021-07-15,Expense,Food,934.0,Card,Mumbai,No Notes
T8963,U040,2023-03-24,Expense,Travel,8640.0,Bank_Transfer,Pune,No Notes
T3590,U020,2023-07-23,Expense,Travel,4311.0,Upi,Lucknow,Doctor consultation
T10213,U082,2022-04-08,Expense,Entertainment,9049.0,Upi,Mumbai,...
T0384,U119,2024-08-19,Expense,Travel,7771.0,Card,Kolkata,Internet bill
T8441,U002,2023-04-29,Expense,Education,9076.0,Cash,Chennai,Fixed deposit
T9592,U094,2022-07-13,Expense,Entertainment,6332.0,Bank_Transfer,Chennai,Grocery shopping
T12396,U008,2024-05-20,Expense,Savings,7660.0,Card,Bangalore,Medicine
T12253,U072,2023-05-03,Income,Investment,19028.0,Bank_Transfer,Jaipur,No Notes
T11717,U068,2024-05-07,Expense,Rent,1475.0,Cash,Mumbai,Books
T11686,U146,2021-02-27,Expense,Travel,5885.0,Upi,Chennai,xyz123
T3221,U134,2021-01-03,Expense,Entertainment,8794.0,Card,Ahmedabad,Grocery shopping
T11769,U100,2023-11-27,Expense,Utilities,4838.0,Card,Kolkata,Monthly rent payment
T10507,U062,2024-03-17,Expense,Food,798.0,Upi,Lucknow,EMI payment
T13460,U029,2021-05-20,Expense,Health,9628.0,Unknown,Mumbai,Monthly rent payment
T7757,U003,2024-12-08,Income,Others,41460.0,Upi,Delhi,Electricity bill
T2512,U068,2023-08-23,Expense,Entertainment,9180.0,Cash,Bangalore,No Notes
T13790,U013,2023-10-30,Expense,Rent,9615.0,Card,Delhi,No Notes
T7546,U133,2021-03-12,Expense,Travel,9903.0,Bank_Transfer,Pune,xyz123
T13978,U001,2021-02-07,Expense,Travel,956.0,Card,Mumbai,Coffee
T10034,U077,2024-03-18,Expense,Utilities,9781.0,Card,Kolkata,Doctor consultation
T6984,U006,2023-08-25,Expense,Utilities,9767.0,Card,Chennai,Online course
T13305,U122,2021-02-24,Expense,Entertainment,3693.0,Cash,Bangalore,Fixed deposit
T5074,U104,2022-03-10,Expense,Entertainment,2998.0,Upi,Ahmedabad,No Notes
T2554,U034,2024-10-15,Expense,Utilities,6291.0,Card,Unknown,Electricity bill
T12057,U121,2024-03-30,Income,Bonus,77481.0,Bank_Transfer,Kolkata,Lunch
T6967,U065,2022-11-13,Expense,Food,2883.0,Card,Delhi,Movie tickets
T7700,U132,2021-11-03,Expense,Food,4582.0,Card,Jaipur,No Notes
T9116,U081,2023-03-22,Expense,Others,4680.0,Unknown,Lucknow,Uber ride
T13250,U076,2021-06-03,Expense,Entertainment,5125.0,Upi,Delhi,Electricity bill
T4575,U094,2021-05-10,Expense,Food,9451.0,Upi,Delhi,Movie tickets
T2930,U078,2023-03-21,Expense,Utilities,1636.0,Cash,Ahmedabad,No Notes
T0593,U117,2023-06-18,Expense,Travel,8182.0,Bank_Transfer,Hyderabad,Train ticket
T11545,U069,2024-02-11,Expense,Health,9075.0,Card,Kolkata,Medicine
T8728,U019,2022-02-03,Expense,Rent,10018.0,Bank_Transfer,Jaipur,No Notes
T6180,U119,2024-08-23,Expense,Food,7719.0,Cash,Lucknow,xyz123
T7229,U095,2024-01-15,Expense,Savings,7624.0,Card,Chennai,No Notes
T12555,U143,2023-01-09,Income,Freelance,28988.0,Card,Lucknow,No Notes
T11613,U073,2021-11-16,Expense,Utilities,9109.0,Upi,Jaipur,test
T7408,U077,2021-02-20,Expense,Travel,780.0,Card,Delhi,Online course
T11274,U094,2024-03-31,Expense,Entertainment,1980.0,Card,Chennai,Online course
T1816,U035,2023-10-02,Expense,Travel,4300.0,Card,Chennai,Movie tickets
T7881,U011,2023-10-26,Income,Salary,11610.0,Card,Hyderabad,Lunch
T10939,U065,2021-10-02,Expense,Food,2464.0,Cash,Pune,Online course
T4017,U069,2021-02-09,Expense,Others,999999.0,Unknown,Ahmedabad,test
T5280,U130,2022-08-05,Expense,Rent,15269.0,Card,Unknown,No Notes
T4057,U079,2021-02-27,Expense,Health,2395.0,Unknown,Pune,Fixed deposit
T7513,U114,2023-12-04,Expense,Others,2633.0,Upi,Jaipur,Medicine
T4345,U098,2023-08-24,Expense,Rent,9805.0,Card,Hyderabad,Grocery shopping
T7673,U103,2024-07-11,Expense,Travel,7790.0,Upi,Mumbai,test
T11795,U061,2024-12-16,Expense,Rent,31237.0,Cash,Mumbai,No Notes
T12252,U081,2022-12-08,Expense,Travel,6381.0,Upi,Lucknow,Grocery shopping
T2811,U110,2024-03-17,Income,Investment,11646.0,Unknown,Jaipur,No Notes
T3118,U019,2024-09-01,Expense,Food,4184.0,Bank_Transfer,Lucknow,ATM withdrawal
T12447,U053,2024-04-29,Income,Freelance,22105.0,Card,Bangalore,asdfgh
T0034,U063,2021-06-27,Expense,Education,8198.0,Upi,Lucknow,Lunch
T11983,U007,2021-09-03,Expense,Savings,6004.0,Bank_Transfer,Bangalore,xyz123
T1660,U048,2022-02-23,Expense,Food,585.0,Cash,Kolkata,...
T10408,U113,2024-09-08,Expense,Rent,5275.0,Upi,Lucknow,misc
T1059,U148,2023-10-02,Expense,Food,9726.0,Cash,Jaipur,No Notes
T8584,U119,2024-02-14,Expense,Health,6742.0,Upi,Jaipur,No Notes
T1879,U037,2022-09-21,Expense,Rent,19462.0,Card,Unknown,misc
T0529,U117,2022-12-22,Expense,Entertainment,2980.0,Card,Kolkata,...
T3057,U127,2022-02-27,Expense,Utilities,3824.0,Cash,Delhi,Restaurant dinner
T13259,U109,2024-01-16,Expense,Rent,38553.0,Card,Mumbai,misc
T3152,U046,2021-08-23,Expense,Rent,10050.0,Bank_Transfer,Ahmedabad,Grocery shopping
T3696,U109,2021-04-16,Expense,Utilities,5786.0,Card,Bangalore,Coffee
T3006,U086,2022-03-29,Expense,Food,4385.0,Unknown,Kolkata,No Notes
T12745,U119,2022-12-08,Expense,Travel,3096.0,Bank_Transfer,Pune,EMI payment
T8804,U037,2023-12-13,Expense,Rent,3820.0,Unknown,Chennai,Online course
T3658,U057,2024-02-13,Expense,Education,7698.0,Bank_Transfer,Delhi,Coffee
T4483,U113,2021-06-27,Income,Salary,27406.0,Cash,Delhi,Lunch
T6049,U149,2023-09-02,Income,Others,20102.0,Unknown,Delhi,misc
T7676,U088,2023-06-17,Expense,Rent,1590.0,Cash,Delhi,Internet bill
T12726,U042,2022-01-21,Income,Investment,18434.0,Bank_Transfer,Jaipur,No Notes
T8446,U142,2024-08-26,Expense,Utilities,3972.0,Upi,Chennai,Movie tickets
T4883,U055,2022-07-28,Expense,Travel,9254.0,Bank_Transfer,Chennai,EMI payment
T7291,U146,2021-01-31,Expense,Utilities,8629.0,Upi,Jaipur,Internet bill
T2199,U114,2022-07-10,Expense,Education,6158.0,Upi,Ahmedabad,No Notes
T4559,U037,2023-12-01,Expense,Health,2897.0,Cash,Chennai,Lunch
T13782,U054,2023-08-19,Expense,Education,6768.0,Cash,Unknown,No Notes
T0512,U031,2024-12-12,Expense,Travel,1836.0,Card,Bangalore,Online course
T4266,U072,2024-05-18,Income,Bonus,33323.0,Card,Hyderabad,No Notes
T5147,U011,2023-10-26,Income,Freelance,29233.0,Upi,Bangalore,Grocery shopping
T7992,U146,2024-02-04,Expense,Entertainment,3832.0,Unknown,Kolkata,Uber ride
T0710,U061,2024-08-06,Income,Others,57203.0,Card,Bangalore,misc
T11976,U137,2024-08-29,Expense,Utilities,3017.0,Cash,Chennai,EMI payment
T13584,U028,2024-12-20,Income,Bonus,13551.0,Upi,Mumbai,No Notes
T9416,U076,2024-09-18,Expense,Food,2511.0,Upi,Hyderabad,!!!
T6499,U066,2023-08-30,Expense,Utilities,5347.0,Upi,Lucknow,No Notes
T12458,U120,2022-08-21,Expense,Food,1245.0,Card,Hyderabad,test
T11363,U043,2024-11-11,Expense,Food,2435.0,Bank_Transfer,Chennai,ATM withdrawal
T1801,U113,2024-05-04,Expense,Food,2555.0,Cash,Jaipur,test
T4027,U072,2023-12-23,Expense,Food,1822.0,Unknown,Delhi,Monthly rent payment
T7105,U084,2022-09-30,Expense,Utilities,8431.0,Cash,Pune,test
T13576,U050,2023-02-05,Expense,Utilities,9942.0,Card,Lucknow,Uber ride
T12978,U037,2022-07-20,Expense,Food,2325.0,Card,Lucknow,Electricity bill
T12922,U141,2023-12-15,Expense,Food,3056.0,Card,Ahmedabad,No Notes
T0387,U028,2021-06-02,Expense,Rent,6737.0,Bank_Transfer,Lucknow,misc
T9896,U102,2023-02-10,Expense,Rent,7975.0,Upi,Bangalore,test
T8638,U112,2023-07-20,Expense,Health,3428.0,Card,Bangalore,Gym membership
T8964,U139,2023-05-26,Expense,Entertainment,8529.0,Card,Unknown,Books
T1113,U120,2023-01-05,Expense,Utilities,7800.0,Bank_Transfer,Delhi,Medicine
T6280,U125,2024-11-05,Expense,Rent,1146.0,Card,Chennai,...
T8544,U142,2021-03-06,Expense,Travel,3417.0,Unknown,Kolkata,misc
T8025,U071,2024-10-14,Income,Others,74866.0,Upi,Pune,Grocery shopping
T3076,U077,2023-04-24,Expense,Others,7445.0,Card,Pune,Movie tickets
T5671,U138,2024-07-11,Expense,Savings,212.0,Card,Mumbai,EMI payment
T9819,U094,2024-01-31,Expense,Others,6582.0,Cash,Chennai,No Notes
T11114,U139,2024-05-05,Expense,Rent,5585.0,Card,Lucknow,No Notes
T9309,U133,2021-05-12,Expense,Entertainment,2103.0,Cash,Jaipur,asdfgh
T5039,U066,2022-02-27,Expense,Rent,1897.0,Cash,Chennai,Books
T10114,U109,2021-01-28,Expense,Travel,7208.0,Card,Jaipur,Electricity bill
T12325,U052,2021-11-12,Expense,Food,1702.0,Cash,Kolkata,No Notes
T8234,U011,2023-01-27,Income,Others,35843.0,Card,Kolkata,No Notes
T11279,U104,2022-04-27,Expense,Travel,2694.0,Bank_Transfer,Lucknow,Grocery shopping
T9967,U096,2024-06-12,Expense,Food,1435.0,Cash,Ahmedabad,Coffee
T2604,U092,2021-04-26,Income,Investment,28864.0,Cash,Pune,Fixed deposit
T5562,U105,2024-02-23,Expense,Rent,8555.0,Cash,Ahmedabad,Uber ride
T8636,U095,2023-12-23,Expense,Entertainment,6232.0,Cash,Chennai,test
T10311,U135,2024-02-04,Expense,Others,366.0,Bank_Transfer,Delhi,Medicine
T8766,U023,2023-04-07,Expense,Rent,5668.0,Card,Mumbai,ATM withdrawal
T11017,U031,2021-11-07,Expense,Food,5967.0,Bank_Transfer,Unknown,Coffee
T9743,U026,2021-01-12,Expense,Rent,9788.0,Upi,Ahmedabad,Lunch
T7071,U085,2021-09-07,Expense,Travel,9882.0,Card,Unknown,Monthly rent payment
T12026,U129,2024-10-22,Expense,Food,3229.0,Card,Hyderabad,Medicine
T5922,U063,2024-06-18,Expense,Food,2932.0,Cash,Hyderabad,EMI payment
T9559,U092,2024-01-23,Expense,Food,9486.0,Cash,Ahmedabad,No Notes
T8065,U059,2022-04-17,Expense,Food,2645.0,Card,Bangalore,...
T9346,U044,2023-07-28,Expense,Others,7819.0,Cash,Bangalore,Lunch
T13268,U060,2024-02-02,Expense,Entertainment,7262.0,Unknown,Hyderabad,!!!
T1640,U048,2024-02-10,Expense,Food,88.0,Card,Hyderabad,Movie tickets
T4290,U018,2024-03-09,Expense,Savings,7116.0,Cash,Ahmedabad,Gym membership
T7048,U020,2024-03-20,Expense,Rent,8394.0,Unknown,Jaipur,Coffee
T10216,U022,2024-07-23,Income,Freelance,45368.0,Upi,Unknown,No Notes
T13637,U129,2022-10-03,Expense,Rent,8370.0,Bank_Transfer,Lucknow,Train ticket
T11307,U026,2021-04-06,Income,Freelance,37473.0,Upi,Hyderabad,No Notes
T12487,U092,2021-10-16,Expense,Food,1834.0,Cash,Kolkata,No Notes
T7097,U013,2021-10-03,Expense,Utilities,9425.0,Upi,Chennai,asdfgh
T12295,U131,2021-11-08,Expense,Entertainment,8896.0,Bank_Transfer,Chennai,!!!
T11657,U131,2021-12-02,Expense,Rent,16334.0,Card,Lucknow,No Notes
T2367,U044,2024-01-23,Expense,Utilities,134.0,Cash,Chennai,Coffee
T9933,U127,2021-11-04,Expense,Rent,10249.0,Card,Hyderabad,Internet bill
T6802,U101,2022-10-20,Expense,Utilities,1915.0,Upi,Kolkata,No Notes
T9233,U068,2023-02-23,Expense,Entertainment,5947.0,Bank_Transfer,Mumbai,Petrol
T7926,U073,2024-07-31,Expense,Travel,8012.0,Card,Mumbai,Internet bill
T10929,U095,2024-02-29,Expense,Entertainment,5658.0,Card,Kolkata,No Notes
T7272,U150,2021-10-03,Expense,Food,3488.0,Card,Mumbai,...
T7964,U142,2023-05-18,Income,Investment,13052.0,Upi,Lucknow,EMI payment
T2955,U056,2021-01-04,Expense,Utilities,8306.0,Card,Unknown,Fixed deposit
T12444,U111,2021-12-18,Expense,Utilities,5784.0,Cash,Mumbai,No Notes
T5904,U024,2024-11-19,Expense,Utilities,2657.0,Upi,Lucknow,misc
T10578,U102,2023-11-01,Expense,Food,3781.0,Card,Chennai,No Notes
T6403,U060,2021-12-23,Expense,Rent,47976.0,Upi,Mumbai,Shopping
T2981,U091,2021-03-24,Expense,Rent,5786.0,Bank_Transfer,Lucknow,Electricity bill
T0755,U024,2024-07-16,Expense,Food,3894.0,Bank_Transfer,Delhi,Grocery shopping
T0557,U107,2022-07-20,Expense,Travel,2114.0,Upi,Mumbai,No Notes
T2024,U131,2021-05-01,Expense,Savings,9248.0,Upi,Kolkata,Restaurant dinner
T3947,U052,2021-07-09,Expense,Travel,9506.0,Card,Hyderabad,Movie tickets
T0867,U085,2024-11-03,Expense,Food,5713.0,Bank_Transfer,Chennai,Fixed deposit
T10729,U128,2021-11-20,Expense,Rent,5021.0,Card,Delhi,misc
T4339,U086,2021-01-03,Expense,Rent,2892.0,Upi,Hyderabad,...
T3465,U098,2024-06-14,Income,Salary,72760.0,Cash,Chennai,Gym membership
T4449,U054,2022-01-04,Expense,Entertainment,7513.0,Card,Pune,misc
T1042,U130,2021-08-19,Expense,Utilities,5725.0,Cash,Lucknow,Monthly rent payment
T10734,U023,2022-01-27,Expense,Education,8687.0,Cash,Bangalore,Internet bill
T0913,U001,2022-05-25,Expense,Travel,459.0,Upi,Delhi,Movie tickets
T11653,U009,2024-06-25,Expense,Food,836.0,Card,Lucknow,Petrol
T6969,U002,2023-03-17,Income,Investment,52187.0,Card,Hyderabad,Fixed deposit
T5416,U027,2024-12-27,Income,Freelance,27050.0,Bank_Transfer,Lucknow,asdfgh
T1963,U062,2021-04-13,Expense,Rent,15540.0,Card,Pune,Fixed deposit
T12607,U036,2023-05-25,Expense,Rent,7243.0,Upi,Kolkata,No Notes
T1526,U055,2023-05-28,Expense,Food,5205.0,Bank_Transfer,Chennai,Electricity bill
T4896,U114,2021-12-25,Expense,Education,9090.0,Unknown,Ahmedabad,Electricity bill
T10192,U122,2023-11-28,Expense,Entertainment,5284.0,Card,Pune,Books
T13010,U116,2023-02-20,Expense,Health,3577.0,Bank_Transfer,Delhi,!!!
T13526,U013,2021-09-15,Expense,Food,2966.0,Cash,Lucknow,No Notes
T10374,U120,2024-01-23,Expense,Food,3368.0,Cash,Bangalore,Gym membership
T13447,U006,2024-05-14,Expense,Education,2104.0,Unknown,Pune,Gym membership
T7791,U052,2023-01-27,Income,Investment,43225.0,Bank_Transfer,Ahmedabad,No Notes
T6078,U144,2024-06-23,Expense,Education,2316.0,Bank_Transfer,Pune,No Notes
T10990,U137,2024-06-02,Expense,Others,1141.0,Card,Unknown,!!!
T7423,U141,2022-07-29,Expense,Utilities,380.0,Bank_Transfer,Unknown,No Notes
T5251,U065,2022-02-08,Expense,Food,3808.0,Bank_Transfer,Bangalore,asdfgh
T4801,U012,2023-08-15,Expense,Travel,4073.0,Bank_Transfer,Ahmedabad,No Notes
T10752,U023,2024-05-15,Expense,Education,5254.0,Card,Pune,Doctor consultation
T10153,U126,2022-01-10,Expense,Food,4409.0,Cash,Jaipur,Petrol
T1844,U131,2023-04-02,Expense,Utilities,922.0,Card,Chennai,No Notes
T9631,U071,2024-01-03,Expense,Utilities,4331.0,Unknown,Ahmedabad,Restaurant dinner
T6187,U101,2023-06-19,Expense,Rent,8228.0,Upi,Lucknow,xyz123
T7639,U107,2023-07-09,Expense,Food,8137.0,Card,Kolkata,...
T2330,U108,2023-12-16,Expense,Food,480.0,Bank_Transfer,Lucknow,misc
T6765,U080,2024-11-23,Expense,Rent,12152.0,Card,Chennai,Electricity bill
T10083,U107,2022-08-27,Expense,Travel,7115.0,Cash,Hyderabad,Fixed deposit
T13853,U015,2024-07-02,Expense,Utilities,7251.0,Card,Jaipur,Petrol
T6465,U037,2023-05-09,Expense,Rent,14034.0,Upi,Mumbai,xyz123
T3091,U065,2022-09-06,Expense,Savings,5218.0,Unknown,Bangalore,Books
T13714,U041,2021-11-29,Income,Salary,54235.0,Cash,Mumbai,Online course
T5170,U127,2023-07-28,Expense,Rent,2690.0,Upi,Hyderabad,No Notes
T11872,U035,2024-05-16,Income,Freelance,44683.0,Bank_Transfer,Delhi,Internet bill
T8494,U145,2021-05-03,Expense,Food,1530.0,Cash,Chennai,Uber ride
T3509,U097,2023-01-25,Expense,Food,7860.0,Upi,Jaipur,Gym membership
T2964,U050,2021-11-25,Income,Salary,52808.0,Cash,Lucknow,test
T3829,U071,2022-01-23,Expense,Travel,5090.0,Cash,Hyderabad,Shopping
T10668,U096,2023-01-06,Expense,Travel,2145.0,Card,Bangalore,No Notes
T4537,U108,2023-10-23,Expense,Rent,49692.0,Cash,Ahmedabad,Doctor consultation
T13396,U029,2022-02-24,Expense,Food,3821.0,Cash,Ahmedabad,No Notes
T10716,U137,2021-12-24,Expense,Utilities,8833.0,Cash,Kolkata,Movie tickets
T0223,U060,2023-01-27,Expense,Utilities,7548.0,Cash,Kolkata,Coffee
T3278,U114,2022-02-01,Expense,Travel,3211.0,Upi,Delhi,Uber ride
T2137,U148,2024-04-12,Expense,Health,7302.0,Cash,Delhi,...
T13310,U131,2022-06-20,Expense,Education,2654.0,Unknown,Bangalore,Lunch
T12659,U013,2024-03-30,Expense,Food,633.0,Upi,Lucknow,No Notes
T3637,U087,2022-12-11,Income,Bonus,11408.0,Cash,Kolkata,Online course
T7630,U061,2024-06-16,Expense,Rent,682.0,Bank_Transfer,Kolkata,misc
T8865,U134,2022-09-01,Expense,Rent,3593.0,Card,Hyderabad,No Notes
T3093,U039,2024-05-04,Income,Others,24961.0,Unknown,Chennai,Uber ride
T9087,U074,2023-03-11,Expense,Food,8845.0,Bank_Transfer,Pune,No Notes
T1068,U136,2024-01-01,Income,Salary,27777.0,Card,Unknown,No Notes
T5861,U030,2022-10-02,Expense,Travel,9434.0,Upi,Delhi,asdfgh
T0826,U074,2021-03-28,Expense,Rent,9917.0,Bank_Transfer,Delhi,misc
T1345,U105,2024-03-06,Expense,Education,7155.0,Cash,Unknown,No Notes
T6330,U030,2023-10-15,Expense,Travel,9035.0,Bank_Transfer,Unknown,Train ticket
T5000,U003,2022-06-02,Income,Investment,11162.0,Unknown,Mumbai,xyz123
T8682,U104,2022-01-10,Expense,Rent,1774.0,Unknown,Jaipur,asdfgh
T2491,U011,2022-01-23,Expense,Others,8534.0,Upi,Chennai,Uber ride
T13161,U031,2021-08-05,Expense,Rent,29086.0,Cash,Lucknow,No Notes
T10572,U064,2021-05-15,Expense,Education,6479.0,Cash,Kolkata,xyz123
T2009,U095,2021-02-11,Income,Others,68265.0,Card,Bangalore,Train ticket
T1469,U124,2024-03-25,Expense,Travel,5852.0,Bank_Transfer,Lucknow,Books
T5823,U145,2023-03-29,Expense,Education,4723.0,Unknown,Mumbai,EMI payment
T6010,U060,2022-01-04,Expense,Entertainment,1929.0,Upi,Ahmedabad,Lunch
T12040,U030,2023-02-16,Expense,Travel,9939.0,Unknown,Hyderabad,Gym membership
T12561,U084,2022-08-09,Expense,Food,3918.0,Upi,Lucknow,Internet bill
T8695,U084,2024-04-24,Expense,Travel,7685.0,Cash,Ahmedabad,Train ticket
T12024,U033,2022-05-31,Expense,Utilities,332.0,Upi,Lucknow,Monthly rent payment
T13777,U136,2024-12-08,Expense,Rent,8307.0,Card,Bangalore,Monthly rent payment
T10943,U014,2022-01-08,Expense,Savings,3600.0,Upi,Kolkata,Gym membership
T2286,U005,2021-08-18,Expense,Travel,9576.0,Bank_Transfer,Kolkata,test
T13199,U116,2024-12-03,Expense,Utilities,3049.0,Bank_Transfer,Lucknow,No Notes
T0690,U079,2021-05-07,Expense,Travel,3412.0,Bank_Transfer,Bangalore,No Notes
T7454,U054,2022-09-23,Expense,Rent,4629.0,Upi,Mumbai,Movie tickets
T7774,U036,2024-04-01,Income,Freelance,22505.0,Upi,Delhi,No Notes
T11710,U026,2024-04-26,Income,Bonus,55767.0,Cash,Hyderabad,Monthly rent payment
T0517,U146,2024-02-29,Expense,Food,119.0,Card,Hyderabad,Fixed deposit
T6942,U036,2021-01-04,Expense,Health,7649.0,Card,Kolkata,No Notes
T8218,U049,2021-05-25,Expense,Food,285.0,Unknown,Mumbai,No Notes
T8158,U046,2021-07-21,Expense,Rent,6334.0,Bank_Transfer,Lucknow,Medicine
T11171,U024,2023-06-18,Expense,Rent,8970.0,Cash,Kolkata,No Notes
T6183,U071,2024-12-21,Expense,Utilities,4100.0,Upi,Bangalore,misc
T10817,U141,2021-08-22,Expense,Rent,664.0,Card,Hyderabad,Shopping
T2429,U076,2021-12-21,Expense,Food,3443.0,Cash,Kolkata,Books
T6509,U055,2023-10-15,Expense,Travel,5211.0,Bank_Transfer,Pune,!!!
T4392,U065,2021-03-29,Expense,Rent,12320.0,Bank_Transfer,Ahmedabad,No Notes
T8543,U059,2024-03-18,Income,Others,51421.0,Cash,Ahmedabad,No Notes
T12927,U113,2022-03-01,Expense,Travel,5655.0,Bank_Transfer,Hyderabad,Monthly rent payment
T11088,U020,2021-04-09,Expense,Food,1826.0,Cash,Kolkata,Train ticket
T6978,U004,2024-06-24,Expense,Rent,3914.0,Bank_Transfer,Bangalore,Grocery shopping
T10813,U089,2024-05-04,Income,Investment,32741.0,Upi,Lucknow,Uber ride
T6398,U100,2023-07-12,Expense,Food,3277.0,Upi,Bangalore,Electricity bill
T10403,U115,2023-10-13,Income,Bonus,26660.0,Cash,Kolkata,Shopping
T8688,U030,2023-04-18,Expense,Rent,3125.0,Upi,Hyderabad,!!!
T7313,U146,2023-05-28,Expense,Food,4506.0,Upi,Jaipur,Petrol
T6712,U146,2024-01-20,Expense,Food,2114.0,Cash,Ahmedabad,xyz123
T1500,U128,2022-06-10,Income,Others,77493.0,Upi,Pune,Restaurant dinner
T10022,U102,2021-11-26,Income,Investment,27277.0,Unknown,Unknown,Petrol
T4770,U098,2022-10-19,Income,Salary,25714.0,Cash,Jaipur,Gym membership
T4231,U128,2021-05-04,Expense,Rent,6769.0,Cash,Hyderabad,No Notes
T11168,U134,2024-07-10,Expense,Rent,1593.0,Bank_Transfer,Jaipur,No Notes
T11696,U119,2024-08-03,Expense,Rent,999999.0,Upi,Bangalore,xyz123
T10126,U014,2021-02-11,Expense,Food,264.0,Bank_Transfer,Lucknow,Coffee
T2000,U094,2024-11-30,Expense,Education,9931.0,Upi,Kolkata,No Notes
T13638,U040,2023-09-15,Expense,Travel,8474.0,Bank_Transfer,Hyderabad,xyz123
T13139,U142,2024-11-06,Income,Bonus,38714.0,Card,Lucknow,Restaurant dinner
T0048,U140,2022-10-22,Income,Others,15720.0,Bank_Transfer,Bangalore,No Notes
T9035,U149,2023-02-07,Expense,Utilities,4043.0,Card,Jaipur,EMI payment
T3584,U034,2023-11-29,Expense,Food,2072.0,Cash,Mumbai,Movie tickets
T1775,U070,2022-01-21,Expense,Travel,3154.0,Cash,Ahmedabad,Grocery shopping
T7473,U112,2023-12-27,Expense,Rent,35255.0,Card,Pune,No Notes
T1697,U074,2021-04-03,Expense,Food,4982.0,Bank_Transfer,Chennai,Restaurant dinner
T9281,U054,2021-12-11,Expense,Food,3263.0,Upi,Unknown,misc
T3509,U029,2021-12-19,Expense,Utilities,4056.0,Upi,Lucknow,Lunch
T4517,U118,2024-12-30,Expense,Education,703.0,Bank_Transfer,Lucknow,...
T13641,U026,2022-02-28,Expense,Food,4409.0,Bank_Transfer,Kolkata,Petrol
T0600,U076,2021-08-19,Income,Others,65687.0,Upi,Pune,Fixed deposit
T12233,U125,2023-07-17,Income,Freelance,67240.0,Upi,Jaipur,No Notes
T9869,U126,2022-03-09,Expense,Rent,5487.0,Card,Delhi,Electricity bill
T10154,U008,2024-03-14,Expense,Food,3821.0,Card,Unknown,Petrol
T2129,U124,2022-10-17,Income,Freelance,25148.0,Bank_Transfer,Lucknow,No Notes
T6516,U028,2024-12-24,Expense,Travel,3070.0,Bank_Transfer,Pune,test
T9858,U010,2021-07-16,Income,Salary,63910.0,Bank_Transfer,Pune,Grocery shopping
T9410,U031,2021-01-09,Expense,Rent,1336.0,Card,Unknown,No Notes
T1770,U066,2024-03-29,Expense,Utilities,6985.0,Card,Delhi,Internet bill
T8899,U136,2022-09-04,Expense,Food,7722.0,Cash,Mumbai,ATM withdrawal
T0681,U039,2024-02-06,Expense,Food,8648.0,Card,Unknown,EMI payment
T11886,U071,2021-10-12,Expense,Travel,9311.0,Cash,Jaipur,Medicine
T11020,U024,2021-11-07,Expense,Food,8213.0,Cash,Delhi,Doctor consultation
T5018,U111,2024-10-26,Expense,Travel,6332.0,Cash,Hyderabad,Movie tickets
T13348,U005,2024-11-23,Expense,Others,1861.0,Card,Kolkata,No Notes
T1688,U110,2021-10-29,Expense,Utilities,8571.0,Unknown,Unknown,Shopping
T13751,U112,2021-11-21,Expense,Food,7161.0,Upi,Bangalore,Petrol
T6193,U040,2021-08-21,Expense,Savings,3480.0,Cash,Chennai,No Notes
T10510,U105,2021-11-14,Income,Others,47114.0,Bank_Transfer,Chennai,Online course
T0555,U065,2021-01-28,Expense,Entertainment,8608.0,Card,Mumbai,Internet bill
T12543,U109,2021-05-16,Expense,Utilities,3761.0,Upi,Delhi,EMI payment
T10308,U101,2022-05-23,Expense,Rent,48922.0,Upi,Mumbai,Monthly rent payment
T2724,U045,2021-03-28,Expense,Rent,8630.0,Card,Hyderabad,EMI payment
T11856,U091,2022-06-08,Expense,Utilities,408.0,Card,Ahmedabad,No Notes
T12195,U145,2022-03-31,Expense,Food,870.0,Cash,Chennai,Movie tickets
T8787,U145,2022-04-29,Expense,Food,3156.0,Cash,Ahmedabad,EMI payment
T4046,U068,2022-11-14,Expense,Food,536.0,Cash,Delhi,Internet bill
T8943,U048,2024-07-07,Income,Others,260062.0,Card,Ahmedabad,No Notes
T12900,U004,2021-09-17,Expense,Food,1044.0,Upi,Lucknow,Online course
T6754,U141,2022-07-29,Expense,Rent,32519.0,Upi,Kolkata,No Notes
T8693,U056,2022-07-18,Expense,Education,9221.0,Bank_Transfer,Kolkata,...
T2245,U005,2024-03-31,Expense,Entertainment,1364.0,Bank_Transfer,Hyderabad,Electricity bill
T1831,U070,2024-09-26,Expense,Rent,6106.0,Cash,Hyderabad,Grocery shopping
T3973,U028,2023-07-10,Expense,Others,5476.0,Bank_Transfer,Ahmedabad,misc
T12537,U002,2024-08-09,Expense,Utilities,5919.0,Card,Mumbai,Train ticket
T12565,U080,2023-02-01,Expense,Travel,5831.0,Cash,Kolkata,Train ticket
T1814,U036,2021-01-19,Expense,Travel,1214.0,Cash,Ahmedabad,Grocery shopping
T11150,U061,2023-03-01,Expense,Entertainment,2747.0,Cash,Delhi,Restaurant dinner
T8585,U045,2023-08-01,Expense,Savings,117.0,Upi,Bangalore,No Notes
T9408,U132,2023-08-30,Expense,Travel,4811.0,Upi,Kolkata,Medicine
T5597,U016,2024-12-01,Expense,Utilities,289.0,Upi,Hyderabad,No Notes
T5518,U092,2021-05-15,Expense,Travel,9636.0,Card,Mumbai,Monthly rent payment
T10632,U108,2022-12-11,Expense,Food,4465.0,Upi,Unknown,Monthly rent payment
T0673,U037,2021-06-04,Expense,Food,172.0,Cash,Ahmedabad,!!!
T12245,U136,2022-08-04,Expense,Travel,2358.0,Card,Mumbai,No Notes
T12906,U061,2024-05-03,Expense,Others,787.0,Bank_Transfer,Unknown,No Notes
T12919,U123,2022-08-06,Expense,Rent,2502.0,Upi,Ahmedabad,Gym membership
T3937,U100,2023-06-07,Expense,Food,4406.0,Upi,Pune,Uber ride
T9472,U066,2022-04-15,Income,Investment,53538.0,Upi,Kolkata,Fixed deposit
T12495,U088,2024-05-28,Expense,Utilities,4305.0,Cash,Mumbai,Doctor consultation
T1654,U116,2024-05-18,Expense,Health,2275.0,Cash,Lucknow,No Notes
T5927,U011,2024-08-21,Expense,Rent,23463.0,Upi,Hyderabad,Coffee
T3960,U013,2024-10-03,Expense,Travel,1295.0,Bank_Transfer,Hyderabad,EMI payment
T5975,U050,2022-09-23,Expense,Travel,4913.0,Card,Chennai,test
T12645,U014,2023-01-10,Expense,Travel,5157.0,Cash,Chennai,!!!
T7465,U073,2022-09-21,Expense,Education,7491.0,Upi,Mumbai,Shopping
T13883,U064,2024-01-08,Expense,Others,4715.0,Upi,Kolkata,misc
T10058,U012,2023-10-04,Expense,Utilities,1675.0,Card,Delhi,Monthly rent payment
T4230,U093,2023-12-05,Income,Freelance,78210.0,Bank_Transfer,Kolkata,Uber ride
T1848,U110,2023-10-19,Expense,Food,3696.0,Cash,Kolkata,Medicine
T7509,U078,2024-02-15,Expense,Food,460.0,Bank_Transfer,Delhi,Internet bill
T6672,U086,2023-06-14,Expense,Health,179.0,Upi,Bangalore,Shopping
T6560,U074,2023-12-05,Expense,Rent,2791.0,Bank_Transfer,Delhi,Fixed deposit
T10138,U001,2023-05-25,Expense,Food,1575.0,Upi,Lucknow,No Notes
T6158,U145,2021-11-13,Expense,Rent,40308.0,Card,Kolkata,Restaurant dinner
T13044,U037,2022-02-22,Expense,Rent,5799.0,Card,Jaipur,Train ticket
T0213,U096,2023-08-11,Expense,Rent,1449.0,Cash,Chennai,...
T1828,U131,2022-06-14,Income,Bonus,41823.0,Bank_Transfer,Lucknow,!!!
T1611,U053,2024-09-23,Expense,Utilities,521.0,Cash,Hyderabad,Internet bill
T8037,U061,2024-09-07,Expense,Food,769.0,Cash,Unknown,No Notes
T1444,U078,2023-01-12,Expense,Food,4399.0,Card,Chennai,EMI payment
T3028,U113,2022-11-13,Expense,Food,3527.0,Card,Mumbai,Internet bill
T4953,U035,2021-07-06,Expense,Rent,3685.0,Bank_Transfer,Lucknow,Movie tickets
T6962,U092,2021-08-11,Expense,Food,8936.0,Cash,Mumbai,Uber ride
T12207,U147,2024-10-08,Expense,Travel,8952.0,Upi,Hyderabad,xyz123
T3275,U140,2024-11-01,Expense,Utilities,1915.0,Upi,Kolkata,Coffee
T2616,U028,2021-12-01,Expense,Health,1861.0,Card,Delhi,Shopping
T1681,U100,2024-05-14,Expense,Food,8692.0,Upi,Hyderabad,Grocery shopping
T2456,U011,2022-09-08,Expense,Others,9508.0,Card,Pune,Monthly rent payment
T5893,U127,2024-06-16,Expense,Food,3629.0,Unknown,Mumbai,misc
T12886,U005,2022-03-09,Expense,Utilities,4698.0,Cash,Jaipur,Monthly rent payment
T13647,U024,2022-10-19,Expense,Travel,9922.0,Bank_Transfer,Jaipur,!!!
T9590,U029,2021-08-02,Income,Salary,24125.0,Bank_Transfer,Lucknow,asdfgh
T10127,U041,2021-04-17,Expense,Travel,3222.0,Card,Lucknow,Medicine
T0830,U040,2021-10-17,Expense,Rent,5138.0,Bank_Transfer,Jaipur,...
T2427,U060,2024-09-11,Expense,Food,350.0,Upi,Lucknow,EMI payment
T3685,U139,2023-06-02,Income,Freelance,117318.0,Cash,Mumbai,Movie tickets
T3892,U146,2022-05-21,Expense,Food,1517.0,Unknown,Delhi,Gym membership
T6564,U061,2022-09-26,Expense,Utilities,8019.0,Upi,Hyderabad,Restaurant dinner
T2533,U050,2021-01-09,Expense,Utilities,6079.0,Bank_Transfer,Jaipur,No Notes
T1171,U063,2024-08-12,Income,Freelance,69214.0,Upi,Pune,!!!
T0635,U117,2023-10-08,Expense,Food,9919.0,Upi,Bangalore,ATM withdrawal
T10581,U064,2021-12-27,Expense,Rent,109.0,Card,Chennai,Fixed deposit
T5382,U141,2023-01-30,Expense,Food,4500.0,Bank_Transfer,Hyderabad,xyz123
T3116,U015,2022-01-09,Income,Freelance,60720.0,Unknown,Chennai,Doctor consultation
T5404,U110,2024-05-09,Expense,Rent,9247.0,Upi,Unknown,Online course
T0156,U075,2022-09-15,Expense,Travel,3301.0,Card,Mumbai,Gym membership
T10541,U028,2021-07-25,Expense,Food,3440.0,Cash,Hyderabad,Gym membership
T6312,U038,2021-04-26,Expense,Food,2866.0,Cash,Lucknow,No Notes
T12652,U075,2021-10-27,Expense,Entertainment,1630.0,Upi,Ahmedabad,Monthly rent payment
T6792,U053,2022-08-30,Expense,Food,1225.0,Card,Bangalore,Doctor consultation
T2242,U035,2021-02-23,Expense,Rent,47664.0,Cash,Pune,Lunch
T1306,U051,2023-08-10,Income,Salary,74585.0,Card,Jaipur,ATM withdrawal
T0618,U149,2023-11-03,Expense,Food,1344.0,Bank_Transfer,Hyderabad,No Notes
T6017,U117,2023-05-10,Expense,Rent,237.0,Bank_Transfer,Chennai,ATM withdrawal
T7878,U138,2022-06-22,Expense,Food,7537.0,Bank_Transfer,Hyderabad,No Notes
T12470,U061,2021-03-30,Expense,Education,1134.0,Cash,Chennai,ATM withdrawal
T6867,U003,2023-05-09,Expense,Food,1597.0,Upi,Ahmedabad,Gym membership
T0357,U080,2024-10-11,Expense,Food,356.0,Bank_Transfer,Unknown,Monthly rent payment
T3400,U078,2022-02-25,Expense,Food,2940.0,Bank_Transfer,Chennai,Restaurant dinner
T2437,U067,2023-09-09,Income,Bonus,46498.0,Cash,Unknown,Fixed deposit
T1600,U043,2021-11-23,Expense,Savings,4900.0,Bank_Transfer,Pune,No Notes
T2603,U093,2021-03-18,Expense,Food,4477.0,Bank_Transfer,Hyderabad,Movie tickets
T13208,U091,2024-03-30,Expense,Food,1869.0,Card,Pune,Monthly rent payment
T7840,U075,2023-05-31,Expense,Rent,3683.0,Cash,Kolkata,Doctor consultation
T13419,U109,2023-12-04,Expense,Food,7608.0,Card,Chennai,Petrol
T9065,U128,2022-04-21,Income,Bonus,20238.0,Upi,Jaipur,Monthly rent payment
T0615,U084,2021-08-29,Expense,Savings,8652.0,Card,Kolkata,Shopping
T1064,U027,2022-03-22,Expense,Entertainment,1969.0,Bank_Transfer,Unknown,Grocery shopping
T8814,U087,2021-01-16,Income,Salary,72704.0,Cash,Ahmedabad,Coffee
T0946,U012,2022-04-11,Income,Bonus,584835.0,Upi,Unknown,Coffee
T7697,U002,2021-01-25,Expense,Food,6365.0,Upi,Jaipur,!!!
T7019,U022,2021-11-05,Expense,Utilities,2539.0,Bank_Transfer,Kolkata,misc
T6129,U004,2022-02-10,Expense,Food,1617.0,Cash,Unknown,No Notes
T7213,U115,2022-05-10,Expense,Food,181.0,Bank_Transfer,Ahmedabad,Lunch
T5525,U064,2023-01-05,Expense,Rent,22203.0,Bank_Transfer,Jaipur,!!!
T0395,U029,2024-04-06,Income,Bonus,25474.0,Card,Jaipur,No Notes
T8958,U146,2024-11-28,Expense,Food,2346.0,Bank_Transfer,Chennai,Coffee
T6323,U024,2024-07-24,Expense,Food,3745.0,Card,Kolkata,Monthly rent payment
T7352,U053,2022-04-11,Expense,Rent,1204.0,Upi,Jaipur,!!!
T6411,U118,2022-11-08,Expense,Entertainment,5061.0,Bank_Transfer,Ahmedabad,Gym membership
T4454,U001,2021-10-26,Expense,Entertainment,9484.0,Cash,Mumbai,No Notes
T7953,U061,2022-09-09,Expense,Utilities,1016.0,Bank_Transfer,Mumbai,Online course
T3556,U049,2022-05-08,Expense,Education,5624.0,Cash,Lucknow,Monthly rent payment
T3334,U123,2022-09-01,Expense,Education,4143.0,Upi,Lucknow,No Notes
T10686,U049,2024-04-17,Expense,Travel,5708.0,Upi,Bangalore,Petrol
T12114,U099,2024-07-26,Income,Others,47495.0,Card,Ahmedabad,xyz123
T13329,U081,2024-10-21,Expense,Food,2286.0,Upi,Kolkata,Coffee
T13088,U096,2024-09-24,Expense,Utilities,9715.0,Cash,Mumbai,Coffee
T12083,U129,2022-01-08,Expense,Education,6937.0,Cash,Ahmedabad,No Notes
T8631,U015,2021-02-17,Expense,Savings,9572.0,Card,Kolkata,No Notes
T7069,U076,2022-05-13,Expense,Travel,2678.0,Unknown,Unknown,Lunch
T8919,U047,2023-11-01,Expense,Health,4916.0,Bank_Transfer,Pune,!!!
T12775,U096,2022-10-18,Expense,Food,695.0,Card,Delhi,Restaurant dinner
T8412,U103,2024-07-18,Income,Freelance,31832.0,Cash,Chennai,ATM withdrawal
T13443,U085,2022-08-16,Expense,Travel,8863.0,Cash,Lucknow,test
T10766,U008,2023-01-03,Expense,Rent,36978.0,Cash,Pune,EMI payment
T4434,U055,2021-05-20,Expense,Savings,6528.0,Card,Hyderabad,No Notes
T10068,U010,2022-08-28,Expense,Education,8250.0,Bank_Transfer,Chennai,asdfgh
T2260,U003,2024-08-19,Expense,Rent,2994.0,Card,Jaipur,!!!
T0170,U090,2021-08-10,Expense,Travel,6883.0,Cash,Lucknow,Gym membership
T1645,U110,2023-09-01,Expense,Education,7419.0,Upi,Mumbai,Medicine
T6309,U129,2023-05-24,Income,Investment,40174.0,Card,Kolkata,Uber ride
T0655,U137,2024-01-07,Income,Bonus,33944.0,Card,Ahmedabad,Train ticket
T13038,U084,2023-10-17,Expense,Rent,2411.0,Upi,Unknown,No Notes
T2651,U025,2022-02-15,Income,Freelance,53583.0,Bank_Transfer,Ahmedabad,Electricity bill
T8945,U124,2023-10-13,Expense,Utilities,1090.0,Cash,Pune,No Notes
T11389,U072,2023-08-29,Expense,Food,7037.0,Cash,Mumbai,xyz123
T13884,U055,2022-03-28,Expense,Rent,942.0,Unknown,Mumbai,Coffee
T2266,U124,2023-05-06,Expense,Travel,3748.0,Upi,Mumbai,EMI payment
T5315,U107,2023-08-25,Expense,Food,2978.0,Cash,Delhi,No Notes
T8480,U139,2022-08-19,Expense,Food,485.0,Upi,Hyderabad,ATM withdrawal
T12464,U108,2022-05-23,Expense,Entertainment,8658.0,Bank_Transfer,Hyderabad,Shopping
T10998,U102,2023-03-14,Expense,Utilities,5729.0,Card,Chennai,No Notes
T2886,U142,2022-02-19,Expense,Rent,26253.0,Unknown,Pune,No Notes
T7000,U129,2022-10-13,Expense,Rent,36719.0,Card,Jaipur,No Notes
T10382,U053,2021-05-09,Expense,Travel,7619.0,Cash,Hyderabad,Lunch
T2662,U011,2022-12-21,Expense,Utilities,6313.0,Upi,Pune,Gym membership
T8662,U019,2023-01-17,Expense,Food,196.0,Upi,Bangalore,Train ticket
T11112,U037,2023-08-02,Income,Bonus,70235.0,Upi,Hyderabad,!!!
T13598,U048,2023-12-02,Expense,Travel,4780.0,Bank_Transfer,Jaipur,Restaurant dinner
T2264,U087,2024-05-17,Expense,Utilities,9040.0,Card,Chennai,No Notes
T8292,U045,2021-11-06,Income,Investment,76326.0,Upi,Ahmedabad,Petrol
T9725,U050,2021-05-15,Expense,Food,7969.0,Cash,Lucknow,Coffee
T5272,U023,2024-07-12,Expense,Others,4377.0,Cash,Chennai,...
T7706,U047,2024-09-21,Expense,Food,999999.0,Card,Unknown,test
T0632,U087,2022-04-01,Expense,Travel,7009.0,Cash,Hyderabad,Movie tickets
T3965,U011,2022-09-30,Income,Freelance,12344.0,Card,Jaipur,No Notes
T3888,U032,2023-06-26,Expense,Food,3272.0,Bank_Transfer,Delhi,Restaurant dinner
T1465,U127,2023-09-23,Expense,Entertainment,9490.0,Bank_Transfer,Pune,Coffee
T2201,U001,2024-07-18,Income,Investment,37897.0,Bank_Transfer,Bangalore,xyz123
T6500,U064,2021-10-09,Expense,Rent,5521.0,Bank_Transfer,Jaipur,Grocery shopping
T6766,U079,2023-10-30,Income,Bonus,43303.0,Bank_Transfer,Delhi,asdfgh
T3922,U093,2023-11-29,Expense,Savings,9597.0,Bank_Transfer,Ahmedabad,Coffee
T10677,U077,2024-10-30,Expense,Travel,9296.0,Cash,Bangalore,Uber ride
T10838,U078,2022-09-25,Expense,Food,7502.0,Card,Chennai,Books
T2687,U124,2021-05-19,Expense,Travel,7148.0,Card,Unknown,No Notes
T11801,U002,2023-04-19,Expense,Health,2659.0,Upi,Bangalore,Coffee
T7079,U045,2023-10-20,Income,Investment,47934.0,Card,Pune,Medicine
T2810,U121,2024-05-18,Expense,Health,6902.0,Cash,Pune,ATM withdrawal
T6505,U137,2023-08-28,Expense,Entertainment,5097.0,Cash,Bangalore,Train ticket
T1867,U017,2023-06-28,Income,Investment,71361.0,Bank_Transfer,Hyderabad,Internet bill
T13648,U020,2021-12-09,Expense,Education,6385.0,Upi,Bangalore,Electricity bill
T2446,U027,2023-02-07,Income,Freelance,42478.0,Card,Unknown,No Notes
T3574,U136,2021-08-05,Expense,Entertainment,9557.0,Card,Delhi,Restaurant dinner
T3070,U134,2021-05-04,Expense,Food,3570.0,Bank_Transfer,Lucknow,Medicine
T7387,U135,2021-04-26,Expense,Travel,8652.0,Bank_Transfer,Bangalore,No Notes
T11809,U037,2023-04-12,Income,Salary,34321.0,Unknown,Jaipur,Lunch
T4872,U041,2021-09-06,Expense,Rent,4357.0,Bank_Transfer,Pune,No Notes
T2063,U004,2022-08-25,Expense,Travel,7668.0,Bank_Transfer,Pune,Monthly rent payment
T1829,U087,2022-09-20,Expense,Health,8407.0,Cash,Kolkata,Shopping
T5667,U073,2021-06-02,Expense,Rent,507.0,Cash,Kolkata,No Notes
T0524,U049,2024-01-24,Expense,Rent,9550.0,Upi,Delhi,No Notes
T5985,U006,2023-05-12,Expense,Rent,6471.0,Unknown,Pune,Train ticket
T6166,U097,2021-05-05,Expense,Education,8674.0,Bank_Transfer,Jaipur,No Notes
T9511,U092,2024-07-04,Expense,Food,1654.0,Bank_Transfer,Bangalore,misc
T7616,U125,2022-06-19,Expense,Food,3514.0,Card,Bangalore,Online course
T4560,U131,2021-09-27,Expense,Travel,2849.0,Card,Pune,test
T9059,U048,2023-11-20,Expense,Food,1171.0,Bank_Transfer,Ahmedabad,No Notes
T4447,U009,2022-03-23,Income,Investment,60202.0,Upi,Bangalore,ATM withdrawal
T8460,U090,2023-03-10,Expense,Food,1290.0,Card,Ahmedabad,Petrol
T9071,U086,2022-07-19,Expense,Rent,3462.0,Upi,Pune,Gym membership
T5121,U076,2023-07-03,Expense,Rent,4336.0,Bank_Transfer,Pune,Books
T2054,U077,2023-02-03,Expense,Food,3153.0,Card,Chennai,Movie tickets
T2295,U013,2022-12-24,Expense,Travel,9497.0,Cash,Bangalore,...
T2888,U028,2022-06-14,Income,Others,55170.0,Bank_Transfer,Jaipur,No Notes
T8751,U145,2022-04-29,Income,Investment,15292.0,Bank_Transfer,Delhi,Train ticket
T12947,U125,2021-10-24,Expense,Rent,1027.0,Upi,Kolkata,Lunch
T7527,U063,2023-12-22,Expense,Rent,47588.0,Card,Lucknow,Monthly rent payment
T3175,U002,2022-12-01,Expense,Food,4750.0,Card,Chennai,Monthly rent payment
T13061,U148,2021-03-22,Income,Freelance,72613.0,Cash,Kolkata,Medicine
T7214,U035,2024-04-11,Expense,Savings,2880.0,Cash,Chennai,Coffee
T6555,U063,2021-02-07,Expense,Travel,3489.0,Cash,Ahmedabad,xyz123
T10490,U062,2022-09-22,Expense,Health,4186.0,Cash,Kolkata,Restaurant dinner
T7727,U106,2022-12-09,Expense,Health,9776.0,Card,Ahmedabad,Internet bill
T8048,U039,2024-03-10,Expense,Food,3354.0,Bank_Transfer,Lucknow,Shopping
T8237,U023,2023-12-12,Income,Others,62177.0,Cash,Chennai,Internet bill
T0268,U098,2023-12-22,Expense,Travel,7174.0,Upi,Kolkata,test
T10094,U126,2024-11-11,Income,Salary,57103.0,Upi,Unknown,Gym membership
T7814,U074,2024-04-09,Expense,Education,334.0,Card,Lucknow,Restaurant dinner
T6409,U057,2022-09-23,Expense,Food,8278.0,Bank_Transfer,Jaipur,ATM withdrawal
T8951,U018,2023-07-18,Income,Freelance,59311.0,Upi,Chennai,Restaurant dinner
T6301,U015,2024-08-26,Income,Investment,25583.0,Bank_Transfer,Kolkata,xyz123
T13578,U125,2022-04-24,Income,Others,72998.0,Card,Ahmedabad,xyz123
T1017,U047,2021-04-13,Expense,Rent,7786.0,Cash,Lucknow,Uber ride
T1261,U107,2021-04-08,Expense,Rent,9629.0,Upi,Hyderabad,Gym membership
T9850,U133,2021-07-02,Expense,Entertainment,5486.0,Card,Chennai,asdfgh
T9492,U114,2023-08-17,Income,Bonus,56088.0,Card,Lucknow,Books
T11109,U137,2023-03-31,Expense,Food,6538.0,Unknown,Kolkata,No Notes
T10385,U013,2024-07-07,Income,Investment,76233.0,Cash,Chennai,...
T12624,U011,2024-09-24,Expense,Rent,327.0,Upi,Mumbai,EMI payment
T12895,U037,2023-12-28,Expense,Entertainment,6805.0,Cash,Chennai,No Notes
T9497,U121,2024-05-02,Expense,Entertainment,3360.0,Cash,Kolkata,No Notes
T1278,U130,2021-10-26,Expense,Utilities,6485.0,Upi,Mumbai,No Notes
T0325,U076,2024-07-30,Income,Bonus,78389.0,Bank_Transfer,Pune,Internet bill
T3900,U118,2021-08-19,Expense,Savings,2858.0,Bank_Transfer,Delhi,Train ticket
T2635,U010,2023-09-27,Expense,Travel,4836.0,Cash,Chennai,Petrol
T6143,U072,2021-02-26,Expense,Travel,731.0,Cash,Hyderabad,Petrol
T7375,U138,2023-03-01,Expense,Food,483.0,Bank_Transfer,Delhi,Train ticket
T7862,U138,2024-06-06,Expense,Education,2829.0,Cash,Hyderabad,Train ticket
T2042,U129,2022-09-30,Expense,Rent,21019.0,Card,Hyderabad,EMI payment
T7056,U025,2023-01-06,Expense,Travel,8152.0,Card,Mumbai,misc
T11461,U082,2023-03-26,Income,Salary,53637.0,Card,Delhi,Books
T0786,U084,2021-06-19,Expense,Travel,8171.0,Card,Unknown,Uber ride
T10925,U050,2021-02-15,Income,Others,71607.0,Upi,Chennai,Monthly rent payment
T6296,U130,2023-07-15,Expense,Education,2276.0,Bank_Transfer,Hyderabad,Shopping
T2416,U042,2022-02-04,Expense,Utilities,5431.0,Cash,Mumbai,ATM withdrawal
T10780,U021,2023-06-10,Expense,Food,2321.0,Cash,Jaipur,EMI payment
T9588,U111,2021-03-18,Expense,Travel,2697.0,Cash,Delhi,No Notes
T4523,U069,2023-02-17,Expense,Health,3962.0,Upi,Bangalore,ATM withdrawal
T3838,U149,2021-05-14,Expense,Food,4111.0,Cash,Mumbai,test
T1416,U010,2022-09-22,Expense,Utilities,6772.0,Upi,Pune,Internet bill
T11320,U089,2021-05-28,Expense,Rent,7697.0,Upi,Chennai,Monthly rent payment
T7433,U105,2023-10-10,Expense,Utilities,9019.0,Unknown,Ahmedabad,Monthly rent payment
T4789,U092,2024-12-01,Expense,Food,4811.0,Bank_Transfer,Mumbai,Shopping
T7907,U113,2024-11-20,Income,Salary,51165.0,Card,Ahmedabad,Electricity bill
T9317,U014,2021-02-09,Expense,Utilities,8895.0,Bank_Transfer,Jaipur,Doctor consultation
T12835,U126,2022-12-15,Expense,Health,8703.0,Upi,Pune,No Notes
T3171,U056,2022-01-22,Expense,Food,1706.0,Cash,Chennai,Monthly rent payment
T6354,U035,2022-12-29,Expense,Travel,455.0,Bank_Transfer,Pune,Medicine
T2874,U125,2024-09-21,Expense,Utilities,4769.0,Cash,Lucknow,Coffee
T12368,U031,2022-11-21,Expense,Travel,1150.0,Cash,Kolkata,No Notes
T6833,U046,2024-12-29,Expense,Food,4047.0,Cash,Mumbai,No Notes
T3808,U119,2024-07-14,Expense,Health,5362.0,Card,Bangalore,No Notes
T0454,U110,2022-07-09,Expense,Travel,5111.0,Cash,Ahmedabad,Medicine
T5396,U064,2023-01-20,Expense,Rent,2836.0,Cash,Mumbai,No Notes
T1368,U056,2022-08-15,Income,Others,65608.0,Upi,Unknown,!!!
T0278,U050,2023-04-17,Expense,Entertainment,3423.0,Bank_Transfer,Hyderabad,No Notes
T6662,U019,2024-02-06,Expense,Travel,3090.0,Cash,Bangalore,xyz123
T5608,U067,2024-07-09,Expense,Food,1639.0,Upi,Chennai,EMI payment
T12589,U021,2024-09-29,Expense,Rent,42938.0,Cash,Jaipur,Uber ride
T12311,U090,2021-12-28,Expense,Utilities,1632.0,Cash,Ahmedabad,asdfgh
T4663,U042,2023-04-11,Expense,Travel,9029.0,Card,Hyderabad,No Notes
T7552,U118,2021-03-04,Expense,Education,1920.0,Cash,Jaipur,asdfgh
T5746,U071,2024-05-15,Expense,Education,1849.0,Card,Jaipur,EMI payment
T6573,U013,2023-03-19,Expense,Food,9691.0,Card,Pune,Doctor consultation
T10269,U150,2023-08-18,Income,Others,28344.0,Cash,Jaipur,Medicine
T2010,U129,2022-11-08,Expense,Utilities,4337.0,Card,Lucknow,No Notes
T8787,U104,2021-02-18,Income,Freelance,33502.0,Bank_Transfer,Chennai,xyz123
T1850,U112,2023-09-12,Expense,Education,2890.0,Cash,Lucknow,No Notes
T2716,U071,2024-10-10,Expense,Travel,7866.0,Upi,Delhi,Medicine
T9610,U092,2024-08-31,Expense,Travel,8733.0,Unknown,Unknown,No Notes
T11534,U074,2024-10-06,Income,Freelance,65589.0,Bank_Transfer,Bangalore,...
T0672,U047,2021-08-13,Expense,Food,4444.0,Unknown,Unknown,Uber ride
T13565,U132,2022-12-17,Expense,Travel,7375.0,Cash,Kolkata,Train ticket
T3347,U118,2022-08-30,Income,Bonus,38776.0,Upi,Unknown,asdfgh
T10643,U078,2024-04-16,Expense,Food,4699.0,Upi,Ahmedabad,Doctor consultation
T8031,U043,2022-10-21,Expense,Food,2988.0,Cash,Mumbai,No Notes
T12249,U045,2021-02-20,Expense,Food,4958.0,Upi,Bangalore,...
T13256,U112,2021-05-25,Expense,Food,2878.0,Bank_Transfer,Chennai,No Notes
T5737,U056,2022-09-27,Expense,Entertainment,6363.0,Cash,Mumbai,ATM withdrawal
T5084,U102,2023-03-26,Expense,Food,218.0,Cash,Hyderabad,test
T7173,U090,2022-09-02,Expense,Utilities,4097.0,Cash,Kolkata,Movie tickets
T1727,U085,2022-02-11,Expense,Utilities,8062.0,Card,Bangalore,No Notes
T3434,U095,2023-02-11,Expense,Food,999999.0,Cash,Delhi,!!!
T9441,U001,2023-06-25,Expense,Entertainment,262.0,Cash,Kolkata,Shopping
T2269,U017,2022-02-10,Expense,Food,1811.0,Upi,Hyderabad,xyz123
T5835,U084,2023-03-24,Income,Investment,59580.0,Unknown,Pune,xyz123
T2142,U008,2022-02-01,Expense,Rent,2332.0,Card,Hyderabad,Gym membership
T4771,U135,2023-09-06,Income,Bonus,26077.0,Card,Mumbai,xyz123
T8305,U081,2022-09-14,Expense,Food,1740.0,Bank_Transfer,Mumbai,Fixed deposit
T4314,U015,2024-09-13,Income,Bonus,46236.0,Upi,Pune,No Notes
T2363,U116,2021-01-26,Expense,Food,7196.0,Cash,Chennai,No Notes
T6700,U109,2022-12-10,Income,Freelance,65437.0,Upi,Kolkata,...
T5304,U022,2022-08-04,Expense,Education,9672.0,Card,Unknown,Movie tickets
T12598,U146,2023-01-26,Expense,Utilities,2586.0,Card,Mumbai,asdfgh
T8313,U033,2022-08-11,Expense,Rent,509.0,Upi,Ahmedabad,Grocery shopping
T8715,U121,2024-06-08,Expense,Food,468.0,Bank_Transfer,Delhi,ATM withdrawal
T13083,U121,2022-08-04,Income,Others,15522.0,Bank_Transfer,Unknown,No Notes
T6082,U069,2022-10-02,Expense,Travel,3375.0,Upi,Bangalore,Uber ride
T12570,U130,2022-09-21,Expense,Food,4808.0,Cash,Bangalore,Monthly rent payment
T8852,U050,2023-08-30,Expense,Food,3733.0,Cash,Unknown,No Notes
T5583,U112,2024-10-19,Expense,Travel,3941.0,Upi,Kolkata,Grocery shopping
T12037,U147,2021-03-22,Expense,Travel,6675.0,Upi,Chennai,Monthly rent payment
T7087,U125,2021-04-20,Expense,Travel,9236.0,Card,Lucknow,No Notes
T8116,U134,2022-02-10,Expense,Food,903.0,Cash,Ahmedabad,Fixed deposit
T7578,U001,2023-07-10,Expense,Education,8323.0,Upi,Pune,No Notes
T13158,U011,2023-05-15,Expense,Entertainment,9289.0,Upi,Kolkata,Restaurant dinner
T10883,U140,2022-02-02,Expense,Rent,3143.0,Upi,Bangalore,Gym membership
T10702,U052,2021-01-28,Expense,Travel,9231.0,Upi,Lucknow,Internet bill
T10894,U004,2021-06-15,Expense,Travel,1512.0,Card,Kolkata,test
T7684,U078,2023-07-22,Expense,Food,395.0,Upi,Mumbai,Books
T8717,U096,2022-09-14,Income,Salary,50866.0,Upi,Kolkata,xyz123
T9707,U075,2023-12-15,Expense,Food,4363.0,Card,Chennai,Online course
T12452,U139,2022-06-01,Expense,Utilities,6335.0,Card,Mumbai,No Notes
T7455,U147,2023-11-18,Expense,Travel,4628.0,Upi,Chennai,asdfgh
T9542,U076,2023-12-31,Expense,Food,3602.0,Upi,Hyderabad,Movie tickets
T0440,U118,2021-01-16,Expense,Health,9426.0,Cash,Ahmedabad,No Notes
T9764,U005,2024-09-10,Income,Freelance,41296.0,Bank_Transfer,Chennai,No Notes
T6966,U095,2023-05-21,Expense,Others,3167.0,Card,Delhi,Medicine
T3493,U007,2022-04-23,Expense,Entertainment,1380.0,Card,Kolkata,No Notes
T0487,U094,2023-11-19,Expense,Health,1955.0,Cash,Kolkata,Coffee
T8934,U116,2024-07-28,Expense,Food,7731.0,Bank_Transfer,Unknown,Grocery shopping
T4061,U130,2023-09-18,Expense,Food,1568.0,Bank_Transfer,Hyderabad,asdfgh
T3689,U144,2023-11-14,Expense,Food,5063.0,Bank_Transfer,Hyderabad,Fixed deposit
T4852,U035,2024-11-18,Expense,Savings,3853.0,Upi,Lucknow,...
T13041,U081,2021-01-20,Income,Freelance,12864.0,Card,Chennai,Train ticket
T7479,U046,2022-09-16,Expense,Rent,1882.0,Bank_Transfer,Lucknow,test
T4252,U003,2023-11-10,Income,Bonus,17159.0,Card,Kolkata,misc
T6772,U074,2024-07-05,Expense,Food,3559.0,Cash,Bangalore,Books
T3875,U003,2022-11-08,Income,Others,56536.0,Cash,Pune,No Notes
T11708,U101,2023-02-16,Expense,Rent,22543.0,Bank_Transfer,Mumbai,No Notes
T8281,U094,2021-05-05,Expense,Rent,22534.0,Bank_Transfer,Pune,No Notes
T9154,U017,2021-01-11,Income,Investment,26936.0,Upi,Pune,test
T6911,U010,2023-07-16,Expense,Education,9853.0,Bank_Transfer,Mumbai,Monthly rent payment
T0862,U117,2021-03-22,Expense,Rent,8977.0,Unknown,Mumbai,No Notes
T13992,U076,2022-01-16,Income,Investment,277040.0,Cash,Jaipur,Monthly rent payment
T7910,U126,2022-05-25,Expense,Food,864.0,Bank_Transfer,Unknown,Restaurant dinner
T13425,U091,2023-12-04,Income,Salary,28545.0,Card,Bangalore,No Notes
T10603,U024,2022-04-10,Expense,Entertainment,262.0,Card,Delhi,No Notes
T0612,U052,2024-07-01,Expense,Travel,5841.0,Cash,Pune,EMI payment
T11538,U116,2022-07-08,Expense,Rent,30827.0,Card,Hyderabad,Coffee
T11929,U131,2023-04-10,Expense,Food,3172.0,Cash,Chennai,!!!
T4401,U117,2024-08-28,Expense,Health,1862.0,Upi,Pune,Fixed deposit
T4772,U039,2021-11-16,Expense,Food,6353.0,Cash,Hyderabad,Movie tickets
T7148,U062,2022-03-25,Income,Freelance,10473.0,Upi,Lucknow,No Notes
T4336,U100,2024-12-07,Expense,Entertainment,5078.0,Upi,Pune,Restaurant dinner
T13211,U135,2021-12-17,Expense,Others,8007.0,Card,Hyderabad,...
T5502,U109,2023-04-17,Expense,Utilities,5647.0,Upi,Pune,asdfgh
T10077,U088,2021-02-01,Income,Others,33639.0,Cash,Unknown,ATM withdrawal
T5441,U036,2023-12-24,Expense,Education,8065.0,Unknown,Pune,Grocery shopping
T10868,U131,2024-12-22,Expense,Food,1070.0,Card,Unknown,Gym membership
T5530,U049,2023-12-01,Expense,Savings,5361.0,Cash,Hyderabad,Doctor consultation
T7899,U015,2023-09-05,Expense,Rent,12479.0,Upi,Pune,xyz123
T2698,U038,2022-06-10,Expense,Health,9541.0,Card,Hyderabad,Shopping
T7855,U088,2021-11-06,Expense,Travel,9968.0,Card,Jaipur,Uber ride
T11160,U036,2023-04-30,Expense,Rent,47870.0,Card,Pune,No Notes
T6561,U105,2021-03-12,Expense,Savings,9764.0,Bank_Transfer,Bangalore,misc
T12175,U129,2024-04-29,Expense,Food,4854.0,Upi,Hyderabad,xyz123
T9801,U142,2024-10-23,Expense,Food,3427.0,Bank_Transfer,Delhi,misc
T11248,U063,2024-03-11,Expense,Entertainment,5944.0,Card,Mumbai,Doctor consultation
T2378,U138,2021-11-24,Expense,Food,6474.0,Unknown,Chennai,No Notes
T13195,U021,2022-09-14,Expense,Health,2719.0,Bank_Transfer,Ahmedabad,Internet bill
T5163,U129,2022-03-13,Expense,Health,2456.0,Bank_Transfer,Pune,test
T13316,U106,2023-03-11,Income,Others,17863.0,Upi,Hyderabad,Train ticket
T13697,U136,2023-03-11,Expense,Entertainment,9022.0,Cash,Kolkata,Grocery shopping
T2453,U113,2023-08-17,Expense,Entertainment,3668.0,Cash,Lucknow,Petrol
T0563,U145,2021-04-20,Expense,Rent,38948.0,Cash,Kolkata,No Notes
T9007,U130,2024-06-18,Expense,Food,4424.0,Upi,Delhi,No Notes
T3160,U086,2021-09-06,Expense,Education,3461.0,Upi,Mumbai,Shopping
T6124,U047,2021-03-16,Income,Freelance,55013.0,Card,Pune,No Notes
T6406,U001,2022-05-19,Expense,Health,5291.0,Upi,Hyderabad,Movie tickets
T5959,U093,2022-08-08,Expense,Travel,1065.0,Cash,Delhi,...
T12133,U076,2023-08-16,Expense,Utilities,6170.0,Card,Hyderabad,No Notes
T8672,U105,2022-07-07,Expense,Entertainment,4766.0,Cash,Mumbai,Gym membership
T0828,U014,2022-08-05,Income,Bonus,78920.0,Upi,Pune,Coffee
T8926,U067,2024-02-06,Expense,Education,7431.0,Unknown,Bangalore,No Notes
T0142,U125,2021-01-06,Expense,Entertainment,5969.0,Bank_Transfer,Hyderabad,ATM withdrawal
T7251,U051,2024-05-20,Income,Investment,18637.0,Bank_Transfer,Pune,Grocery shopping
T11220,U082,2024-01-09,Expense,Food,2089.0,Card,Pune,Internet bill
T3174,U010,2021-05-09,Expense,Entertainment,3765.0,Bank_Transfer,Chennai,...
T3084,U013,2021-01-10,Expense,Rent,9720.0,Upi,Lucknow,Doctor consultation
T8659,U146,2022-03-07,Expense,Travel,7186.0,Card,Unknown,Train ticket
T5969,U008,2023-02-26,Expense,Education,5138.0,Upi,Delhi,No Notes
T5364,U004,2022-03-10,Expense,Rent,5540.0,Cash,Hyderabad,Grocery shopping
T7584,U119,2022-05-24,Expense,Food,1364.0,Cash,Unknown,Monthly rent payment
T10715,U032,2022-04-26,Expense,Utilities,9389.0,Cash,Ahmedabad,Books
T4774,U023,2021-11-30,Expense,Food,3654.0,Cash,Unknown,No Notes
T9737,U006,2023-05-10,Expense,Savings,6599.0,Unknown,Kolkata,No Notes
T1507,U053,2021-12-06,Expense,Rent,8539.0,Upi,Delhi,...
T12984,U097,2024-01-10,Expense,Food,4608.0,Upi,Ahmedabad,Electricity bill
T3492,U045,2022-10-27,Expense,Education,4374.0,Cash,Lucknow,Uber ride
T3724,U017,2023-05-29,Expense,Rent,2474.0,Cash,Jaipur,Movie tickets
T13892,U019,2024-11-30,Expense,Utilities,9108.0,Bank_Transfer,Unknown,asdfgh
T6092,U126,2023-04-10,Expense,Rent,5947.0,Unknown,Jaipur,Internet bill
T1426,U060,2021-09-20,Expense,Food,1811.0,Card,Pune,No Notes
T4966,U126,2024-04-27,Expense,Food,720.0,Bank_Transfer,Bangalore,xyz123
T6238,U046,2024-05-15,Expense,Rent,5964.0,Cash,Lucknow,Internet bill
T7141,U071,2022-02-12,Expense,Travel,7762.0,Card,Chennai,No Notes
T9940,U026,2022-08-11,Income,Investment,60227.0,Card,Ahmedabad,Doctor consultation
T0810,U090,2022-05-04,Expense,Travel,4517.0,Cash,Pune,Gym membership
T0321,U139,2023-08-09,Expense,Travel,2544.0,Card,Mumbai,Electricity bill
T4363,U118,2021-03-06,Income,Bonus,25941.0,Card,Bangalore,No Notes
T3816,U091,2022-09-16,Expense,Others,9511.0,Bank_Transfer,Bangalore,Shopping
T0465,U076,2024-12-29,Expense,Savings,1526.0,Bank_Transfer,Delhi,No Notes
T8980,U026,2021-04-06,Income,Investment,34515.0,Card,Ahmedabad,Restaurant dinner
T8487,U098,2023-12-16,Expense,Travel,177.0,Card,Ahmedabad,ATM withdrawal
T6793,U130,2021-12-17,Expense,Travel,8143.0,Upi,Hyderabad,Electricity bill
T3709,U042,2021-07-07,Expense,Travel,4950.0,Bank_Transfer,Kolkata,Medicine
T4010,U026,2021-05-23,Income,Salary,10361.0,Cash,Hyderabad,No Notes
T9436,U045,2024-07-28,Expense,Rent,1106.0,Card,Mumbai,Coffee
T7620,U121,2021-02-26,Expense,Food,675.0,Card,Delhi,Restaurant dinner
T13392,U131,2021-11-03,Expense,Others,9289.0,Upi,Delhi,Shopping
T12489,U069,2023-07-01,Expense,Utilities,648.0,Card,Hyderabad,EMI payment
T5637,U063,2021-02-20,Expense,Food,870.0,Cash,Lucknow,Books
T7189,U043,2023-11-15,Expense,Education,5284.0,Card,Ahmedabad,ATM withdrawal
T3682,U078,2023-09-06,Income,Freelance,36011.0,Bank_Transfer,Chennai,EMI payment
T13420,U125,2021-07-29,Expense,Education,6733.0,Bank_Transfer,Chennai,Books
T13594,U118,2021-08-08,Expense,Utilities,1916.0,Upi,Delhi,Lunch
T12638,U085,2024-01-16,Income,Freelance,59283.0,Cash,Unknown,Uber ride
T6429,U077,2024-07-03,Expense,Travel,2287.0,Cash,Unknown,test
T5283,U075,2022-06-24,Expense,Travel,6641.0,Card,Ahmedabad,Fixed deposit
T4876,U029,2022-04-01,Expense,Education,1958.0,Card,Pune,...
T0505,U123,2023-06-29,Expense,Entertainment,4482.0,Cash,Jaipur,!!!
T12103,U046,2021-03-17,Expense,Travel,6454.0,Bank_Transfer,Delhi,No Notes
T9136,U137,2024-05-19,Income,Investment,33182.0,Upi,Unknown,misc
T6531,U065,2022-10-25,Expense,Travel,7686.0,Cash,Jaipur,Petrol
T4892,U066,2024-04-16,Expense,Utilities,7439.0,Bank_Transfer,Pune,misc
T9758,U050,2022-06-16,Expense,Utilities,788.0,Upi,Mumbai,test
T13221,U062,2024-12-27,Expense,Food,4030.0,Cash,Lucknow,Uber ride
T8871,U111,2024-10-08,Expense,Travel,1759.0,Cash,Unknown,Doctor consultation
T8261,U028,2022-05-26,Expense,Food,928.0,Upi,Ahmedabad,No Notes
T9029,U067,2021-07-19,Expense,Rent,9173.0,Card,Chennai,Movie tickets
T4054,U090,2021-03-06,Income,Salary,42810.0,Cash,Kolkata,asdfgh
T5107,U018,2022-02-10,Expense,Travel,3619.0,Bank_Transfer,Pune,xyz123
T12194,U086,2022-09-09,Expense,Entertainment,3513.0,Cash,Delhi,Grocery shopping
T6025,U107,2024-09-05,Income,Others,28383.0,Card,Unknown,Restaurant dinner
T1693,U009,2022-08-29,Income,Investment,25962.0,Upi,Lucknow,xyz123
T1728,U026,2022-01-14,Expense,Food,8717.0,Cash,Unknown,...
T8088,U122,2023-03-20,Income,Freelance,52935.0,Bank_Transfer,Unknown,Uber ride
T8657,U093,2023-04-05,Expense,Health,1202.0,Cash,Mumbai,Internet bill
T6719,U114,2022-06-03,Expense,Travel,9958.0,Bank_Transfer,Delhi,Grocery shopping
T13600,U100,2023-09-19,Expense,Rent,9135.0,Upi,Hyderabad,Grocery shopping
T3850,U125,2024-12-15,Expense,Food,6358.0,Card,Lucknow,Gym membership
T11123,U046,2023-03-27,Expense,Food,971.0,Upi,Mumbai,test
T8097,U029,2021-12-24,Expense,Others,6240.0,Upi,Mumbai,!!!
T12620,U094,2021-05-02,Expense,Entertainment,2533.0,Cash,Ahmedabad,No Notes
T12273,U109,2023-11-02,Expense,Food,4386.0,Bank_Transfer,Chennai,Restaurant dinner
T10747,U036,2023-04-09,Expense,Travel,2349.0,Bank_Transfer,Ahmedabad,Grocery shopping
T9200,U110,2024-05-13,Expense,Rent,547.0,Bank_Transfer,Bangalore,Fixed deposit
T0380,U064,2024-10-18,Expense,Travel,9772.0,Cash,Ahmedabad,No Notes
T9332,U146,2024-04-01,Expense,Education,4596.0,Bank_Transfer,Lucknow,Uber ride
T0891,U017,2024-03-09,Income,Bonus,75084.0,Card,Kolkata,Medicine
T1663,U070,2024-03-22,Expense,Rent,3930.0,Upi,Lucknow,Monthly rent payment
T10869,U135,2021-02-18,Expense,Travel,9142.0,Bank_Transfer,Pune,Grocery shopping
T9537,U150,2022-01-09,Income,Bonus,76222.0,Cash,Lucknow,Petrol
T8173,U068,2024-10-12,Expense,Rent,44196.0,Bank_Transfer,Chennai,Internet bill
T10517,U047,2024-12-23,Expense,Entertainment,9654.0,Card,Jaipur,Lunch
T0432,U133,2024-10-04,Expense,Food,6800.0,Cash,Kolkata,Doctor consultation
T4884,U038,2021-03-03,Income,Salary,49039.0,Bank_Transfer,Ahmedabad,Train ticket
T13520,U113,2022-09-30,Expense,Health,8099.0,Card,Ahmedabad,Monthly rent payment
T4176,U059,2023-10-28,Expense,Entertainment,6836.0,Upi,Delhi,Internet bill
T9076,U144,2021-02-11,Expense,Health,848.0,Bank_Transfer,Pune,Restaurant dinner
T7556,U062,2023-12-04,Expense,Rent,9362.0,Unknown,Unknown,Grocery shopping
T13764,U058,2024-07-28,Expense,Utilities,2427.0,Bank_Transfer,Delhi,Restaurant dinner
T11852,U065,2024-01-26,Expense,Entertainment,9088.0,Upi,Lucknow,No Notes
T0711,U111,2021-10-22,Expense,Food,1074.0,Bank_Transfer,Ahmedabad,asdfgh
T13690,U078,2023-05-21,Expense,Food,3364.0,Card,Hyderabad,Lunch
T0467,U137,2023-05-10,Expense,Travel,9941.0,Bank_Transfer,Pune,Gym membership
T10063,U091,2023-08-29,Expense,Rent,659.0,Card,Mumbai,Online course
T5462,U024,2023-01-12,Expense,Health,7002.0,Cash,Hyderabad,test
T7239,U137,2024-11-25,Expense,Education,3417.0,Cash,Bangalore,Fixed deposit
T9443,U029,2024-08-05,Expense,Food,1850.0,Card,Unknown,Train ticket
T7088,U028,2023-06-19,Expense,Food,1432.0,Bank_Transfer,Hyderabad,Train ticket
T13347,U124,2021-06-19,Expense,Travel,8998.0,Bank_Transfer,Pune,Uber ride
T9484,U084,2023-05-22,Income,Freelance,778549.0,Upi,Ahmedabad,Fixed deposit
T7010,U137,2021-05-09,Expense,Utilities,4669.0,Bank_Transfer,Kolkata,Electricity bill
T4974,U091,2024-08-11,Expense,Utilities,230.0,Bank_Transfer,Hyderabad,test
T4791,U131,2024-06-03,Expense,Others,6560.0,Bank_Transfer,Jaipur,misc
T4256,U038,2023-04-28,Expense,Travel,3579.0,Upi,Pune,Grocery shopping
T6230,U037,2022-05-04,Expense,Entertainment,1005.0,Cash,Mumbai,Electricity bill
T0875,U110,2022-10-27,Expense,Health,4679.0,Upi,Kolkata,No Notes
T11938,U018,2023-12-19,Expense,Food,7568.0,Cash,Pune,Grocery shopping
T7638,U031,2024-04-09,Income,Bonus,69588.0,Cash,Delhi,Petrol
T10875,U042,2024-04-12,Expense,Education,9368.0,Bank_Transfer,Bangalore,Fixed deposit
T7612,U114,2023-06-16,Expense,Entertainment,4530.0,Bank_Transfer,Pune,Shopping
T13296,U116,2024-11-29,Expense,Health,3281.0,Cash,Lucknow,Fixed deposit
T7461,U057,2024-02-08,Expense,Others,3222.0,Cash,Ahmedabad,Lunch
T1784,U026,2023-08-28,Expense,Utilities,5081.0,Cash,Bangalore,Lunch
T2993,U027,2024-10-02,Expense,Travel,8685.0,Bank_Transfer,Ahmedabad,No Notes
T1123,U059,2021-06-05,Expense,Food,1571.0,Upi,Bangalore,xyz123
T6590,U117,2022-03-29,Expense,Food,4639.0,Card,Ahmedabad,No Notes
T8520,U131,2022-08-26,Income,Others,39920.0,Card,Bangalore,test
T6161,U119,2024-03-20,Income,Salary,856590.0,Upi,Chennai,Movie tickets
T0540,U146,2024-07-19,Expense,Travel,6814.0,Upi,Unknown,No Notes
T0338,U079,2024-02-23,Expense,Travel,4828.0,Bank_Transfer,Lucknow,Online course
T10820,U054,2024-11-16,Expense,Travel,5155.0,Upi,Lucknow,No Notes
T6683,U028,2022-01-31,Expense,Food,8716.0,Cash,Ahmedabad,xyz123
T0533,U101,2024-12-08,Expense,Savings,6496.0,Card,Bangalore,Restaurant dinner
T8319,U006,2023-11-12,Expense,Utilities,140.0,Upi,Jaipur,misc
T4982,U038,2023-05-01,Expense,Others,739.0,Upi,Unknown,misc
T13972,U018,2021-04-09,Income,Others,12555.0,Bank_Transfer,Kolkata,Monthly rent payment
T0445,U101,2024-10-07,Expense,Education,664.0,Cash,Delhi,xyz123
T8041,U125,2021-10-31,Income,Salary,53234.0,Upi,Hyderabad,Monthly rent payment
T11313,U005,2024-07-19,Expense,Rent,3675.0,Bank_Transfer,Jaipur,Restaurant dinner
T0335,U113,2022-01-13,Expense,Utilities,7447.0,Cash,Bangalore,No Notes
T7516,U069,2024-07-30,Expense,Rent,19125.0,Card,Pune,Lunch
T4245,U108,2024-10-04,Expense,Travel,1869.0,Upi,Jaipur,Electricity bill
T6269,U012,2022-12-28,Expense,Food,4965.0,Upi,Chennai,Electricity bill
T1502,U099,2023-05-01,Expense,Entertainment,3635.0,Cash,Unknown,Online course
T9898,U028,2024-05-06,Expense,Health,4350.0,Bank_Transfer,Mumbai,!!!
T12858,U050,2021-12-24,Expense,Rent,46749.0,Upi,Ahmedabad,asdfgh
T12750,U127,2021-12-12,Expense,Food,2936.0,Cash,Unknown,Doctor consultation
T8224,U030,2024-12-09,Expense,Entertainment,3740.0,Card,Ahmedabad,!!!
T10680,U017,2024-12-03,Expense,Rent,45482.0,Card,Ahmedabad,Restaurant dinner
T7817,U008,2023-08-31,Expense,Food,177.0,Cash,Jaipur,Coffee
T3240,U012,2021-06-26,Expense,Others,824.0,Card,Unknown,Lunch
T8573,U037,2022-12-21,Expense,Utilities,9093.0,Card,Bangalore,Gym membership
T5899,U075,2024-07-24,Expense,Rent,5657.0,Upi,Unknown,No Notes
T13740,U012,2022-12-20,Expense,Utilities,4525.0,Bank_Transfer,Pune,Train ticket
T3525,U121,2023-04-16,Income,Freelance,24475.0,Bank_Transfer,Jaipur,Train ticket
T13609,U038,2023-02-26,Expense,Food,2549.0,Card,Hyderabad,Electricity bill
T13079,U076,2022-09-04,Expense,Utilities,2708.0,Card,Jaipur,No Notes
T12485,U106,2024-04-05,Expense,Food,3654.0,Cash,Hyderabad,Petrol
T4676,U084,2021-01-19,Income,Bonus,150000.0,Card,Unknown,EMI payment
T1295,U060,2023-02-28,Expense,Rent,23668.0,Card,Unknown,ATM withdrawal
T13102,U096,2024-11-21,Income,Freelance,42909.0,Card,Jaipur,Gym membership
T2143,U096,2022-08-27,Income,Freelance,909296.0,Bank_Transfer,Pune,Books
T3359,U087,2021-12-23,Expense,Rent,8914.0,Cash,Hyderabad,No Notes
T8064,U147,2022-07-09,Expense,Entertainment,7781.0,Upi,Ahmedabad,EMI payment
T3873,U020,2022-12-01,Expense,Entertainment,8575.0,Bank_Transfer,Ahmedabad,Petrol
T4521,U119,2023-03-07,Expense,Rent,6177.0,Cash,Bangalore,Movie tickets
T1022,U075,2023-06-26,Expense,Rent,44270.0,Cash,Unknown,xyz123
T0843,U078,2021-01-11,Income,Investment,79285.0,Unknown,Hyderabad,Restaurant dinner
T3687,U063,2022-11-14,Expense,Rent,8224.0,Upi,Jaipur,Movie tickets
T1923,U136,2024-04-02,Expense,Food,6967.0,Bank_Transfer,Hyderabad,Online course
T8154,U107,2022-02-20,Expense,Rent,13099.0,Card,Jaipur,Movie tickets
T11200,U092,2022-09-04,Expense,Rent,2139.0,Upi,Pune,Restaurant dinner
T5896,U008,2021-07-03,Expense,Rent,4013.0,Bank_Transfer,Lucknow,Grocery shopping
T4296,U052,2024-03-17,Expense,Rent,2619.0,Unknown,Lucknow,Petrol
T11818,U136,2024-08-16,Expense,Food,3972.0,Bank_Transfer,Mumbai,Coffee
T5741,U056,2021-12-24,Expense,Travel,7846.0,Card,Lucknow,No Notes
T9277,U147,2024-02-11,Expense,Education,2247.0,Card,Lucknow,misc
T13337,U119,2023-10-12,Expense,Food,8181.0,Card,Mumbai,Uber ride
T10028,U026,2023-05-26,Expense,Travel,7429.0,Cash,Hyderabad,Coffee
T11001,U147,2021-05-11,Expense,Rent,4808.0,Bank_Transfer,Chennai,...
T11693,U002,2021-11-06,Expense,Utilities,4821.0,Card,Ahmedabad,Lunch
T5180,U082,2023-10-23,Expense,Education,6505.0,Bank_Transfer,Ahmedabad,Medicine
T9181,U040,2023-11-09,Expense,Rent,4354.0,Upi,Bangalore,Monthly rent payment
T3194,U063,2022-01-08,Expense,Entertainment,6121.0,Upi,Hyderabad,ATM withdrawal
T0581,U099,2021-06-23,Income,Salary,15821.0,Bank_Transfer,Unknown,Uber ride
T3701,U071,2023-11-08,Expense,Education,8069.0,Bank_Transfer,Unknown,Internet bill
T11116,U108,2021-11-28,Income,Salary,53170.0,Cash,Mumbai,Movie tickets
T13818,U010,2024-02-05,Expense,Health,2665.0,Card,Hyderabad,Online course
T3562,U060,2024-12-10,Expense,Rent,1760.0,Unknown,Kolkata,Books
T11647,U028,2023-02-23,Expense,Travel,2932.0,Upi,Delhi,Petrol
T10935,U095,2024-10-20,Income,Freelance,10100.0,Card,Chennai,Uber ride
T3917,U092,2022-02-01,Expense,Food,9511.0,Card,Chennai,No Notes
T3974,U033,2024-10-10,Expense,Entertainment,4139.0,Card,Kolkata,misc
T1571,U009,2024-12-05,Expense,Travel,9131.0,Card,Delhi,Petrol
T5187,U108,2021-07-10,Expense,Travel,7976.0,Bank_Transfer,Unknown,Online course
T6787,U121,2022-07-29,Expense,Health,7776.0,Bank_Transfer,Unknown,Train ticket
T11175,U019,2024-12-17,Expense,Food,4098.0,Upi,Ahmedabad,No Notes
T2607,U134,2022-02-26,Expense,Utilities,999999.0,Upi,Bangalore,Shopping
T2451,U136,2023-02-24,Expense,Rent,19235.0,Upi,Lucknow,Doctor consultation
T11715,U091,2023-12-09,Expense,Entertainment,2539.0,Upi,Bangalore,misc
T3649,U124,2021-10-27,Expense,Health,921.0,Bank_Transfer,Jaipur,misc
T4062,U095,2022-10-25,Expense,Food,4720.0,Bank_Transfer,Mumbai,Restaurant dinner
T5571,U150,2023-08-23,Income,Freelance,32682.0,Bank_Transfer,Lucknow,Fixed deposit
T7138,U002,2022-07-22,Income,Bonus,13927.0,Card,Ahmedabad,Petrol
T13082,U138,2022-07-14,Expense,Others,4780.0,Bank_Transfer,Bangalore,Gym membership
T5886,U072,2021-02-16,Expense,Food,466.0,Cash,Bangalore,Shopping
T11449,U046,2024-04-17,Expense,Food,4041.0,Cash,Hyderabad,Monthly rent payment
T13024,U095,2023-01-29,Expense,Savings,568.0,Card,Delhi,Grocery shopping
T6955,U004,2023-07-18,Expense,Travel,342.0,Cash,Chennai,Coffee
T6401,U018,2024-12-18,Expense,Rent,4495.0,Bank_Transfer,Lucknow,Doctor consultation
T7508,U106,2021-07-13,Income,Salary,43831.0,Bank_Transfer,Lucknow,Monthly rent payment
T5967,U127,2022-10-20,Expense,Food,2137.0,Cash,Delhi,Medicine
T0718,U006,2023-01-13,Expense,Rent,49024.0,Upi,Lucknow,EMI payment
T9983,U116,2023-01-11,Expense,Entertainment,4383.0,Upi,Hyderabad,Fixed deposit
T1916,U100,2021-02-24,Income,Freelance,23426.0,Cash,Lucknow,Uber ride
T13548,U111,2023-03-01,Expense,Entertainment,4919.0,Cash,Kolkata,Medicine
T4406,U120,2023-01-01,Expense,Food,796.0,Bank_Transfer,Ahmedabad,...
T1230,U115,2024-11-12,Expense,Food,3418.0,Cash,Ahmedabad,Doctor consultation
T7954,U042,2023-12-24,Expense,Utilities,8540.0,Card,Hyderabad,Internet bill
T2708,U030,2022-10-07,Expense,Rent,12243.0,Bank_Transfer,Bangalore,test
T2252,U116,2024-10-01,Expense,Education,6707.0,Bank_Transfer,Kolkata,Train ticket
T2844,U127,2024-12-31,Expense,Food,1113.0,Bank_Transfer,Mumbai,Lunch
T0502,U057,2022-02-22,Expense,Rent,7209.0,Card,Bangalore,Medicine
T10617,U030,2024-02-12,Income,Bonus,50145.0,Bank_Transfer,Lucknow,Doctor consultation
T0486,U137,2023-11-04,Expense,Food,4427.0,Cash,Bangalore,Gym membership
T0804,U108,2022-11-14,Expense,Savings,7914.0,Cash,Jaipur,Internet bill
T2432,U112,2023-08-23,Expense,Utilities,1932.0,Upi,Ahmedabad,Train ticket
T13165,U146,2022-06-06,Expense,Entertainment,3955.0,Cash,Lucknow,Grocery shopping
T9373,U069,2023-12-18,Expense,Rent,7221.0,Bank_Transfer,Mumbai,Movie tickets
T1757,U150,2021-06-17,Expense,Travel,9630.0,Card,Bangalore,test
T3284,U112,2023-02-27,Expense,Education,4443.0,Upi,Hyderabad,ATM withdrawal
T9567,U065,2024-04-04,Expense,Travel,8518.0,Cash,Delhi,Restaurant dinner
T6123,U112,2021-10-15,Expense,Travel,9783.0,Upi,Unknown,xyz123
T5872,U013,2022-07-19,Expense,Entertainment,8242.0,Upi,Lucknow,xyz123
T4050,U094,2022-03-31,Expense,Health,5057.0,Cash,Chennai,Fixed deposit
T5749,U081,2024-05-13,Income,Others,56954.0,Bank_Transfer,Ahmedabad,asdfgh
T12994,U032,2024-05-16,Expense,Health,7187.0,Bank_Transfer,Ahmedabad,test
T9641,U028,2024-09-01,Expense,Savings,430.0,Cash,Delhi,Train ticket
T11997,U075,2021-03-12,Expense,Others,6369.0,Cash,Pune,xyz123
T3880,U011,2024-08-13,Expense,Food,215.0,Upi,Unknown,Grocery shopping
T8293,U102,2024-01-17,Expense,Rent,13925.0,Cash,Lucknow,EMI payment
T0608,U115,2024-02-28,Expense,Health,2873.0,Cash,Ahmedabad,Gym membership
T9961,U044,2021-04-05,Expense,Travel,1121.0,Bank_Transfer,Unknown,Uber ride
T11720,U039,2022-11-04,Expense,Education,7084.0,Cash,Bangalore,Doctor consultation
T0090,U037,2023-12-14,Income,Others,52284.0,Bank_Transfer,Bangalore,No Notes
T12901,U055,2024-09-21,Expense,Education,4723.0,Cash,Unknown,!!!
T13937,U099,2021-05-20,Expense,Food,3172.0,Upi,Mumbai,Fixed deposit
T2177,U017,2021-03-04,Expense,Rent,3790.0,Cash,Delhi,No Notes
T12106,U050,2024-03-24,Expense,Rent,8499.0,Card,Pune,Restaurant dinner
T7542,U071,2023-08-04,Expense,Health,8078.0,Cash,Lucknow,Books
T9991,U009,2023-03-13,Expense,Travel,1181.0,Bank_Transfer,Pune,test
T0258,U130,2022-01-15,Expense,Entertainment,1137.0,Bank_Transfer,Kolkata,No Notes
T2467,U093,2022-06-11,Expense,Entertainment,904.0,Unknown,Kolkata,No Notes
T11276,U016,2021-06-09,Expense,Travel,8405.0,Upi,Unknown,Lunch
T3463,U079,2024-05-14,Expense,Rent,3182.0,Upi,Hyderabad,misc
T12602,U074,2024-03-09,Expense,Food,1468.0,Bank_Transfer,Ahmedabad,Grocery shopping
T5735,U015,2024-03-15,Expense,Others,5052.0,Upi,Pune,EMI payment
T2229,U071,2021-02-11,Expense,Food,4105.0,Upi,Bangalore,EMI payment
T11295,U140,2021-06-23,Expense,Education,6278.0,Card,Lucknow,Movie tickets
T5375,U080,2021-08-31,Expense,Rent,3221.0,Upi,Unknown,misc
T13277,U029,2022-09-18,Expense,Rent,40400.0,Bank_Transfer,Bangalore,Lunch
T2508,U133,2022-08-01,Expense,Travel,5053.0,Upi,Chennai,asdfgh
T6813,U072,2024-06-07,Expense,Rent,5309.0,Upi,Lucknow,Doctor consultation
T6131,U049,2023-10-28,Expense,Entertainment,6113.0,Bank_Transfer,Delhi,Grocery shopping
T3912,U079,2024-05-29,Expense,Food,2957.0,Cash,Delhi,Monthly rent payment
T10103,U037,2024-11-11,Expense,Food,463.0,Cash,Mumbai,Books
T9789,U034,2021-07-12,Expense,Food,4101.0,Cash,Mumbai,No Notes
T4955,U046,2023-01-30,Expense,Food,3852.0,Cash,Unknown,!!!
T11966,U109,2024-10-20,Expense,Food,1024.0,Bank_Transfer,Lucknow,No Notes
T12105,U144,2022-04-14,Expense,Food,3385.0,Bank_Transfer,Hyderabad,asdfgh
T1956,U043,2024-12-11,Expense,Rent,48027.0,Cash,Jaipur,Coffee
T7587,U101,2021-02-13,Expense,Entertainment,4122.0,Bank_Transfer,Chennai,Coffee
T10532,U006,2023-08-25,Expense,Entertainment,3230.0,Upi,Ahmedabad,...
T12913,U057,2023-12-04,Expense,Utilities,393.0,Bank_Transfer,Ahmedabad,!!!
T7515,U146,2022-08-11,Expense,Rent,5057.0,Bank_Transfer,Jaipur,No Notes
T0833,U129,2022-07-19,Income,Salary,47971.0,Upi,Chennai,Books
T6006,U045,2022-07-11,Expense,Utilities,1198.0,Card,Jaipur,No Notes
T10774,U061,2023-06-03,Expense,Food,1744.0,Card,Unknown,Fixed deposit
T8716,U149,2023-03-29,Expense,Food,194.0,Upi,Pune,Online course
T8003,U008,2022-08-14,Expense,Education,6890.0,Bank_Transfer,Bangalore,Doctor consultation
T9689,U115,2024-02-21,Expense,Rent,33913.0,Bank_Transfer,Ahmedabad,No Notes
T11409,U030,2023-06-13,Expense,Travel,5147.0,Bank_Transfer,Kolkata,Shopping
T6104,U082,2024-08-02,Income,Bonus,22126.0,Unknown,Mumbai,Internet bill
T2465,U098,2021-01-01,Expense,Rent,12502.0,Cash,Bangalore,!!!
T0251,U042,2024-08-15,Expense,Travel,8564.0,Upi,Jaipur,Lunch
T4868,U095,2024-09-04,Expense,Food,1193.0,Unknown,Pune,Medicine
T6814,U095,2023-09-23,Expense,Food,715.0,Upi,Ahmedabad,Gym membership
T6811,U013,2022-11-29,Expense,Others,4713.0,Cash,Bangalore,Movie tickets
T13888,U107,2024-03-17,Expense,Food,8530.0,Bank_Transfer,Delhi,Lunch
T13727,U138,2021-12-16,Expense,Travel,2543.0,Card,Ahmedabad,Train ticket
T11195,U129,2023-06-03,Expense,Savings,6960.0,Bank_Transfer,Kolkata,Movie tickets
T4147,U128,2023-09-05,Expense,Food,7101.0,Cash,Delhi,Shopping
T12247,U043,2023-03-27,Expense,Rent,4342.0,Cash,Bangalore,!!!
T6681,U050,2022-05-26,Expense,Savings,5689.0,Card,Chennai,Restaurant dinner
T9228,U060,2021-01-15,Income,Freelance,43245.0,Card,Jaipur,EMI payment
T6491,U139,2022-05-18,Expense,Travel,1664.0,Cash,Delhi,Lunch
T11741,U052,2023-10-10,Expense,Entertainment,6434.0,Cash,Unknown,Movie tickets
T2122,U044,2023-04-01,Expense,Education,8295.0,Bank_Transfer,Delhi,Petrol
T5984,U074,2022-08-01,Expense,Rent,9373.0,Card,Pune,EMI payment
T10145,U129,2023-08-12,Income,Others,26382.0,Upi,Jaipur,asdfgh
T1884,U043,2021-04-23,Expense,Rent,4219.0,Cash,Kolkata,xyz123
T2061,U122,2023-01-17,Expense,Health,2224.0,Cash,Bangalore,Shopping
T9150,U128,2024-01-06,Expense,Food,764.0,Card,Pune,Grocery shopping
T10854,U104,2023-08-05,Expense,Food,3947.0,Card,Pune,Shopping
T13373,U060,2022-07-26,Expense,Rent,4421.0,Cash,Mumbai,asdfgh
T4204,U142,2022-11-05,Expense,Education,2428.0,Cash,Mumbai,asdfgh
T6412,U105,2024-02-13,Expense,Health,6176.0,Cash,Kolkata,Doctor consultation
T12967,U093,2023-11-27,Expense,Education,9117.0,Card,Pune,misc
T10020,U073,2023-08-31,Expense,Education,4130.0,Upi,Delhi,Electricity bill
T7545,U021,2023-08-25,Expense,Rent,11809.0,Upi,Delhi,Online course
T11942,U036,2023-05-28,Expense,Food,569.0,Upi,Pune,...
T1698,U087,2021-09-27,Expense,Entertainment,4285.0,Card,Hyderabad,!!!
T6376,U101,2021-10-19,Expense,Education,5390.0,Card,Ahmedabad,test
T0169,U027,2021-10-16,Expense,Utilities,1553.0,Upi,Unknown,Internet bill
T2885,U115,2023-04-05,Expense,Travel,7220.0,Card,Mumbai,Online course
T4878,U042,2023-05-28,Income,Investment,70038.0,Card,Kolkata,asdfgh
T4335,U021,2024-04-11,Income,Salary,55900.0,Card,Kolkata,xyz123
T12365,U008,2022-08-22,Income,Salary,59047.0,Card,Mumbai,...
T7803,U119,2024-03-03,Expense,Rent,7982.0,Cash,Ahmedabad,No Notes
T10174,U113,2021-05-13,Expense,Education,9054.0,Card,Pune,Train ticket
T11453,U094,2024-06-01,Expense,Food,3706.0,Cash,Ahmedabad,Movie tickets
T0424,U139,2021-10-29,Expense,Food,1234.0,Cash,Chennai,Medicine
T3726,U048,2024-04-26,Expense,Food,500.0,Card,Ahmedabad,Grocery shopping
T10147,U004,2022-01-20,Expense,Travel,7667.0,Card,Bangalore,Doctor consultation
T8998,U104,2021-07-29,Expense,Food,691.0,Upi,Hyderabad,Medicine
T6836,U057,2023-08-26,Expense,Education,6668.0,Card,Mumbai,Monthly rent payment
T1143,U123,2021-12-19,Expense,Entertainment,2857.0,Upi,Lucknow,test
T1885,U013,2023-11-18,Expense,Food,4324.0,Card,Lucknow,Coffee
T2155,U042,2023-09-02,Expense,Food,6971.0,Card,Delhi,Gym membership
T11289,U071,2024-08-29,Expense,Health,5332.0,Cash,Unknown,Monthly rent payment
T11540,U046,2021-12-16,Expense,Entertainment,3046.0,Bank_Transfer,Pune,...
T9788,U022,2023-09-14,Expense,Rent,37272.0,Cash,Ahmedabad,No Notes
T4873,U062,2021-08-25,Expense,Travel,1167.0,Bank_Transfer,Lucknow,Train ticket
T1550,U029,2024-12-23,Expense,Rent,9244.0,Unknown,Mumbai,Coffee
T5210,U006,2022-11-10,Expense,Rent,5760.0,Card,Lucknow,No Notes
T5510,U093,2023-09-10,Expense,Travel,8875.0,Upi,Hyderabad,test
T3354,U107,2023-12-15,Expense,Food,4846.0,Card,Mumbai,Restaurant dinner
T5415,U010,2021-07-22,Expense,Utilities,2758.0,Bank_Transfer,Pune,No Notes
T8917,U006,2024-06-11,Expense,Education,5977.0,Bank_Transfer,Bangalore,Medicine
T2707,U014,2022-06-10,Expense,Others,1845.0,Upi,Jaipur,Restaurant dinner
T11726,U061,2022-09-04,Expense,Utilities,5366.0,Card,Chennai,ATM withdrawal
T11811,U078,2021-06-15,Expense,Food,1141.0,Cash,Delhi,Restaurant dinner
T13360,U045,2022-04-27,Expense,Savings,8981.0,Card,Chennai,Electricity bill
T7204,U092,2023-03-18,Expense,Travel,7309.0,Cash,Pune,ATM withdrawal
T0678,U125,2023-07-24,Expense,Travel,6087.0,Cash,Delhi,Restaurant dinner
T3453,U070,2023-08-20,Expense,Education,1544.0,Unknown,Bangalore,Lunch
T1104,U047,2021-08-01,Expense,Food,6656.0,Cash,Pune,asdfgh
T2452,U046,2022-08-26,Expense,Travel,3767.0,Bank_Transfer,Mumbai,Electricity bill
T12617,U061,2023-02-02,Expense,Entertainment,9985.0,Cash,Mumbai,Doctor consultation
T13300,U072,2022-10-20,Expense,Food,1819.0,Cash,Lucknow,Movie tickets
T12193,U022,2022-04-14,Income,Freelance,61884.0,Bank_Transfer,Jaipur,misc
T11191,U086,2021-02-14,Expense,Food,9427.0,Bank_Transfer,Bangalore,xyz123
T6270,U013,2023-12-06,Expense,Health,4134.0,Bank_Transfer,Pune,Gym membership
T7418,U139,2022-04-12,Expense,Health,4860.0,Unknown,Jaipur,Shopping
T1794,U060,2023-07-25,Expense,Entertainment,1259.0,Card,Hyderabad,Internet bill
T1389,U138,2024-10-03,Expense,Education,366.0,Upi,Bangalore,ATM withdrawal
T6048,U114,2021-05-14,Expense,Education,8010.0,Upi,Bangalore,Internet bill
T9523,U141,2023-03-26,Expense,Health,2844.0,Bank_Transfer,Chennai,Coffee
T0383,U025,2023-11-16,Expense,Travel,7031.0,Card,Delhi,Uber ride
T12340,U078,2022-05-10,Expense,Utilities,2316.0,Card,Unknown,No Notes
T1602,U069,2022-12-12,Expense,Entertainment,5705.0,Card,Mumbai,Electricity bill
T9656,U077,2024-10-15,Expense,Rent,9896.0,Cash,Hyderabad,Internet bill
T13859,U005,2021-08-26,Expense,Food,999999.0,Bank_Transfer,Ahmedabad,asdfgh
T0316,U138,2024-01-04,Expense,Rent,7820.0,Card,Mumbai,EMI payment
T11575,U077,2023-08-26,Expense,Utilities,8341.0,Card,Hyderabad,...
T8502,U133,2021-04-28,Expense,Travel,4002.0,Cash,Lucknow,test
T3950,U072,2021-07-11,Expense,Food,1548.0,Cash,Ahmedabad,Uber ride
T1361,U118,2022-02-09,Expense,Rent,8975.0,Card,Mumbai,No Notes
T0852,U072,2024-07-13,Income,Others,78394.0,Bank_Transfer,Mumbai,misc
T2541,U026,2024-09-21,Income,Freelance,35621.0,Card,Chennai,Books
T5967,U094,2023-05-23,Expense,Utilities,9009.0,Cash,Lucknow,Fixed deposit
T8050,U110,2021-03-07,Expense,Utilities,8022.0,Cash,Chennai,No Notes
T8556,U108,2021-02-25,Expense,Food,4261.0,Cash,Lucknow,No Notes
T11460,U017,2022-09-22,Expense,Rent,17141.0,Card,Mumbai,asdfgh
T9750,U077,2023-12-21,Expense,Travel,4462.0,Card,Ahmedabad,Coffee
T11663,U088,2021-09-29,Expense,Food,2711.0,Bank_Transfer,Kolkata,No Notes
T13725,U038,2024-10-27,Income,Freelance,31683.0,Cash,Ahmedabad,Grocery shopping
T2673,U013,2022-11-11,Expense,Utilities,4682.0,Unknown,Kolkata,Train ticket
T6659,U064,2023-08-22,Income,Freelance,58737.0,Card,Unknown,Books
T9009,U027,2022-07-01,Expense,Travel,1454.0,Bank_Transfer,Delhi,Online course
T11416,U084,2024-11-06,Expense,Utilities,4518.0,Bank_Transfer,Hyderabad,No Notes
T0856,U140,2022-06-26,Expense,Food,2407.0,Unknown,Pune,Lunch
T10074,U011,2022-11-16,Income,Salary,79544.0,Cash,Jaipur,Online course
T2124,U108,2022-02-26,Expense,Food,621.0,Upi,Pune,Shopping
T0992,U013,2022-05-12,Expense,Food,989.0,Bank_Transfer,Chennai,Grocery shopping
T0226,U042,2023-04-22,Expense,Health,8499.0,Upi,Pune,Monthly rent payment
T8929,U020,2023-01-26,Expense,Utilities,9394.0,Upi,Kolkata,Doctor consultation
T5600,U066,2023-09-02,Expense,Travel,1044.0,Card,Hyderabad,Petrol
T2366,U025,2023-02-18,Expense,Food,2564.0,Bank_Transfer,Hyderabad,No Notes
T7507,U011,2024-04-16,Income,Investment,48387.0,Upi,Lucknow,Medicine
T0803,U032,2022-11-03,Expense,Education,9114.0,Upi,Pune,Uber ride
T12369,U091,2022-08-05,Income,Freelance,21518.0,Cash,Delhi,Doctor consultation
T12466,U013,2024-06-12,Expense,Utilities,6511.0,Bank_Transfer,Bangalore,Petrol
T6985,U136,2023-05-23,Expense,Food,1051.0,Upi,Chennai,...
T11046,U064,2022-10-26,Expense,Travel,498.0,Bank_Transfer,Bangalore,Lunch
T11229,U064,2024-09-09,Income,Salary,42681.0,Cash,Lucknow,EMI payment
T4496,U002,2023-08-19,Expense,Others,4349.0,Cash,Bangalore,Books
T11198,U121,2021-04-02,Income,Freelance,25759.0,Card,Unknown,No Notes
T11954,U021,2023-03-14,Expense,Food,103.0,Cash,Mumbai,Movie tickets
T1303,U094,2022-10-06,Expense,Utilities,7330.0,Upi,Delhi,Monthly rent payment
T10577,U123,2021-08-04,Expense,Education,3455.0,Upi,Unknown,No Notes
T6171,U100,2023-09-22,Expense,Food,8332.0,Card,Hyderabad,Uber ride
T13381,U070,2024-09-25,Expense,Rent,16809.0,Upi,Ahmedabad,No Notes
T9541,U030,2022-01-18,Expense,Rent,18898.0,Cash,Hyderabad,No Notes
T9385,U073,2021-06-26,Expense,Rent,25045.0,Unknown,Ahmedabad,No Notes
T5528,U054,2022-03-22,Expense,Food,3819.0,Cash,Mumbai,ATM withdrawal
T7662,U121,2021-07-03,Income,Investment,40679.0,Cash,Bangalore,Medicine
T1322,U149,2023-08-31,Expense,Entertainment,6696.0,Unknown,Pune,Internet bill
T3646,U021,2024-05-21,Expense,Utilities,1263.0,Bank_Transfer,Chennai,...
T9008,U102,2024-08-01,Expense,Travel,8631.0,Card,Chennai,Grocery shopping
T2110,U088,2024-09-23,Expense,Travel,4761.0,Bank_Transfer,Jaipur,Petrol
T0662,U067,2022-08-20,Expense,Others,6018.0,Card,Ahmedabad,misc
T4159,U143,2024-08-12,Expense,Travel,3950.0,Bank_Transfer,Bangalore,Online course
T6887,U073,2024-06-11,Expense,Food,6218.0,Cash,Unknown,No Notes
T7583,U119,2022-11-11,Expense,Travel,8152.0,Upi,Jaipur,Monthly rent payment
T11196,U086,2021-08-10,Expense,Utilities,3835.0,Bank_Transfer,Pune,No Notes
T0895,U116,2022-09-24,Expense,Utilities,7065.0,Cash,Kolkata,No Notes
T4117,U028,2022-12-29,Income,Others,70404.0,Upi,Pune,Grocery shopping
T12520,U108,2024-06-22,Expense,Education,9623.0,Cash,Jaipur,Online course
T8789,U140,2021-05-25,Expense,Utilities,2105.0,Cash,Chennai,Shopping
T12182,U015,2022-01-22,Expense,Utilities,6296.0,Upi,Mumbai,Train ticket
T5146,U063,2024-01-14,Income,Bonus,68895.0,Upi,Kolkata,Petrol
T1991,U018,2021-01-02,Expense,Rent,4095.0,Cash,Delhi,Coffee
T9913,U096,2022-11-14,Expense,Rent,4053.0,Cash,Pune,Gym membership
T10871,U019,2023-07-18,Expense,Food,764.0,Upi,Lucknow,Lunch
T12442,U068,2022-02-03,Expense,Education,6908.0,Bank_Transfer,Chennai,!!!
T2215,U082,2024-07-27,Expense,Rent,15950.0,Upi,Kolkata,No Notes
T13118,U080,2024-11-11,Expense,Rent,7604.0,Cash,Delhi,Petrol
T9580,U059,2024-06-06,Expense,Education,8924.0,Cash,Lucknow,Uber ride
T6059,U066,2021-04-06,Expense,Food,1741.0,Card,Chennai,Monthly rent payment
T5935,U122,2021-09-15,Expense,Food,1204.0,Card,Hyderabad,Grocery shopping
T11379,U119,2024-05-20,Expense,Education,240.0,Upi,Pune,Doctor consultation
T8178,U002,2024-06-24,Expense,Entertainment,8849.0,Bank_Transfer,Unknown,EMI payment
T4816,U042,2023-05-19,Expense,Entertainment,7423.0,Cash,Pune,...
T4541,U038,2024-02-19,Expense,Utilities,8016.0,Card,Jaipur,Monthly rent payment
T0984,U038,2023-06-30,Expense,Utilities,3294.0,Cash,Ahmedabad,Doctor consultation
T9176,U036,2023-04-20,Expense,Food,1366.0,Card,Unknown,Uber ride
T3135,U056,2022-08-03,Expense,Health,1759.0,Bank_Transfer,Pune,No Notes
T6396,U113,2022-03-04,Expense,Food,889.0,Bank_Transfer,Bangalore,Movie tickets
T8880,U056,2023-07-15,Expense,Food,4492.0,Unknown,Delhi,xyz123
T10131,U127,2021-09-14,Expense,Food,5415.0,Card,Ahmedabad,asdfgh
T11590,U004,2021-01-12,Expense,Entertainment,9914.0,Upi,Ahmedabad,ATM withdrawal
T4181,U067,2021-01-18,Expense,Food,4588.0,Upi,Kolkata,EMI payment
T11491,U016,2023-01-02,Expense,Food,4827.0,Bank_Transfer,Delhi,Coffee
T3440,U038,2024-11-09,Expense,Travel,9238.0,Card,Delhi,Electricity bill
T5596,U012,2023-08-24,Expense,Food,8794.0,Cash,Lucknow,Monthly rent payment
T2187,U027,2022-03-10,Income,Investment,66678.0,Bank_Transfer,Delhi,Grocery shopping
T5227,U062,2022-03-09,Expense,Food,7423.0,Unknown,Ahmedabad,EMI payment
T13200,U115,2023-07-25,Expense,Rent,37330.0,Bank_Transfer,Jaipur,xyz123
T9696,U140,2023-12-28,Expense,Rent,22188.0,Card,Bangalore,ATM withdrawal
T12855,U033,2024-02-16,Expense,Entertainment,6865.0,Cash,Bangalore,No Notes
T6864,U083,2024-06-04,Expense,Travel,8216.0,Card,Hyderabad,No Notes
T10313,U108,2024-01-17,Income,Others,47866.0,Cash,Jaipur,No Notes
T2822,U058,2024-04-02,Expense,Rent,21785.0,Cash,Delhi,Internet bill
T0753,U031,2023-03-01,Expense,Food,3515.0,Cash,Ahmedabad,No Notes
T5857,U111,2022-11-11,Income,Others,56034.0,Card,Hyderabad,xyz123
T0645,U108,2023-04-21,Expense,Rent,10276.0,Upi,Ahmedabad,Online course
T7937,U019,2024-03-28,Income,Bonus,26084.0,Bank_Transfer,Pune,xyz123
T3360,U019,2022-05-16,Expense,Others,3722.0,Bank_Transfer,Unknown,Internet bill
T8112,U125,2022-05-03,Expense,Food,105.0,Card,Bangalore,EMI payment
T4914,U014,2024-04-30,Expense,Utilities,8100.0,Cash,Chennai,Books
T12816,U084,2024-07-11,Expense,Food,2092.0,Upi,Lucknow,No Notes
T2337,U123,2021-05-18,Expense,Utilities,8742.0,Card,Jaipur,Restaurant dinner
T3572,U109,2024-06-27,Expense,Utilities,3364.0,Card,Ahmedabad,Doctor consultation
T2869,U021,2022-11-09,Income,Salary,20939.0,Cash,Chennai,test
T2674,U023,2021-04-09,Expense,Food,5085.0,Upi,Unknown,xyz123
T2634,U030,2022-12-31,Expense,Rent,5894.0,Cash,Pune,No Notes
T7840,U120,2022-08-20,Expense,Entertainment,8571.0,Upi,Bangalore,Coffee
T5020,U091,2021-09-07,Expense,Food,4398.0,Card,Bangalore,Doctor consultation
T3833,U023,2022-03-21,Expense,Utilities,571.0,Cash,Hyderabad,EMI payment
T1760,U139,2021-02-09,Income,Others,22568.0,Unknown,Kolkata,asdfgh
T7732,U079,2021-06-01,Expense,Food,1170.0,Upi,Jaipur,No Notes
T10111,U113,2023-08-05,Expense,Rent,4061.0,Unknown,Kolkata,Coffee
T5172,U031,2024-08-30,Expense,Food,8167.0,Cash,Bangalore,...
T4851,U121,2022-12-16,Expense,Rent,937.0,Cash,Chennai,Petrol
T13756,U041,2021-10-07,Expense,Food,4488.0,Cash,Chennai,Books
T1224,U005,2024-04-12,Expense,Food,58.0,Cash,Hyderabad,Fixed deposit
T6803,U130,2023-05-06,Expense,Utilities,6631.0,Bank_Transfer,Bangalore,Grocery shopping
T4628,U108,2024-02-17,Expense,Travel,7483.0,Cash,Bangalore,No Notes
T1257,U066,2022-05-03,Expense,Food,4285.0,Card,Kolkata,No Notes
T11608,U075,2023-10-11,Expense,Rent,13420.0,Cash,Mumbai,Train ticket
T2015,U105,2021-10-05,Expense,Health,5797.0,Card,Unknown,!!!
T10921,U024,2023-07-09,Expense,Utilities,4240.0,Bank_Transfer,Bangalore,Gym membership
T10881,U032,2021-04-17,Expense,Food,2900.0,Card,Delhi,xyz123
T11463,U074,2021-04-26,Expense,Utilities,2830.0,Bank_Transfer,Bangalore,Monthly rent payment
T8577,U040,2023-10-23,Income,Others,67913.0,Bank_Transfer,Pune,Shopping
T7837,U039,2024-09-08,Expense,Travel,3967.0,Cash,Jaipur,No Notes
T0481,U040,2023-08-06,Income,Investment,63317.0,Upi,Bangalore,Gym membership
T8375,U039,2022-09-21,Expense,Others,5341.0,Cash,Bangalore,!!!
T11117,U137,2024-06-14,Expense,Food,377.0,Card,Mumbai,Gym membership
T10542,U001,2021-11-07,Expense,Rent,27587.0,Upi,Chennai,No Notes
T11259,U105,2021-12-21,Expense,Travel,8273.0,Upi,Jaipur,Monthly rent payment
T4237,U012,2023-09-01,Expense,Rent,6916.0,Upi,Bangalore,Lunch
T3876,U044,2024-01-09,Expense,Others,1411.0,Cash,Pune,Coffee
T3656,U105,2024-08-07,Expense,Travel,599.0,Card,Lucknow,Restaurant dinner
T7351,U008,2023-11-28,Expense,Entertainment,2264.0,Bank_Transfer,Pune,Lunch
T6457,U034,2024-12-22,Expense,Others,1684.0,Bank_Transfer,Mumbai,No Notes
T3238,U096,2023-05-31,Expense,Food,2971.0,Upi,Unknown,Movie tickets
T10862,U085,2021-04-29,Expense,Rent,18745.0,Upi,Unknown,Restaurant dinner
T0490,U096,2023-05-28,Expense,Food,7298.0,Upi,Kolkata,Uber ride
T13347,U087,2022-05-08,Income,Investment,20871.0,Unknown,Ahmedabad,Train ticket
T11729,U014,2024-03-01,Expense,Rent,4278.0,Card,Mumbai,Medicine
T7254,U046,2021-05-23,Expense,Food,5443.0,Card,Bangalore,asdfgh
T11939,U117,2024-06-02,Expense,Education,4571.0,Bank_Transfer,Lucknow,No Notes
T11510,U045,2024-08-11,Expense,Rent,7918.0,Unknown,Pune,No Notes
T6213,U088,2021-02-14,Expense,Travel,2174.0,Cash,Pune,Fixed deposit
T1201,U091,2021-09-05,Expense,Others,1211.0,Cash,Delhi,No Notes
T4504,U054,2021-01-23,Expense,Travel,2143.0,Cash,Chennai,Lunch
T13041,U037,2022-09-15,Expense,Entertainment,4123.0,Unknown,Unknown,Monthly rent payment
T6720,U111,2024-07-16,Expense,Food,2363.0,Upi,Bangalore,...
T0968,U138,2022-04-14,Income,Salary,46537.0,Cash,Hyderabad,Medicine
T1505,U138,2023-02-18,Expense,Others,8099.0,Cash,Chennai,No Notes
T8739,U089,2021-06-06,Expense,Entertainment,5119.0,Card,Unknown,Gym membership
T0822,U062,2023-11-08,Expense,Travel,5656.0,Card,Unknown,Books
T10748,U088,2021-07-14,Expense,Food,9465.0,Bank_Transfer,Chennai,No Notes
T10795,U139,2024-05-02,Expense,Rent,8120.0,Upi,Mumbai,Lunch
T8155,U017,2024-03-18,Expense,Utilities,7677.0,Upi,Chennai,...
T3775,U118,2021-11-08,Expense,Entertainment,690.0,Bank_Transfer,Delhi,Petrol
T6763,U139,2021-08-31,Expense,Savings,2788.0,Cash,Lucknow,Books
T5524,U093,2023-05-11,Income,Others,63241.0,Upi,Pune,...
T8383,U023,2022-05-07,Expense,Utilities,3875.0,Upi,Mumbai,No Notes
T11423,U059,2023-10-12,Income,Others,23945.0,Cash,Hyderabad,No Notes
T4586,U023,2024-06-15,Expense,Rent,9095.0,Bank_Transfer,Kolkata,No Notes
T9926,U089,2021-03-29,Expense,Entertainment,2124.0,Upi,Jaipur,No Notes
T13977,U102,2024-11-11,Expense,Rent,2215.0,Cash,Delhi,Movie tickets
T10625,U138,2024-08-30,Expense,Food,3659.0,Cash,Delhi,Uber ride
T10782,U071,2023-02-08,Expense,Entertainment,6780.0,Upi,Pune,!!!
T9992,U067,2023-12-25,Expense,Food,8376.0,Cash,Chennai,xyz123
T3664,U088,2024-10-13,Income,Bonus,52838.0,Unknown,Chennai,ATM withdrawal
T4656,U049,2021-06-21,Expense,Utilities,3850.0,Upi,Lucknow,Restaurant dinner
T10953,U081,2023-09-22,Expense,Rent,43160.0,Cash,Delhi,misc
T6341,U139,2022-08-15,Expense,Travel,2306.0,Bank_Transfer,Chennai,Electricity bill
T1720,U006,2022-06-24,Income,Investment,79219.0,Cash,Bangalore,!!!
T8126,U008,2023-02-21,Expense,Utilities,2118.0,Card,Mumbai,Restaurant dinner
T8233,U051,2022-10-17,Expense,Travel,929.0,Bank_Transfer,Chennai,Gym membership
T12736,U001,2021-08-10,Expense,Education,9376.0,Upi,Mumbai,asdfgh
T8622,U082,2022-07-09,Income,Bonus,15507.0,Upi,Jaipur,Movie tickets
T6663,U031,2023-11-09,Expense,Utilities,8297.0,Bank_Transfer,Chennai,Gym membership
T3982,U032,2023-11-10,Expense,Education,5715.0,Cash,Pune,Shopping
T9642,U078,2021-09-21,Expense,Food,6517.0,Upi,Chennai,asdfgh
T10716,U031,2022-12-31,Income,Bonus,60268.0,Bank_Transfer,Unknown,Shopping
T9445,U001,2023-08-24,Expense,Food,7321.0,Unknown,Hyderabad,EMI payment
T11897,U019,2023-12-25,Expense,Health,2956.0,Upi,Jaipur,!!!
T13308,U008,2021-04-01,Expense,Others,9977.0,Upi,Kolkata,Medicine
T2833,U064,2024-12-26,Expense,Entertainment,9494.0,Card,Hyderabad,asdfgh
T9339,U078,2022-06-04,Expense,Food,2467.0,Upi,Ahmedabad,Shopping
T11501,U125,2024-11-14,Expense,Entertainment,2949.0,Bank_Transfer,Delhi,Internet bill
T11521,U067,2024-05-14,Income,Bonus,32133.0,Bank_Transfer,Bangalore,Train ticket
T1045,U122,2021-06-08,Expense,Education,7424.0,Unknown,Hyderabad,xyz123
T4594,U047,2024-03-01,Expense,Utilities,6129.0,Cash,Pune,Books
T11477,U003,2021-09-06,Expense,Travel,313.0,Cash,Hyderabad,Online course
T4626,U138,2022-11-17,Expense,Rent,19997.0,Cash,Mumbai,No Notes
T7625,U108,2023-04-28,Expense,Education,7209.0,Upi,Bangalore,asdfgh
T8550,U028,2022-02-11,Income,Investment,73222.0,Card,Mumbai,asdfgh
T12778,U124,2024-08-10,Expense,Utilities,7239.0,Card,Delhi,Restaurant dinner
T12889,U106,2021-05-23,Expense,Others,7077.0,Card,Bangalore,Medicine
T13822,U122,2023-02-07,Expense,Entertainment,452.0,Cash,Unknown,Books
T4667,U069,2021-07-21,Expense,Health,4367.0,Upi,Jaipur,Uber ride
T13168,U139,2022-07-21,Expense,Rent,45118.0,Cash,Bangalore,Fixed deposit
T4746,U128,2024-10-01,Expense,Entertainment,9407.0,Bank_Transfer,Kolkata,Lunch
T5403,U042,2021-03-16,Expense,Rent,5516.0,Upi,Kolkata,xyz123
T8671,U029,2021-07-11,Expense,Rent,11641.0,Card,Delhi,Restaurant dinner
T10486,U081,2023-01-20,Expense,Others,6188.0,Card,Delhi,No Notes
T7416,U125,2021-01-01,Income,Freelance,61361.0,Card,Jaipur,ATM withdrawal
T5035,U045,2022-01-20,Expense,Travel,2688.0,Unknown,Kolkata,Petrol
T9011,U117,2021-07-21,Expense,Rent,8144.0,Upi,Ahmedabad,Monthly rent payment
T5705,U036,2021-08-05,Expense,Travel,8092.0,Cash,Ahmedabad,No Notes
T12289,U056,2024-01-10,Expense,Travel,1869.0,Card,Kolkata,Books
T10801,U138,2024-03-27,Expense,Food,2035.0,Card,Jaipur,Electricity bill
T5951,U068,2021-08-17,Income,Investment,19998.0,Bank_Transfer,Hyderabad,misc
T6370,U036,2022-05-29,Expense,Food,4571.0,Card,Mumbai,Gym membership
T6559,U004,2021-02-14,Expense,Entertainment,3180.0,Cash,Delhi,Internet bill
T2839,U140,2023-01-24,Expense,Travel,7635.0,Card,Unknown,asdfgh
T7161,U038,2023-10-14,Expense,Savings,8015.0,Card,Kolkata,Uber ride
T0348,U050,2021-12-18,Expense,Food,4180.0,Card,Delhi,Train ticket
T11311,U113,2024-05-17,Expense,Utilities,4416.0,Card,Bangalore,Movie tickets
T3545,U131,2023-09-22,Expense,Food,8927.0,Cash,Unknown,!!!
T5650,U023,2023-05-02,Expense,Travel,7851.0,Upi,Ahmedabad,!!!
T7424,U098,2022-07-26,Expense,Food,2061.0,Cash,Chennai,Electricity bill
T9372,U009,2021-10-20,Expense,Travel,1734.0,Card,Bangalore,Internet bill
T13726,U128,2023-05-28,Expense,Entertainment,9730.0,Cash,Lucknow,No Notes
T7687,U029,2024-04-13,Expense,Food,6632.0,Card,Mumbai,No Notes
T11918,U116,2024-10-23,Expense,Travel,9874.0,Bank_Transfer,Bangalore,Electricity bill
T1818,U064,2022-06-26,Expense,Travel,2143.0,Bank_Transfer,Unknown,Internet bill
T6527,U101,2024-11-05,Expense,Rent,1708.0,Cash,Chennai,Grocery shopping
T11959,U085,2024-04-20,Expense,Entertainment,6683.0,Upi,Unknown,Train ticket
T2317,U106,2022-05-30,Income,Freelance,58697.0,Upi,Ahmedabad,asdfgh
T2856,U025,2023-08-02,Expense,Entertainment,4766.0,Bank_Transfer,Bangalore,Books
T4356,U021,2024-12-20,Expense,Rent,8285.0,Card,Ahmedabad,misc
T4210,U116,2023-10-29,Expense,Rent,2548.0,Upi,Chennai,No Notes
T6001,U074,2021-06-23,Income,Others,75088.0,Upi,Kolkata,Books
T11779,U076,2023-01-17,Expense,Rent,12924.0,Bank_Transfer,Ahmedabad,Petrol
T8406,U144,2021-10-22,Income,Others,66829.0,Bank_Transfer,Bangalore,Medicine
T12030,U103,2021-09-17,Expense,Travel,252.0,Card,Pune,Doctor consultation
T0589,U134,2022-06-07,Expense,Rent,6030.0,Card,Pune,misc
T10659,U019,2024-10-21,Expense,Travel,562.0,Upi,Delhi,No Notes
T8678,U077,2021-04-21,Income,Investment,560681.0,Upi,Chennai,ATM withdrawal
T9473,U002,2024-03-26,Expense,Savings,7688.0,Upi,Unknown,Petrol
T7671,U141,2021-03-08,Expense,Food,2671.0,Bank_Transfer,Mumbai,...
T7176,U071,2023-01-06,Expense,Food,7787.0,Upi,Unknown,Medicine
T2819,U131,2021-07-19,Expense,Utilities,3056.0,Card,Bangalore,Shopping
T3136,U117,2023-10-30,Expense,Food,1506.0,Cash,Jaipur,Train ticket
T13798,U048,2023-01-01,Expense,Education,6272.0,Cash,Ahmedabad,!!!
T6920,U073,2021-03-16,Expense,Rent,16229.0,Upi,Ahmedabad,No Notes
T4751,U013,2022-03-29,Income,Others,694720.0,Bank_Transfer,Jaipur,No Notes
T12490,U017,2023-05-09,Expense,Entertainment,3706.0,Bank_Transfer,Jaipur,misc
T13493,U019,2022-01-12,Expense,Food,2714.0,Unknown,Unknown,Books
T10922,U082,2022-01-12,Expense,Utilities,4497.0,Cash,Delhi,Train ticket
T0885,U143,2023-11-29,Expense,Entertainment,6068.0,Card,Unknown,Coffee
T4901,U084,2024-05-31,Expense,Food,3018.0,Bank_Transfer,Bangalore,Train ticket
T8038,U013,2021-08-20,Expense,Rent,1343.0,Upi,Chennai,Internet bill
T10555,U142,2022-01-18,Income,Bonus,35784.0,Cash,Jaipur,ATM withdrawal
T8272,U023,2023-10-29,Expense,Utilities,5887.0,Cash,Unknown,Lunch
T2421,U077,2023-07-24,Expense,Utilities,1705.0,Bank_Transfer,Unknown,Fixed deposit
T4216,U063,2022-04-05,Expense,Travel,329.0,Cash,Hyderabad,ATM withdrawal
T13809,U095,2022-01-09,Expense,Education,2729.0,Cash,Chennai,No Notes
T4543,U043,2021-02-20,Expense,Utilities,8670.0,Upi,Jaipur,Gym membership
T12214,U035,2022-09-04,Expense,Rent,46872.0,Bank_Transfer,Chennai,misc
T7835,U081,2021-10-17,Income,Bonus,44435.0,Upi,Hyderabad,No Notes
T4510,U027,2022-01-26,Expense,Rent,8427.0,Bank_Transfer,Pune,Train ticket
T2117,U086,2023-06-23,Expense,Health,6076.0,Card,Delhi,Internet bill
T11854,U005,2023-07-09,Income,Bonus,59292.0,Upi,Kolkata,No Notes
T10781,U146,2022-01-03,Expense,Others,2659.0,Upi,Pune,Train ticket
T11738,U096,2022-03-10,Expense,Food,4217.0,Card,Chennai,Uber ride
T3038,U134,2022-07-03,Expense,Travel,9267.0,Cash,Bangalore,Shopping
T6229,U135,2022-05-18,Expense,Travel,3459.0,Card,Kolkata,Monthly rent payment
T1071,U011,2023-11-07,Expense,Food,4512.0,Bank_Transfer,Chennai,ATM withdrawal
T11195,U054,2021-05-15,Expense,Food,5085.0,Cash,Kolkata,xyz123
T1644,U070,2024-09-10,Expense,Entertainment,2983.0,Upi,Pune,No Notes
T13755,U047,2024-02-04,Expense,Savings,8668.0,Card,Ahmedabad,Books
T0655,U036,2023-07-12,Expense,Health,5640.0,Bank_Transfer,Unknown,test
T0460,U096,2021-03-10,Expense,Food,3582.0,Card,Pune,asdfgh
T6948,U033,2024-04-11,Expense,Travel,7614.0,Bank_Transfer,Hyderabad,misc
T9996,U061,2022-02-26,Income,Salary,65055.0,Cash,Jaipur,ATM withdrawal
T12796,U068,2023-02-19,Expense,Food,6339.0,Upi,Kolkata,test
T2379,U083,2023-02-05,Expense,Entertainment,3999.0,Bank_Transfer,Jaipur,Grocery shopping
T2781,U122,2023-07-22,Expense,Food,9447.0,Bank_Transfer,Kolkata,No Notes
T1564,U050,2021-02-22,Expense,Rent,2667.0,Upi,Unknown,!!!
T11777,U124,2021-06-19,Expense,Utilities,9814.0,Card,Ahmedabad,No Notes
T10713,U148,2021-03-30,Expense,Entertainment,1333.0,Upi,Bangalore,misc
T8533,U072,2021-09-03,Expense,Others,3582.0,Upi,Mumbai,asdfgh
T3765,U108,2022-08-11,Expense,Utilities,8116.0,Card,Unknown,Electricity bill
T11235,U150,2022-09-22,Expense,Rent,18870.0,Upi,Kolkata,Electricity bill
T12988,U146,2024-03-01,Expense,Rent,10241.0,Card,Lucknow,Electricity bill
T8356,U007,2023-08-06,Income,Others,63888.0,Cash,Unknown,Grocery shopping
T5949,U025,2021-04-13,Income,Bonus,65298.0,Bank_Transfer,Ahmedabad,Doctor consultation
T1487,U150,2023-01-03,Expense,Travel,1248.0,Bank_Transfer,Pune,No Notes
T11302,U121,2024-05-03,Expense,Rent,9427.0,Card,Lucknow,Books
T4397,U067,2021-06-27,Expense,Food,5335.0,Unknown,Pune,xyz123
T8529,U057,2021-02-22,Expense,Health,9377.0,Cash,Lucknow,Electricity bill
T6545,U051,2021-05-07,Expense,Travel,4734.0,Unknown,Bangalore,No Notes
T0768,U071,2022-08-05,Expense,Food,5892.0,Upi,Pune,Books
T8875,U130,2023-11-13,Expense,Rent,45115.0,Upi,Mumbai,Monthly rent payment
T0693,U100,2024-12-18,Expense,Travel,3945.0,Card,Chennai,Fixed deposit
T10433,U146,2022-05-08,Expense,Travel,1097.0,Card,Delhi,Gym membership
T13367,U071,2022-12-26,Expense,Entertainment,7780.0,Bank_Transfer,Unknown,Gym membership
T1595,U123,2023-05-15,Expense,Food,3405.0,Card,Ahmedabad,Monthly rent payment
T13049,U133,2024-10-11,Expense,Food,9973.0,Upi,Ahmedabad,Train ticket
T1038,U069,2021-03-06,Expense,Rent,8343.0,Card,Hyderabad,No Notes
T5229,U036,2021-07-27,Income,Freelance,29722.0,Cash,Delhi,misc
T0950,U104,2024-01-23,Expense,Entertainment,4218.0,Upi,Chennai,xyz123
T11102,U006,2024-12-05,Expense,Rent,7495.0,Card,Mumbai,Grocery shopping
T7004,U067,2024-12-28,Expense,Rent,9302.0,Cash,Kolkata,xyz123
T11578,U040,2024-06-22,Expense,Rent,999999.0,Upi,Unknown,Books
T9867,U149,2024-12-29,Expense,Education,6986.0,Card,Lucknow,Petrol
T10683,U144,2024-12-12,Expense,Entertainment,4274.0,Cash,Chennai,Monthly rent payment
T0575,U068,2021-08-03,Expense,Education,9063.0,Cash,Lucknow,Uber ride
T0963,U114,2021-06-10,Expense,Rent,7579.0,Bank_Transfer,Bangalore,Online course
T6959,U056,2021-08-25,Expense,Food,3559.0,Upi,Unknown,Medicine
T2620,U037,2024-02-06,Expense,Utilities,6648.0,Bank_Transfer,Unknown,Electricity bill
T5199,U062,2022-11-07,Expense,Food,3787.0,Bank_Transfer,Jaipur,Coffee
T3794,U099,2024-11-26,Expense,Food,3384.0,Bank_Transfer,Bangalore,No Notes
T10134,U128,2022-06-21,Income,Bonus,59549.0,Upi,Ahmedabad,misc
T1887,U061,2024-01-21,Expense,Food,3891.0,Card,Lucknow,Internet bill
T9998,U114,2022-04-17,Income,Salary,65607.0,Cash,Lucknow,Medicine
T9199,U031,2021-07-27,Expense,Travel,3895.0,Bank_Transfer,Pune,No Notes
T13314,U103,2021-02-07,Expense,Savings,7787.0,Bank_Transfer,Lucknow,Medicine
T3809,U041,2021-06-25,Expense,Food,1327.0,Cash,Pune,Online course
T10249,U117,2021-06-19,Expense,Travel,2087.0,Upi,Mumbai,xyz123
T12431,U036,2024-03-23,Expense,Food,54.0,Upi,Delhi,test
T3598,U093,2022-11-25,Expense,Rent,12909.0,Card,Delhi,Monthly rent payment
T9444,U035,2023-07-25,Expense,Travel,7809.0,Cash,Ahmedabad,xyz123
T1346,U093,2021-07-03,Expense,Utilities,234.0,Card,Unknown,asdfgh
T5430,U030,2024-07-20,Expense,Rent,2507.0,Card,Mumbai,Electricity bill
T9831,U051,2022-05-17,Expense,Rent,45403.0,Card,Kolkata,Books
T10306,U034,2021-02-08,Expense,Food,3085.0,Card,Mumbai,Doctor consultation
T2893,U048,2022-01-01,Income,Others,38469.0,Upi,Lucknow,asdfgh
T8811,U068,2022-03-04,Expense,Entertainment,1648.0,Bank_Transfer,Lucknow,Lunch
T0012,U049,2021-10-15,Expense,Entertainment,9116.0,Cash,Chennai,Petrol
T10701,U137,2024-04-12,Expense,Rent,13141.0,Bank_Transfer,Pune,Movie tickets
T5303,U023,2024-11-03,Expense,Food,7796.0,Cash,Ahmedabad,EMI payment
T2210,U042,2024-01-20,Expense,Rent,9920.0,Upi,Lucknow,No Notes
T3857,U088,2024-06-09,Expense,Utilities,1162.0,Upi,Lucknow,Gym membership
T11316,U085,2022-09-07,Expense,Food,8403.0,Upi,Bangalore,No Notes
T1721,U056,2021-09-18,Expense,Food,2487.0,Card,Jaipur,asdfgh
T4899,U141,2021-04-24,Expense,Food,7760.0,Card,Delhi,asdfgh
T8510,U052,2024-11-08,Expense,Food,1151.0,Card,Ahmedabad,Petrol
T0601,U124,2023-09-29,Expense,Rent,6801.0,Upi,Ahmedabad,...
T3734,U022,2024-11-01,Expense,Food,479.0,Cash,Kolkata,Medicine
T13857,U004,2024-04-11,Expense,Food,4648.0,Cash,Delhi,Lunch
T11136,U150,2023-07-12,Expense,Education,5821.0,Upi,Chennai,test
T11807,U010,2023-11-18,Expense,Rent,24749.0,Bank_Transfer,Chennai,No Notes
T1314,U135,2024-08-15,Expense,Food,4276.0,Bank_Transfer,Lucknow,No Notes
T1002,U003,2022-12-18,Expense,Entertainment,3946.0,Upi,Kolkata,!!!
T13078,U004,2024-02-07,Income,Bonus,37025.0,Bank_Transfer,Jaipur,Medicine
T9602,U071,2022-05-09,Expense,Food,5097.0,Cash,Mumbai,Medicine
T13178,U003,2023-12-16,Expense,Rent,24451.0,Bank_Transfer,Hyderabad,Movie tickets
T10685,U062,2022-01-20,Expense,Food,3135.0,Cash,Mumbai,Internet bill
T5841,U052,2023-07-08,Expense,Travel,9637.0,Bank_Transfer,Pune,Monthly rent payment
T5778,U061,2023-08-22,Expense,Others,6634.0,Card,Pune,Doctor consultation
T9893,U052,2022-05-10,Expense,Rent,6501.0,Upi,Ahmedabad,Online course
T0345,U005,2022-01-10,Expense,Education,999999.0,Card,Chennai,Fixed deposit
T9485,U140,2023-08-08,Expense,Food,6201.0,Upi,Hyderabad,No Notes
T5212,U125,2024-11-02,Expense,Rent,4970.0,Card,Mumbai,Grocery shopping
T9530,U144,2024-07-08,Income,Salary,21638.0,Cash,Jaipur,Shopping
T10102,U144,2022-07-13,Expense,Rent,34920.0,Upi,Mumbai,No Notes
T8113,U083,2023-05-02,Expense,Education,1568.0,Card,Mumbai,misc
T3272,U104,2022-07-15,Income,Salary,66223.0,Card,Kolkata,Coffee
T12641,U035,2024-08-26,Expense,Food,1714.0,Card,Bangalore,...
T1892,U019,2023-07-10,Expense,Utilities,9151.0,Card,Mumbai,Uber ride
T11867,U124,2023-03-03,Expense,Entertainment,9124.0,Cash,Unknown,Movie tickets
T4753,U093,2023-09-24,Expense,Utilities,3614.0,Bank_Transfer,Chennai,No Notes
T7714,U082,2023-08-17,Expense,Utilities,6628.0,Card,Lucknow,Restaurant dinner
T11615,U025,2024-01-03,Income,Investment,35327.0,Cash,Mumbai,Fixed deposit
T4291,U117,2023-07-12,Income,Freelance,78228.0,Bank_Transfer,Jaipur,No Notes
T9263,U004,2022-06-30,Income,Investment,76282.0,Upi,Mumbai,...
T3123,U131,2023-03-04,Expense,Entertainment,4558.0,Bank_Transfer,Pune,Doctor consultation
T12595,U105,2024-12-20,Expense,Rent,34928.0,Card,Pune,No Notes
T3632,U104,2024-08-27,Expense,Food,1358.0,Cash,Kolkata,No Notes
T3117,U124,2022-06-03,Expense,Utilities,8176.0,Upi,Bangalore,No Notes
T8110,U065,2024-04-23,Expense,Food,9509.0,Card,Mumbai,Doctor consultation
T0501,U105,2022-08-27,Expense,Rent,4682.0,Cash,Kolkata,Books
T0006,U036,2021-07-06,Income,Freelance,18326.0,Bank_Transfer,Jaipur,Grocery shopping
T11260,U130,2021-05-23,Expense,Food,8312.0,Cash,Ahmedabad,No Notes
T5388,U052,2024-05-03,Expense,Food,2831.0,Cash,Delhi,Uber ride
T2442,U087,2021-10-04,Expense,Health,3160.0,Cash,Hyderabad,...
T12572,U031,2022-12-27,Expense,Entertainment,3661.0,Card,Pune,Train ticket
T1214,U004,2024-05-08,Expense,Food,7251.0,Upi,Delhi,Petrol
T10562,U124,2021-01-17,Expense,Travel,252.0,Card,Kolkata,Medicine
T2514,U116,2023-06-19,Expense,Education,9487.0,Card,Unknown,...
T3508,U018,2023-07-26,Expense,Entertainment,3541.0,Bank_Transfer,Jaipur,!!!
T10351,U135,2024-10-13,Expense,Food,1410.0,Bank_Transfer,Hyderabad,Uber ride
T2445,U145,2024-11-25,Expense,Rent,481.0,Upi,Hyderabad,Medicine
T9538,U043,2022-04-30,Expense,Travel,3077.0,Unknown,Ahmedabad,Gym membership
T7177,U132,2023-12-08,Expense,Rent,8348.0,Bank_Transfer,Mumbai,Gym membership
T7366,U038,2024-10-29,Expense,Education,6201.0,Bank_Transfer,Kolkata,Grocery shopping
T7947,U058,2024-02-02,Expense,Utilities,2033.0,Bank_Transfer,Chennai,Movie tickets
T3953,U119,2022-03-15,Expense,Travel,8505.0,Upi,Ahmedabad,ATM withdrawal
T12482,U138,2022-12-04,Income,Bonus,14029.0,Cash,Ahmedabad,No Notes
T12804,U032,2023-01-11,Expense,Rent,6653.0,Unknown,Mumbai,No Notes
T3449,U013,2023-10-25,Expense,Rent,367.0,Cash,Mumbai,Gym membership
T7784,U061,2022-03-20,Expense,Rent,4283.0,Bank_Transfer,Lucknow,Medicine
T1484,U072,2021-08-05,Expense,Food,7950.0,Bank_Transfer,Hyderabad,test
T9427,U150,2021-10-31,Income,Others,63302.0,Bank_Transfer,Pune,misc
T3909,U146,2022-10-08,Expense,Entertainment,4455.0,Card,Pune,ATM withdrawal
T3395,U107,2024-07-29,Expense,Utilities,7306.0,Upi,Hyderabad,Gym membership
T10493,U066,2024-09-27,Expense,Entertainment,2854.0,Cash,Lucknow,Fixed deposit
T12999,U048,2023-12-26,Expense,Utilities,3482.0,Upi,Bangalore,ATM withdrawal
T3991,U018,2022-12-31,Expense,Food,9622.0,Bank_Transfer,Jaipur,No Notes
T12795,U003,2023-12-08,Expense,Rent,987.0,Upi,Hyderabad,Petrol
T2790,U008,2024-09-24,Expense,Entertainment,4674.0,Card,Ahmedabad,misc
T8014,U071,2022-03-16,Expense,Travel,2271.0,Bank_Transfer,Ahmedabad,No Notes
T13656,U107,2024-10-20,Expense,Food,2370.0,Upi,Mumbai,ATM withdrawal
T3477,U039,2024-08-09,Expense,Health,9925.0,Card,Jaipur,Movie tickets
T11915,U050,2021-01-17,Expense,Entertainment,6896.0,Cash,Mumbai,Uber ride
T7738,U068,2022-11-04,Expense,Food,1423.0,Unknown,Lucknow,No Notes
T8508,U022,2024-06-27,Expense,Rent,30535.0,Card,Hyderabad,Medicine
T7473,U024,2021-07-10,Expense,Entertainment,5250.0,Cash,Kolkata,Restaurant dinner
T3281,U111,2023-08-27,Expense,Travel,1434.0,Cash,Mumbai,No Notes
T7404,U117,2022-06-11,Expense,Rent,1283.0,Upi,Hyderabad,Restaurant dinner
T5997,U083,2023-11-12,Expense,Travel,7416.0,Card,Chennai,...
T5335,U032,2023-07-06,Income,Others,20644.0,Card,Jaipur,No Notes
T13631,U150,2022-01-28,Income,Salary,41388.0,Upi,Lucknow,Doctor consultation
T7519,U083,2021-09-03,Expense,Food,1373.0,Card,Mumbai,No Notes
T3761,U104,2023-09-04,Expense,Health,344.0,Unknown,Jaipur,Lunch
T6727,U137,2024-01-08,Income,Bonus,22768.0,Card,Delhi,Petrol
T4904,U016,2021-11-06,Expense,Others,1483.0,Bank_Transfer,Chennai,Lunch
T5550,U052,2023-03-28,Expense,Education,9047.0,Cash,Chennai,No Notes
T1592,U021,2023-10-20,Expense,Travel,3064.0,Bank_Transfer,Jaipur,No Notes
T13544,U111,2022-07-11,Income,Others,52828.0,Card,Ahmedabad,!!!
T4249,U105,2023-08-06,Expense,Utilities,2922.0,Card,Ahmedabad,Uber ride
T3433,U048,2021-02-23,Expense,Food,161.0,Unknown,Mumbai,Train ticket
T0052,U021,2023-02-23,Expense,Travel,4261.0,Bank_Transfer,Bangalore,Doctor consultation
T13909,U019,2023-08-02,Expense,Travel,8159.0,Unknown,Mumbai,Grocery shopping
T6505,U062,2024-03-01,Expense,Food,3479.0,Cash,Bangalore,xyz123
T10282,U148,2024-02-19,Expense,Utilities,7670.0,Cash,Jaipur,misc
T5484,U034,2023-12-08,Expense,Rent,9463.0,Cash,Jaipur,...
T10580,U099,2022-05-22,Expense,Utilities,7402.0,Cash,Mumbai,No Notes
T11231,U101,2022-06-23,Expense,Entertainment,6155.0,Card,Kolkata,Grocery shopping
T3229,U126,2022-07-22,Expense,Food,1759.0,Cash,Kolkata,Lunch
T8746,U012,2022-09-12,Expense,Travel,6309.0,Bank_Transfer,Kolkata,ATM withdrawal
T13567,U014,2024-12-27,Expense,Utilities,4619.0,Upi,Unknown,EMI payment
T0734,U085,2024-07-11,Expense,Food,6445.0,Bank_Transfer,Chennai,No Notes
T3555,U039,2024-06-22,Expense,Rent,8228.0,Cash,Hyderabad,xyz123
T6877,U076,2021-04-14,Expense,Rent,6209.0,Upi,Hyderabad,No Notes
T8876,U078,2022-06-24,Expense,Utilities,7585.0,Upi,Hyderabad,Shopping
T4644,U132,2022-05-28,Expense,Others,6576.0,Card,Chennai,Uber ride
T9633,U086,2024-07-13,Expense,Food,635.0,Upi,Unknown,Coffee
T3530,U082,2021-06-07,Expense,Food,4426.0,Bank_Transfer,Delhi,test
T7062,U135,2021-06-06,Expense,Travel,5032.0,Upi,Mumbai,Uber ride
T9747,U055,2024-03-18,Income,Others,41541.0,Upi,Kolkata,Shopping
T7383,U119,2022-02-07,Expense,Food,7027.0,Card,Bangalore,Books
T2850,U104,2022-02-23,Expense,Food,9649.0,Upi,Kolkata,No Notes
T4028,U124,2022-07-21,Expense,Entertainment,9444.0,Unknown,Unknown,misc
T6528,U132,2022-03-05,Expense,Health,7887.0,Bank_Transfer,Bangalore,test
T13950,U005,2023-04-30,Expense,Health,5863.0,Cash,Kolkata,Gym membership
T2713,U044,2024-01-24,Income,Investment,51168.0,Upi,Kolkata,asdfgh
T5898,U048,2023-02-07,Expense,Travel,8786.0,Card,Ahmedabad,No Notes
T4295,U149,2021-05-05,Expense,Food,163.0,Card,Kolkata,test
T0853,U072,2023-12-10,Expense,Entertainment,7456.0,Bank_Transfer,Hyderabad,Monthly rent payment
T2867,U016,2022-08-29,Expense,Entertainment,5734.0,Cash,Lucknow,...
T7772,U109,2022-01-09,Income,Salary,45981.0,Upi,Kolkata,Train ticket
T9833,U094,2023-01-31,Income,Bonus,76454.0,Card,Jaipur,test
T7766,U073,2023-09-19,Expense,Rent,7387.0,Upi,Delhi,Uber ride
T1886,U063,2024-08-24,Expense,Rent,5408.0,Upi,Jaipur,Gym membership
T6956,U091,2022-12-27,Expense,Utilities,630.0,Cash,Pune,ATM withdrawal
T11245,U068,2021-03-02,Expense,Food,371.0,Card,Pune,Doctor consultation
T10994,U096,2021-10-27,Expense,Education,4824.0,Card,Mumbai,misc
T1931,U149,2023-01-18,Expense,Rent,7327.0,Upi,Delhi,...
T12439,U120,2022-03-24,Expense,Rent,8331.0,Card,Jaipur,...
T2318,U127,2023-12-01,Expense,Rent,6882.0,Card,Jaipur,Petrol
T3603,U013,2021-10-08,Expense,Travel,9835.0,Card,Chennai,Books
T0739,U002,2021-06-15,Expense,Rent,2594.0,Upi,Jaipur,xyz123
T8200,U022,2021-03-19,Expense,Rent,20584.0,Cash,Lucknow,Online course
T11549,U045,2023-01-14,Expense,Food,945.0,Cash,Jaipur,Coffee
T10610,U127,2023-04-19,Expense,Utilities,5984.0,Card,Bangalore,Grocery shopping
T13934,U054,2023-05-08,Income,Freelance,62296.0,Upi,Hyderabad,misc
T2417,U011,2024-08-11,Expense,Rent,2728.0,Upi,Mumbai,Gym membership
T7852,U088,2023-01-31,Expense,Rent,2016.0,Upi,Chennai,Grocery shopping
T13769,U059,2024-01-11,Expense,Food,4428.0,Card,Hyderabad,Doctor consultation
T7094,U146,2023-08-23,Expense,Food,4322.0,Cash,Jaipur,xyz123
T10976,U092,2022-01-27,Expense,Travel,3876.0,Bank_Transfer,Lucknow,Medicine
T9505,U113,2023-12-15,Expense,Food,9886.0,Card,Jaipur,Gym membership
T11822,U040,2022-02-24,Expense,Food,6126.0,Card,Pune,Restaurant dinner
T10099,U060,2021-05-14,Expense,Rent,5216.0,Card,Lucknow,Electricity bill
T8341,U046,2022-09-17,Expense,Utilities,4644.0,Card,Mumbai,Gym membership
T11936,U022,2022-11-26,Expense,Food,1424.0,Card,Lucknow,Petrol
T5669,U109,2024-07-27,Income,Bonus,76157.0,Card,Hyderabad,Online course
T6094,U149,2021-12-07,Expense,Rent,5906.0,Card,Chennai,Train ticket
T3485,U050,2021-08-04,Expense,Health,898.0,Cash,Bangalore,Online course
T2311,U025,2022-04-24,Expense,Education,9248.0,Card,Jaipur,Internet bill
T9907,U010,2024-08-07,Expense,Entertainment,2869.0,Cash,Kolkata,Coffee
T0326,U112,2024-04-26,Income,Others,593515.0,Bank_Transfer,Delhi,asdfgh
T3007,U057,2021-01-20,Income,Others,33910.0,Card,Unknown,Grocery shopping
T2081,U033,2022-10-13,Expense,Rent,17003.0,Card,Jaipur,Shopping
T13742,U022,2022-01-10,Expense,Utilities,8898.0,Card,Hyderabad,xyz123
T7707,U025,2024-06-15,Expense,Food,3925.0,Upi,Kolkata,Coffee
T8629,U036,2021-04-18,Expense,Rent,8256.0,Card,Delhi,misc
T10196,U027,2024-05-14,Income,Investment,61285.0,Card,Delhi,EMI payment
T2214,U055,2021-12-21,Expense,Education,2176.0,Bank_Transfer,Delhi,No Notes
T1115,U035,2023-03-21,Expense,Travel,6398.0,Bank_Transfer,Ahmedabad,Monthly rent payment
T4654,U123,2021-10-30,Expense,Rent,5527.0,Upi,Unknown,Coffee
T3004,U037,2021-01-16,Income,Others,36201.0,Cash,Hyderabad,asdfgh
T2301,U038,2024-09-20,Expense,Entertainment,5026.0,Bank_Transfer,Unknown,test
T2114,U030,2022-02-10,Expense,Utilities,3520.0,Card,Pune,Electricity bill
T8686,U059,2022-03-25,Expense,Utilities,4985.0,Cash,Jaipur,EMI payment
T6604,U036,2024-07-02,Expense,Utilities,2581.0,Card,Ahmedabad,!!!
T0020,U018,2022-07-26,Expense,Food,552.0,Upi,Pune,No Notes
T8565,U108,2024-02-25,Expense,Food,4433.0,Upi,Unknown,Medicine
T13163,U105,2024-10-04,Expense,Health,7451.0,Cash,Ahmedabad,test
T13173,U040,2024-08-06,Expense,Travel,4835.0,Upi,Unknown,Gym membership
T10204,U088,2024-04-08,Expense,Rent,5256.0,Bank_Transfer,Ahmedabad,Books
T9524,U117,2024-05-02,Expense,Food,9335.0,Upi,Ahmedabad,Fixed deposit
T5989,U110,2022-02-26,Expense,Travel,6037.0,Bank_Transfer,Jaipur,Medicine
T3596,U006,2021-07-13,Income,Salary,70160.0,Bank_Transfer,Bangalore,Internet bill
T11066,U126,2023-06-17,Income,Salary,57365.0,Cash,Ahmedabad,test
T0115,U098,2022-10-15,Expense,Utilities,7858.0,Card,Jaipur,!!!
T5250,U028,2023-11-28,Expense,Food,2685.0,Unknown,Unknown,No Notes
T12404,U027,2023-05-23,Expense,Utilities,4805.0,Card,Bangalore,Grocery shopping
T2952,U123,2021-12-21,Expense,Entertainment,1773.0,Upi,Bangalore,Train ticket
T7006,U145,2024-12-25,Expense,Travel,9255.0,Card,Kolkata,xyz123
T13075,U067,2021-03-02,Expense,Food,1238.0,Cash,Kolkata,asdfgh
T13450,U058,2022-05-05,Expense,Health,1346.0,Bank_Transfer,Jaipur,Movie tickets
T10630,U074,2023-02-12,Expense,Entertainment,7532.0,Cash,Delhi,Restaurant dinner
T13098,U074,2024-08-13,Expense,Travel,1434.0,Upi,Kolkata,Train ticket
T8378,U080,2022-11-15,Expense,Food,2193.0,Cash,Unknown,...
T4641,U029,2024-06-28,Expense,Rent,6471.0,Cash,Pune,Shopping
T3807,U012,2023-07-14,Expense,Utilities,9822.0,Card,Kolkata,Lunch
T0096,U028,2022-06-26,Expense,Rent,9304.0,Bank_Transfer,Lucknow,Restaurant dinner
T13201,U025,2023-07-03,Expense,Education,4600.0,Bank_Transfer,Pune,ATM withdrawal
T8190,U064,2023-06-25,Expense,Entertainment,1248.0,Card,Hyderabad,Lunch
T5990,U128,2021-03-04,Expense,Rent,3260.0,Card,Jaipur,Books
T5041,U003,2021-07-02,Expense,Entertainment,4439.0,Upi,Ahmedabad,misc
T2074,U096,2022-02-03,Expense,Entertainment,9689.0,Card,Delhi,test
T2804,U011,2021-12-20,Expense,Others,1608.0,Unknown,Delhi,No Notes
T10636,U095,2023-06-20,Expense,Utilities,4135.0,Cash,Mumbai,misc
T9028,U075,2022-12-08,Expense,Travel,2030.0,Bank_Transfer,Ahmedabad,Restaurant dinner
T3165,U087,2022-06-22,Expense,Food,6187.0,Upi,Delhi,asdfgh
T3036,U112,2022-02-11,Expense,Education,6883.0,Bank_Transfer,Hyderabad,Movie tickets
T2911,U130,2021-01-30,Expense,Entertainment,4771.0,Unknown,Chennai,...
T0638,U021,2023-06-07,Expense,Utilities,8933.0,Upi,Pune,Lunch
T10645,U078,2024-03-18,Expense,Rent,19183.0,Bank_Transfer,Bangalore,Uber ride
T11344,U079,2024-08-22,Expense,Food,239.0,Unknown,Jaipur,Uber ride
T8795,U122,2024-08-25,Expense,Education,8854.0,Upi,Jaipur,Doctor consultation
T2557,U075,2021-04-19,Expense,Travel,903.0,Upi,Lucknow,Internet bill
T6585,U076,2022-11-22,Expense,Rent,4676.0,Bank_Transfer,Mumbai,Movie tickets
T11353,U008,2021-01-14,Expense,Education,6388.0,Bank_Transfer,Ahmedabad,!!!
T3660,U140,2024-10-17,Income,Investment,25994.0,Upi,Jaipur,EMI payment
T11362,U037,2021-07-14,Income,Investment,41576.0,Upi,Mumbai,No Notes
T12854,U029,2022-02-19,Income,Investment,32948.0,Unknown,Ahmedabad,Internet bill
T9648,U044,2021-09-25,Expense,Food,4002.0,Unknown,Jaipur,No Notes
T6548,U005,2022-03-27,Expense,Entertainment,8754.0,Card,Kolkata,asdfgh
T0943,U034,2024-08-02,Expense,Food,4193.0,Upi,Lucknow,Monthly rent payment
T5568,U099,2021-10-16,Expense,Rent,716.0,Cash,Pune,Doctor consultation
T11749,U120,2024-01-06,Expense,Food,4321.0,Unknown,Lucknow,Train ticket
T3251,U038,2021-08-13,Expense,Food,3906.0,Bank_Transfer,Delhi,!!!
T2091,U113,2024-01-04,Expense,Health,8309.0,Cash,Chennai,ATM withdrawal
T5290,U135,2021-04-17,Expense,Others,7264.0,Card,Delhi,Grocery shopping
T8125,U147,2023-06-16,Expense,Others,3607.0,Bank_Transfer,Pune,Restaurant dinner
T2213,U130,2023-05-15,Expense,Food,4784.0,Cash,Jaipur,Grocery shopping
T5769,U098,2023-01-20,Expense,Education,1657.0,Cash,Pune,Online course
T5242,U032,2021-04-08,Expense,Travel,9659.0,Card,Ahmedabad,Medicine
T11300,U129,2024-11-03,Expense,Rent,6025.0,Upi,Hyderabad,Grocery shopping
T3249,U010,2024-08-23,Income,Others,57012.0,Bank_Transfer,Kolkata,Movie tickets
T9493,U029,2023-10-22,Expense,Savings,782.0,Bank_Transfer,Ahmedabad,Coffee
T13227,U007,2023-09-12,Expense,Food,7409.0,Upi,Mumbai,Online course
T0967,U068,2024-10-04,Expense,Food,5031.0,Cash,Chennai,No Notes
T11354,U149,2023-01-13,Expense,Travel,3257.0,Upi,Hyderabad,Doctor consultation
T9083,U066,2023-03-21,Expense,Rent,8901.0,Unknown,Hyderabad,Uber ride
T2392,U048,2023-11-09,Income,Investment,64214.0,Upi,Pune,xyz123
T2506,U013,2022-12-31,Expense,Travel,8023.0,Card,Hyderabad,Gym membership
T10410,U028,2022-10-21,Expense,Travel,3541.0,Bank_Transfer,Pune,test
T1943,U131,2023-01-05,Expense,Travel,1426.0,Upi,Pune,Internet bill
T0423,U108,2022-06-02,Expense,Food,6096.0,Cash,Jaipur,Monthly rent payment
T7430,U056,2023-10-10,Expense,Rent,41043.0,Cash,Delhi,Gym membership
T6045,U062,2024-05-18,Expense,Food,3341.0,Bank_Transfer,Bangalore,ATM withdrawal
T13907,U091,2024-11-28,Expense,Food,2460.0,Upi,Unknown,Internet bill
T6462,U074,2021-11-28,Expense,Others,162.0,Card,Unknown,ATM withdrawal
T10210,U022,2021-06-15,Expense,Utilities,8244.0,Upi,Pune,Restaurant dinner
T11562,U137,2021-02-15,Expense,Rent,37834.0,Card,Hyderabad,Gym membership
T13588,U131,2021-09-25,Expense,Rent,1370.0,Card,Delhi,Lunch
T4848,U006,2023-12-01,Expense,Travel,7548.0,Card,Pune,Internet bill
T7065,U131,2022-04-30,Expense,Food,2707.0,Upi,Pune,asdfgh
T1467,U108,2023-07-14,Expense,Education,5675.0,Cash,Ahmedabad,Books
T0749,U088,2024-04-07,Expense,Food,4749.0,Bank_Transfer,Delhi,Uber ride
T5909,U062,2021-03-28,Expense,Rent,3859.0,Upi,Lucknow,Shopping
T7018,U040,2022-03-31,Expense,Food,4530.0,Cash,Delhi,Books
T13418,U146,2022-04-20,Expense,Others,6139.0,Card,Lucknow,Movie tickets
T11046,U130,2023-11-08,Expense,Utilities,3367.0,Cash,Chennai,Books
T0074,U039,2024-08-04,Income,Others,21104.0,Upi,Jaipur,Online course
T12213,U067,2021-04-05,Expense,Health,2733.0,Bank_Transfer,Chennai,...
T8626,U100,2022-01-13,Expense,Health,3255.0,Upi,Jaipur,Coffee
T7735,U067,2021-10-30,Expense,Food,3445.0,Upi,Ahmedabad,Books
T13882,U148,2021-08-21,Expense,Travel,4137.0,Bank_Transfer,Mumbai,Coffee
T8915,U032,2022-03-09,Expense,Rent,16079.0,Cash,Bangalore,Books
T2500,U096,2022-12-18,Income,Salary,50892.0,Upi,Kolkata,Internet bill
T6289,U067,2023-01-30,Expense,Food,1103.0,Card,Bangalore,Shopping
T7575,U005,2023-12-03,Expense,Rent,8164.0,Cash,Ahmedabad,Books
T11079,U091,2022-03-25,Expense,Rent,2787.0,Card,Chennai,No Notes
T1772,U142,2024-09-18,Expense,Travel,2495.0,Card,Chennai,ATM withdrawal
T10815,U120,2024-06-01,Expense,Travel,4964.0,Upi,Lucknow,asdfgh
T4528,U095,2023-06-23,Expense,Food,1056.0,Upi,Delhi,No Notes
T7188,U013,2024-01-03,Expense,Utilities,341.0,Upi,Unknown,Uber ride
T1842,U110,2021-07-07,Expense,Education,5294.0,Card,Delhi,...
T12586,U038,2023-04-15,Expense,Rent,1382.0,Bank_Transfer,Jaipur,No Notes
T12609,U003,2024-05-28,Expense,Utilities,8439.0,Card,Ahmedabad,Internet bill
T0268,U022,2021-11-04,Expense,Rent,2236.0,Bank_Transfer,Lucknow,Internet bill
T5623,U058,2023-12-20,Expense,Food,3401.0,Unknown,Pune,Online course
T3690,U036,2023-10-26,Expense,Rent,3255.0,Unknown,Hyderabad,Shopping
T1585,U059,2023-05-18,Expense,Food,3157.0,Cash,Ahmedabad,Online course
T8985,U122,2022-03-27,Expense,Utilities,7222.0,Bank_Transfer,Mumbai,Shopping
T0641,U128,2024-11-29,Expense,Food,693.0,Card,Kolkata,No Notes
T12811,U011,2023-07-30,Expense,Utilities,9009.0,Cash,Chennai,Lunch
T4274,U074,2022-08-26,Expense,Utilities,9818.0,Bank_Transfer,Chennai,Restaurant dinner
T1918,U124,2024-06-25,Expense,Savings,1948.0,Cash,Lucknow,ATM withdrawal
T5688,U077,2021-08-06,Expense,Entertainment,7217.0,Card,Pune,Grocery shopping
T9291,U130,2022-11-19,Expense,Food,6196.0,Bank_Transfer,Jaipur,No Notes
T6114,U127,2021-06-09,Expense,Utilities,2951.0,Upi,Delhi,Electricity bill
T9103,U079,2024-01-20,Expense,Others,399.0,Upi,Unknown,Lunch
T12658,U125,2021-11-16,Expense,Food,9015.0,Card,Kolkata,xyz123
T12557,U010,2023-02-03,Expense,Rent,6980.0,Cash,Lucknow,No Notes
T0001,U007,2022-05-17,Expense,Rent,32651.0,Cash,Jaipur,!!!
T8815,U050,2023-11-29,Expense,Food,8003.0,Cash,Ahmedabad,Medicine
T0829,U032,2023-12-20,Expense,Rent,7860.0,Bank_Transfer,Delhi,test
T3420,U057,2022-02-11,Expense,Rent,12011.0,Cash,Jaipur,Electricity bill
T5314,U018,2022-03-11,Income,Bonus,363983.0,Upi,Jaipur,Fixed deposit
T1149,U052,2021-04-07,Expense,Education,3468.0,Cash,Lucknow,Coffee
T12351,U150,2021-10-15,Expense,Utilities,6569.0,Upi,Jaipur,xyz123
T4583,U060,2024-05-12,Expense,Utilities,8524.0,Cash,Delhi,Petrol
T7289,U069,2023-06-22,Expense,Food,4767.0,Cash,Chennai,Restaurant dinner
T7110,U003,2024-03-20,Expense,Entertainment,2157.0,Card,Jaipur,No Notes
T4629,U019,2022-12-30,Expense,Entertainment,5279.0,Card,Chennai,Medicine
T4668,U041,2023-04-07,Expense,Entertainment,3989.0,Cash,Delhi,Doctor consultation
T4337,U126,2021-10-01,Expense,Entertainment,1131.0,Bank_Transfer,Chennai,ATM withdrawal
T11934,U019,2024-02-27,Expense,Entertainment,4453.0,Cash,Hyderabad,Uber ride
T1473,U009,2024-08-30,Expense,Health,4062.0,Card,Mumbai,test
T8030,U136,2021-02-14,Expense,Rent,5806.0,Card,Bangalore,Books
T6174,U045,2024-09-14,Expense,Rent,3834.0,Card,Unknown,No Notes
T0734,U050,2023-10-30,Expense,Food,1723.0,Bank_Transfer,Bangalore,asdfgh
T12588,U001,2024-01-11,Expense,Food,1809.0,Cash,Bangalore,Electricity bill
T8318,U036,2023-02-18,Expense,Rent,10604.0,Cash,Kolkata,Petrol
T6482,U031,2024-06-27,Expense,Rent,7486.0,Card,Chennai,No Notes
T11681,U031,2023-02-23,Expense,Education,3065.0,Card,Bangalore,Doctor consultation
T8499,U072,2021-07-18,Expense,Travel,8202.0,Card,Delhi,test
T6739,U126,2021-11-29,Expense,Travel,7607.0,Upi,Delhi,Online course
T5144,U061,2024-01-08,Expense,Entertainment,1197.0,Cash,Chennai,ATM withdrawal
T12286,U014,2022-08-01,Expense,Rent,333.0,Card,Kolkata,Fixed deposit
T1191,U144,2021-11-30,Expense,Health,6707.0,Card,Unknown,No Notes
T0216,U078,2022-07-31,Expense,Travel,8840.0,Upi,Hyderabad,Grocery shopping
T13894,U042,2024-07-30,Expense,Food,3878.0,Cash,Pune,Train ticket
T8023,U150,2023-08-03,Income,Investment,33062.0,Cash,Bangalore,Books
T4163,U038,2021-05-11,Expense,Travel,2766.0,Bank_Transfer,Jaipur,No Notes
T5162,U008,2021-06-03,Expense,Education,9029.0,Cash,Lucknow,No Notes
T2327,U030,2022-10-18,Expense,Travel,3754.0,Cash,Pune,Restaurant dinner
T5654,U039,2021-03-29,Expense,Education,1492.0,Upi,Bangalore,Uber ride
T4507,U128,2021-10-25,Income,Bonus,11032.0,Card,Delhi,Restaurant dinner
T11595,U140,2024-12-01,Expense,Education,7019.0,Unknown,Chennai,Medicine
T1787,U038,2024-05-13,Expense,Food,883.0,Cash,Bangalore,Restaurant dinner
T13476,U119,2021-04-06,Expense,Savings,7639.0,Bank_Transfer,Unknown,Restaurant dinner
T2094,U130,2023-07-14,Income,Salary,22327.0,Unknown,Pune,Online course
T8928,U027,2023-05-02,Expense,Education,8286.0,Bank_Transfer,Unknown,!!!
T1839,U007,2023-11-18,Expense,Others,8039.0,Cash,Delhi,EMI payment
T10741,U018,2022-10-13,Expense,Rent,22033.0,Card,Unknown,No Notes
T7174,U137,2022-03-26,Income,Others,38967.0,Bank_Transfer,Ahmedabad,xyz123
T13695,U039,2022-11-22,Expense,Entertainment,2506.0,Bank_Transfer,Lucknow,No Notes
T9790,U049,2022-03-13,Expense,Travel,7104.0,Upi,Ahmedabad,Train ticket
T13572,U073,2024-01-19,Expense,Food,4364.0,Bank_Transfer,Chennai,misc
T5080,U111,2021-02-26,Expense,Food,3002.0,Cash,Lucknow,No Notes
T10627,U139,2024-01-19,Expense,Education,8082.0,Bank_Transfer,Lucknow,Internet bill
T11008,U109,2024-03-05,Expense,Travel,6963.0,Cash,Kolkata,Coffee
T10381,U140,2023-06-26,Expense,Entertainment,9685.0,Unknown,Unknown,misc
T11128,U124,2023-02-18,Expense,Utilities,9392.0,Upi,Ahmedabad,test
T9012,U142,2022-08-03,Expense,Others,2764.0,Card,Ahmedabad,Petrol
T13086,U039,2021-01-22,Expense,Entertainment,2163.0,Cash,Kolkata,Books
T7229,U101,2021-09-01,Income,Salary,15931.0,Bank_Transfer,Chennai,Fixed deposit
T0116,U143,2023-07-03,Expense,Rent,1614.0,Bank_Transfer,Delhi,Medicine
T5458,U013,2023-05-26,Expense,Rent,13530.0,Card,Bangalore,ATM withdrawal
T3547,U150,2022-04-15,Expense,Rent,7047.0,Cash,Hyderabad,test
T4887,U117,2023-08-20,Expense,Food,4577.0,Cash,Jaipur,Electricity bill
T8872,U032,2021-07-31,Expense,Rent,36727.0,Card,Delhi,Gym membership
T4570,U094,2021-01-30,Expense,Rent,5009.0,Card,Hyderabad,Petrol
T3378,U001,2021-07-01,Expense,Food,4178.0,Card,Kolkata,No Notes
T5465,U042,2021-03-03,Expense,Entertainment,2717.0,Upi,Lucknow,xyz123
T6394,U062,2022-09-22,Expense,Others,5393.0,Cash,Ahmedabad,Doctor consultation
T10080,U076,2022-05-26,Expense,Food,3993.0,Unknown,Mumbai,asdfgh
T2412,U040,2022-07-05,Expense,Food,273.0,Card,Bangalore,Coffee
T12513,U095,2024-07-01,Expense,Utilities,999999.0,Cash,Hyderabad,Lunch
T13320,U016,2024-07-25,Expense,Travel,6408.0,Card,Lucknow,No Notes
T4415,U101,2024-05-06,Expense,Education,1554.0,Cash,Lucknow,No Notes
T6155,U086,2021-04-28,Expense,Education,6434.0,Card,Lucknow,Medicine
T12147,U102,2023-09-15,Income,Others,32223.0,Cash,Jaipur,Shopping
T13998,U101,2021-02-12,Income,Bonus,22047.0,Card,Bangalore,EMI payment
T3584,U095,2021-06-30,Income,Freelance,45625.0,Bank_Transfer,Chennai,EMI payment
T10417,U096,2021-02-19,Expense,Rent,38346.0,Upi,Lucknow,Lunch
T6736,U055,2023-07-14,Expense,Education,9945.0,Unknown,Delhi,No Notes
T5138,U074,2021-07-30,Expense,Entertainment,4406.0,Bank_Transfer,Delhi,Medicine
T3951,U126,2024-04-08,Expense,Rent,45300.0,Bank_Transfer,Chennai,Grocery shopping
T9721,U136,2022-07-18,Expense,Rent,45429.0,Card,Hyderabad,Grocery shopping
T6226,U017,2023-02-17,Expense,Food,4169.0,Upi,Pune,Restaurant dinner
T13840,U067,2022-10-21,Expense,Utilities,2349.0,Upi,Hyderabad,test
T13659,U030,2022-04-13,Expense,Education,2772.0,Card,Chennai,Electricity bill
T10468,U023,2022-12-20,Expense,Entertainment,8005.0,Card,Lucknow,No Notes
T3345,U089,2022-05-30,Expense,Utilities,9329.0,Cash,Hyderabad,misc
T5492,U068,2022-05-01,Expense,Education,999999.0,Card,Mumbai,Uber ride
T8996,U095,2024-02-26,Expense,Food,524.0,Card,Mumbai,test
T4146,U130,2021-06-07,Expense,Entertainment,8532.0,Card,Ahmedabad,Grocery shopping
T5022,U094,2023-07-22,Expense,Travel,3864.0,Cash,Jaipur,Train ticket
T12433,U064,2021-02-01,Expense,Utilities,677.0,Upi,Unknown,Medicine
T0872,U010,2023-01-16,Expense,Food,5470.0,Card,Jaipur,Movie tickets
T13150,U009,2023-09-06,Expense,Rent,145.0,Bank_Transfer,Pune,Books
T11555,U074,2024-03-25,Expense,Utilities,6242.0,Upi,Unknown,Restaurant dinner
T0318,U055,2024-04-29,Expense,Travel,6160.0,Cash,Lucknow,xyz123
T11241,U081,2022-12-29,Expense,Rent,48972.0,Card,Kolkata,asdfgh
T4620,U115,2024-01-11,Income,Others,59813.0,Bank_Transfer,Pune,Shopping
T3954,U074,2021-01-13,Expense,Food,6815.0,Cash,Delhi,No Notes
T10551,U028,2024-11-07,Expense,Travel,6515.0,Bank_Transfer,Bangalore,test
T8132,U070,2024-07-04,Expense,Food,4092.0,Card,Chennai,No Notes
T11355,U076,2021-12-29,Expense,Education,8305.0,Cash,Pune,Electricity bill
T12689,U010,2021-09-29,Income,Freelance,329642.0,Upi,Kolkata,EMI payment
T12779,U041,2022-10-07,Expense,Savings,1082.0,Upi,Bangalore,Medicine
T4562,U006,2023-12-28,Expense,Rent,9542.0,Bank_Transfer,Kolkata,EMI payment
T9625,U150,2022-02-23,Expense,Entertainment,8851.0,Cash,Kolkata,Movie tickets
T6372,U035,2022-06-17,Expense,Food,8397.0,Bank_Transfer,Delhi,No Notes
T5257,U007,2024-09-03,Expense,Health,9276.0,Cash,Hyderabad,No Notes
T6780,U132,2022-03-06,Expense,Health,5612.0,Bank_Transfer,Bangalore,Electricity bill
T12614,U110,2021-06-21,Income,Salary,22733.0,Cash,Lucknow,!!!
T4880,U132,2021-08-17,Expense,Food,4326.0,Card,Jaipur,Medicine
T5466,U003,2024-07-14,Expense,Travel,6903.0,Cash,Kolkata,...
T3201,U129,2022-11-08,Expense,Food,2533.0,Upi,Lucknow,Online course
T12392,U092,2021-01-25,Income,Investment,45810.0,Cash,Kolkata,Doctor consultation
T13298,U051,2024-07-01,Expense,Travel,887.0,Card,Chennai,Coffee
T13177,U006,2024-05-27,Expense,Utilities,1531.0,Cash,Mumbai,...
T11304,U134,2022-01-06,Expense,Savings,5296.0,Card,Hyderabad,Monthly rent payment
T4215,U127,2024-09-12,Expense,Travel,6457.0,Card,Hyderabad,misc
T4294,U110,2024-11-01,Expense,Utilities,2847.0,Cash,Lucknow,misc
T8062,U085,2023-12-02,Expense,Entertainment,5822.0,Upi,Jaipur,test
T0976,U039,2023-11-21,Expense,Rent,43936.0,Bank_Transfer,Kolkata,Online course
T3928,U037,2022-02-04,Expense,Rent,5238.0,Cash,Unknown,Movie tickets
T6050,U003,2024-10-24,Expense,Travel,3057.0,Cash,Delhi,Movie tickets
T4440,U007,2024-01-22,Expense,Travel,3307.0,Card,Hyderabad,Movie tickets
T1219,U114,2023-03-20,Expense,Entertainment,6394.0,Upi,Jaipur,!!!
T13528,U081,2022-06-23,Expense,Education,8144.0,Upi,Kolkata,No Notes
T13613,U137,2022-10-14,Expense,Rent,3999.0,Bank_Transfer,Bangalore,ATM withdrawal
T3322,U138,2022-03-02,Expense,Utilities,9886.0,Card,Lucknow,Internet bill
T13527,U149,2022-05-10,Expense,Education,6328.0,Cash,Mumbai,Restaurant dinner
T9470,U003,2023-02-23,Expense,Savings,2572.0,Bank_Transfer,Delhi,Petrol
T1357,U064,2024-06-13,Income,Salary,73413.0,Cash,Unknown,Restaurant dinner
T11791,U093,2024-06-14,Income,Investment,49776.0,Upi,Delhi,!!!
T1965,U004,2021-05-25,Expense,Food,4302.0,Card,Kolkata,Internet bill
T13568,U127,2024-07-17,Expense,Travel,2050.0,Cash,Chennai,test
T10755,U066,2024-07-21,Expense,Rent,35760.0,Cash,Jaipur,...
T3365,U083,2021-06-03,Expense,Education,2892.0,Bank_Transfer,Mumbai,No Notes
T13145,U032,2021-08-22,Expense,Food,8345.0,Bank_Transfer,Delhi,Electricity bill
T6093,U128,2022-11-25,Expense,Education,3386.0,Cash,Kolkata,EMI payment
T6752,U150,2024-12-20,Expense,Food,7573.0,Upi,Pune,test
T1116,U114,2023-01-01,Expense,Rent,28899.0,Cash,Unknown,!!!
T1466,U060,2024-07-16,Expense,Travel,1989.0,Bank_Transfer,Pune,Electricity bill
T0386,U119,2022-01-09,Expense,Rent,7554.0,Upi,Delhi,Coffee
T6921,U017,2022-11-26,Expense,Food,634.0,Card,Chennai,No Notes
T10621,U100,2024-08-09,Expense,Rent,7372.0,Upi,Unknown,No Notes
T4423,U092,2022-10-20,Expense,Food,6189.0,Card,Delhi,EMI payment
T7709,U036,2024-06-14,Expense,Utilities,1735.0,Card,Pune,No Notes
T13324,U113,2021-03-06,Expense,Food,1320.0,Card,Kolkata,No Notes
T0628,U146,2021-09-24,Expense,Travel,2417.0,Cash,Bangalore,EMI payment
T11383,U143,2022-02-12,Expense,Travel,2116.0,Upi,Ahmedabad,No Notes
T4766,U070,2021-03-02,Income,Salary,34257.0,Upi,Ahmedabad,Shopping
T7430,U014,2021-03-16,Expense,Food,7082.0,Bank_Transfer,Mumbai,Medicine
T10229,U016,2023-02-05,Income,Freelance,44732.0,Unknown,Jaipur,Doctor consultation
T13512,U067,2022-03-05,Expense,Education,8315.0,Bank_Transfer,Chennai,!!!
T1056,U010,2023-03-11,Expense,Travel,2952.0,Unknown,Pune,Train ticket
T3225,U003,2022-07-25,Expense,Food,4026.0,Upi,Pune,...
T11225,U092,2022-09-03,Expense,Food,4005.0,Cash,Mumbai,No Notes
T0888,U128,2021-08-24,Expense,Utilities,2678.0,Bank_Transfer,Bangalore,Electricity bill
T1864,U047,2021-12-07,Expense,Rent,5880.0,Card,Chennai,Online course
T7478,U043,2023-04-04,Expense,Rent,3501.0,Bank_Transfer,Delhi,misc
T3367,U086,2024-07-19,Expense,Rent,20887.0,Card,Hyderabad,test
T9599,U141,2021-01-10,Expense,Entertainment,4473.0,Cash,Pune,Internet bill
T5463,U038,2024-04-16,Expense,Travel,3690.0,Upi,Hyderabad,Books
T13607,U135,2023-03-27,Expense,Travel,1267.0,Bank_Transfer,Hyderabad,Fixed deposit
T8283,U091,2024-09-15,Expense,Education,9394.0,Upi,Chennai,Gym membership
T7264,U098,2023-02-20,Expense,Food,7861.0,Upi,Chennai,Internet bill
T3743,U024,2021-03-27,Expense,Education,7829.0,Upi,Ahmedabad,Electricity bill
T11502,U150,2022-03-12,Expense,Food,330.0,Bank_Transfer,Hyderabad,misc
T7806,U057,2022-10-16,Income,Others,18053.0,Bank_Transfer,Delhi,Doctor consultation
T3784,U101,2023-02-07,Expense,Education,5291.0,Upi,Delhi,No Notes
T12259,U079,2024-05-03,Expense,Utilities,4137.0,Unknown,Pune,Electricity bill
T0548,U088,2024-04-24,Expense,Utilities,2623.0,Upi,Lucknow,Medicine
T10991,U092,2021-02-17,Expense,Travel,6534.0,Bank_Transfer,Ahmedabad,Doctor consultation
T12931,U030,2023-06-10,Expense,Rent,19438.0,Bank_Transfer,Lucknow,Gym membership
T9040,U071,2024-08-27,Expense,Entertainment,2278.0,Upi,Ahmedabad,Shopping
T9211,U120,2023-09-29,Expense,Travel,9984.0,Card,Mumbai,test
T0854,U024,2023-10-05,Expense,Education,9363.0,Upi,Jaipur,Coffee
T4889,U027,2023-05-11,Expense,Food,9907.0,Card,Delhi,No Notes
T13076,U138,2021-07-31,Expense,Travel,6997.0,Upi,Delhi,Coffee
T3447,U149,2021-08-05,Expense,Travel,5005.0,Cash,Jaipur,asdfgh
T11029,U005,2021-12-30,Expense,Entertainment,8898.0,Card,Jaipur,Internet bill
T10458,U020,2024-09-28,Expense,Food,4871.0,Bank_Transfer,Kolkata,...
T13217,U099,2021-01-28,Expense,Food,999999.0,Unknown,Pune,Fixed deposit
T12367,U120,2024-07-08,Expense,Rent,26728.0,Unknown,Pune,No Notes
T7230,U004,2024-06-21,Expense,Entertainment,2987.0,Cash,Lucknow,...
T8598,U036,2022-05-04,Income,Others,13526.0,Cash,Jaipur,xyz123
T2561,U017,2024-05-25,Expense,Food,8674.0,Bank_Transfer,Mumbai,Petrol
T11569,U116,2022-11-28,Expense,Food,8384.0,Cash,Kolkata,No Notes
T13271,U120,2024-08-15,Expense,Food,4986.0,Bank_Transfer,Bangalore,Coffee
T8802,U111,2024-11-05,Expense,Travel,798.0,Bank_Transfer,Pune,Fixed deposit
T7588,U126,2021-09-27,Expense,Utilities,196.0,Cash,Bangalore,No Notes
T12121,U116,2024-10-28,Expense,Entertainment,6781.0,Upi,Hyderabad,No Notes
T3096,U071,2021-11-10,Expense,Others,5603.0,Card,Mumbai,Shopping
T11031,U013,2021-04-09,Expense,Rent,8440.0,Cash,Chennai,misc
T9922,U042,2023-03-15,Expense,Travel,6289.0,Bank_Transfer,Ahmedabad,Online course
T0061,U122,2023-12-01,Expense,Savings,8643.0,Unknown,Pune,...
T10277,U140,2021-10-24,Expense,Entertainment,1720.0,Card,Hyderabad,Medicine
T4320,U021,2024-10-17,Expense,Food,495.0,Card,Bangalore,ATM withdrawal
T3490,U083,2024-08-14,Income,Others,10748.0,Cash,Mumbai,No Notes
T5240,U102,2023-12-01,Expense,Rent,38937.0,Cash,Chennai,Medicine
T1952,U017,2021-12-07,Expense,Entertainment,9977.0,Bank_Transfer,Pune,EMI payment
T4696,U014,2024-12-11,Expense,Travel,707.0,Upi,Chennai,No Notes
T7504,U039,2021-10-24,Expense,Travel,4272.0,Bank_Transfer,Mumbai,Uber ride
T10230,U084,2021-06-01,Expense,Rent,2672.0,Card,Ahmedabad,Restaurant dinner
T8087,U053,2023-07-05,Income,Bonus,20358.0,Cash,Jaipur,Shopping
T2794,U101,2024-08-07,Expense,Health,7389.0,Cash,Jaipur,asdfgh
T10233,U063,2022-03-07,Expense,Utilities,8528.0,Card,Mumbai,No Notes
T8265,U134,2021-05-27,Expense,Rent,2171.0,Upi,Bangalore,Lunch
T5058,U103,2024-07-03,Expense,Education,1820.0,Bank_Transfer,Mumbai,Doctor consultation
T7054,U133,2023-08-02,Expense,Utilities,925.0,Card,Unknown,Medicine
T10143,U099,2023-05-04,Expense,Travel,2303.0,Cash,Bangalore,xyz123
T7186,U105,2024-12-10,Expense,Entertainment,8561.0,Card,Chennai,Movie tickets
T10605,U090,2022-12-02,Expense,Entertainment,1840.0,Unknown,Mumbai,Fixed deposit
T9126,U141,2022-11-12,Income,Bonus,13272.0,Bank_Transfer,Hyderabad,Internet bill
T1601,U037,2023-02-15,Expense,Utilities,8015.0,Cash,Jaipur,Gym membership
T8059,U094,2022-12-14,Expense,Food,5301.0,Cash,Ahmedabad,Movie tickets
T9424,U045,2021-04-10,Expense,Health,7586.0,Upi,Unknown,No Notes
T11428,U141,2021-06-28,Expense,Utilities,5832.0,Bank_Transfer,Chennai,Internet bill
T4282,U056,2021-10-04,Expense,Food,4796.0,Cash,Bangalore,Online course
T6728,U122,2022-11-15,Expense,Education,7298.0,Upi,Chennai,Books
T0839,U041,2024-05-27,Expense,Rent,6952.0,Unknown,Kolkata,Fixed deposit
T3759,U080,2024-07-06,Expense,Education,9703.0,Upi,Jaipur,misc
T12266,U070,2021-04-29,Expense,Travel,8154.0,Upi,Jaipur,Coffee
T7334,U054,2023-11-27,Expense,Travel,6472.0,Card,Chennai,Train ticket
T6399,U123,2022-10-22,Expense,Education,6576.0,Upi,Mumbai,Gym membership
T7997,U114,2024-08-04,Expense,Others,7434.0,Upi,Ahmedabad,No Notes
T6526,U043,2023-10-16,Expense,Utilities,7086.0,Unknown,Mumbai,!!!
T6117,U033,2024-01-19,Expense,Food,609.0,Cash,Unknown,Lunch
T1642,U105,2024-01-10,Income,Salary,71916.0,Cash,Unknown,No Notes
T8624,U061,2021-11-04,Income,Investment,12564.0,Card,Jaipur,xyz123
T0931,U045,2022-06-05,Income,Others,57399.0,Card,Jaipur,Movie tickets
T5537,U077,2022-10-27,Expense,Utilities,8886.0,Upi,Kolkata,misc
T12786,U134,2022-06-06,Expense,Rent,45903.0,Card,Hyderabad,EMI payment
T4926,U076,2022-08-07,Income,Others,17353.0,Upi,Jaipur,Lunch
T8449,U015,2022-09-15,Income,Bonus,34198.0,Cash,Kolkata,Gym membership
T1719,U126,2023-09-17,Expense,Rent,4999.0,Bank_Transfer,Chennai,Medicine
T5197,U088,2024-06-20,Expense,Entertainment,6035.0,Bank_Transfer,Chennai,Online course
T0735,U143,2023-06-29,Expense,Travel,7527.0,Cash,Unknown,No Notes
T0296,U124,2022-11-29,Expense,Entertainment,5706.0,Cash,Delhi,No Notes
T7431,U149,2021-12-02,Expense,Travel,5529.0,Card,Pune,Monthly rent payment
T13546,U026,2024-09-16,Expense,Rent,46044.0,Card,Bangalore,EMI payment
T12706,U096,2023-04-10,Expense,Health,580.0,Card,Pune,Restaurant dinner
T9558,U014,2022-03-10,Income,Freelance,28374.0,Bank_Transfer,Kolkata,Lunch
T1080,U080,2024-07-23,Expense,Utilities,9242.0,Bank_Transfer,Hyderabad,Online course
T9861,U080,2024-01-18,Income,Investment,16746.0,Cash,Hyderabad,Petrol
T7022,U145,2021-11-23,Expense,Rent,16937.0,Unknown,Ahmedabad,Shopping
T13212,U141,2023-07-07,Income,Others,60623.0,Bank_Transfer,Delhi,No Notes
T6989,U068,2024-09-14,Expense,Travel,6108.0,Card,Bangalore,Coffee
T1932,U107,2023-04-27,Expense,Food,2852.0,Upi,Mumbai,Books
T7388,U131,2024-04-06,Expense,Entertainment,8063.0,Unknown,Chennai,No Notes
T10107,U024,2024-05-07,Expense,Utilities,2968.0,Upi,Ahmedabad,Doctor consultation
T3104,U064,2023-03-01,Expense,Food,192.0,Upi,Bangalore,Restaurant dinner
T13761,U149,2021-09-21,Expense,Food,2243.0,Card,Bangalore,Restaurant dinner
T2957,U094,2024-01-29,Expense,Food,5665.0,Cash,Hyderabad,Internet bill
T7525,U029,2022-12-12,Income,Others,70992.0,Card,Kolkata,Online course
T12562,U097,2021-11-28,Expense,Health,4122.0,Bank_Transfer,Ahmedabad,No Notes
T2871,U139,2023-08-02,Expense,Travel,8651.0,Upi,Pune,No Notes
T1800,U140,2023-11-23,Expense,Travel,9442.0,Bank_Transfer,Delhi,Doctor consultation
T2328,U062,2024-08-06,Expense,Others,460.0,Cash,Chennai,Lunch
T3515,U120,2024-10-28,Expense,Rent,26706.0,Cash,Jaipur,Gym membership
T11424,U109,2021-08-09,Expense,Travel,7875.0,Unknown,Unknown,xyz123
T10848,U048,2024-04-04,Expense,Entertainment,3483.0,Card,Jaipur,Movie tickets
T12241,U105,2024-12-29,Income,Salary,67688.0,Card,Mumbai,test
T5632,U147,2022-05-02,Income,Bonus,39184.0,Card,Jaipur,Train ticket
T5572,U107,2021-06-27,Expense,Utilities,3655.0,Card,Mumbai,...
T6616,U121,2021-11-09,Expense,Food,1979.0,Card,Chennai,Gym membership
T6670,U078,2022-08-14,Expense,Utilities,1660.0,Cash,Chennai,No Notes
T13686,U057,2022-06-14,Expense,Rent,2890.0,Cash,Bangalore,Books
T11240,U079,2024-01-14,Expense,Food,125.0,Bank_Transfer,Chennai,Restaurant dinner
T4394,U112,2023-10-05,Expense,Rent,47711.0,Upi,Bangalore,Movie tickets
T4764,U018,2023-05-30,Income,Investment,75684.0,Upi,Unknown,Books
T10502,U146,2021-10-02,Expense,Entertainment,2382.0,Upi,Pune,Books
T10297,U062,2024-12-16,Expense,Rent,23848.0,Cash,Delhi,misc
T12831,U115,2023-09-17,Expense,Rent,4542.0,Cash,Kolkata,!!!
T7395,U079,2024-06-26,Expense,Utilities,4789.0,Cash,Mumbai,EMI payment
T1376,U055,2024-11-13,Expense,Food,1415.0,Cash,Unknown,No Notes
T13626,U103,2023-03-15,Expense,Food,1837.0,Bank_Transfer,Pune,EMI payment
T13799,U146,2024-08-27,Expense,Rent,2147.0,Cash,Delhi,No Notes
T13388,U001,2023-04-05,Expense,Education,8434.0,Upi,Kolkata,...
T3733,U022,2024-01-21,Income,Salary,35167.0,Cash,Ahmedabad,Restaurant dinner
T10661,U072,2022-01-01,Expense,Travel,4651.0,Upi,Bangalore,No Notes
T0620,U006,2024-02-19,Income,Freelance,46187.0,Cash,Bangalore,test
T8168,U108,2023-12-08,Expense,Education,8036.0,Cash,Bangalore,Monthly rent payment
T11254,U048,2023-10-18,Expense,Entertainment,2333.0,Card,Unknown,Train ticket
T2495,U066,2023-03-06,Expense,Entertainment,719.0,Card,Bangalore,Restaurant dinner
T5399,U097,2021-05-26,Expense,Utilities,9172.0,Upi,Mumbai,Shopping
T1347,U126,2024-04-23,Expense,Rent,6872.0,Upi,Bangalore,Grocery shopping
T3383,U107,2022-04-22,Expense,Rent,7088.0,Cash,Bangalore,Lunch
T8098,U135,2023-10-03,Expense,Education,6474.0,Upi,Delhi,No Notes
T7984,U056,2021-06-08,Expense,Utilities,7921.0,Cash,Kolkata,Monthly rent payment
T12547,U035,2022-10-06,Expense,Rent,13222.0,Upi,Jaipur,Electricity bill
T9086,U054,2022-05-16,Expense,Entertainment,8313.0,Cash,Kolkata,No Notes
T8034,U124,2021-11-03,Income,Freelance,56879.0,Bank_Transfer,Mumbai,No Notes
T4268,U046,2022-12-16,Expense,Rent,14365.0,Cash,Bangalore,Monthly rent payment
T3568,U146,2021-07-10,Income,Salary,23833.0,Card,Ahmedabad,Medicine
T2302,U033,2023-03-31,Expense,Utilities,3510.0,Upi,Chennai,Petrol
T0572,U083,2023-10-07,Income,Freelance,47498.0,Bank_Transfer,Chennai,Online course
T6594,U031,2023-09-23,Expense,Utilities,1257.0,Unknown,Kolkata,Uber ride
T11564,U121,2022-03-22,Expense,Utilities,4167.0,Cash,Pune,Electricity bill
T5131,U143,2022-11-09,Expense,Food,3476.0,Bank_Transfer,Jaipur,No Notes
T1659,U014,2021-06-07,Expense,Travel,6328.0,Card,Ahmedabad,Books
T10146,U095,2024-06-09,Expense,Rent,5393.0,Upi,Chennai,Train ticket
T7830,U131,2021-08-07,Expense,Rent,7752.0,Cash,Kolkata,Internet bill
T0173,U141,2021-11-11,Expense,Entertainment,521.0,Bank_Transfer,Pune,No Notes
T7980,U079,2022-01-28,Expense,Health,865.0,Upi,Jaipur,Coffee
T13870,U107,2022-07-09,Expense,Travel,9451.0,Bank_Transfer,Ahmedabad,No Notes
T5933,U044,2021-12-16,Expense,Travel,4392.0,Bank_Transfer,Kolkata,No Notes
T8167,U011,2022-12-24,Expense,Rent,9496.0,Upi,Ahmedabad,Coffee
T0039,U145,2021-06-24,Expense,Utilities,3797.0,Upi,Lucknow,Electricity bill
T10009,U140,2023-01-16,Income,Others,16478.0,Cash,Jaipur,Movie tickets
T8936,U112,2021-08-01,Expense,Rent,9707.0,Bank_Transfer,Jaipur,asdfgh
T1286,U037,2021-07-10,Expense,Utilities,9141.0,Upi,Pune,Petrol
T0276,U143,2021-08-31,Expense,Rent,32134.0,Upi,Delhi,Fixed deposit
T12366,U059,2022-09-12,Expense,Food,57.0,Cash,Jaipur,No Notes
T10096,U128,2024-04-09,Expense,Travel,5052.0,Cash,Mumbai,...
T0829,U095,2024-11-22,Expense,Food,1162.0,Cash,Lucknow,Petrol
T3256,U109,2022-04-15,Expense,Health,7615.0,Cash,Pune,Train ticket
T1868,U148,2021-09-19,Expense,Entertainment,5764.0,Upi,Lucknow,Electricity bill
T0960,U096,2021-12-02,Expense,Education,231.0,Cash,Pune,No Notes
T10454,U141,2024-11-03,Expense,Utilities,7111.0,Upi,Delhi,EMI payment
T12218,U050,2023-08-26,Expense,Food,6975.0,Bank_Transfer,Ahmedabad,...
T3938,U135,2023-03-14,Expense,Rent,8735.0,Cash,Pune,test
T9331,U091,2022-07-11,Expense,Rent,7836.0,Card,Lucknow,!!!
T4649,U139,2023-06-12,Income,Salary,21681.0,Card,Bangalore,Online course
T8488,U061,2024-12-21,Expense,Food,600.0,Bank_Transfer,Bangalore,Grocery shopping
T6625,U127,2022-11-25,Income,Others,31302.0,Card,Bangalore,No Notes
T6148,U099,2024-05-22,Expense,Rent,13455.0,Bank_Transfer,Delhi,Shopping
T12186,U011,2021-08-26,Expense,Education,8223.0,Bank_Transfer,Lucknow,Restaurant dinner
T7974,U117,2022-11-14,Expense,Travel,2056.0,Unknown,Ahmedabad,No Notes
T4089,U139,2021-05-27,Income,Bonus,73940.0,Upi,Pune,Movie tickets
T9765,U051,2023-03-08,Income,Investment,254385.0,Cash,Unknown,No Notes
T6520,U097,2023-06-02,Expense,Travel,2091.0,Card,Jaipur,Uber ride
T10536,U016,2022-08-29,Expense,Rent,4372.0,Card,Delhi,Fixed deposit
T4844,U129,2023-10-07,Expense,Travel,569.0,Upi,Chennai,Train ticket
T13887,U115,2023-02-20,Expense,Rent,44237.0,Cash,Hyderabad,No Notes
T0567,U075,2021-07-24,Expense,Food,1858.0,Upi,Pune,Grocery shopping
T9376,U094,2024-05-09,Income,Freelance,29154.0,Bank_Transfer,Mumbai,Train ticket
T4530,U051,2023-02-15,Expense,Savings,8097.0,Upi,Unknown,Restaurant dinner
T6190,U077,2021-02-16,Expense,Utilities,3661.0,Upi,Hyderabad,Petrol
T9293,U131,2024-07-24,Expense,Education,637.0,Card,Unknown,misc
T9817,U132,2023-02-11,Expense,Utilities,1462.0,Upi,Chennai,No Notes
T2636,U114,2022-09-04,Expense,Travel,7616.0,Bank_Transfer,Kolkata,Train ticket
T3014,U145,2022-11-09,Expense,Rent,39858.0,Cash,Kolkata,No Notes
T9501,U035,2022-04-17,Income,Freelance,60093.0,Card,Bangalore,Electricity bill
T13778,U097,2024-07-26,Expense,Travel,9220.0,Cash,Unknown,No Notes
T6116,U051,2022-11-13,Expense,Food,1033.0,Upi,Hyderabad,misc
T1778,U040,2024-09-07,Expense,Food,5124.0,Cash,Mumbai,Medicine
T6390,U078,2023-08-31,Expense,Food,407.0,Bank_Transfer,Bangalore,Restaurant dinner
T0670,U026,2022-09-27,Expense,Food,1483.0,Cash,Hyderabad,Uber ride
T4928,U020,2022-10-14,Expense,Travel,9237.0,Upi,Lucknow,Petrol
T1812,U120,2021-06-02,Expense,Others,5774.0,Card,Mumbai,asdfgh
T9177,U090,2022-04-20,Expense,Utilities,8978.0,Bank_Transfer,Unknown,EMI payment
T6882,U063,2022-07-31,Expense,Utilities,2895.0,Unknown,Lucknow,No Notes
T3321,U148,2024-11-26,Expense,Food,4730.0,Bank_Transfer,Lucknow,Train ticket
T5275,U085,2023-09-01,Expense,Food,1517.0,Card,Lucknow,Shopping
T3799,U087,2023-10-30,Expense,Rent,3523.0,Card,Unknown,No Notes
T3874,U110,2022-07-08,Expense,Travel,6991.0,Bank_Transfer,Unknown,Fixed deposit
T0860,U016,2023-10-14,Expense,Health,353.0,Cash,Hyderabad,No Notes
T7101,U058,2023-07-22,Income,Salary,33863.0,Cash,Hyderabad,Medicine
T6971,U138,2022-04-26,Expense,Rent,1520.0,Cash,Jaipur,Internet bill
T4014,U111,2021-01-23,Expense,Education,8652.0,Upi,Pune,test
T1011,U072,2024-04-08,Expense,Travel,8083.0,Card,Hyderabad,Electricity bill
T5664,U109,2024-08-27,Expense,Rent,18005.0,Bank_Transfer,Jaipur,ATM withdrawal
T3469,U110,2021-07-21,Expense,Food,1425.0,Upi,Chennai,No Notes
T1519,U149,2024-06-14,Expense,Entertainment,8065.0,Upi,Chennai,Coffee
T4270,U045,2024-03-26,Expense,Education,2761.0,Cash,Jaipur,Electricity bill
T0973,U004,2023-01-22,Income,Others,70359.0,Cash,Pune,Shopping
T8462,U097,2023-08-24,Expense,Travel,5700.0,Bank_Transfer,Hyderabad,Gym membership
T6843,U021,2023-04-16,Expense,Health,7396.0,Upi,Unknown,Doctor consultation
T3963,U007,2024-09-25,Expense,Utilities,3271.0,Bank_Transfer,Pune,Books
T7137,U122,2023-09-26,Expense,Food,4622.0,Card,Jaipur,Books
T0009,U122,2021-05-12,Income,Freelance,36365.0,Upi,Ahmedabad,Restaurant dinner
T8757,U091,2024-01-04,Expense,Food,8009.0,Bank_Transfer,Hyderabad,No Notes
T6926,U139,2021-11-05,Expense,Education,1455.0,Card,Lucknow,Books
T0400,U022,2022-11-17,Expense,Utilities,4751.0,Upi,Unknown,Internet bill
T9432,U081,2023-08-12,Expense,Rent,33795.0,Cash,Kolkata,Fixed deposit
T2801,U100,2023-10-16,Expense,Food,5587.0,Card,Unknown,Coffee
T9207,U135,2022-09-05,Expense,Others,1315.0,Upi,Hyderabad,Train ticket
T11323,U141,2021-01-25,Expense,Food,58.0,Card,Pune,xyz123
T10110,U051,2023-04-19,Expense,Travel,1734.0,Cash,Delhi,No Notes
T6963,U034,2023-07-11,Expense,Savings,9495.0,Card,Ahmedabad,Fixed deposit
T8764,U117,2022-10-30,Expense,Rent,5851.0,Upi,Kolkata,Movie tickets
T5135,U026,2022-05-24,Expense,Rent,23796.0,Bank_Transfer,Pune,Online course
T6502,U126,2022-02-14,Income,Bonus,48704.0,Upi,Pune,Restaurant dinner
T8280,U071,2021-07-01,Expense,Travel,8272.0,Cash,Lucknow,Medicine
T1931,U136,2022-05-27,Expense,Travel,3363.0,Cash,Delhi,Uber ride
T5133,U024,2021-05-03,Expense,Food,1616.0,Cash,Kolkata,ATM withdrawal
T12488,U031,2024-12-01,Income,Others,16900.0,Cash,Kolkata,No Notes
T1575,U068,2024-11-23,Income,Freelance,71050.0,Upi,Lucknow,Lunch
T1968,U004,2021-07-12,Expense,Food,9760.0,Card,Ahmedabad,!!!
T4716,U129,2023-01-20,Expense,Food,1037.0,Card,Mumbai,Restaurant dinner
T4705,U051,2024-11-01,Expense,Travel,8688.0,Upi,Delhi,Uber ride
T7604,U079,2021-05-23,Expense,Entertainment,9800.0,Upi,Ahmedabad,Electricity bill
T7042,U117,2023-06-08,Expense,Health,2055.0,Upi,Jaipur,Online course
T2798,U093,2024-02-24,Expense,Rent,8996.0,Card,Delhi,Books
T1736,U094,2022-01-19,Expense,Food,3105.0,Bank_Transfer,Jaipur,No Notes
T4429,U067,2021-09-29,Expense,Food,328.0,Card,Delhi,...
T0622,U047,2022-01-16,Expense,Food,1831.0,Card,Chennai,Fixed deposit
T2107,U110,2021-07-23,Expense,Health,1088.0,Bank_Transfer,Ahmedabad,Monthly rent payment
T1452,U150,2021-09-16,Income,Freelance,31809.0,Bank_Transfer,Lucknow,No Notes
T10266,U037,2022-02-11,Expense,Travel,5120.0,Upi,Jaipur,test
T8545,U140,2024-02-03,Income,Freelance,49320.0,Card,Unknown,Monthly rent payment
T0683,U032,2024-04-14,Expense,Food,999999.0,Bank_Transfer,Kolkata,Restaurant dinner
T6300,U130,2023-08-09,Income,Freelance,61333.0,Card,Jaipur,Grocery shopping
T4966,U133,2023-12-14,Expense,Food,5837.0,Cash,Jaipur,Lunch
T8448,U060,2021-06-19,Expense,Utilities,5426.0,Bank_Transfer,Chennai,No Notes
T13251,U047,2023-04-09,Expense,Education,2288.0,Cash,Mumbai,Internet bill
T13875,U017,2021-07-14,Expense,Travel,637.0,Card,Mumbai,Online course
T2321,U061,2023-07-18,Income,Investment,17859.0,Cash,Ahmedabad,Uber ride
T6643,U131,2023-12-03,Expense,Education,303.0,Cash,Unknown,ATM withdrawal
T0290,U037,2021-07-21,Income,Freelance,506415.0,Cash,Lucknow,Online course
T11850,U121,2022-02-15,Expense,Rent,6760.0,Upi,Unknown,Fixed deposit
T9248,U082,2024-01-10,Expense,Food,3765.0,Upi,Ahmedabad,Uber ride
T5173,U056,2021-10-07,Expense,Food,2874.0,Cash,Delhi,No Notes
T2738,U012,2024-10-25,Expense,Food,779.0,Upi,Lucknow,Medicine
T11919,U058,2022-10-31,Expense,Rent,44460.0,Unknown,Ahmedabad,!!!
T12840,U049,2024-06-02,Income,Bonus,53277.0,Bank_Transfer,Mumbai,Fixed deposit
T13931,U105,2023-03-17,Expense,Food,4932.0,Upi,Ahmedabad,Fixed deposit
T3048,U078,2021-08-18,Expense,Education,5768.0,Bank_Transfer,Chennai,Gym membership
T11431,U116,2024-03-04,Income,Others,67826.0,Upi,Ahmedabad,Uber ride
T13064,U029,2022-11-24,Expense,Education,3558.0,Bank_Transfer,Lucknow,Electricity bill
T0686,U026,2023-09-22,Expense,Food,4046.0,Bank_Transfer,Lucknow,Movie tickets
T6562,U065,2024-02-23,Expense,Others,2945.0,Cash,Jaipur,Monthly rent payment
T4614,U150,2022-03-18,Expense,Utilities,999999.0,Cash,Jaipur,Electricity bill
T2027,U133,2024-08-09,Expense,Rent,3965.0,Upi,Unknown,Doctor consultation
T9682,U138,2022-01-19,Income,Others,51981.0,Cash,Lucknow,Grocery shopping
T7252,U137,2023-03-27,Expense,Education,3473.0,Card,Mumbai,No Notes
T3089,U099,2023-12-17,Expense,Entertainment,2430.0,Cash,Jaipur,No Notes
T13413,U035,2021-03-30,Income,Others,51214.0,Cash,Mumbai,test
T2613,U067,2024-02-08,Income,Bonus,79628.0,Upi,Chennai,...
T13355,U094,2021-05-18,Income,Investment,396633.0,Cash,Pune,No Notes
T9891,U077,2022-08-06,Expense,Utilities,6739.0,Bank_Transfer,Chennai,Online course
T13039,U079,2022-03-30,Expense,Food,2063.0,Upi,Hyderabad,ATM withdrawal
T2163,U087,2022-12-01,Income,Bonus,11292.0,Bank_Transfer,Bangalore,No Notes
T10476,U132,2022-04-27,Expense,Rent,8716.0,Bank_Transfer,Pune,Electricity bill
T3998,U046,2024-08-28,Expense,Food,1376.0,Upi,Jaipur,Fixed deposit
T4590,U136,2024-05-05,Expense,Travel,5795.0,Upi,Hyderabad,Monthly rent payment
T3407,U092,2024-10-11,Expense,Utilities,5077.0,Upi,Ahmedabad,Books
T8965,U006,2023-04-02,Expense,Travel,6769.0,Cash,Unknown,...
T6271,U002,2023-09-16,Expense,Utilities,6850.0,Bank_Transfer,Unknown,test
T10172,U023,2023-09-18,Expense,Rent,35400.0,Card,Bangalore,Train ticket
T7593,U005,2023-09-29,Income,Others,776361.0,Cash,Kolkata,No Notes
T8249,U097,2022-07-09,Expense,Rent,6136.0,Upi,Unknown,No Notes
T3252,U099,2022-10-01,Expense,Rent,46368.0,Upi,Delhi,No Notes
T7208,U130,2021-06-26,Expense,Utilities,6701.0,Cash,Kolkata,No Notes
T5602,U049,2021-08-23,Expense,Rent,618.0,Cash,Ahmedabad,Petrol
T5840,U052,2024-01-06,Income,Others,24999.0,Cash,Pune,No Notes
T8684,U116,2023-06-06,Expense,Food,179.0,Upi,Kolkata,Monthly rent payment
T7171,U112,2022-01-01,Income,Freelance,61649.0,Upi,Delhi,Medicine
T12422,U135,2024-11-30,Expense,Food,3586.0,Card,Hyderabad,!!!
T5980,U063,2021-01-11,Expense,Food,6830.0,Bank_Transfer,Jaipur,No Notes
T5202,U116,2022-12-30,Expense,Entertainment,9071.0,Card,Delhi,!!!
T6869,U132,2023-07-18,Income,Bonus,52701.0,Card,Lucknow,ATM withdrawal
T0153,U070,2022-06-23,Expense,Entertainment,1008.0,Upi,Delhi,Gym membership
T3243,U020,2022-01-14,Expense,Food,2199.0,Bank_Transfer,Unknown,Lunch
T7123,U132,2022-12-25,Expense,Entertainment,5474.0,Unknown,Unknown,asdfgh
T9422,U004,2023-08-02,Expense,Education,8589.0,Cash,Unknown,No Notes
T10445,U038,2022-02-08,Expense,Health,519.0,Cash,Mumbai,Electricity bill
T7661,U125,2023-05-12,Expense,Health,2564.0,Cash,Hyderabad,EMI payment
T10014,U090,2022-11-20,Expense,Rent,43449.0,Upi,Unknown,Train ticket
T13488,U043,2021-03-14,Expense,Food,1742.0,Cash,Mumbai,Coffee
T10236,U129,2021-05-21,Income,Freelance,12151.0,Upi,Hyderabad,xyz123
T5090,U029,2022-11-12,Expense,Health,7499.0,Cash,Lucknow,No Notes
T8228,U050,2024-08-29,Income,Investment,65727.0,Upi,Jaipur,Books
T0324,U117,2023-04-02,Expense,Food,2184.0,Cash,Bangalore,No Notes
T6047,U017,2021-09-23,Expense,Food,4797.0,Upi,Jaipur,No Notes
T1333,U075,2021-07-13,Income,Freelance,72176.0,Upi,Delhi,test
T11752,U071,2022-06-08,Income,Others,12368.0,Upi,Unknown,test
T11435,U099,2024-09-27,Expense,Utilities,3573.0,Bank_Transfer,Ahmedabad,Uber ride
T5725,U008,2024-09-04,Expense,Food,2799.0,Card,Unknown,Uber ride
T10256,U001,2023-02-16,Expense,Others,8735.0,Upi,Pune,No Notes
T2634,U017,2024-05-14,Expense,Rent,2346.0,Cash,Unknown,ATM withdrawal
T2921,U045,2024-11-21,Expense,Utilities,510.0,Upi,Chennai,!!!
T9225,U006,2024-01-17,Expense,Rent,5130.0,Cash,Mumbai,ATM withdrawal
T13983,U116,2023-02-25,Expense,Rent,481.0,Cash,Unknown,Internet bill
T7853,U038,2022-03-02,Expense,Food,3915.0,Upi,Ahmedabad,test
T12722,U030,2024-11-01,Expense,Health,714.0,Card,Bangalore,Shopping
T9300,U075,2021-06-17,Expense,Rent,5160.0,Cash,Jaipur,No Notes
T9611,U092,2024-10-16,Expense,Entertainment,5589.0,Card,Bangalore,No Notes
T8461,U069,2024-11-01,Expense,Health,7688.0,Cash,Hyderabad,Uber ride
T0121,U106,2024-07-15,Expense,Others,6214.0,Bank_Transfer,Unknown,Grocery shopping
T9001,U136,2022-08-01,Expense,Savings,7524.0,Bank_Transfer,Pune,Grocery shopping
T2390,U125,2023-03-03,Income,Bonus,13881.0,Cash,Pune,Internet bill
T5796,U047,2022-02-25,Expense,Health,6273.0,Card,Chennai,Train ticket
T10931,U148,2023-07-13,Expense,Others,9888.0,Cash,Bangalore,No Notes
T8540,U089,2023-08-26,Expense,Food,622.0,Upi,Lucknow,No Notes
T3534,U079,2021-11-28,Expense,Rent,4394.0,Card,Kolkata,Internet bill
T6091,U041,2024-11-03,Expense,Health,4551.0,Bank_Transfer,Hyderabad,test
T5132,U074,2021-12-05,Expense,Travel,6911.0,Card,Bangalore,Lunch
T8138,U065,2021-01-02,Expense,Food,7782.0,Card,Kolkata,Online course
T9756,U094,2024-07-21,Expense,Education,1299.0,Upi,Unknown,Petrol
T4469,U001,2023-06-17,Expense,Food,462.0,Upi,Mumbai,ATM withdrawal
T4561,U071,2021-01-12,Expense,Entertainment,4549.0,Bank_Transfer,Mumbai,Books
T9800,U027,2023-05-21,Expense,Food,3249.0,Cash,Lucknow,...
T2149,U084,2023-07-04,Expense,Rent,34311.0,Unknown,Mumbai,misc
T4132,U001,2021-06-10,Expense,Utilities,5394.0,Upi,Unknown,...
T7576,U120,2024-03-23,Expense,Rent,16181.0,Cash,Kolkata,Lunch
T12535,U035,2023-03-24,Expense,Food,4085.0,Cash,Pune,Grocery shopping
T13461,U043,2024-08-08,Income,Bonus,67139.0,Card,Jaipur,Doctor consultation
T9966,U121,2024-12-20,Expense,Food,1842.0,Card,Ahmedabad,test
T1270,U016,2023-09-06,Expense,Travel,1593.0,Cash,Unknown,Petrol
T11632,U149,2024-01-12,Expense,Entertainment,8945.0,Upi,Lucknow,Grocery shopping
T12528,U016,2021-12-24,Expense,Entertainment,1466.0,Bank_Transfer,Mumbai,Online course
T5069,U067,2024-10-02,Expense,Travel,999999.0,Card,Pune,No Notes
T1663,U130,2021-06-08,Expense,Education,1435.0,Upi,Lucknow,Monthly rent payment
T11972,U011,2024-03-02,Expense,Food,4747.0,Bank_Transfer,Pune,No Notes
T13186,U009,2024-11-06,Expense,Food,6657.0,Bank_Transfer,Pune,No Notes
T10302,U125,2022-09-15,Expense,Food,3422.0,Cash,Pune,Gym membership
T7986,U117,2022-09-13,Income,Bonus,34776.0,Cash,Delhi,Grocery shopping
T5198,U061,2022-12-28,Expense,Health,7846.0,Card,Pune,Doctor consultation
T8485,U065,2022-02-15,Expense,Rent,5522.0,Upi,Pune,Lunch
T11844,U002,2022-07-18,Expense,Rent,7154.0,Bank_Transfer,Chennai,EMI payment
T10719,U045,2022-09-24,Expense,Food,4040.0,Card,Bangalore,No Notes
T3542,U016,2022-05-02,Expense,Education,7083.0,Card,Hyderabad,...
T8982,U036,2024-02-09,Expense,Education,7191.0,Cash,Pune,Monthly rent payment
T2085,U039,2023-09-20,Expense,Entertainment,448.0,Unknown,Hyderabad,Electricity bill
T13666,U040,2021-01-05,Expense,Entertainment,2153.0,Card,Kolkata,Fixed deposit
T3501,U069,2021-02-10,Expense,Food,8346.0,Bank_Transfer,Chennai,Online course
T9693,U095,2021-04-04,Expense,Food,884.0,Bank_Transfer,Mumbai,Gym membership
T13524,U011,2023-01-17,Income,Salary,67211.0,Bank_Transfer,Mumbai,Electricity bill
T0330,U149,2024-10-12,Expense,Rent,8350.0,Upi,Jaipur,Restaurant dinner
T1824,U127,2023-10-16,Expense,Food,1785.0,Card,Ahmedabad,No Notes
T8392,U042,2023-01-24,Expense,Rent,9651.0,Cash,Mumbai,Doctor consultation
T7943,U146,2023-01-08,Expense,Travel,5842.0,Upi,Bangalore,Electricity bill
T4576,U047,2022-05-22,Income,Others,75005.0,Card,Hyderabad,Lunch
T5264,U005,2022-07-30,Expense,Food,2059.0,Upi,Mumbai,xyz123
T13312,U084,2022-07-14,Expense,Food,6861.0,Cash,Ahmedabad,Fixed deposit
T8571,U007,2022-10-06,Income,Investment,36756.0,Upi,Chennai,Doctor consultation
T12028,U069,2022-12-11,Expense,Rent,30109.0,Card,Bangalore,Petrol
T9539,U083,2023-06-13,Expense,Education,1797.0,Bank_Transfer,Lucknow,Shopping
T10197,U100,2021-05-05,Income,Others,14217.0,Upi,Ahmedabad,...
T5866,U124,2023-04-03,Income,Salary,35286.0,Upi,Lucknow,Gym membership
T8539,U147,2023-11-26,Expense,Utilities,8504.0,Upi,Pune,No Notes
T11694,U037,2022-01-29,Expense,Health,5091.0,Bank_Transfer,Mumbai,Gym membership
T8707,U068,2022-03-10,Income,Investment,79950.0,Unknown,Mumbai,Shopping
T4413,U137,2023-11-04,Income,Bonus,46079.0,Card,Ahmedabad,Fixed deposit
T13149,U051,2023-10-27,Expense,Food,531.0,Cash,Hyderabad,Petrol
T1328,U086,2024-04-27,Income,Freelance,136052.0,Card,Mumbai,Online course
T4130,U114,2021-03-20,Expense,Savings,3206.0,Upi,Ahmedabad,ATM withdrawal
T11499,U146,2024-07-07,Expense,Utilities,8074.0,Cash,Kolkata,misc
T0643,U032,2022-03-24,Expense,Rent,6671.0,Upi,Delhi,No Notes
T8741,U018,2022-01-03,Expense,Travel,3814.0,Upi,Jaipur,No Notes
T11745,U012,2022-03-08,Income,Investment,20067.0,Upi,Bangalore,Books
T7820,U063,2024-06-14,Expense,Food,922.0,Upi,Mumbai,Uber ride
T6706,U072,2022-03-15,Expense,Food,3987.0,Bank_Transfer,Ahmedabad,!!!
T0679,U147,2022-07-02,Income,Investment,34315.0,Cash,Kolkata,Fixed deposit
T13954,U102,2021-12-09,Expense,Education,9904.0,Upi,Lucknow,asdfgh
T13700,U083,2023-06-28,Expense,Rent,23903.0,Upi,Hyderabad,No Notes
T0136,U036,2023-05-17,Expense,Entertainment,8122.0,Cash,Ahmedabad,Fixed deposit
T7573,U052,2024-09-12,Expense,Health,5925.0,Card,Pune,No Notes
T4802,U048,2022-03-07,Expense,Utilities,1349.0,Card,Ahmedabad,No Notes
T12394,U091,2021-10-31,Income,Others,56416.0,Cash,Bangalore,Shopping
T0986,U101,2021-02-24,Expense,Education,5735.0,Card,Bangalore,asdfgh
T9325,U082,2021-05-10,Expense,Entertainment,6474.0,Upi,Hyderabad,Uber ride
T9552,U117,2024-11-05,Expense,Food,3950.0,Upi,Hyderabad,Uber ride
T10607,U054,2021-02-08,Income,Others,73779.0,Card,Jaipur,No Notes
T0640,U005,2022-03-29,Expense,Food,9852.0,Cash,Hyderabad,asdfgh
T11482,U042,2022-05-02,Expense,Travel,8333.0,Bank_Transfer,Mumbai,Train ticket
T1420,U023,2021-01-23,Expense,Travel,2273.0,Card,Unknown,Lunch
T6057,U051,2024-11-20,Expense,Food,4396.0,Bank_Transfer,Chennai,Gym membership
T11282,U072,2021-05-11,Income,Investment,28580.0,Card,Unknown,Monthly rent payment
T11900,U055,2024-08-05,Income,Others,51523.0,Card,Hyderabad,No Notes
T13900,U141,2024-07-24,Income,Investment,48916.0,Card,Pune,!!!
T1095,U094,2023-05-28,Income,Freelance,76741.0,Unknown,Ahmedabad,Books
T5372,U028,2024-11-13,Expense,Food,2014.0,Card,Kolkata,Train ticket
T11427,U023,2021-12-25,Expense,Food,2212.0,Upi,Delhi,ATM withdrawal
T8284,U027,2024-06-07,Expense,Travel,9242.0,Upi,Chennai,Grocery shopping
T2857,U036,2023-06-06,Income,Freelance,30782.0,Upi,Ahmedabad,Lunch
T10955,U056,2023-09-23,Income,Investment,12824.0,Cash,Chennai,Grocery shopping
T3445,U102,2021-11-30,Expense,Food,9626.0,Cash,Chennai,Monthly rent payment
T11622,U142,2023-03-13,Income,Bonus,55432.0,Card,Kolkata,Uber ride
T10619,U015,2021-11-11,Expense,Entertainment,278.0,Unknown,Delhi,Fixed deposit
T6496,U074,2023-11-26,Expense,Entertainment,3432.0,Card,Mumbai,Internet bill
T13438,U077,2024-03-12,Expense,Travel,4916.0,Cash,Jaipur,No Notes
T10207,U098,2021-05-14,Expense,Rent,7468.0,Unknown,Hyderabad,Gym membership
T0351,U134,2021-06-24,Expense,Education,2864.0,Bank_Transfer,Pune,No Notes
T11126,U061,2022-09-21,Expense,Rent,22465.0,Bank_Transfer,Bangalore,Coffee
T12810,U036,2024-07-27,Expense,Food,4088.0,Card,Pune,Gym membership
T12054,U025,2021-12-19,Expense,Entertainment,9989.0,Card,Bangalore,...
T1374,U105,2023-06-05,Expense,Entertainment,254.0,Upi,Delhi,!!!
T6488,U107,2022-10-09,Income,Others,56869.0,Card,Kolkata,No Notes
T2326,U093,2021-04-02,Expense,Food,3103.0,Upi,Pune,Electricity bill
T5244,U097,2022-12-31,Expense,Travel,4716.0,Cash,Bangalore,Lunch
T1608,U095,2024-05-04,Expense,Utilities,9439.0,Upi,Pune,Fixed deposit
T8083,U060,2024-09-06,Expense,Education,7088.0,Upi,Pune,No Notes
T12758,U059,2023-04-14,Income,Others,70116.0,Cash,Lucknow,Train ticket
T1764,U047,2024-04-04,Expense,Entertainment,6375.0,Bank_Transfer,Mumbai,Restaurant dinner
T9465,U088,2022-01-03,Expense,Rent,1476.0,Bank_Transfer,Delhi,Train ticket
T9326,U051,2023-09-28,Income,Salary,61907.0,Upi,Lucknow,No Notes
T11290,U058,2023-08-08,Expense,Travel,5916.0,Cash,Unknown,No Notes
T1849,U113,2024-07-28,Income,Others,56895.0,Upi,Kolkata,misc
T6615,U101,2021-12-20,Expense,Rent,4297.0,Bank_Transfer,Bangalore,test
T3843,U134,2021-01-24,Expense,Rent,7900.0,Bank_Transfer,Delhi,Doctor consultation
T12123,U078,2021-04-19,Expense,Entertainment,2118.0,Card,Delhi,Grocery shopping
T0558,U038,2021-04-11,Expense,Utilities,4822.0,Card,Delhi,Electricity bill
T10918,U110,2022-01-28,Expense,Rent,40414.0,Unknown,Jaipur,asdfgh
T0925,U109,2021-08-16,Expense,Rent,7943.0,Bank_Transfer,Unknown,Petrol
T11857,U090,2021-11-24,Expense,Rent,26342.0,Cash,Lucknow,Coffee
T10964,U134,2022-03-16,Expense,Entertainment,854.0,Card,Pune,asdfgh
T10017,U098,2023-06-15,Expense,Entertainment,5086.0,Card,Kolkata,Uber ride
T13155,U126,2024-05-24,Expense,Food,917.0,Upi,Unknown,Coffee
T8096,U108,2021-07-15,Expense,Food,3943.0,Upi,Jaipur,Grocery shopping
T12789,U021,2023-05-09,Expense,Food,4611.0,Upi,Jaipur,!!!
T11780,U057,2024-03-22,Expense,Rent,9002.0,Cash,Ahmedabad,...
T13958,U022,2021-03-31,Expense,Utilities,6149.0,Unknown,Unknown,Electricity bill
T11581,U141,2021-07-17,Expense,Food,306.0,Bank_Transfer,Pune,Gym membership
T4311,U006,2024-08-01,Expense,Rent,35496.0,Bank_Transfer,Hyderabad,No Notes
T12113,U003,2024-07-30,Expense,Utilities,3178.0,Bank_Transfer,Chennai,test
T9330,U110,2023-07-04,Expense,Education,418.0,Card,Mumbai,No Notes
T13115,U025,2022-09-18,Expense,Utilities,999999.0,Cash,Unknown,No Notes
T6749,U116,2021-07-13,Expense,Travel,7250.0,Cash,Lucknow,Uber ride
T11232,U083,2021-06-17,Income,Others,22907.0,Upi,Delhi,test
T10354,U015,2022-02-20,Expense,Travel,6926.0,Card,Delhi,Books
T8212,U056,2023-02-05,Income,Freelance,29134.0,Unknown,Hyderabad,Electricity bill
T11386,U030,2024-05-28,Expense,Rent,41993.0,Cash,Ahmedabad,Movie tickets
T4605,U011,2022-07-29,Expense,Health,8147.0,Upi,Kolkata,Restaurant dinner
T13444,U140,2023-08-31,Expense,Food,3624.0,Upi,Kolkata,Medicine
T2853,U137,2022-03-10,Income,Investment,21702.0,Bank_Transfer,Delhi,Movie tickets
T0775,U015,2021-09-12,Expense,Rent,42608.0,Cash,Lucknow,Uber ride
T8863,U066,2023-02-01,Income,Others,49272.0,Card,Unknown,Coffee
T8614,U011,2023-09-04,Expense,Utilities,293.0,Cash,Chennai,Uber ride
T2145,U066,2022-04-17,Expense,Rent,19084.0,Bank_Transfer,Lucknow,Fixed deposit
T10155,U103,2024-06-08,Expense,Entertainment,8781.0,Card,Bangalore,!!!
T10843,U110,2023-10-26,Expense,Utilities,4648.0,Bank_Transfer,Ahmedabad,Fixed deposit
T9698,U086,2022-02-26,Expense,Food,1709.0,Upi,Kolkata,test
T4863,U071,2024-02-27,Expense,Travel,4941.0,Unknown,Delhi,EMI payment
T4355,U080,2023-05-23,Expense,Education,8130.0,Upi,Lucknow,Uber ride
T1283,U033,2023-11-12,Expense,Utilities,6817.0,Card,Unknown,Gym membership
T6569,U039,2022-01-03,Expense,Utilities,3432.0,Cash,Unknown,No Notes
T10618,U078,2022-08-19,Expense,Entertainment,5459.0,Bank_Transfer,Mumbai,No Notes
T8222,U048,2022-10-07,Expense,Entertainment,3549.0,Upi,Lucknow,Books
T3898,U136,2024-02-27,Expense,Entertainment,3256.0,Bank_Transfer,Bangalore,ATM withdrawal
T7628,U103,2024-04-02,Expense,Food,1160.0,Unknown,Lucknow,Train ticket
T8810,U096,2024-02-11,Expense,Travel,7285.0,Unknown,Unknown,asdfgh
T5595,U044,2023-01-07,Expense,Travel,2048.0,Upi,Chennai,Fixed deposit
T1056,U106,2024-03-10,Expense,Food,6612.0,Cash,Mumbai,Books
T12064,U115,2022-04-21,Expense,Education,4457.0,Cash,Unknown,Train ticket
T5392,U036,2022-12-20,Expense,Education,1014.0,Card,Bangalore,Fixed deposit
T1083,U093,2024-01-19,Expense,Rent,8927.0,Cash,Chennai,No Notes
T3767,U022,2024-02-14,Expense,Food,2612.0,Bank_Transfer,Bangalore,Books
T11641,U017,2024-05-15,Expense,Travel,9877.0,Cash,Kolkata,Movie tickets
T0422,U003,2023-08-09,Income,Investment,13404.0,Card,Lucknow,Doctor consultation
T8067,U135,2024-06-18,Expense,Rent,6653.0,Upi,Jaipur,EMI payment
T12138,U047,2023-04-14,Expense,Rent,552.0,Bank_Transfer,Hyderabad,No Notes
T13746,U133,2023-01-26,Expense,Food,4445.0,Bank_Transfer,Ahmedabad,No Notes
T12349,U108,2021-01-20,Expense,Food,4322.0,Unknown,Jaipur,Medicine
T0193,U003,2024-09-17,Expense,Education,1818.0,Cash,Chennai,Coffee
T2720,U036,2023-07-25,Expense,Rent,5408.0,Bank_Transfer,Mumbai,Coffee
T3263,U133,2024-12-16,Expense,Utilities,5565.0,Upi,Delhi,!!!
T10708,U007,2024-12-26,Income,Bonus,208860.0,Cash,Hyderabad,Grocery shopping
T6889,U094,2024-10-01,Expense,Education,3706.0,Upi,Jaipur,No Notes
T5805,U148,2023-06-06,Expense,Entertainment,2340.0,Bank_Transfer,Mumbai,Shopping
T6759,U065,2023-04-25,Expense,Travel,7420.0,Card,Hyderabad,Coffee
T1090,U131,2023-06-17,Expense,Entertainment,8139.0,Bank_Transfer,Unknown,Medicine
T1661,U006,2022-03-02,Expense,Rent,7428.0,Card,Lucknow,misc
T5335,U044,2021-11-12,Expense,Food,6618.0,Upi,Bangalore,Lunch
T13113,U002,2024-03-07,Expense,Utilities,4096.0,Bank_Transfer,Pune,Internet bill
T10437,U106,2022-01-24,Expense,Entertainment,830.0,Upi,Jaipur,test
T9370,U021,2023-04-06,Expense,Rent,7410.0,Card,Chennai,Petrol
T0148,U007,2024-09-10,Expense,Rent,4942.0,Card,Chennai,No Notes
T3979,U010,2024-01-09,Income,Freelance,11027.0,Bank_Transfer,Lucknow,Uber ride
T2004,U129,2023-03-11,Expense,Utilities,9540.0,Card,Kolkata,Doctor consultation
T5768,U105,2024-10-31,Expense,Food,653.0,Unknown,Delhi,EMI payment
T11448,U107,2024-01-03,Expense,Food,1337.0,Bank_Transfer,Lucknow,Petrol
T4608,U081,2023-09-21,Expense,Travel,7875.0,Upi,Mumbai,No Notes
T12401,U035,2023-12-13,Income,Others,63317.0,Cash,Lucknow,No Notes
T5122,U008,2023-11-04,Income,Investment,55241.0,Card,Ahmedabad,Monthly rent payment
T13487,U050,2023-02-13,Expense,Travel,8213.0,Card,Mumbai,xyz123
T3704,U008,2022-05-21,Expense,Health,7678.0,Cash,Bangalore,Restaurant dinner
T11711,U025,2021-11-15,Expense,Travel,8362.0,Card,Ahmedabad,No Notes
T6719,U007,2024-11-25,Expense,Education,8273.0,Bank_Transfer,Kolkata,xyz123
T12968,U123,2024-04-07,Expense,Entertainment,7270.0,Upi,Jaipur,asdfgh
T6595,U006,2024-03-08,Income,Freelance,11115.0,Bank_Transfer,Ahmedabad,Train ticket
T0272,U070,2024-09-02,Expense,Entertainment,412.0,Bank_Transfer,Delhi,No Notes
T9584,U074,2022-10-20,Expense,Entertainment,411.0,Cash,Chennai,Gym membership
T4750,U147,2021-10-05,Expense,Utilities,6185.0,Upi,Bangalore,No Notes
T6402,U117,2024-07-04,Expense,Utilities,9561.0,Upi,Mumbai,Online course
T7897,U149,2022-09-29,Income,Investment,14916.0,Bank_Transfer,Bangalore,No Notes
T3925,U009,2024-01-12,Expense,Rent,2620.0,Card,Lucknow,ATM withdrawal
T10914,U002,2022-09-24,Expense,Education,1941.0,Upi,Bangalore,Uber ride
T11118,U088,2024-02-15,Expense,Utilities,5234.0,Bank_Transfer,Delhi,Petrol
T3944,U043,2024-01-27,Expense,Travel,5329.0,Upi,Unknown,Fixed deposit
T10474,U054,2022-12-17,Expense,Health,4200.0,Upi,Unknown,!!!
T13472,U131,2022-04-07,Expense,Others,642.0,Card,Pune,test
T0248,U035,2023-08-19,Expense,Utilities,7152.0,Upi,Jaipur,...
T9123,U065,2024-08-13,Expense,Savings,8502.0,Upi,Pune,asdfgh
T8468,U053,2022-07-20,Expense,Food,4634.0,Bank_Transfer,Delhi,Petrol
T12027,U034,2022-03-01,Expense,Health,4962.0,Upi,Chennai,xyz123
T10882,U039,2023-06-14,Expense,Travel,7202.0,Cash,Unknown,Movie tickets
T4840,U089,2024-04-18,Expense,Education,1925.0,Card,Mumbai,Coffee
T10907,U066,2023-09-24,Expense,Education,7795.0,Card,Chennai,xyz123
T11616,U026,2021-08-16,Expense,Entertainment,7226.0,Card,Lucknow,Lunch
T4418,U069,2021-05-27,Income,Others,62480.0,Bank_Transfer,Pune,No Notes
T6937,U147,2024-12-30,Income,Others,30120.0,Cash,Kolkata,...
T6063,U148,2023-03-23,Income,Bonus,48707.0,Cash,Chennai,Doctor consultation
T11740,U083,2024-10-16,Expense,Food,730.0,Cash,Chennai,Fixed deposit
T10186,U056,2022-02-09,Expense,Food,1548.0,Card,Pune,Doctor consultation
T8425,U106,2022-07-24,Expense,Travel,2922.0,Card,Mumbai,xyz123
T3956,U029,2024-04-30,Expense,Rent,8792.0,Cash,Hyderabad,Petrol
T8478,U007,2022-09-22,Expense,Utilities,2397.0,Cash,Hyderabad,Coffee
T9111,U007,2023-04-03,Income,Freelance,16226.0,Card,Lucknow,xyz123
T4611,U140,2024-12-13,Expense,Food,4793.0,Bank_Transfer,Ahmedabad,No Notes
T7689,U001,2024-11-22,Expense,Rent,36001.0,Card,Kolkata,Coffee
T13952,U063,2022-11-09,Income,Others,72599.0,Unknown,Pune,Gym membership
T10169,U131,2022-07-31,Expense,Health,667.0,Cash,Mumbai,Uber ride
T0627,U087,2023-02-04,Income,Bonus,45305.0,Cash,Kolkata,Medicine
T11483,U149,2022-06-08,Expense,Food,3512.0,Upi,Jaipur,Restaurant dinner
T4658,U051,2023-08-14,Income,Investment,35407.0,Upi,Bangalore,No Notes
T8090,U002,2021-04-30,Income,Freelance,72108.0,Upi,Pune,Monthly rent payment
T5271,U132,2022-01-01,Expense,Food,2264.0,Bank_Transfer,Lucknow,Lunch
T12882,U106,2022-10-29,Expense,Food,4765.0,Upi,Lucknow,test
T1075,U131,2022-07-07,Expense,Travel,5484.0,Bank_Transfer,Chennai,Monthly rent payment
T8476,U145,2021-11-26,Expense,Entertainment,6351.0,Bank_Transfer,Lucknow,Gym membership
T3184,U132,2022-08-15,Expense,Savings,7586.0,Bank_Transfer,Ahmedabad,Coffee
T5092,U026,2022-01-15,Expense,Rent,8643.0,Bank_Transfer,Bangalore,Online course
T9911,U049,2021-11-27,Expense,Entertainment,3376.0,Card,Ahmedabad,test
T12590,U008,2023-02-24,Expense,Entertainment,6725.0,Card,Delhi,No Notes
T4660,U024,2024-11-01,Income,Freelance,31389.0,Bank_Transfer,Lucknow,No Notes
T13783,U012,2024-10-01,Expense,Food,7652.0,Card,Unknown,Lunch
T4059,U051,2024-06-21,Expense,Education,2644.0,Upi,Hyderabad,Petrol
T3294,U017,2024-11-06,Expense,Rent,29624.0,Bank_Transfer,Pune,xyz123
T8150,U024,2021-12-08,Expense,Food,4008.0,Upi,Mumbai,ATM withdrawal
T8421,U131,2022-05-29,Expense,Rent,20811.0,Card,Delhi,...
T1356,U034,2023-01-30,Expense,Food,2763.0,Upi,Jaipur,Medicine
T10371,U027,2023-04-10,Expense,Food,4185.0,Card,Hyderabad,No Notes
T5968,U125,2024-04-04,Expense,Rent,7711.0,Upi,Jaipur,Doctor consultation
T2710,U034,2024-02-24,Expense,Rent,8461.0,Bank_Transfer,Bangalore,Gym membership
T11223,U027,2022-04-06,Income,Others,24089.0,Upi,Chennai,Uber ride
T5379,U080,2024-03-11,Expense,Savings,4003.0,Bank_Transfer,Delhi,No Notes
T5801,U039,2021-04-08,Expense,Food,3973.0,Upi,Jaipur,No Notes
T5962,U069,2023-10-15,Expense,Travel,6461.0,Card,Bangalore,Uber ride
T4071,U006,2021-08-21,Expense,Travel,9685.0,Cash,Mumbai,Online course
T6617,U017,2023-08-22,Expense,Entertainment,3389.0,Bank_Transfer,Ahmedabad,No Notes
T13608,U056,2023-02-26,Expense,Travel,6999.0,Cash,Lucknow,Movie tickets
T2602,U043,2024-06-22,Income,Bonus,418020.0,Card,Kolkata,ATM withdrawal
T13880,U072,2023-08-19,Expense,Food,4518.0,Bank_Transfer,Delhi,Uber ride
T7674,U141,2021-01-23,Expense,Entertainment,2090.0,Cash,Delhi,Monthly rent payment
T9699,U084,2024-10-07,Expense,Travel,7288.0,Upi,Ahmedabad,Shopping
T2764,U130,2023-01-10,Income,Investment,63860.0,Upi,Hyderabad,Fixed deposit
T11656,U050,2021-02-05,Expense,Food,3837.0,Bank_Transfer,Lucknow,...
T2517,U097,2022-01-02,Expense,Travel,1420.0,Card,Unknown,ATM withdrawal
T3391,U023,2022-02-14,Expense,Savings,5064.0,Upi,Lucknow,Electricity bill
T6507,U031,2023-04-06,Expense,Utilities,1831.0,Bank_Transfer,Ahmedabad,Medicine
T7170,U012,2021-11-01,Expense,Entertainment,588.0,Bank_Transfer,Lucknow,Shopping
T11577,U052,2022-03-14,Expense,Rent,32463.0,Upi,Unknown,Shopping
T7708,U039,2021-02-09,Expense,Travel,9488.0,Cash,Unknown,Doctor consultation
T12069,U044,2021-03-18,Expense,Rent,7744.0,Bank_Transfer,Chennai,Medicine
T6405,U073,2021-08-24,Expense,Rent,1891.0,Card,Delhi,Electricity bill
T5769,U034,2023-01-27,Expense,Food,3939.0,Card,Lucknow,...
T2192,U101,2023-02-15,Expense,Health,5788.0,Card,Mumbai,Fixed deposit
T7472,U140,2024-06-13,Income,Salary,28677.0,Upi,Jaipur,Online course
T1399,U097,2021-06-22,Expense,Food,8352.0,Bank_Transfer,Pune,No Notes
T12285,U083,2023-01-06,Expense,Utilities,2242.0,Cash,Kolkata,No Notes
T5918,U125,2022-09-12,Expense,Rent,8653.0,Cash,Pune,xyz123
T11267,U117,2021-11-20,Expense,Health,9602.0,Cash,Pune,No Notes
T10948,U148,2023-09-26,Expense,Health,7939.0,Bank_Transfer,Lucknow,No Notes
T0961,U101,2021-05-08,Expense,Travel,9482.0,Upi,Delhi,Grocery shopping
T1735,U017,2023-01-24,Expense,Travel,909.0,Card,Lucknow,No Notes
T4437,U023,2021-03-01,Expense,Rent,1992.0,Cash,Jaipur,Doctor consultation
T6130,U035,2024-01-22,Income,Freelance,59543.0,Card,Bangalore,Restaurant dinner
T1282,U093,2024-02-14,Expense,Education,999999.0,Upi,Delhi,No Notes
T0476,U112,2021-09-14,Expense,Food,423.0,Bank_Transfer,Lucknow,Restaurant dinner
T10845,U150,2022-11-13,Expense,Food,5579.0,Bank_Transfer,Lucknow,misc
T6582,U014,2023-05-05,Expense,Food,3714.0,Bank_Transfer,Unknown,!!!
T12952,U011,2024-04-19,Expense,Education,1588.0,Bank_Transfer,Ahmedabad,Grocery shopping
T11489,U021,2022-08-23,Expense,Others,1538.0,Upi,Kolkata,Uber ride
T7704,U078,2024-12-19,Expense,Rent,4365.0,Cash,Unknown,xyz123
T13757,U058,2023-10-06,Expense,Travel,5990.0,Bank_Transfer,Hyderabad,ATM withdrawal
T12203,U075,2023-06-22,Expense,Food,2381.0,Card,Unknown,Fixed deposit
T10650,U054,2021-02-03,Income,Bonus,33186.0,Card,Kolkata,Medicine
T10365,U043,2022-11-15,Expense,Travel,5965.0,Card,Pune,Train ticket
T10954,U067,2024-11-25,Expense,Education,8228.0,Upi,Hyderabad,EMI payment
T5727,U042,2022-04-24,Expense,Health,6907.0,Upi,Mumbai,Online course
T13007,U026,2024-12-27,Expense,Others,767.0,Cash,Ahmedabad,Online course
T6121,U078,2021-12-20,Expense,Rent,9767.0,Cash,Lucknow,Fixed deposit
T12440,U136,2021-01-10,Expense,Entertainment,6960.0,Cash,Mumbai,Internet bill
T10992,U084,2024-11-07,Income,Salary,58524.0,Upi,Chennai,asdfgh
T13499,U034,2023-05-15,Expense,Food,2296.0,Upi,Kolkata,Medicine
T7033,U107,2022-09-23,Expense,Food,4787.0,Unknown,Hyderabad,Movie tickets
T10225,U033,2022-09-12,Expense,Travel,8440.0,Cash,Kolkata,Books
T6905,U022,2024-02-21,Expense,Food,4383.0,Bank_Transfer,Hyderabad,Medicine
T11035,U104,2022-10-05,Income,Others,36601.0,Card,Mumbai,Lunch
T13603,U008,2022-05-26,Expense,Rent,29297.0,Unknown,Lucknow,Uber ride
T8465,U064,2024-06-27,Income,Others,76897.0,Cash,Bangalore,Gym membership
T5191,U116,2022-05-18,Expense,Utilities,9460.0,Upi,Hyderabad,No Notes
T2440,U100,2021-03-02,Expense,Utilities,5431.0,Bank_Transfer,Jaipur,!!!
T5783,U108,2023-04-29,Expense,Education,2323.0,Upi,Delhi,Uber ride
T0350,U080,2023-06-29,Expense,Savings,1240.0,Upi,Unknown,Movie tickets
T13246,U095,2024-01-17,Expense,Entertainment,8474.0,Upi,Unknown,No Notes
T9512,U095,2024-09-23,Expense,Savings,6608.0,Bank_Transfer,Bangalore,misc
T5615,U105,2021-11-06,Expense,Entertainment,9574.0,Bank_Transfer,Mumbai,Lunch
T13120,U134,2023-10-06,Expense,Education,463.0,Bank_Transfer,Delhi,Lunch
T8205,U014,2023-10-09,Expense,Travel,6574.0,Cash,Bangalore,...
T5495,U079,2023-10-19,Expense,Food,7446.0,Cash,Ahmedabad,Internet bill
T0114,U071,2022-11-08,Expense,Rent,1678.0,Upi,Pune,Online course
T3200,U019,2023-10-07,Expense,Travel,2276.0,Bank_Transfer,Kolkata,Restaurant dinner
T13073,U093,2024-02-05,Income,Investment,42392.0,Bank_Transfer,Unknown,test
T4633,U031,2024-06-22,Income,Bonus,67143.0,Bank_Transfer,Pune,Books
T12359,U017,2023-01-25,Expense,Health,6434.0,Cash,Unknown,No Notes
T13363,U024,2021-06-12,Expense,Food,3883.0,Cash,Hyderabad,Books
T10286,U016,2022-09-06,Expense,Food,3209.0,Bank_Transfer,Unknown,Grocery shopping
T12818,U147,2022-07-07,Expense,Food,2869.0,Bank_Transfer,Jaipur,asdfgh
T8692,U002,2022-01-31,Expense,Rent,5654.0,Upi,Hyderabad,ATM withdrawal
T12880,U067,2023-12-17,Income,Others,36077.0,Cash,Unknown,No Notes
T0437,U040,2022-08-11,Expense,Education,3445.0,Bank_Transfer,Ahmedabad,EMI payment
T10400,U118,2024-10-21,Expense,Utilities,6085.0,Card,Hyderabad,Uber ride
T10938,U129,2021-10-25,Expense,Others,6409.0,Bank_Transfer,Delhi,test
T12937,U127,2022-07-03,Expense,Entertainment,5190.0,Card,Bangalore,Gym membership
T5924,U120,2021-06-16,Expense,Rent,2386.0,Unknown,Hyderabad,Movie tickets
T13774,U044,2021-09-15,Expense,Utilities,1222.0,Bank_Transfer,Mumbai,Grocery shopping
T4860,U139,2021-09-14,Expense,Food,2889.0,Card,Unknown,Restaurant dinner
T11933,U119,2023-12-06,Expense,Food,1347.0,Cash,Hyderabad,Uber ride
T1694,U091,2022-01-10,Expense,Savings,2106.0,Card,Ahmedabad,Petrol
T6123,U081,2023-04-04,Income,Freelance,75840.0,Upi,Jaipur,Grocery shopping
T10932,U096,2023-03-05,Expense,Travel,9396.0,Cash,Hyderabad,Grocery shopping
T0030,U084,2023-02-16,Income,Salary,16826.0,Cash,Chennai,Medicine
T5054,U130,2023-02-19,Expense,Travel,3035.0,Card,Delhi,Fixed deposit
T10209,U024,2024-03-25,Expense,Food,8781.0,Bank_Transfer,Kolkata,No Notes
T2005,U068,2022-11-11,Expense,Utilities,1908.0,Card,Jaipur,Shopping
T4610,U115,2021-11-12,Expense,Food,2409.0,Cash,Jaipur,Electricity bill
T4172,U035,2022-02-28,Expense,Rent,8199.0,Bank_Transfer,Jaipur,EMI payment
T11553,U129,2022-03-30,Expense,Savings,6819.0,Cash,Kolkata,Shopping
T12700,U083,2023-12-19,Expense,Travel,1955.0,Cash,Hyderabad,No Notes
T2947,U140,2021-06-24,Expense,Health,2015.0,Bank_Transfer,Kolkata,Doctor consultation
T4631,U057,2022-12-03,Income,Freelance,12351.0,Upi,Unknown,EMI payment
T3262,U033,2022-12-14,Expense,Travel,6267.0,Card,Pune,Internet bill
T1777,U050,2024-12-04,Income,Others,76182.0,Bank_Transfer,Lucknow,Restaurant dinner
T6824,U012,2024-12-21,Expense,Rent,7966.0,Unknown,Bangalore,Doctor consultation
T13962,U105,2021-06-27,Expense,Savings,3311.0,Cash,Hyderabad,Doctor consultation
T10945,U080,2022-06-15,Expense,Entertainment,4894.0,Card,Chennai,ATM withdrawal
T11623,U023,2024-07-04,Expense,Food,8847.0,Bank_Transfer,Kolkata,Shopping
T1596,U086,2023-11-28,Expense,Food,2238.0,Cash,Bangalore,No Notes
T8921,U078,2021-01-30,Expense,Food,999999.0,Bank_Transfer,Unknown,Books
T9502,U104,2024-06-20,Expense,Health,4636.0,Bank_Transfer,Lucknow,misc
T6074,U020,2022-04-25,Expense,Rent,25221.0,Card,Pune,asdfgh
T5717,U041,2022-04-09,Expense,Food,3776.0,Cash,Chennai,Internet bill
T11361,U033,2023-06-09,Expense,Travel,8578.0,Cash,Bangalore,Monthly rent payment
T12729,U023,2023-12-07,Expense,Education,5323.0,Cash,Jaipur,ATM withdrawal
T3450,U106,2024-04-23,Expense,Travel,7085.0,Card,Delhi,No Notes
T4545,U022,2024-04-08,Expense,Rent,6489.0,Card,Pune,Electricity bill
T10240,U080,2024-06-19,Income,Salary,48382.0,Upi,Lucknow,No Notes
T11352,U038,2022-01-06,Expense,Food,4410.0,Card,Bangalore,test
T10244,U065,2023-03-16,Expense,Education,6815.0,Upi,Delhi,No Notes
T7888,U039,2021-01-04,Expense,Travel,7756.0,Upi,Ahmedabad,Gym membership
T2241,U043,2023-10-17,Expense,Food,4273.0,Cash,Kolkata,Books
T7268,U034,2023-01-07,Income,Others,57838.0,Card,Bangalore,Movie tickets
T11292,U030,2021-05-18,Expense,Entertainment,141.0,Card,Pune,Books
T11078,U122,2023-06-18,Income,Freelance,71326.0,Bank_Transfer,Hyderabad,test
T1847,U069,2022-05-19,Expense,Health,5394.0,Bank_Transfer,Mumbai,No Notes
T12357,U114,2021-11-29,Expense,Education,478.0,Bank_Transfer,Bangalore,No Notes
T5742,U019,2024-08-26,Expense,Food,3410.0,Cash,Delhi,asdfgh
T9125,U068,2024-05-10,Expense,Food,4074.0,Card,Pune,EMI payment
T0515,U033,2023-01-04,Expense,Food,682.0,Bank_Transfer,Hyderabad,...
T11076,U071,2024-06-15,Expense,Health,8337.0,Card,Jaipur,Uber ride
T1725,U092,2023-03-30,Income,Salary,25379.0,Cash,Chennai,Petrol
T3524,U078,2023-06-25,Expense,Rent,35080.0,Upi,Bangalore,No Notes
T2265,U130,2024-02-06,Expense,Savings,2551.0,Card,Delhi,Books
T8612,U006,2024-09-16,Expense,Others,2804.0,Cash,Bangalore,Medicine
T2283,U099,2023-11-26,Expense,Rent,9734.0,Cash,Pune,Shopping
T1610,U136,2023-10-23,Expense,Food,1199.0,Upi,Kolkata,No Notes
T11146,U065,2024-11-25,Expense,Utilities,2310.0,Upi,Jaipur,...
T7993,U095,2021-04-06,Expense,Rent,1519.0,Bank_Transfer,Delhi,No Notes
T8911,U020,2023-02-05,Expense,Utilities,8833.0,Bank_Transfer,Ahmedabad,Fixed deposit
T13482,U015,2022-04-16,Expense,Travel,6001.0,Bank_Transfer,Delhi,!!!
T10270,U094,2022-12-29,Expense,Food,2122.0,Card,Kolkata,Lunch
T2386,U133,2023-09-18,Expense,Entertainment,9154.0,Cash,Mumbai,Electricity bill
T0907,U113,2023-05-02,Expense,Education,867.0,Card,Delhi,EMI payment
T13319,U074,2023-01-21,Expense,Food,672.0,Cash,Mumbai,Movie tickets
T12954,U068,2021-04-14,Expense,Travel,1074.0,Cash,Unknown,...
T5358,U079,2021-04-14,Expense,Rent,10823.0,Bank_Transfer,Jaipur,Restaurant dinner
T1395,U130,2021-10-02,Expense,Utilities,3060.0,Upi,Hyderabad,Monthly rent payment
T0927,U095,2023-08-15,Expense,Travel,3271.0,Bank_Transfer,Delhi,asdfgh
T12755,U095,2021-04-25,Expense,Rent,7315.0,Bank_Transfer,Chennai,...
T13803,U096,2022-07-06,Expense,Utilities,1245.0,Card,Pune,No Notes
T1485,U059,2024-03-03,Expense,Education,9692.0,Upi,Delhi,Doctor consultation
T0075,U109,2021-07-02,Expense,Rent,2353.0,Cash,Lucknow,Fixed deposit
T3591,U038,2022-08-25,Expense,Food,6049.0,Card,Chennai,Restaurant dinner
T11464,U078,2021-10-02,Expense,Health,817.0,Upi,Bangalore,Train ticket
T2580,U094,2021-11-24,Expense,Food,2252.0,Cash,Kolkata,Monthly rent payment
T9643,U053,2022-07-02,Expense,Food,600.0,Bank_Transfer,Ahmedabad,asdfgh
T2403,U141,2023-12-10,Expense,Education,1544.0,Upi,Chennai,xyz123
T0737,U141,2022-01-03,Expense,Rent,1025.0,Card,Unknown,Gym membership
T5784,U062,2022-11-30,Expense,Rent,21501.0,Card,Jaipur,Doctor consultation
T9313,U138,2021-03-11,Expense,Food,999999.0,Card,Bangalore,!!!
T3654,U076,2021-05-04,Income,Others,69656.0,Card,Kolkata,Lunch
T8359,U141,2021-06-29,Income,Investment,49021.0,Bank_Transfer,Lucknow,Coffee
T13521,U026,2023-10-06,Expense,Rent,4291.0,Bank_Transfer,Pune,Electricity bill
T7317,U088,2021-08-07,Expense,Entertainment,4116.0,Upi,Bangalore,EMI payment
T10772,U082,2024-08-11,Expense,Education,5480.0,Cash,Mumbai,...
T1836,U146,2021-04-16,Expense,Rent,3831.0,Card,Kolkata,No Notes
T7600,U133,2024-02-28,Income,Freelance,73105.0,Bank_Transfer,Unknown,!!!
T8513,U121,2024-05-18,Expense,Food,6998.0,Cash,Unknown,test
T2665,U060,2023-09-02,Expense,Rent,648.0,Upi,Delhi,Restaurant dinner
T3705,U072,2024-10-22,Expense,Travel,7779.0,Upi,Bangalore,asdfgh
T13449,U140,2022-12-17,Income,Others,67337.0,Cash,Mumbai,Medicine
T6667,U010,2021-06-22,Expense,Travel,8148.0,Cash,Chennai,No Notes
T0209,U114,2024-07-21,Expense,Food,3318.0,Card,Bangalore,Restaurant dinner
T10298,U115,2024-04-24,Expense,Entertainment,4777.0,Bank_Transfer,Jaipur,Shopping
T3891,U092,2022-10-23,Expense,Entertainment,5416.0,Upi,Unknown,Shopping
T12376,U073,2024-02-16,Expense,Rent,45395.0,Bank_Transfer,Hyderabad,No Notes
T8085,U031,2022-02-28,Expense,Others,4612.0,Card,Ahmedabad,Coffee
T0418,U105,2024-10-24,Expense,Food,1889.0,Upi,Hyderabad,Online course
T6189,U111,2022-04-14,Expense,Food,1300.0,Bank_Transfer,Ahmedabad,Restaurant dinner
T3248,U114,2022-03-14,Expense,Rent,18386.0,Cash,Bangalore,Online course
T5055,U125,2023-11-23,Expense,Rent,8603.0,Unknown,Ahmedabad,Restaurant dinner
T7812,U081,2024-01-13,Expense,Food,3290.0,Upi,Mumbai,Books
T11163,U002,2023-04-01,Expense,Others,1220.0,Cash,Pune,Petrol
T13694,U116,2024-04-10,Income,Freelance,25099.0,Upi,Mumbai,Shopping
T6722,U109,2022-05-07,Expense,Food,2926.0,Card,Ahmedabad,Books
T5301,U063,2021-02-03,Expense,Rent,8956.0,Card,Bangalore,asdfgh
T8111,U039,2024-07-29,Expense,Utilities,6429.0,Unknown,Chennai,No Notes
T0716,U093,2022-09-10,Expense,Travel,1762.0,Card,Lucknow,!!!
T5235,U143,2024-10-15,Expense,Education,9907.0,Bank_Transfer,Delhi,No Notes
T2475,U045,2022-10-09,Expense,Rent,17393.0,Card,Bangalore,ATM withdrawal
T1888,U142,2021-07-06,Income,Salary,75689.0,Cash,Delhi,misc
T4589,U100,2023-11-22,Expense,Rent,8858.0,Upi,Jaipur,No Notes
T0210,U110,2022-06-26,Expense,Entertainment,2636.0,Upi,Jaipur,No Notes
T0550,U141,2023-03-06,Expense,Entertainment,4566.0,Bank_Transfer,Pune,Train ticket
T1446,U090,2024-03-17,Expense,Utilities,6208.0,Cash,Pune,Movie tickets
T3364,U059,2022-07-31,Expense,Food,8970.0,Upi,Chennai,Electricity bill
T3852,U007,2024-06-27,Expense,Utilities,7759.0,Bank_Transfer,Lucknow,!!!
T2606,U140,2023-01-20,Income,Salary,20195.0,Card,Hyderabad,Restaurant dinner
T7985,U063,2021-06-18,Expense,Food,3306.0,Cash,Lucknow,Shopping
T4726,U026,2021-03-01,Expense,Travel,834.0,Card,Hyderabad,Uber ride
T10429,U114,2022-06-12,Expense,Utilities,4397.0,Card,Bangalore,...
T4639,U108,2021-10-13,Expense,Food,1259.0,Card,Delhi,Shopping
T8349,U005,2023-03-26,Expense,Travel,1525.0,Card,Ahmedabad,No Notes
T10971,U144,2021-04-06,Expense,Travel,7920.0,Card,Bangalore,Petrol
T9716,U026,2024-06-03,Expense,Food,6679.0,Bank_Transfer,Kolkata,Lunch
T2313,U057,2024-12-01,Expense,Food,1321.0,Cash,Hyderabad,Internet bill
T13767,U116,2023-12-28,Expense,Savings,3832.0,Cash,Kolkata,Lunch
T12909,U027,2021-10-16,Expense,Food,1975.0,Card,Jaipur,No Notes
T6419,U139,2023-03-09,Expense,Rent,2288.0,Cash,Lucknow,Gym membership
T1708,U060,2022-01-07,Expense,Food,1636.0,Card,Pune,asdfgh
T8771,U081,2023-12-12,Expense,Education,4537.0,Cash,Ahmedabad,Fixed deposit
T2744,U004,2024-12-10,Income,Investment,54771.0,Bank_Transfer,Hyderabad,Books
T6658,U044,2024-08-31,Income,Freelance,31663.0,Bank_Transfer,Jaipur,Petrol
T13513,U090,2024-09-13,Expense,Rent,11329.0,Card,Bangalore,Fixed deposit
T5174,U147,2021-11-13,Income,Bonus,69831.0,Cash,Unknown,No Notes
T10799,U047,2021-07-04,Expense,Utilities,6689.0,Cash,Unknown,Petrol
T4676,U085,2023-11-21,Expense,Utilities,8300.0,Bank_Transfer,Unknown,Online course
T12661,U118,2024-10-09,Expense,Entertainment,5452.0,Upi,Hyderabad,Petrol
T2320,U028,2022-04-25,Expense,Travel,3750.0,Cash,Kolkata,Online course
T6774,U128,2023-11-23,Income,Bonus,44729.0,Upi,Kolkata,EMI payment
T8777,U104,2021-04-25,Expense,Utilities,5896.0,Card,Jaipur,Books
T10814,U123,2024-04-05,Expense,Rent,31660.0,Upi,Kolkata,Fixed deposit
T7340,U115,2021-07-14,Expense,Rent,1016.0,Bank_Transfer,Mumbai,xyz123
T5803,U052,2024-12-16,Expense,Rent,9988.0,Bank_Transfer,Kolkata,Internet bill
T3530,U032,2023-06-29,Income,Others,24320.0,Upi,Kolkata,Shopping
T6511,U105,2021-12-22,Expense,Savings,203.0,Bank_Transfer,Lucknow,Coffee
T12099,U115,2023-05-19,Income,Bonus,39718.0,Cash,Kolkata,xyz123
T13602,U148,2021-05-09,Expense,Travel,156.0,Card,Chennai,!!!
T3121,U007,2021-08-16,Expense,Food,5005.0,Bank_Transfer,Bangalore,Internet bill
T6865,U004,2024-01-01,Expense,Travel,6806.0,Card,Ahmedabad,Fixed deposit
T2980,U053,2024-09-26,Expense,Food,231.0,Cash,Unknown,No Notes
T12201,U118,2022-02-08,Expense,Travel,1249.0,Card,Pune,!!!
T10047,U009,2021-09-24,Expense,Food,717.0,Upi,Bangalore,No Notes
T8891,U088,2024-07-06,Expense,Utilities,3833.0,Bank_Transfer,Bangalore,!!!
T9583,U095,2021-01-27,Expense,Food,2865.0,Upi,Kolkata,Grocery shopping
T1632,U093,2021-08-21,Expense,Utilities,415.0,Upi,Ahmedabad,No Notes
T2972,U037,2024-11-23,Expense,Others,4933.0,Cash,Lucknow,Restaurant dinner
T7778,U045,2022-02-06,Expense,Travel,3588.0,Upi,Pune,xyz123
T9274,U130,2023-03-23,Expense,Entertainment,4377.0,Card,Mumbai,No Notes
T8656,U061,2024-02-04,Expense,Food,3777.0,Upi,Chennai,Grocery shopping
T6342,U125,2024-05-21,Expense,Rent,5077.0,Card,Chennai,Restaurant dinner
T12000,U033,2022-01-10,Income,Others,17108.0,Upi,Mumbai,Gym membership
T6839,U069,2022-04-26,Expense,Food,2599.0,Card,Pune,Lunch
T10093,U083,2024-05-02,Expense,Travel,2535.0,Cash,Delhi,ATM withdrawal
T2419,U134,2024-08-11,Expense,Travel,4069.0,Upi,Hyderabad,Electricity bill
T0026,U141,2021-11-22,Expense,Rent,4643.0,Upi,Unknown,Internet bill
T8827,U068,2024-12-26,Expense,Food,9638.0,Unknown,Bangalore,...
T4444,U005,2023-02-02,Expense,Education,1084.0,Card,Hyderabad,No Notes
T7124,U011,2021-09-23,Expense,Food,9249.0,Cash,Delhi,Shopping
T1621,U113,2021-03-05,Expense,Education,3471.0,Cash,Kolkata,test
T6450,U085,2024-11-07,Expense,Food,84.0,Cash,Chennai,Restaurant dinner
T2759,U041,2021-01-16,Expense,Others,6786.0,Bank_Transfer,Chennai,Monthly rent payment
T11953,U051,2021-02-22,Expense,Education,3421.0,Bank_Transfer,Ahmedabad,xyz123
T3703,U070,2023-01-16,Expense,Food,3771.0,Upi,Bangalore,xyz123
T9647,U112,2023-08-01,Income,Investment,12377.0,Upi,Ahmedabad,Fixed deposit
T2398,U053,2022-09-19,Expense,Rent,38137.0,Bank_Transfer,Hyderabad,Electricity bill
T10652,U114,2021-04-27,Expense,Travel,6963.0,Cash,Hyderabad,Books
T5762,U107,2021-09-03,Income,Bonus,70223.0,Upi,Kolkata,Coffee
T11520,U111,2022-05-20,Expense,Others,4100.0,Bank_Transfer,Pune,asdfgh
T9630,U028,2023-01-14,Expense,Rent,26643.0,Card,Lucknow,ATM withdrawal
T2511,U117,2021-03-03,Expense,Food,1005.0,Card,Delhi,No Notes
T11797,U040,2021-09-29,Expense,Travel,5071.0,Upi,Mumbai,Online course
T12735,U115,2021-02-12,Income,Investment,70849.0,Card,Hyderabad,No Notes
T8774,U108,2024-01-27,Expense,Food,453.0,Card,Delhi,Grocery shopping
T8414,U143,2023-01-19,Income,Freelance,64553.0,Upi,Kolkata,Shopping
T4810,U031,2024-03-14,Expense,Savings,3552.0,Cash,Lucknow,Train ticket
T3939,U011,2021-02-24,Expense,Entertainment,4995.0,Upi,Mumbai,No Notes
T4347,U092,2022-02-09,Income,Others,12381.0,Bank_Transfer,Kolkata,No Notes
T7682,U122,2021-07-30,Expense,Rent,7466.0,Cash,Ahmedabad,No Notes
T4688,U023,2024-10-01,Expense,Food,3338.0,Upi,Chennai,Movie tickets
T2962,U070,2021-09-17,Expense,Utilities,2309.0,Cash,Kolkata,test
T5008,U135,2023-08-30,Expense,Food,4107.0,Upi,Lucknow,Coffee
T9174,U118,2021-09-13,Expense,Rent,9414.0,Upi,Ahmedabad,Lunch
T9504,U069,2022-05-13,Expense,Travel,1763.0,Cash,Delhi,Shopping
T3140,U033,2021-04-18,Expense,Travel,7501.0,Cash,Mumbai,Books
T10260,U077,2024-02-02,Expense,Travel,8849.0,Bank_Transfer,Unknown,No Notes
T6089,U060,2023-11-13,Expense,Utilities,5282.0,Bank_Transfer,Delhi,ATM withdrawal
T12774,U037,2023-07-23,Expense,Utilities,8153.0,Bank_Transfer,Ahmedabad,No Notes
T9469,U118,2022-03-20,Expense,Utilities,2771.0,Bank_Transfer,Hyderabad,EMI payment
T2418,U059,2024-11-29,Expense,Education,3199.0,Upi,Jaipur,Gym membership
T2547,U023,2022-12-30,Expense,Food,1021.0,Card,Chennai,Shopping
T0988,U013,2023-07-30,Expense,Utilities,2695.0,Unknown,Unknown,Shopping
T10722,U122,2022-12-24,Income,Others,46244.0,Upi,Delhi,No Notes
T9665,U132,2023-01-08,Expense,Education,3101.0,Card,Jaipur,Doctor consultation
T7824,U085,2024-11-15,Expense,Travel,8149.0,Bank_Transfer,Ahmedabad,Medicine
T12328,U006,2021-02-26,Expense,Education,4546.0,Card,Kolkata,Electricity bill
T8720,U077,2021-01-28,Expense,Others,6064.0,Bank_Transfer,Pune,Movie tickets
T5006,U018,2023-12-14,Expense,Education,1897.0,Bank_Transfer,Bangalore,Monthly rent payment
T10815,U011,2022-04-18,Income,Bonus,59348.0,Bank_Transfer,Jaipur,Movie tickets
T11034,U097,2022-10-16,Expense,Food,3519.0,Bank_Transfer,Pune,No Notes
T4563,U016,2024-11-30,Expense,Travel,7800.0,Cash,Chennai,EMI payment
T1934,U064,2021-06-18,Expense,Food,8620.0,Unknown,Unknown,Coffee
T11882,U041,2023-12-30,Expense,Entertainment,7841.0,Card,Jaipur,Coffee
T6789,U002,2021-11-23,Expense,Entertainment,377.0,Cash,Chennai,Coffee
T2731,U091,2021-07-22,Expense,Rent,6857.0,Upi,Ahmedabad,Movie tickets
T10440,U117,2022-04-09,Income,Bonus,69187.0,Upi,Jaipur,Online course
T6841,U017,2024-12-01,Expense,Food,3969.0,Cash,Mumbai,Lunch
T7443,U059,2023-01-03,Expense,Food,3262.0,Bank_Transfer,Bangalore,Shopping
T2038,U125,2022-11-06,Expense,Rent,11395.0,Card,Ahmedabad,Train ticket
T6125,U104,2024-09-25,Expense,Rent,8048.0,Cash,Pune,No Notes
T7927,U059,2023-01-13,Expense,Entertainment,955.0,Cash,Chennai,Medicine
T9005,U065,2022-05-29,Income,Others,71096.0,Card,Lucknow,Petrol
T0236,U144,2022-12-14,Expense,Food,3359.0,Cash,Unknown,No Notes
T2343,U006,2022-03-07,Expense,Savings,2971.0,Upi,Kolkata,Doctor consultation
T1811,U072,2024-05-15,Expense,Utilities,5280.0,Upi,Mumbai,Fixed deposit
T9566,U111,2021-05-05,Expense,Utilities,3999.0,Bank_Transfer,Bangalore,Fixed deposit
T10956,U133,2021-02-14,Income,Investment,76935.0,Cash,Unknown,Lunch
T4387,U090,2021-07-21,Expense,Utilities,8026.0,Bank_Transfer,Pune,Lunch
T5153,U049,2023-05-11,Expense,Rent,9669.0,Bank_Transfer,Lucknow,Coffee
T13288,U096,2022-12-11,Expense,Utilities,982.0,Card,Lucknow,Books
T7767,U061,2021-01-22,Expense,Food,3860.0,Upi,Kolkata,Grocery shopping
T1196,U043,2022-01-05,Expense,Rent,15359.0,Upi,Hyderabad,Gym membership
T4903,U042,2024-12-23,Expense,Rent,5337.0,Upi,Jaipur,Train ticket
T12042,U097,2024-03-18,Expense,Others,7993.0,Card,Ahmedabad,test
T5817,U023,2024-07-08,Expense,Savings,2072.0,Cash,Lucknow,Shopping
T10571,U002,2022-05-28,Expense,Entertainment,6817.0,Cash,Jaipur,Internet bill
T13341,U089,2023-05-21,Expense,Entertainment,9028.0,Card,Pune,Gym membership
T12712,U108,2024-02-15,Expense,Food,9063.0,Bank_Transfer,Chennai,Monthly rent payment
T12770,U038,2023-06-28,Expense,Rent,42628.0,Upi,Delhi,Internet bill
T13514,U050,2021-08-12,Expense,Education,7457.0,Upi,Hyderabad,!!!
T8512,U068,2024-02-19,Expense,Rent,40333.0,Card,Hyderabad,Petrol
T8271,U066,2023-07-24,Expense,Food,4795.0,Cash,Ahmedabad,Electricity bill
T10940,U148,2021-08-28,Expense,Travel,9178.0,Unknown,Mumbai,Restaurant dinner
T11935,U150,2021-08-10,Expense,Food,2678.0,Bank_Transfer,Mumbai,Petrol
T8351,U135,2024-12-21,Income,Freelance,78359.0,Cash,Delhi,!!!
T13721,U138,2021-08-18,Income,Bonus,17142.0,Bank_Transfer,Jaipur,Train ticket
T3178,U012,2021-09-15,Expense,Food,163.0,Cash,Jaipur,Movie tickets
T6983,U092,2024-12-29,Expense,Health,4950.0,Cash,Delhi,No Notes
T5824,U149,2022-01-30,Expense,Travel,5490.0,Bank_Transfer,Hyderabad,Grocery shopping
T8847,U053,2023-02-05,Expense,Food,3096.0,Cash,Mumbai,!!!
T4593,U077,2021-03-07,Expense,Education,7306.0,Cash,Mumbai,Train ticket
T0099,U149,2021-04-16,Expense,Rent,29916.0,Unknown,Delhi,Medicine
T0439,U106,2021-08-15,Expense,Food,3482.0,Bank_Transfer,Kolkata,Medicine
T11349,U037,2023-04-08,Expense,Education,4160.0,Unknown,Jaipur,EMI payment
T0003,U078,2021-08-26,Income,Others,64935.0,Bank_Transfer,Lucknow,!!!
T13823,U023,2022-06-10,Expense,Travel,3654.0,Card,Mumbai,Gym membership
T6277,U024,2023-10-01,Income,Salary,11386.0,Bank_Transfer,Jaipur,Uber ride
T7836,U040,2024-05-19,Expense,Rent,7538.0,Upi,Jaipur,misc
T7932,U132,2024-05-10,Expense,Entertainment,8167.0,Card,Lucknow,Fixed deposit
T6288,U016,2023-09-04,Expense,Food,333.0,Card,Ahmedabad,Books
T7492,U115,2024-11-14,Income,Bonus,55369.0,Cash,Chennai,Restaurant dinner
T2415,U038,2024-10-05,Expense,Utilities,3086.0,Cash,Lucknow,Petrol
T11520,U037,2023-11-28,Expense,Rent,9803.0,Card,Mumbai,test
T12511,U089,2023-08-29,Expense,Rent,8019.0,Card,Mumbai,Lunch
T11943,U009,2023-04-20,Expense,Rent,4176.0,Card,Ahmedabad,Books
T0427,U113,2024-04-14,Expense,Education,2953.0,Card,Bangalore,Coffee
T2484,U048,2021-09-08,Income,Investment,27046.0,Bank_Transfer,Delhi,xyz123
T11793,U081,2024-06-05,Expense,Travel,8760.0,Cash,Ahmedabad,asdfgh
T3644,U113,2022-08-27,Expense,Travel,8868.0,Cash,Unknown,No Notes
T12566,U012,2023-09-02,Expense,Entertainment,2921.0,Unknown,Chennai,test
T12499,U044,2021-10-23,Expense,Entertainment,4173.0,Card,Mumbai,!!!
T9675,U075,2023-01-26,Expense,Travel,4505.0,Upi,Lucknow,No Notes
T6436,U102,2022-03-28,Income,Investment,38733.0,Card,Hyderabad,...
T11201,U028,2024-10-27,Expense,Entertainment,9627.0,Cash,Delhi,Train ticket
T11024,U103,2024-11-13,Income,Salary,55629.0,Upi,Ahmedabad,xyz123
T0279,U110,2021-03-27,Expense,Rent,9470.0,Cash,Ahmedabad,Uber ride
T6912,U103,2023-08-04,Expense,Education,1649.0,Unknown,Pune,...
T12473,U141,2024-01-11,Expense,Food,972.0,Cash,Jaipur,No Notes
T1707,U005,2024-07-11,Expense,Rent,36536.0,Unknown,Lucknow,xyz123
T1957,U076,2022-06-09,Expense,Education,1358.0,Bank_Transfer,Mumbai,Uber ride
T8299,U070,2021-09-06,Expense,Utilities,2540.0,Upi,Ahmedabad,xyz123
T10975,U090,2023-05-01,Income,Others,76554.0,Cash,Lucknow,Petrol
T6021,U022,2022-11-25,Income,Investment,46512.0,Card,Chennai,Grocery shopping
T3315,U023,2023-10-05,Expense,Food,5071.0,Upi,Ahmedabad,Coffee
T13081,U107,2021-10-14,Expense,Entertainment,1016.0,Upi,Pune,No Notes
T12533,U023,2021-10-15,Expense,Food,9780.0,Upi,Lucknow,Internet bill
T4536,U005,2022-01-24,Expense,Utilities,3896.0,Bank_Transfer,Ahmedabad,Grocery shopping
T7511,U077,2022-10-01,Expense,Utilities,5537.0,Bank_Transfer,Delhi,No Notes
T11443,U045,2022-05-07,Expense,Rent,24730.0,Upi,Kolkata,Gym membership
T8029,U144,2022-05-25,Income,Bonus,35072.0,Card,Delhi,EMI payment
T1458,U048,2023-10-19,Expense,Utilities,908.0,Card,Bangalore,xyz123
T13778,U093,2021-07-05,Expense,Travel,4198.0,Cash,Jaipur,Internet bill
T1655,U133,2024-10-19,Expense,Education,8452.0,Upi,Mumbai,Fixed deposit
T2348,U059,2024-05-05,Expense,Utilities,5349.0,Card,Hyderabad,Electricity bill
T11037,U046,2024-07-04,Income,Bonus,40883.0,Bank_Transfer,Delhi,Petrol
T9069,U047,2023-12-29,Income,Investment,46285.0,Bank_Transfer,Ahmedabad,Doctor consultation
T2678,U119,2021-05-15,Expense,Rent,37286.0,Unknown,Ahmedabad,Grocery shopping
T10342,U040,2021-08-04,Expense,Travel,9850.0,Cash,Hyderabad,misc
T4016,U085,2021-07-30,Expense,Food,8981.0,Card,Pune,Medicine
T4757,U058,2023-01-28,Expense,Utilities,7686.0,Cash,Jaipur,misc
T12686,U141,2021-06-28,Expense,Food,3915.0,Bank_Transfer,Hyderabad,Grocery shopping
T0647,U118,2024-05-20,Expense,Entertainment,1921.0,Card,Delhi,Grocery shopping
T9660,U022,2022-08-24,Expense,Food,3865.0,Card,Pune,Online course
T5479,U070,2024-10-31,Expense,Travel,1544.0,Upi,Bangalore,Books
T0658,U121,2022-09-07,Expense,Rent,6591.0,Card,Ahmedabad,!!!
T10776,U080,2021-06-16,Income,Others,32514.0,Cash,Jaipur,Online course
T7923,U097,2024-10-14,Income,Bonus,25258.0,Bank_Transfer,Delhi,Gym membership
T5494,U089,2023-09-16,Expense,Rent,9577.0,Cash,Lucknow,Grocery shopping
T0013,U124,2023-04-02,Expense,Others,7554.0,Bank_Transfer,Chennai,Electricity bill
T10670,U039,2024-12-24,Expense,Food,1476.0,Bank_Transfer,Lucknow,Online course
T4227,U079,2022-02-15,Expense,Food,4873.0,Cash,Ahmedabad,Grocery shopping
T3832,U111,2024-07-02,Expense,Others,8969.0,Card,Jaipur,No Notes
T13779,U111,2021-08-11,Expense,Education,9141.0,Cash,Ahmedabad,Restaurant dinner
T12655,U022,2024-09-03,Expense,Travel,6133.0,Upi,Pune,Shopping
T12956,U131,2024-10-13,Expense,Entertainment,6081.0,Card,Hyderabad,Doctor consultation
T6347,U136,2023-07-23,Expense,Others,8239.0,Card,Lucknow,asdfgh
T0773,U060,2024-06-25,Expense,Food,4538.0,Cash,Delhi,Doctor consultation
T2615,U084,2022-08-06,Expense,Rent,7523.0,Bank_Transfer,Chennai,Electricity bill
T10628,U101,2022-04-28,Income,Freelance,23217.0,Upi,Pune,No Notes
T6930,U048,2022-12-14,Expense,Travel,873.0,Bank_Transfer,Delhi,Train ticket
T8839,U038,2022-06-01,Income,Investment,73885.0,Card,Lucknow,Electricity bill
T4740,U029,2021-05-24,Income,Investment,10926.0,Upi,Lucknow,Electricity bill
T1607,U063,2021-01-03,Expense,Food,6259.0,Cash,Jaipur,Doctor consultation
T3908,U076,2022-02-14,Expense,Education,8887.0,Bank_Transfer,Hyderabad,Coffee
T11606,U080,2022-05-04,Expense,Entertainment,9886.0,Card,Chennai,Petrol
T5881,U136,2021-08-15,Expense,Food,1752.0,Unknown,Chennai,Internet bill
T0705,U003,2023-03-21,Expense,Rent,1974.0,Card,Kolkata,test
T6428,U104,2023-01-27,Expense,Rent,4829.0,Card,Bangalore,Grocery shopping
T7811,U068,2024-07-13,Income,Salary,56796.0,Bank_Transfer,Chennai,Movie tickets
T4554,U033,2024-07-25,Expense,Food,2134.0,Bank_Transfer,Mumbai,test
T11155,U045,2021-10-08,Expense,Rent,1641.0,Bank_Transfer,Chennai,Train ticket
T2388,U141,2024-05-13,Expense,Food,1096.0,Card,Kolkata,No Notes
T8669,U050,2024-06-08,Expense,Rent,8899.0,Upi,Jaipur,Electricity bill
T3095,U053,2021-04-03,Expense,Utilities,8525.0,Upi,Unknown,No Notes
T7438,U143,2024-11-16,Expense,Rent,27362.0,Card,Bangalore,...
T13017,U108,2022-09-13,Expense,Rent,1152.0,Card,Kolkata,Internet bill
T1961,U058,2022-05-28,Income,Others,23191.0,Upi,Hyderabad,No Notes
T12650,U128,2022-11-06,Expense,Travel,7027.0,Cash,Hyderabad,Restaurant dinner
T4426,U039,2021-08-18,Income,Bonus,42668.0,Cash,Hyderabad,No Notes
T4002,U150,2021-08-28,Expense,Food,1093.0,Card,Hyderabad,asdfgh
T10981,U014,2023-07-31,Expense,Entertainment,8542.0,Cash,Mumbai,Internet bill
T5995,U031,2022-01-22,Expense,Travel,7839.0,Card,Bangalore,Books
T2260,U137,2024-07-27,Income,Freelance,58313.0,Bank_Transfer,Hyderabad,ATM withdrawal
T10968,U104,2021-02-07,Expense,Travel,6928.0,Upi,Lucknow,EMI payment
T13903,U026,2022-02-02,Expense,Education,9089.0,Card,Lucknow,Petrol
T10961,U051,2023-03-18,Expense,Utilities,1695.0,Bank_Transfer,Delhi,Electricity bill
T12843,U052,2024-11-23,Income,Investment,54685.0,Upi,Unknown,Monthly rent payment
T11931,U027,2023-08-10,Expense,Food,1620.0,Bank_Transfer,Bangalore,Train ticket
T12508,U036,2022-09-21,Income,Salary,34947.0,Bank_Transfer,Unknown,Grocery shopping
T8722,U098,2023-07-06,Expense,Food,4398.0,Upi,Kolkata,...
T4145,U087,2022-04-15,Expense,Education,5531.0,Card,Ahmedabad,Doctor consultation
T13836,U144,2021-10-19,Expense,Entertainment,3458.0,Cash,Delhi,asdfgh
T9314,U139,2022-01-19,Income,Salary,58526.0,Card,Bangalore,EMI payment
T9908,U092,2021-11-11,Expense,Food,4318.0,Cash,Delhi,Restaurant dinner
T5486,U024,2022-11-06,Income,Salary,51746.0,Upi,Ahmedabad,No Notes
T4390,U040,2021-04-07,Expense,Entertainment,8501.0,Bank_Transfer,Kolkata,Restaurant dinner
T1715,U009,2023-09-15,Expense,Rent,6192.0,Cash,Pune,EMI payment
T5089,U003,2021-06-17,Expense,Food,3829.0,Bank_Transfer,Lucknow,No Notes
T0611,U065,2022-03-08,Income,Freelance,72111.0,Card,Unknown,EMI payment
T7131,U054,2024-02-23,Expense,Others,9313.0,Cash,Pune,ATM withdrawal
T1899,U144,2022-04-11,Expense,Entertainment,5666.0,Cash,Bangalore,asdfgh
T9575,U047,2024-05-22,Expense,Food,1596.0,Cash,Hyderabad,Petrol
T1526,U007,2023-07-23,Expense,Utilities,3735.0,Card,Mumbai,asdfgh
T11172,U054,2022-04-09,Expense,Health,8799.0,Upi,Mumbai,Fixed deposit
T9018,U065,2024-01-05,Expense,Rent,6517.0,Bank_Transfer,Kolkata,!!!
T0897,U133,2024-04-10,Expense,Travel,1096.0,Unknown,Chennai,Electricity bill
T13605,U113,2022-12-17,Expense,Utilities,339.0,Upi,Mumbai,asdfgh
T13090,U055,2024-04-23,Expense,Food,3020.0,Card,Bangalore,No Notes
T9607,U054,2021-05-11,Expense,Entertainment,3713.0,Card,Unknown,Doctor consultation
T8442,U102,2021-01-08,Expense,Utilities,6993.0,Bank_Transfer,Lucknow,No Notes
T3748,U051,2024-08-25,Expense,Entertainment,3689.0,Cash,Pune,Online course
T7481,U121,2023-04-05,Expense,Food,6443.0,Card,Lucknow,Grocery shopping
T4368,U106,2022-12-19,Income,Others,20419.0,Cash,Mumbai,Lunch
T9762,U105,2021-04-13,Income,Others,50731.0,Upi,Delhi,ATM withdrawal
T0179,U037,2024-10-26,Expense,Food,907.0,Cash,Kolkata,EMI payment
T12091,U148,2023-05-11,Expense,Utilities,4194.0,Bank_Transfer,Mumbai,misc
T7256,U029,2022-08-16,Expense,Food,4044.0,Bank_Transfer,Jaipur,Books
T13670,U083,2023-08-15,Expense,Food,3092.0,Cash,Bangalore,Train ticket
T11470,U107,2024-03-29,Expense,Education,6247.0,Bank_Transfer,Bangalore,ATM withdrawal
T6006,U125,2024-04-08,Expense,Savings,1793.0,Cash,Mumbai,Monthly rent payment
T1338,U100,2024-04-02,Expense,Health,5875.0,Bank_Transfer,Kolkata,...
T9217,U003,2023-09-03,Expense,Utilities,9361.0,Upi,Lucknow,Train ticket
T11343,U138,2021-04-24,Income,Others,25503.0,Cash,Lucknow,Monthly rent payment
T4168,U022,2023-04-08,Expense,Food,1335.0,Upi,Jaipur,Online course
T3770,U040,2023-06-26,Expense,Entertainment,1175.0,Bank_Transfer,Unknown,Fixed deposit
T3326,U132,2021-09-09,Expense,Savings,2670.0,Bank_Transfer,Hyderabad,No Notes
T7452,U074,2021-06-11,Expense,Health,4280.0,Bank_Transfer,Hyderabad,Grocery shopping
T1415,U027,2023-11-21,Expense,Rent,24380.0,Upi,Mumbai,Doctor consultation
T1131,U145,2021-02-05,Expense,Entertainment,2912.0,Upi,Kolkata,misc
T11517,U083,2024-11-09,Expense,Education,1967.0,Upi,Kolkata,Grocery shopping
T10113,U121,2021-07-08,Expense,Rent,11268.0,Upi,Chennai,Online course
T13207,U065,2024-09-28,Income,Salary,50409.0,Bank_Transfer,Bangalore,Uber ride
T2564,U076,2021-04-18,Expense,Rent,9518.0,Upi,Mumbai,Doctor consultation
T12410,U130,2021-01-31,Expense,Entertainment,770.0,Upi,Pune,No Notes
T8304,U088,2023-07-23,Income,Freelance,26810.0,Upi,Pune,No Notes
T13517,U071,2024-06-28,Expense,Rent,2778.0,Card,Jaipur,No Notes
T1419,U022,2023-10-20,Expense,Food,9413.0,Unknown,Kolkata,No Notes
T5267,U088,2024-10-04,Expense,Rent,2777.0,Cash,Jaipur,No Notes
T1242,U030,2023-06-25,Expense,Travel,1640.0,Upi,Kolkata,Lunch
T3186,U027,2024-01-14,Expense,Rent,5132.0,Card,Lucknow,test
T4877,U135,2023-06-20,Expense,Education,1163.0,Bank_Transfer,Jaipur,Online course
T3072,U017,2023-04-25,Expense,Utilities,7597.0,Upi,Ahmedabad,No Notes
T13562,U145,2022-09-26,Expense,Food,5984.0,Card,Ahmedabad,Petrol
T8652,U117,2022-09-21,Expense,Food,1241.0,Cash,Jaipur,Coffee
T4101,U010,2024-03-14,Expense,Utilities,8743.0,Unknown,Ahmedabad,Internet bill
T6015,U094,2021-07-28,Income,Salary,20350.0,Bank_Transfer,Bangalore,Grocery shopping
T9141,U074,2023-03-09,Income,Bonus,28444.0,Upi,Unknown,Online course
T7166,U040,2021-09-10,Expense,Education,7284.0,Upi,Kolkata,!!!
T7455,U062,2023-06-25,Expense,Food,5600.0,Upi,Jaipur,No Notes
T10097,U103,2022-08-25,Income,Investment,68186.0,Card,Pune,Gym membership
T8516,U116,2021-05-29,Expense,Savings,6648.0,Bank_Transfer,Mumbai,Internet bill
T2946,U021,2022-12-12,Expense,Utilities,4999.0,Bank_Transfer,Delhi,Online course
T11787,U024,2021-08-26,Expense,Food,5311.0,Bank_Transfer,Bangalore,Train ticket
T3021,U111,2021-09-25,Expense,Food,585.0,Upi,Delhi,Shopping
T1202,U072,2022-12-03,Expense,Travel,7892.0,Bank_Transfer,Hyderabad,Shopping
T9251,U044,2021-07-16,Expense,Utilities,6241.0,Upi,Hyderabad,Medicine
T1954,U008,2023-02-10,Expense,Rent,15177.0,Bank_Transfer,Delhi,No Notes
T0811,U142,2021-10-24,Expense,Education,8562.0,Unknown,Delhi,Internet bill
T3710,U143,2022-07-07,Expense,Food,6363.0,Cash,Chennai,Movie tickets
T5196,U026,2022-02-01,Expense,Rent,21341.0,Upi,Jaipur,test
T7859,U098,2021-08-24,Income,Freelance,17069.0,Card,Jaipur,Books
T10812,U107,2024-10-17,Income,Others,64313.0,Cash,Pune,No Notes
T7944,U022,2024-07-22,Income,Investment,57757.0,Unknown,Chennai,Lunch
T10762,U059,2021-01-17,Expense,Travel,7225.0,Cash,Unknown,Coffee
T12672,U022,2024-12-23,Expense,Others,2524.0,Cash,Delhi,No Notes
T3831,U147,2023-04-11,Expense,Others,2086.0,Cash,Bangalore,asdfgh
T9612,U063,2024-01-04,Expense,Health,6455.0,Cash,Bangalore,No Notes
T9015,U049,2021-02-14,Expense,Savings,6269.0,Cash,Kolkata,EMI payment
T1521,U001,2023-12-07,Expense,Others,882.0,Upi,Delhi,Monthly rent payment
T6283,U106,2021-06-19,Expense,Utilities,507.0,Bank_Transfer,Ahmedabad,ATM withdrawal
T11247,U037,2023-11-27,Expense,Entertainment,998.0,Card,Bangalore,misc
T9151,U146,2023-09-18,Expense,Food,8437.0,Card,Jaipur,test
T9551,U112,2022-08-21,Expense,Food,4023.0,Upi,Chennai,Electricity bill
T7678,U002,2022-06-25,Expense,Entertainment,775.0,Card,Pune,No Notes
T5775,U116,2024-07-25,Expense,Rent,1130.0,Card,Bangalore,Fixed deposit
T10045,U002,2022-05-12,Expense,Food,3573.0,Bank_Transfer,Bangalore,No Notes
T4513,U087,2021-05-22,Expense,Food,4040.0,Bank_Transfer,Unknown,No Notes
T2422,U036,2024-09-14,Expense,Food,2214.0,Cash,Pune,Train ticket
T2994,U136,2021-12-05,Expense,Rent,228.0,Card,Pune,Petrol
T10592,U042,2023-12-11,Expense,Travel,4746.0,Card,Kolkata,Shopping
T4767,U007,2021-02-25,Expense,Travel,6664.0,Unknown,Lucknow,Fixed deposit
T2088,U099,2022-09-23,Expense,Travel,3790.0,Bank_Transfer,Bangalore,EMI payment
T4707,U043,2024-04-16,Expense,Rent,6444.0,Cash,Pune,Doctor consultation
T6101,U075,2023-08-15,Expense,Utilities,1376.0,Cash,Mumbai,No Notes
T1204,U110,2021-10-09,Expense,Utilities,9267.0,Unknown,Mumbai,Train ticket
T12023,U096,2023-11-25,Expense,Travel,104.0,Upi,Pune,...
T13182,U123,2023-02-12,Expense,Others,6696.0,Bank_Transfer,Unknown,Online course
T9351,U035,2022-01-18,Expense,Entertainment,2743.0,Card,Jaipur,Shopping
T6097,U114,2024-12-06,Expense,Utilities,798.0,Cash,Ahmedabad,Monthly rent payment
T0413,U075,2021-09-12,Income,Bonus,56061.0,Upi,Jaipur,Doctor consultation
T12724,U048,2021-05-16,Expense,Utilities,8995.0,Card,Unknown,asdfgh
T3824,U034,2021-02-23,Expense,Food,663.0,Upi,Kolkata,Grocery shopping
T2439,U014,2021-08-01,Income,Others,18087.0,Cash,Pune,Electricity bill
T0492,U028,2021-09-16,Expense,Utilities,5705.0,Unknown,Kolkata,No Notes
T5384,U102,2022-05-31,Expense,Rent,9294.0,Cash,Hyderabad,Movie tickets
T5508,U129,2021-03-13,Expense,Rent,1042.0,Cash,Unknown,Coffee
T11441,U122,2023-01-07,Expense,Travel,9244.0,Bank_Transfer,Chennai,EMI payment
T5213,U031,2021-03-31,Expense,Food,4266.0,Upi,Pune,Gym membership
T2045,U072,2023-10-10,Expense,Rent,9658.0,Bank_Transfer,Ahmedabad,Shopping
T1781,U088,2022-06-15,Expense,Rent,4193.0,Cash,Hyderabad,Movie tickets
T0667,U018,2022-10-08,Expense,Food,2270.0,Cash,Ahmedabad,Restaurant dinner
T3800,U004,2022-05-22,Expense,Travel,3433.0,Cash,Bangalore,No Notes
T11244,U123,2023-06-02,Expense,Entertainment,289.0,Cash,Delhi,No Notes
T8797,U043,2024-05-26,Income,Investment,21687.0,Bank_Transfer,Bangalore,Electricity bill
T5181,U132,2023-04-20,Expense,Travel,7575.0,Card,Bangalore,!!!
T13140,U130,2024-12-13,Income,Bonus,28477.0,Upi,Unknown,misc
T12683,U145,2024-03-05,Expense,Savings,8642.0,Cash,Mumbai,test
T3713,U015,2022-11-06,Expense,Health,7353.0,Upi,Mumbai,!!!
T4865,U070,2021-12-10,Expense,Utilities,8693.0,Bank_Transfer,Ahmedabad,Restaurant dinner
T1077,U092,2022-04-01,Expense,Food,4213.0,Cash,Pune,Monthly rent payment
T4435,U053,2021-08-05,Expense,Travel,624.0,Bank_Transfer,Lucknow,Online course
T11199,U143,2022-01-19,Expense,Utilities,4674.0,Upi,Bangalore,Movie tickets
T2970,U092,2023-11-13,Expense,Entertainment,6552.0,Bank_Transfer,Unknown,Monthly rent payment
T11084,U035,2022-10-15,Expense,Utilities,5770.0,Card,Ahmedabad,xyz123
T11054,U047,2022-01-24,Expense,Food,3200.0,Card,Chennai,Coffee
T2776,U031,2023-10-10,Expense,Education,9385.0,Card,Hyderabad,Fixed deposit
T10184,U127,2021-07-19,Expense,Rent,211.0,Card,Hyderabad,EMI payment
T4184,U113,2022-08-30,Expense,Rent,5770.0,Card,Kolkata,Train ticket
T3565,U060,2022-08-05,Expense,Food,7139.0,Card,Ahmedabad,No Notes
T3711,U077,2023-05-02,Expense,Utilities,7738.0,Unknown,Chennai,Train ticket
T2827,U082,2024-04-26,Income,Freelance,30076.0,Card,Unknown,Electricity bill
T9649,U018,2022-02-21,Expense,Travel,7881.0,Upi,Kolkata,Train ticket
T9481,U147,2022-09-17,Expense,Travel,3711.0,Cash,Hyderabad,Books
T5215,U006,2024-03-05,Income,Others,50616.0,Card,Unknown,Medicine
T10647,U084,2022-08-24,Expense,Food,3162.0,Card,Kolkata,Electricity bill
T7297,U016,2022-05-11,Expense,Savings,4621.0,Upi,Bangalore,No Notes
T6186,U041,2021-08-06,Expense,Rent,2012.0,Cash,Hyderabad,Shopping
T8675,U046,2023-05-04,Expense,Rent,8240.0,Bank_Transfer,Lucknow,Lunch
T4341,U082,2021-01-31,Income,Others,33703.0,Bank_Transfer,Pune,Internet bill
T5846,U017,2022-11-21,Expense,Travel,1897.0,Bank_Transfer,Bangalore,No Notes
T6149,U043,2023-05-20,Expense,Rent,23748.0,Upi,Hyderabad,Coffee
T11687,U041,2023-11-30,Expense,Entertainment,4620.0,Cash,Delhi,Books
T7414,U021,2024-04-25,Expense,Health,4578.0,Cash,Hyderabad,asdfgh
T2758,U085,2021-07-19,Expense,Food,1255.0,Card,Jaipur,No Notes
T10879,U080,2021-10-16,Expense,Rent,24421.0,Cash,Mumbai,Internet bill
T11896,U073,2021-05-16,Expense,Travel,9704.0,Cash,Mumbai,Doctor consultation
T0879,U045,2021-08-05,Expense,Rent,216.0,Cash,Pune,Coffee
T6631,U052,2022-05-10,Expense,Education,995.0,Upi,Bangalore,Medicine
T7359,U069,2022-02-23,Expense,Health,5085.0,Upi,Ahmedabad,Monthly rent payment
T7906,U128,2024-07-04,Expense,Food,553.0,Upi,Hyderabad,Lunch
T0377,U073,2022-06-24,Expense,Food,2803.0,Card,Ahmedabad,Electricity bill
T0220,U112,2023-07-01,Expense,Food,5104.0,Cash,Bangalore,Medicine
T9137,U022,2023-11-01,Expense,Education,5269.0,Bank_Transfer,Kolkata,asdfgh
T3876,U017,2023-09-19,Income,Freelance,27272.0,Upi,Delhi,Coffee
T2891,U019,2022-09-15,Expense,Health,7259.0,Bank_Transfer,Pune,asdfgh
T12866,U032,2023-07-30,Income,Others,19148.0,Cash,Delhi,No Notes
T13622,U143,2023-12-08,Expense,Education,7208.0,Cash,Mumbai,xyz123
T5150,U052,2024-07-15,Expense,Travel,7467.0,Cash,Jaipur,Grocery shopping
T2581,U006,2024-08-13,Expense,Others,3791.0,Upi,Pune,Restaurant dinner
T9420,U129,2024-03-12,Expense,Food,2641.0,Bank_Transfer,Bangalore,xyz123
T11977,U138,2021-03-14,Income,Others,47508.0,Card,Unknown,No Notes
T10860,U105,2022-01-04,Income,Salary,66432.0,Bank_Transfer,Pune,Movie tickets
T4274,U070,2022-11-22,Expense,Rent,6273.0,Bank_Transfer,Pune,Restaurant dinner
T5087,U004,2022-10-13,Expense,Travel,1547.0,Bank_Transfer,Lucknow,Shopping
T12258,U123,2023-04-14,Income,Salary,36012.0,Cash,Mumbai,Online course
T0119,U057,2021-03-02,Income,Others,40149.0,Bank_Transfer,Hyderabad,Coffee
T7061,U146,2023-09-02,Expense,Travel,8082.0,Upi,Pune,No Notes
T5238,U139,2022-06-04,Income,Others,45615.0,Upi,Kolkata,Doctor consultation
T7502,U095,2021-07-05,Expense,Travel,7539.0,Upi,Mumbai,asdfgh
T10915,U112,2023-01-24,Expense,Health,4696.0,Card,Bangalore,!!!
T0618,U065,2021-04-28,Expense,Utilities,7546.0,Cash,Lucknow,Shopping
T9426,U024,2024-08-01,Expense,Travel,8200.0,Upi,Chennai,test
T9221,U034,2023-05-12,Income,Bonus,53078.0,Upi,Chennai,Petrol
T8115,U037,2024-08-06,Expense,Food,3840.0,Unknown,Jaipur,Gym membership
T8399,U045,2022-08-03,Income,Others,78783.0,Card,Jaipur,No Notes
T10428,U139,2024-07-11,Expense,Education,1120.0,Upi,Jaipur,Lunch
T12933,U126,2024-07-25,Expense,Food,4587.0,Upi,Unknown,Doctor consultation
T4501,U130,2024-11-28,Expense,Utilities,9750.0,Upi,Delhi,test
T10341,U068,2023-03-25,Expense,Education,4986.0,Upi,Lucknow,Electricity bill
T8393,U061,2021-09-02,Expense,Utilities,9229.0,Upi,Mumbai,Internet bill
T1574,U043,2024-03-27,Income,Others,28003.0,Bank_Transfer,Pune,Monthly rent payment
T7864,U132,2023-08-15,Expense,Entertainment,2599.0,Card,Unknown,Uber ride
T8958,U051,2021-04-04,Expense,Entertainment,9677.0,Card,Lucknow,Medicine
T6042,U129,2022-05-07,Expense,Food,4120.0,Upi,Pune,Coffee
T5915,U019,2023-02-20,Income,Others,51440.0,Bank_Transfer,Delhi,Coffee
T7365,U018,2021-12-09,Expense,Travel,2660.0,Upi,Hyderabad,Electricity bill
T8129,U103,2021-05-18,Expense,Rent,36576.0,Card,Pune,ATM withdrawal
T9213,U111,2021-03-22,Expense,Travel,6829.0,Upi,Chennai,No Notes
T2951,U053,2024-01-21,Income,Salary,20053.0,Card,Jaipur,Restaurant dinner
T6639,U081,2024-06-03,Expense,Entertainment,722.0,Upi,Chennai,Uber ride
T6783,U049,2021-08-24,Income,Investment,69778.0,Bank_Transfer,Pune,!!!
T10393,U137,2022-08-14,Expense,Food,1350.0,Card,Hyderabad,Grocery shopping
T12291,U146,2024-02-01,Income,Salary,213867.0,Cash,Bangalore,No Notes
T1297,U148,2021-06-27,Expense,Food,657.0,Card,Pune,No Notes
T5296,U072,2021-11-18,Expense,Travel,8578.0,Upi,Lucknow,Movie tickets
T7263,U132,2024-06-13,Income,Bonus,75604.0,Bank_Transfer,Delhi,ATM withdrawal
T1381,U025,2022-03-22,Expense,Others,7805.0,Cash,Kolkata,misc
T13390,U143,2021-04-12,Expense,Food,145.0,Card,Pune,Gym membership
T6530,U022,2021-03-04,Expense,Education,8923.0,Bank_Transfer,Jaipur,Restaurant dinner
T5276,U103,2024-10-12,Expense,Food,1035.0,Bank_Transfer,Ahmedabad,Internet bill
T9945,U066,2024-07-29,Expense,Travel,1396.0,Card,Chennai,Internet bill
T7477,U129,2021-08-12,Income,Salary,43834.0,Cash,Kolkata,asdfgh
T6996,U039,2024-03-24,Expense,Food,4026.0,Bank_Transfer,Kolkata,Train ticket
T1543,U014,2022-12-31,Expense,Others,6492.0,Card,Mumbai,Books
T5642,U118,2023-01-23,Expense,Food,824.0,Card,Lucknow,Doctor consultation
T9930,U060,2023-10-27,Expense,Rent,5175.0,Bank_Transfer,Bangalore,test
T2262,U020,2021-03-19,Expense,Entertainment,4398.0,Bank_Transfer,Ahmedabad,Electricity bill
T6737,U107,2022-02-27,Income,Salary,245156.0,Unknown,Pune,!!!
T3258,U096,2021-06-03,Expense,Rent,6051.0,Upi,Bangalore,Shopping
T4031,U005,2023-11-01,Expense,Utilities,2301.0,Bank_Transfer,Ahmedabad,misc
T2219,U012,2021-02-18,Income,Freelance,40590.0,Card,Chennai,xyz123
T12007,U038,2023-08-09,Expense,Rent,6961.0,Cash,Hyderabad,xyz123
T11958,U149,2023-04-28,Expense,Food,4252.0,Cash,Pune,Petrol
T9147,U041,2023-08-13,Expense,Food,5783.0,Cash,Mumbai,Gym membership
T5612,U009,2021-09-06,Expense,Rent,40318.0,Upi,Lucknow,Internet bill
T5569,U109,2021-06-09,Expense,Travel,2226.0,Cash,Unknown,!!!
T6028,U009,2024-11-09,Expense,Food,6252.0,Bank_Transfer,Bangalore,!!!
T8355,U071,2022-04-29,Expense,Rent,42162.0,Bank_Transfer,Lucknow,Coffee
T2001,U078,2022-05-11,Expense,Food,3844.0,Cash,Ahmedabad,Doctor consultation
T0507,U073,2024-06-14,Expense,Health,2575.0,Bank_Transfer,Kolkata,ATM withdrawal
T3195,U040,2021-03-14,Expense,Entertainment,2323.0,Bank_Transfer,Ahmedabad,Gym membership
T13539,U059,2021-03-24,Expense,Utilities,5223.0,Cash,Kolkata,Medicine
T2676,U108,2022-06-04,Expense,Food,4856.0,Upi,Pune,Petrol
T10984,U111,2021-07-03,Expense,Food,6809.0,Upi,Pune,!!!
T8407,U020,2024-11-10,Expense,Food,3368.0,Bank_Transfer,Bangalore,Coffee
T10027,U056,2021-03-31,Expense,Food,721.0,Card,Bangalore,Gym membership
T7122,U075,2021-10-03,Income,Bonus,65623.0,Cash,Hyderabad,test
T1960,U058,2024-12-29,Income,Salary,65957.0,Card,Mumbai,Medicine
T5531,U144,2022-11-08,Expense,Food,9343.0,Upi,Delhi,Petrol
T10223,U039,2021-04-21,Expense,Others,5887.0,Cash,Kolkata,misc
T3506,U072,2022-03-21,Expense,Travel,8063.0,Card,Bangalore,Lunch
T5689,U147,2021-04-19,Expense,Utilities,3802.0,Bank_Transfer,Delhi,test
T1755,U081,2021-01-16,Expense,Food,4554.0,Unknown,Delhi,Doctor consultation
T9246,U082,2024-10-24,Expense,Food,2023.0,Bank_Transfer,Kolkata,No Notes
T12979,U072,2024-04-23,Expense,Food,3919.0,Card,Ahmedabad,No Notes
T5706,U059,2022-03-05,Income,Freelance,22324.0,Cash,Pune,Coffee
T0196,U025,2021-04-04,Expense,Food,7271.0,Upi,Pune,test
T6958,U140,2024-04-23,Expense,Education,6436.0,Cash,Ahmedabad,Restaurant dinner
T13580,U018,2023-01-08,Expense,Rent,7751.0,Bank_Transfer,Mumbai,Online course
T2334,U074,2024-07-11,Expense,Entertainment,7517.0,Card,Delhi,Electricity bill
T1786,U042,2021-04-03,Expense,Food,4195.0,Bank_Transfer,Kolkata,Doctor consultation
T13067,U046,2022-08-12,Income,Bonus,38497.0,Cash,Delhi,Train ticket
T0286,U136,2023-09-18,Expense,Food,2642.0,Card,Jaipur,No Notes
T11058,U127,2024-08-25,Expense,Entertainment,6674.0,Card,Mumbai,No Notes
T12868,U005,2024-11-16,Expense,Entertainment,1754.0,Cash,Lucknow,Petrol
T5974,U047,2021-09-07,Expense,Education,4297.0,Card,Ahmedabad,Grocery shopping
T3981,U002,2024-09-21,Expense,Food,2324.0,Cash,Pune,Internet bill
T13124,U069,2024-02-15,Expense,Food,886.0,Upi,Pune,No Notes
T13674,U002,2024-10-30,Expense,Utilities,5727.0,Upi,Mumbai,No Notes
T13459,U098,2024-05-12,Expense,Utilities,7572.0,Cash,Kolkata,Electricity bill
T10975,U018,2023-02-17,Expense,Utilities,185.0,Upi,Pune,Shopping
T6030,U051,2022-01-26,Expense,Rent,5075.0,Unknown,Ahmedabad,Grocery shopping
T3424,U082,2021-12-05,Expense,Utilities,4022.0,Bank_Transfer,Pune,Train ticket
T8297,U138,2024-07-18,Expense,Food,6217.0,Cash,Jaipur,xyz123
T7120,U009,2023-03-07,Expense,Rent,13682.0,Cash,Delhi,Fixed deposit
T8555,U055,2021-01-27,Expense,Food,8793.0,Upi,Unknown,asdfgh
T10238,U029,2023-05-25,Expense,Health,3658.0,Bank_Transfer,Bangalore,Doctor consultation
T5222,U063,2021-12-31,Expense,Travel,7061.0,Upi,Kolkata,xyz123
T6481,U041,2023-06-12,Expense,Others,2037.0,Bank_Transfer,Mumbai,Online course
T13261,U069,2023-04-14,Expense,Utilities,3389.0,Card,Mumbai,No Notes
T12910,U024,2021-07-07,Expense,Health,8777.0,Bank_Transfer,Ahmedabad,Petrol
T10672,U145,2022-12-07,Income,Others,77593.0,Bank_Transfer,Chennai,Grocery shopping
T4188,U044,2024-05-23,Expense,Travel,2673.0,Cash,Delhi,Electricity bill
T8368,U033,2023-03-04,Expense,Travel,5127.0,Card,Chennai,Petrol
T3394,U017,2021-09-16,Expense,Health,6896.0,Cash,Hyderabad,Coffee
T5683,U030,2023-06-03,Expense,Rent,5412.0,Bank_Transfer,Pune,No Notes
T6082,U143,2023-12-17,Expense,Rent,3940.0,Cash,Jaipur,Doctor consultation
T5050,U007,2022-03-06,Expense,Education,7222.0,Cash,Mumbai,Movie tickets
T11425,U038,2021-05-17,Expense,Entertainment,4925.0,Upi,Hyderabad,Shopping
T10765,U137,2023-09-24,Expense,Food,1624.0,Cash,Kolkata,!!!
T11213,U080,2021-04-17,Expense,Entertainment,4164.0,Card,Hyderabad,Petrol
T7610,U079,2023-04-01,Expense,Savings,1315.0,Cash,Jaipur,Electricity bill
T9356,U094,2024-02-22,Expense,Food,5213.0,Bank_Transfer,Jaipur,Train ticket
T8099,U093,2024-03-06,Expense,Entertainment,9531.0,Bank_Transfer,Bangalore,Uber ride
T8139,U066,2022-11-25,Expense,Utilities,7809.0,Cash,Ahmedabad,Online course
T9717,U052,2022-03-25,Expense,Education,6963.0,Cash,Pune,Gym membership
T1260,U024,2021-12-30,Income,Investment,73953.0,Card,Jaipur,Electricity bill
T9912,U036,2022-08-04,Expense,Utilities,6660.0,Upi,Bangalore,Lunch
T7049,U033,2022-04-12,Expense,Food,2784.0,Cash,Jaipur,test
T5183,U144,2024-11-03,Income,Investment,64156.0,Cash,Delhi,Monthly rent payment
T12817,U129,2023-07-30,Expense,Utilities,7048.0,Unknown,Mumbai,No Notes
T6830,U038,2022-08-06,Expense,Entertainment,1124.0,Upi,Ahmedabad,Internet bill
T12851,U038,2022-06-12,Expense,Others,1888.0,Upi,Pune,ATM withdrawal
T0715,U136,2021-03-14,Expense,Travel,964.0,Upi,Chennai,EMI payment
T11549,U119,2023-11-06,Expense,Rent,15012.0,Cash,Lucknow,No Notes
T7111,U040,2021-07-22,Expense,Food,3310.0,Cash,Ahmedabad,No Notes
T1699,U036,2024-01-31,Expense,Entertainment,3582.0,Card,Kolkata,asdfgh
T11500,U075,2024-06-16,Expense,Travel,3156.0,Upi,Bangalore,EMI payment
T5427,U084,2024-02-09,Expense,Utilities,5245.0,Bank_Transfer,Pune,Monthly rent payment
T8391,U064,2022-12-30,Expense,Rent,6250.0,Card,Kolkata,Online course
T6627,U087,2024-01-01,Expense,Utilities,2403.0,Cash,Unknown,Books
T3308,U124,2021-08-27,Income,Freelance,54485.0,Bank_Transfer,Hyderabad,No Notes
T1626,U145,2022-01-30,Expense,Others,3956.0,Bank_Transfer,Kolkata,...
T4449,U137,2023-03-14,Expense,Rent,3320.0,Upi,Unknown,Grocery shopping
T1515,U027,2024-12-07,Income,Salary,66538.0,Cash,Bangalore,No Notes
T12348,U076,2022-05-29,Expense,Food,2407.0,Bank_Transfer,Hyderabad,Movie tickets
T6797,U131,2022-02-08,Expense,Savings,4252.0,Bank_Transfer,Ahmedabad,Shopping
T0585,U038,2024-05-09,Expense,Entertainment,787.0,Upi,Unknown,Uber ride
T1082,U098,2023-08-31,Expense,Rent,2581.0,Card,Pune,Fixed deposit
T13313,U003,2024-03-26,Expense,Food,4739.0,Card,Kolkata,misc
T10513,U050,2024-05-04,Expense,Travel,3605.0,Upi,Delhi,Doctor consultation
T10944,U081,2024-09-28,Expense,Entertainment,4230.0,Upi,Bangalore,Gym membership
T10002,U063,2024-12-18,Expense,Others,9456.0,Cash,Delhi,test
T9288,U143,2022-12-31,Expense,Education,4334.0,Card,Kolkata,Books
T6623,U078,2023-09-15,Expense,Education,503.0,Bank_Transfer,Chennai,test
T9204,U140,2023-10-20,Expense,Food,9391.0,Unknown,Hyderabad,Uber ride
T11137,U090,2022-06-11,Expense,Entertainment,5791.0,Upi,Bangalore,No Notes
T13164,U117,2021-06-20,Expense,Utilities,7835.0,Cash,Delhi,Monthly rent payment
T1385,U026,2022-09-27,Expense,Savings,604.0,Upi,Kolkata,asdfgh
T3994,U130,2022-06-05,Expense,Utilities,8377.0,Upi,Delhi,ATM withdrawal
T5044,U135,2022-01-16,Expense,Rent,3464.0,Cash,Pune,Fixed deposit
T4712,U115,2024-01-30,Expense,Utilities,7134.0,Card,Hyderabad,Online course
T6524,U141,2021-06-15,Expense,Utilities,5546.0,Upi,Kolkata,ATM withdrawal
T3527,U082,2021-11-24,Expense,Travel,330.0,Bank_Transfer,Chennai,Train ticket
T8114,U121,2024-04-21,Income,Investment,58808.0,Card,Hyderabad,asdfgh
T3494,U045,2022-05-07,Expense,Travel,4472.0,Upi,Delhi,No Notes
T13848,U123,2023-04-21,Expense,Food,2027.0,Bank_Transfer,Pune,Gym membership
T3312,U087,2021-08-14,Expense,Education,4867.0,Bank_Transfer,Ahmedabad,ATM withdrawal
T11915,U138,2022-01-08,Expense,Travel,1334.0,Bank_Transfer,Chennai,...
T6635,U039,2021-02-25,Income,Freelance,72857.0,Cash,Jaipur,No Notes
T6475,U058,2022-04-28,Income,Bonus,53734.0,Bank_Transfer,Unknown,Uber ride
T11049,U013,2022-11-01,Income,Investment,71333.0,Bank_Transfer,Chennai,!!!
T8046,U033,2023-09-04,Expense,Rent,2581.0,Cash,Kolkata,xyz123
T8755,U118,2024-11-07,Expense,Food,645.0,Upi,Ahmedabad,...
T1527,U029,2021-01-06,Expense,Utilities,4655.0,Upi,Hyderabad,No Notes
T2983,U098,2023-11-24,Expense,Rent,17314.0,Upi,Hyderabad,Fixed deposit
T4309,U027,2021-12-23,Expense,Education,9998.0,Upi,Unknown,Fixed deposit
T8579,U007,2022-11-20,Expense,Entertainment,2788.0,Bank_Transfer,Chennai,Coffee
T3672,U084,2024-10-12,Expense,Travel,4115.0,Card,Kolkata,Electricity bill
T11584,U144,2022-03-10,Expense,Food,9164.0,Card,Jaipur,asdfgh
T9828,U141,2022-02-02,Income,Salary,59269.0,Card,Pune,Doctor consultation
T1546,U101,2023-08-07,Expense,Rent,15509.0,Unknown,Unknown,Internet bill
T4797,U037,2024-09-03,Expense,Travel,7077.0,Bank_Transfer,Ahmedabad,xyz123
T9972,U025,2023-02-26,Expense,Education,8254.0,Card,Pune,Fixed deposit
T7143,U095,2024-02-02,Expense,Entertainment,1555.0,Upi,Jaipur,Electricity bill
T13374,U107,2021-12-20,Expense,Utilities,5017.0,Upi,Lucknow,Internet bill
T6660,U112,2021-04-09,Expense,Food,2941.0,Bank_Transfer,Kolkata,xyz123
T1142,U120,2024-09-24,Expense,Rent,37994.0,Card,Hyderabad,...
T13868,U121,2022-01-16,Expense,Rent,49122.0,Card,Jaipur,Petrol
T5480,U145,2024-08-16,Expense,Health,1761.0,Unknown,Ahmedabad,!!!
T3464,U115,2022-03-25,Expense,Rent,10003.0,Card,Pune,Coffee
T12467,U015,2021-01-11,Income,Bonus,20062.0,Bank_Transfer,Bangalore,Lunch
T8203,U053,2021-01-23,Expense,Travel,4603.0,Card,Bangalore,!!!
T13070,U057,2024-05-12,Expense,Entertainment,9986.0,Bank_Transfer,Lucknow,Train ticket
T11349,U099,2024-06-03,Income,Salary,63843.0,Card,Mumbai,No Notes
T7149,U024,2021-06-11,Expense,Food,7886.0,Bank_Transfer,Ahmedabad,Internet bill
T5246,U139,2024-12-18,Expense,Rent,6330.0,Card,Delhi,EMI payment
T4033,U061,2022-07-06,Expense,Health,4109.0,Card,Ahmedabad,Electricity bill
T10767,U007,2022-12-12,Expense,Food,4856.0,Cash,Mumbai,Books
T9842,U014,2021-03-23,Expense,Entertainment,2491.0,Unknown,Bangalore,test
T11401,U110,2024-09-28,Expense,Rent,37722.0,Bank_Transfer,Kolkata,!!!
T4763,U133,2022-08-20,Expense,Rent,4508.0,Upi,Mumbai,Internet bill
T7660,U013,2022-03-05,Expense,Rent,9199.0,Bank_Transfer,Lucknow,Doctor consultation
T2864,U073,2021-01-29,Expense,Education,2704.0,Card,Jaipur,!!!
T5538,U085,2023-05-06,Expense,Food,5560.0,Bank_Transfer,Delhi,asdfgh
T3062,U091,2022-10-25,Expense,Food,2080.0,Upi,Delhi,Coffee
T9455,U145,2024-02-11,Expense,Food,1792.0,Card,Delhi,Internet bill
T3622,U066,2021-03-25,Expense,Utilities,279.0,Cash,Ahmedabad,Monthly rent payment
T7807,U015,2024-02-01,Income,Investment,22772.0,Upi,Jaipur,No Notes
T3415,U027,2024-05-02,Expense,Rent,37190.0,Bank_Transfer,Chennai,Electricity bill
T10329,U075,2023-08-06,Expense,Utilities,7919.0,Cash,Chennai,...
T4194,U139,2023-11-08,Expense,Food,1725.0,Upi,Bangalore,No Notes
T6196,U020,2022-01-21,Expense,Education,536.0,Bank_Transfer,Lucknow,misc
T2048,U124,2022-07-13,Expense,Food,4876.0,Card,Jaipur,Medicine
T13772,U120,2022-04-10,Expense,Education,999999.0,Cash,Bangalore,Grocery shopping
T8260,U034,2021-04-29,Expense,Utilities,634.0,Card,Ahmedabad,ATM withdrawal
T4420,U117,2022-01-27,Expense,Entertainment,1670.0,Cash,Kolkata,Fixed deposit
T9844,U024,2024-10-20,Income,Others,43241.0,Upi,Hyderabad,No Notes
T5045,U061,2021-09-20,Expense,Food,3451.0,Card,Bangalore,No Notes
T13378,U012,2022-03-13,Income,Bonus,37131.0,Bank_Transfer,Mumbai,Fixed deposit
T11988,U013,2024-09-23,Expense,Food,442.0,Upi,Unknown,Electricity bill
T5185,U033,2023-07-09,Expense,Travel,7261.0,Card,Pune,Coffee
T9950,U080,2021-11-28,Expense,Utilities,3749.0,Upi,Kolkata,Uber ride
T4640,U126,2024-04-25,Expense,Food,1316.0,Upi,Mumbai,Train ticket
T5168,U024,2023-06-08,Expense,Health,1891.0,Card,Hyderabad,Uber ride
T7703,U017,2023-10-03,Expense,Utilities,877.0,Upi,Hyderabad,Shopping
T10559,U023,2022-09-07,Expense,Others,820.0,Unknown,Lucknow,Fixed deposit
T6077,U103,2023-07-25,Income,Others,25449.0,Card,Jaipur,Restaurant dinner
T7607,U111,2024-10-06,Expense,Rent,7345.0,Unknown,Unknown,ATM withdrawal
T9002,U062,2024-06-17,Income,Bonus,10326.0,Upi,Delhi,misc
T12568,U150,2022-02-18,Expense,Travel,5563.0,Upi,Hyderabad,Books
T9818,U079,2024-05-25,Expense,Others,6372.0,Upi,Pune,misc
T11145,U126,2021-03-11,Income,Freelance,27223.0,Card,Delhi,EMI payment
T5850,U052,2021-10-16,Expense,Rent,4522.0,Cash,Bangalore,Coffee
T9577,U058,2021-01-27,Expense,Rent,3204.0,Cash,Lucknow,Uber ride
T1496,U089,2023-08-19,Expense,Food,4235.0,Unknown,Kolkata,No Notes
T10705,U140,2023-12-22,Income,Others,54330.0,Card,Delhi,ATM withdrawal
T7130,U142,2023-05-21,Income,Others,550580.0,Card,Delhi,Medicine
T6362,U139,2023-11-14,Expense,Food,220.0,Bank_Transfer,Kolkata,Electricity bill
T9970,U034,2023-07-01,Income,Salary,11603.0,Unknown,Kolkata,Petrol
T6642,U135,2023-01-15,Expense,Education,3503.0,Cash,Jaipur,Grocery shopping
T4908,U028,2024-12-28,Income,Freelance,20421.0,Cash,Bangalore,asdfgh
T5952,U060,2023-06-17,Expense,Rent,2970.0,Bank_Transfer,Unknown,Grocery shopping
T13262,U133,2024-11-05,Expense,Education,6357.0,Upi,Mumbai,xyz123
T1826,U140,2024-07-10,Expense,Food,3833.0,Upi,Unknown,Fixed deposit
T9964,U083,2022-07-20,Expense,Rent,9525.0,Card,Delhi,Restaurant dinner
T4322,U080,2022-03-13,Income,Investment,46178.0,Upi,Kolkata,!!!
T0742,U047,2022-02-27,Expense,Travel,9960.0,Upi,Unknown,Grocery shopping
T9197,U091,2024-08-17,Expense,Entertainment,9838.0,Card,Mumbai,!!!
T2949,U073,2023-09-15,Expense,Education,7275.0,Cash,Pune,test
T8339,U094,2024-07-04,Expense,Education,9891.0,Cash,Ahmedabad,Grocery shopping
T9695,U043,2024-07-19,Expense,Entertainment,999999.0,Cash,Ahmedabad,EMI payment
T1514,U104,2021-06-12,Expense,Rent,6362.0,Cash,Hyderabad,Uber ride
T5312,U074,2024-01-08,Expense,Food,2115.0,Bank_Transfer,Kolkata,Coffee
T3823,U092,2021-10-31,Expense,Rent,49062.0,Bank_Transfer,Jaipur,...
T0305,U022,2021-06-07,Expense,Entertainment,999999.0,Card,Bangalore,Coffee
T12390,U032,2021-10-09,Expense,Entertainment,4446.0,Card,Kolkata,Medicine
T1167,U001,2023-11-01,Expense,Entertainment,8348.0,Cash,Kolkata,Electricity bill
T13702,U013,2024-02-06,Expense,Utilities,6822.0,Bank_Transfer,Lucknow,Monthly rent payment
T5645,U090,2023-03-16,Expense,Food,5058.0,Card,Unknown,Gym membership
T4358,U108,2021-05-25,Income,Investment,58968.0,Cash,Delhi,Restaurant dinner
T5417,U020,2023-10-19,Expense,Utilities,9480.0,Upi,Delhi,Doctor consultation
T8753,U128,2022-10-31,Expense,Travel,5560.0,Upi,Mumbai,Fixed deposit
T4217,U150,2022-10-17,Expense,Food,4012.0,Card,Kolkata,Monthly rent payment
T4627,U127,2024-02-07,Expense,Food,4603.0,Card,Mumbai,Books
T0137,U099,2023-02-11,Expense,Rent,1454.0,Cash,Kolkata,Petrol
T3984,U097,2021-12-16,Expense,Entertainment,4331.0,Cash,Hyderabad,No Notes
T9431,U139,2022-08-20,Expense,Food,6007.0,Card,Jaipur,Movie tickets
T2375,U125,2022-12-24,Expense,Others,9581.0,Bank_Transfer,Delhi,Petrol
T11684,U045,2023-02-23,Expense,Food,3690.0,Card,Pune,Internet bill
T11968,U087,2024-10-21,Income,Investment,28908.0,Card,Kolkata,...
T5052,U082,2022-03-04,Expense,Food,4040.0,Bank_Transfer,Kolkata,Internet bill
T1872,U042,2024-02-28,Expense,Food,111.0,Bank_Transfer,Chennai,No Notes
T5165,U058,2022-02-11,Expense,Rent,2619.0,Card,Jaipur,Restaurant dinner
T8248,U026,2021-09-27,Expense,Food,4037.0,Upi,Jaipur,Books
T4862,U071,2022-09-22,Expense,Health,596.0,Cash,Unknown,Lunch
T0035,U133,2021-06-25,Expense,Food,4070.0,Bank_Transfer,Lucknow,misc
T1622,U102,2024-05-23,Expense,Entertainment,7656.0,Upi,Lucknow,No Notes
T2965,U046,2021-04-13,Expense,Rent,8384.0,Bank_Transfer,Delhi,...
T10412,U037,2024-04-01,Income,Others,25678.0,Bank_Transfer,Mumbai,Restaurant dinner
T9308,U102,2022-01-16,Expense,Rent,9284.0,Cash,Kolkata,Grocery shopping
T1382,U149,2021-05-10,Income,Bonus,24104.0,Card,Delhi,!!!
T9608,U130,2022-04-17,Income,Others,21175.0,Upi,Bangalore,Gym membership
T9226,U027,2024-11-13,Income,Others,25701.0,Bank_Transfer,Chennai,misc
T9024,U113,2023-11-06,Expense,Utilities,907.0,Upi,Chennai,No Notes
T7037,U035,2023-04-27,Expense,Food,497.0,Upi,Chennai,No Notes
T1373,U135,2023-03-12,Expense,Rent,7453.0,Card,Delhi,Lunch
T0070,U040,2024-04-09,Income,Others,68838.0,Upi,Delhi,No Notes
T1335,U102,2024-03-08,Income,Freelance,68176.0,Cash,Chennai,asdfgh
T2191,U126,2021-03-20,Expense,Travel,6624.0,Upi,Lucknow,Movie tickets
T8674,U099,2021-05-22,Expense,Entertainment,9602.0,Upi,Delhi,Coffee
T5809,U086,2023-07-20,Expense,Rent,24848.0,Upi,Chennai,!!!
T1839,U131,2021-02-15,Expense,Food,8737.0,Card,Pune,No Notes
T7692,U059,2024-06-13,Expense,Education,9314.0,Bank_Transfer,Unknown,Movie tickets
T1299,U133,2024-08-18,Expense,Education,2594.0,Unknown,Chennai,No Notes
T2938,U043,2024-03-24,Expense,Savings,259.0,Bank_Transfer,Hyderabad,Monthly rent payment
T9086,U035,2021-07-27,Expense,Entertainment,5587.0,Unknown,Bangalore,No Notes
T5323,U068,2023-03-05,Expense,Entertainment,9315.0,Cash,Delhi,Internet bill
T11846,U079,2021-05-13,Expense,Travel,8347.0,Cash,Bangalore,EMI payment
T5753,U016,2024-10-07,Expense,Food,3644.0,Upi,Hyderabad,Lunch
T6156,U007,2023-07-09,Expense,Food,1491.0,Upi,Mumbai,Lunch
T8161,U144,2024-06-26,Income,Investment,60740.0,Cash,Mumbai,Medicine
T2271,U139,2024-02-02,Expense,Rent,3753.0,Upi,Hyderabad,Medicine
T1605,U143,2021-05-22,Expense,Travel,7640.0,Upi,Kolkata,Lunch
T11040,U146,2024-11-26,Expense,Travel,9855.0,Upi,Delhi,Gym membership
T5345,U023,2023-02-08,Expense,Entertainment,3692.0,Unknown,Mumbai,Doctor consultation
T7973,U077,2023-06-10,Income,Others,10693.0,Bank_Transfer,Ahmedabad,EMI payment
T7577,U121,2024-10-23,Expense,Rent,8540.0,Cash,Lucknow,Medicine
T5097,U101,2022-07-19,Expense,Entertainment,7319.0,Bank_Transfer,Jaipur,Doctor consultation
T7260,U115,2022-09-30,Expense,Travel,7921.0,Cash,Unknown,No Notes
T8429,U133,2024-09-23,Expense,Education,8251.0,Cash,Kolkata,Electricity bill
T2249,U001,2024-12-23,Expense,Health,1122.0,Upi,Mumbai,...
T4034,U130,2024-01-01,Income,Bonus,63932.0,Card,Mumbai,No Notes
T12792,U090,2021-06-18,Expense,Others,7710.0,Upi,Bangalore,Movie tickets
T3844,U003,2022-07-14,Expense,Entertainment,5784.0,Card,Pune,Fixed deposit
T7464,U104,2022-07-29,Income,Salary,29590.0,Cash,Jaipur,Movie tickets
T3101,U140,2022-09-16,Expense,Food,4799.0,Upi,Bangalore,Movie tickets
T6951,U012,2024-10-03,Expense,Rent,25493.0,Card,Ahmedabad,Petrol
T1262,U125,2023-01-07,Expense,Rent,8623.0,Card,Unknown,ATM withdrawal
T3673,U145,2023-04-09,Expense,Savings,2421.0,Card,Delhi,Gym membership
T7265,U017,2023-04-13,Expense,Food,2405.0,Upi,Bangalore,Doctor consultation
T0365,U024,2021-09-08,Expense,Travel,3965.0,Card,Kolkata,Electricity bill
T2954,U102,2023-06-02,Expense,Utilities,1697.0,Card,Chennai,No Notes
T12118,U102,2023-01-29,Expense,Rent,21911.0,Unknown,Unknown,Restaurant dinner
T7269,U019,2024-08-20,Expense,Entertainment,1233.0,Bank_Transfer,Chennai,Electricity bill
T1269,U057,2023-05-05,Expense,Food,252.0,Card,Hyderabad,EMI payment
T7564,U128,2021-05-03,Expense,Food,2969.0,Upi,Lucknow,Lunch
T12354,U148,2021-04-27,Expense,Rent,34322.0,Cash,Ahmedabad,xyz123
T10137,U065,2023-08-23,Expense,Travel,3063.0,Bank_Transfer,Kolkata,No Notes
T4443,U117,2024-07-25,Expense,Education,3905.0,Bank_Transfer,Hyderabad,!!!
T4721,U036,2021-09-02,Expense,Utilities,749.0,Cash,Kolkata,Grocery shopping
T8408,U054,2021-06-12,Expense,Education,7016.0,Cash,Ahmedabad,Fixed deposit
T6250,U014,2022-07-25,Expense,Travel,2825.0,Bank_Transfer,Jaipur,...
T8816,U046,2024-06-23,Expense,Rent,4266.0,Card,Jaipur,Grocery shopping
T7224,U102,2023-11-19,Expense,Food,512.0,Card,Hyderabad,Medicine
T8362,U014,2022-08-13,Expense,Travel,1482.0,Bank_Transfer,Mumbai,Grocery shopping
T6908,U072,2024-07-20,Expense,Rent,6825.0,Bank_Transfer,Unknown,misc
T9231,U120,2023-12-08,Expense,Entertainment,449.0,Bank_Transfer,Pune,No Notes
T7410,U072,2021-05-01,Expense,Rent,9560.0,Cash,Lucknow,Shopping
T7420,U012,2021-07-28,Expense,Food,3820.0,Cash,Bangalore,Internet bill
T5431,U077,2022-08-30,Expense,Rent,2838.0,Bank_Transfer,Delhi,Train ticket
T5659,U099,2022-08-06,Expense,Rent,25522.0,Upi,Chennai,Uber ride
T5692,U080,2024-05-26,Expense,Rent,4225.0,Upi,Unknown,Medicine
T10008,U098,2023-12-04,Expense,Utilities,179.0,Card,Lucknow,test
T0482,U026,2022-01-04,Expense,Rent,5122.0,Upi,Lucknow,Movie tickets
T7112,U131,2022-11-08,Expense,Entertainment,4988.0,Bank_Transfer,Pune,No Notes
T0760,U122,2022-03-15,Expense,Food,1261.0,Cash,Delhi,Petrol
T8640,U018,2022-12-27,Expense,Food,4935.0,Bank_Transfer,Hyderabad,misc
T6245,U012,2024-05-26,Expense,Health,2555.0,Card,Pune,Internet bill
T8745,U119,2021-02-09,Expense,Health,7636.0,Cash,Chennai,Coffee
T8956,U150,2023-10-12,Expense,Rent,2166.0,Cash,Bangalore,EMI payment
T6931,U079,2022-01-29,Expense,Food,3633.0,Bank_Transfer,Mumbai,Grocery shopping
T8564,U011,2021-04-19,Expense,Utilities,4890.0,Cash,Kolkata,No Notes
T13658,U117,2024-02-19,Expense,Savings,7864.0,Upi,Pune,ATM withdrawal
T6492,U078,2023-01-21,Income,Others,42712.0,Upi,Bangalore,Uber ride
T11543,U090,2021-09-10,Expense,Others,9794.0,Bank_Transfer,Lucknow,Internet bill
T3804,U107,2024-07-02,Expense,Food,5884.0,Unknown,Delhi,ATM withdrawal
T11246,U112,2023-11-05,Expense,Health,2464.0,Upi,Mumbai,Books
T8424,U111,2024-02-28,Expense,Food,8027.0,Upi,Jaipur,Uber ride
T10567,U074,2024-12-07,Expense,Travel,9225.0,Card,Ahmedabad,Restaurant dinner
T10321,U110,2021-11-29,Expense,Food,8156.0,Card,Bangalore,Gym membership
T5455,U112,2023-05-24,Expense,Food,116.0,Card,Bangalore,Train ticket
T6065,U128,2024-02-12,Expense,Rent,999999.0,Cash,Mumbai,No Notes
T0621,U051,2023-04-19,Expense,Rent,41736.0,Cash,Delhi,Restaurant dinner
T5814,U066,2021-10-01,Expense,Utilities,6392.0,Upi,Chennai,Medicine
T10404,U136,2021-12-11,Income,Bonus,32753.0,Card,Delhi,Medicine
T2599,U145,2024-03-30,Expense,Utilities,9957.0,Card,Mumbai,!!!
T12995,U013,2021-12-30,Expense,Travel,6344.0,Card,Unknown,misc
T7849,U045,2021-05-08,Expense,Travel,3176.0,Cash,Kolkata,No Notes
T3573,U141,2022-06-12,Expense,Education,754.0,Upi,Hyderabad,Movie tickets
T9724,U016,2023-11-30,Expense,Rent,7937.0,Bank_Transfer,Jaipur,...
T11895,U070,2022-05-27,Expense,Travel,760.0,Bank_Transfer,Ahmedabad,test
T9706,U106,2024-06-15,Expense,Entertainment,8181.0,Card,Chennai,Lunch
T2431,U019,2021-02-13,Expense,Rent,2657.0,Cash,Delhi,Restaurant dinner
T7647,U048,2022-10-30,Income,Bonus,30953.0,Bank_Transfer,Kolkata,Train ticket
T4177,U029,2024-10-29,Income,Investment,69768.0,Card,Chennai,Fixed deposit
T3976,U097,2022-07-21,Expense,Food,7859.0,Cash,Lucknow,Internet bill
T12996,U030,2022-01-24,Expense,Rent,2376.0,Upi,Mumbai,ATM withdrawal
T9902,U112,2023-03-25,Expense,Food,8973.0,Card,Mumbai,Uber ride
T10452,U076,2022-02-15,Expense,Education,3177.0,Upi,Lucknow,Fixed deposit
T2263,U148,2024-10-22,Expense,Food,3087.0,Card,Mumbai,Restaurant dinner
T0256,U040,2021-08-08,Expense,Savings,7287.0,Card,Ahmedabad,asdfgh
T5816,U008,2023-06-27,Expense,Rent,23603.0,Card,Ahmedabad,ATM withdrawal
T1991,U044,2024-05-14,Expense,Entertainment,4715.0,Card,Hyderabad,Coffee
T13628,U063,2021-03-23,Expense,Entertainment,7405.0,Bank_Transfer,Kolkata,asdfgh
T13685,U094,2021-10-06,Expense,Health,4481.0,Card,Lucknow,Fixed deposit
T12529,U130,2023-01-15,Expense,Education,1184.0,Cash,Lucknow,...
T6089,U088,2023-11-21,Expense,Travel,5325.0,Upi,Ahmedabad,xyz123
T10424,U077,2021-05-24,Expense,Food,833.0,Cash,Kolkata,Coffee
T12255,U091,2024-03-22,Expense,Food,881.0,Bank_Transfer,Chennai,Electricity bill
T0203,U105,2024-05-06,Expense,Food,1611.0,Cash,Lucknow,Fixed deposit
T7205,U104,2023-01-19,Expense,Savings,4898.0,Bank_Transfer,Hyderabad,Books
T12315,U006,2023-10-03,Expense,Entertainment,8775.0,Cash,Pune,Gym membership
T9987,U091,2022-04-13,Expense,Travel,6644.0,Cash,Lucknow,Online course
T12284,U060,2024-12-05,Income,Freelance,57072.0,Upi,Jaipur,No Notes
T11018,U085,2021-04-18,Income,Freelance,44598.0,Bank_Transfer,Mumbai,Doctor consultation
T11829,U112,2024-07-08,Expense,Utilities,999999.0,Upi,Ahmedabad,No Notes
T13426,U015,2024-04-05,Expense,Entertainment,5302.0,Upi,Mumbai,ATM withdrawal
T8611,U100,2024-10-20,Expense,Travel,1992.0,Cash,Unknown,Grocery shopping
T9568,U044,2022-03-04,Expense,Rent,6641.0,Cash,Kolkata,Uber ride
T9741,U062,2022-01-31,Expense,Education,5912.0,Cash,Kolkata,test
T8687,U020,2024-10-19,Expense,Food,1260.0,Card,Jaipur,Gym membership
T3435,U027,2021-07-10,Expense,Entertainment,343.0,Cash,Bangalore,No Notes
T10088,U104,2024-12-05,Expense,Rent,2683.0,Card,Bangalore,No Notes
T7827,U115,2021-09-17,Expense,Education,462.0,Cash,Jaipur,EMI payment
T0038,U033,2023-03-10,Expense,Food,3120.0,Cash,Delhi,Electricity bill
T12936,U039,2024-01-04,Expense,Utilities,4081.0,Cash,Jaipur,ATM withdrawal
T0040,U026,2022-02-03,Expense,Food,664.0,Bank_Transfer,Unknown,ATM withdrawal
T8483,U118,2022-09-22,Expense,Travel,783.0,Cash,Jaipur,Gym membership
T3872,U107,2022-08-21,Expense,Rent,29112.0,Bank_Transfer,Delhi,Gym membership
T11445,U019,2022-02-02,Expense,Food,4797.0,Bank_Transfer,Chennai,Online course
T10422,U011,2023-12-08,Expense,Rent,2508.0,Card,Hyderabad,Movie tickets
T11209,U139,2022-12-10,Expense,Rent,6464.0,Upi,Hyderabad,No Notes
T2462,U105,2021-02-02,Income,Bonus,69323.0,Cash,Kolkata,asdfgh
T12190,U029,2021-03-30,Expense,Utilities,9423.0,Card,Mumbai,Train ticket
T8338,U081,2023-09-30,Expense,Rent,6187.0,Upi,Hyderabad,EMI payment
T11600,U143,2022-04-09,Expense,Rent,38889.0,Upi,Hyderabad,Fixed deposit
T13506,U118,2023-07-16,Expense,Entertainment,790.0,Cash,Kolkata,xyz123
T9247,U046,2022-05-29,Expense,Health,167.0,Cash,Kolkata,Train ticket
T8924,U066,2022-08-17,Expense,Rent,3218.0,Upi,Mumbai,!!!
T13006,U089,2023-03-01,Expense,Rent,10193.0,Card,Hyderabad,Monthly rent payment
T12312,U016,2022-09-23,Expense,Food,301.0,Card,Delhi,Internet bill
T12416,U033,2024-12-11,Expense,Education,5161.0,Upi,Kolkata,xyz123
T1985,U102,2021-02-03,Expense,Food,6557.0,Card,Pune,EMI payment
T10842,U048,2021-04-26,Expense,Travel,6818.0,Card,Pune,Internet bill
T3623,U117,2024-10-13,Expense,Travel,1240.0,Card,Jaipur,ATM withdrawal
T10091,U107,2024-11-23,Expense,Rent,1689.0,Card,Unknown,Lunch
T5731,U025,2021-12-09,Expense,Utilities,1973.0,Card,Delhi,...
T7879,U084,2022-09-12,Expense,Rent,1212.0,Bank_Transfer,Ahmedabad,No Notes
T9570,U103,2022-08-10,Expense,Education,882.0,Bank_Transfer,Unknown,Medicine
T1563,U142,2023-04-09,Income,Investment,37592.0,Cash,Pune,Movie tickets
T11588,U046,2021-12-24,Expense,Food,7995.0,Card,Ahmedabad,Medicine
T8019,U079,2024-11-30,Income,Freelance,40518.0,Cash,Bangalore,Movie tickets
T4278,U035,2024-02-05,Expense,Food,3675.0,Card,Bangalore,Electricity bill
T2754,U107,2023-09-19,Expense,Rent,11161.0,Bank_Transfer,Delhi,!!!
T4381,U091,2024-03-21,Income,Others,75246.0,Upi,Bangalore,test
T11258,U030,2022-10-18,Expense,Utilities,7236.0,Card,Jaipur,ATM withdrawal
T9727,U070,2024-12-03,Expense,Food,2570.0,Bank_Transfer,Chennai,Books
T3030,U053,2023-02-20,Income,Bonus,30490.0,Unknown,Hyderabad,Medicine
T4947,U131,2022-11-06,Expense,Education,6108.0,Bank_Transfer,Jaipur,ATM withdrawal
T9670,U034,2022-11-06,Expense,Education,9328.0,Bank_Transfer,Unknown,asdfgh
T12320,U084,2024-02-07,Expense,Travel,3023.0,Cash,Hyderabad,Gym membership
T0776,U128,2021-03-16,Expense,Food,6856.0,Unknown,Mumbai,Books
T8445,U074,2024-08-12,Expense,Rent,7401.0,Upi,Hyderabad,Online course
T3043,U099,2022-09-07,Expense,Savings,9356.0,Cash,Bangalore,xyz123
T7108,U023,2023-01-27,Expense,Entertainment,8631.0,Upi,Ahmedabad,EMI payment
T9652,U012,2022-05-07,Expense,Food,7954.0,Upi,Kolkata,Books
T2701,U079,2021-03-17,Expense,Entertainment,6530.0,Upi,Hyderabad,Grocery shopping
T10192,U025,2022-09-18,Expense,Utilities,7698.0,Cash,Chennai,asdfgh
T13879,U099,2023-09-18,Income,Investment,73973.0,Unknown,Mumbai,No Notes
T12046,U054,2024-07-22,Expense,Food,2416.0,Cash,Hyderabad,Internet bill
T8288,U046,2024-05-23,Expense,Others,4142.0,Bank_Transfer,Hyderabad,Books
T11144,U009,2024-01-28,Income,Salary,45299.0,Card,Unknown,...
T10512,U075,2022-05-16,Expense,Education,999999.0,Bank_Transfer,Pune,Shopping
T7739,U041,2023-07-23,Expense,Health,3002.0,Bank_Transfer,Mumbai,Lunch
T5745,U107,2021-08-03,Expense,Rent,16470.0,Cash,Delhi,Uber ride
T4888,U106,2022-11-24,Expense,Food,4250.0,Upi,Mumbai,No Notes
T7389,U092,2023-12-07,Income,Bonus,18838.0,Upi,Kolkata,!!!
T12050,U072,2024-06-11,Expense,Education,6177.0,Bank_Transfer,Pune,Restaurant dinner
T0271,U006,2024-07-01,Expense,Food,2415.0,Cash,Kolkata,Medicine
T3543,U041,2021-03-10,Income,Salary,18526.0,Cash,Pune,misc
T10904,U138,2024-03-09,Expense,Food,5401.0,Upi,Lucknow,Shopping
T2115,U054,2023-03-06,Expense,Entertainment,6311.0,Card,Delhi,No Notes
T2123,U109,2021-04-03,Expense,Others,2227.0,Bank_Transfer,Bangalore,ATM withdrawal
T2925,U040,2022-02-14,Expense,Utilities,4950.0,Bank_Transfer,Unknown,No Notes
T7657,U043,2022-01-03,Income,Freelance,456937.0,Card,Pune,...
T13973,U006,2022-08-04,Expense,Education,5481.0,Unknown,Lucknow,asdfgh
T7378,U107,2023-08-30,Expense,Utilities,133.0,Cash,Mumbai,Uber ride
T1529,U093,2021-01-03,Expense,Food,4830.0,Card,Lucknow,No Notes
T8020,U129,2021-01-03,Expense,Travel,3534.0,Bank_Transfer,Ahmedabad,Petrol
T3375,U036,2023-03-30,Expense,Savings,5453.0,Bank_Transfer,Kolkata,Electricity bill
T11238,U044,2024-06-24,Expense,Rent,1701.0,Bank_Transfer,Jaipur,Doctor consultation
T7967,U085,2021-12-27,Expense,Others,1975.0,Bank_Transfer,Unknown,Electricity bill
T0495,U092,2024-02-14,Expense,Rent,9134.0,Upi,Bangalore,Gym membership
T7494,U038,2021-10-07,Expense,Travel,6065.0,Bank_Transfer,Lucknow,No Notes
T2770,U001,2024-11-02,Income,Salary,49068.0,Cash,Mumbai,Lunch
T7402,U132,2024-06-25,Expense,Rent,824.0,Bank_Transfer,Delhi,Grocery shopping
T5501,U127,2024-04-26,Expense,Rent,8519.0,Card,Unknown,Electricity bill
T2782,U140,2024-07-10,Expense,Entertainment,7385.0,Bank_Transfer,Mumbai,No Notes
T1190,U011,2021-08-29,Expense,Rent,1392.0,Bank_Transfer,Hyderabad,Lunch
T7572,U118,2023-11-02,Expense,Education,1917.0,Upi,Hyderabad,Monthly rent payment
T10349,U148,2022-02-01,Expense,Entertainment,5387.0,Bank_Transfer,Unknown,EMI payment
T2176,U072,2024-10-11,Expense,Food,8768.0,Upi,Unknown,misc
T0745,U145,2024-11-17,Expense,Utilities,7185.0,Cash,Kolkata,ATM withdrawal
T0275,U147,2022-10-02,Expense,Entertainment,9619.0,Upi,Bangalore,Petrol
T4106,U026,2024-05-02,Income,Salary,13819.0,Card,Lucknow,...
T1532,U096,2024-10-17,Expense,Utilities,999999.0,Card,Unknown,Coffee
T2769,U132,2023-07-31,Expense,Rent,8812.0,Cash,Mumbai,Coffee
T3103,U100,2023-11-08,Expense,Others,3935.0,Bank_Transfer,Chennai,Shopping
T12791,U150,2023-02-25,Expense,Travel,8070.0,Bank_Transfer,Pune,Uber ride
T13509,U009,2022-09-13,Income,Others,13243.0,Bank_Transfer,Pune,Doctor consultation
T8938,U006,2021-02-09,Income,Freelance,54332.0,Card,Kolkata,xyz123
T8256,U062,2024-06-01,Expense,Food,2417.0,Bank_Transfer,Kolkata,Doctor consultation
T7008,U128,2023-04-29,Expense,Rent,42939.0,Cash,Mumbai,No Notes
T0484,U095,2022-05-26,Expense,Rent,7778.0,Card,Delhi,EMI payment
T13583,U043,2021-02-09,Expense,Health,2707.0,Bank_Transfer,Hyderabad,Movie tickets
T4687,U135,2021-04-01,Expense,Food,4632.0,Bank_Transfer,Pune,ATM withdrawal
T8337,U113,2023-08-11,Expense,Rent,678.0,Upi,Mumbai,Grocery shopping
T13560,U096,2022-01-30,Expense,Food,3518.0,Cash,Hyderabad,Monthly rent payment
T8362,U025,2023-05-01,Expense,Travel,806.0,Card,Lucknow,Uber ride
T7294,U093,2021-10-05,Income,Investment,26841.0,Unknown,Unknown,Monthly rent payment
T12737,U048,2024-11-16,Expense,Rent,43922.0,Cash,Mumbai,No Notes
T10841,U129,2024-12-26,Expense,Utilities,2053.0,Card,Lucknow,No Notes
T13843,U140,2021-06-14,Expense,Health,8863.0,Upi,Jaipur,Electricity bill
T13835,U034,2021-08-23,Expense,Utilities,5816.0,Cash,Hyderabad,Fixed deposit
T0975,U078,2023-11-02,Expense,Utilities,2024.0,Bank_Transfer,Hyderabad,No Notes
T4141,U074,2023-02-18,Expense,Food,3409.0,Upi,Jaipur,Gym membership
T3665,U099,2024-01-21,Expense,Rent,6474.0,Card,Delhi,Medicine
T12352,U148,2022-03-19,Expense,Education,2243.0,Cash,Delhi,Uber ride
T10085,U015,2022-03-20,Income,Salary,72341.0,Card,Unknown,Internet bill
T7869,U126,2022-10-17,Expense,Education,976.0,Upi,Jaipur,Internet bill
T4255,U135,2021-12-13,Expense,Education,6137.0,Upi,Chennai,Lunch
T7929,U075,2021-08-17,Expense,Food,4220.0,Bank_Transfer,Lucknow,xyz123
T13990,U093,2023-01-26,Expense,Food,4242.0,Upi,Unknown,Uber ride
T13928,U078,2023-10-01,Expense,Food,8085.0,Cash,Lucknow,No Notes
T8547,U118,2022-08-10,Expense,Rent,8401.0,Bank_Transfer,Jaipur,Monthly rent payment
T5408,U062,2022-04-16,Expense,Travel,146.0,Cash,Kolkata,Books
T6437,U094,2023-09-11,Income,Others,23923.0,Cash,Kolkata,misc
T3204,U044,2024-01-25,Expense,Food,3890.0,Bank_Transfer,Kolkata,xyz123
T11683,U095,2022-08-25,Income,Salary,42254.0,Upi,Ahmedabad,No Notes
T11638,U120,2021-04-27,Expense,Entertainment,6460.0,Bank_Transfer,Jaipur,No Notes
T12748,U149,2022-04-29,Expense,Education,2624.0,Cash,Delhi,Electricity bill
T3910,U063,2023-11-26,Expense,Entertainment,2984.0,Bank_Transfer,Kolkata,misc
T8758,U148,2024-10-13,Expense,Entertainment,9460.0,Upi,Bangalore,Medicine
T10974,U104,2022-09-13,Expense,Rent,7301.0,Cash,Chennai,Internet bill
T6054,U100,2024-06-30,Expense,Food,2445.0,Upi,Kolkata,No Notes
T10242,U073,2023-09-21,Expense,Rent,8375.0,Bank_Transfer,Kolkata,Coffee
T6026,U065,2023-03-05,Expense,Travel,5047.0,Bank_Transfer,Pune,!!!
T11643,U139,2023-11-11,Expense,Health,1518.0,Bank_Transfer,Delhi,test
T13956,U069,2022-09-02,Income,Others,36762.0,Bank_Transfer,Pune,EMI payment
T1495,U016,2023-06-27,Expense,Utilities,3318.0,Cash,Chennai,Train ticket
T9881,U066,2021-12-03,Expense,Travel,6441.0,Upi,Unknown,Restaurant dinner
T6518,U012,2021-07-13,Expense,Food,9840.0,Bank_Transfer,Pune,Grocery shopping
T11805,U136,2021-08-09,Expense,Savings,5331.0,Bank_Transfer,Pune,asdfgh
T1666,U080,2022-08-19,Expense,Food,3346.0,Cash,Bangalore,Train ticket
T4912,U128,2022-07-04,Expense,Food,4096.0,Cash,Ahmedabad,test
T4502,U048,2023-01-07,Expense,Travel,8217.0,Bank_Transfer,Jaipur,No Notes
T1229,U044,2024-10-23,Expense,Rent,4568.0,Bank_Transfer,Jaipur,Lunch
T5867,U115,2022-03-09,Income,Others,29727.0,Cash,Lucknow,Shopping
T12604,U062,2021-01-27,Expense,Food,4575.0,Cash,Delhi,No Notes
T1108,U026,2022-08-01,Expense,Rent,4670.0,Cash,Mumbai,EMI payment
T9457,U140,2023-07-25,Expense,Utilities,2238.0,Card,Lucknow,ATM withdrawal
T12949,U066,2022-11-09,Income,Freelance,60178.0,Card,Bangalore,Train ticket
T5481,U075,2021-05-15,Income,Others,30618.0,Cash,Kolkata,Doctor consultation
T5043,U114,2022-03-25,Expense,Food,668.0,Card,Delhi,Petrol
T9705,U031,2021-10-08,Expense,Education,4213.0,Card,Bangalore,Online course
T12110,U002,2022-05-21,Expense,Savings,8005.0,Unknown,Kolkata,Coffee
T5341,U057,2023-07-04,Expense,Travel,8784.0,Bank_Transfer,Unknown,Fixed deposit
T8525,U053,2023-01-24,Expense,Entertainment,211.0,Unknown,Delhi,xyz123
T7528,U124,2022-06-09,Expense,Food,6729.0,Unknown,Unknown,EMI payment
T10188,U149,2023-08-26,Expense,Rent,10381.0,Cash,Hyderabad,Lunch
T3887,U090,2021-02-17,Income,Bonus,72923.0,Bank_Transfer,Lucknow,Electricity bill
T6807,U125,2022-06-13,Expense,Food,4259.0,Card,Kolkata,xyz123
T6676,U026,2022-06-27,Expense,Food,4655.0,Card,Unknown,!!!
T4775,U134,2024-10-02,Expense,Food,4592.0,Card,Kolkata,ATM withdrawal
T7750,U092,2023-10-16,Expense,Utilities,6869.0,Upi,Unknown,Coffee
T2037,U073,2024-06-26,Expense,Health,2126.0,Bank_Transfer,Mumbai,...
T0139,U064,2021-08-03,Expense,Food,2023.0,Upi,Bangalore,Books
T3684,U078,2024-07-24,Expense,Rent,19693.0,Bank_Transfer,Hyderabad,Train ticket
T3916,U113,2022-12-13,Expense,Rent,1798.0,Bank_Transfer,Delhi,test
T6597,U060,2022-01-22,Expense,Entertainment,5048.0,Card,Delhi,Coffee
T5625,U095,2022-06-10,Expense,Entertainment,6609.0,Card,Jaipur,Online course
T1464,U023,2024-01-18,Expense,Food,9650.0,Unknown,Lucknow,No Notes
T4703,U052,2023-09-18,Expense,Education,4922.0,Upi,Mumbai,Fixed deposit
T5873,U017,2024-06-02,Expense,Travel,5566.0,Cash,Lucknow,test
T0043,U069,2021-12-25,Expense,Savings,7241.0,Upi,Delhi,Petrol
T10884,U066,2022-03-22,Expense,Others,630.0,Card,Chennai,Gym membership
T0408,U147,2024-12-19,Expense,Rent,45547.0,Card,Mumbai,Restaurant dinner
T8109,U145,2022-11-29,Expense,Rent,8193.0,Cash,Lucknow,No Notes
T4642,U102,2023-12-05,Expense,Food,934.0,Card,Ahmedabad,!!!
T13571,U120,2021-01-28,Expense,Food,3006.0,Card,Pune,xyz123
T5277,U074,2023-09-09,Expense,Rent,19981.0,Unknown,Bangalore,Electricity bill
T3839,U087,2024-10-24,Expense,Travel,5212.0,Upi,Hyderabad,Gym membership
T2657,U034,2021-06-27,Expense,Rent,6714.0,Bank_Transfer,Chennai,Online course
T6823,U028,2024-03-19,Expense,Others,8664.0,Upi,Chennai,test
T13501,U099,2023-05-30,Income,Others,36899.0,Bank_Transfer,Chennai,Grocery shopping
T4098,U063,2024-02-06,Expense,Food,4387.0,Upi,Kolkata,Movie tickets
T8850,U140,2023-03-08,Expense,Utilities,3794.0,Card,Hyderabad,Monthly rent payment
T7551,U094,2021-08-27,Expense,Entertainment,1358.0,Cash,Delhi,Petrol
T6577,U144,2024-04-07,Income,Bonus,62215.0,Card,Chennai,Gym membership
T1930,U115,2023-07-16,Expense,Food,1154.0,Card,Ahmedabad,No Notes
T6546,U149,2022-06-28,Expense,Travel,2772.0,Upi,Mumbai,No Notes
T0107,U093,2021-08-05,Expense,Education,4933.0,Bank_Transfer,Lucknow,misc
T3315,U138,2023-06-09,Expense,Utilities,5585.0,Cash,Hyderabad,EMI payment
T2519,U136,2021-03-12,Expense,Rent,8689.0,Card,Lucknow,test
T9367,U118,2021-01-02,Income,Investment,51266.0,Card,Mumbai,Shopping
T11062,U077,2023-03-23,Expense,Utilities,7938.0,Card,Delhi,test
T10807,U107,2024-10-28,Income,Freelance,74952.0,Cash,Chennai,ATM withdrawal
T11181,U012,2024-09-01,Expense,Travel,8033.0,Upi,Jaipur,No Notes
T0883,U079,2021-08-09,Expense,Rent,6540.0,Upi,Ahmedabad,Restaurant dinner
T1838,U008,2022-07-02,Income,Salary,47094.0,Cash,Kolkata,Restaurant dinner
T13786,U090,2023-05-29,Expense,Others,8500.0,Card,Unknown,Online course
T6311,U062,2024-07-09,Expense,Travel,6887.0,Card,Chennai,Train ticket
T10585,U126,2022-02-17,Expense,Health,126.0,Cash,Unknown,Doctor consultation
T4850,U016,2021-09-02,Expense,Others,4687.0,Cash,Hyderabad,Gym membership
T6892,U090,2023-09-23,Expense,Food,4060.0,Cash,Chennai,No Notes
T11236,U001,2021-05-16,Expense,Travel,8186.0,Upi,Bangalore,Grocery shopping
T0778,U107,2022-05-18,Income,Investment,60666.0,Cash,Jaipur,No Notes
T9411,U127,2022-03-09,Expense,Food,5253.0,Cash,Pune,Monthly rent payment
T9806,U004,2023-10-05,Expense,Rent,1034.0,Bank_Transfer,Chennai,Coffee
T4932,U119,2021-06-01,Expense,Rent,1212.0,Cash,Delhi,...
T13376,U044,2021-07-20,Expense,Entertainment,7303.0,Unknown,Mumbai,ATM withdrawal
T13027,U033,2023-02-25,Expense,Rent,1817.0,Upi,Chennai,Coffee
T8018,U139,2024-07-20,Income,Salary,35930.0,Card,Mumbai,Monthly rent payment
T6866,U036,2024-07-02,Expense,Travel,3928.0,Card,Unknown,Train ticket
T2927,U045,2024-04-01,Expense,Savings,7012.0,Unknown,Bangalore,Petrol
T6471,U007,2024-09-16,Income,Others,59046.0,Bank_Transfer,Bangalore,Internet bill
T5412,U016,2024-08-20,Expense,Food,365.0,Upi,Jaipur,Internet bill
T0938,U141,2024-09-02,Expense,Utilities,6463.0,Bank_Transfer,Lucknow,Restaurant dinner
T7808,U005,2023-12-08,Expense,Travel,9875.0,Upi,Lucknow,Restaurant dinner
T0079,U102,2022-04-28,Expense,Education,5593.0,Bank_Transfer,Ahmedabad,asdfgh
T7665,U089,2024-11-01,Expense,Rent,5391.0,Card,Mumbai,No Notes
T5289,U092,2023-05-29,Income,Freelance,73186.0,Cash,Unknown,No Notes
T13534,U063,2022-03-19,Expense,Savings,3762.0,Upi,Ahmedabad,Grocery shopping
T7796,U027,2023-10-05,Expense,Entertainment,5174.0,Unknown,Unknown,No Notes
T4203,U141,2022-09-28,Expense,Entertainment,6631.0,Upi,Ahmedabad,Gym membership
T12857,U021,2022-05-07,Expense,Utilities,2478.0,Bank_Transfer,Mumbai,Books
T5188,U092,2022-09-27,Expense,Education,1013.0,Card,Kolkata,Uber ride
T4755,U014,2022-08-19,Expense,Education,2624.0,Card,Hyderabad,No Notes
T1379,U072,2022-03-23,Expense,Rent,4561.0,Upi,Kolkata,No Notes
T2705,U079,2024-10-15,Expense,Entertainment,6924.0,Card,Chennai,Internet bill
T3967,U134,2023-04-13,Expense,Entertainment,6150.0,Bank_Transfer,Pune,No Notes
T11679,U149,2023-01-24,Expense,Education,3622.0,Cash,Jaipur,Coffee
T9554,U098,2022-12-04,Expense,Education,6419.0,Upi,Kolkata,Medicine
T13941,U026,2023-03-26,Expense,Food,6497.0,Cash,Delhi,...
T4360,U010,2024-02-21,Expense,Rent,48825.0,Cash,Ahmedabad,No Notes
T2998,U021,2024-08-16,Expense,Savings,8701.0,Cash,Ahmedabad,Books
T6200,U086,2024-10-27,Expense,Others,9188.0,Bank_Transfer,Lucknow,No Notes
T10967,U097,2021-03-27,Expense,Food,4615.0,Cash,Hyderabad,EMI payment
T8259,U041,2022-12-26,Expense,Rent,827.0,Bank_Transfer,Pune,asdfgh
T11788,U023,2022-05-28,Income,Others,47491.0,Card,Ahmedabad,No Notes
T2278,U067,2024-12-02,Expense,Travel,7841.0,Card,Pune,No Notes
T1999,U121,2023-07-31,Expense,Rent,20997.0,Card,Chennai,No Notes
T13060,U133,2024-03-31,Expense,Utilities,8580.0,Cash,Bangalore,No Notes
T9680,U062,2021-08-05,Expense,Food,1160.0,Unknown,Pune,Electricity bill
T6541,U044,2021-02-02,Expense,Utilities,4219.0,Bank_Transfer,Chennai,Electricity bill
T13157,U043,2022-04-17,Income,Salary,65727.0,Cash,Chennai,Books
T11991,U115,2024-01-15,Expense,Food,5578.0,Upi,Hyderabad,No Notes
T5601,U146,2021-08-03,Expense,Travel,2968.0,Unknown,Pune,Electricity bill
T8045,U004,2021-10-17,Expense,Food,3642.0,Card,Lucknow,Shopping
T4989,U096,2023-08-04,Expense,Travel,1587.0,Bank_Transfer,Hyderabad,Movie tickets
T0483,U044,2023-09-03,Expense,Entertainment,2190.0,Card,Kolkata,Electricity bill
T10798,U081,2022-08-06,Expense,Food,4765.0,Card,Bangalore,Shopping
T12825,U078,2022-03-28,Expense,Utilities,3953.0,Upi,Chennai,No Notes
T7925,U047,2023-04-03,Expense,Food,1792.0,Cash,Lucknow,Grocery shopping
T7052,U018,2022-10-20,Expense,Others,3878.0,Upi,Mumbai,Doctor consultation
T6726,U117,2023-02-10,Expense,Travel,2893.0,Upi,Ahmedabad,No Notes
T7456,U047,2024-10-26,Expense,Education,2641.0,Cash,Chennai,Online course
T12334,U148,2024-06-22,Expense,Education,5353.0,Card,Pune,Fixed deposit
T5792,U055,2023-10-30,Expense,Rent,9088.0,Bank_Transfer,Delhi,Petrol
T4011,U123,2021-11-17,Expense,Education,1393.0,Upi,Hyderabad,Lunch
T13391,U002,2022-06-18,Expense,Food,4693.0,Upi,Ahmedabad,Doctor consultation
T4678,U063,2021-02-10,Expense,Food,4283.0,Bank_Transfer,Mumbai,Books
T7747,U043,2021-05-21,Income,Others,36097.0,Bank_Transfer,Mumbai,Restaurant dinner
T12648,U075,2023-11-27,Expense,Food,5756.0,Card,Chennai,Medicine
T4983,U097,2022-10-30,Expense,Food,3158.0,Cash,Ahmedabad,Shopping
T1971,U098,2021-12-08,Expense,Food,9126.0,Cash,Jaipur,!!!
T12362,U046,2024-01-17,Income,Investment,76415.0,Card,Kolkata,Uber ride
T5634,U111,2023-05-26,Expense,Entertainment,1551.0,Upi,Ahmedabad,No Notes
T2529,U144,2022-06-23,Expense,Travel,4502.0,Bank_Transfer,Bangalore,xyz123
T10898,U055,2021-08-18,Expense,Food,999999.0,Bank_Transfer,Lucknow,Shopping
T7145,U019,2021-04-13,Expense,Education,7459.0,Upi,Lucknow,No Notes
T7559,U006,2023-12-02,Expense,Rent,43120.0,Card,Hyderabad,Medicine
T0480,U066,2024-08-23,Expense,Travel,2446.0,Card,Jaipur,Petrol
T8641,U140,2021-06-30,Expense,Food,9065.0,Cash,Delhi,Online course
T10087,U013,2023-07-08,Income,Salary,14034.0,Cash,Mumbai,...
T0250,U117,2024-07-26,Expense,Education,7991.0,Upi,Kolkata,Grocery shopping
T4284,U058,2022-07-04,Income,Others,15675.0,Upi,Pune,Grocery shopping
T10444,U136,2021-10-11,Expense,Travel,4396.0,Bank_Transfer,Bangalore,xyz123
T1948,U064,2023-05-04,Expense,Food,3310.0,Upi,Bangalore,Internet bill
T5324,U112,2022-11-17,Expense,Entertainment,2512.0,Unknown,Jaipur,Monthly rent payment
T12939,U076,2024-09-15,Expense,Utilities,9049.0,Card,Pune,No Notes
T2562,U068,2021-10-22,Expense,Food,999999.0,Unknown,Hyderabad,No Notes
T13773,U131,2024-07-22,Expense,Food,3740.0,Card,Lucknow,Gym membership
T3719,U043,2024-12-08,Expense,Entertainment,5186.0,Upi,Lucknow,No Notes
T10316,U138,2022-04-25,Expense,Health,973.0,Upi,Jaipur,Lunch
T0525,U082,2024-05-16,Expense,Travel,3596.0,Bank_Transfer,Bangalore,Online course
T12450,U114,2022-08-22,Income,Investment,55694.0,Cash,Mumbai,Restaurant dinner
T9678,U088,2023-09-29,Expense,Food,3241.0,Unknown,Unknown,Online course
T12108,U009,2023-10-08,Expense,Rent,21830.0,Cash,Jaipur,Movie tickets
T11010,U086,2023-04-23,Expense,Education,6774.0,Bank_Transfer,Hyderabad,Train ticket
T3333,U045,2024-12-31,Income,Others,21061.0,Upi,Delhi,Grocery shopping
T3585,U002,2023-12-13,Expense,Food,1631.0,Upi,Hyderabad,No Notes
T12481,U119,2021-08-16,Expense,Others,7877.0,Bank_Transfer,Ahmedabad,!!!
T6227,U039,2023-02-01,Expense,Utilities,1483.0,Bank_Transfer,Ahmedabad,Online course
T11091,U038,2024-05-23,Income,Freelance,48282.0,Cash,Delhi,Petrol
T10206,U097,2023-03-09,Expense,Food,1889.0,Bank_Transfer,Lucknow,asdfgh
T11586,U137,2022-10-04,Expense,Utilities,1560.0,Card,Kolkata,Electricity bill
T13045,U102,2024-11-28,Expense,Utilities,5321.0,Upi,Lucknow,Train ticket
T7249,U080,2023-05-17,Expense,Food,7894.0,Upi,Pune,No Notes
T11522,U065,2024-03-28,Expense,Rent,9679.0,Cash,Bangalore,Internet bill
T6208,U133,2024-04-03,Expense,Health,4062.0,Unknown,Ahmedabad,No Notes
T7833,U045,2024-04-16,Expense,Rent,5967.0,Bank_Transfer,Chennai,asdfgh
T7489,U033,2023-07-12,Expense,Entertainment,6317.0,Upi,Hyderabad,Train ticket
T2638,U014,2022-06-08,Expense,Food,5605.0,Card,Lucknow,No Notes
T0855,U043,2021-10-06,Expense,Rent,8509.0,Upi,Chennai,asdfgh
T13469,U031,2021-07-12,Expense,Travel,7846.0,Card,Mumbai,EMI payment
T10750,U058,2021-10-16,Income,Others,33713.0,Cash,Unknown,No Notes
T12531,U069,2023-09-09,Income,Salary,31075.0,Upi,Ahmedabad,Uber ride
T0929,U016,2021-05-18,Expense,Travel,3284.0,Card,Jaipur,Shopping
T10881,U056,2023-09-08,Expense,Rent,3958.0,Cash,Hyderabad,No Notes
T9138,U050,2023-09-28,Expense,Education,9596.0,Cash,Hyderabad,Uber ride
T11628,U100,2023-06-28,Expense,Education,7510.0,Cash,Ahmedabad,xyz123
T11086,U068,2024-09-21,Expense,Entertainment,9794.0,Card,Jaipur,asdfgh
T7783,U096,2024-11-10,Expense,Others,4924.0,Upi,Jaipur,!!!
T13167,U035,2023-02-12,Expense,Travel,3965.0,Card,Pune,misc
T5730,U043,2021-05-26,Expense,Food,3422.0,Card,Jaipur,Movie tickets
T9172,U141,2022-02-06,Expense,Food,1256.0,Bank_Transfer,Mumbai,asdfgh
T7703,U030,2023-03-28,Expense,Food,2753.0,Bank_Transfer,Delhi,No Notes
T6352,U139,2023-05-02,Expense,Savings,9372.0,Upi,Pune,Gym membership
T3011,U140,2023-03-18,Income,Freelance,77128.0,Cash,Delhi,xyz123
T11133,U057,2022-04-30,Expense,Others,1676.0,Upi,Mumbai,No Notes
T6654,U038,2024-05-16,Expense,Utilities,3271.0,Upi,Ahmedabad,Coffee
T10456,U080,2023-12-18,Expense,Travel,3045.0,Cash,Delhi,No Notes
T12698,U113,2023-04-07,Expense,Entertainment,7648.0,Upi,Delhi,Lunch
T5644,U074,2022-07-28,Expense,Food,1633.0,Bank_Transfer,Jaipur,No Notes
T12777,U023,2021-08-25,Expense,Education,990.0,Bank_Transfer,Pune,Internet bill
T8193,U048,2021-04-25,Expense,Rent,12794.0,Unknown,Kolkata,Petrol
T5383,U001,2021-04-10,Expense,Food,1891.0,Cash,Mumbai,Lunch
T2889,U097,2024-08-23,Expense,Utilities,7211.0,Cash,Unknown,Online course
T2331,U052,2021-09-29,Expense,Food,7008.0,Cash,Unknown,No Notes
T2394,U131,2024-04-13,Expense,Education,4796.0,Cash,Pune,Books
T13085,U148,2022-04-29,Expense,Travel,9540.0,Card,Pune,Restaurant dinner
T2934,U058,2022-01-04,Expense,Utilities,8851.0,Upi,Lucknow,ATM withdrawal
T12837,U145,2021-04-11,Expense,Travel,627.0,Cash,Bangalore,!!!
T8251,U101,2022-03-02,Expense,Entertainment,5802.0,Card,Pune,No Notes
T2505,U112,2024-06-19,Expense,Food,1833.0,Bank_Transfer,Lucknow,ATM withdrawal
T11258,U103,2022-03-20,Expense,Rent,9454.0,Upi,Mumbai,No Notes
T6733,U115,2022-11-12,Expense,Savings,7849.0,Cash,Chennai,Internet bill
T1679,U003,2022-11-12,Income,Freelance,54627.0,Card,Hyderabad,Uber ride
T8365,U068,2022-09-20,Expense,Utilities,6901.0,Upi,Hyderabad,Grocery shopping
T13953,U130,2024-06-09,Expense,Others,5376.0,Cash,Unknown,No Notes
T9456,U146,2024-12-05,Income,Freelance,53218.0,Cash,Bangalore,No Notes
T6282,U053,2023-09-09,Expense,Food,7327.0,Upi,Pune,Medicine
T9745,U105,2023-05-28,Income,Others,65899.0,Card,Lucknow,Train ticket
T5103,U053,2024-09-10,Expense,Food,3688.0,Upi,Delhi,No Notes
T9851,U150,2023-05-15,Income,Investment,69950.0,Bank_Transfer,Hyderabad,...
T13162,U057,2022-02-24,Expense,Travel,652.0,Bank_Transfer,Kolkata,No Notes
T5229,U102,2024-07-20,Expense,Others,9515.0,Cash,Unknown,Monthly rent payment
T6571,U132,2021-03-09,Expense,Education,268.0,Upi,Ahmedabad,No Notes
T3286,U072,2021-07-14,Expense,Utilities,6920.0,Unknown,Bangalore,Coffee
T4457,U018,2024-12-22,Expense,Rent,4371.0,Card,Bangalore,misc
T12842,U005,2021-06-01,Expense,Rent,7762.0,Cash,Bangalore,Medicine
T3061,U140,2021-04-18,Income,Freelance,73105.0,Card,Kolkata,Monthly rent payment
T2630,U110,2022-06-11,Expense,Food,9832.0,Upi,Mumbai,Medicine
T9905,U107,2022-04-26,Expense,Health,5300.0,Cash,Kolkata,Coffee
T4447,U026,2024-04-25,Expense,Food,3646.0,Cash,Chennai,xyz123
T13142,U125,2024-10-30,Income,Bonus,79488.0,Cash,Lucknow,Online course
T0300,U055,2023-08-31,Expense,Rent,2627.0,Cash,Bangalore,No Notes
T13915,U022,2021-01-07,Income,Bonus,32634.0,Unknown,Unknown,Grocery shopping
T3379,U094,2023-04-22,Expense,Rent,30379.0,Bank_Transfer,Unknown,Coffee
T0444,U119,2021-05-20,Expense,Rent,4673.0,Unknown,Kolkata,Restaurant dinner
T10011,U137,2024-04-09,Expense,Food,1771.0,Card,Delhi,test
T10977,U075,2024-06-17,Income,Others,67153.0,Bank_Transfer,Pune,EMI payment
T6209,U052,2024-09-26,Expense,Rent,6319.0,Cash,Unknown,No Notes
T12799,U150,2023-07-09,Expense,Utilities,1924.0,Unknown,Unknown,Online course
T13885,U125,2024-10-07,Expense,Savings,4061.0,Cash,Pune,Grocery shopping
T6470,U023,2022-10-03,Expense,Entertainment,6172.0,Unknown,Kolkata,Online course
T9774,U100,2021-07-26,Expense,Rent,6837.0,Cash,Ahmedabad,No Notes
T8032,U064,2024-12-17,Expense,Travel,4856.0,Cash,Bangalore,No Notes
T6039,U015,2024-05-06,Expense,Utilities,5394.0,Cash,Jaipur,Electricity bill
T13738,U107,2023-07-03,Expense,Travel,9050.0,Cash,Kolkata,...
T13035,U051,2022-05-02,Expense,Education,1140.0,Cash,Pune,Medicine
T7617,U033,2024-05-12,Expense,Rent,29543.0,Bank_Transfer,Jaipur,Petrol
T2628,U011,2023-07-10,Expense,Food,4311.0,Upi,Hyderabad,No Notes
T10372,U066,2022-11-06,Expense,Food,2247.0,Cash,Ahmedabad,Uber ride
T6240,U123,2023-06-05,Expense,Entertainment,9644.0,Upi,Hyderabad,misc
T2660,U062,2023-09-09,Expense,Travel,6893.0,Bank_Transfer,Hyderabad,Lunch
T10399,U131,2024-12-30,Expense,Utilities,9468.0,Card,Mumbai,No Notes
T2050,U055,2021-09-24,Expense,Education,3488.0,Bank_Transfer,Mumbai,No Notes
T11356,U039,2022-08-01,Expense,Utilities,9948.0,Cash,Kolkata,EMI payment
T9923,U090,2021-07-16,Expense,Utilities,4918.0,Card,Delhi,xyz123
T4849,U028,2023-01-06,Expense,Others,1125.0,Upi,Kolkata,...
T6110,U081,2022-02-17,Expense,Travel,3244.0,Cash,Kolkata,Monthly rent payment
T9275,U067,2023-01-12,Expense,Rent,16368.0,Upi,Chennai,Gym membership
T0685,U093,2024-09-23,Expense,Rent,23363.0,Upi,Kolkata,No Notes
T9870,U012,2021-07-04,Expense,Health,2976.0,Bank_Transfer,Bangalore,EMI payment
T0534,U101,2024-07-08,Expense,Food,999999.0,Cash,Delhi,xyz123
T9506,U033,2021-06-06,Expense,Food,611.0,Bank_Transfer,Chennai,Lunch
T7002,U134,2023-03-29,Expense,Rent,9778.0,Cash,Bangalore,No Notes
T4917,U044,2022-03-02,Expense,Travel,5889.0,Bank_Transfer,Hyderabad,No Notes
T0825,U091,2024-08-10,Income,Investment,29391.0,Bank_Transfer,Delhi,Shopping
T2876,U056,2022-01-26,Expense,Food,3202.0,Card,Mumbai,No Notes
T3725,U077,2021-09-13,Expense,Utilities,1252.0,Card,Kolkata,No Notes
T5060,U074,2021-04-16,Expense,Utilities,6224.0,Upi,Hyderabad,Fixed deposit
T0837,U033,2023-12-09,Expense,Food,8248.0,Cash,Lucknow,Books
T7074,U145,2024-10-09,Income,Others,71745.0,Upi,Chennai,Internet bill
T12151,U037,2024-03-21,Expense,Travel,6045.0,Cash,Hyderabad,...
T12053,U070,2021-03-24,Expense,Travel,9775.0,Upi,Ahmedabad,Petrol
T12085,U032,2022-04-30,Expense,Utilities,6914.0,Card,Kolkata,No Notes
T12213,U033,2021-08-10,Expense,Education,3305.0,Cash,Pune,Medicine
T7538,U121,2024-05-23,Expense,Utilities,5347.0,Card,Lucknow,Petrol
T5389,U096,2023-09-30,Expense,Food,2847.0,Upi,Bangalore,xyz123
T13735,U078,2021-12-17,Expense,Utilities,999999.0,Card,Delhi,Lunch
T13986,U026,2021-10-03,Expense,Education,1149.0,Card,Ahmedabad,misc
T2879,U063,2023-08-05,Expense,Education,8520.0,Bank_Transfer,Delhi,No Notes
T9351,U149,2024-07-07,Expense,Others,317.0,Unknown,Pune,No Notes
T4857,U119,2021-03-23,Expense,Utilities,6354.0,Cash,Bangalore,No Notes
T13657,U041,2021-12-25,Expense,Travel,7437.0,Bank_Transfer,Hyderabad,test
T10471,U070,2022-08-30,Expense,Food,92.0,Upi,Chennai,Online course
T3138,U004,2024-06-21,Expense,Rent,21746.0,Bank_Transfer,Ahmedabad,Movie tickets
T1302,U091,2023-05-27,Expense,Rent,6142.0,Upi,Chennai,Internet bill
T9109,U014,2023-01-31,Expense,Rent,35978.0,Cash,Unknown,ATM withdrawal
T3618,U036,2022-05-20,Expense,Food,2051.0,Card,Chennai,asdfgh
T8694,U067,2022-03-27,Expense,Entertainment,8733.0,Card,Pune,Movie tickets
T5076,U061,2021-01-18,Expense,Health,3900.0,Upi,Delhi,ATM withdrawal
T12706,U016,2021-07-07,Expense,Travel,7370.0,Bank_Transfer,Kolkata,EMI payment
T13318,U008,2024-11-02,Expense,Food,2814.0,Cash,Bangalore,Train ticket
T10703,U089,2023-09-13,Expense,Rent,5862.0,Upi,Mumbai,xyz123
T2047,U126,2022-11-28,Income,Salary,22865.0,Cash,Unknown,No Notes
T4201,U148,2023-01-10,Expense,Health,4654.0,Bank_Transfer,Unknown,Movie tickets
T2588,U122,2022-11-12,Expense,Entertainment,5792.0,Card,Hyderabad,Shopping
T6359,U004,2021-01-01,Expense,Food,2939.0,Bank_Transfer,Mumbai,No Notes
T10810,U072,2022-12-29,Expense,Travel,8751.0,Bank_Transfer,Jaipur,Books
T13019,U018,2022-12-06,Expense,Food,1650.0,Bank_Transfer,Jaipur,No Notes
T10777,U005,2021-06-23,Expense,Utilities,5744.0,Card,Hyderabad,asdfgh
T7804,U118,2024-02-05,Income,Investment,20996.0,Bank_Transfer,Chennai,Electricity bill
T8057,U067,2021-07-31,Expense,Others,1631.0,Card,Unknown,Electricity bill
T0333,U134,2023-04-24,Expense,Health,8786.0,Card,Kolkata,Gym membership
T6235,U020,2024-10-07,Expense,Utilities,6781.0,Bank_Transfer,Jaipur,No Notes
T6184,U126,2023-11-07,Expense,Rent,8358.0,Unknown,Delhi,Electricity bill
T2169,U148,2024-04-06,Expense,Utilities,6989.0,Cash,Ahmedabad,Movie tickets
T5547,U112,2023-12-10,Expense,Food,8612.0,Cash,Unknown,Shopping
T11984,U132,2023-08-13,Expense,Food,3568.0,Card,Lucknow,test
T9075,U133,2021-05-05,Expense,Rent,4181.0,Upi,Jaipur,Uber ride
T2312,U059,2023-07-01,Expense,Travel,3721.0,Cash,Lucknow,Monthly rent payment
T11858,U110,2024-06-19,Expense,Entertainment,9871.0,Cash,Jaipur,Uber ride
T10937,U022,2021-07-05,Expense,Food,697.0,Card,Lucknow,Grocery shopping
T6941,U097,2023-09-12,Expense,Health,5924.0,Bank_Transfer,Chennai,No Notes
T0159,U070,2022-02-20,Expense,Savings,7735.0,Card,Kolkata,Restaurant dinner
T10084,U089,2023-08-14,Income,Bonus,12254.0,Upi,Lucknow,Train ticket
T1700,U067,2022-03-18,Expense,Others,6000.0,Card,Pune,test
T4913,U068,2023-06-08,Expense,Utilities,6595.0,Card,Pune,Medicine
T1545,U081,2021-05-19,Expense,Travel,1498.0,Bank_Transfer,Unknown,Shopping
T0995,U088,2022-11-07,Income,Others,52079.0,Card,Mumbai,Fixed deposit
T12322,U027,2022-07-10,Expense,Education,423.0,Card,Lucknow,ATM withdrawal
T3370,U013,2024-02-08,Expense,Rent,40988.0,Upi,Ahmedabad,Doctor consultation
T9982,U041,2024-05-29,Expense,Education,1446.0,Unknown,Delhi,ATM withdrawal
T5538,U007,2023-10-08,Income,Bonus,63645.0,Unknown,Kolkata,Movie tickets
T7437,U130,2022-12-29,Expense,Food,9752.0,Unknown,Ahmedabad,asdfgh
T2579,U008,2024-10-28,Income,Investment,23182.0,Card,Hyderabad,misc
T3266,U113,2024-10-23,Expense,Travel,592.0,Upi,Pune,No Notes
T0237,U132,2024-01-07,Expense,Food,4085.0,Bank_Transfer,Ahmedabad,Restaurant dinner
T7360,U002,2022-11-05,Expense,Food,7063.0,Card,Unknown,No Notes
T2224,U081,2021-09-25,Expense,Food,3335.0,Cash,Hyderabad,test
T1819,U118,2021-11-13,Expense,Savings,5516.0,Card,Hyderabad,Coffee
T6698,U117,2023-04-20,Expense,Food,9476.0,Card,Ahmedabad,Electricity bill
T7972,U107,2022-07-26,Expense,Education,4921.0,Unknown,Bangalore,test
T0431,U150,2022-01-03,Expense,Rent,7063.0,Upi,Bangalore,Online course
T12526,U020,2023-04-13,Expense,Health,6022.0,Bank_Transfer,Hyderabad,Fixed deposit
T1289,U128,2023-02-15,Expense,Food,1794.0,Upi,Chennai,Online course
T5126,U099,2023-06-03,Expense,Education,3827.0,Cash,Kolkata,asdfgh
T11948,U084,2023-04-26,Expense,Rent,47325.0,Upi,Chennai,Restaurant dinner
T0303,U021,2024-03-06,Expense,Education,8934.0,Upi,Jaipur,No Notes
T4408,U090,2023-04-30,Expense,Utilities,314.0,Card,Delhi,!!!
T8565,U066,2021-11-07,Expense,Entertainment,3384.0,Card,Chennai,No Notes
T10485,U149,2023-11-08,Expense,Education,9407.0,Cash,Bangalore,Internet bill
T4247,U118,2021-12-08,Expense,Food,1582.0,Cash,Lucknow,No Notes
T3496,U139,2021-07-23,Expense,Food,4399.0,Bank_Transfer,Mumbai,!!!
T0998,U049,2023-11-16,Expense,Utilities,2471.0,Cash,Pune,Lunch
T6389,U055,2024-12-30,Expense,Education,6968.0,Unknown,Bangalore,Shopping
T7364,U138,2022-09-06,Expense,Food,1062.0,Unknown,Kolkata,No Notes
T9875,U130,2021-09-28,Expense,Rent,8910.0,Card,Unknown,Fixed deposit
T8658,U036,2024-12-26,Expense,Rent,2265.0,Card,Hyderabad,Petrol
T8312,U079,2023-10-26,Expense,Utilities,9365.0,Cash,Pune,Internet bill
T12616,U086,2024-03-31,Expense,Food,2034.0,Bank_Transfer,Kolkata,Train ticket
T7045,U022,2023-10-21,Expense,Utilities,384.0,Card,Bangalore,ATM withdrawal
T8215,U115,2024-09-16,Expense,Food,9138.0,Card,Lucknow,EMI payment
T3418,U052,2023-11-13,Expense,Utilities,2617.0,Cash,Bangalore,Petrol
T12084,U021,2022-11-10,Income,Others,46727.0,Bank_Transfer,Kolkata,Petrol
T8761,U002,2023-05-09,Expense,Utilities,5085.0,Cash,Lucknow,No Notes
T12977,U084,2021-03-14,Expense,Entertainment,367.0,Bank_Transfer,Chennai,Coffee
T6406,U079,2024-01-06,Expense,Travel,5813.0,Card,Ahmedabad,!!!
T10660,U081,2021-12-08,Expense,Health,2527.0,Card,Mumbai,Internet bill
T8760,U020,2024-05-12,Expense,Travel,2329.0,Upi,Hyderabad,EMI payment
T12747,U066,2022-05-07,Income,Salary,13928.0,Card,Mumbai,Books
T11472,U116,2023-01-28,Expense,Travel,5618.0,Bank_Transfer,Kolkata,Movie tickets
T11371,U092,2023-01-01,Expense,Travel,1267.0,Upi,Jaipur,Fixed deposit
T13491,U150,2023-07-04,Expense,Utilities,9794.0,Bank_Transfer,Jaipur,No Notes
T11762,U002,2024-09-21,Expense,Travel,7550.0,Upi,Hyderabad,Train ticket
T5279,U135,2021-06-29,Expense,Rent,19022.0,Upi,Bangalore,Online course
T7650,U117,2023-01-27,Expense,Food,2779.0,Upi,Ahmedabad,Electricity bill
T11288,U067,2021-10-25,Expense,Utilities,9612.0,Cash,Delhi,Shopping
T10803,U109,2023-06-14,Income,Bonus,12315.0,Card,Unknown,Gym membership
T4767,U045,2024-03-14,Expense,Food,2913.0,Bank_Transfer,Hyderabad,!!!
T2477,U121,2024-09-28,Expense,Rent,30637.0,Card,Kolkata,Petrol
T11048,U112,2023-08-07,Expense,Travel,1537.0,Cash,Hyderabad,No Notes
T11688,U090,2022-05-17,Expense,Rent,6365.0,Card,Ahmedabad,Fixed deposit
T0649,U052,2021-06-16,Expense,Food,3918.0,Card,Ahmedabad,Train ticket
T5905,U123,2024-05-08,Expense,Entertainment,974.0,Upi,Lucknow,No Notes
T5703,U055,2023-09-11,Expense,Food,7845.0,Cash,Lucknow,Lunch
T12013,U091,2021-08-20,Expense,Education,4398.0,Card,Ahmedabad,xyz123
T5182,U056,2021-04-16,Expense,Savings,7320.0,Bank_Transfer,Mumbai,ATM withdrawal
T12874,U124,2023-02-15,Expense,Entertainment,5791.0,Unknown,Chennai,EMI payment
T3398,U015,2023-07-08,Expense,Rent,2997.0,Unknown,Unknown,Doctor consultation
T11997,U097,2022-12-01,Expense,Travel,5732.0,Card,Mumbai,Grocery shopping
T11068,U092,2024-02-07,Expense,Entertainment,9937.0,Cash,Hyderabad,Online course
T4183,U021,2021-05-10,Expense,Rent,2548.0,Upi,Bangalore,...
T10379,U040,2024-12-21,Expense,Utilities,6183.0,Cash,Delhi,Electricity bill
T12946,U080,2023-03-14,Expense,Utilities,419.0,Upi,Chennai,EMI payment
T4909,U025,2022-10-13,Expense,Rent,4971.0,Cash,Kolkata,Lunch
T1880,U039,2024-06-10,Expense,Entertainment,5107.0,Cash,Lucknow,No Notes
T11756,U026,2023-10-22,Expense,Food,1532.0,Card,Chennai,No Notes
T12784,U117,2021-09-21,Expense,Entertainment,8083.0,Bank_Transfer,Jaipur,Online course
T9873,U122,2024-01-21,Expense,Food,5182.0,Bank_Transfer,Unknown,EMI payment
T11306,U041,2023-05-19,Income,Others,77757.0,Bank_Transfer,Mumbai,Uber ride
T1041,U078,2023-06-16,Expense,Travel,9853.0,Upi,Delhi,Medicine
T6351,U098,2023-02-18,Expense,Food,2673.0,Upi,Jaipur,Monthly rent payment
T4674,U120,2023-03-14,Expense,Rent,7073.0,Cash,Bangalore,No Notes
T3757,U009,2023-01-10,Expense,Rent,7602.0,Bank_Transfer,Delhi,Gym membership
T9503,U025,2022-03-28,Expense,Food,4633.0,Bank_Transfer,Unknown,Fixed deposit
T5897,U068,2022-10-27,Expense,Travel,6703.0,Card,Chennai,test
T4733,U063,2021-01-19,Expense,Others,7401.0,Cash,Delhi,No Notes
T5143,U031,2021-04-20,Income,Investment,48926.0,Card,Delhi,No Notes
T5965,U072,2024-11-08,Expense,Travel,2009.0,Card,Jaipur,misc
T4035,U088,2024-10-18,Expense,Food,7355.0,Upi,Delhi,No Notes
T13048,U119,2023-08-18,Expense,Food,951.0,Bank_Transfer,Chennai,test
T10808,U064,2021-08-20,Expense,Travel,6878.0,Card,Delhi,No Notes
T6265,U088,2024-12-23,Expense,Rent,28798.0,Upi,Delhi,Coffee
T5413,U024,2024-11-12,Expense,Rent,9497.0,Upi,Ahmedabad,test
T13507,U083,2022-08-20,Expense,Utilities,7665.0,Cash,Bangalore,Internet bill
T10564,U043,2021-05-21,Income,Others,51678.0,Unknown,Bangalore,Lunch
T1021,U117,2021-02-13,Expense,Utilities,5351.0,Bank_Transfer,Mumbai,Medicine
T13408,U061,2024-09-15,Expense,Rent,37160.0,Card,Lucknow,No Notes
T0284,U127,2024-04-20,Expense,Rent,21037.0,Card,Mumbai,No Notes
T13160,U089,2024-05-28,Income,Investment,71268.0,Cash,Hyderabad,Monthly rent payment
T10274,U111,2022-03-17,Expense,Travel,7111.0,Cash,Delhi,EMI payment
T6322,U143,2022-08-03,Expense,Entertainment,3570.0,Bank_Transfer,Kolkata,Uber ride
T9423,U087,2021-02-07,Expense,Travel,418.0,Bank_Transfer,Mumbai,Petrol
T2190,U101,2023-12-29,Expense,Food,2853.0,Card,Mumbai,Uber ride
T2513,U027,2022-08-15,Expense,Utilities,2650.0,Upi,Bangalore,Shopping
T6621,U025,2022-12-29,Expense,Entertainment,2292.0,Cash,Ahmedabad,No Notes
T10497,U093,2022-02-13,Expense,Food,1550.0,Upi,Kolkata,ATM withdrawal
T9781,U043,2024-01-04,Income,Freelance,36773.0,Card,Lucknow,Shopping
T11660,U009,2023-11-28,Expense,Food,4374.0,Upi,Bangalore,Doctor consultation
T2030,U091,2021-09-03,Expense,Education,4776.0,Upi,Lucknow,test
T2013,U041,2021-01-05,Expense,Food,8197.0,Cash,Bangalore,asdfgh
T1451,U040,2021-02-21,Income,Others,44657.0,Card,Jaipur,xyz123
T10830,U107,2024-03-21,Expense,Utilities,9814.0,Cash,Lucknow,No Notes
T13929,U090,2022-11-26,Expense,Rent,6677.0,Bank_Transfer,Ahmedabad,Uber ride
T9131,U009,2021-05-14,Expense,Food,9023.0,Upi,Kolkata,Doctor consultation
T13122,U138,2022-10-23,Expense,Food,2627.0,Cash,Lucknow,Medicine
T1232,U103,2022-03-05,Expense,Entertainment,5567.0,Cash,Jaipur,xyz123
T10320,U143,2023-01-21,Expense,Entertainment,6372.0,Card,Mumbai,Petrol
T0957,U004,2024-03-31,Expense,Travel,7119.0,Upi,Unknown,Movie tickets
T3366,U133,2023-04-23,Expense,Rent,7647.0,Upi,Chennai,test
T4475,U139,2023-05-17,Expense,Food,4373.0,Card,Unknown,asdfgh
T5288,U123,2022-04-24,Expense,Travel,9850.0,Card,Pune,EMI payment
T11026,U040,2024-11-21,Expense,Education,8525.0,Upi,Unknown,Movie tickets
T0889,U023,2023-02-23,Expense,Food,311.0,Bank_Transfer,Lucknow,Books
T4932,U113,2021-04-02,Expense,Rent,9098.0,Bank_Transfer,Pune,Lunch
T5158,U021,2022-04-08,Expense,Food,8183.0,Card,Chennai,Internet bill
T2473,U102,2024-01-23,Expense,Savings,6543.0,Card,Bangalore,Fixed deposit
T3766,U077,2024-05-22,Expense,Rent,1215.0,Card,Mumbai,...
T8101,U059,2021-07-21,Expense,Rent,3888.0,Cash,Kolkata,No Notes
T9118,U142,2022-07-28,Expense,Food,2130.0,Card,Lucknow,No Notes
T12176,U130,2023-12-17,Expense,Food,6016.0,Bank_Transfer,Chennai,No Notes
T11053,U049,2022-10-10,Income,Others,55080.0,Cash,Unknown,Gym membership
T7405,U092,2022-11-16,Expense,Rent,8481.0,Unknown,Ahmedabad,asdfgh
T0576,U019,2024-05-10,Income,Others,15471.0,Card,Kolkata,Gym membership
T7663,U062,2023-12-15,Expense,Food,7971.0,Bank_Transfer,Bangalore,No Notes
T3456,U005,2023-05-16,Expense,Utilities,580.0,Cash,Jaipur,misc
T2672,U072,2021-04-09,Expense,Food,5083.0,Upi,Delhi,Train ticket
T3796,U131,2022-04-29,Expense,Rent,5189.0,Upi,Bangalore,test
T1796,U103,2022-11-12,Expense,Rent,1258.0,Upi,Kolkata,Lunch
T0392,U076,2023-03-11,Expense,Food,3919.0,Upi,Bangalore,Train ticket
T3934,U070,2024-02-15,Expense,Utilities,114.0,Cash,Ahmedabad,Train ticket
T11730,U128,2023-11-02,Expense,Food,3287.0,Cash,Chennai,ATM withdrawal
T3569,U130,2022-10-24,Expense,Travel,7211.0,Cash,Jaipur,Gym membership
T3124,U081,2021-02-14,Expense,Travel,8513.0,Upi,Jaipur,Online course
T7590,U070,2024-01-17,Expense,Travel,1134.0,Unknown,Jaipur,No Notes
T13398,U059,2022-12-25,Expense,Rent,5725.0,Card,Delhi,Coffee
T8678,U055,2021-06-11,Expense,Food,4996.0,Bank_Transfer,Pune,misc
T6073,U104,2023-11-27,Expense,Food,79.0,Upi,Bangalore,asdfgh
T7162,U079,2022-08-10,Expense,Travel,7244.0,Cash,Lucknow,No Notes
T6925,U077,2021-06-01,Income,Bonus,49741.0,Card,Kolkata,Gym membership
T12378,U134,2023-09-13,Expense,Rent,12302.0,Cash,Jaipur,ATM withdrawal
T3783,U020,2023-12-16,Expense,Travel,5857.0,Card,Pune,Movie tickets
T6673,U031,2022-08-04,Expense,Travel,1226.0,Upi,Delhi,Fixed deposit
T11158,U127,2024-11-03,Income,Bonus,37975.0,Card,Delhi,...
T8984,U073,2022-09-22,Expense,Rent,29405.0,Bank_Transfer,Ahmedabad,Electricity bill
T2608,U084,2023-03-17,Expense,Food,3746.0,Upi,Mumbai,Books
T2574,U089,2022-12-15,Expense,Travel,9113.0,Card,Mumbai,Doctor consultation
T5882,U139,2021-01-17,Income,Bonus,37741.0,Upi,Bangalore,Monthly rent payment
T10232,U068,2022-08-23,Income,Others,55339.0,Bank_Transfer,Ahmedabad,Shopping
T8925,U067,2024-02-12,Expense,Education,7002.0,Bank_Transfer,Ahmedabad,xyz123
T9407,U072,2021-01-23,Expense,Travel,3681.0,Upi,Pune,Online course
T7103,U020,2021-12-17,Expense,Rent,26210.0,Card,Kolkata,Grocery shopping
T0211,U082,2022-12-01,Expense,Entertainment,3724.0,Upi,Lucknow,No Notes
T3215,U126,2024-01-01,Expense,Education,4235.0,Upi,Pune,No Notes
T13776,U131,2024-12-11,Income,Bonus,17251.0,Upi,Unknown,asdfgh
T11938,U041,2024-06-29,Expense,Rent,8438.0,Upi,Bangalore,Petrol
T6641,U110,2022-05-28,Expense,Entertainment,3030.0,Upi,Chennai,Fixed deposit
T7307,U074,2023-02-01,Expense,Travel,8150.0,Upi,Unknown,Coffee
T8000,U140,2022-02-13,Expense,Travel,7282.0,Upi,Lucknow,No Notes
T5116,U083,2024-08-06,Expense,Rent,9055.0,Upi,Ahmedabad,Restaurant dinner
T3219,U128,2021-03-02,Expense,Utilities,1095.0,Cash,Bangalore,Coffee
T11879,U134,2021-10-26,Expense,Rent,8046.0,Bank_Transfer,Lucknow,Restaurant dinner
T11466,U112,2021-12-26,Expense,Rent,999999.0,Bank_Transfer,Delhi,Monthly rent payment
T2909,U087,2024-11-03,Expense,Education,7718.0,Bank_Transfer,Chennai,Online course
T8935,U061,2024-06-01,Income,Bonus,42468.0,Bank_Transfer,Unknown,Lunch
T13483,U104,2022-03-06,Income,Investment,72645.0,Card,Hyderabad,Restaurant dinner
T0468,U030,2021-08-17,Expense,Utilities,2187.0,Cash,Unknown,xyz123
T9499,U053,2023-07-23,Expense,Entertainment,3574.0,Cash,Lucknow,misc
T7361,U059,2022-05-23,Expense,Rent,9302.0,Card,Hyderabad,Electricity bill
T8164,U029,2021-10-11,Expense,Food,1999.0,Cash,Delhi,Doctor consultation
T2020,U086,2021-01-10,Expense,Food,2899.0,Unknown,Bangalore,misc
T11563,U073,2023-09-01,Expense,Savings,6288.0,Bank_Transfer,Mumbai,ATM withdrawal
T3661,U063,2023-07-23,Expense,Entertainment,511.0,Bank_Transfer,Chennai,Internet bill
T4134,U136,2021-09-22,Expense,Utilities,5459.0,Cash,Bangalore,ATM withdrawal
T8219,U011,2023-08-27,Expense,Health,6802.0,Cash,Jaipur,Lunch
T13260,U063,2023-02-27,Expense,Rent,48417.0,Upi,Hyderabad,Doctor consultation
T3919,U014,2022-06-17,Expense,Food,1838.0,Card,Pune,test
T11186,U001,2022-05-08,Expense,Health,7834.0,Cash,Chennai,Uber ride
T9163,U042,2023-07-03,Expense,Rent,22748.0,Card,Lucknow,No Notes
T9139,U021,2023-04-15,Expense,Travel,3917.0,Card,Pune,Restaurant dinner
T6284,U134,2021-10-20,Expense,Entertainment,3438.0,Unknown,Hyderabad,asdfgh
T3756,U042,2024-07-30,Expense,Travel,8184.0,Upi,Ahmedabad,!!!
T13920,U089,2022-12-24,Expense,Travel,4770.0,Cash,Chennai,Coffee
T0748,U089,2021-10-30,Expense,Food,7173.0,Upi,Jaipur,Petrol
T3035,U106,2022-02-10,Expense,Entertainment,1534.0,Unknown,Chennai,Medicine
T7761,U060,2022-07-05,Expense,Utilities,5420.0,Card,Ahmedabad,xyz123
T2544,U110,2021-10-16,Expense,Rent,1167.0,Bank_Transfer,Ahmedabad,No Notes
T9121,U089,2021-02-16,Expense,Rent,1385.0,Upi,Kolkata,No Notes
T3190,U051,2021-12-09,Income,Investment,15232.0,Upi,Bangalore,Gym membership
T13858,U021,2022-02-15,Expense,Savings,7667.0,Card,Mumbai,!!!
T5300,U023,2021-12-13,Expense,Utilities,2342.0,Cash,Lucknow,Coffee
T5085,U141,2021-12-12,Expense,Entertainment,8622.0,Cash,Kolkata,Doctor consultation
T11266,U009,2022-03-30,Expense,Travel,1745.0,Cash,Lucknow,asdfgh
T9641,U116,2021-05-24,Expense,Others,5112.0,Bank_Transfer,Kolkata,Train ticket
T9448,U014,2022-06-01,Expense,Rent,45085.0,Upi,Mumbai,Grocery shopping
T12372,U135,2022-04-24,Expense,Entertainment,3329.0,Upi,Chennai,ATM withdrawal
T8221,U094,2023-12-23,Income,Bonus,39550.0,Cash,Bangalore,...
T2675,U076,2024-07-08,Expense,Rent,4483.0,Cash,Mumbai,No Notes
T1549,U021,2021-08-24,Expense,Rent,2933.0,Cash,Chennai,No Notes
T7850,U149,2021-08-27,Expense,Food,4853.0,Upi,Pune,Medicine
T4980,U101,2021-03-23,Expense,Entertainment,565.0,Upi,Delhi,Grocery shopping
T11668,U143,2021-03-18,Expense,Food,231.0,Upi,Jaipur,Uber ride
T6735,U128,2022-03-05,Expense,Entertainment,5138.0,Card,Mumbai,Train ticket
T10148,U119,2024-03-17,Expense,Savings,4714.0,Upi,Kolkata,No Notes
T7832,U021,2024-02-24,Expense,Others,2366.0,Bank_Transfer,Kolkata,No Notes
T11140,U095,2023-01-26,Expense,Food,2691.0,Card,Hyderabad,Restaurant dinner
T9699,U023,2024-11-05,Expense,Travel,9738.0,Cash,Hyderabad,Petrol
T7512,U059,2023-12-05,Expense,Food,5526.0,Card,Kolkata,misc
T6567,U148,2022-10-16,Expense,Rent,3622.0,Card,Jaipur,No Notes
T13668,U115,2024-07-08,Expense,Food,7530.0,Card,Mumbai,test
T0311,U068,2021-05-23,Income,Freelance,66525.0,Bank_Transfer,Delhi,Doctor consultation
T0221,U020,2021-02-08,Expense,Entertainment,3585.0,Bank_Transfer,Chennai,ATM withdrawal
T6837,U025,2021-10-24,Expense,Travel,3269.0,Cash,Bangalore,Doctor consultation
T9760,U074,2024-01-31,Expense,Rent,4198.0,Upi,Kolkata,No Notes
T1391,U123,2021-01-17,Expense,Utilities,3532.0,Bank_Transfer,Unknown,Restaurant dinner
T13660,U089,2023-07-14,Expense,Entertainment,6693.0,Cash,Delhi,Petrol
T12824,U088,2022-03-17,Expense,Rent,25754.0,Bank_Transfer,Delhi,Uber ride
T8552,U060,2024-02-08,Expense,Food,8506.0,Cash,Chennai,ATM withdrawal
T12766,U130,2021-10-05,Expense,Rent,16536.0,Upi,Lucknow,Movie tickets
T0452,U014,2021-10-17,Expense,Food,3448.0,Upi,Chennai,...
T5699,U018,2024-06-01,Expense,Food,1349.0,Card,Mumbai,Coffee
T5015,U042,2024-12-23,Expense,Rent,44296.0,Upi,Delhi,Electricity bill
T7715,U150,2021-01-03,Expense,Utilities,3605.0,Card,Bangalore,Uber ride
T7646,U038,2024-08-30,Expense,Travel,2825.0,Card,Chennai,EMI payment
T8108,U110,2024-07-21,Expense,Rent,15069.0,Cash,Unknown,Fixed deposit
T5284,U138,2021-06-13,Expense,Entertainment,8804.0,Card,Hyderabad,Books
T6744,U003,2023-05-14,Income,Investment,57294.0,Cash,Mumbai,Internet bill
T2076,U149,2023-11-22,Income,Others,75351.0,Upi,Mumbai,ATM withdrawal
T9885,U064,2023-02-02,Income,Others,76388.0,Cash,Jaipur,Movie tickets
T13328,U098,2022-02-28,Income,Others,19017.0,Bank_Transfer,Lucknow,Doctor consultation
T5535,U086,2021-02-18,Expense,Health,862.0,Card,Kolkata,Books
T5895,U057,2021-04-25,Expense,Entertainment,8894.0,Unknown,Mumbai,ATM withdrawal
T1186,U101,2022-05-25,Expense,Entertainment,144.0,Cash,Kolkata,Restaurant dinner
T7488,U134,2021-05-24,Expense,Food,1350.0,Bank_Transfer,Ahmedabad,EMI payment
T6907,U086,2022-05-05,Expense,Food,6816.0,Card,Chennai,Restaurant dinner
T2216,U071,2022-01-06,Expense,Travel,3803.0,Bank_Transfer,Mumbai,EMI payment
T4253,U132,2021-10-13,Expense,Rent,43348.0,Cash,Pune,...
T0456,U010,2021-12-09,Expense,Education,5811.0,Cash,Chennai,Internet bill
T11617,U082,2024-11-03,Expense,Travel,3319.0,Bank_Transfer,Mumbai,ATM withdrawal
T3777,U134,2022-10-01,Expense,Rent,20778.0,Bank_Transfer,Kolkata,No Notes
T10744,U045,2023-02-12,Expense,Food,1067.0,Card,Chennai,Movie tickets
T7030,U010,2023-08-08,Income,Investment,13588.0,Card,Hyderabad,test
T13780,U016,2023-10-27,Income,Others,56655.0,Unknown,Kolkata,Coffee
T10763,U126,2021-07-24,Expense,Travel,3973.0,Cash,Chennai,Movie tickets
T0249,U034,2021-12-16,Expense,Utilities,7754.0,Bank_Transfer,Jaipur,Train ticket
T6589,U031,2023-11-20,Expense,Entertainment,9869.0,Card,Hyderabad,Medicine
T9391,U085,2023-11-26,Income,Bonus,75385.0,Card,Pune,test
T2632,U086,2022-03-24,Expense,Food,4341.0,Upi,Kolkata,Shopping
T0368,U042,2024-07-17,Expense,Food,706.0,Bank_Transfer,Delhi,Petrol
T8666,U085,2023-09-23,Expense,Food,6456.0,Card,Kolkata,Doctor consultation
T5998,U023,2022-11-29,Expense,Utilities,8457.0,Card,Pune,Online course
T3297,U093,2021-10-04,Expense,Rent,13209.0,Cash,Chennai,test
T13451,U049,2021-10-05,Expense,Food,2695.0,Bank_Transfer,Jaipur,Lunch
T0056,U076,2022-11-25,Expense,Utilities,6611.0,Bank_Transfer,Delhi,No Notes
T11475,U121,2023-10-09,Expense,Education,4266.0,Card,Pune,Movie tickets
T8519,U035,2021-11-17,Expense,Travel,2432.0,Cash,Ahmedabad,!!!
T2525,U004,2024-02-21,Income,Bonus,35494.0,Cash,Lucknow,Train ticket
T9905,U058,2022-02-23,Expense,Entertainment,2996.0,Cash,Mumbai,Petrol
T4337,U099,2021-04-14,Expense,Utilities,4652.0,Card,Kolkata,Electricity bill
T12746,U101,2022-09-22,Expense,Rent,3724.0,Bank_Transfer,Mumbai,Movie tickets
T1804,U017,2024-05-27,Income,Freelance,46713.0,Bank_Transfer,Chennai,EMI payment
T13760,U003,2021-03-17,Expense,Education,1900.0,Upi,Kolkata,Fixed deposit
T11392,U026,2024-02-03,Expense,Rent,999999.0,Card,Ahmedabad,No Notes
T0526,U071,2022-09-03,Expense,Savings,4350.0,Bank_Transfer,Kolkata,Petrol
T13077,U136,2024-04-17,Expense,Food,7341.0,Upi,Kolkata,Electricity bill
T7540,U128,2021-11-30,Income,Salary,44884.0,Cash,Mumbai,Internet bill
T5821,U123,2024-10-26,Expense,Utilities,2285.0,Card,Delhi,No Notes
T9310,U090,2021-05-16,Expense,Health,9335.0,Cash,Chennai,No Notes
T6644,U013,2022-09-15,Expense,Food,3083.0,Card,Ahmedabad,No Notes
T7399,U076,2024-11-30,Expense,Rent,49775.0,Card,Unknown,Gym membership
T13213,U132,2021-12-19,Income,Freelance,40669.0,Card,Mumbai,Fixed deposit
T13432,U148,2023-04-11,Expense,Rent,8349.0,Bank_Transfer,Bangalore,Internet bill
T12634,U021,2024-03-04,Expense,Rent,2994.0,Upi,Delhi,Gym membership
T4286,U012,2021-07-22,Expense,Food,1504.0,Card,Lucknow,!!!
T11698,U076,2021-02-23,Expense,Rent,37902.0,Cash,Kolkata,Doctor consultation
T10006,U070,2024-03-14,Expense,Food,184.0,Cash,Pune,Books
T4606,U124,2023-09-18,Expense,Rent,49978.0,Cash,Delhi,...
T12723,U087,2022-03-30,Income,Salary,39198.0,Bank_Transfer,Delhi,No Notes
T12577,U015,2023-09-25,Income,Salary,66045.0,Upi,Pune,Books
T3942,U059,2022-04-28,Income,Freelance,20997.0,Cash,Mumbai,No Notes
T11905,U142,2022-04-28,Expense,Utilities,8453.0,Cash,Jaipur,test
T9694,U068,2024-12-30,Income,Bonus,78318.0,Bank_Transfer,Jaipur,Doctor consultation
T12534,U126,2024-02-23,Expense,Rent,6587.0,Bank_Transfer,Chennai,Grocery shopping
T0944,U013,2023-03-29,Expense,Others,7626.0,Bank_Transfer,Jaipur,No Notes
T4375,U034,2022-06-17,Expense,Savings,3803.0,Upi,Mumbai,Online course
T6070,U025,2023-10-14,Expense,Savings,426.0,Cash,Hyderabad,asdfgh
T10916,U017,2022-01-05,Expense,Utilities,7939.0,Card,Bangalore,No Notes
T8803,U055,2023-02-13,Income,Salary,62389.0,Upi,Jaipur,Train ticket
T4460,U121,2023-11-02,Expense,Rent,8287.0,Cash,Kolkata,No Notes
T0771,U104,2022-08-19,Expense,Travel,9329.0,Cash,Hyderabad,xyz123
T12860,U087,2023-05-29,Expense,Education,4616.0,Upi,Kolkata,Electricity bill
T9180,U125,2023-02-17,Expense,Food,1543.0,Bank_Transfer,Mumbai,Gym membership
T9969,U106,2023-10-12,Expense,Rent,4422.0,Card,Hyderabad,EMI payment
T10849,U112,2021-05-28,Expense,Rent,9502.0,Card,Unknown,Movie tickets
T9942,U063,2022-03-15,Expense,Rent,8526.0,Upi,Unknown,No Notes
T10965,U043,2023-11-24,Expense,Travel,8367.0,Upi,Lucknow,Train ticket
T0631,U007,2024-05-31,Expense,Travel,9916.0,Card,Chennai,EMI payment
T5794,U029,2021-12-16,Expense,Utilities,3097.0,Bank_Transfer,Delhi,Doctor consultation
T13547,U042,2021-08-29,Expense,Food,1498.0,Bank_Transfer,Pune,xyz123
T13437,U065,2023-04-18,Income,Salary,14309.0,Unknown,Chennai,No Notes
T1830,U028,2021-09-29,Income,Salary,37350.0,Card,Ahmedabad,!!!
T13243,U141,2022-03-06,Income,Freelance,66035.0,Upi,Chennai,Uber ride
T6302,U072,2022-01-06,Income,Bonus,27979.0,Bank_Transfer,Chennai,Doctor consultation
T7816,U041,2021-01-07,Expense,Rent,39496.0,Upi,Bangalore,misc
T4379,U121,2022-12-03,Expense,Education,5630.0,Upi,Bangalore,ATM withdrawal
T9140,U135,2021-07-03,Income,Bonus,31633.0,Unknown,Delhi,No Notes
T2677,U071,2021-04-16,Expense,Rent,7241.0,Bank_Transfer,Ahmedabad,No Notes
T4308,U064,2022-11-21,Income,Bonus,43910.0,Cash,Pune,No Notes
T10809,U020,2022-09-30,Income,Freelance,668369.0,Cash,Delhi,!!!
T6053,U147,2023-09-12,Expense,Food,9303.0,Upi,Pune,xyz123
T2682,U001,2022-08-10,Expense,Others,9440.0,Card,Pune,Grocery shopping
T3720,U004,2023-03-12,Expense,Health,1794.0,Upi,Kolkata,No Notes
T2207,U052,2021-01-03,Income,Bonus,78925.0,Card,Mumbai,Online course
T5145,U101,2022-10-13,Income,Others,79183.0,Unknown,Hyderabad,Fixed deposit
T12418,U069,2021-09-08,Expense,Rent,2254.0,Upi,Hyderabad,Uber ride
T12692,U137,2023-08-30,Expense,Rent,19429.0,Upi,Lucknow,Medicine
T6472,U003,2024-05-29,Expense,Travel,3815.0,Bank_Transfer,Hyderabad,Books
T9530,U123,2023-09-19,Expense,Utilities,2939.0,Bank_Transfer,Kolkata,No Notes
T4867,U135,2021-09-06,Expense,Rent,2449.0,Unknown,Delhi,Doctor consultation
T8490,U084,2022-10-24,Expense,Education,2345.0,Bank_Transfer,Mumbai,!!!
T6703,U091,2024-01-31,Expense,Entertainment,1521.0,Upi,Hyderabad,No Notes
T2948,U125,2021-08-04,Expense,Rent,18032.0,Upi,Kolkata,No Notes
T12185,U132,2022-05-22,Expense,Rent,34555.0,Upi,Jaipur,Uber ride
T11374,U030,2023-01-19,Expense,Travel,3053.0,Bank_Transfer,Delhi,...
T3735,U089,2024-08-13,Expense,Rent,999999.0,Upi,Bangalore,No Notes
T6906,U029,2022-09-04,Expense,Travel,1920.0,Upi,Pune,Shopping
T6179,U067,2024-05-11,Expense,Utilities,3064.0,Upi,Mumbai,Shopping
T2813,U113,2023-11-24,Expense,Health,5139.0,Upi,Delhi,test
T2304,U114,2024-09-16,Expense,Utilities,8710.0,Upi,Pune,Shopping
T8334,U078,2024-05-29,Expense,Rent,42295.0,Card,Hyderabad,Shopping
T12150,U049,2023-07-07,Income,Investment,65257.0,Cash,Delhi,Lunch
T1734,U008,2023-12-07,Expense,Education,2130.0,Bank_Transfer,Pune,misc
T8937,U057,2021-04-26,Expense,Food,678.0,Bank_Transfer,Hyderabad,No Notes
T5613,U020,2022-05-12,Expense,Travel,6316.0,Card,Bangalore,ATM withdrawal
T2298,U066,2022-05-07,Expense,Education,8970.0,Unknown,Unknown,Medicine
T9222,U046,2021-01-16,Expense,Utilities,5585.0,Upi,Pune,No Notes
T4439,U089,2023-08-12,Expense,Education,8470.0,Cash,Kolkata,Books
T6135,U034,2023-11-30,Expense,Education,4669.0,Bank_Transfer,Bangalore,No Notes
T10849,U108,2021-08-24,Expense,Food,4019.0,Card,Ahmedabad,Monthly rent payment
T12238,U007,2022-12-25,Expense,Entertainment,9871.0,Card,Delhi,No Notes
T10462,U041,2021-04-09,Expense,Health,9547.0,Card,Bangalore,Books
T13104,U001,2022-10-30,Expense,Health,702.0,Cash,Lucknow,Medicine
T4741,U100,2022-09-25,Expense,Utilities,6942.0,Cash,Chennai,Movie tickets
T0705,U093,2024-06-13,Expense,Education,5547.0,Upi,Lucknow,Medicine
T5534,U054,2024-01-28,Expense,Food,624.0,Cash,Bangalore,No Notes
T6188,U124,2024-07-01,Expense,Entertainment,7288.0,Cash,Pune,asdfgh
T10548,U053,2024-01-30,Expense,Food,9125.0,Upi,Chennai,Movie tickets
T4468,U068,2021-08-31,Expense,Food,7352.0,Bank_Transfer,Delhi,No Notes
T11350,U111,2022-11-27,Expense,Utilities,6246.0,Card,Lucknow,Doctor consultation
T3699,U065,2023-06-19,Expense,Food,2327.0,Bank_Transfer,Ahmedabad,Fixed deposit
T13795,U134,2022-07-25,Expense,Food,1567.0,Cash,Hyderabad,Doctor consultation
T9484,U110,2022-10-23,Expense,Food,3339.0,Card,Pune,misc
T1329,U097,2022-10-17,Expense,Travel,2446.0,Card,Chennai,Internet bill
T9877,U007,2021-02-28,Expense,Rent,8065.0,Card,Bangalore,No Notes
T9518,U086,2022-12-05,Expense,Rent,2161.0,Upi,Unknown,Restaurant dinner
T12902,U082,2023-08-02,Expense,Rent,7185.0,Card,Pune,Books
T7222,U133,2022-01-22,Expense,Food,4925.0,Bank_Transfer,Chennai,Monthly rent payment
T13441,U102,2024-05-15,Expense,Food,4961.0,Card,Ahmedabad,Restaurant dinner
T7810,U027,2024-08-21,Income,Bonus,33081.0,Upi,Hyderabad,Petrol
T1484,U028,2023-10-14,Expense,Food,1107.0,Unknown,Bangalore,No Notes
T7157,U040,2024-11-18,Expense,Health,4690.0,Cash,Mumbai,test
T2194,U005,2024-02-20,Expense,Entertainment,8878.0,Cash,Mumbai,...
T10310,U054,2022-07-26,Expense,Utilities,1046.0,Cash,Mumbai,Shopping
T0087,U072,2021-08-21,Expense,Health,4364.0,Bank_Transfer,Delhi,asdfgh
T5230,U043,2021-01-10,Income,Investment,20710.0,Bank_Transfer,Lucknow,asdfgh
T13135,U060,2022-03-02,Expense,Food,8823.0,Card,Chennai,...
T8562,U111,2021-06-03,Expense,Utilities,9103.0,Bank_Transfer,Hyderabad,Electricity bill
T12797,U112,2023-12-05,Expense,Entertainment,4961.0,Card,Hyderabad,No Notes
T13079,U115,2023-02-28,Expense,Rent,8754.0,Bank_Transfer,Jaipur,Medicine
T0306,U061,2023-12-17,Expense,Entertainment,2625.0,Bank_Transfer,Bangalore,Books
T10638,U079,2022-03-08,Income,Investment,48000.0,Upi,Hyderabad,No Notes
T11075,U018,2024-09-29,Expense,Food,3929.0,Bank_Transfer,Kolkata,No Notes
T4007,U109,2024-08-12,Expense,Savings,9586.0,Bank_Transfer,Ahmedabad,Petrol
T0185,U073,2021-10-08,Expense,Rent,4378.0,Card,Chennai,Electricity bill
T4861,U069,2023-05-02,Expense,Utilities,3439.0,Bank_Transfer,Delhi,No Notes
T8253,U089,2022-08-05,Expense,Utilities,5849.0,Upi,Pune,Medicine
T6876,U030,2024-06-14,Expense,Education,5540.0,Card,Ahmedabad,No Notes
T5658,U117,2022-01-06,Expense,Rent,2460.0,Bank_Transfer,Delhi,Lunch
T2357,U082,2022-07-27,Income,Salary,38500.0,Upi,Chennai,Uber ride
T3220,U114,2021-04-16,Expense,Food,1161.0,Cash,Chennai,asdfgh
T13808,U098,2024-07-05,Expense,Rent,6140.0,Cash,Unknown,Restaurant dinner
T4868,U001,2021-08-03,Expense,Food,3595.0,Card,Jaipur,Internet bill
T5738,U101,2021-11-04,Expense,Health,655.0,Card,Chennai,Restaurant dinner
T11655,U129,2021-07-30,Expense,Savings,8549.0,Upi,Kolkata,...
T6650,U106,2024-11-30,Expense,Food,2629.0,Bank_Transfer,Chennai,Coffee
T10295,U121,2024-07-09,Income,Others,13867.0,Card,Pune,Books
T13287,U144,2023-12-08,Income,Freelance,67458.0,Card,Mumbai,xyz123
T1637,U104,2024-03-21,Expense,Food,2718.0,Bank_Transfer,Hyderabad,Fixed deposit
T9363,U092,2022-11-05,Expense,Rent,9911.0,Bank_Transfer,Bangalore,Electricity bill
T0473,U124,2021-10-24,Expense,Health,9531.0,Bank_Transfer,Bangalore,Electricity bill
T6998,U123,2022-03-20,Expense,Rent,10584.0,Bank_Transfer,Lucknow,misc
T4984,U095,2024-05-21,Expense,Rent,2319.0,Card,Kolkata,Monthly rent payment
T11995,U004,2021-06-27,Expense,Rent,37667.0,Card,Lucknow,Petrol
T8477,U088,2022-03-03,Expense,Utilities,962.0,Bank_Transfer,Ahmedabad,Movie tickets
T9529,U006,2022-07-06,Expense,Food,693.0,Cash,Pune,Gym membership
T9938,U102,2024-10-02,Expense,Entertainment,2671.0,Cash,Jaipur,No Notes
T11364,U123,2022-04-18,Expense,Food,3783.0,Card,Chennai,Lunch
T8321,U123,2023-01-28,Expense,Travel,4565.0,Upi,Ahmedabad,Doctor consultation
T13412,U049,2022-05-23,Expense,Entertainment,863.0,Bank_Transfer,Hyderabad,!!!
T10258,U115,2023-11-16,Expense,Savings,6289.0,Cash,Chennai,Restaurant dinner
T9718,U099,2024-01-05,Income,Salary,66560.0,Cash,Ahmedabad,Restaurant dinner
T6644,U148,2022-01-31,Income,Others,12787.0,Cash,Delhi,Grocery shopping
T1095,U147,2024-09-23,Expense,Entertainment,6379.0,Bank_Transfer,Mumbai,!!!
T3313,U109,2021-07-17,Expense,Health,2480.0,Cash,Hyderabad,Shopping
T11400,U141,2021-09-09,Expense,Travel,3499.0,Bank_Transfer,Delhi,Gym membership
T12191,U079,2021-11-04,Income,Others,25892.0,Bank_Transfer,Unknown,Electricity bill
T10833,U143,2023-09-28,Expense,Rent,5084.0,Card,Delhi,Shopping
T2383,U079,2021-11-13,Expense,Food,1422.0,Bank_Transfer,Hyderabad,Online course
T0844,U147,2024-05-07,Expense,Entertainment,9935.0,Bank_Transfer,Kolkata,Shopping
T13113,U078,2022-12-01,Expense,Travel,1472.0,Upi,Delhi,Lunch
T13380,U007,2021-12-16,Expense,Travel,224.0,Upi,Unknown,Petrol
T3053,U119,2022-10-19,Expense,Rent,17119.0,Cash,Lucknow,Medicine
T9302,U083,2022-01-12,Expense,Travel,6634.0,Upi,Chennai,Internet bill
T3511,U112,2023-06-01,Expense,Travel,5528.0,Cash,Hyderabad,Doctor consultation
T4490,U077,2021-11-14,Income,Investment,79785.0,Cash,Unknown,No Notes
T11106,U126,2023-02-06,Income,Investment,65852.0,Upi,Hyderabad,Doctor consultation
T4107,U079,2022-03-25,Expense,Entertainment,381.0,Cash,Pune,Internet bill
T6678,U053,2021-12-08,Expense,Utilities,7129.0,Card,Pune,misc
T6068,U089,2022-03-26,Expense,Savings,6354.0,Cash,Kolkata,!!!
T2664,U118,2021-05-10,Expense,Utilities,6365.0,Cash,Mumbai,Internet bill
T0254,U101,2023-08-21,Income,Others,42631.0,Card,Delhi,Books
T4140,U060,2024-02-21,Income,Others,24584.0,Upi,Hyderabad,Online course
T13899,U017,2023-01-20,Expense,Utilities,3940.0,Upi,Kolkata,Doctor consultation
T4634,U115,2023-09-27,Expense,Food,1395.0,Card,Chennai,Fixed deposit
T13478,U020,2021-11-10,Expense,Rent,6600.0,Bank_Transfer,Chennai,No Notes
T0404,U037,2023-09-20,Expense,Food,3583.0,Upi,Pune,Restaurant dinner
T5620,U147,2023-01-25,Expense,Rent,7854.0,Bank_Transfer,Bangalore,Gym membership
T12670,U119,2023-06-25,Expense,Food,8477.0,Unknown,Bangalore,Lunch
T3079,U071,2022-02-05,Expense,Travel,7627.0,Card,Ahmedabad,Grocery shopping
T10508,U100,2023-08-16,Expense,Rent,8970.0,Cash,Kolkata,ATM withdrawal
T8901,U002,2024-09-03,Expense,Rent,4649.0,Unknown,Mumbai,...
T11103,U112,2024-06-13,Expense,Food,4058.0,Card,Lucknow,No Notes
T4855,U055,2024-12-29,Expense,Utilities,8184.0,Bank_Transfer,Lucknow,Lunch
T12527,U131,2021-11-27,Expense,Entertainment,5011.0,Card,Chennai,asdfgh
T13284,U045,2021-02-19,Expense,Rent,28005.0,Bank_Transfer,Ahmedabad,!!!
T12932,U079,2024-09-06,Expense,Rent,4260.0,Card,Pune,Restaurant dinner
T5139,U045,2021-04-27,Income,Bonus,59798.0,Card,Jaipur,Restaurant dinner
T7561,U116,2022-11-01,Expense,Savings,5483.0,Card,Hyderabad,No Notes
T11446,U038,2021-06-01,Expense,Food,9276.0,Bank_Transfer,Pune,Petrol
T0336,U017,2024-03-13,Income,Investment,79853.0,Bank_Transfer,Mumbai,No Notes
T0873,U131,2021-05-13,Expense,Entertainment,5925.0,Upi,Unknown,Lunch
T11516,U056,2021-08-07,Expense,Utilities,9653.0,Card,Kolkata,Gym membership
T6513,U094,2024-09-04,Expense,Entertainment,4382.0,Cash,Pune,No Notes
T10584,U017,2024-04-15,Income,Others,65636.0,Card,Chennai,Electricity bill
T7458,U047,2024-06-04,Expense,Travel,1143.0,Cash,Chennai,Monthly rent payment
T4866,U107,2022-07-16,Expense,Food,333.0,Card,Hyderabad,No Notes
T1902,U070,2023-06-20,Income,Freelance,43373.0,Cash,Jaipur,Online course
T10124,U148,2021-09-05,Expense,Travel,571.0,Unknown,Chennai,Shopping
T7651,U016,2021-04-05,Expense,Utilities,9816.0,Card,Ahmedabad,Movie tickets
T7412,U047,2022-03-01,Expense,Health,4747.0,Cash,Unknown,Train ticket
T11131,U121,2022-09-17,Income,Others,49059.0,Card,Jaipur,Petrol
T12117,U048,2024-06-29,Expense,Entertainment,4821.0,Upi,Lucknow,Coffee
T0908,U024,2024-09-30,Expense,Food,2265.0,Card,Pune,No Notes
T12303,U094,2024-08-28,Income,Others,56138.0,Bank_Transfer,Pune,Restaurant dinner
T13030,U090,2022-04-26,Expense,Others,7650.0,Card,Delhi,No Notes
T2732,U010,2021-09-13,Expense,Utilities,8292.0,Cash,Delhi,Books
T11164,U062,2023-01-19,Expense,Rent,29344.0,Cash,Ahmedabad,xyz123
T1718,U088,2024-06-22,Expense,Food,359.0,Bank_Transfer,Mumbai,Petrol
T8214,U076,2023-12-14,Expense,Rent,1820.0,Card,Delhi,Grocery shopping
T9019,U090,2022-05-24,Expense,Rent,4090.0,Upi,Pune,...
T0244,U133,2022-10-09,Expense,Food,1721.0,Bank_Transfer,Hyderabad,Coffee
T3611,U028,2023-10-09,Expense,Utilities,946.0,Card,Kolkata,No Notes
T0911,U137,2022-12-04,Income,Investment,79102.0,Bank_Transfer,Delhi,Online course
T4617,U134,2023-05-03,Expense,Food,7330.0,Upi,Mumbai,Medicine
T0787,U094,2024-04-12,Expense,Food,738.0,Unknown,Unknown,Petrol
T8467,U101,2024-08-23,Expense,Food,7118.0,Card,Kolkata,xyz123
T5040,U150,2022-12-29,Expense,Health,9789.0,Unknown,Ahmedabad,!!!
T13557,U081,2023-05-26,Expense,Food,2243.0,Upi,Jaipur,No Notes
T0783,U006,2022-12-07,Expense,Travel,9794.0,Card,Chennai,Internet bill
T13846,U073,2023-03-23,Expense,Rent,6002.0,Bank_Transfer,Pune,asdfgh
T13906,U099,2023-08-02,Expense,Rent,6551.0,Card,Jaipur,Internet bill
T7658,U095,2021-02-14,Expense,Food,1359.0,Bank_Transfer,Kolkata,misc
T7594,U130,2023-01-21,Expense,Others,3997.0,Cash,Bangalore,No Notes
T8536,U035,2024-11-10,Expense,Food,1152.0,Cash,Delhi,No Notes
T6857,U031,2023-05-18,Expense,Others,1535.0,Upi,Hyderabad,No Notes
T13712,U097,2022-08-09,Expense,Rent,2295.0,Cash,Bangalore,misc
T1895,U145,2022-08-18,Income,Freelance,13482.0,Bank_Transfer,Delhi,...
T1936,U041,2023-10-01,Expense,Food,4524.0,Cash,Lucknow,EMI payment
T12548,U066,2021-09-10,Expense,Health,2518.0,Unknown,Unknown,Petrol
T6237,U026,2022-12-05,Expense,Food,1590.0,Cash,Pune,No Notes
T5976,U060,2024-10-26,Expense,Education,9756.0,Card,Chennai,Train ticket
T10132,U119,2021-06-02,Expense,Rent,7740.0,Unknown,Pune,No Notes
T4817,U028,2022-01-16,Expense,Utilities,7734.0,Cash,Delhi,xyz123
T8384,U133,2022-12-15,Expense,Travel,9818.0,Card,Ahmedabad,Uber ride
T12168,U009,2023-01-30,Expense,Rent,4039.0,Card,Jaipur,Coffee
T1402,U062,2023-10-26,Expense,Travel,7631.0,Card,Pune,No Notes
T13542,U062,2021-10-01,Expense,Rent,9675.0,Unknown,Mumbai,Doctor consultation
T12070,U009,2021-03-22,Expense,Rent,5519.0,Card,Pune,Gym membership
T13933,U088,2023-04-08,Expense,Entertainment,8669.0,Bank_Transfer,Hyderabad,Books
T11547,U051,2021-01-14,Expense,Food,660.0,Cash,Jaipur,ATM withdrawal
T5928,U102,2021-02-19,Expense,Food,3872.0,Upi,Hyderabad,Fixed deposit
T7598,U032,2024-11-11,Expense,Food,2000.0,Upi,Ahmedabad,Gym membership
T1674,U016,2024-04-27,Expense,Travel,1628.0,Cash,Delhi,Fixed deposit
T0143,U148,2023-09-21,Income,Salary,70238.0,Card,Pune,Medicine
T3717,U005,2022-12-07,Expense,Entertainment,1590.0,Bank_Transfer,Lucknow,Coffee
T13886,U041,2022-11-19,Expense,Travel,6040.0,Upi,Pune,No Notes
T11999,U027,2024-08-13,Expense,Utilities,8301.0,Cash,Lucknow,Petrol
T11268,U077,2023-04-11,Expense,Food,731.0,Upi,Bangalore,!!!
T2288,U052,2021-09-20,Expense,Rent,7451.0,Cash,Bangalore,asdfgh
T0375,U061,2022-12-27,Income,Bonus,10702.0,Upi,Bangalore,Uber ride
T7718,U013,2024-02-02,Income,Others,24063.0,Unknown,Delhi,!!!
T11250,U009,2021-11-07,Expense,Utilities,3209.0,Upi,Ahmedabad,Monthly rent payment
T12316,U113,2022-02-11,Expense,Travel,6984.0,Cash,Mumbai,misc
T2556,U075,2024-01-20,Expense,Food,2062.0,Upi,Lucknow,Uber ride
T11642,U009,2021-05-05,Expense,Food,5934.0,Card,Jaipur,Electricity bill
T3436,U135,2022-01-08,Expense,Health,3444.0,Upi,Delhi,No Notes
T2385,U041,2022-01-19,Expense,Utilities,4413.0,Cash,Jaipur,Lunch
T9623,U138,2021-11-20,Expense,Rent,9946.0,Bank_Transfer,Delhi,Gym membership
T0504,U097,2021-08-14,Expense,Education,1469.0,Cash,Hyderabad,Online course
T0966,U121,2024-11-15,Expense,Food,2832.0,Card,Pune,Shopping
T9718,U001,2023-02-21,Expense,Food,7959.0,Cash,Delhi,No Notes
T9490,U063,2023-04-02,Income,Investment,36725.0,Bank_Transfer,Lucknow,Lunch
T11719,U007,2023-06-08,Expense,Rent,5721.0,Cash,Chennai,!!!
T1155,U118,2023-08-02,Expense,Food,4300.0,Bank_Transfer,Delhi,misc
T10629,U112,2021-08-27,Expense,Savings,2114.0,Cash,Mumbai,Online course
T6748,U099,2022-03-06,Expense,Food,2680.0,Bank_Transfer,Kolkata,ATM withdrawal
T0126,U023,2023-09-07,Expense,Rent,11099.0,Cash,Delhi,Internet bill
T5031,U090,2021-11-10,Expense,Food,4174.0,Upi,Mumbai,Monthly rent payment
T2287,U101,2024-09-17,Expense,Food,9997.0,Bank_Transfer,Unknown,Coffee
T8052,U058,2022-12-03,Expense,Utilities,485.0,Upi,Ahmedabad,Movie tickets
T0198,U008,2021-09-25,Expense,Utilities,4386.0,Card,Lucknow,Movie tickets
T13577,U100,2023-09-06,Expense,Travel,4899.0,Card,Kolkata,Online course
T7427,U002,2022-12-21,Expense,Entertainment,5292.0,Bank_Transfer,Delhi,asdfgh
T12870,U044,2021-05-03,Income,Bonus,61203.0,Card,Chennai,Gym membership
T13009,U090,2024-06-25,Expense,Rent,33775.0,Upi,Pune,Shopping
T10013,U123,2024-11-27,Expense,Rent,6060.0,Bank_Transfer,Pune,...
T9827,U108,2022-06-06,Expense,Food,5526.0,Cash,Delhi,Uber ride
T0197,U070,2024-11-13,Expense,Travel,1060.0,Bank_Transfer,Bangalore,xyz123
T9666,U127,2022-07-25,Expense,Education,1993.0,Cash,Unknown,No Notes
T6478,U135,2021-12-02,Expense,Health,3427.0,Cash,Delhi,Restaurant dinner
T6162,U123,2021-07-17,Income,Freelance,31079.0,Bank_Transfer,Mumbai,No Notes
T1403,U068,2021-02-16,Expense,Food,3696.0,Bank_Transfer,Chennai,Electricity bill
T12019,U123,2021-11-23,Expense,Entertainment,399.0,Cash,Kolkata,Books
T11437,U121,2023-08-09,Expense,Health,4264.0,Card,Pune,No Notes
T6384,U132,2021-12-02,Expense,Rent,6147.0,Card,Ahmedabad,Monthly rent payment
T2150,U095,2024-09-25,Expense,Health,2955.0,Upi,Unknown,Doctor consultation
T1412,U103,2022-05-25,Expense,Rent,6090.0,Cash,Kolkata,Electricity bill
T10751,U011,2024-12-09,Expense,Entertainment,3311.0,Upi,Chennai,Internet bill
T3094,U002,2024-09-30,Expense,Others,9135.0,Card,Bangalore,Doctor consultation
T10215,U065,2024-12-01,Expense,Travel,3962.0,Upi,Unknown,Doctor consultation
T5512,U088,2021-03-30,Expense,Utilities,8920.0,Upi,Ahmedabad,Electricity bill
T6771,U120,2021-02-08,Expense,Health,8533.0,Upi,Hyderabad,Fixed deposit
T1754,U092,2021-02-15,Expense,Utilities,6997.0,Card,Ahmedabad,Electricity bill
T11335,U081,2023-05-26,Income,Investment,48319.0,Upi,Ahmedabad,Shopping
T3984,U042,2024-04-20,Income,Salary,15480.0,Bank_Transfer,Hyderabad,Doctor consultation
T5544,U128,2023-08-11,Expense,Rent,35731.0,Upi,Mumbai,xyz123
T3134,U128,2021-06-14,Expense,Education,7182.0,Bank_Transfer,Ahmedabad,No Notes
T4856,U054,2024-08-14,Expense,Food,3522.0,Cash,Mumbai,!!!
T0462,U134,2023-09-02,Income,Others,66289.0,Upi,Hyderabad,test
T7385,U149,2024-12-28,Expense,Health,2514.0,Cash,Kolkata,Petrol
T8983,U053,2022-03-30,Expense,Food,1064.0,Cash,Kolkata,Uber ride
T5004,U049,2024-09-03,Expense,Entertainment,2283.0,Upi,Jaipur,Medicine
T7315,U030,2021-12-16,Expense,Food,403.0,Bank_Transfer,Ahmedabad,Electricity bill
T10523,U019,2024-04-30,Expense,Food,999999.0,Bank_Transfer,Unknown,Electricity bill
T12236,U008,2021-06-24,Expense,Food,1915.0,Cash,Pune,Books
T1358,U120,2023-03-10,Income,Others,24620.0,Cash,Ahmedabad,Gym membership
T2098,U093,2021-01-19,Expense,Food,1208.0,Cash,Jaipur,Train ticket
T10032,U025,2022-03-20,Expense,Entertainment,1132.0,Cash,Pune,No Notes
T9186,U121,2024-08-10,Expense,Travel,4800.0,Upi,Kolkata,asdfgh
T1089,U074,2024-01-03,Expense,Utilities,2179.0,Cash,Kolkata,No Notes
T0689,U068,2021-11-25,Expense,Food,5810.0,Cash,Jaipur,Gym membership
T10304,U015,2022-09-18,Expense,Education,1019.0,Card,Bangalore,test
T9884,U116,2021-04-01,Expense,Rent,7751.0,Card,Pune,ATM withdrawal
T3341,U111,2021-09-24,Expense,Rent,6171.0,Card,Kolkata,No Notes
T11508,U101,2023-05-01,Expense,Travel,7897.0,Card,Hyderabad,Monthly rent payment
T8125,U139,2022-11-01,Expense,Others,5235.0,Cash,Kolkata,xyz123
T2990,U047,2024-05-12,Expense,Food,2069.0,Bank_Transfer,Chennai,Doctor consultation
T2179,U012,2021-12-01,Income,Freelance,30717.0,Upi,Pune,Doctor consultation
T9057,U017,2024-10-18,Expense,Others,5963.0,Bank_Transfer,Lucknow,Uber ride
T0937,U024,2022-04-06,Expense,Food,9790.0,Unknown,Hyderabad,Medicine
T4777,U043,2021-12-16,Expense,Rent,3829.0,Cash,Jaipur,!!!
T2563,U097,2024-06-13,Expense,Food,3988.0,Bank_Transfer,Hyderabad,Books
T13008,U026,2021-10-27,Expense,Education,8402.0,Card,Pune,Doctor consultation
T10459,U115,2021-09-13,Expense,Others,6801.0,Upi,Jaipur,Doctor consultation
T13785,U036,2021-11-26,Expense,Food,2583.0,Bank_Transfer,Mumbai,Monthly rent payment
T2251,U073,2021-08-03,Expense,Rent,45362.0,Card,Ahmedabad,EMI payment
T7209,U081,2021-06-15,Income,Investment,64577.0,Upi,Kolkata,Lunch
T7091,U015,2021-07-22,Expense,Health,3409.0,Cash,Kolkata,No Notes
T1741,U106,2023-05-06,Expense,Education,9007.0,Upi,Pune,...
T4949,U127,2022-06-26,Expense,Health,3774.0,Cash,Hyderabad,Train ticket
T3172,U010,2022-12-26,Expense,Food,4448.0,Cash,Delhi,Movie tickets
T6307,U109,2021-06-04,Income,Freelance,40494.0,Card,Pune,Online course
T4303,U129,2024-02-20,Expense,Travel,8159.0,Cash,Ahmedabad,No Notes
T10276,U020,2023-03-15,Expense,Food,835.0,Cash,Hyderabad,EMI payment
T2683,U143,2024-10-25,Expense,Travel,4279.0,Bank_Transfer,Ahmedabad,Internet bill
T5192,U150,2024-11-16,Expense,Food,3982.0,Bank_Transfer,Ahmedabad,misc
T13234,U053,2024-12-30,Expense,Entertainment,2928.0,Bank_Transfer,Chennai,Uber ride
T2996,U018,2022-09-02,Expense,Education,2936.0,Bank_Transfer,Ahmedabad,misc
T8323,U084,2024-06-03,Expense,Rent,39890.0,Bank_Transfer,Hyderabad,EMI payment
T6084,U130,2024-03-16,Expense,Food,1537.0,Upi,Jaipur,Online course
T2686,U090,2023-03-20,Income,Others,17415.0,Bank_Transfer,Ahmedabad,Gym membership
T2966,U132,2024-01-07,Expense,Utilities,4783.0,Card,Ahmedabad,No Notes
T2011,U106,2022-10-21,Expense,Food,7660.0,Card,Mumbai,No Notes
T2067,U141,2023-10-19,Income,Freelance,51876.0,Unknown,Pune,Monthly rent payment
T7711,U143,2022-03-05,Expense,Others,3582.0,Upi,Delhi,No Notes
T3997,U014,2022-09-11,Expense,Utilities,9262.0,Upi,Unknown,Gym membership
T10039,U131,2023-03-16,Expense,Food,77.0,Cash,Jaipur,No Notes
T3791,U146,2023-10-10,Expense,Education,4995.0,Cash,Chennai,Doctor consultation
T5806,U011,2022-03-22,Expense,Food,1844.0,Cash,Jaipur,ATM withdrawal
T1616,U079,2021-11-30,Income,Bonus,59787.0,Upi,Lucknow,Movie tickets
T12230,U022,2021-08-16,Expense,Others,539.0,Upi,Kolkata,Gym membership
T3373,U019,2022-10-02,Expense,Utilities,3929.0,Upi,Ahmedabad,...
T3301,U144,2023-05-16,Expense,Others,8458.0,Cash,Chennai,Books
T1633,U076,2021-06-23,Expense,Food,2947.0,Cash,Delhi,asdfgh
T5622,U124,2022-04-28,Income,Freelance,24178.0,Cash,Lucknow,Lunch
T9085,U119,2022-05-29,Expense,Food,9879.0,Card,Jaipur,Coffee
T8597,U067,2024-10-02,Expense,Rent,2217.0,Upi,Chennai,misc
T4615,U046,2023-05-16,Income,Others,30481.0,Unknown,Lucknow,EMI payment
T3597,U057,2023-04-02,Expense,Food,748.0,Bank_Transfer,Kolkata,Petrol
T7758,U068,2023-01-11,Expense,Food,2518.0,Bank_Transfer,Unknown,Shopping
T11170,U114,2022-05-26,Expense,Food,589.0,Upi,Delhi,Gym membership
T12962,U064,2023-08-29,Expense,Travel,2258.0,Card,Mumbai,asdfgh
T4895,U119,2021-09-27,Income,Bonus,75302.0,Bank_Transfer,Bangalore,Monthly rent payment
T13581,U110,2024-06-21,Expense,Utilities,1350.0,Bank_Transfer,Hyderabad,No Notes
T8495,U144,2024-07-17,Expense,Food,5718.0,Card,Mumbai,Fixed deposit
T1408,U099,2021-10-29,Expense,Rent,5721.0,Unknown,Delhi,Lunch
T12718,U083,2023-06-12,Expense,Travel,8434.0,Cash,Jaipur,Lunch
T2928,U132,2023-03-28,Expense,Health,2959.0,Card,Bangalore,Lunch
T6306,U139,2022-07-16,Expense,Rent,5269.0,Bank_Transfer,Jaipur,Gym membership
T8094,U059,2021-02-16,Expense,Food,977.0,Cash,Kolkata,misc
T8005,U084,2024-04-17,Expense,Food,8284.0,Unknown,Ahmedabad,Coffee
T9604,U006,2022-06-25,Expense,Food,1919.0,Card,Ahmedabad,Online course
T10847,U047,2023-10-12,Expense,Travel,7924.0,Card,Bangalore,...
T8174,U127,2023-06-04,Expense,Food,3930.0,Cash,Jaipur,Restaurant dinner
T11692,U054,2024-05-10,Expense,Rent,30286.0,Card,Chennai,No Notes
T12728,U108,2023-10-27,Expense,Food,3770.0,Bank_Transfer,Ahmedabad,Restaurant dinner
T9315,U018,2023-01-27,Expense,Food,3752.0,Cash,Mumbai,Train ticket
T4793,U073,2021-06-21,Expense,Travel,7485.0,Bank_Transfer,Delhi,No Notes
T4371,U030,2024-04-30,Expense,Food,4897.0,Bank_Transfer,Chennai,No Notes
T7491,U132,2022-11-22,Expense,Rent,41374.0,Upi,Kolkata,Shopping
T8058,U063,2022-02-27,Expense,Food,8769.0,Bank_Transfer,Ahmedabad,Movie tickets
T7262,U098,2022-04-04,Expense,Entertainment,6215.0,Bank_Transfer,Ahmedabad,Electricity bill
T0160,U078,2024-11-28,Expense,Savings,4166.0,Unknown,Bangalore,Monthly rent payment
T5693,U100,2021-10-31,Expense,Entertainment,6669.0,Card,Unknown,xyz123
T2637,U075,2022-03-29,Expense,Food,1935.0,Cash,Bangalore,No Notes
T11973,U118,2024-02-09,Income,Others,199798.0,Bank_Transfer,Jaipur,ATM withdrawal
T4384,U086,2024-07-02,Expense,Others,5322.0,Bank_Transfer,Ahmedabad,xyz123
T4657,U084,2024-12-17,Expense,Utilities,5700.0,Bank_Transfer,Mumbai,Doctor consultation
T5426,U034,2021-09-25,Expense,Rent,30053.0,Card,Ahmedabad,No Notes
T9957,U057,2024-03-10,Expense,Rent,2574.0,Cash,Chennai,Lunch
T8286,U129,2022-05-06,Expense,Food,6547.0,Bank_Transfer,Unknown,No Notes
T1525,U102,2024-11-04,Expense,Entertainment,4938.0,Bank_Transfer,Kolkata,Monthly rent payment
T6120,U103,2022-02-21,Income,Investment,42634.0,Unknown,Mumbai,Grocery shopping
T7015,U129,2023-07-21,Expense,Travel,7215.0,Card,Chennai,Shopping
T1427,U041,2021-12-04,Income,Salary,58957.0,Upi,Kolkata,...
T6168,U100,2024-09-25,Expense,Food,1594.0,Bank_Transfer,Mumbai,xyz123
T2984,U079,2022-04-25,Expense,Food,2813.0,Card,Bangalore,Gym membership
T6848,U135,2023-01-21,Income,Salary,63548.0,Card,Hyderabad,No Notes
T11541,U028,2024-06-19,Expense,Education,9732.0,Upi,Chennai,Restaurant dinner
T9963,U149,2022-05-22,Expense,Food,5199.0,Cash,Delhi,No Notes
T13896,U025,2023-05-22,Expense,Food,6054.0,Upi,Delhi,Grocery shopping
T5433,U033,2022-05-09,Expense,Food,3579.0,Bank_Transfer,Chennai,Movie tickets
T12656,U027,2022-12-09,Expense,Rent,15508.0,Bank_Transfer,Pune,misc
T6232,U033,2021-03-07,Income,Bonus,77408.0,Bank_Transfer,Mumbai,No Notes
T6932,U102,2022-10-28,Expense,Rent,16520.0,Cash,Lucknow,Books
T8078,U081,2023-11-16,Expense,Utilities,3351.0,Card,Jaipur,asdfgh
T12280,U041,2021-09-09,Expense,Travel,6480.0,Upi,Mumbai,Coffee
T8870,U101,2023-11-03,Expense,Travel,9715.0,Upi,Jaipur,Internet bill
T4081,U144,2021-01-06,Expense,Rent,4927.0,Card,Hyderabad,Coffee
T8889,U008,2024-05-17,Expense,Food,6121.0,Card,Unknown,!!!
T12101,U076,2022-04-10,Expense,Others,4786.0,Upi,Kolkata,Monthly rent payment
T4005,U044,2024-01-09,Expense,Rent,15032.0,Upi,Ahmedabad,...
T5201,U136,2023-06-01,Expense,Rent,109.0,Upi,Unknown,asdfgh
T0722,U142,2022-07-31,Income,Salary,76688.0,Unknown,Delhi,Internet bill
T1080,U141,2024-02-12,Expense,Others,8181.0,Cash,Mumbai,EMI payment
T4829,U104,2022-12-28,Expense,Utilities,1281.0,Upi,Mumbai,Internet bill
T4000,U072,2024-10-19,Expense,Food,3494.0,Bank_Transfer,Mumbai,asdfgh
T8835,U101,2024-08-04,Expense,Rent,5590.0,Upi,Unknown,asdfgh
T6003,U123,2022-05-16,Expense,Rent,8478.0,Upi,Chennai,No Notes
T2433,U132,2022-09-16,Expense,Health,4209.0,Upi,Hyderabad,Internet bill
T13385,U134,2021-11-27,Expense,Rent,1070.0,Card,Bangalore,EMI payment
T1854,U065,2023-03-19,Expense,Others,5703.0,Upi,Delhi,No Notes
T9892,U036,2024-05-26,Income,Bonus,48594.0,Upi,Delhi,Books
T2195,U139,2022-08-12,Income,Bonus,106098.0,Upi,Unknown,Uber ride
T10135,U086,2023-04-04,Expense,Rent,8884.0,Cash,Kolkata,EMI payment
T9953,U040,2021-01-08,Income,Others,42463.0,Cash,Hyderabad,Shopping
T13982,U075,2023-10-18,Income,Investment,13975.0,Upi,Kolkata,Petrol
T4534,U116,2024-02-20,Income,Freelance,48468.0,Unknown,Pune,No Notes
T10418,U049,2023-10-21,Expense,Travel,6073.0,Bank_Transfer,Chennai,No Notes
T4029,U020,2022-04-08,Income,Others,527025.0,Card,Chennai,Lunch
T2368,U064,2021-10-24,Expense,Food,2463.0,Card,Kolkata,No Notes
T2274,U004,2024-10-05,Income,Freelance,709506.0,Card,Jaipur,Grocery shopping
T13481,U056,2022-06-02,Expense,Travel,973.0,Upi,Pune,Movie tickets
T4157,U023,2023-10-11,Income,Freelance,14729.0,Upi,Lucknow,Uber ride
T1010,U054,2021-08-02,Expense,Food,6592.0,Unknown,Hyderabad,Shopping
T0762,U131,2024-08-16,Expense,Savings,1329.0,Cash,Mumbai,misc
T9742,U109,2024-09-26,Income,Salary,32746.0,Unknown,Delhi,No Notes
T3564,U034,2024-11-23,Expense,Entertainment,3990.0,Bank_Transfer,Lucknow,misc
T4958,U009,2022-09-24,Expense,Health,5237.0,Cash,Kolkata,EMI payment
T1318,U119,2023-02-26,Expense,Rent,6178.0,Card,Kolkata,...
T0789,U087,2024-11-24,Expense,Food,6671.0,Upi,Ahmedabad,Shopping
T6297,U095,2024-03-30,Expense,Food,9191.0,Bank_Transfer,Kolkata,Doctor consultation
T3146,U102,2022-01-04,Income,Freelance,808527.0,Bank_Transfer,Unknown,Fixed deposit
T4421,U068,2022-04-12,Expense,Rent,5917.0,Bank_Transfer,Lucknow,Restaurant dinner
T2728,U033,2023-02-01,Expense,Rent,4177.0,Upi,Kolkata,xyz123
T11406,U086,2022-04-13,Expense,Travel,8209.0,Card,Jaipur,Movie tickets
T11093,U011,2022-02-05,Expense,Utilities,1587.0,Card,Ahmedabad,No Notes
T8230,U052,2024-07-21,Expense,Travel,5134.0,Bank_Transfer,Ahmedabad,EMI payment
T1974,U077,2022-01-09,Income,Freelance,64953.0,Cash,Hyderabad,Movie tickets
T10658,U012,2022-11-08,Income,Investment,53696.0,Bank_Transfer,Mumbai,Coffee
T2723,U063,2023-04-03,Expense,Food,3607.0,Unknown,Bangalore,misc
T11030,U038,2023-05-14,Expense,Others,3697.0,Upi,Jaipur,xyz123
T1046,U104,2024-06-05,Expense,Others,1690.0,Bank_Transfer,Kolkata,...
T7370,U048,2024-09-15,Expense,Utilities,8607.0,Bank_Transfer,Jaipur,Electricity bill
T12279,U098,2021-11-17,Expense,Education,5545.0,Cash,Hyderabad,No Notes
T7695,U055,2023-03-27,Expense,Rent,48994.0,Card,Unknown,No Notes
T13176,U144,2023-12-30,Expense,Travel,8415.0,Bank_Transfer,Hyderabad,Books
T1254,U117,2023-04-13,Expense,Others,9573.0,Cash,Bangalore,Medicine
T13726,U096,2024-01-04,Income,Freelance,59788.0,Bank_Transfer,Hyderabad,No Notes
T9935,U145,2022-11-22,Expense,Food,2380.0,Bank_Transfer,Jaipur,Uber ride
T9355,U096,2021-01-27,Expense,Food,921.0,Card,Delhi,No Notes
T0224,U146,2024-08-31,Expense,Rent,29663.0,Upi,Lucknow,Grocery shopping
T9388,U137,2024-06-05,Income,Others,34498.0,Upi,Chennai,No Notes
T12820,U044,2021-02-20,Expense,Food,761.0,Cash,Kolkata,Coffee
T3432,U119,2023-11-12,Expense,Entertainment,1042.0,Upi,Unknown,Grocery shopping
T2681,U108,2021-02-06,Expense,Food,3822.0,Bank_Transfer,Chennai,misc
T10738,U030,2024-10-18,Income,Salary,30607.0,Card,Jaipur,Gym membership
T4403,U017,2024-01-24,Expense,Food,907.0,Card,Kolkata,Monthly rent payment
T9468,U143,2023-11-13,Income,Investment,386572.0,Cash,Unknown,!!!
T6287,U003,2022-10-14,Expense,Utilities,2121.0,Card,Mumbai,Petrol
T3813,U042,2022-02-28,Expense,Utilities,2553.0,Bank_Transfer,Chennai,Shopping
T3521,U124,2022-06-17,Income,Bonus,58508.0,Bank_Transfer,Unknown,ATM withdrawal
T6096,U125,2021-12-06,Expense,Entertainment,9594.0,Bank_Transfer,Lucknow,Movie tickets
T6944,U067,2024-12-23,Expense,Food,3737.0,Card,Hyderabad,Books
T8690,U015,2024-04-19,Expense,Food,5990.0,Bank_Transfer,Kolkata,Monthly rent payment
T6173,U023,2022-01-16,Expense,Food,3194.0,Upi,Kolkata,No Notes
T4790,U096,2021-10-16,Expense,Food,2142.0,Card,Mumbai,Coffee
T0607,U144,2022-08-06,Expense,Travel,6549.0,Bank_Transfer,Mumbai,test
T10161,U049,2023-03-13,Expense,Travel,1798.0,Card,Kolkata,Coffee
T12738,U135,2023-11-13,Expense,Health,3038.0,Unknown,Bangalore,Medicine
T4713,U004,2023-05-02,Expense,Travel,6116.0,Upi,Chennai,Coffee
T6487,U137,2022-08-09,Income,Salary,49388.0,Upi,Hyderabad,No Notes
T6060,U072,2022-11-24,Expense,Food,5467.0,Upi,Unknown,Internet bill
T3797,U086,2024-12-27,Expense,Food,894.0,Upi,Mumbai,Uber ride
T8277,U043,2023-02-07,Expense,Utilities,723.0,Cash,Ahmedabad,asdfgh
T8549,U134,2024-02-05,Expense,Others,7760.0,Bank_Transfer,Mumbai,...
T4318,U049,2021-06-12,Expense,Utilities,6437.0,Card,Lucknow,No Notes
T11228,U093,2022-04-25,Income,Others,12545.0,Bank_Transfer,Pune,xyz123
T9700,U075,2021-03-24,Expense,Travel,3210.0,Card,Lucknow,Coffee
T9748,U047,2021-06-20,Income,Salary,68627.0,Upi,Pune,Medicine
T1447,U081,2021-07-20,Expense,Food,3972.0,Bank_Transfer,Chennai,No Notes
T12430,U042,2021-05-19,Expense,Health,7522.0,Upi,Jaipur,No Notes
T2726,U052,2023-05-27,Expense,Savings,153.0,Card,Chennai,Coffee
T7891,U090,2021-03-20,Expense,Health,1383.0,Bank_Transfer,Unknown,Doctor consultation
T10600,U024,2021-11-28,Expense,Utilities,5992.0,Bank_Transfer,Bangalore,Grocery shopping
T5565,U020,2024-01-13,Expense,Utilities,9464.0,Cash,Bangalore,Monthly rent payment
T7432,U080,2022-05-09,Expense,Travel,9817.0,Card,Kolkata,No Notes
T12845,U136,2024-06-16,Expense,Education,4444.0,Card,Delhi,Uber ride
T13672,U051,2022-02-15,Expense,Savings,8933.0,Card,Delhi,Shopping
T2040,U033,2023-06-10,Expense,Food,5655.0,Upi,Kolkata,EMI payment
T1950,U041,2021-07-02,Expense,Rent,5090.0,Upi,Chennai,No Notes
T6274,U029,2024-10-11,Income,Investment,22362.0,Card,Delhi,No Notes
T4297,U060,2022-03-03,Income,Salary,79684.0,Unknown,Unknown,Online course
T12898,U146,2023-11-17,Expense,Utilities,7612.0,Cash,Ahmedabad,No Notes
T10900,U004,2022-03-02,Expense,Education,3276.0,Cash,Mumbai,Doctor consultation
T7922,U012,2022-09-23,Expense,Entertainment,3512.0,Bank_Transfer,Bangalore,Petrol
T4708,U039,2021-09-17,Expense,Utilities,8586.0,Upi,Ahmedabad,Restaurant dinner
T6452,U088,2024-09-24,Expense,Rent,16713.0,Cash,Chennai,No Notes
T8144,U097,2023-09-30,Expense,Entertainment,6960.0,Upi,Chennai,EMI payment
T9650,U131,2021-11-19,Expense,Others,772.0,Unknown,Delhi,!!!
T4346,U078,2022-10-20,Income,Salary,75971.0,Upi,Delhi,test
T11085,U091,2022-12-17,Income,Bonus,52172.0,Bank_Transfer,Kolkata,Fixed deposit
T8894,U130,2023-08-24,Expense,Travel,1946.0,Bank_Transfer,Kolkata,No Notes
T7742,U102,2021-02-17,Expense,Food,2504.0,Card,Delhi,Petrol
T3815,U128,2021-03-02,Expense,Travel,5987.0,Cash,Delhi,No Notes
T10117,U033,2024-09-29,Expense,Others,238.0,Cash,Kolkata,No Notes
T13130,U021,2023-01-25,Expense,Rent,2193.0,Card,Hyderabad,Movie tickets
T1897,U147,2023-09-17,Income,Salary,57318.0,Upi,Unknown,Monthly rent payment
T6689,U052,2022-12-26,Expense,Travel,7249.0,Cash,Ahmedabad,Petrol
T0781,U039,2024-09-03,Income,Others,44800.0,Card,Bangalore,No Notes
T7476,U054,2021-07-29,Expense,Others,1485.0,Bank_Transfer,Delhi,No Notes
T4244,U066,2024-11-26,Income,Bonus,38244.0,Bank_Transfer,Delhi,Movie tickets
T0192,U010,2024-04-08,Expense,Food,211.0,Cash,Bangalore,Books
T12894,U044,2024-10-12,Expense,Entertainment,8933.0,Bank_Transfer,Lucknow,Restaurant dinner
T6453,U054,2023-12-06,Expense,Education,2109.0,Bank_Transfer,Delhi,Online course
T8285,U048,2023-04-21,Expense,Rent,4432.0,Upi,Hyderabad,Medicine
T2285,U074,2021-01-05,Expense,Travel,3599.0,Cash,Lucknow,Grocery shopping
T9988,U098,2024-02-11,Expense,Education,3255.0,Card,Hyderabad,Uber ride
T6893,U145,2022-09-15,Expense,Utilities,4499.0,Bank_Transfer,Chennai,Electricity bill
T6328,U103,2024-09-30,Expense,Utilities,9236.0,Bank_Transfer,Lucknow,...
T1718,U010,2021-10-07,Expense,Rent,12304.0,Upi,Unknown,Monthly rent payment
T5907,U026,2022-02-06,Expense,Travel,1582.0,Cash,Delhi,Monthly rent payment
T4316,U049,2024-12-15,Expense,Rent,1114.0,Bank_Transfer,Lucknow,EMI payment
T12174,U147,2024-07-06,Expense,Utilities,806.0,Cash,Kolkata,Medicine
T5722,U062,2024-01-27,Expense,Utilities,3803.0,Card,Bangalore,No Notes
T1470,U087,2024-10-25,Expense,Others,6329.0,Bank_Transfer,Lucknow,Train ticket
T9820,U078,2021-07-01,Expense,Travel,1528.0,Upi,Mumbai,...
T11980,U053,2024-09-04,Expense,Travel,9053.0,Bank_Transfer,Bangalore,Petrol
T7196,U121,2023-11-04,Income,Bonus,46499.0,Card,Delhi,Electricity bill
T3139,U001,2024-11-24,Expense,Food,920.0,Bank_Transfer,Hyderabad,Train ticket
T0089,U061,2021-02-23,Expense,Education,1512.0,Bank_Transfer,Pune,Doctor consultation
T9639,U089,2023-04-06,Expense,Food,1168.0,Upi,Delhi,Grocery shopping
T3589,U060,2021-09-07,Expense,Health,355.0,Bank_Transfer,Pune,ATM withdrawal
T3288,U149,2023-10-17,Income,Others,18129.0,Bank_Transfer,Pune,...
T11774,U127,2021-05-20,Income,Others,22805.0,Upi,Bangalore,Petrol
T13325,U082,2023-11-22,Income,Freelance,412288.0,Upi,Kolkata,Online course
T7235,U031,2024-08-11,Income,Salary,63677.0,Bank_Transfer,Lucknow,ATM withdrawal
T2504,U064,2023-07-09,Income,Investment,28100.0,Bank_Transfer,Bangalore,...
T5450,U127,2023-10-10,Expense,Health,4852.0,Cash,Unknown,Monthly rent payment
T4549,U127,2022-01-05,Expense,Utilities,7897.0,Bank_Transfer,Jaipur,No Notes
T6675,U039,2023-08-22,Expense,Utilities,9061.0,Card,Hyderabad,Electricity bill
T12152,U078,2023-08-01,Expense,Rent,5240.0,Cash,Delhi,No Notes
T6103,U112,2021-11-14,Expense,Entertainment,895.0,Cash,Ahmedabad,Uber ride
T6445,U079,2023-12-08,Expense,Food,2144.0,Card,Unknown,Doctor consultation
T4162,U127,2021-12-27,Expense,Health,445.0,Upi,Ahmedabad,xyz123
T7614,U132,2024-10-24,Expense,Food,1777.0,Unknown,Kolkata,Monthly rent payment
T11212,U010,2024-12-05,Expense,Food,8293.0,Bank_Transfer,Delhi,Coffee
T9451,U125,2023-11-13,Expense,Utilities,3209.0,Cash,Hyderabad,Train ticket
T11461,U070,2022-04-24,Expense,Travel,3370.0,Card,Kolkata,Train ticket
T5073,U142,2022-05-31,Expense,Utilities,649.0,Bank_Transfer,Hyderabad,Shopping
T0590,U144,2023-12-01,Expense,Education,2152.0,Card,Kolkata,No Notes
T5740,U137,2024-05-28,Income,Salary,75739.0,Cash,Delhi,No Notes
T6333,U079,2023-08-20,Expense,Rent,1404.0,Card,Ahmedabad,Monthly rent payment
T6033,U013,2024-08-26,Expense,Rent,7443.0,Cash,Bangalore,No Notes
T12453,U083,2021-07-10,Expense,Others,8170.0,Card,Unknown,Shopping
T1905,U065,2022-12-18,Expense,Travel,2327.0,Upi,Jaipur,No Notes
T11585,U143,2024-03-25,Expense,Others,4490.0,Card,Pune,test
T12382,U146,2023-04-03,Expense,Education,3047.0,Unknown,Pune,Online course
T7017,U038,2021-07-01,Income,Salary,13463.0,Card,Kolkata,Movie tickets
T2092,U028,2024-01-31,Expense,Education,6798.0,Cash,Chennai,!!!
T5243,U027,2024-04-15,Expense,Rent,9363.0,Bank_Transfer,Unknown,No Notes
T1009,U022,2024-01-16,Expense,Food,3387.0,Card,Kolkata,Train ticket
T1913,U113,2022-10-24,Income,Others,25499.0,Cash,Delhi,Coffee
T10640,U031,2024-07-25,Expense,Others,3990.0,Bank_Transfer,Hyderabad,!!!
T3599,U031,2022-06-24,Income,Others,75978.0,Unknown,Delhi,Fixed deposit
T3058,U004,2023-02-05,Expense,Food,3460.0,Upi,Hyderabad,Books
T8291,U039,2022-06-09,Expense,Utilities,7776.0,Unknown,Ahmedabad,No Notes
T8290,U071,2022-02-10,Expense,Food,1220.0,Card,Chennai,No Notes
T12002,U103,2021-07-02,Expense,Entertainment,745.0,Card,Mumbai,Restaurant dinner
T3102,U135,2021-07-02,Expense,Utilities,936.0,Upi,Unknown,Books
T0545,U095,2024-01-06,Income,Investment,150335.0,Upi,Bangalore,Fixed deposit
T6809,U056,2024-08-29,Expense,Food,738.0,Cash,Delhi,xyz123
T10142,U105,2023-10-07,Expense,Education,9801.0,Card,Bangalore,Train ticket
T7800,U023,2022-06-06,Expense,Food,7517.0,Upi,Mumbai,No Notes
T0573,U025,2021-10-15,Expense,Travel,5682.0,Bank_Transfer,Lucknow,No Notes
T3772,U056,2021-10-31,Expense,Food,9998.0,Upi,Unknown,Doctor consultation
T13463,U037,2021-11-28,Expense,Travel,7071.0,Upi,Jaipur,xyz123
T9389,U059,2023-12-05,Expense,Rent,1304.0,Upi,Ahmedabad,Uber ride
T8708,U147,2023-06-26,Expense,Food,7902.0,Cash,Delhi,ATM withdrawal
T0458,U021,2022-01-22,Expense,Entertainment,8835.0,Bank_Transfer,Lucknow,No Notes
T5932,U022,2022-10-25,Expense,Rent,2363.0,Cash,Pune,Internet bill
T9780,U012,2021-04-04,Expense,Travel,4430.0,Upi,Jaipur,Books
T11347,U010,2023-10-30,Expense,Food,555.0,Bank_Transfer,Bangalore,Monthly rent payment
T13203,U129,2022-02-06,Expense,Rent,45520.0,Bank_Transfer,Unknown,No Notes
T13326,U124,2024-02-08,Expense,Food,4735.0,Card,Chennai,test
T9487,U016,2023-08-06,Expense,Entertainment,9895.0,Bank_Transfer,Chennai,ATM withdrawal
T4841,U064,2023-11-30,Expense,Travel,9629.0,Cash,Mumbai,Internet bill
T11827,U147,2023-01-05,Expense,Food,4868.0,Bank_Transfer,Jaipur,!!!
T8740,U027,2023-06-17,Expense,Entertainment,9028.0,Bank_Transfer,Lucknow,xyz123
T10561,U138,2022-09-22,Expense,Rent,1413.0,Bank_Transfer,Pune,Fixed deposit
T13052,U144,2021-07-29,Income,Others,23259.0,Upi,Pune,!!!
T7641,U003,2022-04-04,Expense,Travel,9508.0,Bank_Transfer,Kolkata,...
T5239,U031,2024-02-07,Expense,Travel,9427.0,Card,Unknown,Grocery shopping
T13578,U022,2021-10-10,Expense,Utilities,8195.0,Upi,Chennai,No Notes
T0912,U055,2021-08-20,Expense,Travel,9925.0,Card,Chennai,No Notes
T3977,U068,2023-08-31,Expense,Travel,1532.0,Bank_Transfer,Mumbai,xyz123
T10394,U034,2023-11-05,Expense,Education,4420.0,Bank_Transfer,Pune,No Notes
T9128,U138,2024-11-14,Income,Investment,37464.0,Card,Mumbai,Monthly rent payment
T7059,U056,2021-02-10,Expense,Travel,9001.0,Bank_Transfer,Ahmedabad,Grocery shopping
T10649,U129,2023-06-24,Expense,Food,2719.0,Bank_Transfer,Bangalore,Petrol
T9780,U094,2022-08-21,Expense,Rent,8305.0,Upi,Ahmedabad,Movie tickets
T8194,U052,2021-12-23,Expense,Food,6694.0,Bank_Transfer,Delhi,...
T0145,U020,2022-09-04,Expense,Others,2075.0,Cash,Delhi,Movie tickets
T3317,U068,2023-01-31,Expense,Food,8904.0,Card,Ahmedabad,Restaurant dinner
T6326,U109,2021-07-29,Expense,Others,7173.0,Bank_Transfer,Bangalore,Doctor consultation
T8591,U067,2023-06-05,Expense,Utilities,5205.0,Card,Unknown,No Notes
T7300,U116,2021-01-23,Expense,Food,1735.0,Upi,Delhi,...
T7690,U138,2023-06-08,Expense,Food,156.0,Cash,Delhi,EMI payment
T4019,U037,2023-03-31,Expense,Utilities,1334.0,Cash,Pune,Gym membership
T5088,U040,2021-04-05,Expense,Utilities,3243.0,Bank_Transfer,Pune,Lunch
T3746,U052,2021-03-02,Expense,Utilities,7023.0,Bank_Transfer,Chennai,Grocery shopping
T6903,U014,2024-01-28,Expense,Rent,9112.0,Card,Chennai,Shopping
T4251,U025,2022-09-29,Expense,Travel,3560.0,Upi,Mumbai,Movie tickets
T3995,U026,2021-12-10,Expense,Food,8523.0,Bank_Transfer,Chennai,test
T9887,U006,2024-07-16,Expense,Others,7394.0,Upi,Lucknow,Grocery shopping
T2255,U116,2022-10-30,Expense,Food,1824.0,Card,Delhi,Gym membership
T0310,U048,2023-08-15,Expense,Utilities,5398.0,Cash,Mumbai,Coffee
T5822,U040,2024-05-24,Expense,Travel,3153.0,Card,Kolkata,Coffee
T10769,U115,2022-12-08,Expense,Food,813.0,Cash,Ahmedabad,Electricity bill
T8754,U115,2021-09-04,Expense,Food,2686.0,Card,Delhi,No Notes
T7013,U009,2023-07-27,Expense,Entertainment,7701.0,Card,Mumbai,No Notes
T1773,U131,2021-01-17,Expense,Rent,1008.0,Bank_Transfer,Lucknow,Online course
T13494,U004,2022-05-15,Expense,Food,5439.0,Upi,Bangalore,Petrol
T10696,U144,2024-01-16,Expense,Education,2031.0,Card,Kolkata,Electricity bill
T13051,U109,2021-01-22,Expense,Rent,27732.0,Upi,Pune,xyz123
T6879,U071,2022-01-11,Expense,Food,4623.0,Upi,Jaipur,Shopping
T4431,U062,2022-04-17,Expense,Food,776.0,Card,Mumbai,Restaurant dinner
T8340,U042,2021-12-21,Income,Others,12936.0,Card,Mumbai,ATM withdrawal
T4009,U031,2021-05-14,Income,Bonus,35215.0,Card,Bangalore,Coffee
T11865,U137,2022-09-21,Expense,Food,2441.0,Cash,Jaipur,No Notes
T5472,U115,2021-10-03,Expense,Rent,45642.0,Upi,Chennai,Fixed deposit
T6337,U100,2022-11-07,Expense,Rent,10185.0,Bank_Transfer,Delhi,Train ticket
T13599,U075,2023-03-22,Expense,Food,3144.0,Upi,Lucknow,Uber ride
T4386,U025,2021-04-23,Expense,Utilities,5285.0,Bank_Transfer,Unknown,Electricity bill
T4439,U023,2021-09-30,Expense,Rent,1966.0,Upi,Pune,Doctor consultation
T3806,U021,2024-05-17,Expense,Health,4998.0,Unknown,Bangalore,Fixed deposit
T0263,U106,2023-06-01,Expense,Travel,9115.0,Bank_Transfer,Unknown,ATM withdrawal
T10067,U105,2024-01-25,Income,Others,14299.0,Bank_Transfer,Mumbai,Medicine
T13745,U142,2021-08-22,Expense,Utilities,7308.0,Cash,Chennai,EMI payment
T5748,U003,2024-12-18,Expense,Food,6010.0,Unknown,Lucknow,Electricity bill
T12763,U035,2023-12-08,Income,Freelance,10839.0,Unknown,Mumbai,Movie tickets
T6027,U064,2023-01-25,Expense,Rent,4342.0,Bank_Transfer,Chennai,Movie tickets
T5947,U127,2022-03-28,Expense,Utilities,6565.0,Cash,Unknown,ATM withdrawal
T6483,U048,2022-08-03,Expense,Utilities,6015.0,Cash,Kolkata,test
T2778,U065,2021-10-25,Expense,Health,3653.0,Cash,Chennai,Books
T2493,U020,2022-06-09,Expense,Rent,5934.0,Card,Unknown,Grocery shopping
T10905,U050,2022-10-21,Income,Investment,43572.0,Bank_Transfer,Pune,Restaurant dinner
T2567,U084,2021-09-03,Expense,Entertainment,4991.0,Bank_Transfer,Jaipur,Train ticket
T1776,U138,2021-03-02,Expense,Others,4566.0,Cash,Ahmedabad,No Notes
T7303,U139,2021-10-11,Expense,Rent,30096.0,Card,Jaipur,...
T7150,U108,2021-06-20,Income,Others,60535.0,Cash,Kolkata,Gym membership
T4313,U129,2021-02-15,Expense,Entertainment,7725.0,Card,Pune,Grocery shopping
T8576,U069,2023-05-22,Expense,Health,5509.0,Card,Pune,Uber ride
T7379,U054,2023-05-22,Income,Salary,950787.0,Upi,Hyderabad,Internet bill
T0862,U016,2024-02-26,Expense,Travel,116.0,Cash,Pune,Online course
T7571,U060,2024-04-27,Expense,Rent,999999.0,Upi,Ahmedabad,EMI payment
T9023,U023,2022-09-08,Expense,Health,9609.0,Card,Pune,No Notes
T2223,U083,2022-09-29,Expense,Education,4503.0,Bank_Transfer,Bangalore,Grocery shopping
T4313,U072,2024-05-13,Expense,Rent,29428.0,Card,Delhi,Train ticket
T0127,U044,2021-12-14,Expense,Food,2310.0,Upi,Ahmedabad,Medicine
T9959,U071,2021-02-22,Expense,Others,5435.0,Upi,Mumbai,...
T3125,U135,2022-05-20,Income,Salary,61181.0,Cash,Lucknow,Train ticket
T5854,U098,2024-12-05,Expense,Food,93.0,Card,Ahmedabad,No Notes
T7310,U140,2022-05-17,Expense,Rent,5453.0,Card,Pune,Movie tickets
T11022,U033,2024-08-20,Expense,Entertainment,6607.0,Bank_Transfer,Mumbai,Lunch
T2430,U090,2021-01-20,Expense,Education,737.0,Upi,Kolkata,Gym membership
T3191,U055,2021-11-15,Expense,Rent,7666.0,Cash,Ahmedabad,Movie tickets
T1110,U071,2021-01-28,Income,Salary,75061.0,Bank_Transfer,Delhi,xyz123
T0301,U035,2024-08-08,Income,Bonus,69558.0,Bank_Transfer,Bangalore,...
T7001,U033,2022-07-14,Expense,Education,3155.0,Upi,Jaipur,No Notes
T0138,U145,2023-12-10,Expense,Food,6110.0,Bank_Transfer,Pune,Movie tickets
T7712,U142,2023-06-25,Expense,Rent,47099.0,Card,Hyderabad,Books
T5925,U146,2022-03-23,Expense,Travel,2118.0,Card,Unknown,Coffee
T12149,U115,2023-08-27,Expense,Utilities,543.0,Bank_Transfer,Unknown,test
T9353,U002,2023-05-06,Expense,Rent,15842.0,Cash,Unknown,Medicine
T9169,U096,2022-08-31,Expense,Utilities,5097.0,Upi,Bangalore,Electricity bill
T12907,U075,2023-10-02,Expense,Entertainment,7317.0,Cash,Mumbai,Electricity bill
T5004,U098,2021-03-25,Expense,Utilities,482.0,Card,Unknown,!!!
T7377,U068,2022-05-15,Expense,Travel,1192.0,Unknown,Lucknow,ATM withdrawal
T8185,U147,2024-12-30,Income,Salary,79015.0,Unknown,Pune,No Notes
T8042,U146,2022-06-30,Income,Salary,61594.0,Unknown,Chennai,...
T8417,U134,2023-05-11,Expense,Utilities,7464.0,Upi,Hyderabad,Doctor consultation
T13722,U144,2024-11-10,Expense,Travel,8872.0,Bank_Transfer,Bangalore,Doctor consultation
T3250,U073,2022-04-20,Expense,Education,9798.0,Bank_Transfer,Bangalore,...
T7274,U036,2023-11-12,Expense,Education,8994.0,Cash,Kolkata,EMI payment
T5721,U119,2021-09-10,Expense,Health,4410.0,Cash,Chennai,test
T7298,U025,2024-11-27,Expense,Food,296.0,Card,Delhi,No Notes
T3606,U026,2021-11-29,Income,Bonus,62237.0,Card,Unknown,xyz123
T8532,U125,2021-05-13,Expense,Rent,4591.0,Bank_Transfer,Pune,asdfgh
T8905,U054,2022-10-26,Expense,Food,2563.0,Cash,Bangalore,No Notes
T10312,U036,2021-12-11,Expense,Utilities,4586.0,Card,Mumbai,No Notes
T2900,U098,2023-10-09,Expense,Education,8866.0,Bank_Transfer,Bangalore,Books
T10556,U056,2023-01-25,Expense,Rent,4193.0,Upi,Ahmedabad,Doctor consultation
T10463,U140,2022-07-10,Expense,Food,1863.0,Bank_Transfer,Ahmedabad,Books
T11458,U064,2021-09-10,Expense,Education,5805.0,Cash,Lucknow,Uber ride
T9792,U145,2024-11-07,Expense,Rent,8831.0,Upi,Mumbai,Fixed deposit
T12690,U036,2023-08-13,Income,Investment,68521.0,Upi,Hyderabad,asdfgh
T1476,U093,2022-09-29,Expense,Others,7375.0,Upi,Ahmedabad,...
T5365,U066,2024-11-10,Expense,Travel,9431.0,Bank_Transfer,Bangalore,Medicine
T0073,U113,2024-02-06,Expense,Rent,9895.0,Upi,Pune,ATM withdrawal
T6182,U143,2021-02-20,Expense,Rent,3586.0,Upi,Kolkata,Medicine
T2802,U101,2023-12-12,Expense,Savings,6319.0,Bank_Transfer,Mumbai,!!!
T8661,U046,2023-10-30,Expense,Travel,8775.0,Upi,Pune,Coffee
T2203,U113,2022-09-10,Expense,Education,4967.0,Cash,Pune,xyz123
T6222,U125,2024-04-04,Expense,Utilities,3873.0,Card,Ahmedabad,No Notes
T10819,U103,2022-03-17,Expense,Utilities,2831.0,Upi,Kolkata,No Notes
T12730,U092,2024-10-05,Expense,Others,4685.0,Upi,Delhi,misc
T0930,U059,2022-04-16,Expense,Food,900.0,Bank_Transfer,Delhi,...
T1051,U036,2022-12-14,Expense,Food,4181.0,Cash,Bangalore,No Notes
T1919,U010,2024-06-20,Expense,Rent,4380.0,Upi,Kolkata,Fixed deposit
T4587,U021,2021-01-13,Expense,Food,2909.0,Card,Pune,...
T6261,U135,2021-02-04,Expense,Education,3432.0,Card,Chennai,Monthly rent payment
T11612,U065,2022-01-07,Expense,Utilities,9778.0,Cash,Pune,Movie tickets
T10519,U144,2021-07-14,Income,Investment,37195.0,Card,Jaipur,No Notes
T8600,U007,2024-06-29,Expense,Food,4458.0,Bank_Transfer,Jaipur,Gym membership
T13462,U149,2023-08-24,Expense,Utilities,2074.0,Upi,Ahmedabad,Medicine
T7934,U144,2021-12-12,Expense,Travel,8281.0,Bank_Transfer,Lucknow,test
T13607,U007,2024-03-02,Expense,Utilities,7781.0,Bank_Transfer,Bangalore,asdfgh
T9080,U037,2023-09-29,Expense,Rent,8104.0,Card,Chennai,Monthly rent payment
T8616,U037,2022-08-20,Expense,Rent,4543.0,Card,Unknown,EMI payment
T9060,U038,2021-02-08,Expense,Education,9869.0,Bank_Transfer,Jaipur,ATM withdrawal
T2133,U125,2022-11-12,Expense,Education,7127.0,Cash,Kolkata,Train ticket
T0664,U086,2021-04-06,Income,Bonus,21498.0,Card,Pune,Lunch
T2917,U026,2022-06-10,Expense,Food,7755.0,Bank_Transfer,Hyderabad,Internet bill
T13763,U014,2024-07-03,Expense,Food,7686.0,Card,Lucknow,...
T6249,U138,2022-04-27,Expense,Rent,3926.0,Bank_Transfer,Chennai,Train ticket
T8779,U040,2022-07-11,Expense,Rent,1293.0,Cash,Kolkata,Coffee
T8528,U024,2024-09-06,Expense,Travel,474.0,Upi,Chennai,asdfgh
T1362,U063,2021-04-05,Expense,Savings,9060.0,Card,Pune,Restaurant dinner
T3912,U056,2023-02-26,Expense,Education,2935.0,Upi,Kolkata,No Notes
T13088,U147,2022-06-17,Expense,Education,6205.0,Card,Unknown,No Notes
T10481,U128,2024-03-09,Expense,Travel,6823.0,Upi,Jaipur,Lunch
T11034,U129,2024-10-09,Expense,Travel,1765.0,Cash,Jaipur,Fixed deposit
T3083,U020,2022-06-06,Expense,Food,3535.0,Cash,Unknown,EMI payment
T5149,U083,2022-01-24,Expense,Rent,38999.0,Card,Ahmedabad,!!!
T11786,U007,2024-11-05,Expense,Entertainment,9663.0,Card,Lucknow,Gym membership
T8568,U056,2022-01-16,Expense,Travel,5429.0,Upi,Kolkata,misc
T9045,U065,2022-12-20,Income,Freelance,21412.0,Upi,Ahmedabad,misc
T5057,U084,2022-02-09,Income,Bonus,54977.0,Cash,Jaipur,EMI payment
T5755,U039,2022-12-06,Expense,Health,5381.0,Bank_Transfer,Bangalore,Shopping
T2498,U073,2021-12-14,Expense,Travel,1013.0,Cash,Hyderabad,Grocery shopping
T6369,U117,2022-04-28,Expense,Food,1557.0,Upi,Lucknow,Coffee
T0172,U111,2021-04-12,Expense,Rent,3212.0,Upi,Delhi,Electricity bill
T3344,U103,2024-12-06,Income,Salary,67293.0,Upi,Ahmedabad,Coffee
T8231,U043,2022-12-04,Expense,Rent,2050.0,Card,Bangalore,!!!
T5590,U124,2021-12-22,Expense,Food,3216.0,Bank_Transfer,Delhi,Train ticket
T8357,U088,2024-03-18,Expense,Food,3734.0,Cash,Hyderabad,Internet bill
T6323,U037,2023-06-22,Expense,Utilities,2765.0,Card,Delhi,!!!
T3411,U068,2021-01-13,Income,Freelance,48604.0,Upi,Hyderabad,Movie tickets
T11587,U117,2021-09-23,Expense,Entertainment,5495.0,Cash,Jaipur,Electricity bill
T6069,U096,2023-04-26,Income,Bonus,61313.0,Upi,Kolkata,EMI payment
T1327,U100,2024-10-22,Expense,Food,4103.0,Upi,Bangalore,EMI payment
T1406,U058,2024-09-05,Income,Others,40563.0,Bank_Transfer,Unknown,Train ticket
T10731,U094,2024-03-06,Income,Others,75424.0,Card,Hyderabad,Books
T10718,U115,2021-05-10,Expense,Education,5785.0,Card,Pune,Medicine
T3389,U058,2024-02-12,Expense,Travel,3578.0,Upi,Mumbai,EMI payment
T4374,U031,2021-06-08,Expense,Savings,8504.0,Bank_Transfer,Hyderabad,Gym membership
T9296,U091,2022-01-18,Expense,Food,2943.0,Upi,Ahmedabad,xyz123
T7493,U016,2024-04-06,Expense,Food,9086.0,Cash,Lucknow,No Notes
T4907,U138,2023-02-21,Expense,Food,4221.0,Upi,Pune,...
T4417,U117,2022-08-08,Expense,Food,9484.0,Bank_Transfer,Bangalore,Monthly rent payment
T3380,U034,2023-01-30,Income,Investment,43934.0,Card,Mumbai,No Notes
T13109,U137,2024-09-29,Expense,Food,220.0,Bank_Transfer,Ahmedabad,No Notes
T0171,U019,2021-10-03,Expense,Food,3125.0,Cash,Lucknow,No Notes
T9841,U003,2024-09-24,Expense,Food,6002.0,Card,Chennai,No Notes
T4471,U010,2024-07-15,Expense,Rent,1566.0,Card,Unknown,Books
T10203,U030,2022-10-26,Expense,Education,1087.0,Card,Ahmedabad,No Notes
T9240,U132,2023-10-15,Expense,Entertainment,930.0,Bank_Transfer,Pune,asdfgh
T7376,U050,2024-06-07,Expense,Utilities,4882.0,Card,Lucknow,xyz123
T0354,U150,2023-11-13,Expense,Rent,45393.0,Bank_Transfer,Mumbai,Fixed deposit
T2033,U052,2022-10-02,Expense,Food,4675.0,Upi,Mumbai,...
T0935,U032,2023-09-29,Expense,Travel,1936.0,Cash,Lucknow,No Notes
T12814,U060,2021-03-26,Expense,Food,2521.0,Upi,Pune,Lunch
T8972,U008,2023-04-27,Income,Freelance,12856.0,Upi,Kolkata,ATM withdrawal
T6997,U046,2022-03-16,Expense,Health,2245.0,Card,Bangalore,Electricity bill
T3414,U031,2022-08-18,Income,Investment,79300.0,Bank_Transfer,Mumbai,No Notes
T0243,U034,2024-05-11,Expense,Utilities,6340.0,Bank_Transfer,Ahmedabad,Fixed deposit
T10348,U008,2024-10-26,Expense,Travel,1720.0,Cash,Mumbai,No Notes
T11821,U048,2024-02-19,Expense,Savings,783.0,Cash,Delhi,Online course
T11013,U053,2021-08-30,Expense,Rent,8342.0,Upi,Lucknow,Gym membership
T1124,U037,2021-05-19,Expense,Entertainment,6668.0,Card,Pune,No Notes
T2663,U069,2023-05-10,Expense,Utilities,8597.0,Card,Delhi,Monthly rent payment
T6617,U112,2024-07-29,Expense,Utilities,9456.0,Cash,Kolkata,Monthly rent payment
T5756,U112,2024-05-08,Expense,Entertainment,898.0,Card,Delhi,Train ticket
T1894,U055,2024-11-30,Expense,Education,7487.0,Cash,Delhi,Movie tickets
T7475,U148,2023-12-02,Expense,Rent,8834.0,Cash,Ahmedabad,asdfgh
T5148,U040,2022-12-04,Expense,Utilities,8595.0,Upi,Mumbai,Gym membership
T10591,U144,2024-09-11,Expense,Rent,9321.0,Cash,Unknown,Movie tickets
T6368,U110,2024-01-11,Expense,Education,4511.0,Cash,Chennai,ATM withdrawal
T5540,U148,2022-10-22,Expense,Health,2691.0,Cash,Hyderabad,Restaurant dinner
T6687,U029,2021-01-02,Expense,Savings,1036.0,Bank_Transfer,Lucknow,No Notes
T11107,U010,2023-01-07,Expense,Rent,48313.0,Upi,Mumbai,Shopping
T4457,U026,2024-04-13,Expense,Entertainment,3324.0,Upi,Chennai,Shopping
T6139,U146,2021-10-18,Expense,Utilities,8260.0,Card,Chennai,Online course
T13005,U037,2023-03-18,Expense,Travel,8757.0,Card,Chennai,Grocery shopping
T3483,U044,2021-12-08,Expense,Food,2708.0,Card,Kolkata,Train ticket
T12310,U045,2024-02-09,Expense,Savings,8435.0,Cash,Lucknow,asdfgh
T4079,U137,2022-12-07,Expense,Food,4888.0,Card,Delhi,Online course
T3318,U115,2022-06-25,Expense,Utilities,9931.0,Card,Delhi,Shopping
T7569,U003,2022-06-25,Expense,Others,9767.0,Cash,Bangalore,No Notes
T1714,U044,2021-12-01,Expense,Travel,5258.0,Cash,Hyderabad,Lunch
T12761,U031,2021-12-10,Expense,Rent,9902.0,Bank_Transfer,Hyderabad,No Notes
T0230,U124,2023-02-20,Expense,Education,4270.0,Upi,Mumbai,Grocery shopping
T4759,U081,2024-02-05,Expense,Food,2742.0,Bank_Transfer,Unknown,Shopping
T9336,U040,2024-07-15,Expense,Travel,4023.0,Card,Kolkata,EMI payment
T1221,U087,2023-04-30,Income,Salary,56255.0,Card,Kolkata,Doctor consultation
T7146,U126,2023-06-01,Expense,Entertainment,4706.0,Upi,Lucknow,No Notes
T8776,U021,2023-12-06,Income,Salary,25614.0,Upi,Pune,test
T8245,U112,2024-07-27,Expense,Food,3546.0,Upi,Mumbai,Internet bill
T10870,U065,2023-05-26,Income,Others,28149.0,Card,Mumbai,Uber ride
T10469,U103,2024-05-02,Income,Salary,69864.0,Cash,Kolkata,Grocery shopping
T5332,U092,2023-02-08,Expense,Rent,3236.0,Upi,Unknown,Petrol
T8849,U117,2021-07-04,Expense,Utilities,9681.0,Cash,Mumbai,Shopping
T0680,U091,2021-07-11,Expense,Food,3875.0,Card,Lucknow,Gym membership
T8148,U088,2023-06-06,Expense,Health,5254.0,Cash,Lucknow,Restaurant dinner
T10466,U078,2023-04-30,Expense,Rent,44834.0,Bank_Transfer,Kolkata,Gym membership
T9082,U039,2023-09-08,Expense,Utilities,9718.0,Bank_Transfer,Mumbai,...
T11802,U040,2024-02-22,Income,Salary,42643.0,Bank_Transfer,Kolkata,Online course
T11471,U102,2023-10-29,Expense,Rent,5499.0,Unknown,Ahmedabad,Medicine
T3788,U055,2022-10-30,Income,Salary,51547.0,Bank_Transfer,Unknown,misc
T11817,U130,2023-05-31,Expense,Travel,8766.0,Upi,Kolkata,Medicine
T7215,U075,2021-08-18,Income,Investment,17842.0,Card,Ahmedabad,Gym membership
T2806,U020,2021-05-04,Expense,Education,4801.0,Card,Kolkata,EMI payment
T12070,U048,2023-01-18,Income,Freelance,463731.0,Bank_Transfer,Ahmedabad,No Notes
T8225,U048,2023-04-13,Expense,Utilities,1507.0,Bank_Transfer,Chennai,misc
T0029,U104,2023-08-16,Income,Others,21003.0,Bank_Transfer,Unknown,No Notes
T3516,U110,2023-04-21,Expense,Rent,5922.0,Cash,Bangalore,!!!
T9401,U050,2024-02-24,Expense,Travel,7062.0,Upi,Unknown,Medicine
T1713,U150,2023-06-26,Expense,Education,7363.0,Card,Unknown,Internet bill
T5567,U059,2023-06-08,Expense,Food,3690.0,Cash,Bangalore,Uber ride
T7115,U133,2023-09-05,Expense,Travel,5434.0,Bank_Transfer,Hyderabad,test
T12530,U108,2024-04-10,Expense,Others,4714.0,Upi,Mumbai,Restaurant dinner
T4055,U062,2024-03-24,Expense,Travel,5763.0,Bank_Transfer,Delhi,Movie tickets
T6378,U001,2021-01-08,Expense,Utilities,964.0,Bank_Transfer,Kolkata,EMI payment
T2478,U003,2023-09-01,Expense,Entertainment,1550.0,Bank_Transfer,Lucknow,Doctor consultation
T1751,U034,2024-11-12,Expense,Rent,19127.0,Cash,Mumbai,No Notes
T1671,U127,2021-01-16,Expense,Utilities,3442.0,Upi,Delhi,...
T11351,U138,2023-01-15,Income,Bonus,30409.0,Upi,Mumbai,Uber ride
T0904,U125,2021-11-04,Expense,Travel,7258.0,Upi,Ahmedabad,Grocery shopping
T0926,U068,2021-12-25,Expense,Health,4248.0,Cash,Pune,Coffee
T5649,U045,2023-07-13,Income,Salary,44056.0,Upi,Unknown,EMI payment
T9777,U116,2021-07-29,Expense,Rent,5334.0,Upi,Ahmedabad,Movie tickets
T5819,U109,2021-11-21,Expense,Travel,4593.0,Unknown,Bangalore,Lunch
T6266,U079,2024-02-09,Expense,Rent,15976.0,Bank_Transfer,Mumbai,Medicine
T0865,U020,2021-05-11,Expense,Food,6399.0,Bank_Transfer,Bangalore,Fixed deposit
T0435,U054,2023-11-23,Expense,Entertainment,1506.0,Bank_Transfer,Jaipur,Monthly rent payment
T9236,U078,2023-11-15,Expense,Food,4076.0,Cash,Unknown,Restaurant dinner
T3849,U014,2024-05-16,Income,Salary,54182.0,Upi,Delhi,xyz123
T7003,U096,2022-04-24,Expense,Utilities,352.0,Card,Chennai,misc
T1401,U035,2023-03-15,Expense,Food,9181.0,Upi,Hyderabad,Lunch
T3466,U102,2024-07-18,Expense,Others,9128.0,Card,Chennai,asdfgh
T5343,U060,2021-01-23,Expense,Savings,6604.0,Bank_Transfer,Jaipur,Petrol
T10007,U129,2023-04-08,Expense,Utilities,5210.0,Cash,Unknown,!!!
T7609,U056,2024-10-17,Expense,Food,4234.0,Cash,Delhi,Movie tickets
T2244,U059,2023-04-28,Expense,Food,8974.0,Cash,Jaipur,...
T8788,U142,2024-05-18,Expense,Food,5436.0,Bank_Transfer,Lucknow,...
T3314,U044,2021-06-21,Expense,Rent,8526.0,Cash,Bangalore,Monthly rent payment
T7509,U134,2023-07-03,Expense,Rent,8180.0,Upi,Jaipur,EMI payment
T2780,U148,2023-11-24,Expense,Food,8960.0,Bank_Transfer,Chennai,xyz123
T10770,U004,2021-09-30,Expense,Food,415.0,Bank_Transfer,Ahmedabad,Monthly rent payment
T10613,U143,2023-05-20,Expense,Travel,9584.0,Bank_Transfer,Kolkata,No Notes
T1184,U020,2024-05-30,Expense,Travel,5953.0,Card,Delhi,Lunch
T11886,U105,2023-05-07,Expense,Travel,9025.0,Cash,Bangalore,Gym membership
T3180,U061,2022-05-06,Expense,Food,1298.0,Bank_Transfer,Unknown,EMI payment
T7355,U039,2021-12-24,Income,Others,14035.0,Cash,Bangalore,misc
T5961,U142,2021-02-16,Expense,Food,2243.0,Card,Delhi,Online course
T8726,U005,2022-08-03,Income,Investment,34966.0,Upi,Chennai,No Notes
T4422,U015,2021-03-08,Expense,Food,9595.0,Cash,Lucknow,Petrol
T3422,U013,2024-12-12,Expense,Savings,7661.0,Upi,Delhi,No Notes
T4847,U029,2022-04-18,Expense,Education,4368.0,Bank_Transfer,Hyderabad,!!!
T3786,U014,2021-09-08,Expense,Others,6356.0,Upi,Lucknow,Gym membership
T3192,U104,2023-07-17,Expense,Rent,8445.0,Card,Mumbai,Books
T3913,U078,2021-12-16,Expense,Food,672.0,Unknown,Chennai,No Notes
T9013,U103,2023-10-18,Expense,Entertainment,6637.0,Bank_Transfer,Delhi,Monthly rent payment
T3311,U013,2022-12-29,Expense,Food,7043.0,Upi,Ahmedabad,Electricity bill
T11052,U063,2022-08-16,Income,Others,57631.0,Card,Hyderabad,Fixed deposit
T7788,U029,2023-09-04,Expense,Entertainment,8704.0,Bank_Transfer,Pune,Gym membership
T6680,U033,2023-07-22,Expense,Food,7134.0,Card,Pune,Grocery shopping
T1941,U109,2022-05-24,Expense,Utilities,9724.0,Bank_Transfer,Hyderabad,Train ticket
T3137,U077,2023-01-12,Expense,Health,6565.0,Card,Pune,...
T11497,U057,2022-04-24,Expense,Food,8598.0,Cash,Ahmedabad,test
T1341,U045,2024-08-26,Expense,Food,4019.0,Cash,Delhi,Lunch
T12128,U008,2023-06-28,Expense,Rent,9216.0,Bank_Transfer,Jaipur,asdfgh
T8452,U066,2021-11-30,Expense,Travel,8847.0,Card,Jaipur,misc
T13197,U023,2024-09-07,Income,Freelance,39567.0,Cash,Chennai,Restaurant dinner
T5634,U044,2021-10-23,Income,Freelance,76366.0,Upi,Chennai,Coffee
T9106,U123,2022-10-29,Expense,Food,2756.0,Card,Pune,test
T3393,U042,2023-07-06,Expense,Rent,8464.0,Bank_Transfer,Pune,misc
T6671,U002,2024-08-09,Expense,Travel,7003.0,Upi,Delhi,No Notes
T8820,U076,2023-06-02,Expense,Travel,3098.0,Bank_Transfer,Bangalore,test
T6881,U107,2024-07-14,Income,Others,67853.0,Card,Chennai,Medicine
T10648,U020,2022-07-05,Expense,Rent,638.0,Card,Mumbai,asdfgh
T1513,U146,2024-11-08,Income,Others,35513.0,Bank_Transfer,Bangalore,asdfgh
T8071,U084,2021-10-29,Income,Investment,59363.0,Upi,Mumbai,Uber ride
T11699,U103,2024-07-11,Expense,Food,3230.0,Cash,Ahmedabad,misc
T1797,U072,2021-11-30,Expense,Food,1597.0,Upi,Pune,Books
T12397,U147,2024-08-13,Expense,Education,885.0,Upi,Delhi,asdfgh
T3702,U057,2022-06-03,Expense,Travel,5210.0,Bank_Transfer,Delhi,Coffee
T1422,U038,2023-11-23,Expense,Food,3080.0,Upi,Pune,No Notes
T6900,U078,2024-10-19,Expense,Rent,28261.0,Bank_Transfer,Jaipur,No Notes
T7777,U033,2022-05-20,Expense,Food,7412.0,Unknown,Mumbai,Gym membership
T6668,U077,2023-09-15,Expense,Travel,8457.0,Cash,Chennai,Train ticket
T10234,U101,2024-04-05,Expense,Utilities,2643.0,Unknown,Lucknow,Grocery shopping
T6776,U124,2021-07-07,Expense,Rent,8870.0,Card,Pune,Coffee
T2057,U094,2022-02-05,Expense,Rent,6078.0,Card,Jaipur,test
T6380,U126,2024-05-21,Expense,Utilities,4187.0,Card,Lucknow,xyz123
T7281,U027,2024-04-09,Income,Others,38200.0,Card,Jaipur,asdfgh
T7506,U097,2022-04-23,Income,Freelance,32522.0,Card,Hyderabad,Electricity bill
T2119,U115,2022-12-08,Expense,Food,5623.0,Bank_Transfer,Delhi,No Notes
T12601,U113,2024-10-08,Expense,Rent,26918.0,Upi,Delhi,misc
T8933,U008,2024-06-30,Expense,Rent,4721.0,Bank_Transfer,Hyderabad,Shopping
T11173,U084,2024-03-25,Expense,Health,8850.0,Cash,Delhi,Online course
T11798,U091,2024-10-14,Expense,Travel,7811.0,Upi,Ahmedabad,Medicine
T9097,U109,2021-11-22,Expense,Travel,8741.0,Unknown,Pune,Restaurant dinner
T2916,U052,2024-07-04,Expense,Savings,5148.0,Card,Lucknow,EMI payment
T12306,U131,2023-06-30,Expense,Entertainment,4916.0,Upi,Delhi,Movie tickets
T11496,U092,2021-08-07,Expense,Rent,3789.0,Card,Lucknow,Lunch
T12246,U097,2024-07-10,Expense,Travel,5548.0,Bank_Transfer,Lucknow,Monthly rent payment
T3736,U078,2023-07-15,Expense,Entertainment,9781.0,Upi,Pune,Books
T0340,U098,2023-02-10,Expense,Health,7693.0,Upi,Kolkata,!!!
T3431,U116,2022-12-29,Expense,Utilities,3306.0,Card,Mumbai,Medicine
T7471,U046,2022-04-23,Expense,Others,412.0,Card,Delhi,Shopping
T10682,U150,2024-05-03,Income,Freelance,692535.0,Bank_Transfer,Bangalore,xyz123
T4212,U139,2021-08-11,Expense,Education,5298.0,Upi,Pune,Coffee
T12860,U040,2022-10-05,Expense,Savings,8220.0,Card,Lucknow,misc
T0933,U058,2021-11-30,Expense,Rent,9106.0,Card,Jaipur,Electricity bill
T11989,U064,2021-10-20,Expense,Food,7725.0,Cash,Hyderabad,Grocery shopping
T7283,U028,2021-01-07,Expense,Rent,28477.0,Bank_Transfer,Kolkata,Doctor consultation
T1220,U089,2024-02-20,Income,Freelance,25126.0,Bank_Transfer,Chennai,test
T10665,U044,2021-10-30,Expense,Utilities,9808.0,Cash,Kolkata,asdfgh
T3878,U109,2024-04-30,Income,Others,47605.0,Bank_Transfer,Kolkata,EMI payment
T6910,U048,2024-04-19,Income,Others,45168.0,Upi,Unknown,No Notes
T5668,U108,2021-12-23,Expense,Health,3030.0,Card,Jaipur,Restaurant dinner
T3553,U075,2022-01-30,Expense,Rent,40467.0,Unknown,Pune,Train ticket
T9528,U088,2022-09-21,Expense,Rent,6625.0,Cash,Unknown,Restaurant dinner
T7843,U004,2022-04-02,Expense,Rent,10800.0,Cash,Pune,!!!
T11709,U076,2021-08-13,Expense,Rent,8207.0,Bank_Transfer,Mumbai,Medicine
T2441,U109,2021-06-29,Expense,Entertainment,9405.0,Bank_Transfer,Chennai,!!!
T6220,U017,2023-09-30,Expense,Utilities,3414.0,Card,Pune,asdfgh
T2423,U019,2024-09-13,Expense,Utilities,9432.0,Bank_Transfer,Chennai,Medicine
T9808,U129,2024-08-19,Expense,Savings,9030.0,Upi,Chennai,misc
T8599,U035,2024-11-30,Expense,Education,2898.0,Bank_Transfer,Bangalore,!!!
T8783,U073,2021-06-14,Expense,Food,179.0,Bank_Transfer,Pune,Petrol
T3945,U084,2023-07-27,Expense,Education,8892.0,Bank_Transfer,Delhi,Movie tickets
T0129,U102,2022-08-20,Expense,Education,4692.0,Card,Bangalore,Monthly rent payment
T7253,U044,2022-04-23,Expense,Food,3210.0,Card,Kolkata,misc
T5916,U038,2024-05-17,Expense,Rent,3872.0,Cash,Kolkata,No Notes
T9978,U110,2022-03-20,Expense,Travel,734.0,Upi,Delhi,Coffee
T1896,U120,2024-05-01,Expense,Food,2778.0,Card,Mumbai,Petrol
T7978,U036,2022-08-25,Expense,Rent,6278.0,Bank_Transfer,Jaipur,Monthly rent payment
T13762,U105,2023-07-17,Expense,Entertainment,738.0,Unknown,Bangalore,No Notes
T4359,U016,2022-03-07,Expense,Entertainment,9570.0,Bank_Transfer,Bangalore,Uber ride
T2714,U116,2023-04-09,Expense,Rent,5695.0,Cash,Chennai,ATM withdrawal
T8250,U120,2024-04-08,Expense,Food,4117.0,Bank_Transfer,Unknown,asdfgh
T2526,U107,2023-02-23,Expense,Travel,6933.0,Unknown,Ahmedabad,misc
T1213,U056,2024-12-02,Expense,Utilities,9900.0,Bank_Transfer,Lucknow,No Notes
T7531,U149,2024-07-11,Expense,Education,6620.0,Cash,Delhi,Movie tickets
T2208,U149,2022-08-27,Expense,Food,6590.0,Bank_Transfer,Jaipur,Train ticket
T5156,U041,2022-05-14,Expense,Entertainment,7032.0,Bank_Transfer,Pune,Monthly rent payment
T2489,U025,2024-03-13,Expense,Rent,7480.0,Cash,Lucknow,Books
T1641,U143,2024-02-02,Expense,Savings,6749.0,Upi,Chennai,misc
T9888,U041,2024-09-20,Expense,Food,4823.0,Upi,Jaipur,asdfgh
T7724,U116,2023-04-11,Income,Investment,63167.0,Cash,Hyderabad,asdfgh
T5387,U141,2021-01-07,Expense,Others,7323.0,Cash,Jaipur,Gym membership
T0401,U078,2023-01-11,Expense,Food,1064.0,Upi,Chennai,Gym membership
T8146,U019,2022-10-21,Expense,Health,5143.0,Bank_Transfer,Hyderabad,asdfgh
T9179,U089,2024-09-03,Expense,Food,3414.0,Cash,Hyderabad,EMI payment
T0619,U046,2021-09-27,Expense,Utilities,1121.0,Card,Hyderabad,No Notes
T4665,U037,2022-11-19,Expense,Utilities,761.0,Upi,Hyderabad,Petrol
T6291,U010,2024-02-08,Expense,Travel,7200.0,Card,Lucknow,No Notes
T6314,U034,2021-08-07,Expense,Food,6375.0,Card,Lucknow,Doctor consultation
T13664,U135,2021-01-23,Expense,Food,1406.0,Card,Kolkata,No Notes
T12345,U048,2021-12-22,Expense,Rent,27387.0,Bank_Transfer,Unknown,No Notes
T1846,U100,2021-01-15,Expense,Food,8909.0,Unknown,Mumbai,Medicine
T6829,U128,2022-09-23,Expense,Rent,5095.0,Cash,Ahmedabad,No Notes
T9477,U149,2022-09-09,Expense,Education,9665.0,Upi,Lucknow,Online course
T1771,U123,2021-03-23,Expense,Travel,3957.0,Card,Kolkata,No Notes
T2468,U092,2024-12-22,Expense,Health,9311.0,Card,Unknown,No Notes
T2272,U125,2023-08-03,Expense,Health,2634.0,Card,Kolkata,Lunch
T13981,U025,2023-05-18,Income,Salary,36318.0,Cash,Chennai,ATM withdrawal
T4693,U018,2022-09-05,Income,Others,32174.0,Bank_Transfer,Jaipur,Internet bill
T2899,U078,2023-12-12,Expense,Food,2741.0,Upi,Lucknow,Online course
T0245,U144,2022-12-06,Expense,Utilities,9535.0,Upi,Jaipur,No Notes
T5025,U076,2022-11-14,Income,Others,51548.0,Card,Bangalore,test
T7792,U134,2021-12-30,Expense,Food,3784.0,Card,Lucknow,Grocery shopping
T4330,U083,2024-01-30,Expense,Travel,9507.0,Card,Pune,...
T11121,U015,2021-03-18,Expense,Entertainment,8136.0,Card,Lucknow,Restaurant dinner
T11550,U069,2021-11-20,Expense,Savings,5163.0,Card,Lucknow,No Notes
T6147,U067,2023-08-07,Income,Others,54871.0,Bank_Transfer,Ahmedabad,No Notes
T6745,U127,2022-04-24,Expense,Travel,5832.0,Cash,Pune,Coffee
T2077,U094,2023-06-28,Expense,Food,545.0,Card,Bangalore,test
T7290,U032,2021-06-13,Expense,Health,3437.0,Bank_Transfer,Delhi,misc
T0216,U073,2021-05-19,Expense,Travel,5560.0,Cash,Hyderabad,No Notes
T7623,U079,2021-04-15,Expense,Entertainment,8244.0,Bank_Transfer,Lucknow,Movie tickets
T11605,U028,2021-12-19,Expense,Savings,7287.0,Cash,Chennai,Petrol
T11413,U078,2021-03-20,Expense,Food,2543.0,Bank_Transfer,Ahmedabad,No Notes
T12078,U085,2021-04-11,Expense,Others,7855.0,Upi,Ahmedabad,Petrol
T4921,U011,2021-06-14,Income,Salary,27861.0,Card,Mumbai,Uber ride
T8904,U068,2021-09-05,Expense,Travel,8245.0,Cash,Lucknow,Movie tickets
T9862,U033,2022-01-31,Expense,Health,7746.0,Bank_Transfer,Mumbai,Books
T8249,U060,2023-04-28,Income,Others,78447.0,Upi,Ahmedabad,Coffee
T6305,U076,2021-02-23,Expense,Utilities,6196.0,Bank_Transfer,Delhi,Train ticket
T1555,U112,2023-07-08,Expense,Food,1450.0,Card,Hyderabad,Grocery shopping
T11327,U052,2023-01-22,Expense,Others,3833.0,Bank_Transfer,Pune,Uber ride
T11728,U022,2022-01-09,Income,Salary,56876.0,Bank_Transfer,Pune,No Notes
T9690,U071,2021-08-12,Income,Others,24394.0,Bank_Transfer,Jaipur,Petrol
T12983,U099,2024-04-20,Expense,Rent,49503.0,Upi,Kolkata,Lunch
T3462,U057,2022-06-21,Expense,Entertainment,6776.0,Upi,Lucknow,EMI payment
T11038,U058,2023-03-06,Expense,Rent,9713.0,Bank_Transfer,Pune,Lunch
T9021,U122,2024-02-25,Expense,Rent,6055.0,Upi,Jaipur,...
T12181,U118,2021-11-10,Expense,Utilities,7019.0,Bank_Transfer,Kolkata,...
T7755,U069,2024-07-11,Expense,Utilities,9337.0,Upi,Hyderabad,No Notes
T7407,U126,2022-04-29,Expense,Rent,21948.0,Bank_Transfer,Pune,Fixed deposit
T1564,U042,2024-06-13,Expense,Food,1357.0,Upi,Unknown,Electricity bill
T2158,U123,2023-07-09,Expense,Education,9474.0,Upi,Bangalore,No Notes
T9162,U130,2021-12-14,Expense,Entertainment,6398.0,Bank_Transfer,Lucknow,Doctor consultation
T5987,U078,2022-12-30,Expense,Food,4556.0,Card,Bangalore,Lunch
T0676,U034,2023-07-02,Expense,Rent,30233.0,Cash,Chennai,Petrol
T11063,U087,2024-12-25,Expense,Food,3285.0,Cash,Kolkata,Coffee
T12257,U130,2021-05-27,Expense,Food,1945.0,Card,Bangalore,misc
T1181,U042,2021-05-29,Expense,Rent,949.0,Cash,Hyderabad,Electricity bill
T2803,U109,2022-11-11,Expense,Food,4484.0,Card,Jaipur,Lunch
T9763,U059,2022-06-04,Expense,Entertainment,7317.0,Unknown,Delhi,Fixed deposit
T10481,U033,2022-10-31,Expense,Savings,1716.0,Card,Kolkata,misc
T4396,U100,2021-02-27,Expense,Rent,3935.0,Card,Lucknow,Internet bill
T1657,U023,2021-02-01,Expense,Education,2601.0,Card,Lucknow,!!!
T11099,U014,2023-01-11,Expense,Education,8816.0,Bank_Transfer,Chennai,No Notes
T5708,U134,2021-10-14,Income,Investment,65084.0,Card,Chennai,Uber ride
T3049,U093,2024-02-01,Expense,Rent,9129.0,Card,Chennai,Books
T5718,U087,2022-05-13,Expense,Rent,1762.0,Upi,Chennai,Gym membership
T11673,U004,2021-05-22,Income,Others,67081.0,Card,Mumbai,Fixed deposit
T0974,U132,2023-12-01,Expense,Rent,692.0,Upi,Lucknow,!!!
T12524,U086,2024-09-19,Expense,Rent,9236.0,Card,Pune,Petrol
T6614,U004,2021-01-13,Income,Investment,79465.0,Cash,Jaipur,asdfgh
T2389,U002,2022-08-12,Expense,Health,5150.0,Upi,Bangalore,ATM withdrawal
T5010,U123,2024-02-13,Expense,Utilities,2109.0,Cash,Bangalore,Books
T13225,U109,2023-10-19,Expense,Utilities,4418.0,Upi,Bangalore,Online course
T5352,U148,2023-03-01,Expense,Entertainment,1833.0,Cash,Lucknow,Grocery shopping
T5490,U028,2023-05-16,Expense,Entertainment,1053.0,Card,Mumbai,Lunch
T12343,U071,2023-12-08,Expense,Food,2508.0,Card,Bangalore,No Notes
T9155,U037,2023-07-31,Expense,Rent,28481.0,Cash,Hyderabad,test
T3578,U133,2021-08-06,Expense,Utilities,4058.0,Bank_Transfer,Lucknow,No Notes
T5780,U037,2024-10-24,Expense,Utilities,6102.0,Bank_Transfer,Bangalore,Uber ride
T5478,U027,2022-07-29,Income,Others,43965.0,Bank_Transfer,Bangalore,Train ticket
T1067,U032,2022-05-09,Expense,Travel,9496.0,Upi,Pune,Uber ride
T0654,U031,2023-01-01,Expense,Entertainment,8687.0,Cash,Hyderabad,Doctor consultation
T11518,U079,2024-01-16,Expense,Rent,2758.0,Card,Delhi,No Notes
T11061,U014,2023-04-16,Income,Freelance,47132.0,Unknown,Chennai,No Notes
T1676,U073,2022-11-30,Expense,Rent,11911.0,Cash,Jaipur,Electricity bill
T3230,U005,2022-07-31,Expense,Rent,48712.0,Card,Delhi,Movie tickets
T6346,U113,2021-01-01,Expense,Entertainment,999999.0,Cash,Unknown,Shopping
T13967,U116,2022-02-22,Income,Salary,67600.0,Bank_Transfer,Lucknow,Books
T6204,U090,2024-01-27,Expense,Rent,26756.0,Upi,Kolkata,Internet bill
T1945,U096,2023-08-04,Expense,Education,7489.0,Bank_Transfer,Kolkata,No Notes
T3911,U105,2024-01-26,Expense,Food,8296.0,Cash,Chennai,!!!
T2573,U056,2021-10-31,Expense,Food,713.0,Cash,Bangalore,ATM withdrawal
T0178,U038,2024-04-08,Income,Bonus,55071.0,Bank_Transfer,Mumbai,Train ticket
T8127,U063,2024-04-05,Expense,Others,2947.0,Cash,Kolkata,No Notes
T6350,U136,2023-04-02,Expense,Entertainment,4792.0,Bank_Transfer,Ahmedabad,asdfgh
T10264,U017,2023-08-30,Expense,Rent,5477.0,Bank_Transfer,Pune,test
T1955,U044,2024-12-31,Expense,Rent,4494.0,Bank_Transfer,Hyderabad,Fixed deposit
T9849,U007,2022-11-01,Expense,Utilities,711.0,Bank_Transfer,Unknown,Monthly rent payment
T11034,U083,2022-06-21,Expense,Food,6183.0,Card,Jaipur,No Notes
T5106,U051,2023-02-14,Expense,Health,380.0,Bank_Transfer,Bangalore,No Notes
T3932,U108,2021-06-21,Expense,Rent,5827.0,Cash,Lucknow,Grocery shopping
T5553,U106,2024-12-18,Expense,Travel,8779.0,Cash,Delhi,Grocery shopping
T6799,U138,2024-09-10,Expense,Food,3456.0,Card,Delhi,...
T2840,U150,2024-11-07,Income,Freelance,53734.0,Bank_Transfer,Chennai,Electricity bill
T7179,U040,2023-08-10,Expense,Utilities,278.0,Upi,Chennai,No Notes
T9279,U034,2022-10-08,Expense,Food,3999.0,Card,Unknown,Fixed deposit
T5109,U002,2022-02-28,Expense,Travel,1735.0,Bank_Transfer,Ahmedabad,ATM withdrawal
T6118,U070,2022-11-25,Income,Others,76678.0,Upi,Bangalore,Uber ride
T7554,U114,2023-10-22,Expense,Education,1961.0,Bank_Transfer,Pune,Restaurant dinner
T3374,U103,2024-06-15,Income,Freelance,76200.0,Upi,Kolkata,Gym membership
T4756,U115,2022-08-24,Expense,Entertainment,2909.0,Upi,Kolkata,No Notes
T12915,U087,2021-06-26,Expense,Entertainment,9396.0,Upi,Pune,Gym membership
T0015,U011,2023-09-05,Expense,Utilities,5247.0,Upi,Delhi,Grocery shopping
T11263,U142,2024-03-13,Expense,Others,3977.0,Cash,Chennai,!!!
T13471,U059,2021-10-08,Expense,Entertainment,8517.0,Cash,Kolkata,Books
T3075,U057,2021-02-06,Income,Salary,78937.0,Cash,Lucknow,No Notes
T12872,U079,2022-01-18,Expense,Utilities,4184.0,Upi,Delhi,xyz123
T1542,U057,2023-05-23,Expense,Entertainment,7946.0,Cash,Bangalore,No Notes
T0980,U017,2022-07-29,Expense,Utilities,229.0,Upi,Bangalore,test
T9729,U096,2023-03-06,Income,Others,31924.0,Bank_Transfer,Kolkata,Doctor consultation
T9809,U102,2022-10-05,Expense,Entertainment,298.0,Card,Pune,...
T5702,U104,2024-12-08,Expense,Utilities,5852.0,Upi,Mumbai,Electricity bill
T7185,U074,2023-11-02,Expense,Food,2050.0,Bank_Transfer,Unknown,No Notes
T0257,U139,2022-01-24,Expense,Rent,9908.0,Card,Kolkata,misc
T10926,U044,2021-06-16,Expense,Education,8165.0,Upi,Pune,ATM withdrawal
T6883,U060,2021-12-23,Expense,Education,9158.0,Bank_Transfer,Hyderabad,No Notes
T5077,U041,2021-12-14,Expense,Rent,22027.0,Upi,Ahmedabad,No Notes
T10754,U056,2022-12-16,Expense,Rent,38411.0,Card,Chennai,Coffee
T2545,U143,2022-06-13,Expense,Travel,2456.0,Bank_Transfer,Mumbai,Coffee
T13519,U117,2021-08-09,Expense,Food,4571.0,Card,Lucknow,xyz123
T7981,U131,2024-11-09,Expense,Rent,8782.0,Cash,Kolkata,No Notes
T6999,U097,2024-11-27,Expense,Education,5623.0,Cash,Unknown,misc
T2570,U109,2024-04-06,Expense,Utilities,5005.0,Unknown,Pune,Gym membership
T8049,U131,2024-07-17,Income,Others,76448.0,Card,Pune,No Notes
T8497,U033,2021-08-31,Expense,Rent,4574.0,Upi,Pune,Train ticket
T1578,U020,2024-06-08,Expense,Entertainment,2464.0,Card,Hyderabad,Internet bill
T5827,U042,2022-12-07,Expense,Rent,4434.0,Upi,Mumbai,ATM withdrawal
T7763,U067,2023-11-11,Expense,Food,3667.0,Upi,Lucknow,xyz123
T8070,U036,2024-03-01,Expense,Food,1957.0,Card,Hyderabad,Coffee
T1508,U111,2024-01-10,Expense,Rent,1564.0,Card,Mumbai,Uber ride
T7394,U102,2021-06-03,Expense,Entertainment,3482.0,Bank_Transfer,Mumbai,asdfgh
T10114,U129,2024-01-14,Expense,Rent,33748.0,Upi,Delhi,No Notes
T12865,U034,2022-08-13,Expense,Travel,5564.0,Cash,Mumbai,...
T13717,U033,2021-04-11,Expense,Food,9866.0,Cash,Bangalore,No Notes
T9025,U150,2023-05-07,Expense,Education,4755.0,Upi,Hyderabad,Uber ride
T11407,U034,2023-04-02,Expense,Travel,2315.0,Card,Mumbai,No Notes
T5864,U035,2021-11-12,Expense,Rent,1947.0,Card,Ahmedabad,xyz123
T9173,U127,2022-10-17,Expense,Food,1532.0,Bank_Transfer,Hyderabad,Coffee
T0022,U032,2022-08-09,Expense,Food,1092.0,Card,Pune,Grocery shopping
T5503,U104,2022-08-09,Expense,Food,2855.0,Card,Ahmedabad,!!!
T11503,U073,2023-03-17,Expense,Utilities,7304.0,Bank_Transfer,Kolkata,xyz123
T9726,U019,2023-07-25,Expense,Food,2561.0,Upi,Chennai,asdfgh
T10002,U102,2024-11-05,Expense,Travel,3364.0,Cash,Delhi,No Notes
T10924,U079,2021-08-28,Expense,Rent,23873.0,Bank_Transfer,Pune,Fixed deposit
T1321,U037,2022-07-25,Expense,Food,474.0,Bank_Transfer,Lucknow,...
T11551,U064,2024-04-12,Income,Investment,78639.0,Cash,Mumbai,Fixed deposit
T12934,U081,2021-06-08,Expense,Education,8219.0,Cash,Bangalore,Lunch
T1331,U134,2021-01-08,Expense,Utilities,3878.0,Card,Lucknow,Gym membership
T0123,U085,2021-07-15,Income,Bonus,177959.0,Cash,Hyderabad,Monthly rent payment
T9203,U128,2021-07-26,Expense,Travel,2804.0,Upi,Bangalore,ATM withdrawal
T0779,U084,2021-04-15,Expense,Utilities,8520.0,Cash,Pune,No Notes
T6657,U093,2023-05-07,Expense,Food,2063.0,Unknown,Mumbai,EMI payment
T3723,U101,2024-07-14,Expense,Entertainment,311.0,Upi,Pune,xyz123
T10159,U092,2021-09-19,Expense,Rent,43459.0,Cash,Unknown,test
T9306,U110,2024-07-24,Expense,Utilities,4420.0,Upi,Jaipur,Fixed deposit
T7400,U049,2024-03-22,Expense,Food,1844.0,Bank_Transfer,Kolkata,xyz123
T11963,U082,2022-04-10,Expense,Travel,4221.0,Bank_Transfer,Kolkata,ATM withdrawal
T5942,U141,2022-08-30,Expense,Savings,9615.0,Cash,Pune,Monthly rent payment
T8813,U042,2024-04-23,Expense,Education,7504.0,Upi,Lucknow,Monthly rent payment
T13871,U148,2024-04-09,Expense,Utilities,8890.0,Upi,Ahmedabad,No Notes
T1962,U050,2023-09-29,Expense,Food,4097.0,Upi,Jaipur,No Notes
T6572,U057,2023-10-08,Expense,Food,8584.0,Card,Unknown,No Notes
T12928,U012,2021-09-01,Expense,Food,5056.0,Cash,Lucknow,Medicine
T5380,U086,2024-07-06,Expense,Savings,2374.0,Upi,Mumbai,Electricity bill
T10771,U014,2024-08-10,Expense,Education,2453.0,Upi,Lucknow,Restaurant dinner
T3122,U033,2021-04-03,Expense,Travel,7836.0,Card,Chennai,misc
T11830,U058,2023-11-24,Expense,Entertainment,6776.0,Card,Kolkata,Shopping
T12093,U130,2021-07-13,Expense,Rent,19280.0,Bank_Transfer,Hyderabad,Internet bill
T7524,U033,2023-12-29,Expense,Food,2420.0,Cash,Jaipur,Doctor consultation
T12040,U131,2022-11-04,Expense,Utilities,999999.0,Unknown,Kolkata,Restaurant dinner
T2933,U141,2024-08-01,Expense,Education,6054.0,Bank_Transfer,Hyderabad,No Notes
T3033,U121,2022-12-12,Expense,Food,2226.0,Card,Unknown,No Notes
T7819,U036,2024-06-24,Expense,Entertainment,9742.0,Card,Kolkata,No Notes
T9880,U042,2022-08-13,Expense,Rent,41804.0,Card,Kolkata,Fixed deposit
T8119,U061,2022-04-16,Income,Others,64163.0,Card,Lucknow,Grocery shopping
T10214,U035,2021-07-16,Expense,Travel,8816.0,Cash,Chennai,No Notes
T0489,U007,2022-06-02,Income,Salary,59444.0,Bank_Transfer,Ahmedabad,Restaurant dinner
T5590,U139,2022-08-27,Expense,Utilities,8562.0,Bank_Transfer,Kolkata,...
T6976,U019,2024-05-13,Expense,Travel,8903.0,Card,Kolkata,Uber ride
T0004,U091,2022-07-01,Expense,Travel,4110.0,Card,Mumbai,Gym membership
T6645,U131,2022-09-13,Income,Freelance,28507.0,Card,Delhi,!!!
T1860,U053,2024-01-17,Expense,Entertainment,1218.0,Bank_Transfer,Lucknow,Restaurant dinner
T1533,U095,2023-03-17,Expense,Food,177.0,Upi,Chennai,Internet bill
T8654,U014,2021-12-27,Expense,Food,3768.0,Cash,Hyderabad,Doctor consultation
T8402,U021,2024-06-23,Income,Others,16637.0,Upi,Unknown,No Notes
T1910,U088,2023-02-05,Expense,Food,3657.0,Upi,Delhi,EMI payment
T6896,U089,2021-07-27,Expense,Entertainment,6758.0,Cash,Hyderabad,Uber ride
T10436,U035,2024-08-28,Income,Others,808886.0,Bank_Transfer,Pune,xyz123
T13852,U143,2022-05-25,Expense,Savings,8854.0,Bank_Transfer,Ahmedabad,Uber ride
T9108,U079,2023-04-17,Income,Others,49389.0,Card,Chennai,No Notes
T3166,U105,2023-09-08,Expense,Rent,8088.0,Unknown,Hyderabad,Medicine
T0447,U025,2024-09-22,Expense,Entertainment,5386.0,Bank_Transfer,Chennai,Movie tickets
T12899,U108,2023-09-09,Expense,Education,6624.0,Bank_Transfer,Chennai,...
T7499,U064,2023-09-30,Expense,Entertainment,6154.0,Bank_Transfer,Mumbai,Books
T9772,U110,2022-01-21,Expense,Health,9518.0,Cash,Lucknow,Restaurant dinner
T7720,U059,2021-07-10,Income,Freelance,22403.0,Bank_Transfer,Pune,test
T11912,U078,2023-01-11,Expense,Entertainment,5584.0,Card,Hyderabad,No Notes
T12987,U085,2022-03-30,Expense,Travel,8154.0,Upi,Mumbai,Train ticket
T0411,U130,2021-08-24,Expense,Entertainment,6776.0,Unknown,Lucknow,Movie tickets
T3961,U056,2021-02-07,Expense,Travel,2857.0,Unknown,Jaipur,No Notes
T7955,U055,2024-11-23,Expense,Food,7743.0,Bank_Transfer,Jaipur,Internet bill
T4126,U021,2022-05-06,Income,Others,17241.0,Upi,Pune,Coffee
T1522,U068,2022-12-26,Expense,Rent,2598.0,Upi,Kolkata,Monthly rent payment
T6714,U116,2021-07-29,Expense,Food,1248.0,Card,Pune,No Notes
T13651,U038,2024-01-03,Expense,Travel,7187.0,Bank_Transfer,Jaipur,Online course
T7789,U040,2021-08-17,Expense,Food,5814.0,Bank_Transfer,Chennai,misc
T2979,U147,2022-11-07,Expense,Education,6011.0,Upi,Delhi,Grocery shopping
T4177,U078,2021-12-24,Expense,Rent,515.0,Cash,Jaipur,Uber ride
T9146,U131,2022-12-10,Expense,Health,4399.0,Card,Delhi,xyz123
T11326,U079,2024-03-07,Income,Others,13166.0,Card,Kolkata,asdfgh
T11426,U142,2022-11-17,Expense,Food,763.0,Card,Pune,Restaurant dinner
T13057,U119,2023-09-05,Expense,Health,1175.0,Upi,Unknown,ATM withdrawal
T11969,U072,2021-12-14,Expense,Rent,5648.0,Unknown,Kolkata,EMI payment
T7242,U125,2024-01-21,Expense,Food,793.0,Cash,Kolkata,Shopping
T6126,U052,2021-10-27,Expense,Rent,2305.0,Bank_Transfer,Lucknow,xyz123
T2186,U002,2023-02-22,Expense,Rent,10099.0,Bank_Transfer,Chennai,No Notes
T7080,U123,2021-08-18,Expense,Food,3777.0,Cash,Hyderabad,Internet bill
T3292,U084,2024-06-12,Expense,Entertainment,681.0,Bank_Transfer,Pune,Restaurant dinner
T8440,U075,2024-02-28,Expense,Rent,7331.0,Card,Pune,Electricity bill
T9657,U097,2022-02-26,Expense,Utilities,7561.0,Upi,Jaipur,Movie tickets
T5789,U112,2023-05-05,Income,Bonus,25785.0,Cash,Delhi,No Notes
T13384,U071,2021-12-20,Expense,Travel,1759.0,Card,Bangalore,EMI payment
T9058,U033,2021-01-04,Expense,Rent,9721.0,Bank_Transfer,Delhi,Train ticket
T1517,U067,2021-02-11,Expense,Travel,7661.0,Card,Delhi,Uber ride
T9814,U079,2024-06-06,Expense,Travel,7753.0,Card,Bangalore,Electricity bill
T8949,U116,2022-02-22,Expense,Rent,25541.0,Card,Hyderabad,Grocery shopping
T11582,U056,2023-10-06,Expense,Travel,7931.0,Unknown,Bangalore,ATM withdrawal
T11214,U085,2024-02-17,Expense,Entertainment,5409.0,Card,Lucknow,Monthly rent payment
T13707,U020,2021-05-04,Expense,Rent,3841.0,Bank_Transfer,Hyderabad,Restaurant dinner
T10496,U034,2024-03-23,Expense,Entertainment,2696.0,Bank_Transfer,Chennai,Petrol
T12715,U025,2023-12-10,Expense,Entertainment,8479.0,Cash,Bangalore,No Notes
T13805,U030,2021-06-21,Expense,Education,6848.0,Card,Mumbai,test
T9112,U091,2023-12-22,Expense,Travel,8715.0,Cash,Bangalore,...
T13575,U035,2021-02-13,Expense,Rent,6650.0,Cash,Chennai,Grocery shopping
T11057,U042,2021-12-13,Expense,Travel,7718.0,Cash,Delhi,Movie tickets
T12809,U031,2024-09-04,Expense,Food,140.0,Card,Bangalore,Books
T4380,U062,2022-05-06,Expense,Rent,29435.0,Cash,Ahmedabad,Petrol
T13574,U092,2023-01-11,Expense,Food,5452.0,Upi,Jaipur,Online course
T11217,U052,2022-09-17,Expense,Food,5081.0,Cash,Mumbai,!!!
T10740,U054,2021-03-03,Expense,Rent,8302.0,Cash,Lucknow,xyz123
T1889,U019,2022-05-12,Expense,Utilities,4869.0,Card,Unknown,Restaurant dinner
T2350,U085,2024-12-23,Expense,Rent,8373.0,Upi,Chennai,Gym membership
T7234,U040,2024-02-23,Income,Freelance,66825.0,Unknown,Pune,Internet bill
T13807,U115,2024-10-15,Income,Salary,22787.0,Card,Ahmedabad,Shopping
T12060,U058,2024-07-10,Income,Salary,19568.0,Card,Bangalore,ATM withdrawal
T13013,U019,2022-10-08,Expense,Rent,3002.0,Upi,Ahmedabad,ATM withdrawal
T0477,U054,2021-08-29,Expense,Travel,5249.0,Card,Mumbai,Online course
T3781,U030,2023-11-18,Expense,Education,7123.0,Cash,Pune,Online course
T2434,U141,2021-03-12,Expense,Travel,3872.0,Cash,Lucknow,Internet bill
T9871,U108,2023-03-20,Income,Salary,75222.0,Bank_Transfer,Hyderabad,EMI payment
T13389,U025,2023-02-15,Expense,Entertainment,4329.0,Bank_Transfer,Lucknow,Train ticket
T13237,U058,2023-03-08,Expense,Travel,4578.0,Bank_Transfer,Hyderabad,Grocery shopping
T3448,U078,2022-12-22,Income,Freelance,18566.0,Card,Jaipur,Internet bill
T12377,U069,2024-11-23,Expense,Travel,3217.0,Card,Chennai,Grocery shopping
T10079,U091,2021-04-23,Expense,Savings,8293.0,Cash,Delhi,No Notes
T6724,U077,2021-01-06,Expense,Health,1880.0,Upi,Jaipur,Books
T2487,U101,2024-11-16,Expense,Rent,8553.0,Cash,Lucknow,Shopping
T6842,U141,2024-08-09,Expense,Food,8723.0,Upi,Pune,misc
T12071,U028,2022-04-25,Expense,Health,8562.0,Cash,Delhi,Internet bill
T6415,U036,2023-01-11,Expense,Entertainment,6408.0,Card,Ahmedabad,Lunch
T1237,U101,2023-12-30,Expense,Utilities,7478.0,Card,Kolkata,Lunch
T7075,U114,2023-07-25,Expense,Travel,2081.0,Cash,Pune,No Notes
T10270,U132,2023-09-23,Income,Others,45748.0,Bank_Transfer,Hyderabad,Internet bill
T7295,U058,2021-06-14,Expense,Food,4435.0,Bank_Transfer,Chennai,misc
T4305,U147,2023-12-17,Income,Bonus,50177.0,Upi,Chennai,Grocery shopping
T12760,U045,2022-11-07,Expense,Rent,6318.0,Cash,Jaipur,Movie tickets
T5648,U050,2023-08-30,Expense,Food,5072.0,Upi,Ahmedabad,Lunch
T4616,U018,2022-01-08,Income,Bonus,20954.0,Cash,Mumbai,!!!
T10289,U078,2021-04-05,Expense,Food,1644.0,Card,Kolkata,Books
T12419,U076,2021-12-25,Expense,Utilities,2093.0,Bank_Transfer,Unknown,Train ticket
T1580,U103,2021-07-30,Expense,Food,499.0,Card,Lucknow,misc
T13821,U098,2024-12-25,Expense,Travel,6957.0,Bank_Transfer,Hyderabad,ATM withdrawal
T6217,U032,2022-01-20,Expense,Travel,1893.0,Card,Kolkata,...
T3528,U108,2024-05-12,Expense,Travel,7171.0,Bank_Transfer,Ahmedabad,Movie tickets
T0374,U064,2024-02-11,Expense,Food,6613.0,Upi,Mumbai,Electricity bill
T6304,U069,2024-03-25,Expense,Rent,9323.0,Bank_Transfer,Unknown,No Notes
T1970,U137,2022-08-18,Expense,Food,3387.0,Card,Ahmedabad,Grocery shopping
T2585,U045,2021-04-14,Income,Salary,41355.0,Bank_Transfer,Jaipur,Movie tickets
T3948,U123,2024-03-02,Income,Others,54776.0,Bank_Transfer,Jaipur,Electricity bill
T1900,U114,2021-09-10,Expense,Travel,999999.0,Card,Unknown,xyz123
T8330,U150,2022-08-23,Expense,Food,5450.0,Cash,Ahmedabad,ATM withdrawal
T3157,U064,2024-10-19,Income,Freelance,20442.0,Bank_Transfer,Ahmedabad,Doctor consultation
T0649,U011,2023-11-14,Expense,Travel,4400.0,Card,Hyderabad,Shopping
T2717,U126,2021-01-02,Expense,Travel,5000.0,Cash,Hyderabad,No Notes
T13241,U084,2023-11-21,Expense,Travel,4996.0,Cash,Delhi,Movie tickets
T6928,U075,2021-07-08,Expense,Others,7508.0,Cash,Hyderabad,test
T0574,U092,2024-02-19,Expense,Rent,9424.0,Cash,Lucknow,No Notes
T3863,U063,2021-07-26,Expense,Utilities,3773.0,Card,Unknown,Medicine
T11373,U042,2024-02-23,Income,Investment,36907.0,Upi,Chennai,asdfgh
T10636,U067,2022-10-23,Income,Freelance,71792.0,Card,Hyderabad,Electricity bill
T12333,U055,2022-06-12,Expense,Entertainment,6264.0,Upi,Delhi,ATM withdrawal
T8954,U045,2024-11-12,Expense,Food,920.0,Bank_Transfer,Chennai,Petrol
T10235,U018,2022-01-16,Expense,Savings,5176.0,Card,Lucknow,Uber ride
T9775,U119,2023-10-10,Expense,Entertainment,6971.0,Card,Delhi,Books
T9306,U054,2023-12-22,Expense,Rent,9990.0,Cash,Jaipur,No Notes
T6002,U013,2023-06-27,Expense,Food,2832.0,Card,Jaipur,xyz123
T13352,U086,2024-02-13,Expense,Education,1533.0,Cash,Hyderabad,No Notes
T3557,U016,2021-02-06,Expense,Education,2295.0,Card,Chennai,Monthly rent payment
T11760,U032,2022-06-10,Expense,Rent,49634.0,Card,Kolkata,misc
T8147,U043,2023-07-13,Expense,Food,2492.0,Card,Hyderabad,misc
T1268,U141,2022-05-11,Expense,Travel,5832.0,Card,Lucknow,Uber ride
T3144,U061,2024-12-23,Expense,Rent,9967.0,Upi,Pune,Grocery shopping
T12400,U079,2022-12-06,Expense,Travel,4891.0,Card,Mumbai,Shopping
T13153,U070,2024-06-06,Income,Salary,52742.0,Unknown,Lucknow,No Notes
T7877,U035,2023-11-16,Income,Bonus,18073.0,Card,Jaipur,!!!
T3983,U084,2023-11-20,Expense,Rent,1398.0,Card,Delhi,No Notes
T8103,U037,2023-08-10,Expense,Rent,41059.0,Cash,Ahmedabad,asdfgh
T10554,U025,2024-01-29,Expense,Health,1014.0,Card,Hyderabad,Medicine
T13103,U069,2024-06-09,Expense,Food,7086.0,Cash,Kolkata,!!!
T2968,U060,2023-08-14,Expense,Utilities,5371.0,Cash,Pune,Petrol
T11609,U107,2022-06-03,Expense,Others,3003.0,Bank_Transfer,Lucknow,Monthly rent payment
T8645,U038,2021-11-30,Expense,Travel,4525.0,Bank_Transfer,Kolkata,EMI payment
T6640,U062,2024-10-15,Expense,Food,1583.0,Cash,Delhi,Lunch
T13724,U047,2021-10-13,Income,Freelance,33248.0,Bank_Transfer,Lucknow,Petrol
T5073,U021,2021-07-19,Expense,Health,5123.0,Upi,Kolkata,No Notes
T6186,U070,2024-11-11,Expense,Education,5470.0,Card,Delhi,Monthly rent payment
T12189,U096,2022-05-17,Expense,Food,1271.0,Cash,Hyderabad,ATM withdrawal
T1691,U088,2024-06-28,Income,Freelance,71695.0,Upi,Ahmedabad,xyz123
T10012,U092,2022-09-19,Expense,Entertainment,2475.0,Card,Chennai,Movie tickets
T4735,U049,2024-08-03,Expense,Food,5726.0,Cash,Hyderabad,Restaurant dinner
T9209,U016,2022-11-03,Expense,Education,5656.0,Card,Delhi,Uber ride
T4259,U119,2023-08-29,Expense,Education,493.0,Bank_Transfer,Delhi,Books
T3680,U042,2024-02-03,Expense,Food,9010.0,Bank_Transfer,Ahmedabad,No Notes
T1175,U048,2023-08-06,Expense,Travel,4220.0,Card,Chennai,Online course
T2073,U083,2021-05-18,Expense,Utilities,7789.0,Card,Pune,No Notes
T6846,U076,2021-01-23,Expense,Food,3716.0,Upi,Jaipur,Online course
T9246,U078,2021-11-18,Expense,Travel,227.0,Card,Delhi,Electricity bill
T7756,U144,2022-09-23,Expense,Rent,9400.0,Bank_Transfer,Ahmedabad,No Notes
T9509,U019,2023-04-17,Expense,Others,6808.0,Upi,Kolkata,No Notes
T10811,U006,2024-04-19,Income,Salary,26817.0,Card,Pune,Movie tickets
T4595,U098,2022-11-20,Expense,Utilities,9908.0,Upi,Hyderabad,Restaurant dinner
T5390,U007,2023-07-14,Expense,Others,6794.0,Cash,Jaipur,test
T3310,U083,2022-10-10,Expense,Rent,9904.0,Unknown,Ahmedabad,Gym membership
T4780,U067,2023-01-21,Income,Investment,58797.0,Unknown,Mumbai,Electricity bill
T2087,U113,2022-12-31,Expense,Health,655.0,Bank_Transfer,Lucknow,Uber ride
T7271,U025,2024-10-20,Expense,Utilities,2723.0,Bank_Transfer,Lucknow,asdfgh
T13874,U045,2021-01-26,Expense,Travel,6092.0,Cash,Hyderabad,No Notes
T4550,U112,2022-06-06,Expense,Utilities,9837.0,Bank_Transfer,Kolkata,No Notes
T8262,U147,2023-03-06,Income,Investment,37750.0,Cash,Mumbai,Books
T12264,U035,2022-10-17,Expense,Travel,5333.0,Bank_Transfer,Ahmedabad,Lunch
T0559,U002,2024-09-14,Expense,Rent,8324.0,Cash,Chennai,...
T9402,U007,2023-05-31,Expense,Rent,36864.0,Card,Bangalore,...
T0307,U089,2022-06-26,Expense,Travel,7903.0,Bank_Transfer,Bangalore,...
T13359,U052,2022-04-05,Expense,Entertainment,4039.0,Cash,Unknown,Coffee
T10439,U047,2023-11-04,Expense,Food,604.0,Upi,Delhi,Medicine
T10352,U108,2024-01-24,Expense,Food,1663.0,Card,Hyderabad,Electricity bill
T2413,U086,2024-04-15,Expense,Rent,2750.0,Bank_Transfer,Kolkata,Lunch
T12199,U048,2023-05-03,Expense,Rent,6665.0,Bank_Transfer,Kolkata,Coffee
T9453,U020,2022-09-27,Income,Salary,75496.0,Bank_Transfer,Kolkata,No Notes
T9195,U022,2022-10-04,Income,Others,22891.0,Card,Chennai,No Notes
T9238,U112,2022-11-15,Income,Investment,45145.0,Card,Delhi,Medicine
T12212,U115,2023-07-16,Expense,Food,3566.0,Cash,Pune,Online course
T4084,U120,2021-04-26,Income,Bonus,72863.0,Bank_Transfer,Unknown,Internet bill
T7989,U071,2023-07-06,Expense,Rent,28559.0,Upi,Chennai,EMI payment
T10248,U066,2024-04-29,Income,Bonus,46426.0,Unknown,Lucknow,Petrol
T4151,U096,2023-12-09,Expense,Food,2684.0,Bank_Transfer,Ahmedabad,Shopping
T11380,U074,2022-06-11,Expense,Education,3201.0,Bank_Transfer,Ahmedabad,Monthly rent payment
T10092,U044,2023-09-24,Expense,Rent,999999.0,Upi,Pune,Internet bill
T9369,U016,2024-10-11,Expense,Food,2491.0,Cash,Ahmedabad,Online course
T8703,U074,2023-05-12,Expense,Entertainment,6888.0,Upi,Lucknow,asdfgh
T9736,U031,2024-09-21,Expense,Health,8041.0,Card,Chennai,Petrol
T7050,U035,2023-08-18,Income,Others,659533.0,Upi,Ahmedabad,No Notes
T1667,U087,2022-05-02,Expense,Rent,9131.0,Cash,Mumbai,Uber ride
T5383,U024,2023-09-18,Expense,Food,5293.0,Upi,Unknown,Monthly rent payment
T13021,U118,2022-06-05,Expense,Entertainment,1341.0,Upi,Lucknow,Books
T6868,U083,2021-04-07,Expense,Travel,8302.0,Upi,Delhi,No Notes
T1948,U024,2023-10-26,Expense,Utilities,6044.0,Bank_Transfer,Mumbai,!!!
T7043,U066,2023-01-04,Expense,Food,4122.0,Upi,Kolkata,Books
T5564,U126,2024-12-10,Expense,Travel,1145.0,Upi,Bangalore,!!!
T6622,U124,2021-12-10,Expense,Food,3142.0,Unknown,Delhi,Electricity bill
T5558,U088,2024-08-04,Expense,Education,9175.0,Unknown,Mumbai,No Notes
T12684,U027,2023-11-11,Expense,Entertainment,1659.0,Cash,Hyderabad,No Notes
T8968,U068,2021-01-16,Expense,Rent,8831.0,Bank_Transfer,Lucknow,Movie tickets
T3295,U077,2024-04-10,Expense,Education,3822.0,Bank_Transfer,Delhi,ATM withdrawal
T12853,U017,2024-01-09,Expense,Rent,1501.0,Unknown,Ahmedabad,Fixed deposit
T11007,U054,2023-02-24,Expense,Education,3661.0,Card,Pune,Movie tickets
T13263,U094,2023-08-29,Expense,Entertainment,4419.0,Card,Kolkata,ATM withdrawal
T0110,U079,2023-03-22,Expense,Rent,27579.0,Cash,Unknown,Train ticket
T11635,U050,2024-04-03,Expense,Food,2691.0,Cash,Ahmedabad,Monthly rent payment
T1457,U124,2024-03-19,Expense,Travel,9004.0,Upi,Ahmedabad,Doctor consultation
T12474,U150,2022-09-06,Expense,Utilities,840.0,Upi,Kolkata,Doctor consultation
T11393,U070,2024-10-28,Income,Salary,18170.0,Upi,Hyderabad,...
T0054,U102,2024-03-05,Expense,Entertainment,4789.0,Card,Bangalore,Movie tickets
T7861,U101,2021-04-01,Expense,Food,1228.0,Card,Hyderabad,Shopping
T5223,U103,2024-11-24,Income,Others,63544.0,Card,Jaipur,No Notes
T1459,U085,2022-10-06,Expense,Entertainment,5390.0,Cash,Kolkata,Uber ride
T11996,U056,2021-12-07,Expense,Rent,7851.0,Bank_Transfer,Bangalore,Electricity bill
T7822,U058,2021-07-13,Expense,Rent,41599.0,Cash,Chennai,Shopping
T9517,U015,2022-10-01,Expense,Rent,7043.0,Bank_Transfer,Mumbai,Monthly rent payment
T5794,U082,2023-09-11,Expense,Utilities,9225.0,Card,Pune,No Notes
T0084,U128,2023-01-23,Expense,Food,3577.0,Upi,Kolkata,EMI payment
T9886,U117,2021-11-29,Expense,Food,5045.0,Upi,Pune,EMI payment
T8203,U067,2021-04-09,Expense,Travel,4885.0,Bank_Transfer,Kolkata,Petrol
T7991,U079,2023-02-02,Expense,Travel,4796.0,Card,Delhi,ATM withdrawal
T2862,U002,2024-04-30,Expense,Savings,1443.0,Card,Lucknow,Grocery shopping
T4858,U075,2023-06-28,Expense,Travel,8508.0,Cash,Unknown,No Notes
T1018,U150,2022-04-12,Expense,Travel,2515.0,Bank_Transfer,Delhi,Train ticket
T10484,U030,2022-10-22,Expense,Travel,1906.0,Bank_Transfer,Hyderabad,Train ticket
T8553,U091,2021-08-21,Expense,Rent,7812.0,Bank_Transfer,Lucknow,No Notes
T9560,U030,2022-09-09,Expense,Entertainment,1034.0,Bank_Transfer,Ahmedabad,Online course
T8331,U053,2021-10-31,Expense,Rent,2764.0,Bank_Transfer,Jaipur,test
T8376,U069,2022-09-26,Expense,Entertainment,4317.0,Cash,Bangalore,No Notes
T10036,U097,2024-08-13,Expense,Rent,8371.0,Cash,Bangalore,EMI payment
T6691,U023,2024-01-03,Expense,Food,4946.0,Cash,Unknown,Books
T13457,U090,2021-03-18,Expense,Rent,9787.0,Upi,Jaipur,ATM withdrawal
T12836,U003,2024-09-07,Income,Others,24470.0,Card,Bangalore,No Notes
T8287,U029,2021-02-11,Expense,Food,696.0,Bank_Transfer,Hyderabad,test
T2627,U097,2022-06-20,Expense,Rent,10481.0,Cash,Pune,Internet bill
T4107,U015,2023-07-30,Expense,Others,2301.0,Bank_Transfer,Jaipur,Medicine
T12674,U143,2023-07-01,Expense,Entertainment,6267.0,Card,Jaipur,No Notes
T2064,U123,2022-09-28,Income,Investment,51950.0,Bank_Transfer,Kolkata,Coffee
T2122,U083,2022-10-13,Expense,Food,110.0,Bank_Transfer,Delhi,No Notes
T4704,U007,2024-05-01,Income,Others,22919.0,Card,Mumbai,Medicine
T9405,U010,2023-08-04,Expense,Travel,7264.0,Upi,Pune,No Notes
T1686,U039,2021-09-17,Expense,Others,2506.0,Card,Kolkata,Doctor consultation
T9685,U008,2022-06-20,Income,Bonus,27385.0,Upi,Kolkata,Uber ride
T2783,U068,2023-12-31,Expense,Rent,30261.0,Cash,Lucknow,Restaurant dinner
T13979,U092,2022-01-25,Income,Others,72870.0,Upi,Chennai,Fixed deposit
T8165,U059,2022-10-26,Expense,Entertainment,9999.0,Cash,Hyderabad,Medicine
T6688,U150,2023-12-23,Income,Salary,29447.0,Bank_Transfer,Bangalore,asdfgh
T9366,U036,2024-03-10,Expense,Food,3656.0,Bank_Transfer,Mumbai,Medicine
T3197,U059,2023-09-05,Expense,Education,8312.0,Bank_Transfer,Chennai,No Notes
T0866,U050,2022-11-22,Expense,Entertainment,1797.0,Cash,Unknown,Fixed deposit
T11685,U121,2023-10-28,Expense,Utilities,4460.0,Upi,Pune,Online course
T8380,U022,2021-05-21,Income,Bonus,23141.0,Bank_Transfer,Jaipur,Grocery shopping
T1573,U047,2021-04-21,Expense,Education,9070.0,Card,Mumbai,Online course
T6954,U091,2024-11-14,Expense,Rent,47394.0,Card,Bangalore,Electricity bill
T3126,U024,2023-03-11,Income,Bonus,73206.0,Upi,Jaipur,Medicine
T10072,U037,2024-05-21,Expense,Rent,23117.0,Cash,Pune,Movie tickets
T9218,U002,2023-06-11,Expense,Food,3203.0,Card,Lucknow,misc
T1135,U007,2024-01-08,Expense,Travel,1582.0,Upi,Lucknow,Fixed deposit
T1462,U109,2021-02-21,Expense,Rent,2419.0,Upi,Kolkata,Medicine
T0979,U117,2024-12-29,Expense,Utilities,6006.0,Upi,Lucknow,xyz123
T8592,U111,2024-08-14,Expense,Travel,539.0,Cash,Mumbai,Shopping
T2522,U069,2023-03-25,Expense,Rent,1493.0,Bank_Transfer,Bangalore,test
T2152,U142,2021-10-18,Expense,Rent,1462.0,Upi,Jaipur,Restaurant dinner
T3780,U074,2023-09-11,Expense,Education,9580.0,Unknown,Unknown,Gym membership
T4940,U089,2022-12-31,Expense,Travel,5439.0,Card,Delhi,Electricity bill
T12500,U063,2024-11-11,Expense,Education,6588.0,Card,Mumbai,...
T7211,U119,2022-02-01,Expense,Rent,433.0,Card,Bangalore,Electricity bill
T11507,U137,2022-06-05,Expense,Food,2863.0,Upi,Delhi,No Notes
T12347,U129,2024-03-31,Income,Investment,38968.0,Bank_Transfer,Chennai,Train ticket
T9254,U053,2024-12-13,Income,Salary,70832.0,Upi,Jaipur,Electricity bill
T10262,U056,2022-12-12,Income,Others,26135.0,Upi,Mumbai,misc
T3695,U027,2023-03-17,Expense,Food,1114.0,Upi,Kolkata,Electricity bill
T12209,U017,2023-02-17,Expense,Entertainment,9671.0,Upi,Chennai,test
T11748,U081,2023-04-29,Expense,Food,2137.0,Cash,Bangalore,misc
T13187,U031,2023-09-23,Expense,Food,3383.0,Cash,Bangalore,Internet bill
T6648,U132,2024-12-03,Expense,Savings,6503.0,Cash,Chennai,Coffee
T2426,U020,2022-01-17,Expense,Food,7378.0,Bank_Transfer,Bangalore,!!!
T13753,U078,2021-10-25,Expense,Savings,6823.0,Unknown,Pune,EMI payment
T1407,U115,2022-07-21,Expense,Education,1623.0,Bank_Transfer,Ahmedabad,!!!
T12043,U142,2023-11-08,Expense,Travel,1596.0,Bank_Transfer,Chennai,Shopping
T10637,U055,2021-04-25,Expense,Education,7687.0,Card,Mumbai,Internet bill
T10530,U003,2024-06-19,Expense,Travel,3144.0,Cash,Hyderabad,Grocery shopping
T7139,U127,2022-04-22,Expense,Health,7310.0,Cash,Delhi,Fixed deposit
T6259,U134,2022-01-13,Income,Bonus,24140.0,Upi,Pune,Books
T6581,U004,2024-07-20,Income,Freelance,67091.0,Upi,Ahmedabad,ATM withdrawal
T1406,U063,2024-04-12,Expense,Rent,44180.0,Upi,Delhi,No Notes
T3059,U067,2024-07-22,Income,Salary,40041.0,Cash,Ahmedabad,Online course
T12098,U020,2024-07-20,Expense,Food,2027.0,Bank_Transfer,Bangalore,xyz123
T3885,U093,2021-11-22,Expense,Entertainment,705.0,Bank_Transfer,Jaipur,Books
T2518,U012,2023-07-26,Expense,Rent,44154.0,Bank_Transfer,Bangalore,test
T12935,U094,2022-03-28,Expense,Food,2517.0,Upi,Pune,EMI payment
T12360,U107,2023-05-17,Expense,Food,7750.0,Cash,Pune,Lunch
T3074,U105,2021-04-13,Expense,Rent,2932.0,Cash,Chennai,misc
T0090,U082,2023-11-07,Expense,Food,3081.0,Cash,Kolkata,Petrol
T10411,U074,2021-06-16,Expense,Utilities,1589.0,Upi,Bangalore,No Notes
T7441,U131,2024-11-18,Expense,Food,6265.0,Card,Ahmedabad,Books
T1259,U069,2021-04-22,Expense,Rent,7858.0,Upi,Chennai,No Notes
T7099,U074,2023-06-09,Income,Others,32766.0,Cash,Kolkata,Medicine
T6231,U039,2022-05-24,Expense,Entertainment,7969.0,Cash,Kolkata,EMI payment
T2697,U054,2021-08-18,Expense,Food,8332.0,Cash,Lucknow,Gym membership
T5877,U061,2024-09-05,Income,Salary,40770.0,Bank_Transfer,Jaipur,ATM withdrawal
T8179,U092,2023-10-01,Expense,Food,1128.0,Card,Kolkata,Gym membership
T6718,U042,2021-10-11,Expense,Entertainment,3185.0,Upi,Kolkata,Restaurant dinner
T13734,U117,2022-01-09,Expense,Rent,9459.0,Card,Delhi,Petrol
T8790,U105,2022-10-09,Expense,Rent,6636.0,Bank_Transfer,Lucknow,Restaurant dinner
T1291,U036,2021-02-24,Expense,Entertainment,5984.0,Bank_Transfer,Mumbai,test
T4937,U132,2024-09-25,Expense,Utilities,3692.0,Cash,Delhi,No Notes
T9399,U074,2024-12-02,Expense,Education,3053.0,Card,Delhi,...
T0919,U083,2024-05-05,Expense,Food,8928.0,Bank_Transfer,Bangalore,Electricity bill
T12821,U055,2022-10-13,Income,Others,11411.0,Cash,Hyderabad,Movie tickets
T3930,U020,2022-02-14,Expense,Food,4861.0,Upi,Ahmedabad,!!!
T5674,U056,2021-05-16,Expense,Utilities,5612.0,Cash,Chennai,Shopping
T11593,U008,2022-06-06,Expense,Utilities,869.0,Cash,Unknown,EMI payment
T4060,U083,2021-03-02,Expense,Food,2795.0,Cash,Bangalore,Doctor consultation
T8701,U086,2023-08-20,Expense,Travel,1706.0,Cash,Pune,Monthly rent payment
T7970,U149,2021-06-24,Expense,Entertainment,4825.0,Bank_Transfer,Unknown,asdfgh
T1220,U124,2024-12-08,Expense,Rent,1701.0,Cash,Ahmedabad,Grocery shopping
T4730,U091,2022-07-14,Expense,Food,3015.0,Upi,Pune,ATM withdrawal
T8327,U142,2021-03-27,Expense,Food,7589.0,Upi,Delhi,Doctor consultation
T0624,U121,2022-02-01,Expense,Travel,8924.0,Card,Kolkata,No Notes
T8189,U086,2023-02-25,Income,Freelance,36290.0,Cash,Lucknow,Doctor consultation
T3291,U121,2024-04-13,Expense,Health,543.0,Upi,Chennai,Gym membership
T9190,U114,2024-01-26,Expense,Travel,3669.0,Cash,Mumbai,Internet bill
T5554,U147,2021-08-21,Expense,Entertainment,7807.0,Unknown,Lucknow,No Notes
T0800,U018,2022-04-10,Income,Bonus,58348.0,Unknown,Mumbai,No Notes
T12903,U147,2024-10-31,Expense,Travel,5121.0,Bank_Transfer,Mumbai,Fixed deposit
T1499,U020,2022-05-26,Expense,Travel,3757.0,Cash,Ahmedabad,Restaurant dinner
T8066,U108,2023-01-02,Expense,Entertainment,7388.0,Cash,Delhi,...
T1739,U142,2021-10-06,Expense,Utilities,4770.0,Card,Pune,Internet bill
T9865,U103,2021-06-03,Expense,Others,2555.0,Upi,Pune,Books
T1901,U019,2024-06-05,Expense,Utilities,1183.0,Bank_Transfer,Ahmedabad,Electricity bill
T5372,U100,2023-10-26,Expense,Travel,4512.0,Cash,Pune,No Notes
T9520,U148,2022-02-03,Expense,Rent,6528.0,Card,Ahmedabad,No Notes
T2342,U038,2023-11-26,Expense,Education,9449.0,Card,Lucknow,EMI payment
T8044,U047,2022-05-16,Expense,Travel,5521.0,Upi,Mumbai,Restaurant dinner
T8008,U088,2023-09-16,Income,Freelance,56655.0,Cash,Pune,Gym membership
T7746,U139,2024-11-15,Expense,Rent,18962.0,Upi,Delhi,No Notes
T8302,U061,2023-02-04,Expense,Food,8459.0,Bank_Transfer,Hyderabad,Movie tickets
T12112,U015,2021-08-28,Expense,Entertainment,3643.0,Bank_Transfer,Pune,No Notes
T11733,U043,2021-05-01,Expense,Rent,46192.0,Upi,Ahmedabad,asdfgh
T1745,U100,2024-09-29,Expense,Utilities,8910.0,Card,Bangalore,Lunch
T7854,U138,2022-06-01,Income,Bonus,72181.0,Cash,Bangalore,No Notes
T4412,U004,2024-10-25,Expense,Entertainment,8765.0,Bank_Transfer,Kolkata,Internet bill
T3471,U099,2024-12-08,Expense,Utilities,2512.0,Bank_Transfer,Lucknow,Monthly rent payment
T13181,U049,2022-01-31,Expense,Rent,4203.0,Card,Pune,Coffee
T3217,U101,2021-04-16,Expense,Utilities,7022.0,Upi,Pune,Petrol
T13269,U101,2021-04-09,Expense,Travel,6342.0,Upi,Ahmedabad,Restaurant dinner
T7485,U134,2021-05-24,Expense,Food,4185.0,Bank_Transfer,Lucknow,...
T7121,U018,2021-03-18,Expense,Others,9798.0,Cash,Chennai,No Notes
T10671,U097,2024-09-26,Expense,Utilities,1315.0,Upi,Mumbai,misc
T3488,U103,2022-05-28,Expense,Food,1159.0,Bank_Transfer,Jaipur,No Notes
T8183,U037,2024-03-13,Expense,Food,7170.0,Cash,Ahmedabad,test
T8697,U052,2023-09-04,Income,Salary,37388.0,Upi,Delhi,Restaurant dinner
T9994,U069,2022-03-29,Expense,Food,1053.0,Bank_Transfer,Lucknow,Grocery shopping
T11324,U073,2021-08-05,Expense,Savings,3802.0,Bank_Transfer,Lucknow,Uber ride
T9070,U063,2022-10-25,Income,Investment,14179.0,Upi,Hyderabad,ATM withdrawal
T5760,U123,2024-07-30,Expense,Entertainment,4714.0,Card,Unknown,Movie tickets
T12972,U077,2021-02-01,Expense,Education,5725.0,Upi,Lucknow,Lunch
T3381,U124,2023-03-12,Expense,Health,4680.0,Cash,Ahmedabad,asdfgh
T0158,U096,2021-06-23,Expense,Rent,9403.0,Upi,Pune,No Notes
T8944,U030,2022-08-28,Expense,Health,1204.0,Bank_Transfer,Lucknow,No Notes
T3071,U087,2021-12-02,Expense,Travel,6877.0,Card,Mumbai,Online course
T2093,U113,2023-10-23,Expense,Utilities,8262.0,Bank_Transfer,Jaipur,Electricity bill
T2374,U074,2024-07-28,Expense,Rent,8965.0,Unknown,Hyderabad,Internet bill
T4820,U043,2022-08-27,Expense,Savings,1206.0,Card,Ahmedabad,No Notes
T3110,U150,2024-09-13,Expense,Travel,5085.0,Cash,Chennai,Fixed deposit
T10962,U127,2022-08-25,Expense,Rent,49439.0,Unknown,Pune,Medicine
T9428,U013,2024-04-19,Expense,Rent,778.0,Cash,Kolkata,Monthly rent payment
T0532,U107,2021-01-09,Expense,Others,6234.0,Upi,Lucknow,...
T5281,U017,2022-02-12,Income,Others,61240.0,Upi,Bangalore,test
T12034,U049,2024-07-08,Expense,Food,1917.0,Upi,Unknown,No Notes
T8498,U105,2021-02-27,Expense,Utilities,8562.0,Cash,Chennai,Doctor consultation
T2719,U139,2021-10-14,Expense,Education,9998.0,Bank_Transfer,Mumbai,Internet bill
T13089,U019,2023-01-23,Expense,Rent,37094.0,Upi,Bangalore,Lunch
T7749,U118,2024-03-20,Expense,Utilities,7271.0,Upi,Chennai,Lunch
T8422,U109,2021-06-10,Expense,Food,4968.0,Upi,Mumbai,Books
T10414,U048,2024-03-05,Expense,Utilities,2438.0,Bank_Transfer,Delhi,No Notes
T10070,U077,2024-09-24,Expense,Rent,9166.0,Upi,Kolkata,Restaurant dinner
T1833,U070,2024-03-07,Expense,Education,7584.0,Card,Lucknow,Train ticket
T12167,U148,2022-05-25,Expense,Food,3479.0,Card,Lucknow,misc
T1198,U036,2022-08-09,Income,Investment,21870.0,Unknown,Jaipur,xyz123
T10840,U098,2023-11-11,Expense,Food,2295.0,Bank_Transfer,Kolkata,Doctor consultation
T11524,U138,2021-01-06,Expense,Education,669.0,Cash,Unknown,Restaurant dinner
T2666,U015,2022-03-23,Income,Freelance,34009.0,Bank_Transfer,Bangalore,Electricity bill
T2550,U055,2022-03-12,Expense,Savings,880.0,Card,Pune,Internet bill
T6447,U017,2024-02-09,Expense,Savings,6243.0,Cash,Lucknow,No Notes
T1506,U108,2023-08-13,Expense,Rent,19545.0,Upi,Hyderabad,ATM withdrawal
T0953,U100,2024-07-11,Expense,Food,984.0,Bank_Transfer,Chennai,No Notes
T4264,U108,2024-11-04,Expense,Travel,3797.0,Card,Chennai,Coffee
T12864,U060,2024-07-26,Expense,Rent,32499.0,Bank_Transfer,Delhi,Shopping
T13579,U062,2021-08-17,Expense,Food,913.0,Card,Lucknow,Doctor consultation
T2967,U119,2023-09-04,Expense,Rent,27404.0,Card,Hyderabad,!!!
T2019,U120,2021-01-25,Income,Bonus,39406.0,Bank_Transfer,Jaipur,xyz123
T2267,U044,2022-08-23,Income,Bonus,55521.0,Card,Unknown,Petrol
T9527,U128,2024-11-06,Income,Salary,11356.0,Card,Jaipur,Online course
T3112,U111,2022-09-17,Expense,Savings,2533.0,Card,Delhi,Internet bill
T9917,U048,2023-07-10,Expense,Utilities,5633.0,Upi,Hyderabad,Grocery shopping
T1384,U044,2022-08-07,Expense,Travel,1104.0,Card,Mumbai,Movie tickets
T2958,U031,2022-01-14,Expense,Utilities,9440.0,Card,Hyderabad,Fixed deposit
T8142,U021,2023-06-12,Expense,Travel,5097.0,Bank_Transfer,Hyderabad,No Notes
T9587,U067,2021-02-01,Expense,Entertainment,8117.0,Card,Bangalore,ATM withdrawal
T3550,U111,2023-11-13,Income,Investment,30476.0,Cash,Kolkata,xyz123
T11908,U131,2021-05-18,Expense,Education,4093.0,Card,Pune,Coffee
T10162,U049,2022-04-19,Income,Salary,44695.0,Cash,Lucknow,...
T6320,U138,2023-01-31,Expense,Health,6719.0,Upi,Bangalore,EMI payment
T8226,U007,2022-10-13,Expense,Travel,4042.0,Bank_Transfer,Unknown,Internet bill
T5894,U104,2022-12-08,Expense,Health,7670.0,Upi,Bangalore,...
T2333,U100,2024-01-24,Expense,Travel,233.0,Cash,Chennai,No Notes
T4957,U096,2022-02-19,Expense,Rent,22666.0,Card,Bangalore,test
T4805,U129,2022-04-11,Expense,Education,5020.0,Upi,Kolkata,Uber ride
T11367,U080,2024-03-04,Income,Freelance,44911.0,Bank_Transfer,Lucknow,Electricity bill
T2685,U103,2023-12-21,Expense,Utilities,7205.0,Upi,Chennai,No Notes
T5348,U117,2022-03-04,Expense,Food,2982.0,Cash,Kolkata,No Notes
T0017,U027,2021-03-10,Income,Freelance,54942.0,Upi,Mumbai,Online course
T4684,U002,2021-12-22,Income,Investment,71558.0,Upi,Chennai,ATM withdrawal
T10908,U062,2024-12-22,Expense,Food,616.0,Upi,Mumbai,Online course
T0580,U053,2023-03-12,Expense,Education,2425.0,Bank_Transfer,Unknown,Lunch
T10787,U013,2021-10-26,Expense,Rent,2310.0,Bank_Transfer,Jaipur,Internet bill
T3992,U099,2024-08-31,Expense,Travel,9727.0,Upi,Ahmedabad,Gym membership
T3810,U119,2024-03-03,Expense,Utilities,3815.0,Bank_Transfer,Lucknow,!!!
T7320,U084,2024-03-01,Expense,Travel,3106.0,Bank_Transfer,Ahmedabad,Petrol
T8158,U130,2024-12-21,Expense,Food,967.0,Card,Bangalore,Internet bill
T10676,U132,2023-11-14,Expense,Food,5366.0,Cash,Mumbai,...
T1806,U094,2023-07-22,Expense,Entertainment,2195.0,Bank_Transfer,Ahmedabad,xyz123
T8973,U077,2023-10-26,Expense,Travel,3557.0,Card,Lucknow,Gym membership
T8206,U107,2021-01-31,Expense,Travel,8791.0,Upi,Chennai,misc
T2587,U071,2023-10-19,Expense,Rent,1667.0,Upi,Mumbai,No Notes
T6345,U142,2023-11-01,Expense,Rent,4409.0,Upi,Ahmedabad,Doctor consultation
T13216,U032,2024-12-11,Expense,Travel,3980.0,Card,Mumbai,Gym membership
T8775,U059,2021-01-20,Expense,Rent,37161.0,Card,Lucknow,Coffee
T0605,U032,2023-02-13,Expense,Others,1353.0,Bank_Transfer,Unknown,Movie tickets
T0044,U127,2023-04-01,Expense,Education,1999.0,Cash,Mumbai,Medicine
T2627,U059,2024-03-30,Expense,Health,6298.0,Bank_Transfer,Lucknow,Doctor consultation
T4348,U041,2021-09-01,Income,Investment,34601.0,Cash,Unknown,ATM withdrawal
T6939,U014,2024-05-20,Expense,Food,2946.0,Card,Ahmedabad,...
T11050,U036,2022-10-09,Expense,Rent,1418.0,Cash,Jaipur,Shopping
T3828,U086,2024-05-13,Expense,Rent,8925.0,Cash,Hyderabad,No Notes
T3193,U137,2022-04-01,Expense,Entertainment,4514.0,Card,Lucknow,Coffee
T4259,U031,2021-11-11,Expense,Utilities,7863.0,Unknown,Kolkata,Medicine
T5423,U078,2023-11-24,Income,Investment,45035.0,Cash,Kolkata,Lunch
T3119,U130,2022-01-10,Expense,Utilities,7605.0,Upi,Ahmedabad,Medicine
T2773,U028,2023-04-04,Expense,Travel,2319.0,Bank_Transfer,Jaipur,Doctor consultation
T6827,U142,2024-08-16,Expense,Travel,6239.0,Card,Unknown,No Notes
T6005,U140,2023-05-31,Expense,Entertainment,3196.0,Card,Jaipur,xyz123
T4679,U015,2021-07-12,Income,Salary,77377.0,Cash,Chennai,No Notes
T12841,U113,2021-03-10,Expense,Rent,21432.0,Card,Kolkata,No Notes
T3131,U006,2023-07-12,Expense,Utilities,5789.0,Bank_Transfer,Delhi,No Notes
T12765,U142,2021-02-06,Expense,Utilities,5777.0,Card,Lucknow,Books
T7835,U079,2021-10-29,Expense,Utilities,6223.0,Upi,Delhi,Monthly rent payment
T4263,U136,2022-08-26,Expense,Travel,6135.0,Card,Lucknow,Fixed deposit
T3378,U065,2021-03-23,Expense,Food,8710.0,Card,Jaipur,Grocery shopping
T1926,U058,2022-01-06,Expense,Utilities,2892.0,Upi,Lucknow,Electricity bill
T13748,U075,2023-05-01,Income,Freelance,76703.0,Card,Bangalore,ATM withdrawal
T2865,U089,2023-02-17,Expense,Utilities,9308.0,Cash,Hyderabad,Online course
T8833,U028,2021-09-29,Expense,Food,2703.0,Bank_Transfer,Pune,Uber ride
T10271,U125,2022-03-11,Expense,Travel,3152.0,Card,Delhi,Monthly rent payment
T13043,U046,2023-05-07,Expense,Food,1547.0,Upi,Bangalore,Internet bill
T6416,U058,2021-07-21,Expense,Utilities,5362.0,Upi,Bangalore,EMI payment
T7357,U114,2021-07-18,Expense,Food,7080.0,Upi,Lucknow,Train ticket
T1922,U026,2024-04-16,Expense,Rent,23398.0,Card,Pune,Monthly rent payment
T2127,U012,2024-02-01,Expense,Travel,976.0,Cash,Hyderabad,Lunch
T1157,U129,2024-10-16,Expense,Health,3448.0,Bank_Transfer,Unknown,No Notes
T9387,U097,2024-04-18,Expense,Savings,3928.0,Upi,Unknown,Restaurant dinner
T3539,U097,2023-11-25,Expense,Utilities,8706.0,Card,Delhi,Uber ride
T9569,U003,2021-11-04,Expense,Travel,2586.0,Unknown,Jaipur,!!!
T3629,U029,2021-08-05,Expense,Food,3970.0,Cash,Pune,ATM withdrawal
T5221,U068,2024-02-28,Expense,Entertainment,9449.0,Card,Ahmedabad,Fixed deposit
T1477,U115,2021-02-26,Expense,Food,2090.0,Unknown,Lucknow,No Notes
T6847,U088,2022-08-06,Expense,Others,1656.0,Card,Chennai,Train ticket
T7285,U032,2022-10-02,Income,Others,44077.0,Upi,Bangalore,Coffee
T2814,U069,2024-09-17,Expense,Food,268.0,Bank_Transfer,Mumbai,Uber ride
T1399,U006,2021-06-20,Income,Investment,44024.0,Bank_Transfer,Hyderabad,...
T10397,U029,2023-04-01,Expense,Education,1642.0,Bank_Transfer,Jaipur,Internet bill
T5203,U137,2022-09-16,Expense,Food,4129.0,Upi,Unknown,Movie tickets
T9616,U122,2022-09-08,Expense,Entertainment,9971.0,Card,Hyderabad,asdfgh
T8637,U083,2022-04-12,Expense,Food,5485.0,Upi,Chennai,Grocery shopping
T13183,U149,2024-08-23,Expense,Others,7503.0,Card,Pune,Movie tickets
T8643,U072,2023-01-05,Income,Investment,62410.0,Cash,Bangalore,ATM withdrawal
T0085,U110,2023-06-29,Expense,Education,7226.0,Cash,Bangalore,Monthly rent payment
T0359,U020,2024-03-01,Expense,Travel,3800.0,Cash,Delhi,No Notes
T8238,U050,2023-10-10,Income,Investment,67247.0,Upi,Ahmedabad,!!!
T13377,U053,2024-04-12,Expense,Rent,18648.0,Unknown,Kolkata,Internet bill
T8430,U102,2024-09-15,Income,Bonus,45285.0,Upi,Mumbai,Grocery shopping
T13071,U099,2023-11-29,Expense,Entertainment,3069.0,Cash,Mumbai,EMI payment
T0694,U039,2022-10-02,Expense,Travel,3212.0,Card,Mumbai,No Notes
T4710,U093,2021-11-14,Income,Investment,52388.0,Card,Jaipur,!!!
T0887,U011,2022-07-24,Expense,Travel,9501.0,Card,Lucknow,Online course
T8606,U118,2023-11-29,Expense,Utilities,8405.0,Card,Bangalore,No Notes
T4734,U019,2023-08-14,Expense,Rent,40517.0,Bank_Transfer,Delhi,No Notes
T13206,U119,2021-01-16,Expense,Food,7714.0,Card,Delhi,asdfgh
T5852,U117,2022-06-21,Expense,Entertainment,6701.0,Bank_Transfer,Unknown,No Notes
T11139,U144,2024-02-18,Expense,Food,8407.0,Card,Unknown,Petrol
T4533,U002,2023-12-20,Expense,Rent,41360.0,Card,Unknown,ATM withdrawal
T9683,U060,2023-04-29,Expense,Rent,23271.0,Card,Chennai,Shopping
T8188,U145,2022-04-28,Expense,Food,4822.0,Card,Pune,Shopping
T10988,U030,2022-08-26,Expense,Health,7801.0,Upi,Unknown,Online course
T13570,U040,2024-05-15,Expense,Rent,1615.0,Card,Pune,Internet bill
T4412,U051,2023-04-14,Expense,Food,2612.0,Card,Hyderabad,Restaurant dinner
T11631,U034,2022-09-30,Expense,Rent,43620.0,Cash,Lucknow,Gym membership
T10516,U145,2022-10-08,Expense,Food,1348.0,Cash,Hyderabad,Grocery shopping
T0068,U114,2022-03-18,Expense,Food,9817.0,Unknown,Lucknow,Electricity bill
T1431,U112,2021-08-17,Expense,Travel,230.0,Upi,Unknown,test
T1630,U024,2023-04-28,Expense,Entertainment,8663.0,Card,Ahmedabad,Books
T0660,U091,2021-10-14,Expense,Others,3517.0,Cash,Pune,No Notes
T11876,U092,2024-10-27,Expense,Health,1574.0,Card,Bangalore,Internet bill
T11519,U010,2024-06-26,Expense,Rent,49647.0,Cash,Pune,No Notes
T7652,U137,2024-12-16,Income,Bonus,71730.0,Card,Pune,Uber ride
T9510,U022,2021-10-03,Expense,Travel,5202.0,Upi,Ahmedabad,test
T11766,U011,2021-07-08,Expense,Travel,6964.0,Upi,Mumbai,asdfgh
T0217,U143,2021-03-27,Expense,Travel,5733.0,Card,Lucknow,Coffee
T4447,U077,2021-05-26,Expense,Food,2917.0,Upi,Hyderabad,Monthly rent payment
T13829,U073,2022-10-27,Expense,Travel,2083.0,Upi,Hyderabad,No Notes
T3069,U062,2021-12-29,Expense,Travel,4428.0,Bank_Transfer,Bangalore,Movie tickets
T9390,U139,2022-11-19,Income,Investment,77566.0,Card,Delhi,...
T3198,U123,2023-12-14,Income,Investment,38153.0,Cash,Chennai,asdfgh
T4898,U082,2024-09-25,Expense,Rent,25936.0,Bank_Transfer,Pune,Lunch
T2183,U128,2021-08-26,Expense,Travel,999999.0,Upi,Mumbai,Petrol
T1636,U140,2022-04-20,Expense,Food,5671.0,Cash,Kolkata,...
T12786,U055,2024-12-04,Expense,Rent,5736.0,Cash,Lucknow,misc
T0366,U096,2021-08-20,Expense,Utilities,2474.0,Cash,Unknown,Internet bill
T8329,U087,2022-12-06,Expense,Rent,25833.0,Bank_Transfer,Mumbai,No Notes
T0298,U148,2022-02-26,Expense,Utilities,7222.0,Cash,Pune,Fixed deposit
T11675,U025,2022-03-08,Expense,Rent,21929.0,Cash,Chennai,Gym membership
T8782,U062,2022-06-02,Expense,Rent,47616.0,Cash,Hyderabad,Doctor consultation
T2640,U122,2022-10-21,Expense,Travel,7311.0,Card,Chennai,Internet bill
T9149,U035,2023-02-07,Expense,Food,3162.0,Bank_Transfer,Ahmedabad,Fixed deposit
T1570,U106,2023-01-12,Expense,Health,2428.0,Cash,Bangalore,Shopping
T4910,U131,2022-06-26,Expense,Travel,7074.0,Upi,Chennai,Train ticket
T6538,U124,2022-08-15,Expense,Entertainment,1408.0,Cash,Kolkata,Lunch
T2852,U142,2023-09-30,Expense,Education,9502.0,Card,Pune,Train ticket
T1026,U045,2022-08-31,Income,Others,77419.0,Upi,Delhi,Gym membership
T12288,U060,2023-02-09,Expense,Travel,7830.0,Cash,Kolkata,No Notes
T6886,U096,2024-05-19,Expense,Food,2174.0,Bank_Transfer,Hyderabad,Uber ride
T6256,U104,2023-12-23,Expense,Food,3936.0,Upi,Chennai,test
T10425,U063,2021-12-16,Expense,Food,3890.0,Bank_Transfer,Hyderabad,No Notes
T3773,U078,2024-06-25,Expense,Utilities,9600.0,Card,Unknown,asdfgh
T13121,U094,2021-09-16,Expense,Food,4390.0,Card,Unknown,No Notes
T8651,U140,2023-06-09,Expense,Entertainment,8116.0,Card,Mumbai,No Notes
T13479,U043,2022-09-15,Expense,Travel,5389.0,Upi,Lucknow,Internet bill
T2382,U120,2024-08-19,Expense,Food,1210.0,Cash,Bangalore,Petrol
T12457,U001,2024-06-12,Expense,Education,252.0,Cash,Chennai,ATM withdrawal
T11468,U067,2021-07-30,Expense,Travel,1692.0,Upi,Bangalore,Shopping
T2706,U142,2023-12-25,Expense,Education,6003.0,Card,Ahmedabad,misc
T7259,U085,2021-04-01,Expense,Education,2288.0,Bank_Transfer,Pune,asdfgh
T8325,U028,2023-04-14,Expense,Utilities,7166.0,Unknown,Lucknow,test
T6319,U137,2022-05-19,Expense,Food,3897.0,Unknown,Delhi,No Notes
T6454,U109,2022-09-01,Expense,Rent,8302.0,Upi,Hyderabad,Restaurant dinner
T11913,U057,2024-04-15,Income,Freelance,69466.0,Upi,Lucknow,Online course
T0916,U138,2022-05-25,Expense,Rent,38208.0,Cash,Kolkata,No Notes
T5432,U150,2022-09-22,Income,Bonus,10325.0,Bank_Transfer,Ahmedabad,!!!
T7064,U010,2024-03-01,Expense,Utilities,1426.0,Card,Jaipur,Restaurant dinner
T13028,U068,2021-12-21,Expense,Rent,32339.0,Card,Mumbai,Grocery shopping
T13635,U097,2023-05-01,Income,Freelance,53893.0,Card,Delhi,Restaurant dinner
T0592,U091,2023-04-18,Expense,Food,3105.0,Cash,Lucknow,misc
T12862,U068,2024-09-09,Expense,Food,3655.0,Cash,Pune,Doctor consultation
T3356,U079,2021-02-22,Expense,Travel,2234.0,Bank_Transfer,Bangalore,Online course
T4602,U019,2024-03-09,Expense,Utilities,1509.0,Upi,Hyderabad,Online course
T5616,U107,2023-03-23,Income,Investment,77470.0,Upi,Ahmedabad,No Notes
T5032,U014,2023-03-27,Expense,Food,9553.0,Card,Kolkata,No Notes
T7490,U088,2023-08-29,Income,Others,73327.0,Card,Mumbai,Lunch
T1853,U076,2024-01-28,Expense,Food,2590.0,Bank_Transfer,Ahmedabad,...
T8027,U029,2022-01-16,Expense,Entertainment,4605.0,Cash,Kolkata,EMI payment
T9187,U138,2021-02-19,Expense,Rent,28832.0,Cash,Delhi,asdfgh
T9006,U133,2022-08-17,Expense,Rent,3348.0,Upi,Chennai,No Notes
T10832,U030,2023-11-17,Expense,Travel,3367.0,Upi,Delhi,Lunch
T7397,U056,2023-12-08,Expense,Food,4030.0,Upi,Ahmedabad,Gym membership
T5812,U053,2022-05-10,Expense,Travel,3462.0,Upi,Mumbai,No Notes
T1903,U139,2023-04-12,Expense,Health,5593.0,Bank_Transfer,Delhi,No Notes
T10506,U100,2023-01-13,Expense,Rent,20865.0,Upi,Bangalore,No Notes
T0222,U129,2023-03-24,Expense,Entertainment,2399.0,Card,Mumbai,Gym membership
T10612,U073,2021-07-01,Expense,Travel,5585.0,Cash,Lucknow,test
T6855,U046,2024-11-05,Expense,Travel,2517.0,Bank_Transfer,Hyderabad,Petrol
T11823,U132,2022-09-09,Expense,Savings,5714.0,Bank_Transfer,Kolkata,!!!
T1028,U138,2023-11-06,Expense,Rent,1803.0,Cash,Kolkata,Fixed deposit
T11851,U110,2022-10-13,Expense,Food,6894.0,Card,Lucknow,Gym membership
T5548,U053,2022-07-09,Expense,Entertainment,463.0,Card,Hyderabad,Monthly rent payment
T1188,U072,2024-11-21,Expense,Health,5370.0,Bank_Transfer,Lucknow,Books
T5160,U090,2023-06-14,Expense,Savings,8738.0,Upi,Pune,No Notes
T2355,U135,2021-05-07,Income,Salary,19104.0,Bank_Transfer,Mumbai,xyz123
T4522,U085,2024-07-25,Expense,Food,7385.0,Upi,Mumbai,xyz123
T5588,U144,2024-03-26,Expense,Others,4804.0,Upi,Bangalore,test
T3811,U026,2023-02-18,Expense,Utilities,2305.0,Bank_Transfer,Pune,Electricity bill
T6029,U068,2023-12-06,Income,Bonus,563063.0,Unknown,Unknown,Restaurant dinner
T12355,U146,2022-01-06,Income,Bonus,48885.0,Bank_Transfer,Delhi,No Notes
T12569,U084,2022-06-01,Expense,Rent,7452.0,Card,Delhi,Grocery shopping
T13484,U043,2022-09-11,Expense,Rent,3135.0,Bank_Transfer,Kolkata,Online course
T12294,U117,2023-01-14,Expense,Food,3884.0,Card,Mumbai,Coffee
T7694,U058,2021-03-07,Expense,Travel,3974.0,Card,Delhi,Gym membership
T8819,U054,2021-07-02,Expense,Food,2121.0,Upi,Ahmedabad,Movie tickets
T0416,U114,2022-12-24,Expense,Entertainment,238.0,Cash,Kolkata,No Notes
T6252,U091,2024-05-17,Expense,Food,3385.0,Unknown,Kolkata,ATM withdrawal
T4269,U024,2021-03-22,Expense,Education,1716.0,Upi,Kolkata,ATM withdrawal
T6713,U057,2024-02-27,Expense,Utilities,9275.0,Card,Jaipur,Train ticket
T1440,U068,2024-12-21,Expense,Food,8171.0,Card,Lucknow,Lunch
T13730,U027,2024-11-08,Expense,Rent,32928.0,Card,Delhi,Gym membership
T1907,U063,2023-02-04,Expense,Food,6393.0,Bank_Transfer,Chennai,No Notes
T6952,U026,2024-02-16,Expense,Food,4545.0,Cash,Unknown,Movie tickets
T0098,U082,2024-06-16,Expense,Rent,41891.0,Cash,Mumbai,No Notes
T0847,U056,2022-04-13,Expense,Food,4097.0,Cash,Hyderabad,!!!
T0754,U066,2023-02-25,Expense,Rent,28006.0,Bank_Transfer,Delhi,No Notes
T1852,U032,2021-11-10,Expense,Utilities,5852.0,Upi,Ahmedabad,xyz123
T7961,U074,2024-11-04,Expense,Health,999999.0,Bank_Transfer,Ahmedabad,No Notes
T2598,U118,2024-10-29,Income,Others,21483.0,Upi,Jaipur,No Notes
T3486,U050,2023-10-27,Expense,Utilities,260.0,Cash,Pune,Medicine
T11506,U056,2023-02-20,Expense,Education,5968.0,Upi,Bangalore,Grocery shopping
T6832,U016,2022-02-03,Expense,Education,4880.0,Cash,Mumbai,Grocery shopping
T10356,U078,2024-06-24,Expense,Entertainment,7241.0,Unknown,Mumbai,!!!
T4650,U047,2023-09-10,Expense,Travel,3071.0,Card,Bangalore,Fixed deposit
T7210,U015,2023-12-14,Expense,Utilities,8883.0,Card,Kolkata,No Notes
T8009,U090,2024-01-29,Expense,Rent,8034.0,Cash,Unknown,Shopping
T0861,U023,2024-10-22,Expense,Entertainment,4440.0,Card,Bangalore,No Notes
T9053,U021,2021-08-08,Expense,Rent,15206.0,Upi,Unknown,misc
T13033,U110,2024-08-26,Expense,Rent,22146.0,Cash,Jaipur,ATM withdrawal
T4956,U028,2023-02-28,Expense,Education,2443.0,Bank_Transfer,Bangalore,Monthly rent payment
T4376,U078,2021-12-27,Expense,Health,707.0,Card,Jaipur,!!!
T5793,U076,2023-09-18,Income,Bonus,38376.0,Card,Mumbai,EMI payment
T9595,U104,2021-07-13,Expense,Rent,9321.0,Upi,Mumbai,asdfgh
T10923,U045,2022-04-09,Income,Freelance,69740.0,Cash,Ahmedabad,No Notes
T7084,U043,2024-08-04,Income,Freelance,29952.0,Card,Chennai,Movie tickets
T1355,U089,2021-05-07,Expense,Utilities,4069.0,Card,Chennai,Movie tickets
T3362,U026,2021-08-01,Expense,Health,6970.0,Cash,Mumbai,Grocery shopping
T0868,U076,2022-05-21,Expense,Rent,30649.0,Cash,Kolkata,Online course
T0763,U072,2022-01-12,Expense,Entertainment,7799.0,Card,Ahmedabad,No Notes
T7995,U138,2023-02-28,Expense,Food,2488.0,Bank_Transfer,Bangalore,Internet bill
T8223,U136,2021-08-21,Expense,Food,3353.0,Card,Lucknow,ATM withdrawal
T6336,U024,2022-12-14,Expense,Others,999999.0,Bank_Transfer,Chennai,Movie tickets
T9609,U023,2021-09-09,Expense,Travel,7719.0,Cash,Pune,Fixed deposit
T12712,U012,2022-02-12,Expense,Food,8580.0,Cash,Lucknow,Medicine
T11153,U120,2021-04-30,Income,Bonus,28018.0,Upi,Ahmedabad,EMI payment
T7547,U058,2022-04-06,Expense,Travel,2499.0,Card,Mumbai,Coffee
T7032,U001,2021-06-14,Expense,Food,209.0,Card,Lucknow,No Notes
T13523,U057,2021-11-06,Expense,Education,8075.0,Card,Lucknow,Grocery shopping
T12100,U137,2021-06-06,Expense,Entertainment,157.0,Cash,Bangalore,No Notes
T1581,U098,2021-07-11,Expense,Rent,9415.0,Cash,Mumbai,Movie tickets
T2033,U119,2021-08-29,Income,Freelance,32892.0,Cash,Chennai,ATM withdrawal
T12408,U086,2021-09-05,Income,Bonus,22487.0,Cash,Lucknow,Uber ride
T1088,U092,2022-12-20,Expense,Travel,5337.0,Cash,Jaipur,test
T10917,U022,2021-09-11,Expense,Food,2979.0,Cash,Kolkata,Uber ride
T1019,U022,2021-07-04,Expense,Rent,9157.0,Cash,Ahmedabad,ATM withdrawal
T3268,U099,2023-08-16,Income,Others,55020.0,Bank_Transfer,Unknown,Online course
T2887,U005,2021-12-07,Expense,Food,1954.0,Card,Bangalore,No Notes
T6903,U129,2023-12-05,Income,Bonus,40189.0,Cash,Jaipur,Petrol
T6392,U004,2024-06-20,Expense,Utilities,5012.0,Bank_Transfer,Pune,EMI payment
T13244,U108,2023-12-16,Expense,Health,7489.0,Upi,Chennai,ATM withdrawal
T4193,U145,2022-11-18,Expense,Rent,6540.0,Card,Ahmedabad,No Notes
T4192,U020,2023-07-28,Income,Investment,26237.0,Upi,Pune,Lunch
T4180,U033,2024-03-04,Expense,Others,7489.0,Cash,Unknown,No Notes
T13387,U018,2021-05-08,Expense,Food,2808.0,Cash,Mumbai,Books
T11505,U073,2023-04-10,Expense,Entertainment,8134.0,Bank_Transfer,Ahmedabad,EMI payment
T1761,U096,2024-05-22,Income,Bonus,19068.0,Upi,Lucknow,Medicine
T10877,U050,2022-09-24,Expense,Utilities,2999.0,Card,Lucknow,ATM withdrawal
T10796,U085,2021-11-02,Expense,Rent,1829.0,Upi,Ahmedabad,Coffee
T2796,U084,2022-08-30,Expense,Utilities,6767.0,Upi,Delhi,Fixed deposit
T13991,U004,2021-12-15,Expense,Travel,2408.0,Upi,Ahmedabad,No Notes
T3476,U074,2022-03-15,Expense,Entertainment,8496.0,Bank_Transfer,Ahmedabad,Medicine
T4630,U074,2021-12-20,Expense,Savings,1827.0,Cash,Ahmedabad,Internet bill
T5862,U006,2023-03-06,Expense,Food,1121.0,Card,Mumbai,No Notes
T2143,U138,2022-10-26,Expense,Food,4476.0,Upi,Pune,Books
T6479,U036,2024-08-27,Income,Investment,74820.0,Upi,Mumbai,No Notes
T3080,U124,2024-04-04,Expense,Travel,8562.0,Bank_Transfer,Unknown,Grocery shopping
T13219,U034,2024-11-02,Expense,Education,8778.0,Upi,Mumbai,Monthly rent payment
T4169,U081,2024-11-27,Expense,Food,9344.0,Cash,Jaipur,...
T4367,U076,2023-08-23,Expense,Travel,4217.0,Card,Pune,asdfgh
T5505,U138,2022-12-17,Expense,Travel,7840.0,Bank_Transfer,Chennai,No Notes
T3706,U026,2021-01-23,Expense,Education,6915.0,Bank_Transfer,Mumbai,Fixed deposit
T4095,U101,2021-10-07,Expense,Education,9846.0,Upi,Delhi,Train ticket
T8884,U076,2024-06-22,Expense,Entertainment,9268.0,Cash,Mumbai,EMI payment
T3929,U030,2021-09-05,Expense,Food,173.0,Cash,Mumbai,asdfgh
T8874,U096,2024-12-29,Income,Bonus,58506.0,Cash,Ahmedabad,Petrol
T1618,U131,2022-03-15,Expense,Rent,7954.0,Bank_Transfer,Lucknow,Petrol
T1343,U110,2024-04-01,Expense,Rent,22541.0,Card,Pune,Petrol
T5141,U077,2023-01-04,Expense,Food,4471.0,Cash,Mumbai,No Notes
T6274,U107,2022-01-18,Income,Investment,75783.0,Card,Mumbai,Restaurant dinner
T2144,U060,2024-03-19,Expense,Food,4885.0,Unknown,Chennai,Restaurant dinner
T3615,U143,2024-02-09,Expense,Travel,1688.0,Bank_Transfer,Delhi,...
T5128,U145,2024-02-29,Expense,Savings,7933.0,Card,Jaipur,No Notes
T2559,U137,2023-02-24,Income,Bonus,79217.0,Cash,Mumbai,Electricity bill
T9521,U114,2024-09-07,Expense,Food,3147.0,Card,Unknown,Gym membership
T7936,U079,2023-10-22,Expense,Rent,46668.0,Upi,Bangalore,Internet bill
T8699,U023,2021-07-09,Expense,Food,2925.0,Card,Jaipur,!!!
T0057,U068,2024-07-31,Expense,Rent,41792.0,Bank_Transfer,Delhi,Fixed deposit
T2459,U136,2024-08-15,Expense,Rent,37517.0,Upi,Mumbai,No Notes
T4994,U076,2021-05-31,Expense,Travel,6996.0,Upi,Pune,Movie tickets
T9079,U016,2021-06-19,Expense,Travel,5645.0,Card,Ahmedabad,ATM withdrawal
T11452,U014,2024-01-21,Expense,Rent,5072.0,Bank_Transfer,Ahmedabad,Restaurant dinner
T5056,U045,2022-04-29,Expense,Rent,9753.0,Card,Bangalore,...
T1277,U092,2024-05-23,Expense,Education,601.0,Upi,Pune,Books
T1063,U116,2023-05-08,Expense,Food,4403.0,Card,Bangalore,test
T5630,U147,2022-06-03,Expense,Travel,2609.0,Cash,Hyderabad,test
T8837,U145,2023-07-23,Expense,Entertainment,3898.0,Cash,Chennai,test
T0524,U034,2024-07-23,Expense,Savings,8872.0,Bank_Transfer,Kolkata,Online course
T11743,U042,2021-12-27,Expense,Rent,21814.0,Upi,Delhi,Online course
T3412,U078,2021-11-27,Expense,Rent,38008.0,Card,Mumbai,Medicine
T12263,U055,2021-09-02,Expense,Travel,6734.0,Bank_Transfer,Kolkata,Coffee
T3666,U124,2024-01-10,Expense,Education,6246.0,Cash,Jaipur,test
T11331,U002,2023-06-11,Expense,Travel,6273.0,Cash,Kolkata,Online course
T3406,U011,2021-03-12,Expense,Rent,12686.0,Cash,Ahmedabad,!!!
T0834,U091,2023-12-14,Expense,Rent,2416.0,Bank_Transfer,Delhi,Electricity bill
T6779,U137,2021-10-29,Expense,Food,1530.0,Bank_Transfer,Lucknow,Electricity bill
T12115,U024,2023-09-22,Expense,Entertainment,8930.0,Upi,Kolkata,No Notes
T11188,U026,2023-05-12,Expense,Food,3191.0,Card,Lucknow,Shopping
T0521,U042,2024-03-26,Expense,Food,7853.0,Card,Ahmedabad,Uber ride
T8419,U099,2023-01-26,Expense,Travel,3051.0,Cash,Delhi,Shopping
T9297,U003,2024-10-15,Expense,Food,4991.0,Bank_Transfer,Bangalore,Movie tickets
T3946,U032,2023-01-03,Expense,Food,3445.0,Upi,Delhi,Grocery shopping
T1746,U126,2021-04-18,Expense,Rent,8488.0,Bank_Transfer,Jaipur,No Notes
T4509,U020,2024-11-22,Income,Others,42897.0,Upi,Chennai,...
T1197,U148,2022-01-18,Expense,Food,2279.0,Bank_Transfer,Kolkata,Lunch
T3642,U116,2021-01-17,Expense,Food,4158.0,Cash,Pune,Monthly rent payment
T11893,U115,2024-09-16,Expense,Travel,6207.0,Cash,Hyderabad,misc
T0701,U030,2021-05-15,Expense,Food,6723.0,Bank_Transfer,Jaipur,Online course
T6037,U089,2021-06-20,Income,Salary,53725.0,Bank_Transfer,Pune,!!!
T1323,U056,2023-12-26,Expense,Food,3593.0,Upi,Kolkata,EMI payment
T6292,U026,2021-07-30,Expense,Utilities,8484.0,Upi,Mumbai,EMI payment
T12583,U135,2023-01-04,Expense,Entertainment,7204.0,Cash,Unknown,Coffee
T13192,U041,2024-12-18,Income,Others,73065.0,Bank_Transfer,Pune,Monthly rent payment
T12405,U021,2022-12-01,Expense,Education,1133.0,Upi,Pune,misc
T13614,U013,2024-04-14,Expense,Rent,41024.0,Cash,Lucknow,Train ticket
T4675,U105,2024-09-24,Expense,Rent,47477.0,Cash,Delhi,asdfgh
T3520,U113,2022-10-03,Expense,Food,2495.0,Cash,Kolkata,Uber ride
T13431,U042,2024-03-25,Expense,Travel,174.0,Card,Lucknow,Books
T11187,U073,2023-12-28,Expense,Food,2362.0,Upi,Ahmedabad,!!!
T0900,U101,2021-01-11,Expense,Health,999999.0,Bank_Transfer,Hyderabad,Monthly rent payment
T2558,U075,2021-09-01,Expense,Food,1720.0,Cash,Bangalore,Movie tickets
T2667,U003,2023-03-20,Expense,Food,7880.0,Bank_Transfer,Kolkata,No Notes
T12519,U121,2024-05-18,Expense,Rent,8471.0,Cash,Hyderabad,Online course
T6794,U105,2023-07-03,Expense,Food,8875.0,Upi,Delhi,Uber ride
T8756,U126,2022-08-19,Expense,Rent,1572.0,Unknown,Ahmedabad,ATM withdrawal
T6574,U077,2022-07-17,Expense,Rent,1160.0,Bank_Transfer,Delhi,No Notes
T12057,U105,2021-08-08,Expense,Food,9865.0,Upi,Delhi,Movie tickets
T11041,U071,2022-10-12,Income,Bonus,40907.0,Upi,Bangalore,Gym membership
T10066,U036,2024-01-18,Expense,Entertainment,4892.0,Upi,Jaipur,EMI payment
T12126,U011,2022-09-02,Expense,Rent,9207.0,Upi,Mumbai,Doctor consultation
T0636,U005,2022-02-09,Expense,Food,3295.0,Card,Kolkata,No Notes
T6586,U047,2021-04-23,Income,Freelance,30325.0,Bank_Transfer,Chennai,No Notes
T11360,U043,2022-11-20,Expense,Utilities,7143.0,Bank_Transfer,Ahmedabad,No Notes
T12609,U060,2022-07-28,Expense,Utilities,6561.0,Upi,Pune,Internet bill
T11946,U081,2023-12-09,Expense,Food,4340.0,Bank_Transfer,Hyderabad,No Notes
T3583,U004,2023-09-12,Expense,Utilities,2419.0,Cash,Lucknow,Coffee
T5134,U008,2022-05-09,Expense,Food,1060.0,Cash,Kolkata,xyz123
T3793,U017,2023-06-24,Expense,Others,1706.0,Upi,Jaipur,Restaurant dinner
T12925,U099,2023-01-15,Expense,Rent,7206.0,Upi,Pune,No Notes
T0339,U078,2023-12-12,Expense,Utilities,6808.0,Bank_Transfer,Bangalore,Medicine
T4285,U055,2023-02-11,Expense,Rent,43843.0,Cash,Delhi,No Notes
T3098,U041,2021-04-08,Expense,Rent,1900.0,Upi,Chennai,Lunch
T7248,U078,2023-12-19,Expense,Food,6238.0,Bank_Transfer,Ahmedabad,Doctor consultation
T13591,U065,2024-01-21,Income,Others,63976.0,Card,Bangalore,No Notes
T6964,U111,2021-12-02,Expense,Education,6003.0,Cash,Hyderabad,No Notes
T4185,U079,2024-05-09,Expense,Education,5441.0,Upi,Bangalore,Coffee
T6611,U110,2022-08-13,Expense,Entertainment,2745.0,Upi,Mumbai,Coffee
T10268,U108,2024-04-14,Income,Others,55221.0,Upi,Bangalore,ATM withdrawal
T9042,U009,2022-01-22,Expense,Rent,2869.0,Cash,Jaipur,No Notes
T10395,U124,2022-12-04,Expense,Food,4442.0,Cash,Chennai,Shopping
T2130,U006,2024-09-07,Expense,Utilities,1204.0,Bank_Transfer,Unknown,Train ticket
T5834,U148,2024-09-25,Income,Others,20252.0,Upi,Jaipur,Online course
T1986,U132,2022-08-05,Expense,Travel,7196.0,Card,Delhi,Electricity bill
T3523,U119,2023-09-22,Expense,Rent,557.0,Upi,Jaipur,No Notes
T3617,U095,2023-12-22,Expense,Utilities,1966.0,Card,Hyderabad,Electricity bill
T10888,U096,2024-05-01,Income,Others,56617.0,Bank_Transfer,Delhi,No Notes
T1635,U012,2023-01-07,Expense,Rent,4750.0,Cash,Unknown,EMI payment
T6593,U116,2023-05-04,Expense,Education,9969.0,Bank_Transfer,Mumbai,No Notes
T6497,U052,2024-07-13,Expense,Rent,8986.0,Cash,Lucknow,Grocery shopping
T3233,U072,2024-12-16,Expense,Food,4701.0,Upi,Pune,Books
T8528,U138,2021-10-25,Income,Investment,108891.0,Card,Ahmedabad,No Notes
T1273,U134,2024-03-09,Expense,Utilities,5000.0,Cash,Pune,No Notes
T9419,U015,2023-09-19,Expense,Travel,5222.0,Bank_Transfer,Unknown,Medicine
T7876,U035,2021-10-10,Expense,Food,6224.0,Upi,Pune,misc
T4636,U111,2024-04-18,Expense,Rent,6684.0,Upi,Kolkata,Internet bill
T9759,U022,2024-11-30,Income,Others,45189.0,Bank_Transfer,Pune,No Notes
T3980,U079,2021-11-03,Expense,Travel,5820.0,Upi,Lucknow,ATM withdrawal
T10261,U093,2022-02-06,Expense,Health,3789.0,Card,Lucknow,Shopping
T4251,U048,2022-07-22,Income,Freelance,36017.0,Upi,Chennai,No Notes
T9600,U145,2021-04-09,Expense,Food,3754.0,Bank_Transfer,Chennai,EMI payment
T9672,U038,2024-10-26,Expense,Rent,14320.0,Card,Ahmedabad,Coffee
T11680,U066,2021-03-29,Expense,Food,8872.0,Cash,Ahmedabad,misc
T7446,U137,2024-01-19,Expense,Travel,4711.0,Card,Lucknow,EMI payment
T12084,U066,2021-02-23,Income,Freelance,34187.0,Cash,Delhi,misc
T11674,U059,2022-02-26,Expense,Utilities,8300.0,Upi,Bangalore,xyz123
T12990,U049,2021-02-28,Expense,Food,7982.0,Bank_Transfer,Pune,Doctor consultation
T2273,U034,2024-11-08,Expense,Others,6261.0,Card,Hyderabad,Doctor consultation
T10634,U080,2024-05-18,Expense,Food,4088.0,Bank_Transfer,Delhi,No Notes
T2267,U148,2024-02-07,Expense,Food,7503.0,Bank_Transfer,Pune,Internet bill
T5420,U070,2023-03-01,Income,Freelance,41369.0,Bank_Transfer,Chennai,Petrol
T5350,U038,2023-02-14,Expense,Travel,1968.0,Card,Jaipur,misc
T1040,U058,2024-06-10,Expense,Rent,9591.0,Bank_Transfer,Pune,...
T10461,U022,2023-10-04,Expense,Utilities,646.0,Cash,Jaipur,misc
T4723,U107,2022-07-19,Expense,Utilities,7403.0,Bank_Transfer,Pune,test
T2527,U128,2022-12-04,Expense,Utilities,9448.0,Card,Chennai,test
T12950,U119,2023-01-13,Income,Investment,59520.0,Cash,Jaipur,Doctor consultation
T3202,U123,2021-05-24,Expense,Travel,8352.0,Cash,Chennai,Fixed deposit
T10775,U077,2022-05-28,Expense,Entertainment,9354.0,Upi,Ahmedabad,misc
T7723,U137,2023-02-24,Income,Freelance,22802.0,Card,Kolkata,No Notes
T0208,U144,2024-08-18,Expense,Rent,869.0,Upi,Unknown,Medicine
T9364,U142,2024-01-18,Expense,Education,3348.0,Unknown,Jaipur,No Notes
T6933,U083,2021-09-23,Expense,Education,9909.0,Cash,Mumbai,No Notes
T8028,U061,2021-12-20,Expense,Entertainment,751.0,Bank_Transfer,Lucknow,Electricity bill
T0347,U032,2022-02-25,Expense,Rent,23178.0,Card,Delhi,Grocery shopping
T12065,U031,2024-10-16,Expense,Food,4973.0,Upi,Delhi,!!!
T11640,U019,2023-11-15,Income,Freelance,51284.0,Cash,Jaipur,test
T11861,U136,2022-12-15,Expense,Utilities,497.0,Bank_Transfer,Delhi,ATM withdrawal
T4343,U059,2021-09-01,Expense,Travel,1437.0,Bank_Transfer,Jaipur,Online course
T7664,U038,2021-07-29,Income,Salary,71087.0,Upi,Lucknow,asdfgh
T1294,U097,2024-10-18,Expense,Food,9925.0,Card,Unknown,Books
T4833,U001,2023-01-20,Expense,Travel,9357.0,Cash,Lucknow,EMI payment
T6575,U136,2021-07-29,Expense,Entertainment,6558.0,Upi,Jaipur,Gym membership
T8152,U058,2021-08-26,Expense,Food,3477.0,Bank_Transfer,Delhi,Coffee
T7325,U057,2023-09-13,Expense,Utilities,7229.0,Cash,Kolkata,Shopping
T1210,U048,2023-06-05,Expense,Rent,7758.0,Cash,Kolkata,No Notes
T5609,U086,2021-02-09,Expense,Rent,7003.0,Bank_Transfer,Unknown,Monthly rent payment
T12578,U093,2024-08-05,Expense,Travel,8108.0,Cash,Jaipur,Fixed deposit
T12146,U098,2023-09-02,Expense,Travel,3102.0,Upi,Pune,Monthly rent payment
T3827,U144,2023-03-24,Expense,Entertainment,4734.0,Bank_Transfer,Chennai,No Notes
T1233,U026,2021-10-02,Expense,Entertainment,6457.0,Cash,Bangalore,Gym membership
T6653,U147,2023-07-03,Income,Investment,39182.0,Unknown,Pune,Uber ride
T3405,U053,2023-08-26,Income,Investment,48969.0,Card,Chennai,!!!
T13363,U086,2021-05-12,Expense,Rent,4088.0,Unknown,Hyderabad,Lunch
T6165,U105,2021-05-14,Expense,Utilities,138.0,Bank_Transfer,Hyderabad,Uber ride
T10802,U106,2024-10-26,Expense,Entertainment,5388.0,Bank_Transfer,Bangalore,No Notes
T6535,U075,2024-09-18,Expense,Education,9069.0,Cash,Mumbai,Internet bill
T12593,U051,2023-05-06,Expense,Rent,8010.0,Upi,Lucknow,ATM withdrawal
T8834,U069,2024-03-05,Expense,Education,8326.0,Upi,Hyderabad,Online course
T9219,U136,2023-02-11,Income,Bonus,67640.0,Unknown,Pune,ATM withdrawal
T0646,U006,2024-01-09,Expense,Rent,4020.0,Upi,Mumbai,Books
T2414,U125,2022-09-08,Expense,Travel,7609.0,Upi,Mumbai,No Notes
T12032,U054,2021-06-08,Expense,Rent,8807.0,Cash,Kolkata,No Notes
T4681,U099,2021-10-30,Expense,Savings,8919.0,Card,Delhi,misc
T7228,U054,2022-11-12,Income,Salary,62909.0,Cash,Mumbai,ATM withdrawal
T4646,U081,2021-09-29,Expense,Travel,6999.0,Card,Ahmedabad,Internet bill
T12412,U083,2022-10-21,Expense,Rent,27147.0,Upi,Hyderabad,Lunch
T8475,U019,2023-03-21,Expense,Utilities,2331.0,Bank_Transfer,Hyderabad,No Notes
T5238,U100,2021-06-16,Expense,Food,3045.0,Cash,Lucknow,!!!
T10171,U059,2022-05-09,Expense,Travel,7358.0,Bank_Transfer,Delhi,No Notes
T4045,U056,2021-05-10,Expense,Rent,6126.0,Cash,Chennai,Medicine
T12319,U111,2021-07-21,Expense,Food,3306.0,Bank_Transfer,Hyderabad,Doctor consultation
T11194,U087,2021-07-04,Expense,Travel,1799.0,Cash,Kolkata,Uber ride
T9832,U104,2021-10-10,Expense,Travel,5435.0,Upi,Mumbai,No Notes
T8823,U015,2022-02-07,Expense,Travel,3802.0,Unknown,Jaipur,No Notes
T11701,U046,2021-05-04,Expense,Others,7299.0,Bank_Transfer,Hyderabad,Internet bill
T8100,U100,2021-07-23,Expense,Entertainment,7411.0,Upi,Chennai,Movie tickets
T13809,U079,2023-09-29,Expense,Travel,1137.0,Bank_Transfer,Unknown,Online course
T7896,U018,2024-04-07,Expense,Food,3801.0,Card,Lucknow,Train ticket
T1217,U033,2023-12-13,Expense,Food,2426.0,Cash,Kolkata,misc
T0639,U048,2024-07-10,Expense,Utilities,6771.0,Upi,Hyderabad,Movie tickets
T13864,U149,2023-03-21,Expense,Travel,6114.0,Upi,Kolkata,Shopping
T0820,U041,2024-02-05,Expense,Education,7392.0,Cash,Pune,No Notes
T6964,U139,2023-02-06,Expense,Savings,9202.0,Card,Hyderabad,ATM withdrawal
T9463,U096,2021-11-22,Expense,Food,3515.0,Cash,Bangalore,Movie tickets
T9278,U099,2023-09-02,Expense,Rent,19655.0,Cash,Lucknow,...
T12243,U148,2022-08-30,Expense,Entertainment,4077.0,Cash,Delhi,No Notes
T7371,U024,2021-02-06,Expense,Travel,8405.0,Card,Lucknow,No Notes
T0769,U005,2021-06-07,Expense,Utilities,4133.0,Card,Kolkata,Movie tickets
T7068,U047,2024-06-10,Expense,Entertainment,589.0,Upi,Hyderabad,Doctor consultation
T13091,U052,2022-05-19,Expense,Rent,6977.0,Bank_Transfer,Pune,xyz123
T1370,U138,2023-05-03,Income,Freelance,40320.0,Card,Chennai,test
T6819,U038,2022-07-18,Expense,Travel,3203.0,Card,Delhi,Internet bill
T9874,U004,2023-01-05,Expense,Food,2238.0,Cash,Kolkata,No Notes
T1972,U070,2023-10-29,Income,Salary,559177.0,Card,Ahmedabad,Train ticket
T1227,U114,2021-06-01,Expense,Food,758.0,Cash,Bangalore,ATM withdrawal
T13716,U101,2021-07-15,Expense,Food,7799.0,Upi,Delhi,Movie tickets
T12009,U048,2021-03-30,Expense,Education,3445.0,Cash,Delhi,Fixed deposit
T6391,U144,2022-03-29,Expense,Others,2411.0,Card,Bangalore,ATM withdrawal
T2410,U017,2021-03-18,Income,Salary,41742.0,Cash,Bangalore,Electricity bill
T8809,U143,2022-06-21,Income,Freelance,64688.0,Card,Hyderabad,No Notes
T5351,U090,2024-06-24,Expense,Health,7134.0,Card,Lucknow,Coffee
T12873,U030,2022-07-22,Expense,Food,744.0,Card,Jaipur,Movie tickets
T13555,U132,2024-02-01,Income,Freelance,39256.0,Unknown,Pune,Shopping
T2957,U103,2024-03-01,Income,Investment,37602.0,Card,Kolkata,Internet bill
T5828,U018,2024-05-18,Income,Investment,43742.0,Bank_Transfer,Kolkata,misc
T5254,U094,2024-05-13,Expense,Food,5035.0,Upi,Unknown,Train ticket
T11914,U108,2024-03-02,Expense,Others,8929.0,Upi,Hyderabad,Gym membership
T13841,U037,2023-06-15,Expense,Travel,9520.0,Bank_Transfer,Mumbai,misc
T3142,U143,2023-09-29,Expense,Food,2505.0,Card,Lucknow,Grocery shopping
T2560,U061,2024-02-15,Expense,Food,2400.0,Upi,Pune,EMI payment
T8076,U069,2021-09-02,Income,Freelance,46810.0,Unknown,Kolkata,Internet bill
T11257,U020,2022-05-12,Expense,Entertainment,7165.0,Card,Mumbai,Shopping
T12858,U062,2021-07-23,Expense,Travel,1809.0,Bank_Transfer,Jaipur,Uber ride
T5929,U119,2024-10-27,Expense,Rent,8007.0,Upi,Bangalore,No Notes
T11737,U117,2023-01-05,Expense,Food,2341.0,Bank_Transfer,Mumbai,Monthly rent payment
T4965,U030,2021-07-01,Expense,Utilities,8361.0,Cash,Jaipur,Lunch
T5447,U052,2021-11-10,Expense,Food,2212.0,Bank_Transfer,Lucknow,Petrol
T1413,U133,2021-08-15,Expense,Travel,1690.0,Cash,Mumbai,Electricity bill
T7469,U107,2024-02-21,Expense,Food,559.0,Cash,Lucknow,Doctor consultation
T9834,U099,2021-05-06,Expense,Rent,37244.0,Upi,Hyderabad,EMI payment
T1313,U004,2023-06-04,Expense,Education,7485.0,Cash,Delhi,test
T5224,U035,2021-08-06,Expense,Travel,1432.0,Cash,Hyderabad,misc
T6874,U148,2021-02-28,Income,Freelance,18437.0,Bank_Transfer,Unknown,No Notes
T10662,U086,2023-07-17,Expense,Entertainment,5602.0,Cash,Kolkata,Restaurant dinner
T13436,U150,2022-05-13,Expense,Health,9279.0,Cash,Jaipur,asdfgh
T2805,U036,2023-06-11,Expense,Utilities,1872.0,Card,Unknown,No Notes
T11148,U085,2021-02-13,Expense,Entertainment,5866.0,Card,Delhi,Internet bill
T5468,U024,2024-11-04,Income,Others,44840.0,Bank_Transfer,Ahmedabad,Doctor consultation
T13240,U115,2021-08-06,Income,Investment,45886.0,Bank_Transfer,Bangalore,No Notes
T11618,U011,2024-09-11,Expense,Others,8800.0,Upi,Kolkata,Monthly rent payment
T7401,U119,2024-06-21,Expense,Food,1454.0,Upi,Delhi,asdfgh
T12670,U045,2021-12-14,Expense,Health,506.0,Card,Jaipur,Restaurant dinner
T2176,U150,2021-08-11,Expense,Travel,9120.0,Card,Mumbai,Lunch
T10746,U055,2023-12-16,Expense,Rent,239.0,Bank_Transfer,Bangalore,Shopping
T8594,U100,2022-10-10,Expense,Health,1302.0,Card,Hyderabad,!!!
T5711,U025,2022-10-26,Expense,Rent,8037.0,Upi,Pune,Shopping
T7541,U117,2022-12-04,Expense,Rent,1729.0,Upi,Chennai,test
T11115,U053,2023-03-19,Expense,Entertainment,3964.0,Card,Delhi,xyz123
T4026,U087,2023-12-29,Expense,Others,8191.0,Cash,Lucknow,Monthly rent payment
T8987,U056,2024-01-27,Expense,Rent,39552.0,Bank_Transfer,Bangalore,test
T8105,U098,2024-10-21,Expense,Food,2128.0,Card,Delhi,Lunch
T13059,U103,2022-05-31,Expense,Rent,2128.0,Bank_Transfer,Pune,No Notes
T2690,U069,2022-04-10,Income,Investment,71232.0,Bank_Transfer,Kolkata,No Notes
T9553,U079,2024-06-20,Expense,Travel,1806.0,Cash,Lucknow,Doctor consultation
T1271,U010,2024-02-25,Expense,Education,9017.0,Cash,Delhi,Medicine
T12184,U089,2024-08-26,Expense,Travel,5134.0,Bank_Transfer,Kolkata,Restaurant dinner
T13652,U118,2023-11-28,Expense,Rent,1969.0,Cash,Pune,Shopping
T7078,U106,2023-12-08,Expense,Entertainment,3505.0,Upi,Hyderabad,ATM withdrawal
T5931,U125,2023-04-18,Expense,Entertainment,3462.0,Card,Jaipur,Shopping
T10633,U117,2022-12-20,Expense,Food,999999.0,Cash,Jaipur,misc
T2978,U005,2021-05-16,Expense,Rent,49351.0,Card,Chennai,Grocery shopping
T5469,U017,2021-07-26,Expense,Health,3500.0,Bank_Transfer,Pune,asdfgh
T10127,U119,2022-03-06,Expense,Education,4130.0,Upi,Jaipur,Uber ride
T6122,U002,2022-11-23,Expense,Food,4312.0,Card,Chennai,Internet bill
T1823,U047,2021-01-10,Expense,Utilities,3479.0,Card,Hyderabad,Monthly rent payment
T13481,U047,2023-10-28,Expense,Food,1537.0,Card,Jaipur,Electricity bill
T0229,U010,2023-12-25,Expense,Entertainment,8935.0,Bank_Transfer,Mumbai,...
T1877,U004,2024-08-04,Income,Freelance,33899.0,Upi,Delhi,Grocery shopping
T13537,U062,2022-08-25,Expense,Rent,13219.0,Upi,Chennai,Medicine
T3605,U039,2023-03-15,Expense,Food,4416.0,Card,Kolkata,Medicine
T12639,U119,2022-06-15,Expense,Food,3650.0,Bank_Transfer,Lucknow,Petrol
T4826,U074,2024-07-04,Expense,Food,805.0,Cash,Bangalore,Shopping
T0399,U081,2021-01-17,Income,Freelance,36887.0,Bank_Transfer,Pune,Medicine
T13535,U116,2022-05-04,Expense,Rent,26977.0,Upi,Mumbai,Grocery shopping
T8432,U136,2022-04-16,Expense,Rent,9179.0,Bank_Transfer,Chennai,asdfgh
T7719,U082,2023-03-09,Expense,Food,4510.0,Bank_Transfer,Lucknow,Gym membership
T13154,U107,2024-03-19,Expense,Rent,44603.0,Bank_Transfer,Bangalore,Monthly rent payment
T12856,U046,2022-08-13,Income,Bonus,68852.0,Card,Mumbai,test
T5627,U094,2023-06-13,Income,Others,21658.0,Cash,Mumbai,No Notes
T2739,U134,2022-06-08,Expense,Rent,2837.0,Bank_Transfer,Mumbai,Movie tickets
T0669,U054,2023-09-29,Expense,Food,1587.0,Cash,Unknown,!!!
T0990,U084,2022-06-22,Expense,Food,1301.0,Cash,Kolkata,Coffee
T0470,U038,2024-10-12,Expense,Rent,42615.0,Bank_Transfer,Hyderabad,Shopping
T12924,U035,2021-01-25,Expense,Education,8065.0,Card,Ahmedabad,Shopping
T9466,U116,2023-01-30,Expense,Entertainment,7428.0,Upi,Delhi,No Notes
T12035,U049,2024-04-11,Expense,Education,9674.0,Upi,Jaipur,Lunch
T5557,U012,2024-10-07,Income,Bonus,477966.0,Bank_Transfer,Chennai,Monthly rent payment
T8864,U068,2022-02-21,Expense,Travel,2308.0,Cash,Lucknow,Fixed deposit
T2209,U018,2024-01-21,Expense,Others,6636.0,Cash,Mumbai,EMI payment
T13210,U031,2024-07-25,Expense,Education,7448.0,Card,Mumbai,No Notes
T11454,U024,2022-08-11,Expense,Travel,2214.0,Upi,Mumbai,Restaurant dinner
T5252,U035,2023-03-14,Expense,Rent,44708.0,Bank_Transfer,Mumbai,Petrol
T10727,U062,2023-07-06,Expense,Utilities,1419.0,Card,Chennai,misc
T6211,U068,2024-07-16,Expense,Travel,2769.0,Upi,Bangalore,ATM withdrawal
T4388,U082,2023-05-10,Expense,Utilities,7538.0,Card,Jaipur,Monthly rent payment
T6775,U069,2022-11-02,Expense,Food,9571.0,Cash,Chennai,Internet bill
T7518,U107,2023-06-07,Income,Salary,77201.0,Upi,Jaipur,Train ticket
T12827,U045,2023-03-11,Expense,Utilities,8775.0,Card,Delhi,asdfgh
T6381,U107,2023-10-29,Income,Freelance,13567.0,Card,Kolkata,No Notes
T12157,U058,2022-03-18,Expense,Travel,5850.0,Bank_Transfer,Jaipur,EMI payment
T0247,U075,2024-05-24,Expense,Rent,8635.0,Cash,Kolkata,Online course
T9239,U088,2024-08-28,Expense,Utilities,1973.0,Upi,Lucknow,Coffee
T0077,U121,2022-02-02,Income,Others,75916.0,Card,Kolkata,Electricity bill
T0319,U005,2021-06-15,Expense,Food,2374.0,Card,Kolkata,asdfgh
T0954,U069,2021-06-20,Income,Freelance,56837.0,Card,Mumbai,Online course
T12636,U028,2021-05-01,Expense,Travel,4868.0,Cash,Hyderabad,test
T2231,U131,2022-08-29,Expense,Health,9872.0,Card,Lucknow,Internet bill
T13701,U096,2024-01-10,Expense,Utilities,5920.0,Bank_Transfer,Mumbai,No Notes
T8274,U131,2022-03-23,Expense,Rent,3366.0,Cash,Jaipur,No Notes
T8927,U010,2023-05-09,Expense,Travel,3308.0,Upi,Pune,Shopping
T10993,U066,2024-10-25,Expense,Food,6534.0,Unknown,Ahmedabad,ATM withdrawal
T12904,U085,2021-06-26,Expense,Rent,4395.0,Bank_Transfer,Pune,Train ticket
T9050,U046,2021-03-28,Income,Others,42834.0,Upi,Delhi,Books
T6163,U098,2021-04-10,Expense,Travel,7802.0,Upi,Hyderabad,Coffee
T5059,U077,2023-09-16,Expense,Food,1200.0,Bank_Transfer,Pune,ATM withdrawal
T9092,U102,2023-09-14,Expense,Utilities,5358.0,Card,Ahmedabad,misc
T3964,U136,2023-04-18,Expense,Education,7292.0,Card,Delhi,Monthly rent payment
T1070,U127,2024-02-03,Expense,Food,1845.0,Bank_Transfer,Hyderabad,...
T4799,U115,2024-08-21,Expense,Food,6796.0,Cash,Pune,Online course
T7190,U014,2023-01-20,Expense,Utilities,1191.0,Card,Chennai,Electricity bill
T0609,U124,2021-06-16,Expense,Education,2755.0,Cash,Ahmedabad,Petrol
T4392,U041,2024-12-10,Expense,Utilities,3702.0,Card,Delhi,Coffee
T1716,U135,2022-07-21,Expense,Utilities,4602.0,Card,Kolkata,Monthly rent payment
T4709,U083,2022-08-02,Expense,Travel,6089.0,Bank_Transfer,Hyderabad,Train ticket
T7197,U107,2023-08-14,Expense,Rent,20647.0,Card,Jaipur,Movie tickets
T6822,U091,2024-02-02,Expense,Food,4851.0,Bank_Transfer,Hyderabad,xyz123
T10166,U136,2021-11-25,Expense,Food,3884.0,Card,Kolkata,Coffee
T9184,U122,2022-08-03,Expense,Health,1899.0,Upi,Mumbai,asdfgh
T7172,U120,2023-06-23,Expense,Food,3858.0,Card,Lucknow,Lunch
T4786,U009,2021-02-21,Expense,Entertainment,4085.0,Unknown,Lucknow,Movie tickets
T9458,U130,2022-03-14,Expense,Travel,4731.0,Card,Pune,Gym membership
T3453,U074,2023-12-19,Expense,Rent,45898.0,Bank_Transfer,Jaipur,Coffee
T4497,U115,2024-01-03,Expense,Food,2706.0,Bank_Transfer,Chennai,xyz123
T0323,U084,2024-10-18,Expense,Travel,6859.0,Bank_Transfer,Pune,Shopping
T10732,U096,2023-03-27,Expense,Entertainment,2985.0,Unknown,Mumbai,Doctor consultation
T3716,U080,2024-03-31,Expense,Food,2392.0,Upi,Pune,Internet bill
T6946,U112,2023-01-15,Expense,Health,8336.0,Cash,Lucknow,asdfgh
T12373,U001,2023-02-12,Expense,Rent,2100.0,Unknown,Pune,Gym membership
T5204,U058,2023-12-09,Expense,Savings,1437.0,Cash,Jaipur,Train ticket
T3154,U096,2022-10-10,Expense,Health,9525.0,Bank_Transfer,Lucknow,Doctor consultation
T6456,U108,2023-11-24,Expense,Rent,4259.0,Upi,Mumbai,Uber ride
T12627,U039,2023-02-16,Expense,Food,8176.0,Upi,Mumbai,Movie tickets
T10921,U080,2021-02-10,Expense,Entertainment,4042.0,Bank_Transfer,Pune,Books
T12892,U092,2024-09-04,Expense,Food,2610.0,Cash,Lucknow,No Notes
T3285,U001,2024-07-14,Expense,Utilities,8396.0,Card,Chennai,Medicine
T12318,U094,2022-01-06,Expense,Travel,882.0,Upi,Bangalore,Coffee
T7975,U117,2023-04-03,Income,Freelance,79476.0,Bank_Transfer,Chennai,No Notes
T13866,U008,2021-12-14,Expense,Rent,26709.0,Upi,Jaipur,Train ticket
T13503,U140,2023-10-18,Expense,Utilities,9910.0,Cash,Mumbai,Petrol
T12704,U123,2022-09-30,Expense,Rent,4125.0,Cash,Ahmedabad,Fixed deposit
T10119,U030,2022-06-21,Expense,Utilities,4413.0,Upi,Bangalore,EMI payment
T13404,U125,2024-09-10,Expense,Rent,35757.0,Cash,Jaipur,Books
T2137,U019,2021-01-11,Expense,Food,1749.0,Upi,Kolkata,test
T9825,U139,2021-01-05,Expense,Education,999999.0,Upi,Chennai,Uber ride
T13345,U093,2023-06-02,Expense,Travel,6358.0,Unknown,Hyderabad,Coffee
T1540,U059,2022-05-12,Income,Others,32912.0,Bank_Transfer,Lucknow,No Notes
T12746,U044,2023-12-17,Expense,Rent,7834.0,Upi,Chennai,Books
T9416,U070,2022-03-16,Expense,Others,8236.0,Cash,Ahmedabad,misc
T8734,U055,2021-12-30,Expense,Food,2700.0,Bank_Transfer,Chennai,No Notes
T13333,U024,2022-02-06,Expense,Food,4453.0,Cash,Pune,Gym membership
T10615,U072,2023-01-22,Expense,Education,5245.0,Unknown,Pune,asdfgh
T13171,U091,2021-04-12,Expense,Others,3775.0,Card,Kolkata,Internet bill
T7003,U085,2021-01-18,Expense,Rent,41499.0,Cash,Hyderabad,Restaurant dinner
T5580,U120,2021-05-14,Expense,Food,7366.0,Cash,Kolkata,test
T8236,U125,2021-09-07,Expense,Entertainment,8567.0,Card,Hyderabad,EMI payment
T12781,U116,2023-12-29,Expense,Education,556.0,Card,Delhi,asdfgh
T3056,U126,2024-04-26,Expense,Travel,3356.0,Upi,Hyderabad,No Notes
T2315,U100,2021-02-03,Expense,Food,2318.0,Cash,Delhi,Petrol
T12546,U123,2024-09-21,Expense,Food,4028.0,Upi,Delhi,Coffee
T0878,U113,2022-08-23,Expense,Others,8542.0,Upi,Delhi,Books
T6901,U097,2022-02-10,Expense,Rent,2815.0,Upi,Ahmedabad,test
T12130,U069,2022-11-24,Expense,Education,9948.0,Upi,Delhi,asdfgh
T13536,U038,2022-05-16,Expense,Entertainment,2027.0,Upi,Hyderabad,No Notes
T2121,U075,2023-10-23,Expense,Food,1318.0,Bank_Transfer,Mumbai,!!!
T3745,U034,2024-09-21,Expense,Rent,3551.0,Upi,Bangalore,No Notes
T7261,U109,2024-01-12,Expense,Entertainment,713.0,Upi,Mumbai,asdfgh
T5194,U147,2022-01-11,Expense,Utilities,7566.0,Upi,Hyderabad,No Notes
T5589,U078,2022-06-23,Expense,Rent,3347.0,Card,Delhi,...
T12653,U029,2022-08-04,Expense,Education,8225.0,Bank_Transfer,Bangalore,Online course
T4206,U115,2021-07-30,Expense,Utilities,6511.0,Cash,Kolkata,Grocery shopping
T7990,U056,2021-03-26,Expense,Food,3307.0,Upi,Mumbai,No Notes
T1349,U026,2022-05-05,Expense,Others,3125.0,Bank_Transfer,Hyderabad,Restaurant dinner
T10614,U129,2024-08-19,Income,Others,31314.0,Card,Bangalore,No Notes
T1450,U146,2021-05-09,Expense,Utilities,280.0,Card,Pune,misc
T9514,U085,2021-02-07,Expense,Travel,2717.0,Bank_Transfer,Delhi,Medicine
T1115,U121,2021-04-09,Expense,Rent,7888.0,Cash,Jaipur,...
T0510,U128,2023-06-10,Expense,Food,8733.0,Cash,Chennai,Monthly rent payment
T10060,U076,2023-11-09,Expense,Food,5507.0,Cash,Jaipur,Electricity bill
T12393,U004,2024-06-17,Expense,Travel,2083.0,Bank_Transfer,Lucknow,Lunch
T5452,U003,2024-09-05,Expense,Entertainment,6829.0,Card,Pune,Doctor consultation
T4900,U093,2023-03-27,Expense,Food,2147.0,Bank_Transfer,Mumbai,No Notes
T9848,U009,2023-04-25,Expense,Food,2800.0,Upi,Lucknow,Electricity bill
T3129,U095,2023-10-08,Expense,Rent,40709.0,Cash,Ahmedabad,Gym membership
T13236,U131,2024-12-15,Expense,Health,8102.0,Bank_Transfer,Delhi,Uber ride
T10331,U138,2024-12-05,Expense,Entertainment,8867.0,Bank_Transfer,Bangalore,Electricity bill
T8197,U090,2021-09-09,Expense,Utilities,6506.0,Cash,Delhi,Fixed deposit
T12006,U022,2021-08-30,Income,Investment,57002.0,Cash,Unknown,Medicine
T11591,U103,2022-02-13,Expense,Travel,2615.0,Card,Kolkata,EMI payment
T6563,U033,2022-11-09,Expense,Travel,9307.0,Upi,Mumbai,Lunch
T5411,U129,2022-01-28,Expense,Food,4240.0,Card,Kolkata,Books
T8942,U088,2022-08-21,Expense,Food,6824.0,Card,Pune,test
T5534,U062,2024-08-10,Expense,Food,7480.0,Card,Ahmedabad,Uber ride
T4067,U069,2024-11-18,Expense,Entertainment,1807.0,Bank_Transfer,Chennai,Doctor consultation
T2999,U082,2022-08-28,Expense,Food,1267.0,Unknown,Lucknow,No Notes
T0542,U135,2024-02-23,Expense,Travel,7009.0,Card,Unknown,No Notes
T6258,U121,2022-12-23,Expense,Travel,3930.0,Cash,Jaipur,No Notes
T10158,U122,2024-12-24,Expense,Education,8744.0,Card,Delhi,Shopping
T2736,U022,2024-09-18,Expense,Utilities,5455.0,Bank_Transfer,Chennai,Petrol
T3277,U135,2021-09-29,Expense,Food,279.0,Bank_Transfer,Delhi,EMI payment
T11072,U069,2024-02-16,Expense,Food,9091.0,Cash,Lucknow,Coffee
T0707,U088,2022-05-29,Expense,Rent,15033.0,Card,Ahmedabad,Monthly rent payment
T8481,U136,2023-06-19,Income,Investment,64871.0,Cash,Ahmedabad,Restaurant dinner
T5988,U061,2022-01-27,Expense,Utilities,9649.0,Bank_Transfer,Kolkata,Coffee
T7184,U131,2024-05-13,Expense,Travel,6755.0,Bank_Transfer,Mumbai,Grocery shopping
T12813,U068,2024-09-05,Expense,Utilities,780.0,Cash,Unknown,No Notes
T10392,U106,2024-02-21,Expense,Rent,1780.0,Bank_Transfer,Ahmedabad,No Notes
T2407,U145,2022-01-09,Expense,Utilities,5991.0,Card,Unknown,test
T7384,U005,2023-04-12,Expense,Rent,16966.0,Bank_Transfer,Mumbai,No Notes
T2360,U045,2022-07-04,Income,Salary,43847.0,Cash,Jaipur,...
T10597,U086,2021-11-23,Expense,Rent,8937.0,Card,Hyderabad,Train ticket
T4717,U084,2024-04-07,Income,Salary,41028.0,Card,Mumbai,Medicine
T4609,U027,2023-06-30,Expense,Rent,717.0,Card,Jaipur,misc
T6201,U110,2023-11-04,Expense,Entertainment,8581.0,Bank_Transfer,Mumbai,Restaurant dinner
T8011,U126,2023-09-03,Income,Freelance,28322.0,Bank_Transfer,Jaipur,No Notes
T0994,U122,2023-02-03,Expense,Entertainment,4219.0,Cash,Kolkata,Doctor consultation
T11473,U099,2022-09-26,Expense,Entertainment,3246.0,Bank_Transfer,Lucknow,No Notes
T7200,U104,2024-03-23,Expense,Travel,2796.0,Cash,Hyderabad,xyz123
T6620,U092,2022-10-25,Expense,Education,7823.0,Cash,Lucknow,Medicine
T13540,U136,2023-12-18,Expense,Travel,5632.0,Bank_Transfer,Hyderabad,asdfgh
T9731,U143,2024-11-12,Expense,Others,2736.0,Bank_Transfer,Lucknow,Grocery shopping
T1478,U107,2024-04-27,Expense,Food,8030.0,Cash,Kolkata,misc
T8903,U007,2023-09-24,Income,Investment,978324.0,Card,Pune,Grocery shopping
T13496,U020,2024-08-11,Expense,Utilities,1944.0,Bank_Transfer,Pune,Shopping
T0898,U059,2021-04-08,Expense,Utilities,3368.0,Cash,Bangalore,No Notes
T4662,U014,2023-01-01,Expense,Rent,8863.0,Upi,Mumbai,No Notes
T5713,U045,2022-12-26,Expense,Entertainment,801.0,Card,Chennai,misc
T3005,U089,2022-01-15,Expense,Rent,9365.0,Bank_Transfer,Jaipur,Medicine
T5127,U066,2023-03-30,Expense,Food,2746.0,Cash,Ahmedabad,xyz123
T7893,U060,2023-10-10,Income,Investment,75940.0,Upi,Chennai,asdfgh
T4596,U051,2024-06-25,Expense,Entertainment,8402.0,Bank_Transfer,Kolkata,Train ticket
T1807,U020,2024-05-13,Expense,Utilities,7537.0,Upi,Ahmedabad,No Notes
T6484,U124,2021-07-31,Income,Others,41568.0,Upi,Ahmedabad,misc
T7649,U119,2022-12-21,Income,Salary,51853.0,Card,Chennai,Coffee
T4191,U045,2024-05-25,Expense,Travel,3204.0,Upi,Hyderabad,misc
T10363,U009,2022-11-16,Expense,Food,1614.0,Card,Jaipur,Shopping
T12677,U034,2024-01-20,Expense,Rent,15116.0,Bank_Transfer,Bangalore,Electricity bill
T9130,U141,2021-09-29,Expense,Rent,5804.0,Bank_Transfer,Kolkata,Online course
T7520,U132,2021-02-21,Expense,Rent,3727.0,Cash,Chennai,Medicine
T9793,U084,2022-04-12,Income,Others,56773.0,Bank_Transfer,Bangalore,No Notes
T1726,U032,2021-08-03,Income,Investment,68757.0,Bank_Transfer,Chennai,Shopping
T5307,U098,2023-07-03,Expense,Education,4717.0,Card,Bangalore,Movie tickets
T12114,U043,2023-09-30,Expense,Travel,2592.0,Cash,Jaipur,Petrol
T1908,U124,2022-11-06,Expense,Rent,36747.0,Unknown,Kolkata,No Notes
T11391,U106,2023-09-09,Expense,Education,3631.0,Cash,Jaipur,No Notes
T13474,U117,2021-09-24,Expense,Rent,9225.0,Cash,Bangalore,Doctor consultation
T7423,U013,2023-09-26,Expense,Food,2753.0,Card,Unknown,Fixed deposit
T1477,U080,2023-07-14,Expense,Food,960.0,Cash,Lucknow,Shopping
T8133,U009,2021-09-17,Income,Investment,65628.0,Cash,Jaipur,No Notes
T5908,U044,2023-04-25,Expense,Travel,8853.0,Card,Chennai,Doctor consultation
T3026,U133,2023-12-30,Expense,Rent,8405.0,Bank_Transfer,Mumbai,...
T4621,U027,2021-10-05,Expense,Education,4118.0,Bank_Transfer,Chennai,asdfgh
T11459,U148,2021-06-19,Expense,Utilities,7816.0,Card,Kolkata,Restaurant dinner
T1779,U095,2024-09-08,Income,Freelance,53820.0,Card,Delhi,Gym membership
T13464,U080,2023-11-29,Expense,Education,9403.0,Bank_Transfer,Delhi,...
T4524,U131,2021-03-07,Expense,Rent,5743.0,Upi,Ahmedabad,ATM withdrawal
T11429,U041,2022-11-15,Expense,Rent,3790.0,Cash,Jaipur,Grocery shopping
T9027,U049,2021-08-26,Expense,Utilities,5462.0,Cash,Chennai,Fixed deposit
T3694,U099,2022-12-06,Expense,Food,3678.0,Cash,Mumbai,EMI payment
T5002,U113,2023-03-10,Expense,Travel,7110.0,Card,Pune,ATM withdrawal
T0787,U096,2023-05-02,Expense,Rent,1672.0,Card,Jaipur,No Notes
T11486,U066,2021-04-14,Expense,Rent,44446.0,Bank_Transfer,Delhi,asdfgh
T9357,U127,2024-11-18,Expense,Education,1242.0,Upi,Ahmedabad,Grocery shopping
T11661,U005,2024-10-13,Expense,Education,7263.0,Upi,Pune,xyz123
T0125,U076,2024-12-31,Expense,Food,3241.0,Unknown,Hyderabad,Lunch
T7498,U084,2024-11-16,Expense,Food,4737.0,Bank_Transfer,Chennai,Coffee
T1183,U069,2024-07-11,Expense,Others,2215.0,Bank_Transfer,Kolkata,Movie tickets
T2816,U004,2022-09-08,Expense,Health,9361.0,Bank_Transfer,Pune,!!!
T11338,U036,2023-12-11,Expense,Travel,8112.0,Bank_Transfer,Bangalore,!!!
T1158,U078,2021-10-12,Expense,Food,3511.0,Bank_Transfer,Unknown,Books
T6313,U118,2023-08-02,Expense,Utilities,1136.0,Upi,Kolkata,Doctor consultation
T7207,U004,2021-11-06,Expense,Rent,23537.0,Cash,Delhi,No Notes
T12716,U114,2021-12-10,Expense,Travel,4280.0,Card,Delhi,Gym membership
T11928,U084,2023-09-13,Expense,Travel,6207.0,Cash,Lucknow,ATM withdrawal
T0407,U130,2023-11-07,Expense,Travel,6811.0,Cash,Delhi,Petrol
T0475,U098,2024-08-30,Expense,Education,8451.0,Bank_Transfer,Delhi,Train ticket
T11960,U072,2022-03-31,Income,Investment,335656.0,Bank_Transfer,Jaipur,Electricity bill
T3846,U050,2023-05-01,Expense,Travel,9889.0,Upi,Unknown,Doctor consultation
T10442,U131,2021-10-30,Expense,Travel,8923.0,Cash,Bangalore,Internet bill
T0699,U066,2023-07-21,Expense,Rent,18054.0,Bank_Transfer,Pune,xyz123
T7363,U046,2023-08-06,Expense,Health,9966.0,Bank_Transfer,Jaipur,...
T4992,U145,2023-09-16,Expense,Travel,9011.0,Card,Delhi,Grocery shopping
T12747,U033,2021-09-28,Expense,Health,5420.0,Card,Lucknow,Grocery shopping
T11250,U145,2024-07-10,Expense,Food,9053.0,Upi,Pune,Lunch
T3115,U101,2024-12-05,Expense,Travel,2510.0,Bank_Transfer,Pune,Doctor consultation
T10515,U119,2021-06-05,Expense,Food,4562.0,Cash,Bangalore,No Notes
T0036,U136,2024-02-02,Expense,Travel,3255.0,Card,Ahmedabad,Lunch
T10576,U046,2024-03-22,Expense,Education,5995.0,Upi,Delhi,No Notes
T12887,U036,2021-07-14,Income,Bonus,59053.0,Card,Jaipur,EMI payment
T10470,U003,2022-05-10,Expense,Health,9087.0,Card,Delhi,ATM withdrawal
T11365,U117,2021-10-05,Income,Salary,68725.0,Bank_Transfer,Bangalore,Internet bill
T2914,U131,2021-07-25,Expense,Entertainment,2896.0,Upi,Kolkata,No Notes
T5624,U140,2022-10-08,Expense,Rent,6319.0,Bank_Transfer,Delhi,Train ticket
T10389,U054,2022-12-07,Expense,Food,1011.0,Cash,Delhi,EMI payment
T8952,U119,2024-04-04,Expense,Rent,7273.0,Cash,Mumbai,xyz123
T0682,U018,2023-04-21,Expense,Food,1356.0,Upi,Kolkata,Fixed deposit
T7419,U009,2024-11-24,Expense,Food,2166.0,Upi,Kolkata,misc
T10667,U128,2022-03-23,Expense,Food,3148.0,Bank_Transfer,Mumbai,misc
T10865,U115,2022-05-01,Expense,Rent,8518.0,Cash,Delhi,Monthly rent payment
T2387,U006,2021-12-02,Income,Freelance,52179.0,Card,Hyderabad,!!!
T1809,U129,2023-11-11,Expense,Rent,3759.0,Cash,Lucknow,test
T3897,U105,2024-05-07,Expense,Food,3130.0,Upi,Lucknow,...
T7246,U149,2024-01-19,Expense,Others,3804.0,Card,Kolkata,Electricity bill
T13606,U126,2021-12-14,Expense,Utilities,6523.0,Upi,Delhi,Train ticket
T12687,U031,2021-11-06,Expense,Entertainment,840.0,Cash,Kolkata,Lunch
T9922,U033,2024-10-13,Expense,Utilities,489.0,Bank_Transfer,Mumbai,Petrol
T8923,U130,2023-04-17,Expense,Utilities,4971.0,Unknown,Kolkata,Electricity bill
T11080,U093,2021-11-20,Expense,Travel,2302.0,Upi,Lucknow,ATM withdrawal
T2443,U080,2024-04-13,Expense,Education,6944.0,Unknown,Lucknow,Uber ride
T7483,U077,2023-09-06,Income,Freelance,42030.0,Upi,Jaipur,Monthly rent payment
T8572,U108,2021-07-15,Expense,Utilities,1186.0,Bank_Transfer,Bangalore,Lunch
T2083,U109,2023-11-23,Expense,Entertainment,6879.0,Upi,Chennai,No Notes
T10579,U128,2022-09-01,Income,Others,43218.0,Upi,Delhi,Shopping
T12335,U106,2021-02-20,Expense,Travel,3157.0,Bank_Transfer,Mumbai,xyz123
T6081,U128,2021-10-19,Income,Bonus,435842.0,Cash,Hyderabad,Electricity bill
T12471,U125,2022-07-21,Expense,Rent,116.0,Bank_Transfer,Lucknow,asdfgh
T4267,U004,2024-06-07,Expense,Food,3986.0,Upi,Hyderabad,Doctor consultation
T11161,U022,2022-02-12,Expense,Rent,4320.0,Upi,Bangalore,Movie tickets
T12629,U088,2021-09-08,Expense,Travel,8423.0,Cash,Pune,Books
T1851,U054,2024-06-11,Expense,Education,9541.0,Card,Mumbai,Grocery shopping
T6157,U049,2022-07-22,Expense,Food,2862.0,Cash,Jaipur,Electricity bill
T1731,U086,2021-06-09,Expense,Savings,5502.0,Bank_Transfer,Lucknow,Train ticket
T0831,U080,2022-05-31,Income,Investment,30535.0,Upi,Chennai,misc
T5653,U147,2021-11-27,Expense,Food,133.0,Cash,Kolkata,Internet bill
T2055,U102,2023-06-23,Expense,Savings,1142.0,Bank_Transfer,Mumbai,test
T2269,U126,2022-03-27,Expense,Entertainment,508.0,Card,Delhi,xyz123
T4754,U088,2023-08-03,Expense,Food,4525.0,Cash,Jaipur,Gym membership
T8854,U092,2023-07-16,Expense,Rent,5875.0,Cash,Delhi,Online course
T4905,U019,2022-11-24,Expense,Utilities,555.0,Upi,Ahmedabad,Electricity bill
T2600,U052,2024-04-19,Income,Freelance,47197.0,Cash,Mumbai,Lunch
T8831,U104,2022-01-29,Expense,Food,9723.0,Cash,Ahmedabad,Fixed deposit
T11975,U039,2024-03-20,Expense,Travel,7852.0,Upi,Mumbai,xyz123
T7187,U071,2022-12-30,Expense,Health,628.0,Bank_Transfer,Kolkata,Uber ride
T4760,U084,2021-10-26,Expense,Travel,5427.0,Cash,Mumbai,...
T13273,U064,2021-10-15,Expense,Food,6390.0,Upi,Bangalore,Uber ride
T2399,U049,2024-06-20,Expense,Travel,694.0,Cash,Mumbai,misc
T13020,U019,2021-02-04,Expense,Travel,9013.0,Cash,Bangalore,Books
T8912,U096,2022-10-19,Expense,Food,6693.0,Upi,Ahmedabad,Monthly rent payment
T0509,U110,2022-07-25,Expense,Rent,8197.0,Upi,Chennai,xyz123
T10168,U091,2024-02-27,Expense,Entertainment,2513.0,Cash,Pune,Train ticket
T3022,U092,2024-02-09,Expense,Education,6659.0,Cash,Unknown,...
T5234,U081,2022-01-05,Expense,Rent,32153.0,Bank_Transfer,Ahmedabad,No Notes
T6192,U115,2022-05-23,Expense,Education,6738.0,Cash,Bangalore,Grocery shopping
T0723,U096,2024-03-17,Expense,Rent,27356.0,Bank_Transfer,Delhi,Restaurant dinner
T0857,U014,2022-02-24,Expense,Health,7689.0,Card,Unknown,Online course
T1652,U125,2024-07-05,Expense,Utilities,6189.0,Bank_Transfer,Jaipur,Monthly rent payment
T9319,U100,2021-02-15,Income,Others,74183.0,Bank_Transfer,Hyderabad,Internet bill
T1881,U014,2023-08-17,Expense,Entertainment,6700.0,Bank_Transfer,Kolkata,test
T11511,U084,2021-08-22,Expense,Rent,37645.0,Cash,Delhi,Monthly rent payment
T10620,U018,2021-10-08,Expense,Travel,941.0,Bank_Transfer,Delhi,Doctor consultation
T2256,U017,2023-11-16,Expense,Food,531.0,Unknown,Kolkata,ATM withdrawal
T9282,U150,2023-02-20,Expense,Travel,6688.0,Card,Chennai,Monthly rent payment
T11978,U074,2021-03-01,Income,Salary,70569.0,Card,Bangalore,Uber ride
T8992,U072,2022-01-20,Expense,Utilities,3143.0,Upi,Hyderabad,No Notes
T9854,U035,2024-09-11,Expense,Rent,8721.0,Cash,Delhi,Electricity bill
T11512,U037,2023-03-25,Expense,Rent,4841.0,Card,Mumbai,Internet bill
T6769,U073,2022-05-03,Income,Investment,162795.0,Cash,Hyderabad,No Notes
T0704,U067,2023-05-16,Expense,Food,4566.0,Bank_Transfer,Chennai,No Notes
T6357,U097,2024-10-18,Expense,Utilities,7928.0,Card,Unknown,Internet bill
T12980,U036,2021-03-21,Expense,Savings,1522.0,Cash,Chennai,misc
T5527,U145,2022-02-17,Expense,Food,995.0,Cash,Unknown,EMI payment
T4438,U057,2021-12-26,Expense,Entertainment,1777.0,Cash,Hyderabad,!!!
T10431,U117,2022-11-20,Expense,Travel,8510.0,Bank_Transfer,Kolkata,Lunch
T4542,U129,2024-08-15,Income,Salary,23498.0,Cash,Hyderabad,Lunch
T9876,U145,2024-02-07,Expense,Education,7630.0,Cash,Pune,...
T1383,U017,2022-02-27,Expense,Entertainment,7935.0,Upi,Bangalore,EMI payment
T3015,U088,2023-06-07,Expense,Food,4575.0,Upi,Pune,No Notes
T6193,U103,2023-08-27,Expense,Food,2141.0,Card,Ahmedabad,Uber ride
T3319,U085,2021-11-24,Expense,Savings,431.0,Upi,Pune,Lunch
T1107,U087,2022-12-08,Income,Salary,65020.0,Bank_Transfer,Mumbai,No Notes
T8278,U007,2021-08-16,Expense,Savings,2204.0,Bank_Transfer,Delhi,Books
T10583,U030,2021-08-20,Expense,Rent,5352.0,Card,Hyderabad,Internet bill
T7114,U098,2022-01-30,Expense,Rent,5649.0,Cash,Mumbai,asdfgh
T1285,U092,2023-01-12,Expense,Others,894.0,Bank_Transfer,Mumbai,Online course
T11530,U047,2022-12-14,Expense,Food,3622.0,Upi,Unknown,ATM withdrawal
T2307,U134,2022-04-07,Expense,Travel,7864.0,Upi,Unknown,Coffee
T13840,U009,2022-03-09,Expense,Food,1260.0,Card,Pune,Movie tickets
T8371,U033,2021-01-04,Expense,Rent,3890.0,Cash,Bangalore,Electricity bill
T10893,U014,2021-12-01,Expense,Travel,1673.0,Cash,Mumbai,Doctor consultation
T3386,U063,2023-10-03,Expense,Others,8953.0,Card,Lucknow,asdfgh
T11828,U027,2022-01-21,Expense,Food,1250.0,Cash,Hyderabad,Fixed deposit
T5129,U075,2024-10-02,Income,Bonus,38623.0,Cash,Hyderabad,...
T8693,U113,2023-04-11,Expense,Entertainment,2610.0,Cash,Ahmedabad,asdfgh
T1911,U075,2021-06-22,Expense,Food,9400.0,Cash,Kolkata,Train ticket
T11527,U077,2024-12-22,Expense,Rent,5116.0,Cash,Kolkata,Shopping
T5425,U032,2021-11-02,Expense,Entertainment,8085.0,Cash,Jaipur,No Notes
T7594,U131,2024-09-10,Expense,Savings,6095.0,Bank_Transfer,Mumbai,Train ticket
T13101,U110,2023-10-02,Expense,Rent,1938.0,Card,Jaipur,!!!
T8171,U132,2024-06-14,Expense,Travel,4334.0,Upi,Bangalore,No Notes
T8541,U116,2023-05-06,Expense,Others,6008.0,Bank_Transfer,Bangalore,ATM withdrawal
T4837,U003,2021-04-06,Expense,Rent,42507.0,Bank_Transfer,Lucknow,No Notes
T1352,U036,2024-09-29,Expense,Food,1416.0,Bank_Transfer,Jaipur,Restaurant dinner
T11637,U064,2022-02-09,Expense,Utilities,2138.0,Cash,Pune,ATM withdrawal
T1134,U149,2024-02-10,Expense,Food,4123.0,Bank_Transfer,Bangalore,Grocery shopping
T11178,U004,2023-02-13,Expense,Travel,4330.0,Bank_Transfer,Ahmedabad,Coffee
T9020,U007,2023-03-30,Expense,Travel,7371.0,Cash,Chennai,No Notes
T4477,U015,2022-03-06,Expense,Rent,1185.0,Upi,Ahmedabad,test
T12443,U072,2022-06-30,Income,Freelance,14593.0,Cash,Mumbai,EMI payment
T0253,U113,2022-04-22,Expense,Rent,8265.0,Upi,Bangalore,Electricity bill
T8959,U097,2024-06-03,Expense,Utilities,4574.0,Cash,Ahmedabad,Doctor consultation
T3905,U128,2022-12-02,Expense,Food,1242.0,Upi,Mumbai,Fixed deposit
T10243,U086,2022-06-24,Income,Freelance,44317.0,Upi,Delhi,Gym membership
T10138,U030,2022-06-06,Expense,Savings,8107.0,Cash,Kolkata,Uber ride
T10786,U150,2023-08-05,Expense,Food,2159.0,Bank_Transfer,Pune,...
T5673,U107,2021-03-26,Expense,Entertainment,7235.0,Bank_Transfer,Mumbai,EMI payment
T11941,U145,2022-06-18,Expense,Utilities,3954.0,Unknown,Chennai,Electricity bill
T6245,U141,2021-06-21,Expense,Food,5826.0,Bank_Transfer,Bangalore,Lunch
T11169,U100,2022-05-11,Expense,Rent,5693.0,Card,Mumbai,ATM withdrawal
T9525,U092,2023-01-04,Expense,Travel,3178.0,Cash,Mumbai,No Notes
T5440,U006,2024-03-30,Expense,Rent,32666.0,Card,Delhi,Movie tickets
T9114,U135,2023-07-19,Expense,Food,2474.0,Cash,Bangalore,Petrol
T6870,U071,2023-05-17,Expense,Food,1200.0,Cash,Ahmedabad,asdfgh
T13597,U095,2023-11-06,Expense,Utilities,4076.0,Cash,Pune,Books
T0081,U121,2023-03-04,Expense,Others,5749.0,Upi,Unknown,Train ticket
T12476,U067,2024-08-08,Expense,Others,6485.0,Bank_Transfer,Chennai,No Notes
T2297,U145,2021-09-08,Expense,Food,1571.0,Cash,Pune,No Notes
T0394,U059,2022-04-04,Income,Salary,29815.0,Cash,Ahmedabad,No Notes
T3930,U040,2023-09-18,Expense,Rent,5541.0,Upi,Chennai,Restaurant dinner
T4747,U120,2024-05-30,Expense,Rent,1639.0,Bank_Transfer,Mumbai,Monthly rent payment
T13851,U067,2021-05-08,Expense,Savings,3262.0,Bank_Transfer,Jaipur,test
T12455,U125,2021-04-26,Expense,Education,1738.0,Cash,Jaipur,...
T8344,U025,2023-07-08,Expense,Education,723.0,Upi,Ahmedabad,ATM withdrawal
T2872,U086,2022-02-25,Expense,Utilities,3754.0,Cash,Lucknow,Electricity bill
T12417,U070,2021-05-15,Expense,Travel,5604.0,Bank_Transfer,Chennai,xyz123
T11090,U010,2024-12-15,Expense,Food,8272.0,Cash,Bangalore,...
T0842,U092,2023-05-31,Expense,Utilities,8050.0,Card,Kolkata,Uber ride
T1236,U056,2022-06-11,Expense,Rent,636.0,Card,Kolkata,Coffee
T3066,U110,2021-07-10,Expense,Rent,101.0,Bank_Transfer,Ahmedabad,Lunch
T8613,U128,2022-06-05,Expense,Health,8945.0,Upi,Jaipur,No Notes
T7534,U095,2021-01-18,Expense,Food,2171.0,Card,Lucknow,Medicine
T5983,U035,2022-10-29,Expense,Travel,1709.0,Upi,Ahmedabad,Gym membership
T1109,U136,2022-06-05,Expense,Food,1057.0,Cash,Lucknow,Electricity bill
T6738,U034,2022-07-28,Expense,Travel,2842.0,Bank_Transfer,Bangalore,xyz123
T11588,U003,2022-03-20,Expense,Travel,8443.0,Upi,Mumbai,Electricity bill
T2032,U142,2023-01-03,Income,Freelance,57584.0,Bank_Transfer,Mumbai,No Notes
T6516,U088,2021-02-12,Expense,Food,8764.0,Card,Pune,Electricity bill
T0983,U054,2024-09-09,Income,Bonus,75281.0,Card,Pune,No Notes
T1488,U067,2024-07-25,Expense,Travel,7676.0,Bank_Transfer,Hyderabad,test
T6579,U058,2024-02-19,Expense,Travel,9234.0,Card,Ahmedabad,Restaurant dinner
T8974,U101,2021-01-27,Expense,Education,6894.0,Cash,Mumbai,Books
T9783,U091,2022-07-26,Expense,Rent,7273.0,Cash,Hyderabad,Shopping
T13342,U075,2023-04-15,Expense,Education,8795.0,Cash,Mumbai,Electricity bill
T6729,U114,2022-06-17,Expense,Entertainment,8822.0,Bank_Transfer,Chennai,Lunch
T2924,U150,2023-01-08,Expense,Food,1697.0,Cash,Kolkata,Grocery shopping
T5340,U112,2022-07-01,Expense,Education,9846.0,Cash,Hyderabad,Gym membership
T3638,U005,2022-04-09,Expense,Food,3489.0,Card,Bangalore,Petrol
T1662,U072,2023-06-02,Expense,Rent,37482.0,Upi,Unknown,No Notes
T7012,U141,2023-07-23,Expense,Rent,4733.0,Unknown,Pune,ATM withdrawal
T5003,U115,2021-10-20,Expense,Rent,49129.0,Upi,Mumbai,Restaurant dinner
T1211,U127,2024-10-15,Expense,Entertainment,7112.0,Cash,Mumbai,Uber ride
T13029,U087,2022-12-01,Expense,Entertainment,7550.0,Upi,Kolkata,xyz123
T11299,U038,2022-10-18,Expense,Food,7468.0,Cash,Delhi,xyz123
T12009,U025,2022-06-04,Income,Freelance,23778.0,Unknown,Pune,Fixed deposit
T7691,U021,2021-05-09,Expense,Food,7659.0,Card,Ahmedabad,Electricity bill
T7538,U072,2021-08-12,Income,Others,75601.0,Cash,Chennai,Internet bill
T8496,U069,2021-12-18,Expense,Food,1379.0,Upi,Lucknow,Movie tickets
T6158,U049,2021-02-11,Income,Investment,60074.0,Cash,Hyderabad,Petrol
T6808,U100,2023-05-23,Income,Bonus,43616.0,Unknown,Ahmedabad,Shopping
T0717,U142,2024-12-04,Expense,Food,1251.0,Unknown,Ahmedabad,xyz123
T0010,U081,2024-03-20,Expense,Rent,5421.0,Upi,Delhi,Internet bill
T11434,U137,2024-05-05,Expense,Entertainment,5452.0,Cash,Delhi,Lunch
T4890,U133,2021-11-27,Expense,Food,659.0,Bank_Transfer,Ahmedabad,Online course
T1095,U022,2024-01-27,Income,Salary,77508.0,Bank_Transfer,Chennai,asdfgh
T2104,U057,2024-11-20,Expense,Food,2946.0,Bank_Transfer,Hyderabad,No Notes
T11868,U023,2024-08-01,Expense,Rent,22725.0,Upi,Hyderabad,Books
T4354,U131,2022-10-10,Income,Others,45451.0,Card,Hyderabad,Gym membership
T6917,U113,2022-03-31,Expense,Education,6459.0,Upi,Delhi,Doctor consultation
T10055,U129,2022-08-23,Expense,Rent,6861.0,Upi,Ahmedabad,Movie tickets
T0503,U047,2021-02-13,Income,Bonus,65888.0,Bank_Transfer,Bangalore,Grocery shopping
T8893,U077,2024-04-17,Expense,Entertainment,3091.0,Cash,Delhi,test
T13454,U095,2023-04-27,Expense,Others,896.0,Cash,Kolkata,Coffee
T11065,U050,2022-06-14,Income,Bonus,42605.0,Upi,Jaipur,EMI payment
T13224,U104,2023-05-14,Expense,Entertainment,601.0,Bank_Transfer,Delhi,Coffee
T11269,U048,2022-06-07,Expense,Food,6940.0,Card,Pune,Gym membership
T5797,U026,2023-08-17,Expense,Food,2748.0,Cash,Hyderabad,ATM withdrawal
T13771,U018,2022-10-11,Expense,Travel,9372.0,Upi,Lucknow,!!!
T11370,U061,2021-10-26,Expense,Travel,8231.0,Cash,Lucknow,Fixed deposit
T13097,U060,2024-11-27,Expense,Entertainment,5689.0,Cash,Unknown,No Notes
T8846,U120,2022-09-19,Income,Salary,67978.0,Card,Ahmedabad,Gym membership
T12421,U126,2022-07-28,Expense,Food,129.0,Cash,Mumbai,EMI payment
T4174,U022,2024-07-04,Expense,Entertainment,8304.0,Card,Jaipur,Medicine
T9337,U103,2024-08-27,Expense,Education,7729.0,Bank_Transfer,Chennai,Monthly rent payment
T1144,U041,2022-12-19,Expense,Savings,5013.0,Upi,Delhi,Petrol
T3567,U021,2021-09-29,Expense,Travel,1029.0,Upi,Bangalore,Shopping
T4622,U047,2022-12-17,Expense,Food,3123.0,Cash,Chennai,EMI payment
T11496,U047,2022-06-13,Expense,Rent,4522.0,Card,Lucknow,Uber ride
T7781,U116,2021-10-13,Expense,Education,2662.0,Upi,Ahmedabad,misc
T9091,U059,2023-08-05,Expense,Rent,1646.0,Cash,Kolkata,Doctor consultation
T0770,U126,2023-10-12,Expense,Travel,3466.0,Bank_Transfer,Chennai,Books
T8538,U147,2022-12-08,Expense,Rent,37714.0,Card,Bangalore,Books
T6707,U059,2022-11-11,Expense,Utilities,8191.0,Bank_Transfer,Ahmedabad,No Notes
T4574,U048,2023-09-02,Expense,Savings,4041.0,Card,Delhi,No Notes
T12383,U040,2023-11-25,Income,Investment,22841.0,Cash,Mumbai,!!!
T9347,U017,2022-12-09,Expense,Education,8324.0,Bank_Transfer,Unknown,Online course
T12271,U054,2023-06-21,Expense,Food,338.0,Upi,Ahmedabad,Fixed deposit
T4773,U118,2022-05-19,Expense,Health,392.0,Card,Jaipur,...
T7965,U069,2023-12-23,Income,Investment,67693.0,Cash,Pune,...
T8075,U087,2024-11-08,Expense,Rent,2970.0,Cash,Mumbai,Electricity bill
T2847,U132,2022-09-23,Expense,Rent,5434.0,Cash,Delhi,!!!
T10919,U131,2023-05-23,Expense,Utilities,9268.0,Cash,Lucknow,Coffee
T6451,U119,2024-01-08,Income,Others,816412.0,Cash,Ahmedabad,Medicine
T0814,U062,2023-07-10,Income,Others,27956.0,Card,Delhi,Movie tickets
T0835,U051,2021-07-07,Expense,Health,3798.0,Unknown,Unknown,No Notes
T5901,U023,2024-12-22,Income,Investment,571352.0,Upi,Hyderabad,...
T5865,U110,2021-06-27,Expense,Entertainment,9947.0,Upi,Kolkata,Uber ride
T2082,U147,2021-06-22,Expense,Education,9379.0,Card,Kolkata,Books
T3013,U025,2023-05-19,Expense,Rent,387.0,Card,Hyderabad,!!!
T4922,U126,2023-08-01,Income,Others,75854.0,Cash,Delhi,ATM withdrawal
T7401,U018,2024-05-13,Income,Investment,47205.0,Cash,Bangalore,Movie tickets
T2194,U007,2021-11-02,Expense,Health,4891.0,Upi,Ahmedabad,Books
T5663,U104,2021-12-15,Expense,Travel,9135.0,Upi,Delhi,asdfgh
T10873,U074,2024-03-20,Expense,Travel,2946.0,Card,Pune,Medicine
T1598,U142,2021-12-27,Expense,Food,4476.0,Upi,Lucknow,EMI payment
T5371,U139,2022-11-20,Expense,Food,3061.0,Upi,Pune,Doctor consultation
T7238,U092,2024-03-17,Income,Freelance,56456.0,Bank_Transfer,Bangalore,No Notes
T2845,U147,2021-11-22,Expense,Food,9116.0,Cash,Jaipur,test
T12859,U094,2021-07-08,Expense,Travel,1039.0,Upi,Chennai,Petrol
T5208,U149,2024-06-28,Expense,Food,880.0,Bank_Transfer,Kolkata,Gym membership
T2212,U012,2022-07-11,Expense,Food,5315.0,Card,Unknown,Books
T3206,U137,2022-05-02,Income,Others,32684.0,Upi,Unknown,Petrol
T6760,U013,2021-11-19,Expense,Travel,9183.0,Bank_Transfer,Ahmedabad,Medicine
T3754,U075,2022-03-22,Expense,Utilities,1104.0,Upi,Unknown,Fixed deposit
T0659,U069,2022-06-23,Income,Freelance,51333.0,Bank_Transfer,Unknown,Electricity bill
T1199,U090,2022-08-04,Expense,Food,2670.0,Card,Ahmedabad,Electricity bill
T8320,U046,2022-10-10,Expense,Food,4099.0,Cash,Chennai,No Notes
T3708,U106,2021-02-10,Expense,Education,5011.0,Cash,Bangalore,Grocery shopping
T12920,U009,2023-10-14,Expense,Rent,15313.0,Card,Jaipur,Restaurant dinner
T5791,U143,2022-03-28,Expense,Health,9058.0,Upi,Jaipur,Monthly rent payment
T13754,U073,2021-03-21,Expense,Rent,484.0,Upi,Hyderabad,asdfgh
T6601,U014,2024-01-12,Expense,Others,3868.0,Cash,Delhi,Online course
T8725,U093,2023-12-02,Income,Investment,22123.0,Unknown,Chennai,No Notes
T4442,U057,2024-08-24,Income,Investment,31531.0,Bank_Transfer,Mumbai,test
T9966,U036,2024-06-11,Expense,Travel,6950.0,Bank_Transfer,Hyderabad,Books
T7698,U080,2023-03-01,Expense,Food,7859.0,Bank_Transfer,Jaipur,No Notes
T2136,U141,2024-05-29,Expense,Health,3084.0,Card,Delhi,...
T5618,U048,2024-08-12,Expense,Others,1357.0,Card,Delhi,misc
T3454,U122,2023-03-14,Income,Bonus,23255.0,Upi,Jaipur,EMI payment
T8405,U110,2023-07-05,Income,Bonus,48709.0,Cash,Bangalore,...
T8079,U085,2023-10-01,Income,Salary,40318.0,Card,Hyderabad,Books
T1249,U068,2022-04-09,Expense,Food,3031.0,Card,Kolkata,test
T13516,U081,2023-08-19,Expense,Rent,36791.0,Bank_Transfer,Chennai,Online course
T4822,U049,2022-01-05,Expense,Others,4569.0,Unknown,Chennai,Movie tickets
T6244,U115,2021-09-16,Expense,Entertainment,1504.0,Cash,Unknown,Shopping
T10876,U141,2024-11-14,Expense,Food,299.0,Upi,Chennai,test
T4782,U068,2022-04-10,Expense,Rent,47930.0,Cash,Mumbai,No Notes
T1475,U130,2023-09-15,Expense,Food,9204.0,Upi,Lucknow,Grocery shopping
T8501,U086,2021-05-23,Income,Investment,19094.0,Bank_Transfer,Hyderabad,Petrol
T1973,U088,2023-12-08,Income,Others,57643.0,Upi,Bangalore,No Notes
T10531,U074,2024-02-01,Expense,Travel,2744.0,Bank_Transfer,Lucknow,!!!
T2950,U116,2024-03-29,Expense,Others,2076.0,Card,Delhi,Fixed deposit
T11712,U116,2023-09-27,Expense,Travel,6812.0,Upi,Kolkata,No Notes
T11125,U135,2021-02-01,Expense,Rent,49188.0,Cash,Unknown,No Notes
T1947,U145,2023-05-15,Expense,Rent,6741.0,Unknown,Chennai,Movie tickets
T8247,U066,2023-06-10,Expense,Travel,8487.0,Upi,Ahmedabad,...
T6578,U053,2021-02-07,Income,Others,23337.0,Cash,Mumbai,No Notes
T7780,U058,2022-09-04,Expense,Education,6731.0,Card,Ahmedabad,Lunch
T7530,U103,2024-03-04,Income,Investment,35429.0,Card,Pune,Restaurant dinner
T11396,U123,2022-09-23,Expense,Education,7984.0,Cash,Bangalore,Grocery shopping
T11432,U069,2022-12-17,Expense,Entertainment,1439.0,Upi,Lucknow,test
T4133,U100,2024-12-24,Income,Freelance,64305.0,Bank_Transfer,Mumbai,Train ticket
T5890,U076,2022-08-17,Income,Others,10062.0,Card,Bangalore,Movie tickets
T11069,U149,2024-10-17,Expense,Food,8099.0,Upi,Hyderabad,Doctor consultation
T7886,U045,2024-12-28,Expense,Travel,948.0,Bank_Transfer,Delhi,EMI payment
T2069,U125,2022-04-20,Expense,Food,2917.0,Upi,Chennai,Restaurant dinner
T12963,U104,2022-11-30,Income,Investment,64620.0,Bank_Transfer,Kolkata,...
T12591,U087,2021-03-20,Expense,Rent,41586.0,Card,Hyderabad,Doctor consultation
T7713,U105,2023-06-21,Expense,Utilities,7109.0,Bank_Transfer,Jaipur,Monthly rent payment
T10430,U087,2022-10-01,Expense,Travel,2162.0,Card,Mumbai,Petrol
T8825,U022,2023-05-26,Expense,Entertainment,6275.0,Unknown,Bangalore,Shopping
T8765,U136,2024-08-18,Expense,Travel,3905.0,Cash,Unknown,Online course
T0191,U126,2022-01-21,Income,Salary,27197.0,Unknown,Delhi,misc
T4350,U028,2024-04-29,Expense,Food,557.0,Card,Jaipur,No Notes
T5874,U094,2024-08-14,Expense,Others,4330.0,Bank_Transfer,Lucknow,ATM withdrawal
T0663,U067,2021-02-17,Expense,Travel,8757.0,Bank_Transfer,Hyderabad,No Notes
T1953,U130,2022-05-20,Income,Bonus,310817.0,Cash,Lucknow,Lunch
T1340,U089,2022-07-01,Income,Freelance,12054.0,Cash,Mumbai,Fixed deposit
T0464,U001,2022-10-22,Expense,Rent,3926.0,Cash,Ahmedabad,Movie tickets
T13955,U066,2021-03-30,Expense,Food,3268.0,Upi,Kolkata,...
T7979,U093,2022-05-19,Expense,Travel,413.0,Upi,Unknown,Train ticket
T3482,U041,2023-07-21,Expense,Food,9025.0,Bank_Transfer,Kolkata,asdfgh
T4604,U056,2022-10-15,Expense,Food,4525.0,Bank_Transfer,Mumbai,EMI payment
T11083,U111,2022-01-04,Expense,Food,1414.0,Bank_Transfer,Kolkata,Petrol
T9918,U081,2022-09-13,Expense,Travel,6950.0,Card,Chennai,Medicine
T9573,U060,2024-06-16,Expense,Food,3378.0,Cash,Jaipur,ATM withdrawal
T10016,U072,2023-03-03,Expense,Rent,6477.0,Upi,Lucknow,Gym membership
T1228,U098,2022-11-28,Expense,Education,2602.0,Bank_Transfer,Jaipur,Monthly rent payment
T9784,U088,2021-10-31,Income,Others,66865.0,Cash,Pune,!!!
T5610,U002,2022-06-18,Expense,Utilities,9771.0,Upi,Chennai,Monthly rent payment
T13127,U104,2022-08-24,Expense,Entertainment,1666.0,Upi,Lucknow,No Notes
T1908,U101,2022-12-12,Expense,Rent,34751.0,Card,Chennai,Internet bill
T10501,U143,2024-04-17,Income,Others,58332.0,Cash,Bangalore,Uber ride
T2301,U109,2024-05-12,Expense,Utilities,3812.0,Upi,Mumbai,Medicine
T6335,U052,2021-07-26,Expense,Rent,4957.0,Upi,Jaipur,xyz123
T1412,U135,2023-01-17,Expense,Rent,45803.0,Upi,Jaipur,xyz123
T3514,U097,2024-08-09,Expense,Utilities,1959.0,Cash,Ahmedabad,Gym membership
T3715,U092,2022-05-20,Expense,Food,1405.0,Bank_Transfer,Chennai,Uber ride
T6522,U119,2024-04-13,Expense,Travel,2580.0,Bank_Transfer,Lucknow,Uber ride
T12226,U047,2024-02-27,Expense,Utilities,3101.0,Card,Chennai,test
T4508,U080,2022-02-27,Expense,Rent,31198.0,Cash,Kolkata,Movie tickets
T11025,U031,2023-07-07,Expense,Health,6678.0,Upi,Chennai,Fixed deposit
T5349,U009,2023-05-06,Income,Salary,67808.0,Cash,Ahmedabad,Medicine
T6374,U058,2021-01-19,Expense,Food,1978.0,Unknown,Pune,Internet bill
T13640,U025,2021-04-20,Expense,Utilities,9878.0,Upi,Ahmedabad,Books
T6633,U103,2023-07-31,Income,Others,79810.0,Bank_Transfer,Pune,No Notes
T2230,U117,2023-10-19,Expense,Food,3920.0,Bank_Transfer,Ahmedabad,Shopping
T10982,U056,2021-03-21,Expense,Education,8676.0,Cash,Jaipur,...
T3855,U137,2023-02-20,Expense,Utilities,342.0,Upi,Unknown,misc
T13023,U080,2024-09-08,Income,Salary,30978.0,Upi,Delhi,Lunch
T10299,U123,2024-05-28,Expense,Food,1591.0,Upi,Chennai,asdfgh
T2166,U123,2023-08-15,Expense,Travel,4817.0,Card,Mumbai,No Notes
T3289,U101,2022-08-04,Expense,Entertainment,1563.0,Unknown,Jaipur,No Notes
T0728,U099,2021-02-20,Expense,Entertainment,328.0,Card,Chennai,Movie tickets
T12836,U016,2022-07-22,Income,Salary,56804.0,Card,Delhi,Electricity bill
T0761,U106,2023-01-11,Expense,Rent,5350.0,Upi,Chennai,Fixed deposit
T1914,U020,2022-03-28,Expense,Savings,7727.0,Card,Unknown,Fixed deposit
T7958,U009,2024-07-18,Expense,Education,6852.0,Cash,Ahmedabad,test
T6740,U061,2024-09-01,Expense,Travel,5088.0,Cash,Chennai,Gym membership
T4846,U113,2021-09-20,Expense,Utilities,5535.0,Cash,Unknown,Lunch
T5844,U118,2022-06-22,Expense,Travel,9004.0,Cash,Kolkata,Uber ride
T1055,U075,2024-05-20,Expense,Rent,17794.0,Cash,Jaipur,Train ticket
T0102,U138,2024-02-26,Expense,Travel,931.0,Cash,Ahmedabad,Movie tickets
T6721,U009,2022-12-23,Expense,Rent,931.0,Bank_Transfer,Ahmedabad,Shopping
T0309,U073,2021-11-03,Expense,Utilities,2095.0,Card,Lucknow,Train ticket
T11405,U149,2021-02-22,Expense,Rent,1823.0,Card,Ahmedabad,Doctor consultation
T6348,U101,2021-08-20,Expense,Food,3484.0,Card,Pune,xyz123
T3444,U060,2021-05-08,Income,Bonus,27877.0,Bank_Transfer,Lucknow,Gym membership
T0996,U146,2023-12-04,Income,Salary,73422.0,Card,Pune,Monthly rent payment
T10805,U123,2024-12-02,Expense,Rent,999999.0,Card,Chennai,Gym membership
T10449,U013,2024-05-29,Expense,Food,4210.0,Bank_Transfer,Ahmedabad,Uber ride
T12583,U136,2021-05-07,Expense,Entertainment,6819.0,Cash,Unknown,No Notes
T10666,U086,2024-06-25,Expense,Rent,5280.0,Cash,Delhi,Electricity bill
T10453,U020,2024-10-12,Income,Freelance,55580.0,Cash,Ahmedabad,Shopping
T0041,U117,2022-04-24,Expense,Food,1670.0,Upi,Unknown,EMI payment
T5437,U086,2021-11-22,Expense,Rent,5557.0,Card,Jaipur,Monthly rent payment
T13585,U109,2021-05-11,Income,Bonus,57035.0,Card,Mumbai,No Notes
T12269,U077,2023-02-06,Expense,Rent,3427.0,Upi,Jaipur,Electricity bill
T9488,U072,2024-08-01,Expense,Utilities,4064.0,Upi,Kolkata,Movie tickets
T1672,U057,2021-10-15,Expense,Utilities,789.0,Upi,Chennai,No Notes
T4765,U016,2024-04-29,Expense,Rent,5063.0,Card,Delhi,No Notes
T2995,U067,2023-11-03,Expense,Education,7988.0,Upi,Jaipur,Fixed deposit
T5232,U140,2021-10-10,Expense,Utilities,8104.0,Bank_Transfer,Delhi,No Notes
T6153,U146,2023-02-21,Income,Investment,59374.0,Cash,Mumbai,No Notes
T4228,U130,2021-12-24,Income,Salary,33416.0,Upi,Jaipur,Fixed deposit
T9234,U043,2024-02-10,Income,Freelance,37264.0,Cash,Unknown,No Notes
T7677,U096,2021-08-03,Expense,Travel,2562.0,Upi,Ahmedabad,Internet bill
T3604,U078,2023-01-21,Expense,Utilities,8088.0,Bank_Transfer,Pune,Coffee
T10698,U081,2021-08-15,Expense,Travel,3247.0,Bank_Transfer,Kolkata,Medicine
T2730,U020,2022-03-13,Expense,Food,4818.0,Bank_Transfer,Bangalore,Medicine
T10850,U101,2021-12-25,Expense,Travel,1683.0,Bank_Transfer,Kolkata,Online course
T13147,U131,2023-03-17,Income,Freelance,50775.0,Upi,Ahmedabad,test
T13323,U111,2023-04-25,Expense,Travel,3233.0,Bank_Transfer,Pune,No Notes
T2761,U002,2022-05-02,Expense,Entertainment,9589.0,Bank_Transfer,Chennai,Monthly rent payment
T6812,U088,2023-02-16,Expense,Travel,5552.0,Cash,Kolkata,Coffee
T0184,U079,2024-12-23,Expense,Health,3675.0,Bank_Transfer,Jaipur,misc
T1928,U058,2022-11-27,Expense,Utilities,5711.0,Card,Hyderabad,No Notes
T4601,U057,2024-10-04,Income,Others,46663.0,Cash,Ahmedabad,...
T9110,U053,2022-11-23,Expense,Rent,7020.0,Bank_Transfer,Delhi,Shopping
T11736,U113,2021-06-04,Expense,Utilities,3012.0,Upi,Hyderabad,Medicine
T11884,U113,2024-01-11,Expense,Others,5623.0,Bank_Transfer,Unknown,Electricity bill
T13817,U149,2023-07-21,Income,Freelance,459085.0,Upi,Bangalore,Internet bill
T2397,U118,2022-01-02,Expense,Utilities,8615.0,Upi,Lucknow,Lunch
T2384,U143,2022-02-03,Expense,Travel,9687.0,Upi,Lucknow,No Notes
T13831,U016,2023-09-04,Expense,Savings,3783.0,Cash,Delhi,No Notes
T3432,U013,2024-12-05,Expense,Food,1315.0,Bank_Transfer,Pune,Internet bill
T0097,U025,2022-11-26,Expense,Food,8293.0,Bank_Transfer,Lucknow,Fixed deposit
T4190,U015,2023-11-18,Expense,Travel,2280.0,Cash,Hyderabad,Books
T11207,U041,2021-09-20,Expense,Food,5530.0,Bank_Transfer,Hyderabad,Shopping
T7771,U003,2022-03-16,Expense,Education,6239.0,Cash,Hyderabad,Coffee
T5956,U095,2022-03-24,Expense,Food,6625.0,Cash,Pune,No Notes
T0508,U027,2023-10-20,Income,Salary,29482.0,Card,Ahmedabad,Doctor consultation
T11664,U038,2021-12-09,Expense,Rent,1906.0,Card,Kolkata,Grocery shopping
T7856,U085,2023-10-12,Expense,Travel,4697.0,Upi,Jaipur,...
T9354,U050,2024-04-01,Expense,Travel,8325.0,Bank_Transfer,Pune,Restaurant dinner
T2639,U143,2024-01-18,Income,Investment,782862.0,Cash,Lucknow,test
T3451,U094,2023-11-06,Expense,Savings,1231.0,Bank_Transfer,Delhi,xyz123
T7167,U054,2023-05-25,Expense,Others,8498.0,Upi,Unknown,!!!
T10910,U093,2021-03-12,Expense,Food,2808.0,Card,Lucknow,misc
T5512,U005,2024-08-10,Expense,Savings,3688.0,Bank_Transfer,Lucknow,Electricity bill
T10596,U146,2021-05-29,Income,Salary,19190.0,Unknown,Mumbai,...
T1822,U037,2024-08-12,Expense,Food,5289.0,Upi,Kolkata,EMI payment
T9878,U059,2021-09-10,Income,Investment,38031.0,Unknown,Jaipur,Movie tickets
T2543,U033,2022-06-16,Expense,Rent,1379.0,Upi,Pune,asdfgh
T9491,U082,2022-04-03,Expense,Utilities,4723.0,Card,Chennai,Petrol
T5551,U075,2021-04-22,Expense,Travel,7555.0,Upi,Delhi,...
T10958,U043,2021-05-07,Income,Others,60182.0,Upi,Unknown,No Notes
T12875,U096,2024-05-07,Expense,Utilities,8746.0,Card,Ahmedabad,!!!
T1102,U045,2021-09-18,Income,Salary,44667.0,Cash,Pune,No Notes
T3010,U030,2024-12-24,Expense,Education,2747.0,Upi,Bangalore,Books
T10721,U051,2021-02-26,Expense,Utilities,1076.0,Upi,Delhi,No Notes
T13693,U016,2024-02-21,Expense,Food,3262.0,Card,Ahmedabad,Coffee
T13812,U029,2024-06-15,Income,Investment,76046.0,Cash,Jaipur,No Notes
T9532,U137,2021-07-22,Expense,Utilities,789.0,Cash,Pune,EMI payment
T5672,U059,2022-08-19,Expense,Savings,6124.0,Cash,Lucknow,Online course
T10947,U120,2024-06-29,Expense,Utilities,5150.0,Bank_Transfer,Lucknow,Gym membership
T13766,U041,2022-08-17,Expense,Entertainment,6791.0,Card,Ahmedabad,asdfgh
T6486,U146,2023-06-24,Expense,Rent,4974.0,Bank_Transfer,Hyderabad,xyz123
T11315,U040,2022-01-02,Expense,Food,7742.0,Bank_Transfer,Mumbai,Grocery shopping
T9044,U089,2023-06-01,Expense,Travel,604.0,Bank_Transfer,Chennai,Electricity bill
T3728,U109,2022-05-10,Expense,Utilities,4000.0,Bank_Transfer,Ahmedabad,Shopping
T2550,U024,2022-06-10,Expense,Rent,27769.0,Card,Unknown,No Notes
T13916,U141,2023-11-28,Expense,Rent,3435.0,Unknown,Ahmedabad,Online course
T11390,U105,2024-02-08,Income,Freelance,58106.0,Cash,Kolkata,EMI payment
T5386,U088,2024-06-17,Expense,Entertainment,8162.0,Bank_Transfer,Jaipur,Medicine
T1152,U051,2023-08-03,Expense,Travel,4907.0,Card,Mumbai,Lunch
T9976,U131,2023-10-14,Expense,Utilities,3573.0,Upi,Unknown,asdfgh
T11404,U150,2023-06-30,Expense,Rent,635.0,Bank_Transfer,Delhi,!!!
T11917,U136,2023-12-05,Expense,Education,128.0,Unknown,Hyderabad,Monthly rent payment
T10768,U052,2023-04-12,Expense,Education,7321.0,Upi,Lucknow,Monthly rent payment
T10934,U032,2023-09-30,Expense,Food,4035.0,Upi,Lucknow,Restaurant dinner
T7474,U111,2023-10-26,Expense,Education,6081.0,Upi,Unknown,Petrol
T3282,U148,2022-10-14,Expense,Rent,29153.0,Bank_Transfer,Bangalore,misc
T0782,U118,2022-03-12,Income,Investment,53332.0,Card,Kolkata,Internet bill
T7282,U106,2024-12-21,Expense,Food,1710.0,Card,Lucknow,Uber ride
T4243,U104,2024-08-01,Expense,Utilities,9864.0,Unknown,Lucknow,Internet bill
T1856,U107,2021-12-15,Expense,Rent,7174.0,Bank_Transfer,Pune,Medicine
T4344,U146,2024-01-30,Expense,Utilities,544.0,Card,Pune,Medicine
T0176,U133,2024-10-19,Expense,Travel,2838.0,Bank_Transfer,Pune,Medicine
T4564,U149,2021-01-31,Expense,Food,3226.0,Cash,Chennai,Train ticket
T4121,U054,2024-03-21,Income,Investment,46588.0,Bank_Transfer,Chennai,No Notes
T13560,U060,2024-09-17,Expense,Travel,951.0,Upi,Jaipur,Fixed deposit
T9046,U038,2022-08-14,Expense,Others,261.0,Card,Mumbai,No Notes
T6537,U104,2023-02-15,Expense,Rent,16219.0,Upi,Mumbai,Lunch
T12776,U019,2021-04-14,Income,Freelance,22666.0,Cash,Bangalore,xyz123
T5869,U115,2024-12-08,Expense,Others,3718.0,Bank_Transfer,Kolkata,Restaurant dinner
T7109,U005,2021-05-11,Expense,Food,2978.0,Upi,Unknown,ATM withdrawal
T5943,U118,2024-03-30,Expense,Travel,1722.0,Cash,Pune,No Notes
T4273,U008,2021-03-24,Expense,Travel,1864.0,Card,Bangalore,Coffee
T8650,U016,2023-02-21,Expense,Utilities,4523.0,Upi,Chennai,asdfgh
T2646,U081,2024-08-09,Expense,Rent,5895.0,Cash,Jaipur,No Notes
T0634,U030,2023-12-07,Expense,Rent,12318.0,Bank_Transfer,Hyderabad,Coffee
T11438,U004,2024-03-14,Expense,Food,4616.0,Upi,Delhi,No Notes
T12270,U110,2021-07-27,Expense,Rent,4102.0,Card,Hyderabad,ATM withdrawal
T1996,U006,2021-04-28,Expense,Education,5581.0,Card,Bangalore,Movie tickets
T7848,U050,2022-08-10,Expense,Utilities,3108.0,Unknown,Unknown,ATM withdrawal
T4277,U116,2024-02-07,Expense,Entertainment,3438.0,Bank_Transfer,Bangalore,Electricity bill
T7180,U124,2023-10-18,Expense,Entertainment,7485.0,Card,Kolkata,Electricity bill
T4223,U013,2021-05-23,Expense,Health,2344.0,Bank_Transfer,Bangalore,test
T10859,U081,2021-06-08,Expense,Travel,1103.0,Upi,Pune,Books
T11229,U114,2023-07-05,Expense,Others,654.0,Upi,Pune,No Notes
T9708,U083,2021-10-08,Expense,Food,4554.0,Upi,Mumbai,Gym membership
T11262,U075,2023-04-18,Expense,Entertainment,2080.0,Card,Bangalore,Electricity bill
T9622,U074,2022-06-09,Expense,Utilities,9542.0,Bank_Transfer,Lucknow,...
T0376,U067,2023-10-07,Income,Investment,44131.0,Unknown,Kolkata,misc
T5377,U021,2022-07-17,Income,Salary,42147.0,Bank_Transfer,Unknown,!!!
T8208,U077,2021-10-08,Income,Salary,13777.0,Cash,Hyderabad,Petrol
T10090,U029,2021-03-09,Expense,Utilities,8430.0,Card,Delhi,Gym membership
T0817,U059,2022-07-23,Expense,Food,999999.0,Upi,Bangalore,Gym membership
T7887,U140,2021-01-18,Expense,Utilities,5508.0,Upi,Unknown,No Notes
T10415,U088,2024-04-29,Income,Bonus,58012.0,Card,Bangalore,ATM withdrawal
T5070,U015,2024-05-22,Expense,Utilities,6226.0,Bank_Transfer,Unknown,test
T10650,U098,2024-11-06,Expense,Utilities,9556.0,Cash,Unknown,Doctor consultation
T0337,U123,2021-10-13,Expense,Food,7406.0,Card,Kolkata,Medicine
T7809,U088,2024-03-24,Expense,Food,3674.0,Cash,Jaipur,No Notes
T0578,U033,2022-02-08,Expense,Food,1112.0,Cash,Jaipur,Books
T0564,U016,2024-12-04,Expense,Travel,9308.0,Card,Mumbai,No Notes
T2593,U001,2023-02-26,Income,Investment,73568.0,Upi,Bangalore,test
T4650,U034,2021-05-30,Expense,Travel,6610.0,Upi,Chennai,Medicine
T0307,U115,2021-06-28,Expense,Travel,1018.0,Bank_Transfer,Mumbai,ATM withdrawal
T3993,U105,2023-12-14,Expense,Travel,5561.0,Bank_Transfer,Mumbai,Uber ride
T8702,U010,2023-04-29,Expense,Rent,37378.0,Card,Kolkata,No Notes
T9034,U023,2022-08-11,Expense,Utilities,409.0,Cash,Ahmedabad,Electricity bill
T4618,U070,2021-02-21,Income,Salary,56722.0,Bank_Transfer,Pune,No Notes
T2976,U126,2024-07-31,Expense,Travel,4985.0,Bank_Transfer,Lucknow,Train ticket
T3331,U001,2023-02-22,Expense,Entertainment,3076.0,Card,Delhi,Monthly rent payment
T7889,U017,2024-02-06,Expense,Health,7572.0,Bank_Transfer,Chennai,Restaurant dinner
T7702,U015,2023-12-27,Expense,Entertainment,9428.0,Cash,Delhi,No Notes
T6221,U021,2021-12-20,Expense,Utilities,2900.0,Upi,Lucknow,Monthly rent payment
T3296,U100,2023-12-13,Expense,Food,1360.0,Card,Chennai,Monthly rent payment
T1712,U128,2023-02-23,Expense,Rent,5845.0,Upi,Pune,xyz123
T7039,U144,2021-05-13,Expense,Food,4807.0,Bank_Transfer,Pune,xyz123
T9329,U032,2021-08-07,Expense,Travel,5048.0,Cash,Kolkata,Lunch
T3749,U055,2022-10-31,Expense,Utilities,6228.0,Bank_Transfer,Ahmedabad,ATM withdrawal
T8289,U148,2023-05-01,Expense,Utilities,4832.0,Card,Chennai,Train ticket
T1987,U026,2022-04-27,Expense,Food,3022.0,Cash,Ahmedabad,xyz123
T0977,U147,2022-06-24,Expense,Food,2357.0,Upi,Chennai,Gym membership
T11342,U102,2021-04-15,Income,Salary,15555.0,Upi,Mumbai,Fixed deposit
T6751,U134,2023-03-09,Expense,Food,171.0,Bank_Transfer,Mumbai,...
T11625,U028,2023-11-30,Income,Others,12944.0,Unknown,Jaipur,No Notes
T12514,U045,2021-07-08,Expense,Utilities,8433.0,Upi,Kolkata,Electricity bill
T5767,U080,2022-07-20,Expense,Entertainment,9364.0,Bank_Transfer,Kolkata,Medicine
T1556,U121,2024-01-19,Expense,Savings,2250.0,Upi,Hyderabad,Train ticket
T7572,U047,2022-04-20,Expense,Travel,3168.0,Bank_Transfer,Pune,misc
T4976,U113,2022-08-19,Expense,Food,432.0,Upi,Mumbai,!!!
T8817,U098,2021-09-15,Expense,Rent,7537.0,Cash,Mumbai,Restaurant dinner
T7514,U087,2024-05-27,Income,Bonus,52691.0,Upi,Hyderabad,Movie tickets
T3674,U033,2024-03-23,Expense,Travel,6890.0,Card,Pune,No Notes
T3668,U134,2023-11-27,Expense,Food,2443.0,Upi,Pune,Lunch
T9605,U023,2022-05-22,Expense,Rent,46003.0,Cash,Hyderabad,No Notes
T7915,U045,2021-12-18,Expense,Rent,13427.0,Bank_Transfer,Unknown,Grocery shopping
T11610,U029,2022-04-28,Expense,Education,3852.0,Card,Unknown,Movie tickets
T7119,U149,2023-04-08,Expense,Food,1101.0,Upi,Chennai,No Notes
T0519,U037,2021-11-26,Expense,Food,5693.0,Bank_Transfer,Pune,Internet bill
T1639,U021,2024-04-08,Expense,Others,5071.0,Bank_Transfer,Jaipur,No Notes
T8202,U086,2021-09-19,Expense,Travel,8723.0,Card,Lucknow,Coffee
T3691,U150,2024-09-15,Expense,Health,1203.0,Bank_Transfer,Jaipur,Online course
T1279,U016,2021-07-25,Expense,Others,3248.0,Card,Jaipur,Shopping
T6981,U092,2024-09-24,Expense,Education,1247.0,Upi,Lucknow,Electricity bill
T9102,U109,2021-05-17,Expense,Utilities,5070.0,Card,Kolkata,!!!
T10130,U003,2022-06-14,Expense,Food,1258.0,Unknown,Hyderabad,Online course
T6215,U041,2022-01-26,Expense,Savings,7832.0,Upi,Bangalore,Electricity bill
T9621,U045,2024-04-04,Expense,Travel,1785.0,Card,Chennai,Electricity bill
T8172,U058,2021-06-18,Expense,Rent,9292.0,Upi,Lucknow,asdfgh
T0747,U013,2021-01-07,Expense,Food,3091.0,Upi,Pune,misc
T11469,U018,2024-02-02,Expense,Utilities,6261.0,Card,Bangalore,ATM withdrawal
T2173,U041,2024-06-18,Expense,Education,8472.0,Bank_Transfer,Chennai,Lunch
T5522,U021,2022-11-25,Expense,Utilities,6662.0,Upi,Hyderabad,misc
T12596,U069,2023-04-09,Expense,Entertainment,9763.0,Bank_Transfer,Lucknow,No Notes
T0917,U013,2024-10-06,Expense,Education,4136.0,Upi,Unknown,...
T6507,U053,2021-12-09,Expense,Health,6892.0,Cash,Kolkata,No Notes
T7872,U095,2022-02-01,Expense,Food,4368.0,Card,Mumbai,EMI payment
T5617,U099,2021-11-29,Expense,Entertainment,7568.0,Upi,Pune,Fixed deposit
T4776,U140,2023-06-12,Expense,Travel,2423.0,Bank_Transfer,Lucknow,No Notes
T7292,U017,2022-06-02,Expense,Rent,43387.0,Card,Chennai,Monthly rent payment
T1646,U034,2021-05-05,Income,Freelance,60979.0,Upi,Hyderabad,asdfgh
T11321,U124,2022-10-18,Expense,Health,2541.0,Upi,Lucknow,test
T12517,U100,2024-04-02,Expense,Utilities,5841.0,Card,Jaipur,xyz123
T4613,U131,2022-05-17,Expense,Entertainment,814.0,Bank_Transfer,Bangalore,No Notes
T2974,U007,2024-02-10,Expense,Food,3826.0,Cash,Jaipur,xyz123
T2466,U111,2022-06-01,Income,Investment,43006.0,Cash,Lucknow,Internet bill
T12299,U145,2024-09-15,Income,Others,66394.0,Upi,Bangalore,Medicine
T11436,U080,2022-03-10,Income,Investment,29568.0,Bank_Transfer,Hyderabad,ATM withdrawal
T2658,U118,2024-12-03,Expense,Rent,7091.0,Card,Hyderabad,Doctor consultation
T3762,U060,2023-01-13,Expense,Food,4479.0,Card,Chennai,xyz123
T9872,U108,2021-12-11,Expense,Food,4222.0,Upi,Bangalore,Restaurant dinner
T1076,U109,2024-02-21,Expense,Food,675.0,Cash,Jaipur,No Notes
T3426,U097,2022-07-08,Income,Investment,19576.0,Bank_Transfer,Mumbai,asdfgh
T12603,U015,2024-05-21,Expense,Travel,1816.0,Bank_Transfer,Lucknow,No Notes
T11280,U100,2022-02-27,Expense,Rent,4808.0,Cash,Mumbai,Online course
T6568,U004,2024-09-25,Expense,Food,2508.0,Card,Jaipur,Restaurant dinner
T0694,U130,2024-02-01,Expense,Utilities,9177.0,Cash,Ahmedabad,...
T11700,U134,2021-07-06,Expense,Travel,1227.0,Cash,Hyderabad,Petrol
T9165,U062,2022-11-04,Expense,Food,1838.0,Upi,Chennai,No Notes
T3548,U052,2021-10-10,Expense,Rent,460.0,Bank_Transfer,Lucknow,Gym membership
T10880,U040,2022-02-24,Expense,Food,259.0,Bank_Transfer,Kolkata,Monthly rent payment
T5509,U028,2024-08-09,Expense,Health,2452.0,Cash,Mumbai,Grocery shopping
T3729,U142,2023-10-30,Expense,Rent,6326.0,Cash,Ahmedabad,Electricity bill
T0118,U142,2022-03-08,Expense,Entertainment,8247.0,Upi,Pune,Uber ride
T12911,U044,2022-05-24,Expense,Education,5178.0,Bank_Transfer,Unknown,Medicine
T2236,U048,2022-10-29,Expense,Food,2058.0,Cash,Chennai,Fixed deposit
T0369,U130,2023-12-05,Expense,Rent,953.0,Card,Kolkata,No Notes
T12608,U048,2023-11-22,Expense,Rent,2204.0,Upi,Pune,!!!
T9924,U037,2024-03-05,Expense,Travel,5004.0,Bank_Transfer,Delhi,Shopping
T4398,U100,2024-02-10,Income,Investment,37501.0,Card,Kolkata,Doctor consultation
T4838,U010,2021-07-06,Expense,Food,8300.0,Bank_Transfer,Hyderabad,Books
T12960,U085,2023-07-01,Expense,Education,101.0,Cash,Bangalore,No Notes
T1658,U066,2024-06-05,Expense,Food,4785.0,Upi,Unknown,No Notes
T13331,U058,2021-05-21,Income,Freelance,58650.0,Cash,Mumbai,No Notes
T9208,U086,2022-05-22,Income,Salary,77193.0,Upi,Lucknow,No Notes
T2182,U049,2024-12-10,Expense,Utilities,7260.0,Upi,Ahmedabad,No Notes
T8805,U007,2022-02-01,Expense,Utilities,2493.0,Upi,Chennai,EMI payment
T1363,U106,2021-01-19,Expense,Food,3973.0,Bank_Transfer,Kolkata,No Notes
T5274,U033,2024-06-11,Expense,Food,1669.0,Upi,Ahmedabad,Uber ride
T2866,U069,2021-05-19,Expense,Rent,35278.0,Card,Delhi,Lunch
T10736,U129,2022-08-18,Expense,Food,1373.0,Bank_Transfer,Pune,Electricity bill
T4567,U020,2022-06-07,Income,Bonus,41429.0,Bank_Transfer,Kolkata,ATM withdrawal
T9284,U061,2022-06-27,Expense,Utilities,4654.0,Unknown,Jaipur,No Notes
T2120,U134,2023-10-12,Expense,Travel,1716.0,Cash,Unknown,Coffee
T11174,U136,2021-05-30,Expense,Utilities,8101.0,Cash,Chennai,Fixed deposit
T2436,U125,2023-09-11,Expense,Education,3456.0,Upi,Ahmedabad,Restaurant dinner
T6506,U128,2021-02-10,Expense,Food,9609.0,Card,Mumbai,test
T2228,U145,2022-01-19,Expense,Travel,8773.0,Card,Delhi,test
T2078,U115,2022-09-12,Expense,Food,5854.0,Upi,Ahmedabad,Petrol
T3692,U048,2023-05-04,Expense,Utilities,3973.0,Upi,Pune,Doctor consultation
T3090,U130,2024-06-30,Expense,Food,4780.0,Bank_Transfer,Jaipur,Grocery shopping
T6838,U149,2023-05-16,Expense,Travel,5933.0,Bank_Transfer,Pune,Train ticket
T5038,U144,2022-09-26,Income,Investment,30258.0,Unknown,Chennai,Doctor consultation
T11874,U108,2022-03-01,Expense,Entertainment,4388.0,Cash,Kolkata,Restaurant dinner
T9868,U081,2021-04-18,Income,Bonus,42493.0,Cash,Pune,xyz123
T4292,U134,2023-08-23,Expense,Travel,3869.0,Card,Delhi,Coffee
T6109,U045,2023-01-26,Expense,Rent,25950.0,Upi,Jaipur,Grocery shopping
T11399,U067,2022-12-23,Expense,Utilities,8412.0,Card,Mumbai,Gym membership
T6246,U067,2021-04-27,Expense,Food,1397.0,Unknown,Mumbai,Train ticket
T3764,U072,2024-01-31,Income,Others,44788.0,Bank_Transfer,Hyderabad,Gym membership
T9397,U077,2021-11-06,Expense,Savings,2221.0,Upi,Mumbai,!!!
T0128,U035,2023-03-22,Expense,Entertainment,7155.0,Card,Chennai,No Notes
T5666,U029,2022-02-16,Expense,Food,3557.0,Bank_Transfer,Hyderabad,Doctor consultation
T12685,U042,2021-09-16,Expense,Food,9007.0,Bank_Transfer,Chennai,Online course
T13321,U105,2022-05-24,Expense,Food,1908.0,Cash,Bangalore,test
T5460,U080,2021-08-11,Expense,Rent,15549.0,Card,Kolkata,xyz123
T7422,U051,2023-05-16,Expense,Education,9570.0,Bank_Transfer,Chennai,ATM withdrawal
T2747,U080,2021-08-29,Expense,Entertainment,6312.0,Bank_Transfer,Kolkata,No Notes
T5652,U018,2024-08-26,Expense,Food,1536.0,Cash,Bangalore,asdfgh
T10804,U050,2023-11-02,Expense,Food,4325.0,Upi,Chennai,No Notes
T0478,U130,2024-01-20,Income,Freelance,78084.0,Bank_Transfer,Hyderabad,No Notes
T5101,U128,2022-06-20,Expense,Utilities,3476.0,Cash,Chennai,Books
T13151,U067,2021-11-24,Expense,Food,5198.0,Cash,Mumbai,Uber ride
T9550,U109,2024-08-22,Expense,Utilities,2168.0,Bank_Transfer,Lucknow,Electricity bill
T10361,U014,2024-04-30,Expense,Health,6549.0,Card,Kolkata,ATM withdrawal
T5885,U119,2021-05-11,Expense,Education,1130.0,Card,Ahmedabad,Train ticket
T5286,U134,2021-05-06,Expense,Food,9185.0,Card,Ahmedabad,No Notes
T8861,U110,2021-07-19,Income,Investment,11323.0,Upi,Chennai,Books
T9563,U022,2022-09-19,Income,Others,58453.0,Card,Lucknow,Train ticket
T3019,U143,2022-07-04,Expense,Education,9651.0,Upi,Ahmedabad,ATM withdrawal
T9576,U132,2023-06-24,Expense,Utilities,1926.0,Upi,Delhi,xyz123
T4792,U136,2022-03-17,Expense,Rent,28183.0,Upi,Chennai,Electricity bill
T12281,U137,2024-05-21,Expense,Entertainment,1065.0,Card,Kolkata,Electricity bill
T13222,U074,2024-03-03,Expense,Food,1815.0,Card,Ahmedabad,Restaurant dinner
T1247,U031,2021-02-25,Expense,Entertainment,5081.0,Upi,Pune,Electricity bill
T0797,U053,2023-11-01,Income,Bonus,19991.0,Cash,Unknown,Train ticket
T0346,U109,2021-08-17,Expense,Rent,7149.0,Cash,Unknown,Grocery shopping
T3042,U012,2024-07-11,Expense,Food,4640.0,Bank_Transfer,Jaipur,!!!
T13711,U071,2021-10-18,Expense,Health,289.0,Bank_Transfer,Mumbai,Monthly rent payment
T7592,U142,2021-03-17,Expense,Savings,4922.0,Cash,Bangalore,Internet bill
T6699,U080,2021-04-07,Income,Investment,65697.0,Bank_Transfer,Chennai,asdfgh
T6202,U131,2021-07-01,Expense,Rent,4960.0,Upi,Lucknow,!!!
T9776,U004,2024-09-23,Expense,Health,2513.0,Bank_Transfer,Lucknow,Books
T9669,U006,2022-05-10,Expense,Utilities,1151.0,Upi,Lucknow,asdfgh
T1012,U138,2023-01-21,Expense,Rent,32664.0,Card,Jaipur,Shopping
T12502,U132,2021-12-17,Expense,Travel,8568.0,Card,Chennai,Online course
T11763,U134,2021-05-20,Expense,Food,4512.0,Bank_Transfer,Hyderabad,Uber ride
T13107,U080,2024-12-29,Expense,Travel,168.0,Upi,Ahmedabad,No Notes
T13191,U144,2023-10-16,Expense,Food,6165.0,Bank_Transfer,Bangalore,Movie tickets
T5461,U115,2021-09-12,Expense,Savings,6703.0,Bank_Transfer,Ahmedabad,Monthly rent payment
T5651,U075,2024-11-03,Expense,Food,174.0,Upi,Unknown,Petrol
T10656,U060,2024-03-21,Income,Others,59928.0,Card,Chennai,Coffee
T4624,U014,2023-10-28,Expense,Utilities,4292.0,Bank_Transfer,Unknown,Medicine
T3513,U031,2021-02-06,Expense,Utilities,9762.0,Bank_Transfer,Delhi,Movie tickets
T10679,U137,2024-05-06,Expense,Travel,3341.0,Cash,Bangalore,ATM withdrawal
T10659,U117,2023-08-24,Expense,Rent,9894.0,Bank_Transfer,Bangalore,No Notes
T2018,U074,2022-10-27,Expense,Food,983.0,Card,Bangalore,...
T8466,U066,2021-12-09,Income,Salary,38299.0,Unknown,Jaipur,xyz123
T4334,U133,2023-07-05,Income,Others,14036.0,Card,Chennai,Movie tickets
T13131,U080,2024-04-28,Expense,Travel,5322.0,Upi,Unknown,...
T3253,U032,2024-04-17,Expense,Entertainment,7397.0,Upi,Unknown,Coffee
T10868,U117,2021-03-05,Expense,Rent,9431.0,Card,Pune,Uber ride
T10735,U036,2024-01-24,Expense,Rent,24769.0,Card,Unknown,ATM withdrawal
T12506,U034,2023-04-24,Expense,Others,2539.0,Card,Mumbai,No Notes
T1424,U026,2022-01-02,Expense,Others,7427.0,Cash,Chennai,No Notes
T9617,U115,2021-12-25,Expense,Health,8575.0,Bank_Transfer,Unknown,Movie tickets
T11639,U100,2021-12-29,Income,Bonus,12835.0,Upi,Mumbai,No Notes
T6696,U136,2024-04-10,Expense,Entertainment,7696.0,Cash,Ahmedabad,Coffee
T2235,U052,2022-11-17,Expense,Utilities,4283.0,Card,Jaipur,No Notes
T1161,U053,2024-04-26,Income,Salary,52838.0,Cash,Lucknow,!!!
T8001,U025,2023-10-21,Expense,Food,6555.0,Card,Unknown,asdfgh
T13936,U125,2022-06-30,Income,Freelance,66829.0,Cash,Pune,Uber ride
T10951,U050,2022-03-14,Expense,Rent,9833.0,Cash,Delhi,ATM withdrawal
T8216,U034,2024-11-21,Expense,Travel,1699.0,Cash,Bangalore,Online course
T13245,U032,2024-07-21,Income,Others,79575.0,Bank_Transfer,Kolkata,Restaurant dinner
T7240,U046,2023-11-25,Expense,Travel,9240.0,Bank_Transfer,Hyderabad,asdfgh
T2835,U097,2021-06-09,Expense,Savings,1254.0,Cash,Lucknow,Petrol
T8455,U051,2021-08-06,Income,Others,23875.0,Cash,Lucknow,misc
T8470,U140,2021-04-26,Expense,Travel,3247.0,Cash,Jaipur,Monthly rent payment
T6510,U051,2021-08-03,Expense,Food,1702.0,Card,Delhi,No Notes
T8479,U106,2022-09-11,Expense,Rent,18126.0,Cash,Kolkata,Lunch
T7079,U046,2023-02-23,Expense,Food,4738.0,Card,Chennai,Books
T4432,U102,2022-05-21,Expense,Travel,7130.0,Upi,Unknown,Restaurant dinner
T7529,U117,2024-08-04,Expense,Rent,4968.0,Card,Delhi,No Notes
T6791,U018,2024-04-01,Expense,Food,1289.0,Bank_Transfer,Chennai,test
T9958,U046,2023-02-03,Expense,Education,9037.0,Upi,Mumbai,Gym membership
T8089,U019,2021-10-30,Expense,Others,3031.0,Upi,Jaipur,Shopping
T12298,U097,2022-08-23,Expense,Utilities,8401.0,Cash,Delhi,Medicine
T6151,U045,2021-03-20,Expense,Food,1327.0,Bank_Transfer,Mumbai,misc
T10793,U070,2022-08-12,Expense,Travel,9979.0,Bank_Transfer,Unknown,Online course
T12997,U072,2021-01-07,Expense,Entertainment,5029.0,Card,Delhi,xyz123
T3474,U009,2022-09-27,Expense,Food,1193.0,Card,Kolkata,No Notes
T9101,U061,2023-10-14,Expense,Utilities,6375.0,Cash,Bangalore,Doctor consultation
T0025,U057,2024-11-26,Expense,Rent,35450.0,Bank_Transfer,Jaipur,...
T0955,U087,2022-01-10,Expense,Food,2176.0,Bank_Transfer,Unknown,Movie tickets
T12432,U085,2024-10-09,Expense,Rent,8293.0,Cash,Kolkata,misc
T4995,U071,2024-08-02,Expense,Food,5328.0,Cash,Bangalore,No Notes
T1873,U131,2024-08-07,Income,Bonus,17389.0,Upi,Unknown,Uber ride
T7308,U025,2022-11-16,Income,Freelance,75843.0,Cash,Ahmedabad,Online course
T1281,U027,2022-05-20,Expense,Utilities,7358.0,Card,Pune,ATM withdrawal
T6924,U119,2024-01-15,Expense,Others,412.0,Bank_Transfer,Ahmedabad,Doctor consultation
T0189,U052,2024-03-12,Income,Freelance,33176.0,Bank_Transfer,Bangalore,Petrol
T0551,U136,2023-11-29,Expense,Food,485.0,Cash,Lucknow,test
T2987,U011,2023-04-18,Expense,Rent,6722.0,Upi,Hyderabad,Train ticket
T8634,U094,2022-02-08,Expense,Others,9891.0,Upi,Lucknow,xyz123
T4149,U034,2024-05-17,Expense,Entertainment,4376.0,Upi,Ahmedabad,Gym membership
T7322,U087,2021-06-01,Expense,Rent,4192.0,Upi,Delhi,...
T11237,U072,2022-06-27,Expense,Food,1930.0,Card,Delhi,Train ticket
T13170,U022,2021-07-09,Expense,Food,1115.0,Bank_Transfer,Jaipur,No Notes
T12012,U118,2022-07-07,Expense,Food,4879.0,Bank_Transfer,Jaipur,!!!
T8503,U148,2022-04-25,Income,Freelance,56269.0,Card,Ahmedabad,!!!
T1742,U072,2023-04-26,Expense,Entertainment,2827.0,Card,Hyderabad,Online course
T4720,U016,2021-06-22,Expense,Health,7023.0,Bank_Transfer,Pune,Monthly rent payment
T1743,U141,2022-12-09,Expense,Food,1546.0,Card,Hyderabad,Internet bill
T0489,U090,2022-01-17,Expense,Utilities,8526.0,Cash,Kolkata,Gym membership
T4612,U124,2022-04-30,Expense,Education,4701.0,Bank_Transfer,Chennai,xyz123
T9410,U027,2023-10-04,Expense,Food,6128.0,Card,Kolkata,No Notes
T4638,U013,2024-12-10,Expense,Rent,44357.0,Card,Mumbai,No Notes
T1400,U039,2023-01-30,Expense,Rent,19407.0,Upi,Pune,Train ticket
T7042,U038,2021-08-28,Expense,Rent,575.0,Bank_Transfer,Delhi,asdfgh
T12643,U113,2024-02-19,Expense,Savings,8714.0,Card,Pune,No Notes
T2654,U067,2023-12-06,Expense,Education,187.0,Cash,Pune,Books
T2629,U031,2024-07-20,Expense,Entertainment,9635.0,Bank_Transfer,Bangalore,No Notes
T2610,U004,2022-12-30,Expense,Rent,2896.0,Upi,Lucknow,asdfgh
T9496,U124,2024-07-28,Expense,Food,2435.0,Upi,Kolkata,No Notes
T11644,U026,2024-09-23,Expense,Travel,7322.0,Bank_Transfer,Chennai,Movie tickets
T0993,U081,2024-02-19,Expense,Health,1275.0,Cash,Pune,Gym membership
T10558,U104,2023-10-30,Expense,Food,3995.0,Card,Hyderabad,ATM withdrawal
T2521,U068,2023-08-11,Expense,Entertainment,638.0,Card,Bangalore,Lunch
T9062,U048,2024-05-21,Expense,Food,2201.0,Upi,Chennai,Internet bill
T4342,U098,2022-01-25,Income,Salary,36962.0,Cash,Hyderabad,Shopping
T13369,U068,2024-10-04,Expense,Rent,20467.0,Cash,Delhi,Fixed deposit
T0186,U104,2024-10-26,Expense,Utilities,6957.0,Card,Chennai,No Notes
T6178,U100,2023-05-31,Expense,Education,7388.0,Bank_Transfer,Pune,!!!
T6598,U004,2024-01-24,Expense,Food,8523.0,Upi,Chennai,Grocery shopping
T11659,U085,2024-02-23,Expense,Utilities,8145.0,Upi,Jaipur,Monthly rent payment
T12240,U108,2022-08-28,Expense,Utilities,1162.0,Upi,Mumbai,No Notes
T7193,U034,2021-04-01,Income,Freelance,54312.0,Card,Lucknow,Online course
T9728,U113,2023-12-11,Expense,Rent,21272.0,Cash,Jaipur,misc
T12047,U102,2022-08-20,Expense,Food,9581.0,Card,Lucknow,Movie tickets
T0806,U061,2022-09-03,Expense,Health,6727.0,Upi,Delhi,!!!
T12275,U044,2022-04-30,Expense,Entertainment,1640.0,Bank_Transfer,Delhi,No Notes
T13800,U102,2021-11-30,Income,Salary,56832.0,Cash,Pune,Movie tickets
T8785,U120,2022-05-09,Expense,Food,4051.0,Card,Bangalore,Shopping
T5334,U039,2024-12-31,Expense,Education,8868.0,Card,Jaipur,asdfgh
T0851,U100,2021-04-23,Income,Freelance,53888.0,Cash,Pune,Electricity bill
T6066,U112,2022-07-01,Expense,Rent,5796.0,Upi,Pune,Electricity bill
T7642,U025,2022-04-01,Expense,Rent,26260.0,Cash,Ahmedabad,ATM withdrawal
T8061,U069,2022-07-01,Expense,Rent,5970.0,Upi,Bangalore,Online course
T0493,U110,2021-11-09,Expense,Food,2076.0,Cash,Chennai,Shopping
T6863,U014,2021-04-05,Expense,Education,8245.0,Upi,Chennai,ATM withdrawal
T10712,U124,2021-05-15,Expense,Food,8136.0,Upi,Lucknow,Coffee
T11721,U115,2022-05-07,Expense,Travel,1007.0,Card,Ahmedabad,ATM withdrawal
T6785,U113,2023-07-23,Expense,Entertainment,8290.0,Bank_Transfer,Hyderabad,Coffee
T9627,U036,2023-04-04,Income,Others,30386.0,Card,Lucknow,No Notes
T9852,U119,2022-10-15,Expense,Food,7670.0,Card,Mumbai,Movie tickets
T5270,U103,2022-12-10,Expense,Food,2197.0,Upi,Delhi,No Notes
T7882,U035,2022-09-09,Expense,Food,3197.0,Cash,Kolkata,Restaurant dinner
T6433,U097,2021-02-21,Expense,Entertainment,4067.0,Bank_Transfer,Pune,Movie tickets
T2722,U025,2024-10-09,Expense,Food,3161.0,Bank_Transfer,Mumbai,No Notes
T8182,U129,2024-03-20,Expense,Utilities,2919.0,Card,Chennai,Electricity bill
T9915,U051,2023-09-09,Expense,Travel,2650.0,Card,Ahmedabad,No Notes
T5175,U080,2024-12-04,Expense,Utilities,7463.0,Cash,Jaipur,!!!
T3470,U004,2022-10-24,Expense,Utilities,1259.0,Upi,Hyderabad,Online course
T5489,U095,2023-02-17,Income,Others,41028.0,Card,Unknown,No Notes
T1503,U107,2021-04-13,Expense,Health,3493.0,Cash,Jaipur,Restaurant dinner
T2196,U145,2024-10-31,Expense,Utilities,934.0,Card,Mumbai,Fixed deposit
T2943,U090,2021-05-08,Expense,Food,3813.0,Cash,Hyderabad,EMI payment
T9447,U038,2024-04-08,Income,Freelance,17994.0,Bank_Transfer,Jaipur,No Notes
T4121,U095,2022-10-07,Expense,Utilities,8498.0,Upi,Hyderabad,Shopping
T6607,U117,2023-09-14,Income,Freelance,55338.0,Bank_Transfer,Kolkata,Uber ride
T11890,U087,2024-11-30,Expense,Savings,2655.0,Cash,Mumbai,Gym membership
T7858,U082,2023-11-01,Expense,Travel,6844.0,Card,Lucknow,Shopping
T7935,U059,2023-07-20,Expense,Entertainment,999999.0,Cash,Hyderabad,Restaurant dinner
T12025,U030,2021-02-13,Expense,Food,886.0,Bank_Transfer,Hyderabad,Internet bill
T8818,U032,2021-10-30,Expense,Rent,4716.0,Cash,Pune,Doctor consultation
T0152,U045,2024-12-20,Expense,Rent,4347.0,Upi,Mumbai,No Notes
T10451,U121,2024-02-13,Expense,Rent,14825.0,Card,Unknown,Books
T7892,U143,2022-12-08,Income,Freelance,386183.0,Bank_Transfer,Delhi,misc
T8698,U063,2021-04-11,Expense,Food,3585.0,Cash,Kolkata,Grocery shopping
T9196,U077,2021-08-12,Expense,Food,2222.0,Cash,Pune,test
T1539,U106,2021-08-27,Expense,Travel,9783.0,Cash,Lucknow,Doctor consultation
T9415,U113,2021-10-24,Expense,Rent,45676.0,Upi,Lucknow,No Notes
T7063,U079,2024-09-15,Expense,Rent,3538.0,Upi,Delhi,Doctor consultation
T0246,U115,2023-02-20,Expense,Food,2813.0,Cash,Chennai,No Notes
T5691,U103,2022-09-09,Expense,Food,7819.0,Bank_Transfer,Mumbai,Coffee
T11184,U109,2024-05-13,Expense,Utilities,6700.0,Unknown,Hyderabad,No Notes
T5954,U092,2021-09-21,Expense,Travel,9832.0,Card,Kolkata,Electricity bill
T4479,U102,2022-05-08,Income,Bonus,29319.0,Upi,Chennai,No Notes
T7199,U021,2022-05-07,Expense,Food,8386.0,Cash,Mumbai,No Notes
T13629,U033,2021-07-28,Expense,Rent,21280.0,Upi,Pune,Medicine
T10183,U137,2021-09-22,Expense,Food,5835.0,Bank_Transfer,Chennai,xyz123
T8169,U139,2022-01-10,Expense,Food,7649.0,Cash,Hyderabad,No Notes
T3538,U038,2021-11-14,Expense,Entertainment,5866.0,Cash,Bangalore,Doctor consultation
T0999,U145,2022-05-08,Expense,Others,9295.0,Bank_Transfer,Lucknow,asdfgh
T4452,U060,2023-03-30,Income,Salary,33783.0,Card,Pune,Gym membership
T6613,U122,2024-01-18,Expense,Rent,27774.0,Upi,Bangalore,!!!
T5576,U009,2023-07-12,Expense,Travel,3790.0,Upi,Lucknow,Fixed deposit
T12633,U023,2024-01-13,Expense,Food,4451.0,Bank_Transfer,Pune,Doctor consultation
T13815,U065,2021-03-07,Expense,Rent,8467.0,Bank_Transfer,Lucknow,Gym membership
T10033,U101,2021-12-11,Income,Bonus,37773.0,Bank_Transfer,Pune,Petrol
T12989,U134,2024-09-18,Income,Freelance,21409.0,Bank_Transfer,Pune,Shopping
T10635,U083,2023-03-10,Income,Others,12318.0,Card,Jaipur,No Notes
T1472,U058,2024-04-21,Expense,Travel,1499.0,Upi,Lucknow,!!!
T10927,U100,2023-09-17,Expense,Rent,38688.0,Cash,Bangalore,EMI payment
T2809,U044,2021-12-02,Expense,Food,6859.0,Card,Hyderabad,EMI payment
T12131,U146,2022-12-23,Expense,Rent,3832.0,Unknown,Lucknow,No Notes
T9255,U014,2024-06-12,Income,Salary,107734.0,Upi,Ahmedabad,Shopping
T4022,U138,2024-01-11,Income,Bonus,12380.0,Cash,Chennai,Shopping
T13134,U058,2023-01-11,Expense,Utilities,8614.0,Bank_Transfer,Jaipur,xyz123
T1855,U074,2024-06-01,Expense,Rent,14410.0,Card,Jaipur,misc
T10435,U053,2023-02-27,Expense,Entertainment,8471.0,Card,Unknown,Coffee
T8677,U019,2024-09-16,Expense,Food,2133.0,Cash,Kolkata,test
T2416,U056,2023-01-30,Income,Others,77582.0,Card,Chennai,!!!
T11397,U112,2024-10-23,Income,Others,45360.0,Card,Jaipur,Shopping
T13119,U047,2021-01-13,Expense,Others,1845.0,Card,Chennai,ATM withdrawal
T4156,U111,2021-11-17,Expense,Food,4142.0,Card,Lucknow,Petrol
T9899,U041,2023-09-17,Income,Freelance,61926.0,Cash,Pune,Movie tickets
T11009,U145,2024-04-24,Expense,Travel,8099.0,Bank_Transfer,Lucknow,asdfgh
T7656,U128,2023-07-04,Expense,Food,2532.0,Upi,Unknown,Movie tickets
T12158,U124,2023-06-22,Expense,Food,1667.0,Card,Unknown,No Notes
T11860,U110,2021-10-07,Expense,Travel,8061.0,Cash,Unknown,No Notes
T8511,U134,2022-06-17,Expense,Entertainment,3769.0,Upi,Chennai,EMI payment
T4302,U014,2023-09-22,Expense,Rent,36134.0,Card,Jaipur,Online course
T10018,U004,2022-03-03,Expense,Entertainment,9044.0,Card,Hyderabad,Coffee
T12613,U002,2023-08-05,Expense,Food,4359.0,Upi,Pune,No Notes
T3068,U060,2022-06-01,Expense,Savings,1050.0,Cash,Jaipur,test
T4456,U047,2021-03-13,Expense,Food,440.0,Upi,Ahmedabad,!!!
T2905,U099,2022-05-15,Expense,Rent,47954.0,Upi,Bangalore,Electricity bill
T6295,U050,2024-04-18,Expense,Utilities,2902.0,Card,Kolkata,Doctor consultation
T0767,U036,2023-01-11,Income,Salary,45181.0,Bank_Transfer,Unknown,Grocery shopping
T6226,U020,2021-10-14,Expense,Rent,3663.0,Upi,Lucknow,Train ticket
T12389,U020,2023-01-21,Expense,Rent,3491.0,Cash,Pune,No Notes
T2361,U021,2023-01-23,Expense,Food,2659.0,Card,Ahmedabad,Movie tickets
T11542,U123,2022-12-19,Expense,Food,842.0,Bank_Transfer,Ahmedabad,Books
T3514,U121,2023-08-29,Expense,Food,980.0,Card,Chennai,Fixed deposit
T5871,U100,2022-02-27,Expense,Food,3548.0,Bank_Transfer,Pune,misc
T12599,U134,2021-02-20,Income,Others,67474.0,Bank_Transfer,Pune,EMI payment
T0312,U065,2021-02-08,Expense,Education,4465.0,Cash,Ahmedabad,No Notes
T3895,U138,2022-03-23,Expense,Education,9742.0,Card,Mumbai,No Notes
T1782,U087,2022-06-16,Expense,Rent,15843.0,Cash,Lucknow,No Notes
T2815,U036,2021-04-23,Expense,Health,5987.0,Cash,Delhi,asdfgh
T8749,U014,2023-04-09,Income,Others,35347.0,Bank_Transfer,Pune,test
T8298,U068,2021-03-03,Expense,Rent,13246.0,Bank_Transfer,Chennai,ATM withdrawal
T10543,U110,2024-04-18,Expense,Travel,6683.0,Cash,Pune,Lunch
T13649,U123,2022-05-17,Expense,Rent,9477.0,Bank_Transfer,Hyderabad,Shopping
T3043,U121,2024-07-21,Expense,Food,425.0,Cash,Kolkata,Doctor consultation
T11699,U010,2021-08-18,Income,Freelance,48888.0,Cash,Ahmedabad,!!!
T7653,U105,2021-11-28,Expense,Rent,33370.0,Bank_Transfer,Unknown,Doctor consultation
T13747,U100,2022-09-04,Income,Others,75671.0,Cash,Unknown,Online course
T4666,U083,2022-07-01,Expense,Utilities,5210.0,Cash,Delhi,Online course
T7125,U145,2024-10-31,Expense,Rent,7179.0,Card,Bangalore,Shopping
T8924,U028,2024-11-01,Expense,Education,5861.0,Card,Pune,Lunch
T3530,U111,2022-03-08,Expense,Food,7480.0,Bank_Transfer,Bangalore,ATM withdrawal
T11205,U075,2023-10-24,Income,Investment,57220.0,Card,Jaipur,No Notes
T10164,U023,2024-02-06,Expense,Travel,999999.0,Upi,Chennai,!!!
T3883,U010,2023-01-26,Expense,Utilities,8132.0,Upi,Bangalore,Grocery shopping
T8806,U011,2021-11-13,Expense,Food,1397.0,Cash,Hyderabad,Books
T13675,U111,2021-12-15,Expense,Education,4169.0,Upi,Pune,misc
T2063,U080,2023-10-19,Expense,Utilities,2572.0,Cash,Mumbai,Electricity bill
T11589,U030,2022-11-28,Expense,Travel,330.0,Upi,Jaipur,No Notes
T7860,U130,2024-10-06,Expense,Travel,4406.0,Upi,Bangalore,Electricity bill
T1504,U131,2024-01-03,Expense,Health,9862.0,Unknown,Hyderabad,test
T4719,U106,2022-04-30,Expense,Food,8139.0,Bank_Transfer,Ahmedabad,asdfgh
T11634,U075,2024-12-29,Expense,Food,5286.0,Card,Pune,Internet bill
T7081,U136,2022-07-17,Expense,Health,565.0,Card,Jaipur,Shopping
T6937,U053,2022-09-17,Expense,Travel,9147.0,Card,Pune,No Notes
T4548,U090,2022-10-20,Expense,Food,1920.0,Upi,Chennai,test
T13891,U012,2021-05-24,Income,Freelance,79605.0,Unknown,Jaipur,Internet bill
T3274,U080,2022-11-07,Expense,Rent,314.0,Bank_Transfer,Delhi,Uber ride
T7293,U063,2024-11-22,Income,Freelance,962863.0,Bank_Transfer,Kolkata,Lunch
T13947,U099,2023-08-09,Expense,Food,6687.0,Bank_Transfer,Chennai,No Notes
T8053,U028,2024-11-27,Income,Others,33770.0,Cash,Mumbai,...
T6160,U012,2022-05-23,Income,Others,78356.0,Bank_Transfer,Ahmedabad,Books
T12038,U085,2021-12-15,Income,Bonus,55365.0,Cash,Mumbai,xyz123
T12441,U043,2022-03-06,Income,Salary,62437.0,Card,Bangalore,Doctor consultation
T5831,U087,2021-05-20,Income,Investment,39070.0,Cash,Pune,Lunch
T1441,U014,2024-11-22,Income,Investment,16678.0,Upi,Chennai,ATM withdrawal
T2689,U105,2021-06-16,Expense,Travel,7842.0,Upi,Pune,No Notes
T4796,U002,2021-09-30,Expense,Health,7918.0,Card,Hyderabad,No Notes
T10548,U111,2022-08-05,Expense,Food,1789.0,Upi,Kolkata,No Notes
T8830,U013,2021-07-04,Expense,Education,2819.0,Card,Hyderabad,No Notes
T5880,U006,2024-09-07,Income,Investment,26468.0,Card,Delhi,No Notes
T9256,U132,2023-05-20,Expense,Utilities,7249.0,Bank_Transfer,Bangalore,test
T3409,U062,2021-11-29,Expense,Utilities,8471.0,Cash,Mumbai,No Notes
T2282,U126,2024-07-19,Expense,Food,217.0,Upi,Chennai,misc
T5912,U120,2021-12-20,Expense,Travel,2352.0,Cash,Ahmedabad,No Notes
T9157,U057,2022-08-02,Expense,Food,361.0,Bank_Transfer,Bangalore,Lunch
T5002,U109,2022-07-19,Expense,Food,7284.0,Card,Unknown,Shopping
T13961,U150,2022-06-20,Expense,Utilities,6490.0,Cash,Pune,Doctor consultation
T2997,U036,2022-06-01,Expense,Travel,9335.0,Upi,Delhi,asdfgh
T5832,U025,2023-12-26,Expense,Utilities,6027.0,Card,Bangalore,Movie tickets
T13452,U036,2024-12-11,Income,Investment,25315.0,Cash,Pune,Coffee
T8890,U031,2021-07-11,Expense,Food,1618.0,Upi,Ahmedabad,Internet bill
T9067,U118,2023-10-29,Expense,Travel,9715.0,Upi,Chennai,Online course
T10048,U054,2024-08-01,Expense,Travel,434.0,Bank_Transfer,Hyderabad,Books
T4448,U022,2023-09-15,Expense,Food,5310.0,Cash,Chennai,!!!
T13467,U056,2021-07-23,Expense,Savings,3898.0,Upi,Mumbai,No Notes
T5330,U068,2023-11-11,Expense,Rent,18309.0,Upi,Ahmedabad,Grocery shopping
T9242,U016,2023-11-29,Expense,Rent,13000.0,Unknown,Lucknow,Doctor consultation
T9826,U113,2022-12-29,Expense,Education,8034.0,Bank_Transfer,Bangalore,asdfgh
T10857,U034,2024-05-10,Expense,Education,1124.0,Card,Unknown,No Notes
T6821,U146,2023-08-23,Expense,Food,2608.0,Upi,Mumbai,xyz123
T1609,U022,2022-08-09,Income,Investment,55216.0,Card,Mumbai,No Notes
T9866,U082,2022-05-05,Expense,Utilities,4406.0,Bank_Transfer,Jaipur,Monthly rent payment
T12959,U113,2021-08-06,Expense,Rent,5681.0,Bank_Transfer,Kolkata,No Notes
T0134,U028,2021-12-03,Expense,Entertainment,7085.0,Card,Pune,test
T12300,U024,2021-04-21,Expense,Rent,7882.0,Upi,Mumbai,EMI payment
T10164,U024,2023-12-16,Expense,Food,5229.0,Cash,Lucknow,Train ticket
T6353,U126,2024-01-13,Income,Freelance,49713.0,Cash,Unknown,test
T3782,U004,2021-11-11,Expense,Food,5795.0,Upi,Kolkata,EMI payment
T4300,U123,2022-08-09,Expense,Entertainment,3432.0,Bank_Transfer,Chennai,Train ticket
T4272,U094,2024-05-13,Expense,Rent,6119.0,Cash,Delhi,Doctor consultation
T8217,U016,2022-08-07,Expense,Travel,9763.0,Cash,Lucknow,No Notes
T11676,U017,2021-04-02,Expense,Education,6618.0,Cash,Chennai,xyz123
T4758,U051,2022-12-27,Expense,Savings,4132.0,Bank_Transfer,Bangalore,Movie tickets
T11414,U025,2022-02-02,Expense,Food,5289.0,Bank_Transfer,Hyderabad,No Notes
T0264,U133,2022-11-09,Income,Investment,46170.0,Card,Unknown,Shopping
T3592,U036,2021-08-23,Expense,Travel,6421.0,Bank_Transfer,Bangalore,Internet bill
T0498,U071,2021-09-22,Income,Freelance,79791.0,Card,Pune,xyz123
T5523,U024,2021-05-16,Expense,Rent,7809.0,Cash,Ahmedabad,Internet bill
T7633,U058,2022-06-10,Expense,Entertainment,1148.0,Bank_Transfer,Pune,Movie tickets
T7870,U094,2022-03-04,Income,Salary,18760.0,Upi,Unknown,No Notes
T0235,U093,2021-01-01,Expense,Utilities,6574.0,Unknown,Delhi,ATM withdrawal
T5118,U073,2023-10-29,Expense,Food,7685.0,Upi,Jaipur,No Notes
T4969,U124,2021-10-20,Expense,Travel,1931.0,Bank_Transfer,Ahmedabad,Monthly rent payment
T0175,U139,2024-04-22,Expense,Food,8873.0,Card,Pune,Uber ride
T2221,U080,2024-08-27,Expense,Rent,14545.0,Unknown,Mumbai,Doctor consultation
T4020,U138,2024-04-09,Expense,Food,4028.0,Card,Delhi,No Notes
T5075,U089,2021-08-03,Expense,Others,8403.0,Card,Delhi,Train ticket
T0293,U014,2023-03-14,Expense,Others,5219.0,Cash,Delhi,No Notes
T8220,U012,2022-04-24,Expense,Others,8928.0,Upi,Bangalore,Petrol
T12250,U002,2021-12-14,Income,Investment,56818.0,Bank_Transfer,Hyderabad,EMI payment
T12260,U123,2023-06-29,Expense,Rent,534.0,Card,Lucknow,No Notes
T7226,U057,2021-06-28,Expense,Education,3562.0,Bank_Transfer,Hyderabad,Petrol
T10837,U117,2024-07-31,Expense,Health,700.0,Unknown,Chennai,Coffee
T7615,U097,2022-08-27,Expense,Entertainment,6334.0,Cash,Chennai,Books
T12488,U005,2021-05-18,Expense,Education,3527.0,Cash,Jaipur,Electricity bill
T10556,U052,2022-03-06,Expense,Food,3182.0,Bank_Transfer,Mumbai,Coffee
T6717,U121,2021-09-27,Expense,Food,3864.0,Upi,Ahmedabad,No Notes
T11764,U047,2021-12-18,Income,Investment,52861.0,Bank_Transfer,Bangalore,...
T1482,U102,2023-12-31,Expense,Savings,9485.0,Card,Jaipur,Grocery shopping
T10140,U008,2022-08-10,Expense,Travel,4320.0,Card,Ahmedabad,No Notes
T3540,U097,2021-02-15,Income,Bonus,27184.0,Unknown,Kolkata,Movie tickets
T2365,U099,2021-11-26,Expense,Utilities,378.0,Cash,Delhi,No Notes
T0058,U072,2023-01-29,Expense,Travel,6118.0,Bank_Transfer,Delhi,No Notes
T10343,U103,2021-04-18,Expense,Entertainment,7091.0,Cash,Delhi,Fixed deposit
T11843,U013,2022-01-16,Expense,Education,8505.0,Upi,Ahmedabad,Internet bill
T9901,U025,2024-01-21,Expense,Entertainment,1255.0,Unknown,Pune,Gym membership
T6733,U099,2024-02-03,Expense,Utilities,2164.0,Upi,Jaipur,Train ticket
T3712,U076,2024-01-18,Expense,Utilities,7960.0,Unknown,Jaipur,Restaurant dinner
T10061,U008,2024-11-23,Income,Others,39016.0,Card,Unknown,ATM withdrawal
T2294,U109,2022-12-26,Expense,Food,4651.0,Bank_Transfer,Hyderabad,xyz123
T5152,U068,2022-03-03,Expense,Travel,9905.0,Cash,Delhi,Restaurant dinner
T0873,U110,2022-12-10,Income,Freelance,24300.0,Cash,Bangalore,No Notes
T1192,U022,2024-09-01,Expense,Entertainment,6997.0,Bank_Transfer,Mumbai,!!!
T11800,U104,2021-10-14,Expense,Health,6661.0,Card,Unknown,Uber ride
T10446,U073,2022-01-22,Expense,Food,4223.0,Bank_Transfer,Lucknow,Gym membership
T8484,U015,2023-07-02,Expense,Utilities,1981.0,Upi,Chennai,Uber ride
T3355,U139,2024-07-29,Expense,Food,9180.0,Unknown,Hyderabad,asdfgh
T0317,U025,2021-12-16,Expense,Food,1856.0,Bank_Transfer,Lucknow,Fixed deposit
T0991,U089,2024-10-04,Expense,Food,1558.0,Bank_Transfer,Lucknow,No Notes
T3510,U142,2023-02-04,Expense,Education,6197.0,Cash,Ahmedabad,Gym membership
T10139,U029,2024-08-07,Expense,Rent,23284.0,Card,Lucknow,Lunch
T6756,U087,2023-07-13,Expense,Rent,4012.0,Upi,Unknown,No Notes
T13228,U015,2021-06-20,Income,Others,55263.0,Card,Ahmedabad,No Notes
T2696,U115,2024-05-13,Income,Salary,15451.0,Bank_Transfer,Delhi,Grocery shopping
T9772,U093,2024-08-19,Income,Salary,75062.0,Cash,Mumbai,Shopping
T11322,U102,2024-01-16,Expense,Food,777.0,Cash,Kolkata,No Notes
T1752,U094,2021-03-24,Expense,Education,9107.0,Card,Ahmedabad,Internet bill
T2655,U142,2022-03-18,Expense,Entertainment,1657.0,Cash,Lucknow,Fixed deposit
T3335,U138,2023-09-22,Expense,Travel,4627.0,Bank_Transfer,Delhi,ATM withdrawal
T1101,U074,2023-03-26,Expense,Rent,4433.0,Card,Delhi,Monthly rent payment
T6099,U112,2022-02-06,Expense,Food,6492.0,Cash,Mumbai,Coffee
T11002,U052,2022-12-09,Income,Others,18457.0,Upi,Pune,Uber ride
T5460,U076,2024-11-09,Expense,Health,3459.0,Cash,Unknown,No Notes
T11842,U046,2021-12-17,Expense,Food,1666.0,Card,Delhi,Grocery shopping
T2012,U037,2024-04-23,Expense,Travel,5405.0,Cash,Chennai,Monthly rent payment
T1332,U066,2021-01-08,Income,Salary,37799.0,Cash,Chennai,asdfgh
T3648,U125,2022-03-28,Expense,Food,2242.0,Bank_Transfer,Bangalore,misc
T3289,U004,2024-04-19,Expense,Rent,6852.0,Upi,Delhi,test
T10790,U049,2023-12-29,Expense,Health,9214.0,Unknown,Bangalore,Train ticket
T6705,U027,2021-07-07,Expense,Utilities,1569.0,Cash,Chennai,Petrol
T4492,U017,2021-08-22,Expense,Rent,9138.0,Bank_Transfer,Ahmedabad,No Notes
T3758,U025,2021-01-17,Expense,Utilities,1125.0,Cash,Jaipur,No Notes
T11528,U050,2023-11-23,Expense,Food,3794.0,Bank_Transfer,Kolkata,ATM withdrawal
T3842,U126,2021-10-05,Expense,Utilities,9186.0,Card,Hyderabad,Train ticket
T13143,U082,2022-07-08,Expense,Food,3013.0,Unknown,Mumbai,Train ticket
T5534,U091,2022-05-01,Expense,Food,4425.0,Cash,Kolkata,test
T12494,U097,2023-02-01,Expense,Savings,8303.0,Unknown,Mumbai,Gym membership
T8082,U022,2021-01-18,Expense,Rent,9500.0,Bank_Transfer,Unknown,Internet bill
T8347,U002,2024-04-13,Expense,Travel,9238.0,Cash,Mumbai,Restaurant dinner
T12262,U121,2023-10-09,Expense,Entertainment,1624.0,Bank_Transfer,Bangalore,misc
T9613,U089,2024-08-22,Expense,Utilities,9308.0,Upi,Delhi,asdfgh
T5992,U149,2022-06-24,Expense,Travel,8214.0,Cash,Mumbai,No Notes
T11157,U043,2024-03-05,Income,Salary,32170.0,Bank_Transfer,Delhi,!!!
T8876,U078,2021-12-07,Expense,Food,4321.0,Unknown,Bangalore,Internet bill
T11966,U078,2022-03-30,Expense,Food,3390.0,Card,Ahmedabad,Doctor consultation
T8263,U019,2022-07-05,Expense,Education,7170.0,Cash,Delhi,No Notes
T6157,U030,2024-08-10,Expense,Utilities,921.0,Upi,Mumbai,No Notes
T1133,U064,2021-01-14,Expense,Entertainment,5529.0,Card,Mumbai,Gym membership
T11819,U046,2021-07-02,Expense,Entertainment,3502.0,Bank_Transfer,Lucknow,test
T6228,U038,2023-06-20,Expense,Food,7549.0,Unknown,Lucknow,Gym membership
T13966,U097,2023-03-12,Expense,Rent,9717.0,Card,Delhi,Uber ride
T11514,U033,2023-11-16,Expense,Entertainment,3543.0,Bank_Transfer,Hyderabad,...
T12525,U142,2023-02-25,Expense,Utilities,2713.0,Bank_Transfer,Chennai,Uber ride
T0538,U057,2024-11-17,Expense,Others,9135.0,Bank_Transfer,Chennai,Coffee
T13270,U117,2022-01-11,Expense,Food,2424.0,Card,Pune,No Notes
T6014,U046,2023-09-19,Expense,Travel,1319.0,Bank_Transfer,Unknown,Electricity bill
T5483,U091,2023-03-03,Expense,Rent,6173.0,Bank_Transfer,Hyderabad,Gym membership
T4006,U142,2022-02-09,Expense,Entertainment,7542.0,Bank_Transfer,Mumbai,Petrol
T9298,U069,2022-11-27,Income,Salary,67763.0,Card,Lucknow,Shopping
T10498,U124,2024-03-08,Expense,Food,4802.0,Upi,Jaipur,misc
T5853,U074,2024-07-27,Expense,Rent,46237.0,Card,Kolkata,Fixed deposit
T10867,U112,2024-03-25,Expense,Education,507.0,Bank_Transfer,Bangalore,...
T11639,U116,2024-10-12,Income,Investment,60900.0,Upi,Ahmedabad,Books
T5777,U045,2022-09-19,Expense,Utilities,7365.0,Cash,Hyderabad,Coffee
T2734,U088,2024-08-03,Expense,Rent,27330.0,Bank_Transfer,Bangalore,xyz123
T9396,U088,2022-03-30,Expense,Food,1548.0,Cash,Pune,Medicine
T2368,U062,2022-06-03,Expense,Education,5130.0,Upi,Bangalore,Medicine
T13713,U117,2022-08-17,Income,Bonus,65904.0,Upi,Pune,No Notes
T5245,U100,2024-09-21,Expense,Others,2722.0,Upi,Hyderabad,...
T7971,U058,2021-02-06,Income,Bonus,64103.0,Card,Jaipur,Medicine
T0562,U092,2023-05-26,Income,Bonus,21590.0,Upi,Hyderabad,Fixed deposit
T8986,U082,2023-01-16,Expense,Entertainment,8343.0,Cash,Unknown,Online course
T12680,U130,2024-03-20,Income,Others,59192.0,Upi,Mumbai,Lunch
T13830,U068,2022-12-10,Income,Others,16854.0,Card,Delhi,Monthly rent payment
T0914,U009,2024-11-28,Expense,Rent,7801.0,Cash,Kolkata,Uber ride
T4532,U058,2022-04-01,Income,Investment,45931.0,Cash,Pune,Coffee
T12229,U027,2023-09-10,Expense,Food,1180.0,Upi,Hyderabad,No Notes
T0113,U018,2021-10-03,Expense,Food,3345.0,Cash,Kolkata,Gym membership
T9786,U107,2024-10-16,Expense,Utilities,2726.0,Cash,Pune,!!!
T12918,U080,2022-08-02,Expense,Education,2112.0,Card,Jaipur,Doctor consultation
T3990,U145,2023-09-21,Expense,Savings,8764.0,Bank_Transfer,Mumbai,No Notes
T0918,U016,2024-05-05,Expense,Food,2086.0,Upi,Mumbai,xyz123
T5598,U062,2023-07-06,Expense,Utilities,2884.0,Bank_Transfer,Jaipur,Lunch
T1284,U004,2022-11-11,Income,Investment,12733.0,Cash,Pune,Electricity bill
T2277,U058,2021-05-29,Expense,Travel,3916.0,Bank_Transfer,Hyderabad,xyz123
T4116,U022,2022-04-08,Expense,Savings,6826.0,Bank_Transfer,Mumbai,Doctor consultation
T1584,U067,2021-06-12,Expense,Entertainment,3560.0,Upi,Chennai,Internet bill
T1120,U040,2024-04-13,Income,Others,24570.0,Bank_Transfer,Delhi,Fixed deposit
T9094,U005,2022-01-22,Income,Salary,72722.0,Upi,Mumbai,misc
T11950,U036,2023-12-13,Expense,Rent,37451.0,Upi,Bangalore,No Notes
T3189,U068,2024-10-17,Income,Bonus,36373.0,Card,Unknown,Restaurant dinner
T2070,U138,2022-06-22,Expense,Rent,7229.0,Bank_Transfer,Ahmedabad,Lunch
T3595,U138,2021-09-09,Expense,Entertainment,575.0,Card,Delhi,Online course
T12970,U105,2022-03-17,Expense,Rent,8162.0,Cash,Delhi,asdfgh
T13943,U022,2021-08-20,Expense,Education,4650.0,Upi,Hyderabad,...
T6782,U015,2021-10-14,Expense,Entertainment,7185.0,Upi,Hyderabad,Online course
T2566,U043,2023-06-05,Income,Investment,33210.0,Bank_Transfer,Delhi,Petrol
T6529,U071,2023-12-29,Expense,Food,1550.0,Upi,Hyderabad,Coffee
T3232,U057,2021-10-20,Expense,Travel,9420.0,Bank_Transfer,Kolkata,Electricity bill
T5914,U002,2021-07-07,Income,Freelance,32675.0,Cash,Jaipur,No Notes
T3935,U125,2022-06-17,Expense,Food,1437.0,Bank_Transfer,Chennai,No Notes
T12356,U032,2023-12-05,Expense,Travel,741.0,Cash,Chennai,...
T8621,U123,2022-03-05,Expense,Health,6264.0,Bank_Transfer,Jaipur,Petrol
T9644,U086,2024-01-07,Income,Investment,48693.0,Unknown,Mumbai,Monthly rent payment
T9000,U109,2022-04-17,Expense,Food,6168.0,Card,Mumbai,Grocery shopping
T9535,U053,2024-11-01,Expense,Savings,5026.0,Card,Kolkata,Coffee
T9840,U126,2024-09-24,Expense,Rent,48411.0,Upi,Lucknow,Doctor consultation
T11368,U086,2021-12-23,Expense,Utilities,420.0,Bank_Transfer,Jaipur,Doctor consultation
T11921,U103,2022-06-28,Expense,Rent,7222.0,Bank_Transfer,Jaipur,No Notes
T8737,U127,2023-10-20,Expense,Travel,7791.0,Cash,Hyderabad,ATM withdrawal
T8423,U030,2023-02-07,Expense,Food,2004.0,Card,Mumbai,Fixed deposit
T10467,U069,2023-07-12,Expense,Food,1144.0,Cash,Kolkata,Shopping
T3444,U063,2023-06-27,Expense,Travel,8302.0,Card,Delhi,Internet bill
T3323,U063,2021-01-27,Expense,Education,8408.0,Card,Pune,No Notes
T1079,U072,2021-04-26,Expense,Food,4678.0,Card,Mumbai,No Notes
T9593,U099,2024-10-13,Expense,Rent,10139.0,Unknown,Chennai,Petrol
T12124,U104,2021-07-24,Expense,Food,1004.0,Cash,Lucknow,Restaurant dinner
T4324,U130,2022-04-10,Expense,Education,4621.0,Upi,Unknown,xyz123
T4077,U102,2022-05-10,Expense,Rent,1565.0,Bank_Transfer,Unknown,No Notes
T1093,U075,2023-06-04,Expense,Food,4733.0,Upi,Mumbai,Monthly rent payment
T9755,U027,2022-01-05,Expense,Health,6162.0,Bank_Transfer,Pune,Books
T4104,U095,2022-02-26,Income,Freelance,67963.0,Cash,Kolkata,Doctor consultation
T12016,U130,2023-05-21,Expense,Travel,6406.0,Cash,Delhi,Uber ride
T6914,U012,2022-06-26,Income,Others,65760.0,Bank_Transfer,Bangalore,Shopping
T8858,U122,2021-09-16,Income,Others,28650.0,Cash,Bangalore,No Notes
T5903,U081,2023-11-20,Expense,Rent,502.0,Bank_Transfer,Ahmedabad,Internet bill
T11784,U068,2023-04-19,Expense,Food,4069.0,Cash,Ahmedabad,Lunch
T7139,U101,2024-02-21,Expense,Food,3797.0,Card,Kolkata,Books
T13159,U035,2021-11-23,Expense,Utilities,5708.0,Cash,Hyderabad,Restaurant dinner
T3620,U086,2022-02-12,Expense,Rent,957.0,Cash,Ahmedabad,Electricity bill
T5310,U047,2021-06-25,Income,Freelance,21967.0,Bank_Transfer,Lucknow,Monthly rent payment
T3655,U114,2023-02-18,Expense,Education,4159.0,Card,Hyderabad,No Notes
T1750,U048,2023-10-23,Expense,Food,1575.0,Cash,Chennai,Movie tickets
T3610,U063,2021-12-27,Expense,Savings,2782.0,Upi,Hyderabad,Gym membership
T1443,U125,2023-03-17,Income,Freelance,41167.0,Upi,Lucknow,No Notes
T10557,U077,2023-11-17,Expense,Travel,3607.0,Cash,Delhi,Coffee
T4485,U086,2024-07-02,Expense,Food,2701.0,Bank_Transfer,Hyderabad,Internet bill
T12361,U038,2021-08-26,Expense,Entertainment,8667.0,Upi,Pune,ATM withdrawal
T2749,U117,2022-05-07,Expense,Food,51.0,Unknown,Delhi,Shopping
T12788,U131,2022-09-14,Expense,Travel,8740.0,Unknown,Kolkata,Electricity bill
T10887,U073,2021-01-03,Expense,Food,5538.0,Upi,Delhi,No Notes
T7090,U062,2022-06-18,Expense,Travel,441.0,Upi,Jaipur,Uber ride
T7939,U101,2023-08-11,Expense,Rent,493.0,Upi,Jaipur,ATM withdrawal
T0978,U052,2021-03-13,Expense,Food,8767.0,Upi,Pune,Lunch
T7524,U147,2022-11-26,Income,Bonus,11452.0,Bank_Transfer,Chennai,No Notes
T2391,U118,2024-10-14,Expense,Food,1311.0,Bank_Transfer,Chennai,...
T9548,U116,2024-11-21,Expense,Education,141.0,Card,Kolkata,No Notes
T4963,U061,2023-10-29,Expense,Entertainment,9991.0,Cash,Chennai,No Notes
T12916,U117,2021-12-23,Expense,Education,4068.0,Card,Chennai,No Notes
T6393,U015,2021-09-16,Expense,Savings,4828.0,Upi,Delhi,...
T2492,U007,2023-08-24,Expense,Rent,31837.0,Card,Jaipur,No Notes
T13518,U129,2022-06-22,Expense,Food,9483.0,Cash,Ahmedabad,No Notes
T12574,U120,2024-11-18,Expense,Rent,39367.0,Upi,Jaipur,EMI payment
T3927,U113,2024-11-01,Expense,Rent,21882.0,Upi,Mumbai,Petrol
T8471,U039,2023-11-12,Expense,Food,2476.0,Bank_Transfer,Unknown,EMI payment
T9171,U149,2021-08-03,Expense,Rent,596.0,Bank_Transfer,Mumbai,Doctor consultation
T2848,U102,2021-02-10,Expense,Rent,1723.0,Upi,Kolkata,...
T10360,U077,2024-07-01,Expense,Rent,7560.0,Card,Mumbai,Lunch
T8084,U063,2024-06-22,Expense,Entertainment,9953.0,Card,Kolkata,Internet bill
T4691,U062,2024-07-04,Expense,Food,4894.0,Bank_Transfer,Pune,Movie tickets
T7787,U126,2021-09-30,Expense,Health,6682.0,Bank_Transfer,Ahmedabad,Fixed deposit
T5421,U088,2024-04-03,Expense,Food,629.0,Cash,Pune,Grocery shopping
T12664,U101,2022-07-09,Expense,Food,4033.0,Bank_Transfer,Bangalore,Online course
T3455,U083,2024-12-02,Expense,Food,2808.0,Card,Kolkata,Fixed deposit
T2768,U138,2021-10-15,Expense,Health,6367.0,Card,Jaipur,Lunch
T11332,U098,2021-05-22,Expense,Rent,629.0,Card,Unknown,Doctor consultation
T11825,U026,2022-04-21,Expense,Food,3699.0,Upi,Pune,No Notes
T13959,U072,2021-12-17,Expense,Rent,1054.0,Card,Pune,Electricity bill
T10344,U089,2024-03-10,Income,Salary,68142.0,Upi,Mumbai,Internet bill
T7585,U081,2023-03-21,Expense,Food,3789.0,Cash,Hyderabad,Uber ride
T13141,U030,2024-11-06,Income,Others,64347.0,Card,Bangalore,Movie tickets
T11888,U005,2022-08-03,Expense,Utilities,5898.0,Cash,Jaipur,Shopping
T0661,U048,2024-11-21,Expense,Utilities,7342.0,Card,Mumbai,Grocery shopping
T3421,U020,2021-07-12,Expense,Food,3452.0,Cash,Unknown,No Notes
T0055,U011,2023-06-22,Expense,Rent,6907.0,Upi,Kolkata,No Notes
T10657,U075,2021-02-07,Expense,Food,3426.0,Bank_Transfer,Bangalore,!!!
T0765,U109,2022-01-21,Income,Investment,52092.0,Card,Kolkata,Internet bill
T5506,U065,2023-06-29,Income,Freelance,69326.0,Upi,Unknown,Gym membership
T10933,U062,2024-07-10,Expense,Health,8737.0,Card,Kolkata,Monthly rent payment
T8719,U056,2024-02-08,Expense,Food,7405.0,Cash,Hyderabad,Doctor consultation
T6081,U027,2021-05-15,Income,Others,45353.0,Upi,Lucknow,test
T10566,U066,2022-07-15,Expense,Entertainment,3293.0,Cash,Hyderabad,Books
T13827,U011,2022-05-07,Income,Others,15784.0,Upi,Delhi,xyz123
T12120,U088,2024-03-20,Income,Others,46955.0,Cash,Ahmedabad,ATM withdrawal
T5034,U042,2024-12-10,Expense,Entertainment,5248.0,Cash,Kolkata,Restaurant dinner
T5470,U112,2024-06-24,Expense,Entertainment,5246.0,Card,Pune,No Notes
T13901,U100,2021-12-25,Expense,Rent,35564.0,Cash,Bangalore,...
T6550,U075,2022-09-07,Expense,Travel,8890.0,Cash,Jaipur,Restaurant dinner
T3674,U146,2023-12-07,Income,Salary,61776.0,Card,Pune,...
T4079,U038,2023-10-24,Expense,Food,1253.0,Cash,Kolkata,EMI payment
T0091,U058,2023-11-29,Expense,Rent,45961.0,Card,Bangalore,Petrol
T5856,U093,2024-09-15,Expense,Rent,7450.0,Cash,Unknown,ATM withdrawal
T9145,U122,2021-12-27,Expense,Food,1502.0,Upi,Jaipur,Books
T11101,U118,2024-07-28,Expense,Food,3190.0,Upi,Jaipur,No Notes
T7102,U012,2021-08-20,Income,Investment,435261.0,Bank_Transfer,Jaipur,xyz123
T13636,U128,2021-01-15,Expense,Utilities,6121.0,Card,Mumbai,Petrol
T4090,U067,2023-08-30,Expense,Utilities,6512.0,Card,Lucknow,No Notes
T0355,U035,2023-08-03,Expense,Rent,42500.0,Cash,Lucknow,xyz123
T5124,U129,2024-11-09,Expense,Health,6668.0,Cash,Bangalore,Doctor consultation
T5339,U074,2024-04-28,Expense,Food,4651.0,Cash,Jaipur,Doctor consultation
T0905,U140,2021-06-21,Expense,Others,8365.0,Card,Ahmedabad,Monthly rent payment
T13985,U010,2022-12-07,Expense,Food,4960.0,Bank_Transfer,Ahmedabad,Movie tickets
T2865,U108,2021-04-10,Expense,Rent,6955.0,Card,Pune,Grocery shopping
T13618,U133,2024-07-04,Income,Investment,61863.0,Upi,Ahmedabad,...
T4946,U016,2024-03-06,Income,Others,17549.0,Card,Lucknow,Restaurant dinner
T8395,U097,2022-03-03,Expense,Education,1406.0,Cash,Unknown,Internet bill
T7951,U060,2023-06-08,Expense,Health,4547.0,Bank_Transfer,Jaipur,Internet bill
T6349,U041,2022-12-31,Expense,Utilities,2648.0,Card,Bangalore,No Notes
T8851,U055,2021-08-04,Expense,Food,7208.0,Cash,Mumbai,Uber ride
T1174,U089,2024-04-23,Income,Freelance,42499.0,Bank_Transfer,Ahmedabad,No Notes
T1906,U093,2023-10-19,Expense,Rent,17463.0,Cash,Kolkata,Monthly rent payment
T8612,U019,2021-11-15,Expense,Education,3872.0,Cash,Jaipur,No Notes
T6862,U003,2023-04-06,Expense,Food,8751.0,Cash,Ahmedabad,EMI payment
T10290,U061,2022-09-03,Expense,Rent,8321.0,Unknown,Chennai,No Notes
T5690,U020,2022-06-20,Expense,Travel,7304.0,Cash,Delhi,Train ticket
T6777,U132,2024-01-25,Expense,Education,2345.0,Card,Delhi,Internet bill
T5757,U052,2023-08-10,Expense,Utilities,9990.0,Card,Chennai,ATM withdrawal
T4139,U075,2021-08-11,Income,Freelance,26827.0,Card,Chennai,misc
T12605,U065,2024-07-25,Income,Others,11716.0,Upi,Pune,xyz123
T2206,U063,2024-01-24,Income,Investment,30031.0,Bank_Transfer,Jaipur,!!!
T10198,U005,2023-02-06,Expense,Rent,7424.0,Cash,Ahmedabad,Medicine
T2830,U023,2023-08-29,Income,Salary,15696.0,Bank_Transfer,Ahmedabad,EMI payment
T12582,U040,2023-02-05,Expense,Utilities,9656.0,Card,Bangalore,test
T13601,U048,2021-11-16,Expense,Entertainment,2759.0,Upi,Unknown,EMI payment
T8246,U042,2022-03-14,Expense,Travel,9360.0,Bank_Transfer,Mumbai,Monthly rent payment
T8229,U104,2023-03-11,Expense,Education,2855.0,Upi,Bangalore,Grocery shopping
T2455,U097,2023-05-25,Expense,Rent,25344.0,Card,Hyderabad,Coffee
T8072,U070,2024-12-08,Expense,Rent,7205.0,Cash,Lucknow,No Notes
T10709,U010,2023-09-21,Income,Freelance,79291.0,Bank_Transfer,Delhi,Shopping
T11754,U072,2021-09-08,Expense,Travel,3573.0,Card,Jaipur,No Notes
T9949,U028,2021-10-25,Expense,Education,1586.0,Bank_Transfer,Chennai,!!!
T12783,U097,2024-04-08,Expense,Travel,9803.0,Cash,Bangalore,Fixed deposit
T4004,U082,2024-03-01,Expense,Education,9457.0,Upi,Pune,misc
T6747,U148,2023-11-04,Income,Salary,58060.0,Upi,Mumbai,No Notes
T5316,U105,2024-08-31,Income,Investment,28409.0,Card,Pune,No Notes
T3342,U088,2023-09-06,Expense,Rent,2129.0,Card,Hyderabad,Gym membership
T1992,U060,2024-07-09,Expense,Rent,5290.0,Card,Lucknow,Train ticket
T8361,U003,2023-05-16,Expense,Rent,2278.0,Bank_Transfer,Delhi,Train ticket
T3073,U007,2022-01-12,Expense,Food,4873.0,Bank_Transfer,Bangalore,Lunch
T6247,U076,2023-04-24,Expense,Education,5266.0,Cash,Ahmedabad,ATM withdrawal
T4110,U020,2022-05-23,Expense,Education,1391.0,Upi,Lucknow,No Notes
T9812,U141,2024-05-24,Expense,Food,301.0,Cash,Bangalore,No Notes
T7710,U043,2024-10-20,Expense,Food,1720.0,Upi,Chennai,Restaurant dinner
T2258,U137,2021-02-13,Expense,Food,3513.0,Upi,Pune,...
T12640,U128,2023-08-12,Income,Bonus,79389.0,Bank_Transfer,Mumbai,Movie tickets
T9148,U060,2024-04-13,Expense,Food,2286.0,Upi,Delhi,Monthly rent payment
T8473,U061,2024-01-25,Expense,Food,6583.0,Upi,Mumbai,!!!
T7580,U046,2022-07-06,Expense,Food,6848.0,Upi,Jaipur,ATM withdrawal
T1862,U118,2023-09-13,Expense,Rent,5257.0,Bank_Transfer,Mumbai,No Notes
T12793,U042,2023-03-02,Expense,Education,4037.0,Card,Bangalore,No Notes
T12782,U109,2023-08-03,Expense,Travel,9786.0,Cash,Hyderabad,Doctor consultation
T1980,U025,2022-01-23,Expense,Travel,1579.0,Card,Mumbai,test
T0746,U052,2021-02-19,Income,Others,15783.0,Bank_Transfer,Ahmedabad,Gym membership
T8472,U092,2021-01-09,Expense,Health,202.0,Upi,Ahmedabad,Monthly rent payment
T0393,U126,2023-05-02,Expense,Rent,6188.0,Card,Unknown,No Notes
T11690,U093,2022-08-21,Expense,Travel,240.0,Upi,Kolkata,...
T6112,U040,2021-01-01,Expense,Rent,8189.0,Bank_Transfer,Ahmedabad,Shopping
T2584,U021,2023-06-25,Expense,Rent,37979.0,Bank_Transfer,Jaipur,Doctor consultation
T2056,U038,2021-08-30,Expense,Education,7396.0,Cash,Jaipur,Movie tickets
T1628,U097,2023-11-24,Expense,Travel,4517.0,Bank_Transfer,Pune,Coffee
T2631,U008,2021-11-15,Expense,Travel,9331.0,Card,Chennai,EMI payment
T7505,U110,2021-04-01,Income,Others,64814.0,Upi,Pune,Uber ride
T13684,U010,2021-01-05,Expense,Others,4605.0,Card,Ahmedabad,Electricity bill
T13559,U127,2023-02-14,Expense,Utilities,5722.0,Card,Jaipur,Doctor consultation
T13458,U058,2024-09-18,Expense,Rent,328.0,Card,Kolkata,Coffee
T10695,U059,2024-04-27,Expense,Utilities,676.0,Upi,Mumbai,Medicine
T7346,U062,2023-01-31,Expense,Education,6485.0,Card,Unknown,test
T4118,U043,2021-05-04,Expense,Utilities,9307.0,Card,Delhi,No Notes
T7562,U004,2021-01-29,Income,Bonus,14500.0,Upi,Unknown,Movie tickets
T9430,U119,2021-03-06,Expense,Food,1349.0,Card,Kolkata,asdfgh
T4283,U058,2024-02-09,Expense,Travel,2845.0,Cash,Bangalore,misc
T12626,U024,2024-04-16,Expense,Health,9616.0,Bank_Transfer,Unknown,asdfgh
T12600,U078,2022-05-17,Expense,Rent,8612.0,Cash,Pune,Lunch
T5485,U058,2023-09-24,Expense,Education,2859.0,Bank_Transfer,Ahmedabad,!!!
T2693,U112,2022-05-14,Expense,Food,2018.0,Cash,Jaipur,Doctor consultation
T4328,U078,2023-01-23,Expense,Travel,4645.0,Bank_Transfer,Bangalore,EMI payment
T13715,U086,2024-06-08,Income,Salary,44171.0,Bank_Transfer,Jaipur,Gym membership
T4125,U138,2023-11-21,Expense,Entertainment,4619.0,Card,Delhi,Train ticket
T8160,U108,2024-11-18,Income,Bonus,33136.0,Card,Kolkata,No Notes
T8373,U039,2022-04-04,Expense,Rent,8785.0,Cash,Chennai,Online course
T13620,U144,2022-03-20,Expense,Utilities,1686.0,Upi,Jaipur,No Notes
T12645,U024,2023-06-17,Income,Freelance,62527.0,Bank_Transfer,Kolkata,Monthly rent payment
T3752,U046,2024-09-01,Expense,Food,9721.0,Card,Chennai,Shopping
T4514,U138,2023-08-28,Expense,Entertainment,7619.0,Bank_Transfer,Jaipur,No Notes
T11899,U014,2021-09-03,Expense,Others,7308.0,Cash,Hyderabad,!!!
T1553,U050,2021-11-29,Expense,Rent,9155.0,Card,Kolkata,Internet bill
T12674,U024,2024-03-24,Expense,Rent,12001.0,Upi,Bangalore,No Notes
T6417,U029,2021-12-21,Income,Others,44645.0,Upi,Hyderabad,Petrol
T13046,U137,2021-06-02,Expense,Travel,4885.0,Card,Lucknow,Doctor consultation
T1643,U016,2023-11-15,Expense,Rent,9603.0,Cash,Jaipur,Internet bill
T8763,U144,2023-05-24,Income,Others,53848.0,Card,Unknown,No Notes
T2623,U021,2023-05-22,Expense,Food,4698.0,Upi,Ahmedabad,Shopping
T9863,U147,2022-08-12,Expense,Rent,43629.0,Upi,Unknown,misc
T3299,U053,2023-12-05,Expense,Savings,2143.0,Card,Unknown,Doctor consultation
T9821,U011,2022-11-25,Expense,Entertainment,9044.0,Cash,Jaipur,Gym membership
T2748,U049,2023-02-28,Income,Freelance,73238.0,Cash,Hyderabad,misc
T13327,U014,2024-12-10,Expense,Rent,45422.0,Cash,Kolkata,No Notes
T2855,U008,2021-01-08,Expense,Rent,8813.0,Card,Jaipur,Petrol
T10669,U030,2023-12-23,Expense,Travel,3873.0,Card,Unknown,Movie tickets
T8589,U019,2023-03-18,Expense,Entertainment,5711.0,Cash,Pune,Medicine
T2645,U072,2022-02-18,Expense,Utilities,2413.0,Bank_Transfer,Ahmedabad,No Notes
T4213,U087,2021-02-17,Expense,Education,6122.0,Bank_Transfer,Bangalore,Train ticket
T12095,U125,2022-03-20,Expense,Savings,8400.0,Upi,Chennai,Petrol
T10120,U016,2023-11-23,Income,Others,64931.0,Bank_Transfer,Kolkata,xyz123
T1453,U140,2021-10-28,Expense,Utilities,5317.0,Bank_Transfer,Bangalore,misc
T12752,U094,2023-10-21,Income,Bonus,53061.0,Card,Mumbai,Online course
T13094,U018,2022-08-16,Expense,Rent,5924.0,Card,Lucknow,Uber ride
T2112,U134,2022-12-19,Expense,Travel,5608.0,Cash,Mumbai,Electricity bill
T9434,U133,2022-06-03,Expense,Others,1268.0,Bank_Transfer,Lucknow,Lunch
T11129,U105,2023-06-30,Expense,Utilities,2083.0,Cash,Ahmedabad,No Notes
T5929,U105,2024-09-28,Expense,Rent,31567.0,Bank_Transfer,Unknown,No Notes
T1070,U075,2022-05-20,Expense,Utilities,8084.0,Cash,Chennai,test
T13016,U061,2022-05-21,Income,Others,64689.0,Cash,Lucknow,Online course
T10224,U144,2022-08-30,Expense,Entertainment,9387.0,Bank_Transfer,Kolkata,No Notes
T2653,U013,2024-06-16,Expense,Education,4272.0,Upi,Kolkata,Grocery shopping
T7779,U133,2024-10-24,Expense,Entertainment,8727.0,Card,Chennai,...
T6056,U053,2024-08-02,Expense,Travel,4448.0,Card,Hyderabad,misc
T4402,U078,2021-05-07,Expense,Entertainment,5957.0,Cash,Chennai,Restaurant dinner
T10866,U105,2022-02-06,Income,Freelance,256194.0,Upi,Bangalore,No Notes
T5475,U099,2021-08-13,Expense,Travel,6567.0,Card,Jaipur,Shopping
T10082,U006,2023-10-08,Expense,Entertainment,8886.0,Card,Lucknow,...
T8777,U015,2023-07-11,Expense,Rent,43520.0,Upi,Hyderabad,Monthly rent payment
T11594,U059,2024-09-14,Expense,Food,2087.0,Upi,Pune,No Notes
T8908,U137,2024-05-01,Expense,Rent,5192.0,Bank_Transfer,Unknown,No Notes
T9252,U067,2023-03-09,Expense,Rent,8529.0,Upi,Pune,ATM withdrawal
T8209,U013,2023-12-01,Expense,Entertainment,5020.0,Cash,Pune,No Notes
T2524,U037,2022-05-21,Expense,Utilities,6494.0,Card,Hyderabad,Internet bill
T9404,U090,2023-03-20,Income,Salary,55112.0,Card,Hyderabad,Doctor consultation
T13334,U066,2021-08-23,Expense,Travel,2863.0,Card,Kolkata,Lunch
T9276,U007,2024-02-20,Expense,Travel,2061.0,Upi,Bangalore,Restaurant dinner
T6534,U020,2022-03-15,Expense,Utilities,1190.0,Upi,Bangalore,Lunch
T13274,U047,2024-10-24,Expense,Food,5702.0,Bank_Transfer,Jaipur,Fixed deposit
T0758,U095,2021-06-08,Expense,Rent,1529.0,Bank_Transfer,Bangalore,Restaurant dinner
T12472,U130,2024-01-02,Expense,Entertainment,6556.0,Upi,Unknown,Fixed deposit
T10035,U120,2021-03-17,Expense,Entertainment,9672.0,Cash,Mumbai,Doctor consultation
T13493,U069,2024-06-08,Expense,Food,3140.0,Bank_Transfer,Kolkata,Monthly rent payment
T6980,U113,2024-04-07,Expense,Food,6189.0,Upi,Pune,Medicine
T5599,U019,2022-07-11,Expense,Utilities,8978.0,Card,Chennai,Grocery shopping
T10978,U067,2024-12-02,Expense,Travel,5170.0,Card,Jaipur,Coffee
T0180,U126,2024-03-11,Income,Others,64627.0,Bank_Transfer,Pune,No Notes
T11546,U084,2021-08-23,Expense,Entertainment,2819.0,Card,Hyderabad,Books
T7956,U109,2024-04-01,Expense,Entertainment,1688.0,Bank_Transfer,Jaipur,Lunch
T10553,U112,2021-09-26,Expense,Utilities,6431.0,Cash,Pune,Shopping
T7548,U010,2024-06-21,Expense,Rent,39988.0,Upi,Delhi,No Notes
T7699,U021,2023-06-25,Expense,Rent,5838.0,Card,Pune,Lunch
T5879,U130,2021-05-21,Expense,Food,4649.0,Upi,Bangalore,Petrol
T2568,U107,2023-07-11,Expense,Rent,9660.0,Bank_Transfer,Jaipur,!!!
T4260,U056,2024-04-14,Expense,Rent,4123.0,Upi,Unknown,Electricity bill
T12456,U054,2021-09-10,Expense,Food,8065.0,Upi,Unknown,No Notes
T5619,U033,2024-03-18,Expense,Travel,957.0,Bank_Transfer,Bangalore,Gym membership
T8732,U080,2022-07-27,Expense,Food,2210.0,Unknown,Delhi,No Notes
T12657,U004,2024-01-10,Expense,Travel,4701.0,Cash,Unknown,test
T2309,U140,2023-06-08,Expense,Travel,3212.0,Card,Mumbai,EMI payment
T12798,U026,2023-05-18,Expense,Food,7180.0,Upi,Lucknow,Grocery shopping
T13047,U055,2022-07-01,Expense,Food,4570.0,Card,Hyderabad,Train ticket
T13033,U074,2024-10-14,Expense,Education,6835.0,Cash,Pune,Uber ride
T4832,U063,2022-08-05,Expense,Food,8996.0,Bank_Transfer,Delhi,ATM withdrawal
T5027,U019,2021-09-22,Expense,Utilities,396.0,Upi,Chennai,No Notes
T4869,U001,2021-03-02,Expense,Food,165.0,Cash,Delhi,Books
T5678,U132,2024-11-16,Expense,Utilities,7732.0,Bank_Transfer,Ahmedabad,No Notes
T12049,U025,2023-06-07,Expense,Health,1261.0,Upi,Mumbai,Shopping
T2270,U140,2024-10-15,Expense,Rent,9731.0,Unknown,Hyderabad,Internet bill
T8829,U091,2021-10-31,Expense,Rent,2214.0,Card,Pune,Train ticket
T13405,U143,2022-03-24,Expense,Entertainment,7173.0,Bank_Transfer,Mumbai,Shopping
T8276,U060,2023-02-12,Expense,Food,2875.0,Card,Pune,Online course
T1625,U029,2021-08-23,Income,Freelance,31639.0,Bank_Transfer,Chennai,No Notes
T6945,U094,2021-12-05,Expense,Education,1331.0,Upi,Mumbai,Online course
T12682,U139,2022-12-19,Expense,Rent,7742.0,Unknown,Kolkata,Lunch
T12183,U055,2023-06-30,Expense,Rent,7200.0,Upi,Mumbai,asdfgh
T11240,U050,2021-07-04,Expense,Utilities,9103.0,Bank_Transfer,Unknown,No Notes
T13167,U040,2023-01-22,Expense,Utilities,4047.0,Card,Kolkata,Internet bill
T3237,U091,2023-07-26,Expense,Rent,21746.0,Cash,Chennai,No Notes
T9534,U061,2024-07-10,Expense,Rent,2828.0,Card,Delhi,Books
T4370,U026,2024-08-12,Expense,Rent,3550.0,Bank_Transfer,Delhi,test
T13710,U132,2021-12-28,Expense,Health,7509.0,Upi,Pune,Uber ride
T4238,U008,2024-01-03,Income,Salary,25841.0,Cash,Delhi,asdfgh
T8447,U142,2022-06-16,Expense,Travel,6297.0,Cash,Ahmedabad,test
T2135,U095,2023-07-22,Expense,Food,5495.0,Upi,Mumbai,misc
T2014,U120,2023-05-31,Income,Others,33389.0,Cash,Jaipur,Movie tickets
T5815,U050,2023-10-21,Expense,Utilities,190.0,Cash,Chennai,Shopping
T8505,U101,2021-11-06,Expense,Utilities,999999.0,Cash,Pune,Movie tickets
T10960,U021,2022-04-30,Expense,Rent,4760.0,Upi,Ahmedabad,No Notes
T4015,U147,2022-04-08,Expense,Education,3310.0,Cash,Ahmedabad,Coffee
T0584,U139,2024-03-15,Expense,Utilities,302.0,Upi,Mumbai,asdfgh
T7417,U106,2021-03-15,Expense,Rent,9379.0,Card,Bangalore,Doctor consultation
T5338,U044,2023-06-01,Expense,Food,2752.0,Upi,Jaipur,Electricity bill
T6083,U029,2021-09-24,Expense,Utilities,1494.0,Card,Ahmedabad,Petrol
T4254,U119,2024-11-28,Expense,Education,9348.0,Upi,Hyderabad,Petrol
T4996,U011,2024-07-31,Expense,Health,4811.0,Upi,Jaipur,Train ticket
T0614,U122,2021-01-06,Income,Bonus,10032.0,Cash,Ahmedabad,...
T1375,U025,2023-08-03,Expense,Food,3444.0,Card,Jaipur,Doctor consultation
T12847,U129,2023-09-25,Income,Investment,24553.0,Card,Chennai,No Notes
T2988,U113,2022-12-22,Expense,Travel,2419.0,Cash,Hyderabad,Fixed deposit
T9409,U053,2024-11-24,Expense,Travel,3997.0,Upi,Mumbai,No Notes
T1732,U031,2023-11-20,Income,Freelance,15051.0,Upi,Lucknow,ATM withdrawal
T11457,U055,2022-01-09,Income,Investment,12527.0,Card,Jaipur,asdfgh
T4966,U036,2024-01-09,Expense,Rent,8210.0,Bank_Transfer,Unknown,No Notes
T4030,U126,2021-11-23,Expense,Education,6959.0,Upi,Mumbai,Books
T7331,U123,2022-12-18,Expense,Education,2352.0,Bank_Transfer,Lucknow,ATM withdrawal
T8102,U086,2024-04-30,Expense,Entertainment,2193.0,Card,Bangalore,Online course
T4978,U135,2021-08-27,Expense,Entertainment,7070.0,Bank_Transfer,Chennai,...
T7741,U021,2024-05-27,Expense,Rent,2789.0,Cash,Ahmedabad,EMI payment
T12759,U117,2024-08-09,Income,Others,11931.0,Bank_Transfer,Pune,test
T11372,U118,2024-08-10,Expense,Food,6762.0,Upi,Hyderabad,EMI payment
T7579,U071,2023-04-06,Expense,Food,2007.0,Bank_Transfer,Mumbai,Petrol
T12953,U105,2021-12-26,Expense,Utilities,8185.0,Bank_Transfer,Lucknow,Movie tickets
T12165,U110,2022-08-08,Expense,Entertainment,1178.0,Cash,Ahmedabad,No Notes
T2181,U008,2021-03-08,Expense,Education,1247.0,Bank_Transfer,Bangalore,No Notes
T6108,U032,2021-08-01,Expense,Travel,9995.0,Bank_Transfer,Ahmedabad,Internet bill
T6592,U081,2024-02-06,Expense,Utilities,8982.0,Card,Pune,Uber ride
T4745,U036,2024-09-07,Expense,Food,4067.0,Card,Mumbai,Petrol
T6177,U119,2024-09-12,Expense,Utilities,7316.0,Cash,Ahmedabad,Doctor consultation
T11297,U036,2022-05-08,Income,Bonus,57598.0,Cash,Bangalore,...
T5847,U083,2022-11-10,Expense,Food,3952.0,Card,Bangalore,Online course
T2364,U080,2024-11-03,Expense,Entertainment,5302.0,Bank_Transfer,Chennai,misc
T9990,U056,2023-10-13,Expense,Travel,6661.0,Upi,Delhi,Train ticket
T7266,U005,2021-01-07,Expense,Rent,3753.0,Bank_Transfer,Unknown,Train ticket
T4408,U094,2022-07-20,Expense,Utilities,5193.0,Upi,Chennai,Electricity bill
T0827,U071,2023-10-04,Expense,Education,5369.0,Card,Mumbai,Uber ride
T7582,U033,2024-07-09,Expense,Education,6956.0,Cash,Mumbai,ATM withdrawal
T4539,U040,2021-07-19,Income,Salary,61212.0,Card,Bangalore,Fixed deposit
T12033,U093,2024-07-26,Expense,Utilities,591.0,Upi,Delhi,EMI payment
T11927,U044,2021-10-18,Expense,Rent,7690.0,Card,Hyderabad,Uber ride
T8517,U064,2023-05-30,Expense,Rent,8249.0,Cash,Chennai,!!!
T10895,U099,2021-06-05,Expense,Food,4805.0,Cash,Mumbai,Train ticket
T7844,U097,2023-01-22,Expense,Travel,1681.0,Unknown,Jaipur,Books
T5937,U061,2021-09-17,Expense,Education,2282.0,Card,Kolkata,Internet bill
T9864,U146,2022-03-07,Expense,Travel,8979.0,Upi,Hyderabad,Train ticket
T0343,U043,2022-10-10,Expense,Travel,9603.0,Upi,Pune,No Notes
T5662,U084,2022-03-19,Expense,Travel,6809.0,Card,Delhi,!!!
T0594,U011,2022-08-03,Expense,Rent,4766.0,Card,Kolkata,Movie tickets
T2718,U049,2022-12-03,Expense,Health,7085.0,Upi,Jaipur,Doctor consultation
T4998,U098,2021-05-11,Expense,Rent,1426.0,Card,Lucknow,Coffee
T13731,U037,2021-04-30,Expense,Entertainment,202.0,Upi,Lucknow,No Notes
T2066,U147,2022-04-14,Expense,Rent,7151.0,Cash,Unknown,No Notes
T0604,U056,2022-05-25,Expense,Education,8044.0,Unknown,Chennai,Uber ride
T6407,U139,2023-10-23,Expense,Entertainment,8002.0,Cash,Unknown,EMI payment
T5977,U149,2021-09-30,Expense,Travel,7004.0,Upi,Mumbai,Shopping
T4736,U017,2021-09-06,Expense,Rent,6771.0,Card,Chennai,Lunch
T6612,U143,2021-04-27,Expense,Savings,9508.0,Upi,Chennai,Movie tickets
T5248,U087,2022-03-16,Income,Bonus,74317.0,Card,Chennai,Movie tickets
T3864,U141,2023-08-17,Expense,Education,2218.0,Card,Mumbai,Shopping
T10928,U086,2022-12-04,Expense,Food,4550.0,Bank_Transfer,Chennai,Shopping
T9815,U044,2021-03-13,Income,Investment,61917.0,Card,Pune,Gym membership
T11905,U139,2022-10-26,Expense,Health,8529.0,Card,Lucknow,ATM withdrawal
T7415,U149,2022-02-06,Expense,Health,5131.0,Cash,Jaipur,test
T2023,U107,2023-03-24,Expense,Food,3585.0,Card,Ahmedabad,Uber ride
T10797,U026,2021-08-23,Expense,Utilities,6343.0,Card,Unknown,Medicine
T11210,U143,2024-07-06,Expense,Travel,2895.0,Card,Chennai,Medicine
T10527,U032,2024-03-01,Expense,Entertainment,5698.0,Card,Ahmedabad,Monthly rent payment
T4364,U095,2021-10-21,Expense,Others,3683.0,Bank_Transfer,Lucknow,Lunch
T4556,U102,2023-11-03,Expense,Utilities,6536.0,Card,Pune,Electricity bill
T12581,U023,2022-11-18,Expense,Travel,6220.0,Card,Lucknow,No Notes
T6181,U133,2024-11-15,Expense,Health,5009.0,Unknown,Hyderabad,xyz123
T6299,U083,2024-05-14,Expense,Entertainment,9570.0,Cash,Mumbai,No Notes
T1428,U105,2023-10-26,Income,Bonus,46795.0,Bank_Transfer,Chennai,No Notes
T0687,U031,2022-04-05,Expense,Food,753.0,Cash,Pune,Monthly rent payment
T8252,U088,2022-04-24,Expense,Travel,1969.0,Card,Bangalore,ATM withdrawal
T3100,U091,2023-10-24,Expense,Travel,819.0,Bank_Transfer,Lucknow,ATM withdrawal
T2049,U089,2021-12-09,Expense,Utilities,4294.0,Bank_Transfer,Ahmedabad,No Notes
T12228,U072,2021-11-26,Expense,Entertainment,8900.0,Card,Jaipur,xyz123
T3260,U148,2024-05-14,Expense,Utilities,4170.0,Bank_Transfer,Pune,Books
T8396,U128,2023-03-03,Expense,Others,4021.0,Cash,Ahmedabad,Gym membership
T12415,U053,2022-12-05,Income,Freelance,68861.0,Card,Mumbai,misc
T12251,U050,2024-04-23,Expense,Savings,5236.0,Cash,Lucknow,No Notes
T3896,U091,2023-07-31,Income,Bonus,58544.0,Upi,Chennai,Shopping
T5084,U061,2021-10-12,Expense,Utilities,3188.0,Bank_Transfer,Hyderabad,ATM withdrawal
T0429,U097,2022-10-14,Income,Salary,48559.0,Cash,Jaipur,No Notes
T3055,U059,2024-10-07,Expense,Rent,5192.0,Upi,Chennai,Lunch
T8907,U103,2024-07-24,Expense,Food,9879.0,Cash,Pune,!!!
T9655,U082,2023-12-04,Expense,Entertainment,4902.0,Upi,Lucknow,Shopping
T2569,U014,2024-05-11,Expense,Food,6228.0,Upi,Mumbai,EMI payment
T9937,U083,2024-11-20,Expense,Food,1518.0,Bank_Transfer,Kolkata,test
T10413,U119,2023-11-07,Expense,Rent,5113.0,Cash,Lucknow,test
T7962,U057,2021-04-02,Expense,Rent,25973.0,Card,Jaipur,Fixed deposit
T5008,U034,2024-02-17,Income,Investment,46868.0,Cash,Delhi,No Notes
T1758,U106,2022-11-16,Expense,Travel,665.0,Cash,Jaipur,Uber ride
T8257,U073,2022-11-14,Expense,Savings,3271.0,Upi,Ahmedabad,No Notes
T10296,U132,2023-01-06,Expense,Rent,4265.0,Card,Bangalore,asdfgh
T1050,U067,2023-09-11,Expense,Rent,3750.0,Card,Mumbai,No Notes
T5263,U124,2021-01-03,Expense,Rent,41711.0,Bank_Transfer,Lucknow,Medicine
T9626,U108,2021-01-22,Income,Investment,41892.0,Card,Kolkata,No Notes
T8542,U138,2022-01-15,Expense,Food,7865.0,Upi,Ahmedabad,Train ticket
T13072,U146,2022-04-25,Expense,Food,3287.0,Cash,Bangalore,Medicine
T10598,U117,2023-12-15,Expense,Rent,11785.0,Upi,Bangalore,Train ticket
T3923,U001,2022-05-18,Expense,Travel,7698.0,Upi,Jaipur,No Notes
T8107,U058,2021-08-09,Expense,Health,1704.0,Upi,Jaipur,No Notes
T5498,U063,2023-05-21,Income,Bonus,55974.0,Card,Bangalore,Doctor consultation
T13663,U020,2022-11-11,Expense,Savings,1625.0,Cash,Unknown,Movie tickets
T13902,U141,2023-04-14,Expense,Entertainment,6453.0,Bank_Transfer,Ahmedabad,EMI payment
T6647,U119,2024-06-29,Expense,Rent,9954.0,Card,Kolkata,Gym membership
T13304,U101,2023-02-27,Expense,Food,1953.0,Card,Chennai,No Notes
T7160,U048,2024-05-29,Expense,Travel,4307.0,Upi,Mumbai,Grocery shopping
T9328,U059,2024-08-03,Expense,Entertainment,7414.0,Upi,Unknown,!!!
T11395,U034,2022-12-14,Expense,Food,911.0,Upi,Ahmedabad,Shopping
T5078,U117,2022-01-03,Expense,Entertainment,2810.0,Cash,Delhi,test
T7627,U090,2021-04-15,Expense,Others,402.0,Bank_Transfer,Ahmedabad,Internet bill
T2109,U011,2022-08-04,Expense,Travel,4696.0,Cash,Bangalore,Monthly rent payment
T6388,U095,2022-02-18,Expense,Travel,2184.0,Upi,Jaipur,xyz123
T9250,U079,2024-08-09,Expense,Food,3097.0,Bank_Transfer,Ahmedabad,!!!
T6071,U128,2021-11-09,Expense,Food,2556.0,Card,Unknown,No Notes
T5622,U073,2024-01-03,Expense,Utilities,2863.0,Cash,Pune,Books
T10534,U005,2021-04-26,Expense,Food,3136.0,Cash,Hyderabad,Grocery shopping
T3320,U063,2021-08-03,Expense,Rent,5658.0,Cash,Delhi,Grocery shopping
T3473,U032,2021-06-24,Income,Freelance,37108.0,Card,Unknown,Movie tickets
T13965,U106,2021-02-23,Expense,Entertainment,8288.0,Bank_Transfer,Delhi,EMI payment
T1094,U024,2024-09-07,Expense,Rent,9635.0,Bank_Transfer,Unknown,No Notes
T11003,U048,2023-09-11,Expense,Health,8984.0,Upi,Unknown,test
T8896,U010,2022-11-12,Expense,Education,6414.0,Card,Chennai,No Notes
T8306,U118,2023-01-18,Expense,Food,142.0,Bank_Transfer,Delhi,xyz123
T11485,U125,2022-10-02,Expense,Rent,48716.0,Bank_Transfer,Bangalore,misc
T9313,U084,2022-05-11,Expense,Others,1938.0,Card,Lucknow,Uber ride
T9344,U114,2022-08-03,Expense,Travel,9355.0,Unknown,Kolkata,asdfgh
T6176,U058,2022-05-08,Expense,Entertainment,3689.0,Upi,Mumbai,Restaurant dinner
T10651,U049,2024-03-28,Expense,Utilities,4510.0,Cash,Mumbai,xyz123
T7526,U054,2021-01-25,Income,Others,33737.0,Upi,Unknown,Gym membership
T2303,U130,2024-11-24,Expense,Rent,46108.0,Card,Chennai,...
T13995,U092,2023-07-14,Expense,Utilities,2245.0,Upi,Bangalore,No Notes
T11494,U082,2021-06-21,Expense,Rent,15810.0,Card,Ahmedabad,Internet bill
T3768,U149,2022-10-24,Expense,Rent,41478.0,Upi,Ahmedabad,Restaurant dinner
T4533,U083,2022-05-07,Expense,Education,6632.0,Card,Jaipur,xyz123
T12084,U091,2023-12-04,Expense,Travel,9583.0,Cash,Bangalore,ATM withdrawal
T4407,U081,2021-01-16,Income,Bonus,67519.0,Cash,Hyderabad,Coffee
T6970,U049,2021-02-17,Expense,Utilities,5501.0,Cash,Hyderabad,Uber ride
T2371,U065,2023-08-16,Expense,Education,6671.0,Bank_Transfer,Ahmedabad,misc
T5398,U127,2022-12-16,Expense,Entertainment,8866.0,Upi,Bangalore,asdfgh
T8975,U049,2024-01-28,Expense,Rent,291.0,Card,Kolkata,Fixed deposit
T4207,U037,2022-07-04,Expense,Entertainment,736.0,Bank_Transfer,Ahmedabad,test
T2826,U097,2022-06-21,Income,Bonus,77634.0,Bank_Transfer,Jaipur,...
T13486,U134,2023-11-19,Expense,Food,2820.0,Upi,Pune,xyz123
T0809,U106,2023-11-29,Expense,Food,3238.0,Card,Kolkata,...
T5108,U041,2023-07-12,Expense,Food,4174.0,Upi,Hyderabad,ATM withdrawal
T9056,U060,2024-08-28,Expense,Education,9779.0,Card,Delhi,Coffee
T6542,U057,2023-06-02,Expense,Rent,38925.0,Card,Kolkata,Restaurant dinner
T2617,U044,2021-05-08,Expense,Food,6131.0,Cash,Hyderabad,asdfgh
T2101,U150,2024-03-23,Expense,Food,4055.0,Bank_Transfer,Lucknow,Grocery shopping
T5331,U115,2024-03-09,Income,Investment,66078.0,Unknown,Hyderabad,Books
T2435,U026,2024-12-15,Expense,Rent,38100.0,Bank_Transfer,Lucknow,Fixed deposit
T11985,U139,2022-06-30,Income,Salary,23045.0,Card,Hyderabad,Doctor consultation
T2953,U129,2021-07-23,Expense,Food,2061.0,Card,Delhi,Shopping
T7745,U111,2022-09-10,Expense,Education,7614.0,Card,Unknown,Movie tickets
T4753,U064,2023-07-26,Income,Salary,68569.0,Card,Bangalore,Online course
T2721,U092,2021-10-16,Expense,Rent,3475.0,Card,Chennai,EMI payment
T7183,U092,2021-02-14,Expense,Food,1029.0,Bank_Transfer,Ahmedabad,Fixed deposit
T13855,U106,2024-08-17,Income,Others,38785.0,Card,Lucknow,Shopping
T4762,U092,2021-01-19,Expense,Travel,2460.0,Cash,Hyderabad,No Notes
T7374,U107,2023-08-15,Expense,Rent,41884.0,Card,Delhi,ATM withdrawal
T5566,U080,2021-11-24,Expense,Food,3343.0,Unknown,Kolkata,test
T8459,U085,2023-01-12,Expense,Utilities,5105.0,Card,Pune,No Notes
T6382,U149,2024-08-25,Income,Investment,63088.0,Cash,Pune,Online course
T10663,U011,2022-06-14,Expense,Rent,48891.0,Cash,Chennai,No Notes
T11866,U091,2023-02-26,Expense,Utilities,6326.0,Card,Kolkata,No Notes
T7898,U046,2021-09-04,Expense,Utilities,9174.0,Bank_Transfer,Hyderabad,EMI payment
T0002,U072,2021-01-14,Expense,Savings,5614.0,Upi,Ahmedabad,Restaurant dinner
T7930,U032,2022-05-05,Expense,Utilities,8883.0,Upi,Delhi,Electricity bill
T6012,U052,2023-02-27,Expense,Rent,4328.0,Card,Bangalore,Coffee
T6835,U040,2022-11-19,Expense,Travel,6716.0,Upi,Pune,Online course
T8370,U114,2021-06-02,Expense,Food,3080.0,Upi,Pune,Gym membership
T5306,U139,2021-12-08,Expense,Rent,8303.0,Bank_Transfer,Ahmedabad,EMI payment
T6260,U117,2023-05-25,Income,Others,74547.0,Card,Bangalore,No Notes
T6169,U002,2023-10-26,Expense,Food,9131.0,Unknown,Chennai,!!!
T8991,U083,2021-11-22,Expense,Food,1061.0,Card,Chennai,Lunch
T10123,U019,2023-12-30,Income,Bonus,66713.0,Card,Delhi,No Notes
T2884,U083,2024-04-30,Expense,Education,2245.0,Bank_Transfer,Chennai,No Notes
T9921,U105,2021-11-18,Expense,Food,3300.0,Card,Ahmedabad,Online course
T6547,U036,2021-11-25,Expense,Travel,8371.0,Card,Lucknow,No Notes
T13706,U128,2024-08-18,Expense,Food,2528.0,Bank_Transfer,Kolkata,No Notes
T11010,U044,2023-11-29,Expense,Utilities,2047.0,Card,Mumbai,Shopping
T2071,U041,2022-01-04,Expense,Rent,1291.0,Bank_Transfer,Lucknow,Gym membership
T1638,U017,2023-08-18,Expense,Utilities,133.0,Bank_Transfer,Unknown,Coffee
T12696,U126,2022-01-28,Expense,Food,1500.0,Bank_Transfer,Bangalore,xyz123
T7605,U132,2022-01-10,Expense,Entertainment,1461.0,Upi,Jaipur,Electricity bill
T13554,U137,2024-05-09,Expense,Others,6098.0,Bank_Transfer,Unknown,Train ticket
T6234,U076,2021-06-04,Expense,Food,4511.0,Upi,Lucknow,Restaurant dinner
T6038,U045,2023-02-25,Expense,Utilities,7793.0,Bank_Transfer,Lucknow,Gym membership
T0560,U021,2021-07-03,Expense,Food,3319.0,Upi,Pune,No Notes
T5083,U117,2022-12-14,Expense,Food,8886.0,Cash,Delhi,misc
T5804,U014,2022-12-03,Expense,Travel,4562.0,Card,Ahmedabad,Lunch
T7027,U042,2022-11-12,Expense,Savings,4995.0,Card,Jaipur,No Notes
T1808,U033,2024-05-27,Expense,Travel,2733.0,Upi,Kolkata,No Notes
T11599,U135,2024-09-28,Expense,Education,6845.0,Card,Delhi,Online course
T0064,U122,2021-06-24,Expense,Entertainment,9708.0,Bank_Transfer,Pune,Electricity bill
T10125,U009,2023-09-20,Expense,Utilities,531.0,Cash,Hyderabad,Medicine
T2175,U098,2022-07-31,Expense,Food,999999.0,Cash,Lucknow,Doctor consultation
T9048,U053,2024-04-13,Expense,Travel,8575.0,Bank_Transfer,Hyderabad,Coffee
T12885,U066,2023-02-22,Income,Salary,25235.0,Upi,Jaipur,test
T5662,U088,2021-08-01,Expense,Education,1377.0,Bank_Transfer,Bangalore,Coffee
T7350,U141,2023-02-05,Expense,Travel,3057.0,Cash,Delhi,!!!
T9624,U111,2021-08-12,Expense,Utilities,6926.0,Cash,Bangalore,Fixed deposit
T10425,U118,2022-05-02,Income,Investment,65591.0,Bank_Transfer,Kolkata,Coffee
T7801,U023,2024-10-18,Expense,Food,1783.0,Cash,Kolkata,Internet bill
T12584,U092,2021-10-06,Expense,Entertainment,2235.0,Cash,Lucknow,No Notes
T7537,U032,2022-04-27,Expense,Entertainment,5707.0,Bank_Transfer,Pune,Grocery shopping
T3744,U003,2022-12-21,Income,Salary,79336.0,Cash,Lucknow,Coffee
T3120,U134,2023-10-28,Expense,Utilities,1316.0,Card,Hyderabad,Doctor consultation
T8300,U055,2021-05-02,Expense,Utilities,5389.0,Bank_Transfer,Hyderabad,Monthly rent payment
T6034,U003,2024-12-29,Income,Bonus,25582.0,Bank_Transfer,Lucknow,Shopping
T12278,U002,2023-03-19,Expense,Utilities,1859.0,Bank_Transfer,Mumbai,Uber ride
T6618,U149,2024-08-22,Income,Freelance,26401.0,Unknown,Kolkata,EMI payment
T0959,U102,2024-01-27,Expense,Food,4058.0,Card,Lucknow,ATM withdrawal
T1439,U063,2024-12-08,Expense,Food,6313.0,Unknown,Unknown,EMI payment
T10941,U016,2024-01-09,Expense,Entertainment,6500.0,Cash,Unknown,xyz123
T0463,U015,2022-11-08,Expense,Food,999999.0,Card,Ahmedabad,!!!
T12196,U070,2021-07-29,Expense,Food,9391.0,Cash,Bangalore,asdfgh
T8054,U127,2022-06-13,Expense,Entertainment,7199.0,Card,Kolkata,Gym membership
T0675,U132,2021-10-20,Expense,Food,1824.0,Upi,Ahmedabad,Lunch
T2535,U097,2022-09-20,Expense,Savings,3941.0,Upi,Delhi,!!!
T2021,U007,2024-08-20,Expense,Food,4861.0,Cash,Jaipur,Coffee
T12823,U011,2022-01-26,Income,Salary,13042.0,Unknown,Kolkata,!!!
T12166,U127,2022-04-15,Expense,Utilities,7423.0,Bank_Transfer,Hyderabad,Grocery shopping
T2961,U018,2024-09-29,Expense,Food,704.0,Cash,Kolkata,EMI payment
T1156,U023,2023-11-26,Expense,Utilities,2835.0,Upi,Unknown,xyz123
T2582,U121,2022-06-19,Income,Others,77097.0,Cash,Ahmedabad,No Notes
T13980,U056,2024-09-03,Expense,Others,9513.0,Bank_Transfer,Lucknow,!!!
T12055,U039,2023-03-10,Expense,Utilities,3100.0,Unknown,Chennai,Fixed deposit
T2034,U083,2022-08-13,Expense,Food,1883.0,Card,Mumbai,No Notes
T6218,U005,2024-01-18,Expense,Rent,7178.0,Upi,Mumbai,Lunch
T4581,U002,2021-08-09,Expense,Food,1012.0,Card,Bangalore,Movie tickets
T12483,U103,2023-02-20,Expense,Travel,615.0,Cash,Pune,Medicine
T3680,U136,2022-09-24,Expense,Rent,9942.0,Cash,Lucknow,Doctor consultation
T1979,U119,2022-05-29,Expense,Food,251.0,Upi,Ahmedabad,Train ticket
T10726,U009,2022-01-10,Expense,Food,1687.0,Bank_Transfer,Kolkata,Movie tickets
T13175,U085,2022-12-25,Expense,Food,2143.0,Bank_Transfer,Chennai,!!!
T3987,U086,2024-04-01,Expense,Health,8368.0,Bank_Transfer,Hyderabad,Restaurant dinner
T13353,U131,2023-05-09,Expense,Education,9955.0,Card,Delhi,Online course
T4135,U077,2021-09-09,Expense,Others,1635.0,Upi,Bangalore,...
T2411,U040,2021-11-08,Expense,Food,2076.0,Upi,Bangalore,Coffee
T7142,U116,2022-12-06,Expense,Entertainment,2131.0,Upi,Jaipur,Monthly rent payment
T1484,U075,2023-03-31,Expense,Food,4300.0,Bank_Transfer,Chennai,test
T10655,U115,2024-07-06,Expense,Savings,5251.0,Upi,Kolkata,No Notes
T12726,U078,2023-12-02,Expense,Entertainment,1487.0,Bank_Transfer,Delhi,!!!
T11691,U073,2023-10-31,Expense,Travel,4222.0,Cash,Pune,EMI payment
T13232,U060,2023-04-02,Expense,Rent,45594.0,Upi,Jaipur,No Notes
T9847,U110,2024-07-12,Expense,Health,8327.0,Upi,Chennai,Doctor consultation
T11336,U035,2022-09-10,Expense,Food,7139.0,Bank_Transfer,Hyderabad,Doctor consultation
T13332,U139,2024-11-08,Expense,Rent,2218.0,Card,Chennai,Petrol
T10573,U086,2021-10-30,Expense,Rent,48718.0,Upi,Unknown,Movie tickets
T8389,U023,2021-01-13,Expense,Travel,4914.0,Unknown,Chennai,xyz123
T9107,U141,2022-03-06,Expense,Rent,4746.0,Bank_Transfer,Lucknow,Electricity bill
T8118,U096,2023-06-11,Expense,Travel,6396.0,Upi,Pune,Online course
T1480,U046,2022-02-10,Expense,Entertainment,159.0,Upi,Unknown,No Notes
T11238,U030,2023-12-07,Expense,Food,4431.0,Cash,Jaipur,Shopping
T7959,U142,2021-02-14,Expense,Rent,955.0,Unknown,Mumbai,Books
T0227,U073,2022-03-20,Income,Freelance,28705.0,Card,Kolkata,Petrol
T7319,U022,2022-03-12,Expense,Rent,41744.0,Unknown,Ahmedabad,Fixed deposit
T5811,U053,2023-01-08,Expense,Rent,38339.0,Upi,Jaipur,Books
T3502,U078,2023-05-19,Expense,Rent,2197.0,Upi,Lucknow,Books
T5241,U129,2022-01-12,Expense,Health,1956.0,Card,Delhi,Gym membership
T13409,U113,2024-02-29,Income,Freelance,24573.0,Upi,Chennai,Movie tickets
T12063,U120,2022-11-10,Expense,Rent,747.0,Upi,Lucknow,Shopping
T5378,U028,2024-11-17,Expense,Rent,3355.0,Card,Hyderabad,No Notes
T11885,U105,2022-05-30,Expense,Entertainment,3921.0,Upi,Delhi,xyz123
T10104,U070,2023-03-05,Expense,Food,1337.0,Upi,Jaipur,Electricity bill
T1983,U026,2023-10-29,Expense,Education,6107.0,Bank_Transfer,Kolkata,Books
T11310,U137,2021-05-18,Expense,Food,2853.0,Bank_Transfer,Jaipur,xyz123
T6860,U093,2022-12-07,Expense,Food,598.0,Card,Hyderabad,Monthly rent payment
T3408,U102,2024-10-11,Expense,Savings,9429.0,Card,Hyderabad,Doctor consultation
T4100,U038,2023-06-28,Expense,Food,1028.0,Cash,Pune,Monthly rent payment
T0051,U112,2024-07-21,Expense,Food,853.0,Bank_Transfer,Pune,Train ticket
T6957,U147,2023-02-16,Expense,Utilities,5591.0,Bank_Transfer,Jaipur,Coffee
T13235,U049,2024-08-22,Expense,Entertainment,1720.0,Card,Bangalore,Petrol
T9753,U096,2022-07-23,Expense,Travel,9213.0,Bank_Transfer,Lucknow,asdfgh
T9320,U124,2021-03-02,Income,Salary,30880.0,Unknown,Jaipur,EMI payment
T3295,U130,2022-12-05,Expense,Entertainment,9184.0,Cash,Jaipur,Gym membership
T1878,U048,2021-09-19,Expense,Education,6133.0,Card,Mumbai,Lunch
T8886,U027,2022-01-25,Expense,Others,1812.0,Card,Unknown,misc
T10324,U092,2023-12-06,Income,Bonus,71351.0,Bank_Transfer,Hyderabad,Online course
T3063,U133,2021-12-27,Expense,Utilities,855.0,Cash,Delhi,Medicine
T12832,U074,2023-12-20,Expense,Food,2857.0,Upi,Jaipur,Fixed deposit
T12331,U103,2023-01-27,Expense,Utilities,4267.0,Card,Pune,Gym membership
T13737,U069,2021-07-24,Expense,Rent,41859.0,Card,Ahmedabad,Monthly rent payment
T13366,U019,2024-09-01,Expense,Travel,7696.0,Cash,Lucknow,Grocery shopping
T10890,U125,2024-09-01,Expense,Rent,35329.0,Cash,Chennai,Electricity bill
T11456,U143,2023-10-24,Expense,Entertainment,1548.0,Bank_Transfer,Kolkata,No Notes
T4942,U034,2022-08-23,Expense,Food,2136.0,Upi,Bangalore,...
T5978,U137,2024-11-07,Expense,Rent,21375.0,Card,Bangalore,Lunch
T9239,U036,2021-08-01,Expense,Rent,6130.0,Bank_Transfer,Pune,Books
T5774,U045,2021-03-13,Income,Salary,57697.0,Card,Ahmedabad,misc
T9418,U116,2023-07-10,Income,Investment,55602.0,Cash,Unknown,misc
T13114,U003,2024-05-20,Expense,Utilities,7693.0,Card,Unknown,Gym membership
T8166,U125,2024-12-26,Expense,Education,9963.0,Unknown,Hyderabad,Internet bill
T12321,U138,2022-10-31,Income,Salary,11202.0,Upi,Lucknow,Train ticket
T5190,U144,2022-09-29,Expense,Education,2141.0,Bank_Transfer,Ahmedabad,test
T4544,U016,2024-03-12,Expense,Travel,4128.0,Card,Mumbai,xyz123
T5790,U027,2021-12-20,Expense,Rent,35263.0,Card,Chennai,Lunch
T0031,U040,2023-08-28,Expense,Rent,2849.0,Card,Mumbai,EMI payment
T0665,U039,2021-05-30,Expense,Rent,6677.0,Cash,Pune,Shopping
T5635,U038,2022-03-17,Expense,Travel,3299.0,Card,Unknown,misc
T9237,U126,2023-08-23,Expense,Utilities,8911.0,Card,Unknown,Lunch
T12941,U048,2024-08-16,Expense,Rent,2066.0,Upi,Delhi,Uber ride
T0603,U024,2022-11-14,Expense,Entertainment,6032.0,Bank_Transfer,Bangalore,misc
T13930,U104,2024-07-19,Expense,Rent,11352.0,Upi,Unknown,No Notes
T7734,U106,2022-10-17,Expense,Health,8537.0,Cash,Bangalore,test
T12338,U102,2024-07-06,Expense,Utilities,1759.0,Bank_Transfer,Bangalore,Doctor consultation
T4451,U046,2023-09-06,Expense,Travel,3152.0,Card,Pune,Electricity bill
T7151,U132,2022-10-27,Expense,Food,499.0,Upi,Kolkata,Medicine
T13426,U015,2024-12-05,Expense,Health,1971.0,Cash,Pune,Gym membership
T9322,U129,2021-02-02,Expense,Education,6905.0,Upi,Jaipur,No Notes
T8988,U039,2023-11-11,Expense,Savings,7662.0,Upi,Kolkata,Lunch
T7753,U013,2024-06-13,Expense,Rent,7492.0,Cash,Mumbai,Uber ride
T4298,U053,2023-01-20,Expense,Others,5121.0,Unknown,Chennai,Medicine
T1005,U137,2023-06-12,Income,Freelance,897178.0,Card,Mumbai,No Notes
T12234,U106,2022-04-10,Expense,Food,2973.0,Upi,Hyderabad,Gym membership
T3560,U067,2022-08-03,Expense,Savings,965.0,Bank_Transfer,Jaipur,Gym membership
T7195,U004,2023-05-27,Expense,Food,3678.0,Cash,Delhi,ATM withdrawal
T4897,U071,2024-07-19,Income,Others,39654.0,Bank_Transfer,Hyderabad,test
T13676,U055,2022-11-05,Expense,Education,251.0,Bank_Transfer,Lucknow,Coffee
T0414,U102,2021-10-14,Income,Freelance,51720.0,Upi,Hyderabad,No Notes
T7140,U049,2021-02-14,Expense,Rent,1358.0,Upi,Mumbai,xyz123
T7484,U139,2022-01-15,Expense,Rent,46926.0,Bank_Transfer,Chennai,Electricity bill
T6756,U002,2021-03-23,Expense,Travel,6785.0,Upi,Mumbai,misc
T10367,U115,2021-04-02,Income,Bonus,26509.0,Bank_Transfer,Lucknow,test
T2116,U115,2024-07-04,Expense,Utilities,1904.0,Cash,Mumbai,Grocery shopping
T9333,U135,2024-02-10,Expense,Travel,7390.0,Upi,Delhi,Online course
T1267,U072,2024-03-30,Expense,Food,3371.0,Bank_Transfer,Lucknow,EMI payment
T3045,U013,2023-09-09,Expense,Education,7329.0,Card,Kolkata,Restaurant dinner
T12991,U090,2024-08-01,Expense,Food,5447.0,Cash,Mumbai,No Notes
T13624,U116,2021-02-21,Expense,Health,6892.0,Bank_Transfer,Ahmedabad,No Notes
T1759,U026,2022-03-30,Expense,Food,3463.0,Upi,Mumbai,Grocery shopping
T12592,U024,2023-04-13,Expense,Rent,250.0,Cash,Unknown,Monthly rent payment
T12493,U140,2024-12-05,Expense,Travel,2304.0,Upi,Kolkata,Petrol
T5744,U024,2024-02-08,Expense,Food,2768.0,Bank_Transfer,Pune,Shopping
T0936,U071,2024-02-02,Expense,Travel,1700.0,Cash,Pune,Train ticket
T3161,U027,2021-01-03,Expense,Rent,5663.0,Bank_Transfer,Pune,Grocery shopping
T3087,U082,2024-10-06,Expense,Others,9921.0,Bank_Transfer,Ahmedabad,Shopping
T0155,U020,2021-02-09,Income,Bonus,19034.0,Upi,Ahmedabad,Grocery shopping
T4565,U143,2024-03-05,Expense,Food,6257.0,Card,Ahmedabad,Doctor consultation
T4112,U085,2023-07-25,Expense,Education,5168.0,Card,Hyderabad,No Notes
T11556,U083,2022-05-16,Expense,Travel,9973.0,Upi,Lucknow,Online course
T6418,U038,2024-06-03,Expense,Health,8135.0,Cash,Mumbai,Monthly rent payment
T7611,U106,2022-11-26,Income,Bonus,44351.0,Bank_Transfer,Pune,Gym membership
T9496,U041,2023-06-18,Expense,Food,3421.0,Cash,Pune,Shopping
T3818,U009,2021-08-24,Expense,Travel,6831.0,Upi,Hyderabad,Monthly rent payment
T11758,U041,2021-11-30,Expense,Food,3491.0,Bank_Transfer,Kolkata,!!!
T13433,U042,2021-04-13,Expense,Rent,35791.0,Cash,Pune,EMI payment
T5325,U009,2023-07-23,Expense,Travel,7727.0,Upi,Jaipur,Monthly rent payment
T1622,U108,2023-09-25,Expense,Utilities,2133.0,Upi,Pune,...
T0969,U033,2021-01-27,Expense,Entertainment,2545.0,Bank_Transfer,Bangalore,Movie tickets
T7754,U088,2022-09-04,Expense,Savings,9507.0,Bank_Transfer,Jaipur,Doctor consultation
T12897,U040,2022-06-25,Expense,Travel,8851.0,Upi,Ahmedabad,Grocery shopping
T4472,U134,2024-10-28,Income,Investment,67602.0,Unknown,Unknown,asdfgh
T6521,U016,2021-06-05,Income,Investment,31110.0,Bank_Transfer,Mumbai,Restaurant dinner
T2384,U125,2022-08-31,Expense,Travel,6249.0,Bank_Transfer,Unknown,Train ticket
T2345,U131,2021-08-23,Expense,Travel,4395.0,Bank_Transfer,Jaipur,...
T5209,U023,2022-11-02,Expense,Entertainment,9057.0,Upi,Delhi,No Notes
T5373,U052,2022-08-11,Expense,Food,9764.0,Upi,Lucknow,No Notes
T12062,U075,2021-09-05,Expense,Education,7914.0,Card,Pune,No Notes
T5136,U134,2024-02-25,Expense,Entertainment,9270.0,Bank_Transfer,Chennai,!!!
T5587,U105,2023-06-12,Income,Others,44152.0,Upi,Lucknow,Internet bill
T5807,U059,2021-04-03,Expense,Travel,594.0,Card,Chennai,No Notes
T9066,U052,2023-02-15,Expense,Education,3955.0,Bank_Transfer,Kolkata,Restaurant dinner
T12268,U117,2021-12-01,Expense,Entertainment,3201.0,Upi,Delhi,Restaurant dinner
T10520,U106,2024-04-03,Expense,Food,4094.0,Upi,Lucknow,Monthly rent payment
T10874,U104,2023-05-27,Expense,Education,8847.0,Upi,Delhi,No Notes
T2534,U017,2023-07-28,Income,Investment,19860.0,Bank_Transfer,Mumbai,Train ticket
T1129,U021,2022-02-02,Expense,Travel,4871.0,Bank_Transfer,Kolkata,xyz123
T0120,U126,2024-08-07,Expense,Food,9054.0,Cash,Unknown,Electricity bill
T8807,U018,2022-01-24,Expense,Food,3945.0,Cash,Hyderabad,Monthly rent payment
T1587,U012,2023-06-29,Expense,Travel,3525.0,Card,Delhi,Movie tickets
T9295,U082,2021-05-06,Expense,Utilities,4275.0,Cash,Pune,Movie tickets
T7333,U049,2022-11-15,Expense,Rent,34124.0,Card,Kolkata,...
T1603,U055,2023-01-01,Expense,Travel,3714.0,Upi,Mumbai,EMI payment
T3461,U148,2021-10-21,Income,Investment,67320.0,Bank_Transfer,Jaipur,Gym membership
T3602,U143,2021-02-24,Income,Salary,18584.0,Cash,Mumbai,...
T3893,U002,2021-11-29,Expense,Health,8193.0,Bank_Transfer,Bangalore,xyz123
T1762,U019,2022-03-10,Expense,Health,4322.0,Upi,Hyderabad,Medicine
T9674,U047,2024-02-26,Expense,Rent,29178.0,Cash,Delhi,Monthly rent payment
T8178,U121,2024-07-19,Income,Investment,29039.0,Upi,Chennai,No Notes
T5268,U135,2024-09-05,Expense,Utilities,499.0,Cash,Unknown,No Notes
T6649,U026,2021-01-06,Expense,Food,324.0,Bank_Transfer,Chennai,Books
T11447,U035,2021-02-18,Expense,Education,999999.0,Upi,Lucknow,Train ticket
T6175,U103,2022-04-23,Expense,Rent,39157.0,Upi,Unknown,!!!
T12383,U065,2023-08-19,Expense,Rent,4351.0,Unknown,Lucknow,Train ticket
T0536,U125,2021-06-06,Expense,Entertainment,3045.0,Cash,Hyderabad,No Notes
T1510,U042,2021-09-08,Expense,Food,1226.0,Upi,Mumbai,No Notes
T11192,U108,2024-12-18,Expense,Rent,31006.0,Card,Unknown,misc
T7312,U038,2023-07-17,Expense,Food,1680.0,Card,Kolkata,No Notes
T2812,U122,2022-01-25,Expense,Education,8142.0,Card,Bangalore,Internet bill
T10950,U018,2021-07-01,Expense,Food,3054.0,Cash,Chennai,No Notes
T2937,U123,2021-08-18,Expense,Rent,8424.0,Cash,Ahmedabad,Electricity bill
T2787,U100,2021-07-28,Expense,Entertainment,7837.0,Upi,Delhi,No Notes
T3114,U105,2024-09-26,Expense,Food,1652.0,Cash,Jaipur,Electricity bill
T4288,U019,2024-09-20,Income,Bonus,59781.0,Cash,Unknown,Internet bill
T2515,U011,2024-09-03,Expense,Entertainment,8617.0,Bank_Transfer,Kolkata,Doctor consultation
T7347,U142,2021-09-08,Expense,Rent,5656.0,Bank_Transfer,Delhi,Petrol
T9096,U086,2023-03-21,Expense,Savings,7072.0,Bank_Transfer,Unknown,...
T0544,U117,2024-08-05,Expense,Travel,3770.0,Upi,Delhi,Medicine
T13465,U005,2023-07-14,Expense,Food,9467.0,Bank_Transfer,Bangalore,Doctor consultation
T0109,U039,2023-02-12,Expense,Travel,8461.0,Bank_Transfer,Jaipur,No Notes
T13307,U028,2024-01-01,Expense,Entertainment,7081.0,Card,Mumbai,test
T6975,U047,2024-12-16,Expense,Travel,1405.0,Bank_Transfer,Pune,!!!
T8801,U137,2023-02-25,Income,Bonus,58338.0,Upi,Chennai,Movie tickets
T2329,U083,2023-06-20,Expense,Education,6671.0,Bank_Transfer,Mumbai,xyz123
T6667,U083,2024-09-14,Expense,Education,3442.0,Bank_Transfer,Hyderabad,Uber ride
T5789,U145,2024-11-18,Expense,Food,6677.0,Cash,Bangalore,Monthly rent payment
T12254,U147,2024-07-30,Expense,Utilities,6722.0,Unknown,Jaipur,No Notes
T6552,U126,2021-09-22,Expense,Utilities,7339.0,Bank_Transfer,Chennai,Grocery shopping
T1649,U060,2022-06-13,Expense,Entertainment,8613.0,Card,Bangalore,No Notes
T12228,U145,2024-05-13,Income,Freelance,52361.0,Cash,Jaipur,asdfgh
T5161,U136,2023-03-17,Expense,Rent,1033.0,Cash,Delhi,Lunch
T10844,U044,2024-07-16,Expense,Rent,2822.0,Cash,Kolkata,No Notes
T0656,U019,2021-08-27,Expense,Food,8082.0,Cash,Chennai,No Notes
T2795,U046,2024-03-10,Income,Bonus,60071.0,Upi,Hyderabad,Monthly rent payment
T7304,U107,2023-10-24,Income,Freelance,17348.0,Upi,Lucknow,Gym membership
T1535,U002,2021-06-14,Expense,Savings,5452.0,Bank_Transfer,Kolkata,Online course
T12923,U031,2022-10-08,Expense,Rent,25193.0,Upi,Kolkata,No Notes
T8586,U014,2021-07-26,Income,Freelance,12511.0,Upi,Ahmedabad,Movie tickets
T11602,U006,2021-03-29,Expense,Entertainment,5625.0,Cash,Bangalore,Shopping
T12018,U075,2023-06-04,Expense,Travel,503.0,Card,Chennai,...
T8733,U013,2021-02-12,Income,Freelance,31340.0,Cash,Ahmedabad,Online course
T7158,U041,2021-07-17,Expense,Food,2467.0,Bank_Transfer,Pune,Coffee
T13066,U048,2022-06-01,Expense,Rent,6347.0,Bank_Transfer,Kolkata,xyz123
T0461,U028,2021-07-12,Expense,Entertainment,9695.0,Cash,Mumbai,Uber ride
T3427,U093,2023-06-07,Income,Salary,23554.0,Cash,Unknown,No Notes
T0530,U026,2021-01-08,Expense,Food,4512.0,Cash,Chennai,Gym membership
T12741,U013,2023-09-27,Income,Freelance,63400.0,Bank_Transfer,Bangalore,Uber ride
T11275,U131,2023-03-23,Expense,Rent,8441.0,Bank_Transfer,Kolkata,asdfgh
T4885,U131,2022-05-18,Expense,Travel,7769.0,Card,Chennai,misc
T1429,U021,2022-10-23,Expense,Utilities,8340.0,Bank_Transfer,Delhi,ATM withdrawal
T13002,U086,2021-08-19,Expense,Rent,8603.0,Bank_Transfer,Kolkata,No Notes
T12379,U081,2024-03-22,Income,Others,57074.0,Upi,Pune,Coffee
T1240,U035,2021-01-07,Expense,Food,3815.0,Upi,Kolkata,Internet bill
T10460,U054,2023-11-05,Expense,Rent,5030.0,Upi,Ahmedabad,Uber ride
T12883,U068,2021-12-24,Expense,Education,5748.0,Card,Chennai,Movie tickets
T13092,U122,2022-04-22,Expense,Food,4141.0,Card,Pune,test
T12754,U055,2021-04-06,Expense,Rent,8246.0,Bank_Transfer,Pune,asdfgh
T8971,U091,2021-09-03,Expense,Education,8853.0,Cash,Ahmedabad,Grocery shopping
T9435,U054,2023-07-06,Income,Salary,28328.0,Card,Chennai,Lunch
T11703,U019,2022-01-05,Income,Salary,59002.0,Upi,Kolkata,Doctor consultation
T13553,U069,2022-06-11,Expense,Savings,7176.0,Cash,Delhi,Movie tickets
T5729,U050,2022-01-04,Expense,Others,5463.0,Card,Mumbai,ATM withdrawal
T0791,U054,2024-05-09,Expense,Others,4231.0,Bank_Transfer,Hyderabad,...
T5499,U101,2022-02-20,Expense,Travel,5714.0,Card,Lucknow,Lunch
T6087,U012,2022-08-30,Expense,Rent,8709.0,Card,Chennai,No Notes
T9936,U029,2022-11-27,Expense,Utilities,3855.0,Bank_Transfer,Delhi,Medicine
T0141,U033,2021-09-29,Expense,Education,9560.0,Cash,Kolkata,misc
T4893,U066,2021-12-29,Income,Salary,73476.0,Cash,Ahmedabad,No Notes
T13407,U074,2023-08-09,Expense,Entertainment,7877.0,Card,Delhi,Petrol
T13344,U128,2021-11-02,Expense,Rent,22993.0,Bank_Transfer,Unknown,Electricity bill
T0398,U081,2021-03-12,Expense,Entertainment,1047.0,Upi,Jaipur,EMI payment
T1103,U067,2021-04-05,Expense,Education,6964.0,Cash,Hyderabad,Internet bill
T3480,U067,2023-11-25,Income,Others,72320.0,Cash,Pune,...
T6410,U097,2022-02-01,Income,Others,60799.0,Upi,Hyderabad,No Notes
T3830,U015,2022-06-22,Expense,Food,1506.0,Bank_Transfer,Lucknow,Coffee
T9545,U042,2023-02-05,Expense,Food,786.0,Bank_Transfer,Lucknow,Books
T13862,U108,2023-01-24,Expense,Others,1041.0,Upi,Mumbai,Medicine
T6052,U116,2023-06-23,Expense,Savings,636.0,Cash,Kolkata,xyz123
T0212,U072,2022-11-26,Expense,Utilities,3170.0,Upi,Delhi,No Notes
T13456,U122,2023-05-08,Expense,Food,7457.0,Card,Unknown,Lunch
T10642,U064,2022-10-13,Expense,Food,1739.0,Card,Lucknow,No Notes
T7776,U004,2023-06-27,Expense,Food,2955.0,Unknown,Chennai,EMI payment
T7871,U003,2023-09-19,Income,Bonus,41293.0,Card,Delhi,Medicine
T7138,U024,2023-08-15,Income,Others,46066.0,Bank_Transfer,Hyderabad,Gym membership
T6376,U069,2021-05-22,Expense,Utilities,8255.0,Bank_Transfer,Ahmedabad,Electricity bill
T1344,U127,2023-03-14,Expense,Travel,7648.0,Unknown,Lucknow,ATM withdrawal
T9547,U147,2024-09-16,Expense,Rent,5797.0,Cash,Ahmedabad,Train ticket
T9916,U107,2023-02-26,Expense,Food,8521.0,Cash,Chennai,Medicine
T13502,U092,2023-09-15,Expense,Education,8419.0,Bank_Transfer,Ahmedabad,No Notes
T13281,U149,2023-07-30,Expense,Food,2748.0,Card,Kolkata,xyz123
T9068,U042,2023-05-08,Income,Freelance,30605.0,Bank_Transfer,Ahmedabad,Coffee
T3650,U087,2024-11-12,Income,Investment,61108.0,Bank_Transfer,Kolkata,Books
T12341,U068,2021-09-07,Expense,Rent,6586.0,Cash,Mumbai,EMI payment
T6075,U100,2023-07-24,Expense,Rent,7270.0,Unknown,Pune,No Notes
T0232,U106,2024-02-16,Expense,Food,9564.0,Cash,Bangalore,Movie tickets
T8315,U107,2021-05-11,Expense,Utilities,3928.0,Upi,Mumbai,Shopping
T6972,U022,2022-05-19,Income,Investment,67245.0,Card,Kolkata,No Notes
T4271,U077,2023-04-15,Income,Freelance,25406.0,Card,Pune,Internet bill
T10429,U076,2022-02-23,Expense,Rent,12192.0,Upi,Ahmedabad,ATM withdrawal
T4830,U135,2023-02-04,Expense,Rent,25762.0,Cash,Delhi,ATM withdrawal
T10165,U087,2022-06-02,Expense,Food,1996.0,Upi,Ahmedabad,EMI payment
T9779,U090,2024-06-09,Expense,Rent,5712.0,Unknown,Kolkata,Gym membership
T9318,U054,2024-09-16,Expense,Food,3504.0,Bank_Transfer,Unknown,Electricity bill
T9434,U135,2023-08-31,Expense,Rent,14941.0,Card,Jaipur,Uber ride
T4086,U099,2023-03-16,Expense,Food,9065.0,Cash,Bangalore,Movie tickets
T9454,U013,2022-03-09,Income,Others,29767.0,Bank_Transfer,Jaipur,Medicine
T5082,U032,2024-12-28,Expense,Rent,6569.0,Cash,Bangalore,Electricity bill
T1020,U058,2022-12-23,Income,Investment,24338.0,Card,Kolkata,Internet bill
T6225,U025,2023-10-11,Expense,Rent,8732.0,Bank_Transfer,Mumbai,Movie tickets
T13264,U069,2023-12-26,Income,Salary,47277.0,Upi,Mumbai,Medicine
T10659,U107,2022-01-03,Expense,Food,6340.0,Cash,Lucknow,Monthly rent payment
T12132,U105,2023-03-21,Expense,Travel,6753.0,Upi,Chennai,misc
T12336,U097,2024-06-13,Income,Investment,19295.0,Card,Pune,Books
T3173,U063,2023-03-06,Income,Bonus,57350.0,Upi,Ahmedabad,No Notes
T8363,U080,2023-01-13,Expense,Rent,20939.0,Upi,Ahmedabad,...
T10291,U016,2022-12-18,Income,Investment,45417.0,Card,Jaipur,Petrol
T5441,U131,2022-03-26,Expense,Food,2783.0,Bank_Transfer,Lucknow,ATM withdrawal
T0625,U054,2023-08-16,Income,Freelance,52335.0,Cash,Hyderabad,Grocery shopping
T13187,U067,2021-05-07,Expense,Food,1883.0,Cash,Unknown,Books
T1553,U042,2023-07-25,Expense,Others,1822.0,Cash,Bangalore,No Notes
T7821,U003,2024-05-09,Expense,Food,7956.0,Cash,Pune,Train ticket
T12337,U056,2024-03-07,Income,Freelance,25287.0,Bank_Transfer,Bangalore,Books
T8130,U069,2022-06-27,Expense,Entertainment,3024.0,Cash,Lucknow,...
T8524,U078,2021-02-27,Expense,Utilities,9689.0,Cash,Lucknow,Petrol
T8915,U003,2021-06-23,Expense,Food,8374.0,Cash,Chennai,Coffee
T6334,U072,2023-07-27,Expense,Rent,28885.0,Card,Mumbai,Electricity bill
T8787,U057,2021-05-31,Expense,Education,3190.0,Cash,Mumbai,No Notes
T10697,U024,2022-08-08,Expense,Food,4661.0,Bank_Transfer,Pune,Electricity bill
T2079,U081,2024-04-23,Expense,Entertainment,8305.0,Card,Hyderabad,Medicine
T7790,U013,2022-12-23,Income,Investment,48409.0,Card,Delhi,Books
T7558,U130,2021-03-17,Expense,Travel,7503.0,Upi,Jaipur,test
T2766,U049,2024-06-23,Income,Freelance,54359.0,Upi,Jaipur,misc
T6949,U077,2022-06-27,Income,Others,22952.0,Bank_Transfer,Unknown,Medicine
T11465,U043,2023-12-10,Expense,Food,3059.0,Upi,Jaipur,Train ticket
T2321,U112,2024-01-30,Expense,Food,348.0,Bank_Transfer,Jaipur,Books
T3817,U129,2023-05-26,Income,Bonus,17535.0,Cash,Jaipur,Uber ride
T11982,U001,2024-11-15,Expense,Health,1966.0,Cash,Delhi,Books
T13193,U069,2023-12-05,Expense,Food,2069.0,Bank_Transfer,Jaipur,misc
T7337,U120,2022-04-20,Expense,Rent,7222.0,Bank_Transfer,Hyderabad,Gym membership
T4813,U086,2024-02-11,Expense,Food,4599.0,Cash,Chennai,Grocery shopping
T1119,U094,2024-02-01,Expense,Food,2753.0,Upi,Kolkata,No Notes
T9614,U024,2022-10-08,Expense,Food,182.0,Cash,Ahmedabad,No Notes
T5237,U095,2023-12-18,Expense,Utilities,124.0,Upi,Lucknow,No Notes
T0117,U144,2022-03-04,Expense,Travel,3213.0,Bank_Transfer,Chennai,test
T7156,U115,2023-11-17,Income,Freelance,990020.0,Bank_Transfer,Pune,!!!
T0059,U055,2024-05-07,Expense,Travel,3462.0,Card,Bangalore,Grocery shopping
T7117,U130,2022-08-28,Income,Others,54209.0,Cash,Pune,Electricity bill
T2395,U124,2024-05-20,Expense,Travel,6553.0,Upi,Kolkata,Petrol
T5513,U066,2023-04-09,Expense,Food,287.0,Bank_Transfer,Pune,Books
T0024,U051,2021-05-04,Expense,Travel,9531.0,Card,Mumbai,Movie tickets
T2302,U021,2021-03-24,Expense,Travel,4450.0,Bank_Transfer,Chennai,Shopping
T9280,U086,2021-05-17,Income,Others,36345.0,Card,Kolkata,Fixed deposit
T9567,U097,2023-04-22,Income,Freelance,29790.0,Upi,Hyderabad,Doctor consultation
T10749,U022,2021-12-04,Expense,Food,6855.0,Bank_Transfer,Lucknow,Books
T5586,U067,2023-01-17,Expense,Food,1624.0,Cash,Bangalore,Movie tickets
T10631,U072,2022-01-28,Expense,Rent,38464.0,Cash,Lucknow,Doctor consultation
T4698,U008,2023-11-16,Expense,Rent,7255.0,Cash,Kolkata,Medicine
T8526,U090,2022-11-05,Expense,Rent,844.0,Cash,Kolkata,Uber ride
T12283,U065,2021-03-04,Expense,Entertainment,2904.0,Cash,Ahmedabad,No Notes
T5563,U114,2023-06-09,Expense,Utilities,7923.0,Bank_Transfer,Ahmedabad,!!!
T12235,U033,2024-02-23,Income,Investment,73816.0,Cash,Jaipur,No Notes
T5726,U097,2022-06-29,Income,Freelance,73380.0,Cash,Bangalore,ATM withdrawal
T9374,U120,2022-09-03,Expense,Food,982.0,Bank_Transfer,Bangalore,asdfgh
T3234,U021,2021-03-28,Expense,Savings,5897.0,Bank_Transfer,Ahmedabad,No Notes
T4419,U021,2023-04-11,Expense,Entertainment,9458.0,Cash,Lucknow,Medicine
T8295,U018,2023-06-16,Expense,Travel,6377.0,Bank_Transfer,Lucknow,Shopping
T1304,U036,2023-04-27,Income,Others,24399.0,Bank_Transfer,Pune,No Notes
T12015,U051,2022-12-10,Expense,Travel,8383.0,Upi,Mumbai,Books
T2028,U075,2023-07-07,Expense,Rent,49919.0,Card,Mumbai,No Notes
T12231,U123,2021-01-01,Expense,Food,3346.0,Bank_Transfer,Mumbai,Doctor consultation
T3652,U087,2023-12-22,Expense,Education,2870.0,Bank_Transfer,Mumbai,No Notes
T12749,U084,2021-06-06,Expense,Travel,5074.0,Bank_Transfer,Mumbai,...
T12089,U086,2021-02-15,Expense,Utilities,5120.0,Card,Unknown,Movie tickets
T0265,U094,2022-05-27,Expense,Travel,3662.0,Card,Lucknow,Movie tickets
T4319,U073,2023-11-24,Expense,Utilities,6555.0,Cash,Chennai,EMI payment
T4383,U004,2024-05-16,Expense,Rent,5918.0,Cash,Jaipur,Doctor consultation
T0287,U047,2022-04-22,Income,Others,25456.0,Bank_Transfer,Unknown,Books
T4939,U075,2024-02-22,Expense,Travel,7110.0,Card,Mumbai,Grocery shopping
T0712,U119,2022-10-30,Expense,Rent,3228.0,Upi,Pune,misc
T10343,U091,2021-01-30,Income,Bonus,24868.0,Cash,Unknown,No Notes
T8868,U102,2021-01-16,Expense,Food,4789.0,Unknown,Pune,Medicine
T1293,U062,2022-10-03,Expense,Education,133.0,Upi,Bangalore,Train ticket
T4573,U134,2024-02-19,Expense,Utilities,9238.0,Bank_Transfer,Ahmedabad,Coffee
T7613,U050,2023-07-11,Expense,Food,379.0,Cash,Chennai,!!!
T6324,U125,2023-09-29,Expense,Utilities,6212.0,Cash,Pune,Train ticket
T1126,U148,2021-06-21,Expense,Education,244.0,Bank_Transfer,Unknown,No Notes
T11032,U076,2022-03-14,Expense,Utilities,9130.0,Cash,Mumbai,misc
T2148,U122,2022-02-01,Income,Others,73333.0,Unknown,Bangalore,Online course
T1606,U068,2023-03-06,Expense,Utilities,1255.0,Upi,Ahmedabad,Monthly rent payment
T5453,U122,2021-11-16,Expense,Food,1395.0,Upi,Hyderabad,Grocery shopping
T6294,U072,2021-10-14,Expense,Others,3793.0,Unknown,Delhi,Restaurant dinner
T5298,U069,2024-04-03,Expense,Entertainment,7405.0,Bank_Transfer,Mumbai,Medicine
T11732,U024,2021-04-03,Income,Salary,40612.0,Bank_Transfer,Bangalore,Doctor consultation
T1780,U065,2024-06-29,Expense,Utilities,8131.0,Upi,Pune,Electricity bill
T11797,U123,2022-11-05,Expense,Food,3168.0,Bank_Transfer,Lucknow,Medicine
T7557,U133,2024-11-06,Expense,Rent,999999.0,Unknown,Pune,Restaurant dinner
T3303,U118,2023-11-10,Expense,Utilities,3370.0,Bank_Transfer,Mumbai,Train ticket
T3254,U001,2022-12-02,Expense,Education,5881.0,Upi,Bangalore,asdfgh
T10200,U024,2024-02-15,Expense,Entertainment,5181.0,Bank_Transfer,Mumbai,...
T2870,U090,2021-08-23,Expense,Rent,46375.0,Bank_Transfer,Delhi,Lunch
T0587,U096,2022-08-26,Expense,Food,259.0,Upi,Lucknow,Uber ride
T3309,U045,2024-04-17,Income,Investment,45563.0,Upi,Delhi,Movie tickets
T2992,U111,2022-09-07,Expense,Savings,9180.0,Unknown,Ahmedabad,No Notes
T10712,U137,2024-04-28,Expense,Entertainment,3055.0,Upi,Mumbai,No Notes
T1178,U035,2021-01-24,Income,Salary,40425.0,Bank_Transfer,Delhi,Coffee
T11036,U024,2021-02-26,Expense,Rent,7691.0,Cash,Jaipur,No Notes
T2401,U095,2021-04-25,Expense,Travel,1765.0,Bank_Transfer,Hyderabad,Movie tickets
T8655,U095,2023-01-19,Expense,Utilities,8353.0,Bank_Transfer,Mumbai,No Notes
T1136,U031,2023-10-14,Expense,Entertainment,1174.0,Upi,Ahmedabad,No Notes
T0420,U064,2022-05-04,Expense,Food,1294.0,Bank_Transfer,Mumbai,Uber ride
T13482,U140,2023-03-31,Income,Salary,11376.0,Cash,Lucknow,Doctor consultation
T12867,U145,2021-08-28,Income,Others,55537.0,Bank_Transfer,Ahmedabad,Medicine
T5691,U126,2023-08-31,Expense,Food,5765.0,Upi,Chennai,No Notes
T9636,U086,2022-02-17,Expense,Rent,7354.0,Card,Unknown,Restaurant dinner
T5218,U048,2021-09-24,Expense,Rent,4591.0,Bank_Transfer,Bangalore,asdfgh
T6426,U100,2023-12-12,Expense,Food,3115.0,Bank_Transfer,Chennai,misc
T11638,U059,2021-06-09,Expense,Savings,7347.0,Upi,Hyderabad,EMI payment
T10081,U035,2022-07-20,Expense,Entertainment,322.0,Cash,Ahmedabad,No Notes
T11387,U083,2024-07-12,Income,Freelance,19880.0,Bank_Transfer,Hyderabad,Train ticket
T0402,U073,2024-03-19,Expense,Food,4280.0,Cash,Pune,Online course
T6317,U125,2024-03-27,Expense,Entertainment,8543.0,Cash,Bangalore,No Notes
T9615,U026,2024-10-05,Expense,Rent,48911.0,Bank_Transfer,Ahmedabad,Coffee
T0067,U117,2023-01-28,Expense,Food,961.0,Unknown,Ahmedabad,...
T0818,U096,2024-04-15,Expense,Utilities,1996.0,Cash,Mumbai,Books
T0657,U065,2024-05-16,Expense,Entertainment,5009.0,Upi,Bangalore,No Notes
T7533,U073,2023-08-04,Expense,Savings,1552.0,Card,Mumbai,test
T5068,U089,2023-11-29,Income,Bonus,58231.0,Cash,Ahmedabad,Doctor consultation
T1001,U010,2023-03-02,Expense,Rent,1900.0,Bank_Transfer,Mumbai,misc
T4232,U049,2021-10-20,Expense,Entertainment,9834.0,Upi,Ahmedabad,No Notes
T13275,U098,2023-11-24,Expense,Rent,47526.0,Card,Delhi,EMI payment
T6820,U071,2023-09-12,Income,Investment,18951.0,Upi,Delhi,Doctor consultation
T0644,U137,2023-08-04,Expense,Travel,3010.0,Bank_Transfer,Delhi,xyz123
T10785,U119,2024-06-30,Expense,Health,5010.0,Cash,Unknown,Gym membership
T3975,U098,2024-01-09,Expense,Travel,9698.0,Card,Pune,Train ticket
T3403,U052,2023-12-03,Expense,Travel,5820.0,Bank_Transfer,Jaipur,Shopping
T10824,U109,2021-04-22,Expense,Food,2272.0,Card,Chennai,Shopping
T12646,U110,2023-03-30,Expense,Food,4044.0,Card,Hyderabad,Uber ride
T13569,U021,2022-01-09,Income,Freelance,67581.0,Card,Pune,Coffee
T6093,U091,2021-05-10,Expense,Entertainment,9586.0,Card,Delhi,Train ticket
T1031,U065,2021-08-19,Expense,Health,7415.0,Upi,Jaipur,Medicine
T1858,U129,2022-04-12,Expense,Food,9430.0,Bank_Transfer,Kolkata,No Notes
T4023,U002,2022-03-05,Income,Others,71489.0,Cash,Lucknow,Fixed deposit
T10594,U108,2024-07-02,Expense,Savings,7837.0,Bank_Transfer,Ahmedabad,Petrol
T12480,U011,2022-07-10,Expense,Rent,5720.0,Card,Unknown,test
T7574,U048,2023-07-17,Income,Investment,53714.0,Card,Kolkata,No Notes
T2038,U053,2021-03-17,Expense,Health,8658.0,Cash,Ahmedabad,xyz123
T7436,U141,2023-01-04,Expense,Rent,5065.0,Bank_Transfer,Mumbai,Train ticket
T11410,U085,2024-08-22,Expense,Food,5598.0,Bank_Transfer,Lucknow,Movie tickets
T10861,U117,2024-10-12,Expense,Rent,8802.0,Card,Pune,No Notes
T0543,U136,2024-08-13,Expense,Utilities,4600.0,Upi,Pune,EMI payment
T0453,U064,2024-03-26,Expense,Entertainment,5991.0,Bank_Transfer,Ahmedabad,Monthly rent payment
T6339,U126,2022-08-31,Expense,Rent,2547.0,Upi,Pune,Shopping
T11009,U146,2023-11-05,Expense,Rent,43134.0,Bank_Transfer,Lucknow,Petrol
T12141,U002,2024-12-17,Expense,Food,1056.0,Unknown,Chennai,asdfgh
T12896,U062,2024-05-13,Expense,Travel,6358.0,Bank_Transfer,Pune,Online course
T4569,U079,2022-07-08,Expense,Utilities,8018.0,Card,Pune,No Notes
T10116,U030,2024-06-27,Expense,Food,2238.0,Upi,Delhi,Electricity bill
T11442,U034,2024-05-28,Expense,Food,6269.0,Cash,Delhi,Shopping
T11092,U016,2024-05-17,Expense,Education,3548.0,Card,Bangalore,Petrol
T10889,U037,2022-05-18,Expense,Entertainment,8111.0,Upi,Unknown,Fixed deposit
T4481,U126,2024-09-14,Expense,Food,2575.0,Bank_Transfer,Pune,EMI payment
T10654,U141,2024-01-04,Expense,Rent,5452.0,Bank_Transfer,Unknown,No Notes
T1414,U137,2022-06-13,Expense,Utilities,2935.0,Upi,Chennai,Electricity bill
T0952,U003,2024-01-13,Income,Salary,13611.0,Card,Delhi,No Notes
T12461,U102,2022-03-03,Expense,Others,4582.0,Cash,Jaipur,Uber ride
T6278,U060,2024-11-14,Income,Freelance,26985.0,Unknown,Bangalore,Shopping
T4389,U104,2021-09-19,Expense,Food,3784.0,Cash,Chennai,No Notes
T7601,U065,2022-03-21,Expense,Entertainment,2775.0,Upi,Mumbai,Gym membership
T8457,U063,2022-10-22,Expense,Education,2819.0,Upi,Unknown,No Notes
T6532,U138,2022-06-24,Expense,Food,1290.0,Cash,Mumbai,Coffee
T1534,U034,2021-07-22,Income,Bonus,26533.0,Cash,Unknown,xyz123
T13699,U148,2022-06-22,Expense,Rent,9349.0,Bank_Transfer,Bangalore,EMI payment
T11071,U078,2022-07-03,Expense,Rent,9002.0,Bank_Transfer,Chennai,No Notes
T2118,U008,2022-01-16,Income,Others,62016.0,Cash,Bangalore,Medicine
T5684,U120,2022-03-05,Income,Others,26378.0,Cash,Lucknow,!!!
T13050,U054,2021-01-03,Expense,Travel,9495.0,Bank_Transfer,Ahmedabad,Petrol
T3242,U127,2021-01-30,Expense,Savings,3444.0,Bank_Transfer,Delhi,Shopping
T0848,U031,2024-11-24,Expense,Education,5977.0,Cash,Pune,No Notes
T11727,U045,2024-04-16,Expense,Rent,7395.0,Cash,Lucknow,Uber ride
T7728,U003,2023-06-19,Expense,Travel,4184.0,Cash,Bangalore,No Notes
T3544,U143,2022-04-09,Expense,Utilities,9645.0,Upi,Delhi,Petrol
T11925,U073,2022-08-11,Expense,Food,1180.0,Bank_Transfer,Hyderabad,No Notes
T10920,U014,2024-08-04,Expense,Food,839.0,Upi,Bangalore,No Notes
T10545,U123,2022-10-24,Expense,Rent,7727.0,Card,Mumbai,Monthly rent payment
T5203,U008,2021-03-09,Expense,Food,1222.0,Card,Jaipur,No Notes
T4228,U069,2022-03-30,Expense,Food,2341.0,Cash,Ahmedabad,!!!
T11033,U074,2024-10-23,Income,Bonus,22832.0,Upi,Bangalore,Monthly rent payment
T4566,U117,2024-02-01,Expense,Rent,7918.0,Bank_Transfer,Bangalore,Books
T8878,U001,2022-07-24,Expense,Food,3632.0,Cash,Delhi,Train ticket
T9383,U128,2022-11-20,Expense,Utilities,8580.0,Card,Pune,Coffee
T13824,U099,2022-07-23,Expense,Travel,1563.0,Bank_Transfer,Chennai,Books
T11652,U026,2021-10-31,Income,Others,52787.0,Bank_Transfer,Bangalore,Lunch
T0793,U011,2024-04-25,Expense,Rent,6174.0,Bank_Transfer,Lucknow,Gym membership
T8646,U075,2023-11-20,Income,Bonus,74161.0,Cash,Pune,Restaurant dinner
T0322,U073,2022-05-30,Expense,Rent,8437.0,Bank_Transfer,Chennai,asdfgh
T1059,U071,2024-08-09,Expense,Utilities,3304.0,Card,Pune,Gym membership
T5743,U109,2024-11-17,Income,Salary,64703.0,Unknown,Unknown,xyz123
T4948,U107,2023-03-13,Expense,Others,1037.0,Bank_Transfer,Lucknow,ATM withdrawal
T5990,U106,2023-02-27,Income,Others,60230.0,Cash,Chennai,...
T3255,U130,2022-06-26,Expense,Others,9363.0,Bank_Transfer,Kolkata,asdfgh
T13741,U067,2022-10-23,Expense,Utilities,9717.0,Card,Ahmedabad,Books
T7040,U028,2021-09-26,Expense,Food,7521.0,Upi,Chennai,test
T11614,U120,2023-06-03,Expense,Rent,754.0,Bank_Transfer,Unknown,Internet bill
T4075,U116,2021-06-14,Expense,Food,2263.0,Cash,Bangalore,Grocery shopping
T3479,U039,2021-12-09,Expense,Food,1971.0,Card,Unknown,...
T4461,U093,2023-06-29,Expense,Rent,49853.0,Upi,Ahmedabad,Uber ride
T8013,U028,2023-05-17,Expense,Travel,2645.0,Bank_Transfer,Bangalore,Grocery shopping
T3224,U142,2023-08-10,Expense,Rent,7298.0,Card,Kolkata,Petrol
T6432,U036,2024-06-12,Expense,Food,3200.0,Bank_Transfer,Lucknow,Gym membership
T12188,U009,2023-03-11,Income,Freelance,40151.0,Upi,Chennai,asdfgh
T5098,U056,2023-06-18,Expense,Rent,9887.0,Card,Mumbai,Petrol
T11838,U080,2023-07-02,Expense,Entertainment,5313.0,Upi,Ahmedabad,Train ticket
T11420,U009,2024-11-11,Expense,Rent,5534.0,Upi,Kolkata,No Notes
T11122,U085,2023-11-29,Expense,Food,4309.0,Bank_Transfer,Mumbai,Medicine
T7475,U027,2021-01-04,Expense,Food,614.0,Unknown,Jaipur,Shopping
T1843,U092,2024-08-05,Expense,Travel,7285.0,Unknown,Unknown,xyz123
T13543,U138,2024-03-15,Expense,Rent,9968.0,Unknown,Unknown,misc
T7348,U063,2024-09-25,Expense,Food,2732.0,Cash,Hyderabad,No Notes
T2165,U048,2023-11-06,Expense,Travel,4777.0,Bank_Transfer,Delhi,...
T3082,U050,2021-07-23,Expense,Others,3972.0,Upi,Unknown,!!!
T6570,U115,2022-05-19,Expense,Rent,12915.0,Unknown,Delhi,Doctor consultation
T7127,U106,2024-02-26,Expense,Entertainment,7253.0,Card,Kolkata,Movie tickets
T5496,U057,2023-01-06,Expense,Rent,7343.0,Upi,Jaipur,No Notes
T3283,U101,2023-09-23,Expense,Entertainment,8217.0,Unknown,Bangalore,Restaurant dinner
T3351,U114,2022-11-28,Income,Freelance,60213.0,Bank_Transfer,Delhi,test
T8970,U060,2023-07-08,Expense,Rent,8243.0,Unknown,Unknown,Monthly rent payment
T1691,U094,2023-12-16,Income,Investment,59766.0,Card,Ahmedabad,EMI payment
T8522,U138,2021-07-03,Expense,Utilities,2631.0,Cash,Jaipur,No Notes
T11816,U047,2023-05-16,Expense,Health,6249.0,Bank_Transfer,Hyderabad,No Notes
T11571,U074,2023-05-01,Expense,Entertainment,8520.0,Bank_Transfer,Pune,Books
T11523,U012,2024-11-12,Expense,Entertainment,9140.0,Bank_Transfer,Jaipur,No Notes
T1398,U064,2022-12-08,Expense,Food,6413.0,Cash,Bangalore,asdfgh
T12504,U090,2022-02-09,Income,Freelance,55483.0,Bank_Transfer,Hyderabad,test
T11328,U138,2023-03-05,Expense,Utilities,8083.0,Upi,Mumbai,Doctor consultation
T13801,U150,2021-01-02,Expense,Utilities,1416.0,Bank_Transfer,Pune,Restaurant dinner
T13736,U100,2021-03-21,Expense,Entertainment,6325.0,Bank_Transfer,Mumbai,Online course
T7232,U124,2022-12-25,Expense,Entertainment,9652.0,Unknown,Unknown,misc
T2774,U137,2023-03-17,Expense,Entertainment,6160.0,Bank_Transfer,Chennai,!!!
T12162,U083,2021-02-18,Expense,Food,3871.0,Bank_Transfer,Mumbai,Lunch
T7637,U084,2022-04-15,Expense,Savings,1466.0,Upi,Chennai,Online course
T4462,U118,2023-09-12,Expense,Rent,7634.0,Upi,Pune,No Notes
T12144,U062,2022-02-22,Expense,Food,2686.0,Cash,Kolkata,Internet bill
T10488,U037,2023-09-22,Expense,Food,2558.0,Bank_Transfer,Ahmedabad,Doctor consultation
T10546,U073,2023-07-28,Expense,Food,221.0,Upi,Unknown,No Notes
T0552,U026,2024-11-17,Expense,Rent,9869.0,Bank_Transfer,Chennai,Petrol
T11455,U149,2023-10-12,Income,Salary,29899.0,Bank_Transfer,Lucknow,Lunch
T8559,U087,2022-03-05,Expense,Entertainment,3835.0,Cash,Ahmedabad,!!!
T3423,U125,2021-01-17,Expense,Utilities,1860.0,Upi,Jaipur,Restaurant dinner
T8264,U120,2024-10-21,Expense,Travel,3165.0,Bank_Transfer,Delhi,misc
T6880,U076,2021-07-16,Expense,Utilities,8144.0,Card,Bangalore,xyz123
T9464,U143,2023-04-26,Expense,Utilities,1979.0,Upi,Ahmedabad,No Notes
T12757,U071,2024-11-20,Expense,Others,4319.0,Upi,Unknown,Internet bill
T13146,U036,2023-08-27,Income,Investment,17113.0,Card,Ahmedabad,Petrol
T6197,U108,2021-04-11,Expense,Utilities,5382.0,Card,Jaipur,EMI payment
T2793,U068,2024-10-27,Expense,Utilities,5766.0,Card,Jaipur,No Notes
T1513,U038,2021-07-12,Income,Bonus,32450.0,Unknown,Jaipur,Medicine
T1634,U079,2024-09-18,Expense,Utilities,2025.0,Card,Jaipur,No Notes
T1404,U015,2024-08-10,Expense,Travel,6204.0,Upi,Jaipur,No Notes
T0140,U016,2023-12-27,Expense,Rent,4480.0,Cash,Pune,Electricity bill
T7596,U051,2023-08-13,Income,Salary,11476.0,Card,Bangalore,...
T2044,U084,2022-08-19,Expense,Utilities,1159.0,Card,Hyderabad,Electricity bill
T11354,U143,2022-04-08,Expense,Rent,8950.0,Cash,Unknown,Shopping
T1711,U130,2021-01-24,Expense,Utilities,6053.0,Cash,Unknown,Books
T3034,U069,2024-09-17,Expense,Savings,9961.0,Card,Bangalore,Medicine
T0650,U124,2021-07-18,Expense,Education,4359.0,Bank_Transfer,Lucknow,Uber ride
T1767,U043,2022-12-27,Income,Freelance,70235.0,Card,Unknown,No Notes
T7334,U084,2021-12-03,Expense,Rent,33308.0,Cash,Bangalore,asdfgh
T6150,U008,2024-03-10,Expense,Travel,7966.0,Card,Chennai,Movie tickets
T9381,U016,2021-06-27,Expense,Travel,759.0,Upi,Chennai,Electricity bill
T13429,U020,2023-06-19,Expense,Food,1499.0,Card,Pune,Restaurant dinner
T6195,U090,2022-11-15,Expense,Food,9789.0,Card,Pune,ATM withdrawal
T10442,U100,2023-05-14,Expense,Travel,5549.0,Unknown,Mumbai,!!!
T2289,U087,2022-08-31,Expense,Others,934.0,Bank_Transfer,Ahmedabad,Medicine
T4411,U099,2023-12-01,Expense,Food,1956.0,Card,Jaipur,Coffee
T4262,U080,2023-07-12,Expense,Food,4122.0,Upi,Chennai,ATM withdrawal
T9198,U044,2021-03-16,Expense,Rent,27525.0,Upi,Lucknow,Fixed deposit
T5785,U136,2022-11-13,Expense,Entertainment,794.0,Card,Lucknow,No Notes
T0772,U024,2021-11-22,Expense,Health,4280.0,Upi,Kolkata,Petrol
T1315,U099,2024-04-01,Expense,Health,7906.0,Upi,Kolkata,No Notes
T2507,U036,2024-05-02,Expense,Others,1318.0,Bank_Transfer,Pune,No Notes
T6332,U024,2021-09-23,Income,Freelance,77882.0,Upi,Pune,Restaurant dinner
T6251,U022,2023-10-24,Income,Salary,68075.0,Bank_Transfer,Pune,No Notes
T10340,U089,2021-11-08,Income,Investment,27953.0,Upi,Hyderabad,No Notes
T2247,U123,2022-09-09,Expense,Others,444.0,Card,Kolkata,...
T12169,U136,2021-02-21,Expense,Education,2732.0,Cash,Hyderabad,Coffee
T4083,U030,2023-05-26,Income,Bonus,17387.0,Unknown,Chennai,Online course
T10173,U066,2024-09-03,Expense,Health,474.0,Upi,Bangalore,Medicine
T0032,U097,2022-11-02,Expense,Rent,24764.0,Cash,Hyderabad,Doctor consultation
T5342,U128,2023-08-02,Expense,Food,3304.0,Card,Chennai,Grocery shopping
T12708,U126,2022-05-21,Expense,Others,7314.0,Upi,Ahmedabad,!!!
T7555,U055,2022-09-13,Expense,Rent,4249.0,Card,Chennai,Internet bill
T3336,U001,2022-10-09,Income,Freelance,55604.0,Cash,Chennai,Train ticket
T12287,U057,2022-09-14,Income,Salary,46399.0,Cash,Pune,Petrol
T2341,U108,2021-03-20,Expense,Rent,5279.0,Cash,Hyderabad,Lunch
T4218,U084,2022-05-28,Expense,Others,8028.0,Bank_Transfer,Kolkata,...
T13128,U128,2023-11-14,Expense,Health,865.0,Bank_Transfer,Lucknow,Train ticket
T2614,U068,2023-08-07,Expense,Food,1139.0,Cash,Jaipur,Petrol
T4306,U083,2022-08-27,Expense,Education,7917.0,Cash,Ahmedabad,...
T11419,U136,2022-07-12,Expense,Travel,6515.0,Card,Ahmedabad,Uber ride
T13984,U106,2024-08-19,Expense,Utilities,9761.0,Bank_Transfer,Bangalore,Movie tickets
T0069,U103,2023-03-22,Expense,Rent,1968.0,Upi,Bangalore,Coffee
T1372,U038,2021-06-17,Expense,Others,8596.0,Bank_Transfer,Ahmedabad,No Notes
T9074,U016,2024-04-12,Expense,Rent,30589.0,Bank_Transfer,Delhi,Movie tickets
T1949,U107,2024-08-06,Expense,Travel,2823.0,Cash,Mumbai,Books
T13505,U020,2021-02-17,Expense,Food,174.0,Unknown,Chennai,No Notes
T9659,U148,2022-07-15,Expense,Utilities,9710.0,Bank_Transfer,Pune,Medicine
T10626,U018,2024-03-22,Expense,Entertainment,1454.0,Bank_Transfer,Hyderabad,Gym membership
T1245,U097,2023-04-28,Expense,Food,4040.0,Card,Chennai,Lunch
T11303,U139,2023-11-29,Expense,Food,5575.0,Bank_Transfer,Pune,Restaurant dinner
T2113,U030,2021-10-24,Income,Investment,10309.0,Cash,Lucknow,!!!
T4158,U035,2024-11-09,Income,Investment,69689.0,Bank_Transfer,Unknown,asdfgh
T13671,U003,2024-05-31,Expense,Food,1495.0,Unknown,Ahmedabad,Medicine
T8755,U054,2022-10-06,Income,Investment,49134.0,Upi,Delhi,test
T1015,U143,2023-09-26,Expense,Rent,8950.0,Cash,Bangalore,Petrol
T10220,U036,2022-10-06,Income,Others,57854.0,Cash,Delhi,Movie tickets
T4592,U034,2021-07-15,Expense,Entertainment,859.0,Card,Pune,Petrol
T7805,U002,2024-08-11,Expense,Rent,6081.0,Card,Hyderabad,xyz123
T12261,U111,2021-12-22,Income,Freelance,48933.0,Card,Mumbai,Medicine
T10409,U010,2024-04-24,Expense,Rent,20775.0,Cash,Chennai,xyz123
T2611,U097,2023-09-15,Expense,Travel,3197.0,Bank_Transfer,Unknown,Uber ride
T8752,U146,2024-09-19,Expense,Rent,1598.0,Card,Kolkata,Uber ride
T5694,U073,2023-12-08,Expense,Travel,1377.0,Cash,Hyderabad,No Notes
T7468,U129,2024-02-03,Expense,Rent,28176.0,Upi,Hyderabad,EMI payment
T13001,U112,2022-03-04,Expense,Rent,5590.0,Upi,Jaipur,Movie tickets
T7086,U009,2023-04-28,Expense,Utilities,7768.0,Card,Bangalore,Grocery shopping
T9828,U106,2021-08-14,Expense,Rent,15775.0,Card,Unknown,No Notes
T11337,U147,2021-06-20,Expense,Utilities,5947.0,Card,Bangalore,Train ticket
T2454,U138,2022-02-12,Expense,Travel,2715.0,Cash,Pune,Uber ride
T11227,U013,2023-08-14,Expense,Health,9800.0,Cash,Ahmedabad,No Notes
T1636,U024,2022-08-14,Expense,Utilities,5844.0,Card,Jaipur,No Notes
T7823,U099,2024-08-18,Expense,Health,5211.0,Upi,Delhi,Internet bill
T9691,U145,2022-08-25,Expense,Travel,2909.0,Cash,Unknown,...
T6750,U021,2024-05-21,Expense,Rent,5978.0,Unknown,Lucknow,Train ticket
T1538,U019,2023-12-23,Income,Freelance,62118.0,Bank_Transfer,Chennai,Monthly rent payment
T11875,U016,2021-09-29,Expense,Travel,8731.0,Bank_Transfer,Jaipur,ATM withdrawal
T1118,U075,2022-03-28,Expense,Entertainment,1322.0,Card,Delhi,xyz123
T1709,U069,2024-06-24,Expense,Travel,7373.0,Bank_Transfer,Hyderabad,EMI payment
T4274,U106,2021-11-26,Expense,Food,2822.0,Bank_Transfer,Hyderabad,ATM withdrawal
T13100,U008,2022-11-27,Income,Bonus,49835.0,Card,Jaipur,Internet bill
T4450,U021,2023-11-22,Expense,Food,3781.0,Bank_Transfer,Kolkata,Gym membership
T13254,U132,2022-06-23,Income,Investment,19454.0,Bank_Transfer,Pune,asdfgh
T5261,U047,2023-04-24,Expense,Health,560.0,Card,Ahmedabad,Uber ride
T10836,U034,2023-05-18,Income,Freelance,33341.0,Upi,Chennai,Petrol
T9210,U080,2024-12-24,Expense,Others,4923.0,Cash,Chennai,misc
T7624,U075,2024-07-24,Income,Others,946934.0,Bank_Transfer,Jaipur,Fixed deposit
T2548,U110,2022-03-19,Income,Investment,57810.0,Bank_Transfer,Jaipur,misc
T8364,U013,2021-12-19,Income,Bonus,17011.0,Bank_Transfer,Bangalore,Online course
T11120,U107,2023-12-20,Income,Freelance,41449.0,Card,Chennai,Gym membership
T5707,U048,2021-07-17,Expense,Food,7669.0,Bank_Transfer,Kolkata,!!!
T8706,U140,2024-02-22,Income,Investment,59188.0,Upi,Bangalore,No Notes
T12088,U057,2023-06-04,Expense,Education,2212.0,Upi,Pune,No Notes
T5226,U012,2022-03-11,Income,Others,45051.0,Upi,Jaipur,Petrol
T9437,U065,2022-02-17,Expense,Food,2457.0,Upi,Chennai,asdfgh
T5800,U118,2022-10-23,Expense,Travel,7439.0,Upi,Lucknow,misc
T4744,U014,2022-07-19,Expense,Rent,4492.0,Bank_Transfer,Pune,Internet bill
T9645,U093,2021-11-27,Expense,Food,8174.0,Bank_Transfer,Bangalore,Books
T0720,U043,2022-05-05,Expense,Food,7605.0,Unknown,Lucknow,Grocery shopping
T7280,U032,2024-09-08,Expense,Travel,1670.0,Card,Lucknow,Monthly rent payment
T5818,U120,2023-01-02,Expense,Rent,5515.0,Unknown,Kolkata,Uber ride
T9438,U022,2021-11-15,Expense,Food,4852.0,Upi,Jaipur,No Notes
T8979,U120,2021-07-25,Expense,Food,6860.0,Upi,Ahmedabad,Medicine
T2444,U024,2024-07-14,Expense,Utilities,3548.0,Card,Delhi,asdfgh
T5910,U103,2022-06-16,Expense,Savings,4579.0,Bank_Transfer,Lucknow,EMI payment
T3399,U075,2024-04-09,Expense,Rent,8609.0,Unknown,Pune,Doctor consultation
T6440,U144,2022-09-02,Expense,Rent,4254.0,Bank_Transfer,Chennai,asdfgh
T6316,U045,2021-08-27,Expense,Travel,8409.0,Bank_Transfer,Kolkata,Online course
T10346,U024,2023-09-15,Expense,Food,7493.0,Upi,Jaipur,Restaurant dinner
T2171,U147,2022-08-18,Expense,Rent,4802.0,Card,Chennai,EMI payment
T9574,U057,2023-02-16,Expense,Entertainment,7154.0,Cash,Pune,No Notes
T10846,U140,2023-01-16,Expense,Rent,38943.0,Upi,Ahmedabad,Medicine
T7244,U032,2024-04-16,Expense,Health,4003.0,Upi,Bangalore,Monthly rent payment
T11226,U091,2022-12-13,Expense,Utilities,5211.0,Bank_Transfer,Unknown,Movie tickets
T10706,U108,2024-03-02,Expense,Food,7890.0,Cash,Pune,Lunch
T10227,U034,2024-07-09,Expense,Entertainment,2458.0,Card,Bangalore,Lunch
T11831,U122,2023-11-20,Expense,Rent,39411.0,Upi,Jaipur,Grocery shopping
T3332,U046,2021-11-20,Expense,Food,2324.0,Cash,Ahmedabad,Gym membership
T9658,U089,2024-07-16,Income,Others,40408.0,Upi,Mumbai,Train ticket
T4196,U087,2024-09-18,Income,Salary,15505.0,Bank_Transfer,Delhi,Electricity bill
T12339,U112,2023-10-14,Expense,Entertainment,8040.0,Upi,Delhi,Restaurant dinner
T6290,U031,2024-02-21,Expense,Education,4369.0,Upi,Delhi,Lunch
T12668,U080,2022-09-22,Expense,Food,4702.0,Upi,Ahmedabad,!!!
T9920,U074,2024-03-30,Expense,Food,1941.0,Bank_Transfer,Chennai,Shopping
T11833,U054,2024-10-16,Expense,Travel,4847.0,Bank_Transfer,Unknown,misc
T10237,U076,2022-02-11,Expense,Food,3528.0,Upi,Jaipur,misc
T4149,U001,2022-12-07,Expense,Rent,17529.0,Cash,Ahmedabad,Shopping
T8648,U076,2022-09-03,Expense,Food,179.0,Upi,Hyderabad,Coffee
T0373,U069,2023-10-10,Expense,Food,2368.0,Card,Kolkata,Internet bill
T12554,U075,2022-03-20,Expense,Entertainment,2647.0,Cash,Bangalore,!!!
T4738,U019,2022-10-14,Income,Salary,32428.0,Card,Delhi,test
T13750,U135,2021-06-25,Expense,Food,1633.0,Cash,Delhi,asdfgh
T13442,U055,2021-06-10,Expense,Entertainment,8016.0,Upi,Kolkata,Medicine
T0679,U076,2022-12-13,Expense,Utilities,8369.0,Card,Chennai,Monthly rent payment
T13179,U013,2023-09-23,Expense,Food,4932.0,Unknown,Delhi,No Notes
T0691,U099,2022-08-25,Income,Freelance,674606.0,Cash,Chennai,Internet bill
T11678,U055,2022-10-27,Expense,Rent,4196.0,Bank_Transfer,Chennai,!!!
T1748,U112,2022-05-30,Expense,Rent,8457.0,Upi,Unknown,Online course
T8691,U108,2024-02-29,Income,Freelance,899072.0,Cash,Ahmedabad,asdfgh
T10997,U095,2021-02-06,Expense,Savings,8447.0,Card,Hyderabad,Uber ride
T3203,U079,2022-12-19,Expense,Others,3557.0,Bank_Transfer,Jaipur,Petrol
T12955,U110,2024-05-28,Income,Bonus,70126.0,Bank_Transfer,Ahmedabad,Online course
T4166,U003,2021-02-27,Expense,Education,3995.0,Card,Kolkata,No Notes
T2592,U113,2022-08-27,Expense,Education,4207.0,Cash,Pune,Gym membership
T0869,U084,2022-11-23,Income,Investment,32525.0,Card,Hyderabad,Movie tickets
T1308,U069,2022-06-03,Income,Freelance,59941.0,Card,Ahmedabad,Online course
T4039,U049,2024-05-07,Income,Others,35662.0,Cash,Chennai,Petrol
T4718,U007,2022-02-28,Income,Salary,54309.0,Card,Kolkata,Books
T9017,U020,2021-08-28,Expense,Travel,3611.0,Bank_Transfer,Jaipur,ATM withdrawal
T6599,U053,2022-01-04,Expense,Rent,9882.0,Card,Jaipur,No Notes
T9283,U122,2024-01-14,Expense,Savings,8973.0,Cash,Chennai,No Notes
T4178,U030,2021-04-15,Expense,Utilities,821.0,Unknown,Hyderabad,Uber ride
T0556,U111,2021-02-07,Income,Investment,68886.0,Card,Hyderabad,No Notes
T9266,U138,2023-12-08,Expense,Rent,5446.0,Upi,Unknown,EMI payment
T10611,U102,2022-11-02,Expense,Food,7403.0,Upi,Bangalore,No Notes
T13033,U142,2022-12-04,Expense,Rent,5317.0,Bank_Transfer,Kolkata,Restaurant dinner
T5536,U140,2021-02-10,Income,Salary,164337.0,Upi,Jaipur,Coffee
T9265,U048,2024-01-22,Expense,Travel,3707.0,Cash,Kolkata,Online course
T9476,U123,2023-10-18,Expense,Rent,38882.0,Upi,Hyderabad,No Notes
T5262,U018,2021-12-12,Expense,Entertainment,884.0,Upi,Ahmedabad,Doctor consultation
T12353,U102,2024-12-01,Expense,Others,391.0,Card,Chennai,No Notes
T4399,U012,2021-05-28,Expense,Food,2291.0,Bank_Transfer,Pune,Train ticket
T6770,U074,2024-05-26,Income,Salary,12707.0,Card,Unknown,No Notes
T8855,U136,2022-06-19,Expense,Entertainment,6061.0,Cash,Pune,No Notes
T11515,U081,2023-07-08,Expense,Travel,9122.0,Upi,Unknown,Movie tickets
T3428,U100,2023-10-23,Expense,Rent,35601.0,Cash,Mumbai,No Notes
T9161,U081,2021-09-08,Expense,Rent,2783.0,Cash,Jaipur,Movie tickets
T4102,U051,2023-05-11,Expense,Travel,7347.0,Card,Delhi,No Notes
T4551,U119,2024-10-01,Income,Salary,43118.0,Upi,Lucknow,EMI payment
T7680,U091,2024-08-13,Expense,Food,3682.0,Cash,Unknown,Monthly rent payment
T0575,U065,2022-11-23,Expense,Entertainment,4493.0,Bank_Transfer,Chennai,No Notes
T11863,U079,2021-07-11,Expense,Travel,6217.0,Cash,Kolkata,!!!
T12153,U007,2022-09-21,Expense,Entertainment,5485.0,Upi,Kolkata,Train ticket
T3887,U009,2024-06-30,Expense,Travel,1680.0,Unknown,Ahmedabad,Monthly rent payment
T12819,U111,2024-02-18,Expense,Travel,7553.0,Bank_Transfer,Bangalore,asdfgh
T8162,U145,2021-06-24,Expense,Rent,6701.0,Cash,Hyderabad,Monthly rent payment
T0547,U076,2022-12-24,Income,Freelance,74828.0,Unknown,Pune,Medicine
T3487,U137,2022-07-19,Expense,Utilities,7192.0,Cash,Pune,No Notes
T1183,U080,2023-08-07,Expense,Rent,7373.0,Card,Mumbai,No Notes
T6080,U052,2024-06-18,Expense,Education,5558.0,Bank_Transfer,Jaipur,xyz123
T3390,U093,2024-06-17,Expense,Food,3746.0,Cash,Chennai,Fixed deposit
T4722,U116,2024-10-06,Expense,Rent,2152.0,Upi,Hyderabad,Restaurant dinner
T8195,U111,2023-07-13,Expense,Food,5074.0,Cash,Kolkata,Movie tickets
T10179,U012,2024-12-01,Expense,Rent,18912.0,Card,Kolkata,!!!
T0565,U052,2021-01-01,Income,Freelance,76296.0,Cash,Bangalore,Internet bill
T7900,U104,2021-12-16,Expense,Food,4715.0,Cash,Bangalore,Fixed deposit
T4961,U062,2024-09-09,Expense,Education,1439.0,Upi,Ahmedabad,asdfgh
T7435,U022,2022-12-08,Expense,Entertainment,9558.0,Unknown,Hyderabad,xyz123
T5500,U050,2023-05-06,Expense,Health,8279.0,Card,Chennai,Online course
T10999,U069,2021-09-21,Expense,Travel,5193.0,Cash,Bangalore,Uber ride
T7055,U036,2023-05-13,Expense,Food,5961.0,Cash,Delhi,Grocery shopping
T9167,U131,2022-11-25,Expense,Rent,9110.0,Upi,Jaipur,Doctor consultation
T5944,U144,2021-02-22,Expense,Food,3058.0,Upi,Kolkata,No Notes
T9135,U107,2023-04-30,Expense,Food,9339.0,Cash,Kolkata,Books
T6275,U030,2024-08-04,Income,Bonus,17616.0,Cash,Delhi,asdfgh
T12503,U017,2023-02-03,Income,Others,363110.0,Upi,Hyderabad,test
T1915,U077,2022-05-04,Expense,Travel,5155.0,Cash,Mumbai,...
T9701,U098,2021-12-14,Expense,Utilities,3915.0,Card,Lucknow,Grocery shopping
T2956,U070,2023-05-24,Expense,Entertainment,6705.0,Card,Unknown,Electricity bill
T13940,U089,2022-10-10,Expense,Rent,3474.0,Card,Ahmedabad,xyz123
T8428,U121,2021-12-30,Income,Investment,60680.0,Cash,Delhi,Grocery shopping
T0832,U048,2021-02-17,Expense,Travel,8504.0,Cash,Hyderabad,Internet bill
T13055,U135,2021-07-24,Expense,Travel,5389.0,Bank_Transfer,Jaipur,Shopping
T8404,U070,2023-10-07,Expense,Rent,13749.0,Bank_Transfer,Hyderabad,Internet bill
T2226,U038,2023-05-12,Expense,Travel,6881.0,Upi,Chennai,ATM withdrawal
T12448,U061,2024-07-06,Income,Bonus,59723.0,Cash,Ahmedabad,ATM withdrawal
T7838,U014,2021-03-07,Expense,Utilities,581.0,Bank_Transfer,Jaipur,Doctor consultation
T5451,U088,2024-04-22,Expense,Travel,6384.0,Card,Delhi,Gym membership
T0790,U010,2024-04-18,Expense,Food,651.0,Card,Delhi,EMI payment
T10195,U143,2023-02-14,Expense,Entertainment,2505.0,Card,Pune,No Notes
T9182,U055,2021-03-12,Expense,Food,6317.0,Upi,Mumbai,EMI payment
T7917,U073,2023-08-24,Expense,Food,507.0,Bank_Transfer,Mumbai,Uber ride
T3568,U021,2024-06-04,Income,Investment,54642.0,Upi,Chennai,xyz123
T1371,U021,2024-03-26,Expense,Rent,47195.0,Card,Unknown,Electricity bill
T4676,U119,2021-06-28,Expense,Rent,1869.0,Card,Pune,ATM withdrawal
T4279,U031,2021-10-25,Expense,Entertainment,295.0,Card,Kolkata,Lunch
T6205,U104,2021-05-06,Expense,Education,9048.0,Card,Delhi,Fixed deposit
T0115,U051,2023-05-30,Expense,Travel,8896.0,Upi,Hyderabad,xyz123
T5859,U125,2024-07-24,Expense,Education,1378.0,Bank_Transfer,Unknown,Doctor consultation
T4442,U074,2022-05-02,Expense,Rent,12417.0,Unknown,Mumbai,Online course
T12171,U091,2024-01-05,Expense,Entertainment,2708.0,Cash,Unknown,asdfgh
T1589,U148,2023-10-22,Expense,Rent,999999.0,Bank_Transfer,Lucknow,No Notes
T9766,U023,2022-07-17,Expense,Travel,8749.0,Cash,Kolkata,misc
T0892,U092,2024-11-01,Expense,Travel,4349.0,Cash,Mumbai,...
T8199,U036,2021-07-12,Expense,Rent,5814.0,Upi,Chennai,Shopping
T6107,U129,2021-05-10,Expense,Others,4118.0,Card,Jaipur,Restaurant dinner
T3737,U031,2024-12-11,Expense,Travel,9148.0,Cash,Unknown,test
T10504,U057,2022-11-07,Expense,Travel,5872.0,Upi,Ahmedabad,Lunch
T13448,U145,2024-02-06,Expense,Travel,3982.0,Card,Hyderabad,No Notes
T7406,U104,2023-05-27,Expense,Food,1389.0,Upi,Pune,asdfgh
T0164,U099,2022-02-13,Expense,Rent,30067.0,Bank_Transfer,Jaipur,No Notes
T8535,U100,2021-12-25,Expense,Utilities,244.0,Cash,Chennai,Shopping
T2103,U078,2022-01-03,Expense,Education,1670.0,Cash,Bangalore,Electricity bill
T0063,U030,2024-08-26,Expense,Entertainment,3843.0,Cash,Kolkata,misc
T7599,U106,2022-01-05,Expense,Utilities,3625.0,Bank_Transfer,Kolkata,Internet bill
T4535,U118,2024-07-28,Expense,Rent,34724.0,Card,Jaipur,Online course
T6128,U044,2024-12-05,Income,Salary,74771.0,Bank_Transfer,Kolkata,Internet bill
T4971,U108,2022-08-13,Income,Freelance,50898.0,Card,Unknown,No Notes
T4063,U125,2022-11-21,Expense,Rent,31495.0,Upi,Hyderabad,No Notes
T13837,U092,2024-08-08,Expense,Education,3899.0,Bank_Transfer,Pune,!!!
T5336,U058,2023-11-11,Expense,Utilities,1944.0,Bank_Transfer,Kolkata,Online course
T2228,U058,2021-03-29,Income,Bonus,52448.0,Card,Mumbai,Doctor consultation
T11141,U128,2024-12-20,Expense,Education,2762.0,Upi,Mumbai,Internet bill
T11859,U109,2023-12-26,Expense,Utilities,1443.0,Card,Delhi,No Notes
T9769,U026,2021-08-21,Expense,Travel,8138.0,Bank_Transfer,Bangalore,No Notes
T7349,U073,2021-12-08,Expense,Food,4243.0,Cash,Unknown,test
T10221,U087,2023-06-26,Expense,Utilities,6933.0,Upi,Delhi,Doctor consultation
T8332,U146,2023-09-14,Expense,Travel,6310.0,Bank_Transfer,Kolkata,Internet bill
T11873,U145,2021-11-15,Expense,Health,9693.0,Upi,Chennai,No Notes
T1486,U055,2024-08-15,Expense,Utilities,7745.0,Cash,Kolkata,No Notes
T4671,U040,2022-03-12,Expense,Utilities,9553.0,Cash,Unknown,No Notes
T11180,U113,2021-05-04,Expense,Travel,1226.0,Upi,Ahmedabad,misc
T7225,U095,2024-12-02,Expense,Food,999999.0,Cash,Bangalore,test
T11369,U050,2021-08-14,Income,Bonus,26682.0,Cash,Unknown,EMI payment
T7849,U141,2022-03-06,Income,Freelance,17496.0,Card,Bangalore,No Notes
T8036,U001,2021-04-17,Expense,Entertainment,7213.0,Card,Mumbai,Monthly rent payment
T5445,U146,2021-11-30,Expense,Food,1286.0,Cash,Jaipur,No Notes
T10855,U047,2023-06-19,Expense,Rent,7484.0,Cash,Pune,Gym membership
T10844,U132,2022-06-22,Expense,Utilities,667.0,Card,Bangalore,Doctor consultation
T8559,U052,2022-10-29,Expense,Health,2716.0,Upi,Chennai,Fixed deposit
T5751,U038,2024-08-27,Expense,Entertainment,8039.0,Card,Ahmedabad,Lunch
T6055,U079,2022-01-01,Expense,Utilities,9734.0,Card,Kolkata,Electricity bill
T1150,U024,2022-06-09,Expense,Rent,4813.0,Bank_Transfer,Pune,misc
T10190,U013,2021-03-29,Income,Bonus,61820.0,Upi,Delhi,No Notes
T8381,U118,2022-06-14,Expense,Others,8931.0,Bank_Transfer,Mumbai,Restaurant dinner
T10599,U078,2021-08-06,Expense,Rent,24800.0,Cash,Bangalore,No Notes
T2172,U084,2022-05-14,Income,Others,20396.0,Cash,Mumbai,No Notes
T4219,U131,2024-02-03,Expense,Food,87.0,Cash,Bangalore,!!!
T4078,U132,2023-11-26,Expense,Education,4468.0,Card,Ahmedabad,test
T7023,U135,2023-02-11,Income,Investment,55022.0,Upi,Ahmedabad,Coffee
T1927,U126,2021-12-14,Income,Freelance,66112.0,Bank_Transfer,Lucknow,Electricity bill
T4783,U037,2024-04-02,Expense,Travel,6613.0,Upi,Lucknow,No Notes
T3814,U135,2021-01-16,Expense,Entertainment,5327.0,Bank_Transfer,Bangalore,!!!
T1350,U135,2022-03-04,Expense,Rent,1414.0,Cash,Delhi,Online course
T7309,U130,2021-02-16,Expense,Rent,4144.0,Bank_Transfer,Lucknow,No Notes
T4711,U134,2022-03-11,Expense,Food,3697.0,Upi,Kolkata,Gym membership
T13015,U121,2021-09-17,Expense,Education,413.0,Bank_Transfer,Bangalore,No Notes
T4515,U014,2021-02-01,Expense,Utilities,479.0,Card,Ahmedabad,!!!
T9375,U005,2022-05-18,Expense,Food,7238.0,Bank_Transfer,Bangalore,ATM withdrawal
T5737,U123,2024-10-15,Expense,Food,4063.0,Upi,Delhi,Uber ride
T9565,U027,2023-06-29,Expense,Education,8358.0,Cash,Bangalore,No Notes
T6735,U131,2021-10-10,Expense,Rent,27817.0,Cash,Pune,Lunch
T8888,U065,2023-11-06,Income,Bonus,24338.0,Cash,Kolkata,Electricity bill
T5354,U140,2024-06-09,Expense,Education,1007.0,Card,Kolkata,Doctor consultation
T13533,U124,2023-02-18,Expense,Travel,7821.0,Upi,Jaipur,Fixed deposit
T3822,U131,2023-02-06,Expense,Utilities,9887.0,Cash,Pune,Uber ride
T11230,U024,2022-10-19,Expense,Health,5958.0,Card,Bangalore,!!!
T0194,U052,2023-04-20,Expense,Rent,7975.0,Cash,Bangalore,Online course
T11572,U052,2021-12-10,Expense,Utilities,7280.0,Bank_Transfer,Unknown,Electricity bill
T13696,U060,2024-11-08,Expense,Food,5702.0,Card,Jaipur,Books
T0684,U117,2022-12-01,Income,Investment,32079.0,Bank_Transfer,Delhi,Online course
T9219,U077,2024-08-14,Expense,Rent,5947.0,Cash,Ahmedabad,No Notes
T8721,U138,2023-12-30,Expense,Rent,22648.0,Card,Mumbai,No Notes
T3293,U063,2024-08-10,Income,Investment,75488.0,Upi,Pune,xyz123
T7462,U009,2023-02-07,Expense,Food,1751.0,Cash,Bangalore,Monthly rent payment
T1016,U034,2023-04-02,Expense,Rent,9053.0,Bank_Transfer,Kolkata,!!!
T1435,U104,2021-10-10,Expense,Travel,4997.0,Card,Hyderabad,!!!
T4538,U130,2021-02-03,Expense,Travel,5896.0,Bank_Transfer,Kolkata,No Notes
T13202,U073,2023-10-19,Expense,Education,3246.0,Cash,Jaipur,Electricity bill
T7021,U018,2021-03-14,Expense,Travel,7713.0,Cash,Unknown,No Notes
T8828,U095,2024-06-25,Income,Freelance,63148.0,Upi,Jaipur,asdfgh
T7276,U097,2022-02-13,Expense,Rent,4013.0,Bank_Transfer,Kolkata,test
T12539,U100,2023-03-20,Expense,Education,8928.0,Unknown,Lucknow,No Notes
T4768,U031,2024-03-09,Income,Bonus,11928.0,Upi,Bangalore,Electricity bill
T4985,U112,2022-06-22,Expense,Utilities,2746.0,Card,Delhi,Grocery shopping
T7343,U131,2023-09-15,Expense,Travel,5947.0,Card,Lucknow,Movie tickets
T1624,U044,2022-11-18,Expense,Travel,5425.0,Upi,Hyderabad,No Notes
T6464,U020,2022-01-30,Expense,Education,1731.0,Upi,Kolkata,No Notes
T10491,U149,2023-07-21,Expense,Entertainment,3720.0,Cash,Kolkata,Movie tickets
T6661,U012,2021-08-27,Expense,Food,1364.0,Cash,Unknown,test
T6432,U114,2024-08-04,Expense,Food,985.0,Card,Bangalore,Fixed deposit
T12930,U038,2021-01-04,Expense,Health,349.0,Cash,Bangalore,Lunch
T2836,U118,2024-12-10,Expense,Travel,6273.0,Bank_Transfer,Ahmedabad,asdfgh
T10317,U075,2023-02-16,Expense,Food,909.0,Card,Jaipur,Lunch
T2765,U137,2022-12-18,Expense,Rent,12773.0,Bank_Transfer,Kolkata,No Notes
T7496,U026,2023-07-21,Expense,Food,3319.0,Unknown,Bangalore,Coffee
T11945,U064,2023-08-27,Expense,Savings,9082.0,Upi,Unknown,Online course
T3631,U044,2024-12-26,Expense,Others,7224.0,Card,Mumbai,Monthly rent payment
T7847,U150,2021-05-24,Expense,Rent,47628.0,Card,Ahmedabad,Grocery shopping
T12540,U041,2021-06-26,Expense,Food,3200.0,Bank_Transfer,Lucknow,No Notes
T6040,U144,2021-01-08,Expense,Food,7092.0,Upi,Hyderabad,No Notes
T1272,U085,2022-06-19,Income,Freelance,72659.0,Bank_Transfer,Jaipur,xyz123
T9720,U033,2023-09-20,Expense,Utilities,1245.0,Cash,Unknown,Lunch
T4528,U110,2023-09-29,Expense,Utilities,9363.0,Bank_Transfer,Unknown,Gym membership
T7510,U053,2022-09-21,Income,Investment,68585.0,Card,Bangalore,No Notes
T8775,U009,2024-08-16,Expense,Food,6031.0,Cash,Pune,Fixed deposit
T1369,U077,2024-06-10,Expense,Rent,39856.0,Upi,Unknown,xyz123
T5773,U114,2024-11-23,Expense,Rent,22043.0,Upi,Hyderabad,Movie tickets
T10150,U087,2021-12-24,Income,Investment,68795.0,Card,Bangalore,Train ticket
T9038,U148,2022-10-30,Expense,Health,5101.0,Bank_Transfer,Pune,Books
T8995,U030,2021-12-22,Expense,Utilities,7017.0,Bank_Transfer,Jaipur,xyz123
T11531,U074,2024-06-29,Expense,Travel,3193.0,Unknown,Delhi,Train ticket
T12610,U106,2021-08-07,Expense,Education,7795.0,Upi,Mumbai,Internet bill
T10406,U060,2022-09-28,Income,Freelance,55496.0,Bank_Transfer,Jaipur,Doctor consultation
T1029,U001,2023-07-03,Income,Others,42053.0,Bank_Transfer,Pune,EMI payment
T1471,U105,2023-11-30,Expense,Utilities,7355.0,Upi,Unknown,!!!
T7392,U022,2022-11-10,Expense,Entertainment,2644.0,Card,Chennai,xyz123
T4655,U100,2024-07-23,Expense,Rent,9701.0,Card,Jaipur,No Notes
T12721,U093,2024-10-28,Expense,Rent,7640.0,Cash,Delhi,Books
T10526,U140,2022-11-05,Expense,Travel,7868.0,Card,Chennai,test
T0515,U065,2023-03-01,Income,Salary,77863.0,Bank_Transfer,Unknown,No Notes
T6636,U008,2024-09-27,Expense,Education,9264.0,Cash,Unknown,xyz123
T8035,U142,2022-04-28,Expense,Food,2225.0,Card,Chennai,asdfgh
T10791,U008,2023-12-29,Expense,Rent,5666.0,Upi,Pune,Grocery shopping
T5591,U018,2024-06-19,Expense,Savings,6641.0,Card,Lucknow,Doctor consultation
T4502,U073,2021-06-06,Expense,Rent,22768.0,Bank_Transfer,Delhi,No Notes
T6732,U064,2022-03-08,Income,Bonus,26009.0,Cash,Jaipur,No Notes
T10205,U071,2021-08-22,Expense,Utilities,313.0,Cash,Jaipur,No Notes
T9014,U138,2023-04-02,Expense,Food,2852.0,Card,Mumbai,Lunch
T8326,U061,2023-02-23,Expense,Entertainment,3652.0,Card,Bangalore,No Notes
T5401,U050,2022-03-08,Expense,Food,8760.0,Upi,Delhi,Shopping
T7191,U132,2023-11-17,Expense,Savings,9150.0,Card,Lucknow,Petrol
T2162,U029,2022-12-29,Expense,Utilities,6083.0,Upi,Kolkata,ATM withdrawal
T11804,U020,2023-12-05,Expense,Rent,2323.0,Cash,Delhi,Doctor consultation
T10457,U141,2021-04-08,Expense,Food,3478.0,Upi,Kolkata,Restaurant dinner
T9951,U073,2022-03-15,Expense,Health,2182.0,Upi,Unknown,Restaurant dinner
T6796,U050,2021-06-01,Expense,Entertainment,4271.0,Bank_Transfer,Delhi,Grocery shopping
T8812,U036,2021-12-08,Expense,Food,3233.0,Upi,Ahmedabad,Internet bill
T0362,U017,2023-04-25,Expense,Rent,20629.0,Upi,Pune,...
T3683,U033,2021-02-03,Expense,Travel,8375.0,Bank_Transfer,Lucknow,misc
T10106,U036,2024-04-20,Expense,Food,6862.0,Card,Lucknow,No Notes
T8267,U108,2024-02-13,Expense,Food,4755.0,Bank_Transfer,Unknown,Shopping
T2250,U102,2022-03-28,Income,Bonus,70309.0,Bank_Transfer,Chennai,Movie tickets
T3851,U094,2022-09-30,Expense,Food,3924.0,Bank_Transfer,Mumbai,Movie tickets
T8039,U117,2021-11-20,Expense,Rent,15983.0,Cash,Jaipur,Restaurant dinner
T5736,U029,2023-11-11,Expense,Food,3773.0,Card,Lucknow,Doctor consultation
T5641,U054,2021-10-16,Expense,Food,4746.0,Unknown,Pune,asdfgh
T4211,U082,2021-04-05,Expense,Food,4652.0,Bank_Transfer,Delhi,Shopping
T8439,U013,2022-02-25,Expense,Rent,627.0,Card,Ahmedabad,misc
T4577,U079,2023-12-25,Expense,Entertainment,4541.0,Unknown,Jaipur,Monthly rent payment
T6702,U135,2023-05-21,Expense,Rent,20394.0,Bank_Transfer,Bangalore,No Notes
T7868,U042,2022-02-21,Expense,Utilities,2960.0,Bank_Transfer,Pune,Lunch
T9740,U047,2023-02-28,Expense,Entertainment,8574.0,Card,Jaipur,No Notes
T11348,U026,2024-03-10,Expense,Entertainment,4216.0,Card,Delhi,Restaurant dinner
T4092,U143,2024-04-15,Income,Freelance,44232.0,Cash,Jaipur,Books
T0382,U066,2023-03-28,Income,Others,30202.0,Bank_Transfer,Lucknow,Fixed deposit
T10144,U045,2024-02-22,Expense,Food,1942.0,Card,Unknown,Restaurant dinner
T12974,U069,2024-06-12,Expense,Food,2404.0,Upi,Delhi,Monthly rent payment
T6583,U108,2024-08-02,Expense,Others,121.0,Bank_Transfer,Kolkata,misc
T10588,U094,2023-11-29,Expense,Utilities,3289.0,Upi,Mumbai,Monthly rent payment
T12489,U005,2022-08-29,Expense,Utilities,8074.0,Upi,Mumbai,No Notes
T7328,U137,2021-08-20,Expense,Food,822.0,Upi,Jaipur,No Notes
T2349,U144,2021-01-31,Expense,Education,4030.0,Card,Bangalore,xyz123
T7521,U114,2022-12-05,Expense,Education,8617.0,Upi,Kolkata,Movie tickets
T11038,U149,2024-11-29,Expense,Education,5359.0,Upi,Kolkata,Movie tickets
T3497,U101,2021-03-09,Expense,Utilities,1954.0,Bank_Transfer,Ahmedabad,Grocery shopping
T9120,U120,2021-07-27,Expense,Rent,15158.0,Bank_Transfer,Lucknow,Fixed deposit
T12001,U078,2023-02-21,Expense,Rent,3361.0,Card,Mumbai,...
T11444,U020,2022-08-09,Expense,Rent,1862.0,Upi,Kolkata,Shopping
T8910,U073,2024-01-27,Expense,Others,6949.0,Bank_Transfer,Hyderabad,test
T10315,U041,2024-11-11,Expense,Health,8509.0,Bank_Transfer,Hyderabad,Uber ride
T12163,U067,2023-07-24,Expense,Travel,6652.0,Cash,Lucknow,No Notes
T8966,U023,2021-10-02,Expense,Education,8364.0,Cash,Mumbai,Lunch
T10778,U036,2021-08-02,Expense,Food,341.0,Upi,Unknown,Electricity bill
T1396,U072,2021-04-02,Expense,Education,5193.0,Upi,Pune,Doctor consultation
T11713,U136,2021-12-02,Expense,Travel,1859.0,Card,Bangalore,No Notes
T12767,U044,2021-03-11,Expense,Entertainment,5685.0,Bank_Transfer,Bangalore,No Notes
T12921,U146,2024-11-30,Income,Investment,69496.0,Bank_Transfer,Bangalore,ATM withdrawal
T9417,U107,2023-08-19,Expense,Rent,1751.0,Bank_Transfer,Pune,Grocery shopping
T11450,U094,2022-08-14,Expense,Utilities,1102.0,Upi,Pune,Shopping
T12215,U148,2024-10-29,Expense,Food,7063.0,Card,Chennai,EMI payment
T11105,U102,2022-01-26,Expense,Entertainment,1125.0,Bank_Transfer,Ahmedabad,ATM withdrawal
T9215,U149,2022-07-01,Income,Bonus,38108.0,Bank_Transfer,Ahmedabad,Online course
T7035,U022,2024-06-01,Expense,Travel,1684.0,Upi,Ahmedabad,...
T8593,U121,2023-10-03,Expense,Food,5145.0,Card,Mumbai,Electricity bill
T5014,U036,2024-03-24,Expense,Travel,1456.0,Upi,Bangalore,!!!
T4409,U004,2024-05-14,Expense,Utilities,2290.0,Upi,Ahmedabad,Train ticket
T4209,U033,2023-08-18,Expense,Rent,6993.0,Bank_Transfer,Kolkata,test
T6790,U063,2022-09-22,Income,Investment,72560.0,Bank_Transfer,Jaipur,Fixed deposit
T2276,U086,2024-09-18,Expense,Food,4047.0,Bank_Transfer,Pune,Books
T8897,U021,2021-11-22,Income,Bonus,70871.0,Cash,Jaipur,Lunch
T10100,U092,2021-03-26,Expense,Food,2268.0,Cash,Hyderabad,No Notes
T1583,U045,2023-08-22,Expense,Travel,5568.0,Bank_Transfer,Bangalore,No Notes
T13058,U122,2024-07-16,Expense,Rent,9636.0,Bank_Transfer,Unknown,No Notes
T12193,U121,2024-08-05,Expense,Entertainment,3808.0,Bank_Transfer,Hyderabad,Medicine
T3088,U141,2024-05-03,Expense,Education,9578.0,Bank_Transfer,Lucknow,Electricity bill
T13802,U100,2023-11-27,Expense,Food,2835.0,Cash,Kolkata,Coffee
T3659,U059,2021-11-03,Expense,Travel,1261.0,Cash,Ahmedabad,Gym membership
T5162,U094,2023-04-05,Expense,Utilities,157.0,Cash,Lucknow,No Notes
T2838,U064,2022-04-27,Expense,Food,1629.0,Bank_Transfer,Ahmedabad,Internet bill
T10609,U050,2021-12-10,Expense,Rent,3213.0,Card,Unknown,Books
T8566,U042,2022-06-29,Expense,Utilities,630.0,Bank_Transfer,Kolkata,Shopping
T10031,U105,2024-08-17,Expense,Utilities,3479.0,Upi,Delhi,!!!
T12929,U074,2023-09-04,Income,Salary,60483.0,Upi,Pune,...
T7257,U015,2024-01-08,Expense,Education,3966.0,Card,Unknown,ATM withdrawal
T8051,U003,2023-10-27,Expense,Travel,3352.0,Upi,Bangalore,No Notes
T9968,U053,2023-12-22,Expense,Entertainment,2489.0,Cash,Unknown,Gym membership
T11998,U122,2024-05-09,Expense,Food,960.0,Bank_Transfer,Hyderabad,No Notes
T1067,U053,2022-09-26,Expense,Food,1461.0,Upi,Bangalore,No Notes
T0575,U088,2023-01-27,Expense,Travel,6879.0,Card,Chennai,No Notes
T0390,U127,2024-05-05,Income,Others,73950.0,Cash,Jaipur,Doctor consultation
T7865,U138,2023-10-18,Expense,Entertainment,6236.0,Card,Kolkata,Monthly rent payment
T13350,U084,2022-03-21,Expense,Food,3222.0,Card,Hyderabad,Medicine
T10004,U072,2024-11-23,Expense,Rent,23309.0,Unknown,Jaipur,Medicine
T8401,U072,2022-02-22,Income,Others,70095.0,Cash,Pune,Petrol
T0277,U069,2024-08-06,Expense,Food,7908.0,Upi,Ahmedabad,No Notes
T5030,U122,2021-04-04,Expense,Food,8285.0,Upi,Mumbai,Coffee
T9973,U005,2021-10-03,Expense,Health,7366.0,Card,Jaipur,Fixed deposit
T3050,U077,2024-12-10,Income,Bonus,34138.0,Bank_Transfer,Unknown,misc
T11285,U102,2021-10-16,Expense,Food,2412.0,Card,Lucknow,Grocery shopping
T5117,U061,2021-09-07,Expense,Rent,28410.0,Bank_Transfer,Chennai,No Notes
T5514,U075,2022-02-01,Expense,Utilities,952.0,Upi,Bangalore,Shopping
T8258,U105,2021-02-10,Expense,Rent,9210.0,Unknown,Unknown,Internet bill
T4064,U013,2024-01-07,Income,Others,72708.0,Bank_Transfer,Mumbai,Internet bill
T8345,U059,2022-03-25,Expense,Food,4834.0,Card,Hyderabad,Movie tickets
T0168,U045,2024-11-11,Expense,Others,9485.0,Cash,Lucknow,Gym membership
T7645,U069,2023-10-15,Income,Investment,44957.0,Cash,Lucknow,misc
T6219,U040,2023-10-30,Income,Bonus,11212.0,Upi,Kolkata,Online course
T13357,U031,2021-10-06,Expense,Savings,2217.0,Upi,Unknown,No Notes
T5855,U148,2021-11-13,Expense,Food,3736.0,Upi,Chennai,test
T9516,U137,2022-11-11,Expense,Rent,28652.0,Card,Lucknow,Grocery shopping
T0396,U026,2023-01-15,Expense,Utilities,207.0,Card,Pune,misc
T0283,U038,2024-12-29,Expense,Rent,3060.0,Upi,Ahmedabad,Grocery shopping
T3558,U009,2021-01-02,Expense,Rent,6980.0,Cash,Delhi,Electricity bill
T5434,U119,2022-09-26,Income,Freelance,46028.0,Cash,Lucknow,asdfgh
T11956,U135,2023-03-06,Expense,Food,2785.0,Card,Bangalore,Petrol
T13217,U129,2022-05-25,Expense,Savings,8847.0,Bank_Transfer,Mumbai,Online course
T9889,U041,2022-04-18,Expense,Food,6431.0,Upi,Hyderabad,No Notes
T4032,U129,2024-05-30,Income,Bonus,27335.0,Cash,Hyderabad,No Notes
T3629,U027,2023-05-11,Expense,Food,151.0,Card,Delhi,Restaurant dinner
T4894,U107,2022-03-28,Expense,Entertainment,7223.0,Bank_Transfer,Jaipur,test
T3020,U021,2021-10-18,Expense,Food,1413.0,Card,Unknown,Electricity bill
T3337,U049,2023-01-24,Expense,Rent,2243.0,Cash,Pune,No Notes
T10899,U095,2022-04-06,Expense,Utilities,2918.0,Cash,Lucknow,Petrol
T12126,U098,2024-08-23,Income,Freelance,17088.0,Upi,Ahmedabad,EMI payment
T8004,U093,2022-05-22,Expense,Education,144.0,Cash,Kolkata,Movie tickets
T11651,U115,2021-08-17,Expense,Rent,6317.0,Upi,Bangalore,Gym membership
T5655,U028,2024-01-01,Expense,Food,757.0,Cash,Delhi,Grocery shopping
T1481,U018,2022-06-07,Expense,Food,850.0,Bank_Transfer,Mumbai,Gym membership
T5957,U092,2023-06-19,Expense,Savings,7713.0,Upi,Bangalore,Lunch
T0042,U146,2023-06-19,Expense,Entertainment,8190.0,Upi,Unknown,Monthly rent payment
T10742,U109,2021-01-31,Expense,Utilities,4045.0,Cash,Hyderabad,Coffee
T1783,U022,2022-11-19,Expense,Utilities,302.0,Cash,Hyderabad,Restaurant dinner
T7736,U140,2023-02-05,Expense,Food,611.0,Bank_Transfer,Mumbai,Grocery shopping
T8394,U012,2022-04-14,Expense,Entertainment,8897.0,Upi,Jaipur,Restaurant dinner
T12628,U037,2021-09-20,Expense,Food,3610.0,Upi,Bangalore,Movie tickets
T8016,U105,2024-10-03,Expense,Food,2874.0,Upi,Pune,Train ticket
T7344,U069,2022-10-15,Expense,Travel,190.0,Cash,Bangalore,Lunch
T8047,U079,2022-04-01,Expense,Travel,2866.0,Card,Unknown,ATM withdrawal
T5419,U015,2024-08-25,Expense,Education,5782.0,Bank_Transfer,Ahmedabad,Monthly rent payment
T1360,U143,2022-03-13,Expense,Utilities,5280.0,Card,Lucknow,Books
T13107,U117,2021-02-23,Income,Freelance,20615.0,Upi,Delhi,No Notes
T13852,U073,2024-10-13,Expense,Entertainment,6687.0,Cash,Hyderabad,Gym membership
T0403,U109,2023-03-09,Expense,Utilities,8602.0,Bank_Transfer,Ahmedabad,!!!
T7941,U053,2024-10-31,Expense,Entertainment,9396.0,Upi,Jaipur,No Notes
T7428,U014,2024-01-17,Income,Salary,42684.0,Upi,Kolkata,Petrol
T2323,U094,2022-10-09,Expense,Entertainment,8216.0,Bank_Transfer,Hyderabad,No Notes
T13996,U067,2024-09-03,Expense,Food,2404.0,Bank_Transfer,Lucknow,...
T4205,U137,2021-09-17,Expense,Travel,4672.0,Cash,Ahmedabad,Electricity bill
T11147,U141,2021-07-13,Income,Investment,46843.0,Card,Jaipur,Doctor consultation
T11908,U013,2022-02-16,Expense,Travel,925.0,Upi,Mumbai,Lunch
T3867,U057,2024-03-05,Expense,Travel,3474.0,Cash,Kolkata,!!!
T4012,U122,2024-10-16,Expense,Rent,5355.0,Bank_Transfer,Jaipur,Medicine
T10228,U053,2024-01-12,Income,Others,48249.0,Bank_Transfer,Hyderabad,Coffee
T2275,U141,2023-11-29,Expense,Utilities,159.0,Card,Unknown,Monthly rent payment
T13621,U112,2024-03-08,Expense,Rent,7510.0,Card,Hyderabad,ATM withdrawal
T8588,U110,2022-11-04,Expense,Food,3341.0,Card,Lucknow,Fixed deposit
T2474,U104,2024-05-02,Expense,Health,7360.0,Upi,Hyderabad,No Notes
T0154,U001,2021-01-26,Expense,Rent,679.0,Bank_Transfer,Pune,No Notes
T9259,U068,2023-04-07,Expense,Food,126.0,Card,Unknown,EMI payment
T8186,U042,2021-04-15,Expense,Others,5386.0,Bank_Transfer,Chennai,Medicine
T13969,U018,2022-10-27,Expense,Others,1753.0,Card,Mumbai,No Notes
T0083,U140,2021-03-16,Expense,Food,2769.0,Bank_Transfer,Pune,No Notes
T10641,U087,2023-08-20,Expense,Utilities,6469.0,Cash,Pune,Shopping
T10479,U133,2022-07-14,Expense,Food,3773.0,Card,Kolkata,Medicine
T10809,U029,2023-09-20,Income,Investment,39633.0,Cash,Chennai,...
T5370,U148,2024-01-08,Expense,Utilities,3890.0,Card,Jaipur,Medicine
T13295,U045,2022-09-06,Expense,Utilities,8846.0,Cash,Ahmedabad,No Notes
T1815,U072,2021-02-17,Income,Others,43700.0,Bank_Transfer,Kolkata,No Notes
T13530,U085,2024-07-09,Income,Others,48358.0,Card,Delhi,Monthly rent payment
T9954,U104,2021-03-27,Income,Investment,26154.0,Bank_Transfer,Chennai,...
T10330,U108,2022-08-03,Expense,Travel,5714.0,Bank_Transfer,Jaipur,Books
T13470,U150,2024-03-31,Expense,Utilities,3308.0,Unknown,Hyderabad,misc
T8463,U070,2022-03-01,Expense,Entertainment,4744.0,Bank_Transfer,Hyderabad,Monthly rent payment
T0234,U010,2023-01-04,Expense,Entertainment,2971.0,Upi,Unknown,Petrol
T9350,U096,2023-09-17,Expense,Food,9956.0,Card,Chennai,asdfgh
T7329,U061,2021-12-01,Income,Others,61329.0,Upi,Delhi,No Notes
T1290,U138,2021-10-13,Expense,Entertainment,6527.0,Cash,Ahmedabad,ATM withdrawal
T10483,U027,2021-10-28,Expense,Travel,8987.0,Bank_Transfer,Chennai,test
T10373,U091,2024-07-20,Expense,Travel,1090.0,Bank_Transfer,Pune,!!!
T11611,U092,2023-09-22,Expense,Rent,4930.0,Upi,Pune,Monthly rent payment
T2332,U007,2024-01-08,Income,Investment,79248.0,Bank_Transfer,Delhi,Internet bill
T10762,U123,2022-06-08,Expense,Rent,24254.0,Cash,Unknown,Grocery shopping
T8254,U147,2023-01-31,Expense,Rent,39660.0,Upi,Chennai,Online course
T4478,U134,2024-02-05,Expense,Entertainment,2821.0,Cash,Unknown,Gym membership
T12753,U016,2022-11-05,Expense,Food,3634.0,Card,Hyderabad,Medicine
T1977,U077,2022-06-12,Expense,Savings,5991.0,Upi,Hyderabad,No Notes
T10194,U063,2023-10-18,Expense,Travel,7179.0,Bank_Transfer,Lucknow,Internet bill
T3086,U006,2022-06-13,Expense,Education,3199.0,Card,Delhi,asdfgh
T13190,U147,2022-12-28,Expense,Entertainment,6893.0,Upi,Lucknow,Gym membership
T5986,U128,2024-03-11,Income,Bonus,20102.0,Bank_Transfer,Ahmedabad,No Notes
T7793,U130,2023-07-08,Expense,Entertainment,5749.0,Upi,Mumbai,xyz123
T0811,U148,2024-04-16,Expense,Travel,8478.0,Cash,Ahmedabad,Online course
T12020,U077,2021-04-24,Expense,Entertainment,5033.0,Bank_Transfer,Kolkata,!!!
T10369,U037,2021-10-03,Income,Salary,68977.0,Card,Unknown,misc
T6262,U072,2024-01-25,Expense,Food,2737.0,Card,Chennai,Monthly rent payment
T12703,U059,2024-11-16,Expense,Health,8072.0,Bank_Transfer,Bangalore,!!!
T7106,U112,2024-07-26,Expense,Others,9251.0,Upi,Lucknow,Medicine
T0783,U051,2022-04-21,Expense,Food,2905.0,Bank_Transfer,Ahmedabad,Grocery shopping
T4482,U021,2024-01-27,Income,Salary,293358.0,Card,Mumbai,...
T3802,U016,2021-10-12,Expense,Utilities,7694.0,Card,Mumbai,Gym membership
T12232,U099,2023-12-14,Expense,Education,3701.0,Upi,Lucknow,ATM withdrawal
T10102,U014,2023-06-06,Expense,Rent,8956.0,Upi,Hyderabad,Books
T1188,U131,2021-08-03,Expense,Health,1777.0,Upi,Jaipur,asdfgh
T5517,U013,2022-05-19,Expense,Rent,4730.0,Card,Lucknow,asdfgh
T4066,U143,2023-08-26,Expense,Utilities,5615.0,Upi,Lucknow,Movie tickets
T9230,U150,2022-10-06,Expense,Travel,5127.0,Upi,Chennai,No Notes
T5424,U095,2024-08-13,Expense,Food,3102.0,Bank_Transfer,Delhi,Fixed deposit
T10972,U098,2022-07-09,Income,Investment,75735.0,Upi,Bangalore,No Notes
T0100,U088,2024-10-16,Expense,Utilities,3250.0,Upi,Ahmedabad,No Notes
T2236,U085,2024-08-27,Expense,Food,941.0,Cash,Chennai,misc
T5953,U135,2024-12-22,Expense,Travel,1829.0,Cash,Kolkata,Doctor consultation
T9022,U098,2022-05-01,Expense,Food,4036.0,Bank_Transfer,Hyderabad,!!!
T10673,U150,2022-06-06,Income,Others,45760.0,Cash,Ahmedabad,No Notes
T8196,U064,2021-09-04,Expense,Rent,5312.0,Card,Delhi,asdfgh
T0105,U140,2021-10-02,Expense,Health,7618.0,Unknown,Kolkata,Medicine
T4682,U077,2021-12-28,Expense,Food,3302.0,Card,Chennai,Grocery shopping
T6220,U110,2024-12-14,Income,Bonus,20953.0,Cash,Jaipur,xyz123
T11045,U071,2021-03-02,Expense,Food,7505.0,Card,Delhi,Internet bill
T8251,U045,2021-02-20,Expense,Others,5549.0,Unknown,Ahmedabad,Online course
T5984,U116,2023-10-16,Income,Bonus,14365.0,Card,Ahmedabad,Online course
T5685,U134,2021-09-08,Expense,Entertainment,8517.0,Bank_Transfer,Mumbai,No Notes
T0282,U032,2024-12-17,Expense,Entertainment,8483.0,Cash,Lucknow,Shopping
T9220,U126,2024-07-05,Expense,Utilities,646.0,Card,Jaipur,test
T5520,U130,2022-08-06,Income,Bonus,65773.0,Card,Pune,Books
T4853,U058,2021-10-26,Income,Salary,69839.0,Card,Jaipur,...
T0794,U058,2022-09-07,Income,Bonus,79565.0,Bank_Transfer,Pune,Electricity bill
T8723,U148,2022-05-15,Expense,Food,3279.0,Cash,Hyderabad,misc
T13003,U015,2023-09-21,Expense,Utilities,6835.0,Bank_Transfer,Pune,Doctor consultation
T7536,U133,2022-08-12,Expense,Food,6533.0,Cash,Hyderabad,!!!
T9061,U004,2023-02-14,Expense,Utilities,3006.0,Card,Pune,Lunch
T10675,U112,2024-08-02,Income,Freelance,23898.0,Card,Ahmedabad,Doctor consultation
T8453,U009,2022-12-29,Income,Others,22632.0,Card,Delhi,Internet bill
T10089,U119,2024-06-21,Income,Investment,69406.0,Card,Lucknow,Electricity bill
T5808,U087,2023-07-21,Expense,Utilities,3460.0,Upi,Unknown,!!!
T1127,U087,2021-11-22,Expense,Utilities,8733.0,Bank_Transfer,Chennai,Train ticket
T10423,U024,2024-10-17,Expense,Entertainment,8882.0,Bank_Transfer,Pune,Grocery shopping
T9395,U060,2023-12-04,Expense,Utilities,6373.0,Bank_Transfer,Unknown,misc
T2633,U057,2024-06-13,Expense,Food,3299.0,Bank_Transfer,Delhi,EMI payment
T5381,U011,2021-01-04,Expense,Rent,4357.0,Card,Kolkata,Fixed deposit
T8010,U057,2024-02-26,Expense,Travel,2625.0,Cash,Lucknow,Uber ride
T12612,U149,2021-08-20,Expense,Rent,9638.0,Card,Pune,Train ticket
T10575,U033,2023-11-24,Expense,Rent,7308.0,Card,Kolkata,Online course
T1772,U130,2022-01-17,Expense,Food,6135.0,Card,Delhi,asdfgh
T1438,U017,2023-07-02,Expense,Rent,5126.0,Cash,Lucknow,Train ticket
T3647,U116,2023-12-17,Expense,Rent,592.0,Upi,Unknown,Coffee
T1342,U095,2024-10-21,Expense,Food,8176.0,Upi,Delhi,Lunch
T2369,U052,2023-12-18,Expense,Entertainment,5598.0,Cash,Kolkata,Shopping
T13293,U032,2022-01-22,Income,Salary,41288.0,Upi,Kolkata,Doctor consultation
T6858,U142,2024-07-15,Expense,Food,3233.0,Upi,Pune,!!!
T13291,U094,2023-10-26,Expense,Savings,5715.0,Cash,Kolkata,Electricity bill
T10729,U150,2024-10-26,Income,Investment,42045.0,Bank_Transfer,Mumbai,Online course
T8792,U115,2023-10-10,Expense,Rent,6214.0,Card,Kolkata,Electricity bill
T6035,U041,2024-08-07,Expense,Travel,7475.0,Upi,Pune,Shopping
T11576,U107,2023-04-15,Expense,Education,8679.0,Bank_Transfer,Mumbai,Medicine
T6377,U066,2021-02-27,Expense,Rent,48454.0,Card,Delhi,Online course
T9044,U030,2024-11-16,Expense,Entertainment,9721.0,Upi,Delhi,No Notes
T0942,U142,2021-08-07,Expense,Rent,2765.0,Cash,Unknown,misc
T7129,U088,2023-03-25,Expense,Travel,2905.0,Card,Pune,EMI payment
T2188,U041,2021-12-29,Expense,Rent,5699.0,Upi,Bangalore,misc
T2185,U012,2021-11-09,Expense,Food,2114.0,Upi,Pune,Restaurant dinner
T8413,U080,2024-11-17,Expense,Health,5312.0,Upi,Delhi,EMI payment
T4588,U027,2024-11-25,Expense,Utilities,194.0,Cash,Lucknow,Grocery shopping
T10193,U035,2021-04-17,Income,Others,21264.0,Bank_Transfer,Kolkata,Online course
T5754,U059,2021-03-01,Expense,Entertainment,316.0,Bank_Transfer,Jaipur,...
T10518,U088,2024-06-14,Expense,Food,6488.0,Bank_Transfer,Lucknow,...
T12277,U080,2023-02-17,Expense,Utilities,2317.0,Bank_Transfer,Bangalore,test
T12385,U138,2021-03-29,Expense,Rent,16454.0,Bank_Transfer,Pune,Online course
T11067,U098,2024-07-24,Expense,Food,435.0,Card,Kolkata,Doctor consultation
T3681,U052,2024-02-19,Expense,Others,1158.0,Upi,Pune,No Notes
T8530,U042,2023-09-18,Expense,Travel,6021.0,Upi,Lucknow,Petrol
T11903,U041,2021-10-06,Expense,Savings,999999.0,Bank_Transfer,Unknown,Gym membership
T3018,U025,2022-03-06,Expense,Savings,9976.0,Bank_Transfer,Hyderabad,Gym membership
T10136,U022,2023-12-18,Income,Salary,24773.0,Bank_Transfer,Lucknow,Monthly rent payment
T8175,U068,2022-02-09,Expense,Food,2213.0,Cash,Bangalore,Doctor consultation
T0451,U059,2022-10-11,Expense,Health,3744.0,Bank_Transfer,Unknown,Doctor consultation
T8176,U097,2021-03-31,Expense,Utilities,4521.0,Bank_Transfer,Hyderabad,misc
T5700,U097,2023-02-03,Income,Salary,47389.0,Upi,Mumbai,No Notes
T7659,U112,2022-07-29,Expense,Health,2352.0,Unknown,Jaipur,Grocery shopping
T1276,U083,2024-05-09,Expense,Entertainment,4736.0,Bank_Transfer,Lucknow,Lunch
T9304,U087,2024-11-30,Expense,Rent,4116.0,Upi,Bangalore,No Notes
T0964,U109,2023-03-21,Income,Freelance,28542.0,Card,Ahmedabad,Monthly rent payment
T0426,U001,2024-11-20,Expense,Rent,6258.0,Upi,Unknown,Restaurant dinner
T3097,U109,2022-08-30,Expense,Travel,1666.0,Bank_Transfer,Hyderabad,No Notes
T2878,U007,2022-04-11,Expense,Education,8832.0,Bank_Transfer,Hyderabad,Coffee
T5439,U114,2024-04-03,Expense,Food,4342.0,Card,Jaipur,xyz123
T9629,U103,2021-03-13,Expense,Travel,6201.0,Cash,Mumbai,Medicine
T0798,U116,2023-10-22,Expense,Travel,4659.0,Card,Jaipur,Coffee
T12083,U032,2023-09-13,Expense,Travel,8172.0,Upi,Lucknow,Doctor consultation
T1097,U004,2022-02-21,Expense,Food,3122.0,Upi,Bangalore,Electricity bill
T12982,U001,2023-06-04,Income,Salary,69892.0,Bank_Transfer,Unknown,Grocery shopping
T5453,U085,2022-06-22,Expense,Travel,2765.0,Upi,Kolkata,Books
T2729,U006,2023-06-05,Expense,Travel,4290.0,Upi,Mumbai,Uber ride
T6871,U120,2021-04-30,Expense,Food,3485.0,Cash,Jaipur,Electricity bill
T11892,U125,2021-07-26,Expense,Education,391.0,Cash,Lucknow,Medicine
T3538,U059,2021-02-14,Expense,Food,1564.0,Upi,Bangalore,ATM withdrawal
T1147,U052,2021-12-30,Expense,Entertainment,3740.0,Unknown,Jaipur,Shopping
T11439,U084,2024-03-21,Income,Bonus,17575.0,Upi,Unknown,Medicine
T4229,U016,2021-10-11,Expense,Travel,7527.0,Upi,Ahmedabad,Fixed deposit
T0812,U065,2024-09-30,Income,Bonus,79248.0,Upi,Mumbai,No Notes
T10288,U103,2021-10-21,Expense,Entertainment,6155.0,Bank_Transfer,Ahmedabad,EMI payment
T9694,U020,2022-08-26,Expense,Travel,3605.0,Bank_Transfer,Delhi,Coffee
T11645,U086,2022-07-03,Expense,Utilities,9791.0,Card,Bangalore,xyz123
T12077,U059,2023-01-12,Expense,Entertainment,5605.0,Card,Hyderabad,Fixed deposit
T2788,U088,2021-02-19,Expense,Travel,6362.0,Bank_Transfer,Pune,Shopping
T10834,U066,2021-03-26,Expense,Food,6819.0,Card,Ahmedabad,Gym membership
T13842,U087,2023-04-05,Expense,Food,2829.0,Bank_Transfer,Ahmedabad,Fixed deposit
T12205,U071,2023-10-12,Expense,Education,445.0,Cash,Unknown,Online course
T10251,U078,2024-03-08,Expense,Utilities,8153.0,Cash,Lucknow,ATM withdrawal
T1737,U078,2024-03-04,Expense,Utilities,1401.0,Bank_Transfer,Bangalore,Online course
T12371,U087,2022-11-12,Expense,Rent,8167.0,Bank_Transfer,Pune,ATM withdrawal
T2125,U136,2022-04-14,Expense,Rent,1300.0,Bank_Transfer,Lucknow,No Notes
T3439,U027,2023-02-11,Expense,Food,272.0,Upi,Lucknow,Coffee
T12363,U001,2023-10-11,Expense,Food,4839.0,Cash,Mumbai,EMI payment
T10386,U032,2022-10-14,Expense,Rent,38710.0,Cash,Ahmedabad,Gym membership
T4997,U052,2024-01-06,Expense,Food,226.0,Upi,Kolkata,No Notes
T8994,U105,2024-07-07,Expense,Food,8129.0,Cash,Jaipur,...
T5186,U008,2023-01-28,Expense,Utilities,9406.0,Card,Jaipur,Gym membership
T4120,U125,2023-04-25,Expense,Rent,4452.0,Card,Delhi,EMI payment
T3507,U019,2024-02-14,Expense,Rent,5576.0,Cash,Pune,No Notes
T0939,U125,2021-05-29,Expense,Food,685.0,Unknown,Bangalore,Monthly rent payment
T1160,U040,2022-10-24,Expense,Travel,7596.0,Upi,Lucknow,ATM withdrawal
T9836,U017,2023-05-14,Expense,Food,833.0,Cash,Chennai,Uber ride
T8969,U131,2024-05-26,Expense,Food,8831.0,Cash,Bangalore,Restaurant dinner
T7883,U091,2023-10-12,Income,Bonus,48899.0,Upi,Unknown,Medicine
T11916,U063,2022-10-27,Expense,Education,7364.0,Bank_Transfer,Chennai,EMI payment
T7473,U126,2024-03-23,Expense,Rent,8260.0,Cash,Chennai,Fixed deposit
T13299,U098,2022-10-06,Expense,Rent,16911.0,Cash,Hyderabad,Uber ride
T6503,U077,2022-03-27,Expense,Food,5319.0,Upi,Lucknow,Fixed deposit
T5476,U086,2021-12-28,Expense,Rent,5982.0,Upi,Ahmedabad,No Notes
T2904,U046,2023-11-02,Income,Investment,55994.0,Upi,Mumbai,Doctor consultation
T4950,U117,2023-01-16,Expense,Entertainment,943.0,Bank_Transfer,Ahmedabad,Online course
T10181,U071,2022-07-06,Expense,Health,991.0,Upi,Lucknow,Coffee
T6145,U079,2024-03-20,Expense,Food,2969.0,Bank_Transfer,Lucknow,Coffee
T10687,U005,2023-07-18,Expense,Entertainment,4279.0,Card,Mumbai,Uber ride
T9838,U057,2023-09-18,Expense,Food,4921.0,Card,Kolkata,Monthly rent payment
T8068,U017,2022-06-15,Income,Bonus,61153.0,Card,Jaipur,Restaurant dinner
T13739,U119,2024-11-23,Expense,Food,4921.0,Upi,Hyderabad,Restaurant dinner
T13633,U143,2022-11-22,Expense,Others,3418.0,Bank_Transfer,Jaipur,Books
T0274,U129,2021-07-05,Income,Salary,39567.0,Card,Jaipur,Gym membership
T5001,U148,2022-08-31,Income,Investment,74667.0,Upi,Delhi,xyz123
T6818,U091,2021-10-17,Expense,Health,2633.0,Bank_Transfer,Bangalore,Books
T7076,U090,2021-12-22,Expense,Education,1934.0,Upi,Chennai,...
T6385,U034,2023-09-24,Expense,Food,913.0,Card,Ahmedabad,Online course
T7237,U083,2023-02-21,Expense,Education,7566.0,Upi,Jaipur,Doctor consultation
T7482,U105,2023-02-12,Income,Others,24464.0,Card,Bangalore,Doctor consultation
T3441,U051,2023-04-20,Expense,Utilities,8410.0,Card,Mumbai,!!!
T8583,U122,2023-03-22,Expense,Travel,3183.0,Upi,Hyderabad,No Notes
T10167,U110,2021-08-17,Income,Others,74602.0,Card,Unknown,Gym membership
T0281,U037,2024-08-16,Expense,Savings,5399.0,Card,Hyderabad,Petrol
T8456,U088,2023-07-01,Income,Investment,36331.0,Card,Delhi,Internet bill
T3353,U105,2023-11-03,Expense,Entertainment,6762.0,Bank_Transfer,Jaipur,No Notes
T8689,U071,2021-08-10,Expense,Rent,1783.0,Unknown,Pune,xyz123
T0082,U060,2022-11-29,Expense,Food,4578.0,Bank_Transfer,Lucknow,xyz123
T13826,U130,2024-12-17,Expense,Health,2035.0,Unknown,Jaipur,Gym membership
T4603,U116,2023-05-23,Expense,Travel,2374.0,Upi,Hyderabad,Uber ride
T6692,U134,2022-01-24,Expense,Travel,8666.0,Bank_Transfer,Jaipur,ATM withdrawal
T0863,U059,2024-01-16,Expense,Education,4881.0,Cash,Ahmedabad,No Notes
T2551,U016,2023-08-04,Expense,Rent,9609.0,Card,Lucknow,Restaurant dinner
T0805,U044,2024-03-11,Expense,Food,2175.0,Card,Unknown,Medicine
T12314,U117,2021-04-07,Income,Others,29690.0,Upi,Unknown,Restaurant dinner
T2222,U110,2022-08-08,Expense,Entertainment,694.0,Unknown,Pune,test
T4597,U032,2022-02-12,Expense,Rent,32595.0,Upi,Delhi,No Notes
T12219,U074,2022-01-14,Expense,Food,2622.0,Upi,Mumbai,No Notes
T9585,U021,2021-07-10,Income,Bonus,60194.0,Cash,Lucknow,xyz123
T9515,U075,2022-09-27,Expense,Food,6565.0,Card,Unknown,Internet bill
T6430,U046,2021-02-19,Income,Salary,12836.0,Card,Bangalore,Monthly rent payment
T5409,U010,2024-08-11,Expense,Education,463.0,Upi,Jaipur,...
T5053,U040,2023-10-23,Expense,Food,5779.0,Cash,Ahmedabad,Monthly rent payment
T9081,U067,2024-04-30,Expense,Food,2451.0,Bank_Transfer,Delhi,Electricity bill
T4731,U007,2024-12-17,Expense,Travel,1709.0,Upi,Hyderabad,No Notes
T13209,U001,2024-03-23,Expense,Travel,8514.0,Card,Bangalore,No Notes
T12381,U065,2024-01-22,Expense,Food,999999.0,Upi,Jaipur,Shopping
T11922,U099,2024-09-21,Expense,Travel,5916.0,Unknown,Pune,Medicine
T8232,U133,2024-04-07,Expense,Travel,8705.0,Bank_Transfer,Chennai,Internet bill
T9063,U129,2023-06-25,Expense,Travel,8780.0,Cash,Lucknow,Books
T2547,U135,2023-05-22,Expense,Entertainment,2839.0,Bank_Transfer,Mumbai,EMI payment
T4805,U003,2024-07-03,Expense,Food,291.0,Card,Lucknow,Lunch
T2692,U022,2022-10-26,Expense,Food,1162.0,Bank_Transfer,Lucknow,No Notes
T7444,U006,2023-11-28,Expense,Utilities,8076.0,Card,Hyderabad,test
T10263,U066,2022-03-10,Expense,Rent,5223.0,Upi,Chennai,xyz123
T8244,U128,2024-08-07,Expense,Food,3559.0,Cash,Unknown,test
T10222,U121,2024-02-15,Income,Others,59288.0,Upi,Mumbai,No Notes
T6340,U128,2021-06-19,Income,Salary,57527.0,Card,Bangalore,No Notes
T4372,U055,2023-08-14,Expense,Rent,6907.0,Unknown,Jaipur,asdfgh
T12208,U094,2023-10-21,Expense,Entertainment,853.0,Upi,Mumbai,Restaurant dinner
T10037,U124,2021-05-27,Expense,Travel,5867.0,Upi,Jaipur,EMI payment
T13065,U086,2024-04-20,Expense,Entertainment,1125.0,Cash,Mumbai,Coffee
T10726,U066,2022-04-02,Income,Freelance,23590.0,Cash,Pune,No Notes
T11186,U145,2024-11-21,Expense,Utilities,491.0,Bank_Transfer,Chennai,Lunch
T10684,U094,2023-04-02,Expense,Utilities,7477.0,Bank_Transfer,Ahmedabad,Gym membership
T0630,U097,2024-12-17,Income,Investment,52875.0,Bank_Transfer,Delhi,No Notes
T7581,U145,2023-09-25,Income,Bonus,23968.0,Bank_Transfer,Chennai,ATM withdrawal
T13545,U113,2024-11-01,Expense,Health,7603.0,Card,Hyderabad,Gym membership
T9246,U030,2022-09-26,Expense,Health,5387.0,Bank_Transfer,Delhi,Electricity bill
T4261,U021,2024-11-07,Expense,Food,4414.0,Unknown,Kolkata,No Notes
T13267,U122,2023-04-22,Expense,Utilities,6115.0,Bank_Transfer,Unknown,Gym membership
T5436,U022,2023-02-19,Expense,Food,6575.0,Card,Delhi,Medicine
T9192,U016,2021-08-04,Expense,Health,9520.0,Bank_Transfer,Kolkata,xyz123
T6072,U076,2022-03-25,Expense,Food,2345.0,Bank_Transfer,Chennai,Doctor consultation
T5395,U118,2023-05-22,Expense,Food,1341.0,Bank_Transfer,Pune,test
T0111,U108,2023-02-23,Income,Salary,27431.0,Card,Bangalore,Gym membership
T10368,U115,2022-08-18,Expense,Health,1906.0,Cash,Unknown,Electricity bill
T0442,U138,2021-05-17,Expense,Others,9157.0,Upi,Kolkata,Books
T12234,U104,2024-12-20,Expense,Health,1233.0,Upi,Pune,Doctor consultation
T7544,U049,2023-08-25,Expense,Food,7992.0,Upi,Chennai,Monthly rent payment
T10004,U118,2022-08-17,Expense,Rent,49933.0,Bank_Transfer,Pune,No Notes
T2740,U070,2024-03-22,Expense,Food,5293.0,Upi,Mumbai,No Notes
T8747,U097,2024-02-29,Expense,Entertainment,2897.0,Bank_Transfer,Hyderabad,Train ticket
T9229,U087,2023-10-11,Expense,Utilities,6977.0,Unknown,Unknown,asdfgh
T11340,U081,2021-01-10,Expense,Food,1714.0,Bank_Transfer,Delhi,Uber ride
T5071,U093,2024-05-09,Income,Investment,24915.0,Cash,Pune,Petrol
T9715,U017,2023-03-08,Income,Others,73428.0,Unknown,Hyderabad,Grocery shopping
T12398,U099,2022-12-08,Expense,Food,698.0,Card,Bangalore,Medicine
T12717,U031,2023-01-12,Expense,Health,6777.0,Cash,Ahmedabad,xyz123
T13993,U064,2023-03-15,Expense,Food,3206.0,Upi,Mumbai,...
T5336,U088,2022-09-09,Income,Freelance,23251.0,Card,Lucknow,No Notes
T8336,U088,2023-09-07,Expense,Rent,5075.0,Bank_Transfer,Hyderabad,No Notes
T7721,U096,2022-05-22,Income,Investment,10440.0,Card,Delhi,!!!
T11135,U033,2023-04-24,Income,Salary,32286.0,Card,Jaipur,No Notes
T12161,U128,2022-10-16,Expense,Rent,6814.0,Bank_Transfer,Chennai,Petrol
T4828,U119,2021-03-03,Income,Freelance,25353.0,Bank_Transfer,Delhi,No Notes
T0846,U058,2021-10-17,Expense,Rent,6504.0,Cash,Mumbai,asdfgh
T8069,U131,2021-01-07,Income,Others,79463.0,Cash,Ahmedabad,No Notes
T8647,U064,2021-02-03,Expense,Food,4340.0,Card,Kolkata,No Notes
T1939,U003,2023-10-26,Expense,Rent,2146.0,Cash,Chennai,...
T12304,U032,2022-11-10,Expense,Rent,13684.0,Cash,Lucknow,Restaurant dinner
T1524,U074,2024-07-14,Expense,Others,3772.0,Card,Jaipur,Uber ride
T1006,U133,2022-11-08,Expense,Food,2261.0,Cash,Pune,EMI payment
T6602,U083,2022-08-19,Expense,Rent,5827.0,Upi,Delhi,Electricity bill
T6851,U023,2021-06-20,Expense,Food,4469.0,Upi,Jaipur,Uber ride
T12358,U084,2022-09-25,Expense,Utilities,7644.0,Upi,Unknown,No Notes
T13096,U141,2021-01-28,Expense,Utilities,6008.0,Bank_Transfer,Kolkata,ATM withdrawal
T1612,U024,2022-08-06,Expense,Savings,7251.0,Cash,Bangalore,Online course
T4491,U039,2024-07-08,Expense,Health,6883.0,Upi,Delhi,Grocery shopping
T13925,U073,2023-12-19,Income,Freelance,50686.0,Cash,Hyderabad,No Notes
T4891,U073,2023-08-25,Expense,Travel,4592.0,Bank_Transfer,Jaipur,No Notes
T9368,U140,2023-11-22,Income,Salary,45815.0,Bank_Transfer,Chennai,Gym membership
T9299,U108,2021-06-02,Expense,Food,3785.0,Bank_Transfer,Kolkata,No Notes
T1162,U098,2021-11-05,Expense,Education,8791.0,Upi,Bangalore,Doctor consultation
T6943,U037,2024-08-23,Expense,Utilities,2705.0,Bank_Transfer,Hyderabad,Monthly rent payment
T4881,U022,2022-06-15,Expense,Food,8215.0,Bank_Transfer,Pune,Monthly rent payment
T4199,U064,2022-08-22,Expense,Entertainment,1951.0,Card,Jaipur,Electricity bill
T1997,U130,2023-12-22,Expense,Utilities,4656.0,Bank_Transfer,Pune,Electricity bill
T3226,U039,2021-02-22,Expense,Food,2265.0,Cash,Mumbai,No Notes
T1801,U037,2021-06-10,Income,Others,61674.0,Upi,Chennai,EMI payment
T3616,U063,2024-11-04,Expense,Utilities,5559.0,Card,Chennai,Coffee
T4643,U112,2023-08-18,Expense,Food,1248.0,Upi,Bangalore,Train ticket
T7681,U041,2024-09-12,Income,Freelance,22156.0,Bank_Transfer,Ahmedabad,Coffee
T12981,U036,2022-08-15,Expense,Education,2565.0,Cash,Chennai,Lunch
T12510,U141,2023-11-19,Expense,Utilities,3444.0,Upi,Bangalore,No Notes
T0703,U004,2023-02-21,Expense,Food,2759.0,Upi,Unknown,Internet bill
T11021,U086,2024-11-08,Income,Bonus,39095.0,Bank_Transfer,Chennai,Train ticket
T12081,U106,2022-05-01,Expense,Rent,5680.0,Card,Kolkata,...
T6923,U031,2024-10-11,Income,Salary,61699.0,Card,Kolkata,No Notes
T0315,U062,2021-05-10,Expense,Rent,368.0,Cash,Jaipur,No Notes
T2333,U101,2022-02-05,Expense,Health,5578.0,Cash,Chennai,...
T1317,U124,2021-03-30,Expense,Savings,8044.0,Card,Jaipur,No Notes
T2457,U066,2023-12-24,Expense,Savings,3788.0,Cash,Chennai,Monthly rent payment
T10902,U036,2022-05-18,Expense,Utilities,7543.0,Card,Delhi,Uber ride
T13362,U051,2023-05-02,Expense,Rent,5904.0,Card,Unknown,Medicine
T1058,U123,2022-07-26,Expense,Education,2763.0,Upi,Pune,Fixed deposit
T12848,U050,2021-11-26,Expense,Travel,137.0,Upi,Pune,Petrol
T9305,U006,2021-04-15,Expense,Food,1520.0,Unknown,Ahmedabad,Restaurant dinner
T2090,U009,2022-10-03,Income,Investment,64672.0,Upi,Lucknow,xyz123
T12045,U028,2024-03-03,Expense,Food,2603.0,Upi,Ahmedabad,Electricity bill
T13904,U141,2022-09-01,Expense,Food,3225.0,Card,Pune,misc
T0076,U040,2024-11-19,Expense,Travel,6068.0,Upi,Chennai,EMI payment
T5079,U113,2022-01-24,Expense,Food,4352.0,Bank_Transfer,Jaipur,ATM withdrawal
T3404,U032,2023-10-18,Expense,Rent,14737.0,Card,Ahmedabad,No Notes
T4803,U039,2022-12-15,Income,Salary,26112.0,Upi,Mumbai,!!!
T10069,U063,2024-08-05,Expense,Travel,8617.0,Upi,Ahmedabad,Coffee
T9359,U053,2024-08-30,Expense,Food,9142.0,Cash,Bangalore,Gym membership
T4285,U150,2023-01-03,Expense,Rent,7840.0,Cash,Unknown,No Notes
T1345,U046,2022-01-20,Expense,Education,4316.0,Bank_Transfer,Kolkata,Uber ride
T0093,U078,2024-03-11,Expense,Food,4016.0,Upi,Bangalore,misc
T3548,U012,2024-10-06,Expense,Food,1363.0,Unknown,Bangalore,xyz123
T1821,U109,2023-06-16,Income,Investment,27837.0,Cash,Hyderabad,EMI payment
T5626,U092,2021-08-10,Expense,Food,3766.0,Unknown,Kolkata,Coffee
T3145,U143,2024-11-26,Expense,Entertainment,5191.0,Bank_Transfer,Pune,Online course
T0086,U113,2021-05-18,Expense,Utilities,2613.0,Cash,Hyderabad,test
T8148,U084,2022-01-17,Expense,Food,629.0,Upi,Delhi,Doctor consultation
T11453,U055,2024-05-24,Expense,Travel,8912.0,Cash,Mumbai,Monthly rent payment
T11197,U085,2023-10-25,Expense,Rent,24643.0,Bank_Transfer,Delhi,No Notes
T9540,U094,2024-02-24,Expense,Travel,9928.0,Bank_Transfer,Pune,Online course
T13897,U025,2021-01-08,Expense,Travel,2058.0,Upi,Bangalore,Internet bill
T0405,U147,2023-07-12,Expense,Travel,558.0,Cash,Chennai,Train ticket
T5838,U133,2022-02-22,Income,Others,12632.0,Cash,Ahmedabad,asdfgh
T6743,U041,2021-01-16,Expense,Rent,35468.0,Upi,Unknown,asdfgh
T4088,U093,2023-03-22,Expense,Food,9481.0,Card,Jaipur,misc
T2777,U108,2021-02-27,Income,Freelance,77274.0,Bank_Transfer,Jaipur,Medicine
T1984,U099,2024-10-24,Income,Freelance,57382.0,Upi,Chennai,test
T5805,U053,2022-10-08,Expense,Health,6178.0,Upi,Chennai,Internet bill
T13679,U029,2023-03-03,Expense,Travel,9605.0,Cash,Delhi,Monthly rent payment
T1917,U003,2022-06-30,Expense,Others,2798.0,Cash,Unknown,Electricity bill
T3677,U052,2024-01-28,Expense,Food,4826.0,Upi,Jaipur,No Notes
T11706,U036,2021-07-17,Expense,Education,3065.0,Bank_Transfer,Chennai,Online course
T9739,U051,2022-01-20,Expense,Travel,5272.0,Bank_Transfer,Jaipur,Grocery shopping
T1145,U063,2021-06-28,Expense,Entertainment,6940.0,Card,Kolkata,No Notes
T4960,U044,2024-05-17,Expense,Travel,183.0,Cash,Jaipur,No Notes
T1086,U037,2023-03-25,Expense,Rent,10392.0,Cash,Ahmedabad,No Notes
T10421,U101,2022-02-17,Income,Freelance,20394.0,Upi,Hyderabad,Monthly rent payment
T1461,U119,2023-05-08,Expense,Education,4179.0,Upi,Mumbai,Fixed deposit
T5329,U116,2022-02-18,Expense,Food,3140.0,Upi,Hyderabad,test
T6873,U021,2023-04-15,Expense,Food,6907.0,Cash,Pune,Internet bill
T10692,U101,2022-07-13,Expense,Rent,4863.0,Upi,Kolkata,ATM withdrawal
T0732,U083,2023-03-10,Income,Investment,35320.0,Card,Mumbai,No Notes
T11841,U015,2024-09-25,Expense,Entertainment,618.0,Cash,Ahmedabad,Grocery shopping
T10050,U003,2023-05-31,Expense,Rent,45251.0,Card,Ahmedabad,EMI payment
T8663,U063,2024-08-31,Expense,Health,1350.0,Cash,Kolkata,...
T2791,U122,2022-07-09,Expense,Food,2321.0,Card,Jaipur,Uber ride
T3890,U030,2023-01-09,Income,Salary,55883.0,Unknown,Mumbai,Medicine
T12734,U132,2024-06-03,Expense,Utilities,1582.0,Card,Bangalore,test
T9522,U026,2022-10-04,Income,Salary,74036.0,Upi,Jaipur,Online course
T13552,U109,2023-11-21,Income,Investment,60888.0,Bank_Transfer,Ahmedabad,Gym membership
T7396,U030,2022-07-29,Expense,Entertainment,7059.0,Card,Jaipur,Internet bill
T0385,U076,2024-03-02,Expense,Food,7712.0,Upi,Mumbai,Restaurant dinner
T8411,U006,2024-10-12,Expense,Travel,4369.0,Cash,Jaipur,Lunch
T3882,U033,2024-09-25,Expense,Food,3000.0,Cash,Jaipur,Restaurant dinner
T8815,U036,2021-06-01,Expense,Travel,7086.0,Unknown,Chennai,Online course
T7070,U011,2024-12-08,Income,Bonus,30889.0,Upi,Ahmedabad,Online course
T12107,U056,2024-11-28,Income,Investment,38597.0,Cash,Kolkata,Coffee
T0065,U080,2024-03-29,Expense,Travel,9213.0,Bank_Transfer,Lucknow,Monthly rent payment
T6276,U074,2024-06-10,Expense,Utilities,5281.0,Bank_Transfer,Pune,Restaurant dinner
T6674,U064,2022-03-06,Expense,Food,1934.0,Bank_Transfer,Mumbai,Doctor consultation
T4732,U057,2022-05-09,Expense,Savings,2722.0,Card,Pune,Online course
T1509,U136,2022-10-12,Expense,Others,7998.0,Bank_Transfer,Ahmedabad,Movie tickets
T8667,U066,2023-01-28,Expense,Utilities,2854.0,Cash,Lucknow,...
T13150,U028,2022-10-17,Expense,Food,4781.0,Cash,Bangalore,Restaurant dinner
T13861,U104,2023-11-29,Expense,Food,4924.0,Cash,Chennai,Shopping
T3495,U130,2021-08-21,Income,Others,12387.0,Upi,Lucknow,Monthly rent payment
T12536,U054,2022-03-23,Expense,Utilities,7241.0,Card,Ahmedabad,Doctor consultation
T11474,U141,2021-10-09,Expense,Travel,6606.0,Cash,Mumbai,asdfgh
T10623,U118,2022-02-04,Expense,Utilities,8228.0,Bank_Transfer,Hyderabad,Online course
T4920,U065,2021-08-30,Expense,Rent,12870.0,Upi,Lucknow,Grocery shopping
T6119,U132,2024-06-30,Expense,Travel,754.0,Unknown,Delhi,!!!
T7839,U134,2024-12-18,Income,Freelance,17765.0,Upi,Bangalore,Medicine
T9392,U115,2022-11-20,Income,Salary,71698.0,Upi,Lucknow,Lunch
T5728,U043,2022-09-26,Expense,Travel,5908.0,Upi,Unknown,Coffee
T1528,U109,2022-11-04,Expense,Health,5710.0,Cash,Mumbai,Books
T6358,U043,2024-06-01,Income,Investment,30482.0,Card,Mumbai,Internet bill
T5437,U085,2024-10-10,Expense,Travel,3550.0,Upi,Bangalore,Shopping
T11718,U049,2022-07-28,Expense,Rent,1953.0,Card,Lucknow,Books
T12080,U077,2022-06-06,Expense,Rent,4138.0,Bank_Transfer,Lucknow,Fixed deposit
T13586,U089,2021-12-02,Income,Investment,33121.0,Card,Jaipur,Train ticket
T11493,U089,2023-09-10,Expense,Utilities,6233.0,Card,Kolkata,No Notes
T5159,U064,2024-01-14,Income,Others,35208.0,Card,Mumbai,Restaurant dinner
T10149,U008,2022-04-17,Income,Bonus,26749.0,Upi,Mumbai,Medicine
T13515,U032,2024-05-13,Expense,Health,8053.0,Upi,Hyderabad,Electricity bill
T3177,U053,2023-04-09,Expense,Others,212.0,Card,Bangalore,misc
T9721,U073,2024-07-12,Expense,Food,5784.0,Upi,Ahmedabad,Internet bill
T11330,U147,2021-05-21,Expense,Rent,36216.0,Cash,Bangalore,asdfgh
T12302,U034,2021-10-18,Expense,Utilities,784.0,Card,Bangalore,ATM withdrawal
T8433,U098,2023-02-04,Expense,Rent,23718.0,Upi,Kolkata,Monthly rent payment
T1474,U008,2023-02-13,Income,Salary,27106.0,Bank_Transfer,Lucknow,EMI payment
T12173,U119,2021-11-15,Expense,Rent,8712.0,Bank_Transfer,Ahmedabad,xyz123
T4661,U034,2023-03-17,Expense,Utilities,702.0,Bank_Transfer,Bangalore,...
T9962,U019,2024-09-18,Expense,Food,3301.0,Upi,Kolkata,Uber ride
T11138,U027,2021-07-27,Expense,Education,4064.0,Card,Hyderabad,No Notes
T13592,U097,2023-01-08,Expense,Food,6794.0,Cash,Ahmedabad,misc
T7273,U054,2023-05-10,Expense,Others,9997.0,Card,Delhi,Monthly rent payment
T12476,U134,2023-10-29,Expense,Entertainment,143.0,Bank_Transfer,Bangalore,Coffee
T3841,U024,2024-01-10,Income,Freelance,24321.0,Cash,Hyderabad,No Notes
T2702,U036,2024-10-09,Expense,Food,6243.0,Upi,Lucknow,Monthly rent payment
T0151,U040,2023-12-03,Expense,Food,3633.0,Cash,Lucknow,Electricity bill
T10025,U138,2022-10-10,Expense,Rent,5719.0,Unknown,Chennai,No Notes
T2319,U097,2021-09-25,Expense,Health,1119.0,Card,Lucknow,Doctor consultation
T6684,U121,2023-07-01,Expense,Utilities,1449.0,Bank_Transfer,Pune,Petrol
T1656,U102,2024-08-22,Expense,Rent,3756.0,Upi,Jaipur,No Notes
T9594,U022,2024-06-17,Expense,Rent,42655.0,Cash,Bangalore,No Notes
T13415,U072,2023-11-12,Expense,Food,548.0,Cash,Hyderabad,Online course
T8534,U101,2022-11-04,Income,Salary,20916.0,Upi,Ahmedabad,ATM withdrawal
T3246,U008,2023-08-07,Expense,Education,4374.0,Bank_Transfer,Hyderabad,No Notes
T13116,U029,2024-08-16,Expense,Rent,41974.0,Card,Jaipur,Medicine
T1274,U095,2022-08-27,Expense,Travel,1405.0,Cash,Lucknow,ATM withdrawal
T7299,U103,2024-07-28,Expense,Rent,29584.0,Upi,Ahmedabad,Online course
T3183,U026,2021-12-08,Expense,Rent,2951.0,Cash,Hyderabad,No Notes
T6543,U006,2022-12-12,Income,Freelance,45846.0,Cash,Ahmedabad,Coffee
T4349,U039,2023-09-04,Expense,Education,6047.0,Upi,Bangalore,Coffee
T12455,U098,2021-03-16,Expense,Entertainment,3516.0,Unknown,Pune,asdfgh
T12611,U038,2023-02-20,Expense,Health,932.0,Unknown,Ahmedabad,Train ticket
T3128,U120,2022-07-04,Expense,Food,2745.0,Bank_Transfer,Pune,EMI payment
T11124,U017,2023-07-10,Expense,Food,2901.0,Bank_Transfer,Lucknow,No Notes
T10241,U003,2022-04-17,Expense,Travel,5434.0,Bank_Transfer,Chennai,EMI payment
T7194,U037,2023-06-18,Expense,Travel,7329.0,Upi,Mumbai,ATM withdrawal
T2555,U017,2023-11-18,Expense,Utilities,1542.0,Unknown,Hyderabad,Uber ride
T9632,U036,2022-04-04,Income,Freelance,15508.0,Upi,Hyderabad,Fixed deposit
T4476,U046,2022-02-02,Expense,Utilities,3365.0,Card,Pune,Shopping
T3164,U045,2023-10-08,Expense,Utilities,1388.0,Card,Bangalore,Lunch
T3721,U002,2022-09-04,Expense,Travel,4373.0,Upi,Ahmedabad,Train ticket
T1785,U075,2021-01-15,Expense,Others,6600.0,Upi,Bangalore,Grocery shopping
T3738,U142,2024-08-19,Expense,Food,4293.0,Bank_Transfer,Bangalore,misc
T2006,U031,2023-10-02,Expense,Entertainment,2796.0,Bank_Transfer,Kolkata,Movie tickets
T7212,U057,2023-03-12,Income,Freelance,13677.0,Upi,Mumbai,No Notes
T6061,U123,2023-06-03,Expense,Rent,5876.0,Bank_Transfer,Mumbai,Books
T8705,U018,2023-08-20,Expense,Travel,2217.0,Card,Pune,Electricity bill
T8506,U136,2023-09-24,Expense,Food,920.0,Cash,Lucknow,Petrol
T0864,U010,2023-06-23,Income,Bonus,35688.0,Card,Ahmedabad,Lunch
T1568,U028,2022-05-26,Expense,Food,166.0,Bank_Transfer,Bangalore,Shopping
T12011,U086,2023-07-28,Expense,Utilities,8097.0,Card,Mumbai,asdfgh
T10480,U107,2021-07-21,Expense,Utilities,1874.0,Cash,Mumbai,Train ticket
T11081,U083,2021-04-17,Expense,Rent,4898.0,Bank_Transfer,Kolkata,Online course
T7382,U086,2022-02-10,Expense,Travel,3290.0,Bank_Transfer,Pune,Medicine
T12803,U068,2022-02-16,Expense,Food,7070.0,Bank_Transfer,Delhi,No Notes
T3472,U006,2022-12-03,Expense,Utilities,2737.0,Upi,Bangalore,Internet bill
T7095,U054,2024-04-24,Expense,Rent,9540.0,Bank_Transfer,Chennai,No Notes
T5265,U062,2024-11-16,Expense,Travel,3430.0,Cash,Chennai,Movie tickets
T4025,U046,2024-03-28,Expense,Rent,3524.0,Bank_Transfer,Pune,No Notes
T11697,U016,2023-05-22,Expense,Utilities,1857.0,Card,Delhi,Coffee
T5981,U146,2022-03-11,Income,Others,35716.0,Card,Delhi,Books
T8947,U106,2022-02-25,Expense,Entertainment,5518.0,Upi,Jaipur,!!!
T12884,U032,2024-10-27,Expense,Travel,6385.0,Card,Ahmedabad,EMI payment
T2597,U061,2024-05-05,Expense,Food,7571.0,Cash,Jaipur,Medicine
T3879,U095,2023-07-08,Expense,Rent,307.0,Upi,Kolkata,ATM withdrawal
T0788,U126,2024-04-30,Expense,Rent,9256.0,Cash,Kolkata,Uber ride
T3634,U134,2021-12-19,Expense,Food,2955.0,Card,Mumbai,Restaurant dinner
T2923,U045,2021-02-11,Expense,Food,4336.0,Bank_Transfer,Kolkata,Lunch
T9273,U099,2023-05-07,Expense,Others,832.0,Upi,Pune,...
T11251,U030,2023-08-18,Expense,Food,4435.0,Upi,Unknown,EMI payment
T4465,U138,2022-01-01,Expense,Travel,4726.0,Card,Kolkata,Internet bill
T6071,U129,2021-09-13,Expense,Utilities,825.0,Bank_Transfer,Mumbai,ATM withdrawal
T7568,U144,2023-05-18,Expense,Food,4945.0,Cash,Delhi,Medicine
T7321,U047,2024-02-27,Expense,Entertainment,2868.0,Bank_Transfer,Pune,No Notes
T8569,U129,2023-08-25,Expense,Rent,3128.0,Bank_Transfer,Ahmedabad,Petrol
T0308,U062,2024-04-20,Expense,Education,273.0,Unknown,Delhi,asdfgh
T9681,U021,2021-02-01,Expense,Food,5191.0,Cash,Bangalore,No Notes
T5966,U127,2021-10-26,Expense,Others,9113.0,Unknown,Unknown,Grocery shopping
T9794,U090,2022-07-31,Expense,Rent,8149.0,Upi,Hyderabad,ATM withdrawal
T9798,U049,2024-03-05,Expense,Travel,1137.0,Card,Delhi,Medicine
T1682,U100,2023-07-03,Expense,Rent,8949.0,Card,Pune,!!!
T2198,U140,2022-11-03,Expense,Utilities,103.0,Bank_Transfer,Jaipur,No Notes
T7890,U063,2023-05-26,Expense,Rent,17876.0,Card,Jaipur,Restaurant dinner
T3914,U149,2021-10-21,Expense,Food,9139.0,Upi,Ahmedabad,Fixed deposit
T4250,U011,2021-03-03,Expense,Rent,3542.0,Cash,Unknown,Books
T4931,U104,2022-06-24,Income,Others,63184.0,Upi,Lucknow,Electricity bill
T1226,U041,2022-03-27,Income,Investment,46693.0,Bank_Transfer,Chennai,Movie tickets
T5214,U136,2021-10-20,Income,Freelance,39974.0,Bank_Transfer,Jaipur,Electricity bill
T0841,U050,2021-04-24,Expense,Entertainment,546.0,Card,Chennai,Coffee
T9734,U120,2024-02-20,Expense,Food,725.0,Card,Pune,No Notes
T8879,U054,2024-05-17,Expense,Rent,2188.0,Cash,Ahmedabad,No Notes
T10560,U119,2024-08-26,Expense,Travel,7004.0,Cash,Ahmedabad,Movie tickets
T12462,U028,2021-09-21,Expense,Rent,2761.0,Card,Jaipur,!!!
T8913,U038,2022-08-23,Expense,Entertainment,8647.0,Bank_Transfer,Jaipur,Lunch
T1724,U129,2022-06-19,Income,Bonus,38260.0,Cash,Hyderabad,...
T3915,U095,2024-08-11,Expense,Travel,9682.0,Cash,Bangalore,No Notes
T9073,U100,2024-07-21,Expense,Utilities,9469.0,Bank_Transfer,Lucknow,No Notes
T9546,U021,2021-01-16,Income,Freelance,11675.0,Bank_Transfer,Jaipur,Lunch
T0785,U111,2023-08-28,Expense,Travel,8158.0,Bank_Transfer,Lucknow,Petrol
T0370,U029,2023-11-24,Expense,Health,6822.0,Card,Lucknow,No Notes
T7667,U125,2023-05-06,Expense,Entertainment,5748.0,Upi,Unknown,Electricity bill
T8620,U022,2021-02-20,Income,Others,32787.0,Bank_Transfer,Hyderabad,Grocery shopping
T8574,U071,2023-11-13,Expense,Entertainment,4780.0,Card,Jaipur,Coffee
T1275,U039,2022-08-05,Expense,Rent,942.0,Card,Unknown,No Notes
T4787,U131,2023-07-08,Expense,Rent,7057.0,Upi,Pune,Train ticket
T2756,U022,2024-03-04,Expense,Entertainment,3212.0,Cash,Mumbai,...
T12702,U007,2021-08-09,Expense,Rent,44608.0,Card,Kolkata,Books
T13421,U029,2024-10-11,Expense,Food,2371.0,Upi,Unknown,No Notes
T2299,U017,2024-08-17,Expense,Others,1763.0,Bank_Transfer,Kolkata,No Notes
T8437,U134,2023-09-14,Expense,Food,3216.0,Upi,Unknown,Monthly rent payment
T8012,U041,2024-08-15,Expense,Utilities,5706.0,Bank_Transfer,Delhi,Doctor consultation
T3361,U011,2022-04-11,Expense,Utilities,9416.0,Upi,Delhi,Doctor consultation
T3416,U088,2022-12-12,Expense,Food,2643.0,Card,Unknown,Petrol
T10980,U071,2022-02-02,Expense,Rent,21307.0,Bank_Transfer,Pune,Electricity bill
T6815,U094,2022-02-12,Expense,Rent,6882.0,Upi,Pune,No Notes
T12556,U012,2023-02-25,Expense,Rent,47746.0,Cash,Unknown,Doctor consultation
T5512,U080,2024-12-19,Expense,Food,2367.0,Upi,Jaipur,EMI payment
T0819,U041,2021-01-16,Expense,Food,2681.0,Card,Jaipur,No Notes
T4484,U088,2022-10-12,Expense,Rent,17147.0,Cash,Hyderabad,Electricity bill
T4153,U116,2021-05-23,Expense,Travel,2621.0,Bank_Transfer,Ahmedabad,Monthly rent payment
T9352,U106,2022-06-04,Expense,Rent,21220.0,Card,Kolkata,Books
T0430,U021,2024-09-20,Expense,Education,7706.0,Bank_Transfer,Lucknow,test
T5009,U028,2023-02-13,Expense,Health,6681.0,Bank_Transfer,Kolkata,No Notes
T5219,U062,2024-10-01,Expense,Rent,7773.0,Card,Jaipur,misc
T2322,U053,2022-04-27,Expense,Entertainment,9734.0,Unknown,Pune,misc
T13839,U028,2023-08-21,Expense,Utilities,4621.0,Bank_Transfer,Delhi,Restaurant dinner
T4241,U070,2022-08-06,Expense,Food,8721.0,Upi,Bangalore,Movie tickets
T0133,U022,2021-10-18,Expense,Food,7901.0,Cash,Unknown,Monthly rent payment
T9981,U046,2023-09-29,Expense,Health,5275.0,Upi,Kolkata,Monthly rent payment
T2812,U006,2023-12-12,Expense,Travel,8801.0,Cash,Ahmedabad,!!!
T1840,U076,2023-06-16,Expense,Entertainment,2196.0,Cash,Kolkata,Fixed deposit
T13229,U101,2022-04-15,Income,Salary,18123.0,Cash,Ahmedabad,Medicine
T0313,U018,2021-07-01,Expense,Entertainment,5980.0,Cash,Hyderabad,Online course
T3678,U113,2021-02-13,Expense,Rent,13715.0,Cash,Unknown,Movie tickets
T0062,U126,2023-06-28,Expense,Education,9690.0,Upi,Pune,Movie tickets
T9580,U043,2023-06-25,Income,Others,63122.0,Cash,Pune,Restaurant dinner
T7914,U027,2024-03-08,Income,Salary,63957.0,Card,Lucknow,Doctor consultation
T10714,U062,2023-05-28,Expense,Health,4000.0,Card,Jaipur,Grocery shopping
T3149,U041,2021-08-16,Expense,Food,8149.0,Bank_Transfer,Chennai,EMI payment
T8993,U118,2024-01-10,Income,Freelance,17940.0,Bank_Transfer,Chennai,No Notes
T13276,U106,2024-11-16,Expense,Travel,4864.0,Upi,Pune,No Notes
T1287,U102,2022-10-09,Expense,Utilities,249.0,Card,Kolkata,Grocery shopping
T2572,U073,2023-02-22,Income,Others,22572.0,Bank_Transfer,Ahmedabad,Online course
T11735,U059,2022-09-17,Income,Bonus,76266.0,Cash,Pune,...
T6584,U079,2021-09-18,Income,Bonus,77530.0,Upi,Chennai,No Notes
T7618,U058,2021-08-19,Expense,Rent,42308.0,Bank_Transfer,Delhi,xyz123
T11965,U050,2022-08-05,Expense,Rent,1977.0,Card,Unknown,ATM withdrawal
T3109,U099,2024-06-03,Expense,Savings,3479.0,Cash,Hyderabad,Medicine
T13541,U080,2024-03-23,Expense,Utilities,1051.0,Cash,Unknown,Train ticket
T9823,U063,2024-09-05,Income,Investment,14041.0,Card,Lucknow,Shopping
T4161,U038,2023-07-19,Expense,Utilities,5076.0,Card,Delhi,Medicine
T10326,U040,2023-08-31,Expense,Rent,1964.0,Cash,Pune,asdfgh
T4304,U144,2021-01-17,Income,Salary,51541.0,Cash,Hyderabad,misc
T9113,U085,2021-03-27,Expense,Education,2600.0,Card,Mumbai,Monthly rent payment
T3276,U059,2024-11-10,Expense,Health,5536.0,Unknown,Bangalore,test
T1790,U011,2023-08-29,Expense,Travel,9767.0,Bank_Transfer,Kolkata,Electricity bill
T3264,U084,2023-05-11,Expense,Food,4567.0,Upi,Unknown,Train ticket
T3029,U102,2024-07-19,Expense,Food,3201.0,Cash,Ahmedabad,Doctor consultation
T6664,U110,2021-04-06,Expense,Education,7109.0,Cash,Kolkata,Online course
T8124,U012,2022-02-27,Expense,Savings,8301.0,Bank_Transfer,Bangalore,Fixed deposit
T3208,U131,2021-11-06,Income,Others,45898.0,Cash,Chennai,Medicine
T11236,U071,2022-11-24,Expense,Food,1554.0,Unknown,Bangalore,misc
T8628,U129,2024-09-14,Expense,Food,5821.0,Upi,Jaipur,Medicine
T6043,U124,2021-05-17,Expense,Travel,3622.0,Bank_Transfer,Bangalore,No Notes
T1560,U148,2024-11-27,Expense,Travel,7804.0,Upi,Kolkata,EMI payment
T1924,U023,2023-10-22,Expense,Utilities,4781.0,Card,Kolkata,Electricity bill
T7453,U107,2021-08-23,Expense,Rent,4419.0,Bank_Transfer,Delhi,EMI payment
T0518,U025,2023-10-29,Expense,Travel,7914.0,Card,Unknown,Gym membership
T7085,U091,2023-06-22,Expense,Entertainment,999999.0,Cash,Mumbai,Shopping
T7500,U091,2022-05-28,Expense,Food,3689.0,Card,Lucknow,ATM withdrawal
T13338,U059,2022-03-17,Expense,Food,4890.0,Card,Chennai,Electricity bill
T12388,U087,2022-12-03,Expense,Utilities,4571.0,Upi,Ahmedabad,No Notes
T10634,U148,2024-06-17,Expense,Rent,11741.0,Cash,Bangalore,test
T13466,U133,2021-10-18,Expense,Travel,7433.0,Cash,Kolkata,Petrol
T11255,U009,2024-12-30,Expense,Utilities,7937.0,Card,Pune,Books
T7288,U138,2024-12-13,Expense,Travel,4471.0,Cash,Kolkata,No Notes
T8372,U123,2022-12-27,Income,Freelance,58674.0,Card,Unknown,No Notes
T10903,U137,2023-12-06,Expense,Health,9623.0,Upi,Pune,xyz123
T0727,U126,2022-01-25,Expense,Food,7663.0,Bank_Transfer,Ahmedabad,asdfgh
T11588,U141,2021-11-10,Expense,Rent,4301.0,Cash,Hyderabad,Lunch
T3429,U121,2023-03-22,Expense,Education,7345.0,Upi,Mumbai,Uber ride
T10839,U097,2021-09-17,Income,Bonus,41966.0,Bank_Transfer,Hyderabad,xyz123
T0292,U144,2022-02-28,Expense,Utilities,2906.0,Bank_Transfer,Ahmedabad,Electricity bill
T11287,U060,2024-06-23,Income,Freelance,61216.0,Card,Kolkata,Medicine
T0546,U031,2021-10-31,Income,Others,78388.0,Bank_Transfer,Ahmedabad,Gym membership
T2715,U085,2023-03-11,Expense,Travel,2165.0,Bank_Transfer,Kolkata,Grocery shopping
T5680,U133,2021-01-22,Expense,Travel,168.0,Bank_Transfer,Lucknow,Doctor consultation
T7705,U051,2021-09-02,Expense,Entertainment,3409.0,Cash,Delhi,Coffee
T4925,U058,2023-12-05,Expense,Food,3246.0,Card,Lucknow,No Notes
T0915,U001,2023-08-04,Expense,Food,8570.0,Upi,Pune,Coffee
T6450,U126,2023-06-29,Expense,Food,2840.0,Bank_Transfer,Hyderabad,EMI payment
T13709,U143,2021-04-29,Expense,Rent,27204.0,Upi,Pune,No Notes
T11909,U043,2022-03-12,Income,Investment,78288.0,Bank_Transfer,Unknown,No Notes
T4821,U077,2022-11-22,Expense,Food,5376.0,Upi,Chennai,xyz123
T9412,U050,2024-11-04,Expense,Food,3020.0,Card,Hyderabad,Shopping
T6062,U126,2022-02-09,Expense,Utilities,7418.0,Upi,Ahmedabad,Petrol
T2881,U106,2021-09-07,Expense,Travel,7316.0,Bank_Transfer,Lucknow,Monthly rent payment
T9498,U090,2024-08-08,Income,Investment,77361.0,Cash,Pune,Gym membership
T10603,U095,2021-05-12,Expense,Entertainment,1107.0,Bank_Transfer,Unknown,EMI payment
T13383,U091,2022-10-01,Expense,Food,655.0,Cash,Unknown,Medicine
T11277,U107,2023-12-31,Expense,Travel,5240.0,Card,Hyderabad,Internet bill
T8759,U079,2021-10-28,Expense,Food,1964.0,Card,Jaipur,Lunch
T4036,U017,2022-12-04,Expense,Travel,1942.0,Card,Ahmedabad,No Notes
T2352,U133,2024-10-28,Expense,Travel,9742.0,Cash,Hyderabad,!!!
T1148,U010,2022-07-30,Income,Salary,27013.0,Upi,Unknown,Gym membership
T0497,U034,2024-05-17,Expense,Utilities,7403.0,Upi,Chennai,Shopping
T1599,U129,2024-11-19,Income,Salary,183091.0,Card,Ahmedabad,Online course
T10325,U090,2024-04-28,Expense,Education,5582.0,Upi,Chennai,Petrol
T8639,U015,2021-03-21,Expense,Travel,1849.0,Cash,Hyderabad,Books
T5067,U137,2022-11-09,Expense,Travel,4306.0,Cash,Bangalore,Books
T12541,U115,2023-11-08,Income,Others,36352.0,Card,Ahmedabad,Fixed deposit
T8095,U039,2022-12-22,Expense,Entertainment,8703.0,Bank_Transfer,Bangalore,Doctor consultation
T8587,U137,2023-05-06,Expense,Food,2538.0,Card,Lucknow,Uber ride
T7345,U094,2024-02-22,Expense,Rent,4654.0,Cash,Chennai,xyz123
T5082,U131,2023-12-29,Expense,Food,3022.0,Upi,Chennai,Doctor consultation
T4281,U148,2022-04-06,Expense,Travel,2750.0,Card,Bangalore,Train ticket
T13034,U117,2022-05-03,Expense,Rent,9065.0,Card,Pune,Petrol
T11755,U137,2021-11-13,Expense,Rent,6245.0,Bank_Transfer,Lucknow,No Notes
T5326,U067,2022-02-21,Expense,Rent,8884.0,Bank_Transfer,Hyderabad,Shopping
T9026,U090,2024-09-11,Expense,Food,2092.0,Bank_Transfer,Mumbai,Monthly rent payment
T11319,U020,2023-05-08,Expense,Education,3946.0,Bank_Transfer,Jaipur,Fixed deposit
T6544,U066,2023-05-17,Expense,Others,166.0,Upi,Mumbai,Medicine
T6972,U047,2024-02-23,Expense,Entertainment,2857.0,Upi,Kolkata,Restaurant dinner
T7737,U046,2022-08-11,Expense,Entertainment,9344.0,Unknown,Lucknow,Online course
T12660,U027,2023-12-29,Income,Others,15135.0,Bank_Transfer,Jaipur,Gym membership
T10589,U116,2022-10-20,Expense,Food,2159.0,Upi,Pune,asdfgh
T1235,U084,2024-11-06,Expense,Food,1614.0,Unknown,Chennai,Movie tickets
T9360,U018,2022-02-08,Expense,Travel,6308.0,Cash,Jaipur,No Notes
T2596,U054,2021-07-20,Expense,Education,813.0,Upi,Mumbai,Electricity bill
T1047,U014,2023-09-10,Income,Bonus,14576.0,Card,Delhi,Electricity bill
T12374,U085,2021-05-23,Expense,Food,699.0,Bank_Transfer,Pune,No Notes
T4572,U137,2024-09-29,Expense,Food,1554.0,Upi,Ahmedabad,test
T0531,U142,2022-02-05,Income,Others,61879.0,Card,Kolkata,EMI payment
T4769,U137,2022-02-02,Expense,Rent,6343.0,Upi,Delhi,Lunch
T3429,U097,2023-11-11,Expense,Rent,35430.0,Bank_Transfer,Mumbai,No Notes
T8060,U137,2022-01-08,Income,Salary,64875.0,Cash,Bangalore,Fixed deposit
T9796,U070,2024-04-14,Expense,Travel,3352.0,Card,Ahmedabad,Restaurant dinner
T8730,U062,2022-01-27,Income,Bonus,64963.0,Bank_Transfer,Ahmedabad,No Notes
T2748,U132,2021-05-10,Income,Investment,34506.0,Card,Pune,No Notes
T8824,U004,2024-12-08,Expense,Rent,7186.0,Bank_Transfer,Bangalore,Books
T9193,U055,2023-10-30,Expense,Entertainment,1171.0,Upi,Unknown,Doctor consultation
T3162,U115,2022-11-25,Income,Investment,25509.0,Card,Kolkata,No Notes
T10587,U104,2024-02-12,Expense,Food,4565.0,Cash,Lucknow,EMI payment
T2942,U011,2024-01-17,Expense,Travel,9034.0,Bank_Transfer,Kolkata,Doctor consultation
T0595,U072,2022-02-28,Expense,Savings,8944.0,Cash,Lucknow,...
T8799,U061,2024-07-16,Expense,Entertainment,9459.0,Bank_Transfer,Jaipur,!!!
T0242,U084,2022-06-16,Expense,Utilities,3113.0,Upi,Kolkata,asdfgh
T13573,U116,2024-05-30,Expense,Rent,2126.0,Card,Chennai,Train ticket
T4748,U024,2024-10-19,Expense,Rent,41453.0,Unknown,Bangalore,misc
T13673,U086,2024-03-12,Income,Investment,29265.0,Upi,Chennai,Movie tickets
T10733,U139,2022-08-28,Expense,Travel,557.0,Cash,Unknown,Petrol
T1861,U111,2023-05-20,Expense,Travel,6544.0,Card,Hyderabad,Restaurant dinner
T4412,U111,2023-12-14,Expense,Rent,1367.0,Card,Hyderabad,Electricity bill
T12902,U080,2023-09-28,Expense,Travel,7836.0,Bank_Transfer,Unknown,Shopping
T1863,U033,2022-01-20,Expense,Rent,6085.0,Upi,Kolkata,Lunch
T9371,U083,2021-12-22,Expense,Health,7195.0,Card,Delhi,Train ticket
T4941,U110,2021-02-04,Expense,Entertainment,2857.0,Bank_Transfer,Chennai,No Notes
T12531,U035,2023-01-16,Expense,Food,7635.0,Bank_Transfer,Mumbai,No Notes
T3518,U127,2022-07-19,Expense,Utilities,6864.0,Upi,Bangalore,misc
T12030,U086,2021-07-26,Expense,Utilities,5778.0,Cash,Jaipur,Fixed deposit
T1164,U014,2021-04-22,Expense,Education,409.0,Upi,Bangalore,Monthly rent payment
T8744,U089,2023-07-03,Expense,Rent,5765.0,Card,Bangalore,ATM withdrawal
T2684,U100,2024-05-20,Income,Freelance,36616.0,Card,Pune,Books
T2406,U130,2023-06-02,Expense,Food,2789.0,Upi,Bangalore,Coffee
T4815,U133,2023-09-26,Expense,Travel,7986.0,Cash,Chennai,misc
T8204,U097,2022-04-01,Expense,Rent,5435.0,Upi,Chennai,Doctor consultation
T6318,U085,2024-12-22,Expense,Food,2727.0,Upi,Delhi,No Notes
T3214,U016,2022-11-22,Expense,Rent,6636.0,Cash,Delhi,Online course
T5066,U103,2024-05-07,Expense,Entertainment,4305.0,Bank_Transfer,Kolkata,Shopping
T2665,U056,2022-06-08,Expense,Others,8850.0,Upi,Jaipur,...
T1846,U004,2021-07-17,Expense,Travel,2217.0,Card,Hyderabad,Coffee
T10023,U036,2021-02-07,Expense,Food,2237.0,Upi,Pune,Grocery shopping
T5921,U001,2024-05-24,Expense,Travel,8174.0,Cash,Ahmedabad,EMI payment
T9287,U089,2021-12-15,Expense,Education,4978.0,Cash,Hyderabad,Doctor consultation
T7994,U013,2024-12-31,Expense,Health,6240.0,Card,Hyderabad,Restaurant dinner
T2236,U114,2024-04-16,Expense,Food,814.0,Bank_Transfer,Chennai,Electricity bill
T4823,U053,2021-03-10,Expense,Food,305.0,Upi,Chennai,...
T8791,U016,2021-10-13,Expense,Travel,5132.0,Bank_Transfer,Delhi,No Notes
T12815,U084,2022-07-19,Income,Freelance,22720.0,Cash,Chennai,test
T0923,U035,2024-09-06,Expense,Rent,1737.0,Upi,Mumbai,Grocery shopping
T12127,U111,2024-03-26,Expense,Travel,6058.0,Upi,Mumbai,Internet bill
T9311,U017,2024-11-11,Expense,Entertainment,3337.0,Upi,Mumbai,Petrol
T11548,U134,2021-12-21,Expense,Entertainment,9882.0,Card,Pune,No Notes
T8390,U029,2023-12-25,Expense,Entertainment,1311.0,Card,Ahmedabad,Restaurant dinner
T13749,U139,2021-12-07,Expense,Rent,6893.0,Bank_Transfer,Mumbai,EMI payment
T12711,U009,2024-12-30,Expense,Entertainment,8056.0,Upi,Chennai,Coffee
T8619,U142,2021-08-30,Expense,Travel,4710.0,Bank_Transfer,Unknown,Lunch
T5119,U056,2023-02-16,Expense,Education,7659.0,Upi,Bangalore,Gym membership
T2751,U006,2024-08-25,Expense,Food,1077.0,Bank_Transfer,Bangalore,Doctor consultation
T12145,U111,2021-05-01,Expense,Health,1824.0,Upi,Pune,No Notes
T4148,U017,2023-10-01,Expense,Rent,3089.0,Upi,Bangalore,Movie tickets
T2449,U119,2023-10-15,Expense,Food,7628.0,Bank_Transfer,Kolkata,Lunch
T12414,U098,2023-08-19,Expense,Food,347.0,Upi,Bangalore,xyz123
T2859,U149,2021-09-20,Expense,Travel,6231.0,Cash,Lucknow,asdfgh
T0756,U008,2023-06-30,Expense,Entertainment,8876.0,Bank_Transfer,Kolkata,Petrol
T5604,U031,2024-11-23,Expense,Food,7126.0,Card,Pune,test
T10779,U043,2024-02-21,Expense,Entertainment,1156.0,Card,Jaipur,Petrol
T13012,U088,2022-02-27,Expense,Food,526.0,Card,Delhi,No Notes
T10438,U072,2021-07-01,Expense,Entertainment,4353.0,Card,Hyderabad,Electricity bill
T6475,U115,2024-08-13,Expense,Education,3639.0,Cash,Unknown,!!!
T6272,U058,2023-07-16,Expense,Travel,4723.0,Cash,Delhi,Electricity bill
T5205,U148,2022-01-30,Expense,Utilities,5368.0,Upi,Lucknow,Internet bill
T12785,U119,2024-10-15,Expense,Entertainment,6990.0,Bank_Transfer,Jaipur,Fixed deposit
T12327,U099,2024-03-12,Expense,Health,3716.0,Upi,Kolkata,Shopping
T4835,U116,2022-07-03,Expense,Rent,42012.0,Upi,Bangalore,Monthly rent payment
T5810,U043,2022-09-07,Expense,Utilities,5681.0,Bank_Transfer,Unknown,xyz123
T3290,U148,2022-08-20,Expense,Utilities,9677.0,Upi,Ahmedabad,Restaurant dinner
T2771,U023,2021-09-09,Expense,Travel,4011.0,Upi,Bangalore,test
T0958,U087,2024-06-16,Income,Freelance,54625.0,Cash,Unknown,Grocery shopping
T7011,U106,2023-10-04,Expense,Rent,47358.0,Upi,Mumbai,ATM withdrawal
T5515,U137,2024-05-18,Expense,Savings,3336.0,Bank_Transfer,Pune,misc
T12227,U029,2021-06-11,Expense,Food,3133.0,Cash,Kolkata,Petrol
T2523,U019,2021-06-07,Expense,Utilities,2907.0,Cash,Bangalore,Shopping
T3111,U100,2022-04-19,Income,Investment,76606.0,Card,Chennai,!!!
T5516,U111,2022-11-07,Income,Salary,76469.0,Cash,Chennai,Petrol
T8409,U037,2024-02-17,Expense,Food,589.0,Upi,Jaipur,No Notes
T5094,U144,2022-11-08,Expense,Food,6493.0,Cash,Jaipur,Train ticket
T0094,U028,2023-08-14,Expense,Entertainment,6393.0,Card,Hyderabad,Medicine
T13138,U053,2021-07-31,Expense,Rent,6000.0,Bank_Transfer,Delhi,No Notes
T0586,U090,2023-05-11,Expense,Entertainment,6915.0,Cash,Hyderabad,No Notes
T3853,U017,2024-08-04,Income,Others,17284.0,Card,Lucknow,Petrol
T2808,U020,2022-07-23,Expense,Rent,22788.0,Cash,Hyderabad,Medicine
T13546,U099,2022-08-04,Expense,Utilities,5285.0,Card,Mumbai,ATM withdrawal
T0215,U105,2024-07-14,Expense,Education,1136.0,Cash,Delhi,ATM withdrawal
T4964,U144,2024-08-20,Expense,Food,3043.0,Bank_Transfer,Mumbai,misc
T5979,U046,2024-04-19,Expense,Education,7164.0,Card,Bangalore,Restaurant dinner
T10775,U111,2021-04-09,Expense,Health,190.0,Card,Ahmedabad,EMI payment
T4171,U116,2022-08-29,Expense,Utilities,1368.0,Card,Lucknow,No Notes
T1410,U001,2024-05-25,Expense,Food,1413.0,Card,Jaipur,!!!
T8537,U058,2021-04-20,Income,Freelance,54564.0,Cash,Hyderabad,Medicine
T1845,U031,2023-03-09,Income,Freelance,679408.0,Upi,Bangalore,EMI payment
T7380,U020,2021-06-21,Expense,Rent,7684.0,Bank_Transfer,Bangalore,ATM withdrawal
T1432,U010,2022-02-11,Expense,Food,8690.0,Upi,Pune,Electricity bill
T3546,U134,2022-04-20,Expense,Rent,35598.0,Cash,Delhi,Shopping
T3357,U105,2022-11-21,Expense,Rent,49581.0,Card,Bangalore,Medicine
T12497,U133,2021-10-12,Income,Investment,54987.0,Cash,Jaipur,Shopping
T10338,U029,2022-04-13,Expense,Utilities,8370.0,Upi,Chennai,misc
T10322,U103,2023-11-13,Expense,Entertainment,4952.0,Bank_Transfer,Kolkata,Petrol
T9565,U147,2024-08-30,Expense,Savings,3173.0,Upi,Pune,Books
T9909,U143,2024-08-28,Expense,Entertainment,9395.0,Cash,Jaipur,Medicine
T2612,U098,2022-04-26,Expense,Rent,46889.0,Card,Unknown,Monthly rent payment
T5575,U034,2021-05-28,Expense,Entertainment,8440.0,Card,Delhi,Monthly rent payment
T1163,U138,2023-08-24,Income,Others,39070.0,Cash,Kolkata,Shopping
T13683,U149,2024-05-21,Expense,Education,6736.0,Bank_Transfer,Jaipur,Gym membership
T9931,U135,2021-08-20,Expense,Travel,1664.0,Card,Kolkata,No Notes
T7629,U139,2024-06-06,Income,Salary,66406.0,Card,Pune,Train ticket
T13743,U089,2023-11-30,Expense,Rent,17622.0,Cash,Chennai,test
T0568,U009,2024-07-09,Expense,Savings,7609.0,Card,Jaipur,xyz123
T10163,U131,2023-05-17,Expense,Rent,9589.0,Cash,Kolkata,Fixed deposit
T1081,U077,2022-01-15,Expense,Food,1462.0,Cash,Pune,...
T5021,U132,2022-09-13,Income,Bonus,16967.0,Cash,Lucknow,!!!
T5114,U002,2023-05-21,Income,Investment,54572.0,Bank_Transfer,Hyderabad,Uber ride
T9142,U091,2023-08-27,Expense,Rent,25115.0,Upi,Pune,Lunch
T6701,U128,2024-10-24,Income,Bonus,46799.0,Cash,Hyderabad,Monthly rent payment
T3697,U138,2021-04-06,Expense,Travel,9886.0,Card,Lucknow,No Notes
T5771,U142,2022-06-20,Expense,Food,4504.0,Card,Pune,ATM withdrawal
T12709,U053,2024-05-04,Expense,Rent,7398.0,Upi,Hyderabad,Coffee
T2821,U100,2022-07-04,Expense,Food,4356.0,Bank_Transfer,Delhi,Books
T6383,U088,2023-12-24,Expense,Utilities,2888.0,Cash,Unknown,...
T11166,U125,2021-09-23,Expense,Travel,777.0,Cash,Chennai,Grocery shopping
T6413,U070,2022-11-20,Expense,Food,2018.0,Bank_Transfer,Mumbai,Doctor consultation
T13927,U050,2021-10-04,Expense,Rent,31398.0,Card,Ahmedabad,Shopping
T1649,U092,2024-02-18,Expense,Travel,8811.0,Bank_Transfer,Mumbai,EMI payment
T3249,U092,2022-01-26,Expense,Rent,8484.0,Cash,Hyderabad,xyz123
T10664,U034,2021-06-05,Expense,Food,4576.0,Upi,Unknown,Lunch
T3186,U070,2022-08-21,Income,Bonus,40839.0,Upi,Pune,Coffee
T3021,U089,2022-07-20,Expense,Entertainment,5201.0,Bank_Transfer,Delhi,Shopping
T9837,U003,2023-07-17,Expense,Savings,9682.0,Upi,Lucknow,xyz123
T0161,U116,2024-01-02,Expense,Rent,1110.0,Bank_Transfer,Delhi,Coffee
T2828,U142,2023-01-25,Income,Investment,15136.0,Card,Jaipur,Internet bill
T6695,U113,2023-07-10,Expense,Rent,1387.0,Bank_Transfer,Kolkata,asdfgh
T2425,U054,2022-09-12,Expense,Utilities,1164.0,Card,Hyderabad,Internet bill
T12223,U098,2023-04-23,Expense,Rent,9192.0,Bank_Transfer,Lucknow,Gym membership
T5577,U026,2024-02-01,Expense,Rent,17210.0,Card,Kolkata,Movie tickets
T5064,U148,2023-10-14,Expense,Food,4729.0,Cash,Delhi,No Notes
T4902,U104,2021-12-25,Expense,Travel,7777.0,Card,Chennai,No Notes
T13037,U040,2023-09-06,Expense,Food,3446.0,Unknown,Pune,ATM withdrawal
T9462,U081,2022-01-27,Expense,Utilities,2820.0,Unknown,Mumbai,Medicine
T8015,U015,2024-03-21,Expense,Travel,176.0,Bank_Transfer,Pune,Gym membership
T4340,U146,2022-08-21,Expense,Health,6665.0,Cash,Ahmedabad,Movie tickets
T3047,U080,2023-01-28,Expense,Food,8415.0,Bank_Transfer,Hyderabad,Lunch
T10699,U032,2023-09-22,Expense,Food,3064.0,Card,Hyderabad,No Notes
T8192,U033,2024-07-01,Expense,Travel,6442.0,Unknown,Chennai,test
T6894,U131,2021-11-23,Income,Freelance,75366.0,Bank_Transfer,Hyderabad,xyz123
T10303,U025,2024-10-11,Income,Investment,12561.0,Cash,Pune,Medicine
T2306,U107,2023-07-15,Income,Salary,52836.0,Card,Mumbai,Grocery shopping
T13522,U021,2023-12-17,Income,Freelance,79600.0,Bank_Transfer,Lucknow,Electricity bill
T4486,U132,2023-02-28,Expense,Utilities,6428.0,Bank_Transfer,Bangalore,Petrol
T10416,U071,2024-02-01,Expense,Rent,8558.0,Upi,Pune,Online course
T8353,U119,2024-06-22,Expense,Entertainment,8081.0,Unknown,Unknown,test
T0130,U119,2022-06-03,Expense,Utilities,2380.0,Bank_Transfer,Unknown,test
T4785,U056,2022-05-08,Expense,Travel,5101.0,Cash,Unknown,No Notes
T13084,U100,2021-02-26,Expense,Rent,38654.0,Card,Bangalore,Grocery shopping
T10301,U138,2024-03-08,Expense,Rent,9837.0,Card,Jaipur,Internet bill
T8382,U127,2021-06-23,Expense,Food,3146.0,Upi,Ahmedabad,Petrol
T12305,U128,2021-05-02,Expense,Entertainment,116.0,Card,Chennai,No Notes
T8136,U051,2022-03-28,Income,Freelance,74441.0,Upi,Ahmedabad,Train ticket
T0920,U106,2023-12-06,Expense,Rent,6066.0,Cash,Kolkata,No Notes
T10215,U045,2024-09-29,Expense,Travel,3223.0,Bank_Transfer,Delhi,No Notes
T11627,U004,2021-01-05,Expense,Education,8564.0,Upi,Mumbai,Monthly rent payment
T11702,U103,2023-05-04,Expense,Health,6264.0,Cash,Chennai,No Notes
T0967,U149,2021-12-20,Expense,Food,1672.0,Bank_Transfer,Unknown,Books
T1096,U025,2021-06-24,Expense,Travel,5502.0,Upi,Chennai,Coffee
T8848,U104,2021-01-29,Expense,Food,1594.0,Bank_Transfer,Mumbai,No Notes
T6576,U080,2024-08-09,Expense,Rent,4236.0,Cash,Jaipur,ATM withdrawal
T8685,U131,2023-06-26,Expense,Travel,5605.0,Card,Mumbai,Monthly rent payment
T13941,U087,2022-05-15,Expense,Food,3354.0,Cash,Chennai,Movie tickets
T5095,U101,2023-06-16,Expense,Savings,6260.0,Card,Delhi,...
T3592,U046,2021-03-13,Expense,Food,1067.0,Upi,Ahmedabad,EMI payment
T8948,U044,2023-01-19,Expense,Travel,2304.0,Upi,Delhi,Shopping
T4824,U057,2023-11-08,Expense,Education,9423.0,Cash,Lucknow,Doctor consultation
T10383,U046,2022-05-05,Expense,Travel,9374.0,Upi,Pune,Fixed deposit
T12630,U049,2024-08-26,Expense,Food,1704.0,Card,Mumbai,xyz123
T11305,U113,2021-12-21,Expense,Travel,367.0,Unknown,Delhi,Coffee
T10286,U036,2023-09-21,Expense,Others,1540.0,Card,Lucknow,...
T13481,U025,2021-10-14,Expense,Rent,1959.0,Upi,Jaipur,Train ticket
T1548,U018,2021-11-25,Expense,Food,2722.0,Upi,Mumbai,Monthly rent payment
T8955,U010,2022-12-29,Expense,Education,7493.0,Card,Jaipur,Uber ride
T3753,U091,2024-10-13,Expense,Food,717.0,Upi,Bangalore,Movie tickets
T6400,U055,2021-06-05,Expense,Entertainment,6669.0,Unknown,Pune,No Notes
T0280,U063,2023-03-22,Expense,Savings,7301.0,Bank_Transfer,Lucknow,Electricity bill
T7347,U013,2022-09-22,Expense,Travel,2440.0,Upi,Hyderabad,xyz123
T2516,U007,2024-10-19,Expense,Travel,4973.0,Card,Delhi,No Notes
T13811,U056,2022-11-11,Expense,Rent,6993.0,Bank_Transfer,Chennai,ATM withdrawal
T5941,U145,2021-08-29,Expense,Food,1680.0,Upi,Chennai,Books
T9093,U034,2021-08-15,Expense,Food,738.0,Cash,Lucknow,Online course
T1192,U122,2022-07-13,Expense,Food,514.0,Card,Unknown,ATM withdrawal
T6461,U069,2023-10-16,Expense,Food,820.0,Card,Chennai,Lunch
T8665,U040,2023-01-14,Expense,Utilities,2888.0,Bank_Transfer,Delhi,Train ticket
T13495,U065,2024-04-23,Expense,Rent,8455.0,Card,Kolkata,EMI payment
T6367,U095,2021-10-15,Income,Salary,42618.0,Upi,Ahmedabad,Doctor consultation
T12881,U110,2022-08-19,Expense,Health,6814.0,Cash,Mumbai,Train ticket
T9986,U059,2022-04-29,Expense,Travel,6833.0,Cash,Chennai,Electricity bill
T7442,U070,2022-07-13,Expense,Education,4594.0,Bank_Transfer,Ahmedabad,Lunch
T8436,U105,2021-03-09,Expense,Others,7901.0,Cash,Jaipur,test
T6872,U061,2024-06-30,Expense,Savings,5278.0,Card,Mumbai,Shopping
T0709,U002,2024-02-27,Expense,Health,676.0,Bank_Transfer,Kolkata,xyz123
T1813,U133,2024-10-19,Expense,Utilities,9730.0,Card,Mumbai,Uber ride
T1365,U056,2023-12-20,Expense,Entertainment,5079.0,Bank_Transfer,Hyderabad,No Notes
T10180,U054,2024-12-11,Expense,Travel,5678.0,Card,Unknown,No Notes
T5763,U115,2024-01-21,Expense,Rent,20419.0,Cash,Kolkata,misc
T1683,U012,2023-01-27,Expense,Rent,1130.0,Card,Bangalore,No Notes
T1130,U029,2023-06-22,Expense,Food,93.0,Unknown,Hyderabad,Coffee
T3425,U122,2024-06-18,Expense,Utilities,5144.0,Cash,Hyderabad,!!!
T1253,U124,2021-12-16,Income,Others,69782.0,Bank_Transfer,Kolkata,Fixed deposit
T13860,U018,2022-12-25,Expense,Food,4684.0,Bank_Transfer,Chennai,Books
T2146,U004,2023-01-30,Expense,Entertainment,4528.0,Bank_Transfer,Ahmedabad,Internet bill
T7556,U150,2024-01-26,Income,Salary,44906.0,Card,Bangalore,Movie tickets
T1665,U057,2022-04-21,Expense,Rent,3158.0,Card,Mumbai,Uber ride
T5320,U069,2023-08-21,Expense,Rent,10959.0,Bank_Transfer,Unknown,Lunch
T4323,U074,2021-01-27,Expense,Food,1313.0,Upi,Pune,Petrol
T7942,U001,2022-10-19,Expense,Rent,5368.0,Bank_Transfer,Kolkata,Online course
T7197,U038,2024-11-20,Expense,Travel,6835.0,Card,Unknown,!!!
T8317,U060,2022-04-13,Expense,Travel,4824.0,Upi,Ahmedabad,Online course
T9386,U139,2022-12-25,Expense,Travel,633.0,Bank_Transfer,Jaipur,Fixed deposit
T8676,U005,2021-09-24,Expense,Utilities,7448.0,Upi,Unknown,Gym membership
T9253,U084,2022-11-22,Expense,Utilities,7598.0,Upi,Jaipur,Lunch
T11731,U073,2022-12-27,Expense,Travel,5023.0,Upi,Kolkata,Petrol
T12580,U014,2022-06-23,Expense,Entertainment,314.0,Upi,Pune,Movie tickets
T6810,U012,2024-04-10,Expense,Food,3124.0,Card,Mumbai,Lunch
T8748,U116,2024-02-14,Expense,Entertainment,2118.0,Cash,Mumbai,Lunch
T0364,U017,2023-04-14,Expense,Health,2402.0,Cash,Lucknow,Coffee
T13428,U027,2023-08-15,Expense,Rent,999999.0,Cash,Hyderabad,test
T6825,U054,2024-04-11,Expense,Utilities,7619.0,Cash,Mumbai,Internet bill
T0488,U146,2022-09-17,Income,Salary,73998.0,Unknown,Kolkata,No Notes
T2029,U069,2024-02-21,Expense,Rent,2920.0,Card,Unknown,...
T9214,U071,2023-05-05,Expense,Utilities,7568.0,Card,Chennai,Train ticket
T8314,U139,2021-07-02,Income,Bonus,69328.0,Cash,Hyderabad,test
T10157,U029,2021-11-13,Expense,Entertainment,6893.0,Bank_Transfer,Mumbai,No Notes
T0457,U093,2024-10-17,Expense,Rent,49634.0,Card,Delhi,xyz123
T8618,U133,2023-10-21,Expense,Food,3321.0,Upi,Pune,Train ticket
T9168,U110,2022-07-10,Expense,Rent,41084.0,Card,Chennai,Fixed deposit
T1231,U017,2024-05-18,Expense,Savings,9110.0,Bank_Transfer,Bangalore,Monthly rent payment
T10816,U139,2024-07-15,Expense,Rent,43091.0,Card,Kolkata,Books
T3205,U066,2022-11-24,Expense,Rent,29401.0,Cash,Lucknow,No Notes
T7018,U019,2021-01-18,Expense,Rent,31824.0,Card,Pune,No Notes
T1193,U019,2024-03-18,Expense,Food,6787.0,Bank_Transfer,Mumbai,Fixed deposit
T3566,U116,2022-05-26,Expense,Rent,2649.0,Upi,Chennai,Restaurant dinner
T0746,U018,2022-01-02,Expense,Others,9301.0,Upi,Hyderabad,No Notes
T1490,U008,2024-08-03,Expense,Food,7929.0,Bank_Transfer,Kolkata,Shopping
T7648,U150,2024-10-07,Expense,Savings,6164.0,Cash,Ahmedabad,No Notes
T7503,U027,2022-12-13,Expense,Entertainment,5693.0,Cash,Delhi,Monthly rent payment
T7631,U038,2023-05-11,Expense,Utilities,2798.0,Bank_Transfer,Hyderabad,Online course
T4882,U133,2021-02-12,Expense,Travel,5415.0,Cash,Ahmedabad,Restaurant dinner
T0421,U017,2021-05-07,Expense,Food,884.0,Bank_Transfer,Pune,Gym membership
T3168,U096,2022-07-02,Expense,Utilities,2120.0,Card,Ahmedabad,No Notes
T9579,U023,2023-01-07,Expense,Utilities,867.0,Bank_Transfer,Mumbai,Lunch
T13423,U074,2024-07-28,Expense,Rent,2578.0,Upi,Mumbai,Online course
T9797,U095,2023-09-15,Income,Bonus,62421.0,Card,Lucknow,Monthly rent payment
T12787,U131,2024-03-11,Income,Salary,56023.0,Cash,Mumbai,Uber ride
T4040,U083,2021-10-17,Expense,Travel,8017.0,Cash,Lucknow,Petrol
T1167,U004,2023-12-23,Expense,Utilities,2970.0,Upi,Hyderabad,xyz123
T3329,U105,2021-10-31,Expense,Travel,744.0,Cash,Jaipur,Fixed deposit
T13185,U078,2023-07-27,Expense,Health,7857.0,Card,Delhi,Shopping
T6100,U090,2022-12-23,Income,Bonus,24123.0,Cash,Lucknow,asdfgh
T5050,U128,2024-08-11,Expense,Utilities,5910.0,Cash,Jaipur,Gym membership
T9292,U035,2023-06-16,Expense,Education,9533.0,Cash,Kolkata,Doctor consultation
T1937,U092,2023-02-26,Expense,Food,4833.0,Upi,Hyderabad,Shopping
T10350,U108,2024-02-13,Expense,Education,4084.0,Cash,Pune,Movie tickets
T2370,U113,2022-02-26,Income,Bonus,70943.0,Upi,Delhi,asdfgh
T2818,U102,2024-09-13,Expense,Education,8374.0,Cash,Ahmedabad,Coffee
T8211,U023,2021-10-06,Income,Others,30431.0,Cash,Pune,xyz123
T12172,U036,2022-03-19,Expense,Food,729.0,Card,Ahmedabad,Gym membership
T7451,U108,2022-08-29,Expense,Travel,2054.0,Cash,Jaipur,Restaurant dinner
T12031,U046,2022-07-11,Expense,Food,2787.0,Cash,Bangalore,Shopping
T8605,U059,2022-12-21,Income,Salary,45212.0,Upi,Mumbai,...
T0838,U089,2021-04-29,Expense,Entertainment,4888.0,Cash,Pune,Medicine
T7880,U088,2023-11-17,Expense,Utilities,6873.0,Upi,Bangalore,misc
T0491,U108,2021-06-03,Expense,Food,1023.0,Card,Pune,xyz123
T7132,U094,2022-06-19,Expense,Travel,1030.0,Card,Chennai,ATM withdrawal
T10405,U039,2024-07-03,Expense,Rent,23110.0,Bank_Transfer,Delhi,No Notes
T13301,U147,2022-09-07,Income,Others,621176.0,Card,Chennai,Restaurant dinner
T9638,U128,2023-12-06,Expense,Others,5732.0,Upi,Delhi,ATM withdrawal
T8273,U033,2021-12-10,Expense,Travel,1891.0,Card,Jaipur,Fixed deposit
T6206,U094,2023-01-23,Expense,Utilities,7331.0,Cash,Pune,Movie tickets
T1092,U003,2021-07-12,Expense,Food,169.0,Card,Unknown,xyz123
T13917,U136,2024-11-08,Expense,Food,6848.0,Upi,Kolkata,Coffee
T1099,U101,2023-12-24,Income,Investment,56990.0,Upi,Chennai,No Notes
T6781,U018,2023-03-05,Expense,Food,4119.0,Cash,Ahmedabad,No Notes
T2499,U070,2024-05-08,Expense,Entertainment,8158.0,Card,Delhi,Electricity bill
T0101,U144,2022-07-15,Expense,Entertainment,2499.0,Upi,Ahmedabad,Books
T7044,U082,2021-09-01,Income,Salary,26983.0,Card,Mumbai,Lunch
T11377,U005,2021-09-22,Expense,Utilities,1962.0,Bank_Transfer,Delhi,test
T6669,U076,2022-04-02,Expense,Food,3357.0,Bank_Transfer,Pune,Petrol
T10487,U049,2021-12-15,Expense,Health,5110.0,Cash,Delhi,Gym membership
T1388,U082,2024-06-16,Expense,Education,2959.0,Bank_Transfer,Bangalore,No Notes
T4365,U100,2023-06-28,Expense,Travel,7728.0,Bank_Transfer,Chennai,Medicine
T1670,U146,2021-08-26,Expense,Food,5936.0,Card,Ahmedabad,Online course
T11687,U023,2021-08-21,Expense,Entertainment,3272.0,Card,Mumbai,Coffee
T9474,U026,2022-01-17,Expense,Entertainment,1581.0,Card,Unknown,No Notes
T13921,U149,2021-09-04,Expense,Utilities,3191.0,Cash,Mumbai,Doctor consultation
T11596,U009,2021-07-22,Income,Bonus,57108.0,Card,Delhi,No Notes
T2929,U101,2023-11-23,Expense,Savings,9001.0,Card,Chennai,Fixed deposit
T1166,U048,2023-08-15,Expense,Entertainment,9804.0,Bank_Transfer,Ahmedabad,test
T3099,U034,2024-07-18,Expense,Rent,3580.0,Upi,Hyderabad,No Notes
T11497,U060,2022-12-04,Expense,Entertainment,4525.0,Cash,Kolkata,No Notes
T8269,U119,2022-05-24,Expense,Utilities,5628.0,Bank_Transfer,Kolkata,Petrol
T5860,U082,2024-10-16,Income,Investment,32436.0,Card,Hyderabad,No Notes
T9342,U120,2023-02-15,Expense,Education,1235.0,Card,Chennai,Uber ride
T4919,U081,2022-09-02,Expense,Food,2054.0,Upi,Jaipur,misc
T12564,U083,2021-05-03,Expense,Travel,6100.0,Card,Chennai,Doctor consultation
T1576,U123,2021-04-19,Expense,Travel,7534.0,Bank_Transfer,Unknown,Shopping
T1179,U103,2024-03-10,Expense,Others,6162.0,Unknown,Hyderabad,Internet bill
T9442,U024,2023-09-29,Expense,Savings,6700.0,Cash,Pune,test
T2677,U063,2022-06-23,Expense,Utilities,6422.0,Bank_Transfer,Hyderabad,!!!
T0535,U006,2024-04-01,Expense,Food,2363.0,Upi,Ahmedabad,Monthly rent payment
T6992,U033,2024-05-11,Expense,Savings,5511.0,Cash,Chennai,Books
T2704,U011,2022-10-29,Expense,Rent,30402.0,Card,Kolkata,No Notes
T10108,U002,2022-03-31,Expense,Rent,724.0,Bank_Transfer,Chennai,test
T2784,U052,2021-08-05,Expense,Education,459.0,Upi,Bangalore,Doctor consultation
T1738,U149,2022-04-20,Expense,Savings,6985.0,Upi,Mumbai,misc
T1730,U131,2024-02-09,Expense,Rent,538.0,Upi,Lucknow,Books
T3438,U021,2021-10-23,Expense,Entertainment,6727.0,Bank_Transfer,Ahmedabad,No Notes
T7540,U063,2022-01-09,Expense,Travel,3023.0,Upi,Unknown,No Notes
T13025,U042,2022-12-15,Expense,Others,567.0,Upi,Ahmedabad,Gym membership
T13949,U079,2024-04-03,Expense,Travel,5183.0,Cash,Chennai,Restaurant dinner
T6817,U110,2022-04-09,Income,Salary,31812.0,Upi,Chennai,Uber ride
T3554,U064,2022-10-31,Income,Salary,23404.0,Card,Lucknow,Shopping
T6936,U135,2023-04-14,Expense,Entertainment,228.0,Cash,Mumbai,No Notes
T2052,U070,2021-04-07,Expense,Utilities,7033.0,Cash,Chennai,xyz123
T1366,U030,2023-07-18,Expense,Rent,49284.0,Bank_Transfer,Pune,Movie tickets
T5313,U059,2022-01-11,Expense,Food,1050.0,Upi,Ahmedabad,Medicine
T5037,U041,2024-07-16,Income,Freelance,28566.0,Cash,Kolkata,No Notes
T4044,U068,2023-12-26,Expense,Food,2641.0,Bank_Transfer,Jaipur,No Notes
T12072,U113,2023-05-05,Expense,Food,203.0,Cash,Hyderabad,Doctor consultation
T4299,U053,2022-09-27,Expense,Food,4582.0,Card,Pune,No Notes
T0332,U029,2023-10-14,Expense,Travel,8970.0,Cash,Mumbai,Gym membership
T6508,U100,2022-05-22,Expense,Rent,24568.0,Upi,Pune,EMI payment
T7988,U065,2023-08-07,Expense,Travel,4825.0,Card,Chennai,test
T1722,U078,2022-05-07,Expense,Others,5855.0,Upi,Kolkata,Fixed deposit
T2111,U095,2024-05-08,Expense,Rent,7546.0,Card,Chennai,test
T2605,U113,2023-05-19,Expense,Utilities,4854.0,Card,Jaipur,Uber ride
T9597,U036,2022-05-31,Expense,Rent,1773.0,Card,Kolkata,No Notes
T13951,U005,2021-12-30,Expense,Education,321.0,Card,Mumbai,No Notes
T12839,U047,2021-10-29,Income,Bonus,48642.0,Card,Hyderabad,!!!
T0522,U074,2024-06-23,Expense,Utilities,6222.0,Cash,Mumbai,Internet bill
T11670,U109,2022-05-31,Expense,Travel,5356.0,Bank_Transfer,Lucknow,...
T12932,U030,2022-10-06,Expense,Others,7743.0,Upi,Pune,Electricity bill
T7031,U087,2021-11-13,Income,Freelance,21270.0,Card,Hyderabad,Online course
T10023,U146,2023-08-22,Income,Investment,13365.0,Cash,Kolkata,Electricity bill
T2807,U057,2021-05-07,Income,Freelance,56397.0,Bank_Transfer,Hyderabad,No Notes
T13278,U083,2024-05-27,Expense,Utilities,3484.0,Cash,Pune,!!!
T0514,U045,2021-01-23,Expense,Entertainment,4327.0,Bank_Transfer,Delhi,xyz123
T9910,U076,2023-01-15,Expense,Food,307.0,Upi,Lucknow,asdfgh
T11633,U042,2022-09-01,Expense,Entertainment,7615.0,Bank_Transfer,Jaipur,Lunch
T6610,U099,2023-03-01,Expense,Food,3796.0,Card,Chennai,No Notes
T9421,U104,2022-04-19,Expense,Food,2049.0,Cash,Jaipur,Electricity bill
T12427,U017,2024-10-04,Expense,Travel,9094.0,Card,Ahmedabad,Coffee
T1140,U119,2022-06-19,Income,Investment,22245.0,Upi,Jaipur,Restaurant dinner
T1053,U045,2021-10-29,Expense,Utilities,8129.0,Bank_Transfer,Unknown,Petrol
T11803,U062,2023-05-03,Expense,Entertainment,8340.0,Cash,Bangalore,...
T6624,U010,2022-11-13,Expense,Utilities,3695.0,Bank_Transfer,Jaipur,Train ticket
T7245,U022,2021-04-30,Income,Salary,77048.0,Card,Jaipur,Petrol
T5920,U112,2024-05-13,Expense,Food,4147.0,Upi,Chennai,Restaurant dinner
T11785,U006,2024-05-07,Income,Salary,69207.0,Upi,Delhi,Coffee
T5560,U114,2024-04-13,Expense,Others,4410.0,Bank_Transfer,Ahmedabad,Coffee
T10906,U065,2022-11-07,Expense,Savings,229.0,Cash,Unknown,Grocery shopping
T12308,U037,2023-11-17,Expense,Entertainment,1896.0,Upi,Kolkata,EMI payment
T8328,U088,2021-05-20,Income,Salary,52709.0,Upi,Kolkata,Shopping
T2743,U141,2021-07-29,Expense,Savings,4354.0,Bank_Transfer,Lucknow,No Notes
T10133,U063,2024-08-22,Expense,Savings,6288.0,Upi,Pune,Coffee
T5299,U095,2023-03-05,Expense,Food,6352.0,Bank_Transfer,Pune,Shopping
T5851,U095,2021-12-25,Expense,Travel,2899.0,Upi,Jaipur,Uber ride
T13685,U128,2021-07-03,Income,Salary,79999.0,Unknown,Mumbai,No Notes
T2626,U096,2021-08-25,Expense,Utilities,2147.0,Card,Chennai,Fixed deposit
T2039,U022,2023-05-07,Expense,Food,3186.0,Card,Chennai,Fixed deposit
T12529,U109,2024-12-22,Income,Freelance,75247.0,Unknown,Pune,!!!
T12739,U029,2023-04-21,Expense,Utilities,6376.0,Upi,Pune,Grocery shopping
T0381,U069,2021-12-01,Expense,Food,9425.0,Upi,Delhi,xyz123
T1202,U089,2024-03-17,Expense,Rent,43714.0,Bank_Transfer,Hyderabad,Books
T4150,U039,2021-07-08,Expense,Food,476.0,Cash,Lucknow,Uber ride
T9703,U040,2023-07-05,Expense,Food,4034.0,Card,Pune,!!!
T9799,U117,2024-04-10,Income,Salary,24620.0,Cash,Ahmedabad,No Notes
T1567,U116,2021-03-27,Expense,Utilities,1306.0,Upi,Pune,Restaurant dinner
T12714,U036,2023-01-12,Income,Salary,63555.0,Bank_Transfer,Lucknow,Gym membership
T5555,U123,2024-01-04,Expense,Rent,5984.0,Upi,Delhi,Internet bill
T0579,U092,2022-03-28,Expense,Entertainment,4101.0,Cash,Pune,No Notes
T1146,U014,2023-10-01,Expense,Travel,407.0,Unknown,Lucknow,Gym membership
T0344,U042,2021-11-13,Expense,Rent,39449.0,Cash,Delhi,Restaurant dinner
T8607,U017,2024-04-20,Expense,Rent,9100.0,Cash,Unknown,...
T5759,U150,2024-03-21,Income,Bonus,29438.0,Card,Ahmedabad,Doctor consultation
T1246,U140,2022-03-04,Income,Others,12116.0,Cash,Kolkata,Lunch
T3608,U133,2023-06-11,Expense,Food,1625.0,Card,Ahmedabad,Uber ride
T11947,U054,2021-08-31,Expense,Health,6298.0,Cash,Ahmedabad,Internet bill
T1176,U033,2021-02-03,Expense,Entertainment,2505.0,Upi,Kolkata,Doctor consultation
T6137,U132,2024-08-26,Expense,Health,9510.0,Bank_Transfer,Hyderabad,ATM withdrawal
T6146,U140,2024-11-11,Expense,Utilities,8821.0,Cash,Ahmedabad,Train ticket
T11411,U043,2023-04-28,Expense,Food,5882.0,Bank_Transfer,Lucknow,Gym membership
T8451,U080,2021-08-14,Expense,Food,3378.0,Card,Hyderabad,Medicine
T1189,U061,2023-06-05,Expense,Rent,438.0,Bank_Transfer,Unknown,Uber ride
T12891,U008,2022-01-23,Expense,Entertainment,3537.0,Bank_Transfer,Chennai,No Notes
T12296,U018,2024-12-17,Expense,Utilities,6610.0,Cash,Delhi,Internet bill
T2820,U054,2022-05-07,Expense,Food,6146.0,Bank_Transfer,Unknown,Uber ride
T6111,U023,2022-11-02,Income,Others,47374.0,Cash,Delhi,Monthly rent payment
T10432,U014,2024-04-01,Expense,Travel,3681.0,Card,Chennai,Books
T3951,U082,2022-08-02,Expense,Utilities,5973.0,Upi,Lucknow,Train ticket
T0027,U082,2021-06-15,Expense,Utilities,6778.0,Bank_Transfer,Lucknow,Monthly rent payment
T12812,U077,2023-02-21,Expense,Rent,3130.0,Cash,Lucknow,Electricity bill
T11636,U049,2023-12-20,Expense,Savings,1302.0,Card,Jaipur,...
T8727,U049,2022-11-15,Expense,Utilities,8341.0,Unknown,Chennai,Movie tickets
T4076,U050,2023-01-01,Expense,Travel,2022.0,Upi,Pune,Online course
T2528,U131,2022-09-26,Expense,Food,5762.0,Bank_Transfer,Mumbai,Monthly rent payment
T3241,U032,2021-11-16,Expense,Health,9036.0,Upi,Bangalore,xyz123
T2362,U133,2024-02-03,Expense,Food,3454.0,Card,Pune,No Notes
T5948,U141,2023-02-27,Expense,Health,9973.0,Bank_Transfer,Unknown,Train ticket
T14000,U110,2021-06-13,Expense,Food,4159.0,Cash,Unknown,Lunch
T7440,U051,2021-10-26,Expense,Travel,4184.0,Unknown,Lucknow,Internet bill
T0441,U077,2021-12-25,Expense,Education,3105.0,Cash,Bangalore,Lunch
T7825,U005,2022-07-07,Expense,Education,9195.0,Cash,Pune,Grocery shopping
T1705,U126,2021-08-24,Expense,Entertainment,1841.0,Unknown,Chennai,!!!
T6493,U116,2023-04-04,Expense,Education,7073.0,Bank_Transfer,Hyderabad,Grocery shopping
T13290,U029,2023-09-14,Expense,Food,4516.0,Cash,Hyderabad,Uber ride
T6466,U079,2024-07-27,Expense,Food,1105.0,Cash,Lucknow,Online course
T11746,U095,2022-07-31,Expense,Food,320.0,Bank_Transfer,Ahmedabad,Electricity bill
T1551,U091,2023-06-27,Expense,Travel,3186.0,Card,Hyderabad,No Notes
T11987,U041,2023-02-27,Expense,Food,4901.0,Card,Ahmedabad,No Notes
T8660,U057,2024-01-02,Income,Freelance,44769.0,Cash,Jaipur,ATM withdrawal
T8941,U147,2022-03-30,Expense,Entertainment,5074.0,Upi,Delhi,Train ticket
T11812,U002,2023-11-08,Expense,Rent,46947.0,Card,Chennai,Lunch
T3803,U063,2022-10-12,Income,Freelance,10022.0,Upi,Hyderabad,Electricity bill
T11853,U059,2021-08-30,Expense,Food,383.0,Bank_Transfer,Unknown,!!!
T0893,U042,2024-02-16,Expense,Utilities,1498.0,Unknown,Bangalore,ATM withdrawal
T2460,U079,2021-09-30,Expense,Food,504.0,Upi,Unknown,Medicine
T2742,U071,2024-09-10,Expense,Food,3328.0,Bank_Transfer,Bangalore,Monthly rent payment
T8106,U022,2021-10-24,Expense,Food,151.0,Bank_Transfer,Ahmedabad,Books
T6207,U141,2024-03-17,Expense,Travel,3673.0,Upi,Lucknow,...
T6260,U150,2022-05-28,Income,Investment,44371.0,Cash,Lucknow,No Notes
T12449,U076,2024-10-21,Expense,Rent,266.0,Upi,Chennai,xyz123
T5657,U012,2022-11-04,Expense,Education,4906.0,Bank_Transfer,Jaipur,Monthly rent payment
T3027,U031,2024-03-20,Expense,Food,5874.0,Bank_Transfer,Pune,No Notes
T9686,U105,2022-08-14,Expense,Travel,871.0,Bank_Transfer,Jaipur,No Notes
T4936,U083,2022-05-09,Expense,Education,8559.0,Bank_Transfer,Bangalore,No Notes
T1218,U120,2024-03-23,Income,Others,77543.0,Upi,Jaipur,Internet bill
T1087,U097,2022-03-03,Expense,Travel,2238.0,Upi,Bangalore,Lunch
T9985,U074,2023-05-31,Expense,Food,795.0,Bank_Transfer,Hyderabad,Medicine
T11959,U095,2021-11-23,Expense,Rent,7465.0,Upi,Bangalore,Online course
T8493,U051,2021-06-05,Income,Salary,253560.0,Card,Hyderabad,...
T2141,U008,2023-09-27,Expense,Rent,5374.0,Card,Delhi,Restaurant dinner
T3371,U029,2023-01-13,Expense,Food,3390.0,Cash,Chennai,Doctor consultation
T3639,U101,2022-08-31,Income,Others,55943.0,Cash,Ahmedabad,EMI payment
T11722,U049,2024-08-13,Expense,Travel,5079.0,Card,Kolkata,Medicine
T8438,U099,2021-08-21,Expense,Food,1811.0,Upi,Unknown,Internet bill
T2002,U094,2023-03-09,Expense,Entertainment,6406.0,Upi,Chennai,test
T4065,U027,2021-08-16,Expense,Travel,7570.0,Bank_Transfer,Mumbai,...
T2894,U041,2021-05-16,Expense,Food,121.0,Card,Ahmedabad,...
T9564,U110,2021-09-05,Expense,Utilities,6002.0,Upi,Hyderabad,asdfgh
T2060,U064,2024-01-22,Expense,Travel,2318.0,Card,Unknown,!!!
T11286,U051,2021-03-11,Expense,Utilities,1798.0,Bank_Transfer,Pune,misc
T3316,U020,2024-11-11,Expense,Education,1902.0,Card,Chennai,Lunch
T1547,U113,2023-05-25,Expense,Travel,143.0,Cash,Jaipur,No Notes
T2257,U016,2024-10-29,Expense,Entertainment,2651.0,Cash,Bangalore,...
T7539,U020,2021-07-20,Income,Investment,54123.0,Upi,Delhi,No Notes
T7107,U136,2022-11-08,Income,Salary,30470.0,Upi,Bangalore,Internet bill
T12556,U010,2024-09-15,Income,Bonus,72854.0,Bank_Transfer,Mumbai,test
T3328,U039,2024-08-28,Expense,Food,1612.0,Unknown,Kolkata,Grocery shopping
T4037,U003,2023-11-17,Expense,Rent,15193.0,Card,Pune,Uber ride
T6603,U011,2024-03-05,Expense,Health,999999.0,Bank_Transfer,Chennai,!!!
T11714,U142,2024-07-01,Expense,Savings,9818.0,Upi,Lucknow,asdfgh
T0122,U104,2022-05-14,Expense,Health,619.0,Cash,Delhi,No Notes
T10396,U014,2023-07-22,Expense,Travel,3041.0,Bank_Transfer,Pune,ATM withdrawal
T12021,U030,2021-05-31,Expense,Travel,3074.0,Card,Pune,No Notes
T13908,U113,2023-02-21,Expense,Food,9952.0,Unknown,Lucknow,No Notes
T7467,U033,2024-07-21,Expense,Rent,7335.0,Upi,Hyderabad,Coffee
T7486,U142,2024-02-27,Expense,Education,4353.0,Card,Bangalore,No Notes
T13247,U001,2024-04-03,Expense,Food,1048.0,Card,Bangalore,Train ticket
T8679,U044,2022-04-08,Expense,Utilities,5459.0,Card,Mumbai,Gym membership
