Actual_Day_1,Pred_Day_1,Actual_Day_2,Pred_Day_2,Actual_Day_3,Pred_Day_3,Actual_Day_4,Pred_Day_4,Actual_Day_5,Pred_Day_5,Actual_Day_6,Pred_Day_6,Actual_Day_7,Pred_Day_7
4321.0,11767.61,3368.0,13013.19,9734.0,11702.93,725.0,11886.1,16181.0,11906.98,77543.0,12267.97,4117.0,12306.98
3368.0,11736.41,9734.0,12999.03,725.0,11632.69,16181.0,11796.5,77543.0,11799.74,4117.0,12231.23,2778.0,12253.13
9734.0,11681.44,725.0,12953.2,16181.0,11552.9,77543.0,11711.64,4117.0,11709.77,2778.0,12215.41,1639.0,12224.54
725.0,11566.45,16181.0,12815.22,77543.0,11494.33,4117.0,11706.95,2778.0,11764.3,1639.0,12296.07,4964.0,12319.5
16181.0,11552.45,77543.0,12791.79,4117.0,11472.84,2778.0,11692.34,1639.0,11738.19,4964.0,12280.32,5150.0,12302.93
77543.0,11487.24,4117.0,12758.35,2778.0,11450.26,1639.0,11672.84,4964.0,11798.69,5150.0,12399.03,3018.0,12421.42
4117.0,11148.81,2778.0,12620.37,1639.0,11434.78,4964.0,11673.12,5150.0,12316.29,3018.0,13185.41,26728.0,13217.86
2778.0,11168.35,1639.0,12467.02,4964.0,11617.34,5150.0,12009.8,3018.0,12660.45,26728.0,13225.19,4986.0,13349.22
1639.0,11411.57,4964.0,12608.96,5150.0,11903.57,3018.0,12322.7,26728.0,12874.21,4986.0,13098.02,1210.0,13276.36
4964.0,11704.58,5150.0,12874.13,3018.0,12108.0,26728.0,12474.72,4986.0,12868.83,1210.0,12887.32,5959.0,13068.76
5150.0,11924.9,3018.0,13123.77,26728.0,12187.68,4986.0,12466.46,1210.0,12719.93,5959.0,12689.03,43252.0,12840.01
3018.0,12036.02,26728.0,13282.02,4986.0,12160.76,1210.0,12354.9,5959.0,12501.78,43252.0,12525.74,5243.0,12634.64
26728.0,12056.9,4986.0,13345.44,1210.0,12058.62,5959.0,12185.36,43252.0,12248.1,5243.0,12384.1,30590.0,12449.59
4986.0,11911.36,1210.0,13293.48,5959.0,11898.62,43252.0,11984.51,5243.0,12142.13,30590.0,12507.96,37994.0,12537.16
1210.0,11793.51,5959.0,13158.09,43252.0,11772.52,5243.0,11889.63,30590.0,12050.94,37994.0,12508.66,3165.0,12532.03
5959.0,11729.5,43252.0,13043.9,5243.0,11707.24,30590.0,11866.15,37994.0,11994.62,3165.0,12448.11,26706.0,12478.92
43252.0,11559.28,5243.0,12755.51,30590.0,11639.49,37994.0,11934.08,3165.0,12091.46,26706.0,12465.4,9692.0,12543.16
5243.0,11486.09,30590.0,12798.66,37994.0,11660.13,3165.0,11918.27,26706.0,12274.02,9692.0,12767.36,39367.0,12837.01
3864.0,11756.66,9835.0,12969.73,8855.0,11905.44,1979.0,12176.58,60680.0,12374.99,5855.0,12567.16,49122.0,12672.96
9835.0,11842.41,8855.0,13071.07,1979.0,11912.13,60680.0,12135.41,5855.0,12255.41,49122.0,12446.76,8924.0,12532.36
8855.0,11851.62,1979.0,13126.86,60680.0,11852.23,5855.0,12022.65,49122.0,12115.18,8924.0,12397.18,75916.0,12452.89
1979.0,11803.66,60680.0,13081.23,5855.0,11796.84,49122.0,11972.44,8924.0,12070.54,75916.0,12398.73,6760.0,12448.86
60680.0,11778.22,5855.0,13056.61,49122.0,11728.05,8924.0,11893.86,75916.0,11956.33,6760.0,12339.12,5167.0,12375.08
5855.0,11473.69,49122.0,12928.61,8924.0,11608.1,75916.0,11762.2,6760.0,12197.9,5167.0,12893.73,4167.0,12913.96
49122.0,11401.24,8924.0,12744.43,75916.0,11647.1,6760.0,11923.94,5167.0,12392.11,4167.0,12963.22,3011.0,13038.16
8924.0,11355.18,75916.0,12670.58,6760.0,11811.15,5167.0,12163.57,4167.0,12801.32,3011.0,13219.09,77097.0,13355.33
75916.0,11553.01,6760.0,12787.25,5167.0,12030.46,4167.0,12403.29,3011.0,12954.37,77097.0,13118.82,7776.0,13295.76
6760.0,11619.86,5167.0,12977.1,4167.0,12192.94,3011.0,12500.67,77097.0,13226.8,7776.0,13404.94,15522.0,13580.85
5167.0,11807.87,4167.0,13098.59,3011.0,12328.26,77097.0,12634.56,7776.0,13228.7,15522.0,13243.97,4391.0,13436.63
4167.0,11996.8,3011.0,13265.62,77097.0,12407.59,7776.0,12669.92,15522.0,13113.76,4391.0,13032.59,4749.0,13214.17
3011.0,12131.47,77097.0,13407.39,7776.0,12406.69,15522.0,12608.32,4391.0,12909.61,4749.0,12817.0,6591.0,12968.41
77097.0,12195.64,7776.0,13497.79,15522.0,12331.64,4391.0,12467.25,4749.0,12647.26,6591.0,12618.65,3429.0,12728.57
7776.0,11871.86,15522.0,13404.1,4391.0,12136.96,4749.0,12213.34,6591.0,12759.7,3429.0,13142.88,49059.0,13206.05
15522.0,11820.55,4391.0,13209.39,4749.0,12154.69,6591.0,12359.23,3429.0,12870.32,49059.0,13109.62,936.0,13225.79
4391.0,11864.34,4749.0,13208.05,6591.0,12191.31,3429.0,12413.06,49059.0,12871.08,936.0,13028.94,3084.0,13158.37
4749.0,11963.16,6591.0,13250.53,3429.0,12235.02,49059.0,12459.72,936.0,12799.66,3084.0,12848.59,5630.0,12984.05
6591.0,12042.28,3429.0,13331.15,49059.0,12213.16,936.0,12394.48,3084.0,12625.16,5630.0,12675.17,2226.0,12787.47
3429.0,12010.06,49059.0,13248.5,936.0,12191.13,3084.0,12410.56,5630.0,12609.91,2226.0,12611.07,937.0,12736.21
49059.0,12061.82,936.0,13337.12,3084.0,12121.09,5630.0,12273.74,2226.0,12380.57,937.0,12461.73,3930.0,12547.24
936.0,11845.72,3084.0,13281.7,5630.0,11953.06,2226.0,12052.07,937.0,12380.71,3930.0,12777.48,47179.0,12821.72
3084.0,11757.59,5630.0,13125.02,2226.0,11878.27,937.0,12045.66,3930.0,12352.5,47179.0,12752.5,5749.0,12811.62
5630.0,11758.47,2226.0,13069.33,937.0,11874.32,3930.0,12074.17,47179.0,12325.6,5749.0,12662.08,7345.0,12733.74
2226.0,11688.76,937.0,12898.26,3930.0,11858.24,47179.0,12148.5,5749.0,12375.02,7345.0,12602.48,6443.0,12709.98
937.0,11796.11,3930.0,13008.34,47179.0,11894.43,5749.0,12144.24,7345.0,12285.22,6443.0,12475.3,24475.0,12569.51
3930.0,11859.06,47179.0,13077.98,5749.0,11885.3,7345.0,12098.31,6443.0,12163.77,24475.0,12356.74,2653.0,12433.31
47179.0,11870.66,5749.0,13127.0,7345.0,11812.22,6443.0,11972.18,24475.0,11986.24,2653.0,12268.56,3412.0,12313.21
5749.0,11617.66,7345.0,13037.02,6443.0,11653.9,24475.0,11778.11,2653.0,12067.15,3412.0,12672.56,5192.0,12685.71
7345.0,11507.03,6443.0,12853.86,24475.0,11621.33,2653.0,11841.58,3412.0,12173.19,5192.0,12751.39,1449.0,12797.32
6443.0,11524.86,24475.0,12806.22,2653.0,11693.57,3412.0,11966.52,5192.0,12287.62,1449.0,12738.14,20997.0,12816.52
24475.0,11547.53,2653.0,12733.03,3412.0,11791.67,5192.0,12139.82,1449.0,12440.48,20997.0,12702.06,4264.0,12826.64
2653.0,11653.49,3412.0,12892.28,5192.0,11883.1,1449.0,12176.75,20997.0,12490.98,4264.0,12733.55,980.0,12848.71
3412.0,11761.55,5192.0,12993.44,1449.0,11931.32,20997.0,12196.54,4264.0,12431.14,980.0,12626.37,5145.0,12734.03
5192.0,11842.28,1449.0,13080.08,20997.0,11938.67,4264.0,12165.39,980.0,12320.44,5145.0,12506.89,4266.0,12597.97
1449.0,11873.54,20997.0,13135.92,4264.0,11892.7,980.0,12074.54,5145.0,12170.63,4266.0,12410.55,1624.0,12476.06
20997.0,11869.02,4264.0,13146.41,980.0,11814.36,5145.0,11962.98,4266.0,12000.69,1624.0,12311.45,4460.0,12352.05
4264.0,11745.84,980.0,13090.6,5145.0,11693.11,4266.0,11818.02,1624.0,11938.52,4460.0,12422.66,8287.0,12439.29
980.0,11634.45,5145.0,12901.45,4266.0,11645.66,1624.0,11863.39,4460.0,12004.65,8287.0,12449.1,46499.0,12495.79
5145.0,11647.56,4266.0,12890.89,1624.0,11643.65,4460.0,11869.25,8287.0,11972.38,46499.0,12390.61,7414.0,12439.46
4266.0,11656.26,1624.0,12897.14,4460.0,11635.62,8287.0,11855.02,46499.0,11937.01,7414.0,12354.06,2250.0,12399.34
1624.0,11657.19,4460.0,12900.01,8287.0,11615.23,46499.0,11826.02,7414.0,11888.59,2250.0,12320.9,28555.0,12359.8
4460.0,11641.69,8287.0,12854.1,46499.0,11605.66,7414.0,11840.74,2250.0,11885.86,28555.0,12289.54,14825.0,12336.55
8287.0,11649.02,46499.0,12881.02,7414.0,11578.16,2250.0,11788.05,28555.0,11815.16,14825.0,12259.0,59288.0,12292.08
46499.0,11610.74,7414.0,12868.24,2250.0,11530.34,28555.0,11727.16,14825.0,11775.16,59288.0,12287.17,2721.0,12309.01
7414.0,11380.38,2250.0,12767.62,28555.0,11457.02,14825.0,11654.96,59288.0,12002.42,2721.0,12739.14,3790.0,12755.64
2250.0,11328.78,28555.0,12634.83,14825.0,11516.95,59288.0,11813.32,2721.0,12212.49,3790.0,12836.02,1743.0,12900.57
28555.0,11421.13,14825.0,12623.61,59288.0,11685.23,2721.0,12049.75,3790.0,12408.65,1743.0,12782.43,77481.0,12899.71
14825.0,11536.47,59288.0,12770.68,2721.0,11835.22,3790.0,12168.95,1743.0,12563.7,77481.0,12848.85,543.0,12975.96
59288.0,11665.53,2721.0,12906.07,3790.0,11941.53,1743.0,12245.71,77481.0,12604.0,543.0,12813.5,58808.0,12942.17
2721.0,11621.95,3790.0,12982.99,1743.0,11998.36,77481.0,12260.1,543.0,12819.14,58808.0,13126.07,3360.0,13248.69
3790.0,11719.78,1743.0,13008.72,77481.0,12084.39,543.0,12374.08,58808.0,12847.08,3360.0,13022.76,9427.0,13167.27
1743.0,11860.13,77481.0,13117.49,543.0,12157.66,58808.0,12424.92,3360.0,12782.0,9427.0,12856.72,6902.0,13000.08
77481.0,11982.14,543.0,13235.82,58808.0,12173.48,3360.0,12392.98,9427.0,12623.9,6902.0,12665.2,6998.0,12787.96
543.0,11750.3,58808.0,13217.0,3360.0,12082.43,9427.0,12240.78,6902.0,12816.73,6998.0,13170.37,8471.0,13260.3
58808.0,11766.86,3360.0,13088.17,9427.0,12148.56,6902.0,12415.2,6998.0,12919.56,8471.0,13087.56,5347.0,13229.96
3360.0,11753.64,9427.0,13141.75,6902.0,12212.48,6998.0,12458.71,8471.0,13092.65,5347.0,13288.18,468.0,13434.71
9427.0,11871.84,6902.0,13186.76,6998.0,12288.84,8471.0,12549.28,5347.0,13063.46,468.0,13126.6,13867.0,13289.04
6902.0,11998.86,6998.0,13284.15,8471.0,12341.02,5347.0,12578.51,468.0,12975.32,13867.0,12952.09,29039.0,13110.54
6998.0,12092.4,8471.0,13383.29,5347.0,12325.78,468.0,12514.9,13867.0,12798.17,29039.0,12775.45,425.0,12908.74
8471.0,12117.13,5347.0,13387.96,468.0,12310.7,13867.0,12495.4,29039.0,12716.24,425.0,12670.49,2839.0,12798.83
5347.0,12129.94,468.0,13449.17,13867.0,12203.38,29039.0,12321.2,425.0,12468.27,2839.0,12542.86,3808.0,12626.55
468.0,12078.41,13867.0,13425.3,29039.0,12060.33,425.0,12139.98,2839.0,12231.6,3808.0,12437.44,4800.0,12484.89
13867.0,12001.79,29039.0,13351.18,425.0,11908.53,2839.0,11973.0,3808.0,12005.99,4800.0,12325.39,30637.0,12345.46
29039.0,11827.98,425.0,13154.31,2839.0,11758.24,3808.0,11876.38,4800.0,11949.01,30637.0,12357.69,8540.0,12379.51
425.0,11632.94,2839.0,13030.14,3808.0,11627.45,4800.0,11752.95,30637.0,11986.05,8540.0,12592.93,2832.0,12602.08
2839.0,11506.84,3808.0,12759.14,4800.0,11613.7,30637.0,11891.63,8540.0,12136.2,2832.0,12605.84,1842.0,12674.09
7466.0,11635.75,2461.0,12855.56,7976.0,11806.76,1204.0,12100.07,28650.0,12348.75,7273.0,12628.43,5081.0,12730.95
2461.0,11725.02,7976.0,12945.82,1204.0,11860.66,28650.0,12128.42,7273.0,12327.73,5081.0,12559.39,1395.0,12657.9
7976.0,11803.12,1204.0,13033.32,28650.0,11866.62,7273.0,12094.32,5081.0,12218.63,1395.0,12447.49,6643.0,12528.68
1204.0,11818.87,28650.0,13076.26,7273.0,11828.74,5081.0,12019.73,1395.0,12113.14,6643.0,12394.74,1806.0,12455.43
28650.0,11814.44,7273.0,13081.74,5081.0,11762.07,1395.0,11927.63,6643.0,11970.46,1806.0,12311.3,1502.0,12351.65
7273.0,11666.18,5081.0,13018.52,1395.0,11653.12,6643.0,11799.64,1806.0,11980.61,1502.0,12509.13,1099.0,12529.74
5081.0,11577.12,1395.0,12893.52,6643.0,11608.78,1806.0,11810.75,1502.0,12025.28,1099.0,12564.4,8142.0,12600.54
1395.0,11547.37,6643.0,12781.55,1806.0,11647.27,1502.0,11927.18,1099.0,12140.78,8142.0,12559.28,73333.0,12632.75
6643.0,11631.16,1806.0,12841.31,1502.0,11707.37,1099.0,11980.58,8142.0,12133.2,73333.0,12470.62,4220.0,12548.69
1806.0,11689.91,1502.0,12909.49,1099.0,11732.08,8142.0,11978.48,73333.0,12094.57,4220.0,12414.52,2560.0,12484.73
1502.0,11731.53,1099.0,12953.01,8142.0,11727.61,73333.0,11951.75,4220.0,12017.4,2560.0,12336.76,1261.0,12396.37
1099.0,11750.75,8142.0,12982.86,73333.0,11692.61,4220.0,11889.28,2560.0,11907.96,1261.0,12260.32,7222.0,12303.4
8142.0,11740.18,73333.0,12989.32,4220.0,11625.63,2560.0,11794.15,1261.0,11774.58,7222.0,12194.29,7087.0,12216.67
73333.0,11667.14,4220.0,12943.72,2560.0,11538.62,1261.0,11696.66,7222.0,11701.9,7087.0,12222.62,4141.0,12229.82
4220.0,11249.72,2560.0,12763.96,1261.0,11401.5,7222.0,11554.6,7087.0,12089.46,4141.0,13022.91,1513.0,13014.81
2560.0,11150.06,1261.0,12467.4,7222.0,11508.88,7087.0,11871.84,4141.0,12463.35,1513.0,13128.18,407.0,13221.84
1261.0,11343.12,7222.0,12547.67,7087.0,11777.28,4141.0,12191.96,1513.0,12713.11,407.0,13038.17,2321.0,13194.26
7222.0,11617.09,7087.0,12777.65,4141.0,11998.35,1513.0,12380.69,407.0,12763.54,2321.0,12852.56,1738.0,13023.99
7087.0,11841.41,4141.0,13029.59,1513.0,12104.37,407.0,12404.17,2321.0,12663.98,1738.0,12682.69,514.0,12830.62
4141.0,11961.45,1513.0,13193.28,407.0,12107.23,2321.0,12329.31,1738.0,12498.13,514.0,12548.13,1899.0,12661.46
1513.0,12000.15,407.0,13274.64,2321.0,12028.76,1738.0,12183.46,514.0,12272.17,1899.0,12418.32,9971.0,12491.29
407.0,11974.53,2321.0,13275.61,1738.0,11907.17,514.0,12017.94,1899.0,12041.39,9971.0,12303.06,4041.0,12340.79
2321.0,11908.61,1738.0,13223.52,514.0,11768.61,1899.0,11855.64,9971.0,11831.43,4041.0,12211.49,7311.0,12220.86
1738.0,11806.53,514.0,13128.44,1899.0,11625.33,9971.0,11709.56,4041.0,11670.24,7311.0,12169.78,5792.0,12159.16
514.0,11574.52,1899.0,12788.65,9971.0,11469.79,4041.0,11692.53,7311.0,11686.27,5792.0,12194.43,7298.0,12217.46
1899.0,11570.34,9971.0,12787.0,4041.0,11444.01,7311.0,11658.81,5792.0,11634.9,7298.0,12165.08,46244.0,12181.2
9971.0,11551.65,4041.0,12776.94,7311.0,11409.02,5792.0,11615.84,7298.0,11587.35,46244.0,12154.82,9244.0,12163.09
4041.0,11487.44,7311.0,12744.04,5792.0,11362.2,7298.0,11565.05,46244.0,11593.33,9244.0,12238.31,2224.0,12239.71
7311.0,11434.42,5792.0,12673.72,7298.0,11347.4,46244.0,11584.21,9244.0,11646.62,2224.0,12292.03,4219.0,12304.89
5792.0,11407.74,7298.0,12634.22,46244.0,11368.84,9244.0,11633.68,2224.0,11736.13,4219.0,12354.04,452.0,12381.64
7298.0,11421.83,46244.0,12634.34,9244.0,11416.46,2224.0,11698.41,4219.0,11817.76,452.0,12383.77,23255.0,12425.02
46244.0,11456.08,9244.0,12667.98,2224.0,11469.42,4219.0,11751.63,452.0,11881.1,23255.0,12403.87,52935.0,12452.75
9244.0,11332.57,2224.0,12666.62,4219.0,11490.81,452.0,11755.56,23255.0,12143.58,52935.0,12798.88,3183.0,12848.07
2224.0,11351.56,4219.0,12620.9,452.0,11598.58,23255.0,11930.5,52935.0,12347.63,3183.0,12865.17,6115.0,12956.89
4219.0,11496.73,452.0,12703.9,23255.0,11761.76,52935.0,12111.53,3183.0,12461.81,6115.0,12779.48,7457.0,12901.25
452.0,11670.94,23255.0,12863.51,52935.0,11885.35,3183.0,12200.82,6115.0,12457.31,7457.0,12649.68,3522.0,12772.72
23255.0,11817.1,52935.0,13017.76,3183.0,11935.65,6115.0,12194.6,7457.0,12340.1,3522.0,12487.12,71326.0,12591.19
52935.0,11814.72,3183.0,13092.62,6115.0,11902.76,7457.0,12104.07,3522.0,12288.55,71326.0,12540.45,9447.0,12617.48
3183.0,11619.32,6115.0,13036.64,7457.0,11819.2,3522.0,11997.77,71326.0,12442.93,9447.0,12934.39,4622.0,12993.88
6115.0,11602.94,7457.0,12927.89,3522.0,11852.54,71326.0,12110.44,9447.0,12532.12,4622.0,12917.44,5225.0,13012.97
7457.0,11690.57,3522.0,12958.16,71326.0,11941.15,9447.0,12218.37,4622.0,12572.64,5225.0,12820.7,39411.0,12936.65
3522.0,11797.62,71326.0,13047.24,9447.0,12002.64,4622.0,12259.37,5225.0,12534.03,39411.0,12702.8,5284.0,12817.85
71326.0,11846.44,9447.0,13051.2,4622.0,12040.18,5225.0,12312.28,39411.0,12525.76,5284.0,12605.9,8643.0,12731.94
9447.0,11676.82,4622.0,13086.27,5225.0,11997.77,39411.0,12201.57,5284.0,12732.78,8643.0,13080.6,78671.0,13177.43
4622.0,11679.47,5225.0,13021.26,39411.0,12020.81,5284.0,12280.18,8643.0,12784.0,78671.0,13066.58,1094.0,13187.48
5225.0,11784.47,39411.0,13067.71,5284.0,12102.26,8643.0,12372.28,78671.0,12783.84,1094.0,12935.64,8973.0,13072.23
39411.0,11905.3,5284.0,13170.3,8643.0,12147.16,78671.0,12386.72,1094.0,12688.69,8973.0,12771.76,27774.0,12900.22
5284.0,11870.86,8643.0,13211.79,78671.0,12125.28,1094.0,12326.05,8973.0,12711.32,27774.0,12889.26,5182.0,13000.57
8643.0,11893.21,78671.0,13158.73,1094.0,12167.53,8973.0,12418.31,27774.0,12754.32,5182.0,12822.03,6055.0,12959.16
78671.0,11969.57,1094.0,13250.8,8973.0,12154.8,27774.0,12359.2,5182.0,12612.88,6055.0,12697.69,75893.0,12811.58
1094.0,11721.6,8973.0,13204.27,27774.0,12066.82,5182.0,12225.36,6055.0,12834.64,75893.0,13221.93,9907.0,13309.76
8973.0,11723.15,27774.0,13085.25,5182.0,12094.7,6055.0,12341.09,75893.0,12880.57,9907.0,13140.62,9062.0,13267.0
27774.0,11825.38,5182.0,13129.85,6055.0,12174.28,75893.0,12430.93,9907.0,12880.0,9062.0,13007.81,960.0,13150.02
5182.0,11850.42,6055.0,13118.01,75893.0,12237.84,9907.0,12521.24,9062.0,12968.16,960.0,12997.88,5144.0,13162.73
6055.0,11987.08,75893.0,13251.68,9907.0,12276.29,9062.0,12514.74,960.0,12846.16,5144.0,12834.88,9636.0,12982.97
75893.0,12070.06,9907.0,13355.42,9062.0,12243.53,960.0,12423.85,5144.0,12650.22,9636.0,12671.62,3150.0,12787.96
9907.0,11806.74,9062.0,13300.15,960.0,12112.9,5144.0,12239.03,9636.0,12805.9,3150.0,13166.79,8854.0,13247.28
9062.0,11791.55,960.0,13165.71,5144.0,12150.98,9636.0,12376.54,3150.0,12904.86,8854.0,13131.64,9442.0,13257.07
960.0,11871.95,5144.0,13191.65,9636.0,12205.38,3150.0,12442.29,8854.0,12884.49,9442.0,13004.85,5355.0,13142.86
5144.0,11982.08,9636.0,13265.8,3150.0,12230.19,8854.0,12446.42,9442.0,12756.23,5355.0,12802.42,7781.0,12933.17
9636.0,11991.56,3150.0,13218.99,8854.0,12224.01,9442.0,12467.32,5355.0,12708.57,7781.0,12681.75,8744.0,12822.6
31079.0,11519.77,2437.0,12764.36,3455.0,11532.36,3777.0,11783.4,8424.0,11928.89,5968.0,12439.24,33728.0,12484.31
2437.0,11440.33,3455.0,12746.02,3777.0,11545.84,8424.0,11797.74,5968.0,12096.53,33728.0,12673.46,7406.0,12723.61
3455.0,11471.26,3777.0,12711.06,8424.0,11626.56,5968.0,11931.75,33728.0,12216.89,7406.0,12666.63,5527.0,12748.95
3777.0,11577.93,8424.0,12785.65,5968.0,11726.42,33728.0,12031.08,7406.0,12259.83,5527.0,12589.35,1393.0,12684.58
8424.0,11686.0,5968.0,12886.27,33728.0,11793.7,7406.0,12072.62,5527.0,12234.62,1393.0,12492.8,399.0,12585.63
5968.0,11749.77,33728.0,12979.11,7406.0,11802.94,5527.0,12036.47,1393.0,12159.83,399.0,12434.39,2857.0,12509.35
33728.0,11769.04,7406.0,13024.2,5527.0,11766.51,1393.0,11963.6,399.0,12053.19,2857.0,12380.92,1773.0,12435.4
7406.0,11632.18,5527.0,12980.72,1393.0,11688.03,399.0,11865.16,2857.0,12115.88,1773.0,12618.55,6264.0,12657.1
5527.0,11579.74,1393.0,12884.0,399.0,11681.47,2857.0,11913.22,1773.0,12184.23,6264.0,12658.69,10584.0,12717.65
1393.0,11608.38,399.0,12867.42,2857.0,11729.76,1773.0,11990.22,6264.0,12233.93,10584.0,12620.02,3783.0,12697.32
399.0,11683.9,2857.0,12910.05,1773.0,11780.23,6264.0,12040.2,10584.0,12215.16,3783.0,12517.06,9850.0,12600.19
2857.0,11738.48,1773.0,12925.93,6264.0,11819.23,10584.0,12088.86,3783.0,12202.74,9850.0,12420.63,8259.0,12512.28
1773.0,11810.56,6264.0,13029.25,10584.0,11803.31,3783.0,12013.98,9850.0,12056.88,8259.0,12309.52,2761.0,12373.82
6264.0,11819.08,10584.0,13067.17,3783.0,11733.92,9850.0,11899.16,8259.0,11890.71,2761.0,12223.16,8478.0,12259.08
10584.0,11758.29,3783.0,13042.0,9850.0,11628.56,8259.0,11765.92,2761.0,11757.22,8478.0,12211.68,9477.0,12222.62
3783.0,11642.84,9850.0,12951.62,8259.0,11521.08,2761.0,11664.85,8478.0,11709.75,9477.0,12285.24,24254.0,12284.92
9850.0,11555.62,8259.0,12844.71,2761.0,11456.35,8478.0,11636.01,9477.0,11704.47,24254.0,12318.71,4734.0,12323.65
8259.0,11445.46,2761.0,12683.79,8478.0,11435.52,9477.0,11695.41,24254.0,11828.0,4734.0,12407.87,2763.0,12443.11
2761.0,11451.8,8478.0,12675.75,9477.0,11482.38,24254.0,11763.04,4734.0,11920.4,2763.0,12449.48,2502.0,12499.96
8478.0,11506.53,9477.0,12707.98,24254.0,11544.94,4734.0,11833.24,2763.0,11967.57,2502.0,12420.36,3432.0,12482.04
9477.0,11556.42,24254.0,12771.77,4734.0,11585.95,2763.0,11853.98,2502.0,11981.64,3432.0,12413.5,4143.0,12472.7
24254.0,11580.68,4734.0,12816.32,2763.0,11601.02,2502.0,11849.5,3432.0,11981.77,4143.0,12423.83,444.0,12477.25
4734.0,11527.09,2763.0,12816.42,2502.0,11596.5,3432.0,11834.36,4143.0,12069.62,444.0,12581.95,7984.0,12632.32
2763.0,11538.82,2502.0,12796.56,3432.0,11630.37,4143.0,11894.77,444.0,12123.61,7984.0,12582.49,51950.0,12647.53
2502.0,11599.95,3432.0,12824.29,4143.0,11689.35,444.0,11963.22,7984.0,12147.76,51950.0,12519.36,4125.0,12595.78
3432.0,11673.54,4143.0,12881.17,444.0,11734.74,7984.0,11997.62,51950.0,12125.14,4125.0,12433.76,6576.0,12511.11
4143.0,11733.02,444.0,12954.47,7984.0,11737.48,51950.0,11963.74,4125.0,12036.84,6576.0,12349.54,7727.0,12411.57
444.0,11745.27,7984.0,12981.53,51950.0,11705.29,4125.0,11905.9,6576.0,11946.74,7727.0,12295.51,2756.0,12342.39
7984.0,11741.38,51950.0,12983.02,4125.0,11653.33,6576.0,11835.68,7727.0,11835.64,2756.0,12227.56,3168.0,12259.36
51950.0,11685.24,4125.0,12960.37,6576.0,11570.84,7727.0,11731.7,2756.0,11745.98,3168.0,12240.58,2352.0,12253.28
4125.0,11387.34,6576.0,12814.82,7727.0,11452.44,2756.0,11617.88,3168.0,11984.11,2352.0,12769.11,842.0,12772.04
6576.0,11307.15,7727.0,12621.28,2756.0,11502.02,3168.0,11798.54,2352.0,12213.86,842.0,12861.66,58674.0,12924.0
7727.0,11386.52,2756.0,12596.31,3168.0,11679.11,2352.0,12051.9,842.0,12448.68,58674.0,12838.83,4565.0,12959.5
2756.0,11574.8,3168.0,12759.16,2352.0,11851.42,842.0,12203.6,58674.0,12526.74,4565.0,12743.33,6696.0,12878.8
3168.0,11755.67,2352.0,12943.52,842.0,11949.36,58674.0,12247.39,4565.0,12463.14,6696.0,12593.99,36012.0,12717.95
2352.0,11872.5,842.0,13089.32,58674.0,11960.02,4565.0,12190.5,6696.0,12310.1,36012.0,12450.38,2027.0,12545.62
842.0,11914.68,58674.0,13164.87,4565.0,11901.32,6696.0,12072.6,36012.0,12116.67,2027.0,12328.1,3405.0,12389.79
58674.0,11898.19,4565.0,13173.64,6696.0,11799.85,36012.0,11929.48,2027.0,11915.66,3405.0,12226.74,289.0,12257.24
4565.0,11547.68,6696.0,13030.42,36012.0,11599.88,2027.0,11696.1,3405.0,12061.16,289.0,12785.33,5876.0,12780.66
6696.0,11409.22,36012.0,12779.6,2027.0,11579.15,3405.0,11815.63,289.0,12234.89,5876.0,12885.2,9644.0,12932.72
36012.0,11402.85,2027.0,12625.95,3405.0,11704.67,289.0,12069.23,5876.0,12482.63,9644.0,12869.74,27897.0,12990.46
2027.0,11509.78,3405.0,12768.14,289.0,11872.58,5876.0,12211.94,9644.0,12689.54,27897.0,12980.85,4482.0,13117.27
3405.0,11686.53,289.0,12902.84,5876.0,12011.07,9644.0,12338.16,27897.0,12713.42,4482.0,12850.47,534.0,12999.15
289.0,11851.89,5876.0,13064.41,9644.0,12089.2,27897.0,12368.28,4482.0,12629.2,534.0,12688.8,9474.0,12825.54
5876.0,11969.98,9644.0,13202.08,27897.0,12083.15,4482.0,12295.53,534.0,12434.71,9474.0,12503.83,4817.0,12608.98
9644.0,11996.24,27897.0,13272.8,4482.0,12002.8,534.0,12149.58,9474.0,12219.8,4817.0,12386.0,54407.0,12452.22
27897.0,11932.6,4482.0,13257.39,534.0,11871.55,9474.0,11975.83,4817.0,12034.6,54407.0,12351.86,2939.0,12383.24
4482.0,11737.27,534.0,13141.92,9474.0,11710.7,4817.0,11806.72,54407.0,12005.07,2939.0,12549.72,38882.0,12558.09
534.0,11608.94,9474.0,12901.52,4817.0,11670.67,54407.0,11892.84,2939.0,12110.35,38882.0,12574.55,2703.0,12627.28
9474.0,11639.61,4817.0,12889.2,54407.0,11696.27,2939.0,11938.02,38882.0,12105.89,2703.0,12499.88,3952.0,12563.38
4817.0,11663.34,54407.0,12913.5,2939.0,11710.95,38882.0,11944.05,2703.0,12097.28,3952.0,12473.8,38153.0,12536.18
54407.0,11657.36,2939.0,12861.42,38882.0,11735.33,2703.0,12007.91,3952.0,12150.83,38153.0,12454.33,2611.0,12536.19
2939.0,11511.1,38882.0,12878.07,2703.0,11706.71,3952.0,11931.37,38153.0,12346.4,2611.0,12864.84,5622.0,12927.87
38882.0,11519.04,2703.0,12810.15,3952.0,11760.61,38153.0,12050.84,2611.0,12450.27,5622.0,12864.66,5984.0,12960.45
2703.0,11527.22,3952.0,12849.89,38153.0,11860.44,2611.0,12152.2,5622.0,12659.09,5984.0,13034.82,2109.0,13148.65
3952.0,11658.07,38153.0,12911.06,2611.0,11987.1,5622.0,12298.8,5984.0,12717.86,2109.0,12921.49,54776.0,13060.66
38153.0,11814.03,2611.0,13040.78,5622.0,12080.57,5984.0,12365.01,2109.0,12673.24,54776.0,12763.24,31660.0,12902.17
2611.0,11824.28,5622.0,13115.85,5984.0,12118.31,2109.0,12367.51,54776.0,12754.56,31660.0,12882.6,7270.0,13014.16
5622.0,11905.18,5984.0,13183.91,2109.0,12125.08,54776.0,12351.86,31660.0,12648.17,7270.0,12758.18,974.0,12877.98
5984.0,11958.82,2109.0,13245.11,54776.0,12093.07,31660.0,12281.58,7270.0,12493.67,974.0,12626.26,8718.0,12723.85
2109.0,11973.97,54776.0,13271.07,31660.0,12033.62,7270.0,12189.33,974.0,12335.57,8718.0,12514.95,1591.0,12589.9
54776.0,11961.18,31660.0,13265.87,7270.0,11943.03,974.0,12070.16,8718.0,12148.56,1591.0,12396.89,4714.0,12446.94
31660.0,11669.24,7270.0,13087.1,974.0,11813.28,8718.0,11963.74,1591.0,12343.6,4714.0,12831.54,4028.0,12878.18
7270.0,11530.76,974.0,12938.54,8718.0,11792.35,1591.0,12013.02,4714.0,12529.15,4028.0,13053.28,4063.0,13126.28
974.0,11585.44,8718.0,12865.6,1591.0,11929.72,4714.0,12241.64,4028.0,12713.6,4063.0,12996.54,21586.0,13128.58
8718.0,11753.83,1591.0,12984.11,4714.0,12050.27,4028.0,12350.41,4063.0,12701.12,21586.0,12825.56,2285.0,12967.92
1591.0,11888.99,4714.0,13129.98,4028.0,12100.55,4063.0,12348.22,21586.0,12603.57,2285.0,12685.01,5276.0,12810.39
4714.0,11956.12,4028.0,13175.37,4063.0,12118.19,21586.0,12353.52,2285.0,12528.84,5276.0,12561.12,73343.0,12682.14
4028.0,12012.5,4063.0,13277.1,21586.0,12052.37,2285.0,12214.03,5276.0,12302.5,73343.0,12420.36,6060.0,12499.93
4063.0,11989.56,21586.0,13289.84,2285.0,11936.39,5276.0,12049.34,73343.0,12083.02,6060.0,12321.21,3902.0,12364.37
21586.0,11912.67,2285.0,13236.38,5276.0,11796.12,73343.0,11885.21,6060.0,11891.88,3902.0,12262.31,8592.0,12276.79
5867.0,11790.74,2755.0,13092.17,8998.0,11683.82,9814.0,11812.19,7612.0,11834.92,8870.0,12273.5,4359.0,12288.39
2755.0,11683.76,8998.0,12949.45,9814.0,11600.24,7612.0,11778.39,8870.0,11815.62,4359.0,12280.91,41568.0,12304.5
8998.0,11646.21,9814.0,12914.57,7612.0,11542.91,8870.0,11718.89,4359.0,11746.57,41568.0,12261.72,1663.0,12276.5
9814.0,11551.4,7612.0,12792.95,8870.0,11501.02,4359.0,11727.91,41568.0,11803.03,1663.0,12324.94,54485.0,12355.15
7612.0,11517.32,8870.0,12764.36,4359.0,11495.05,41568.0,11733.63,1663.0,11847.98,54485.0,12385.43,9178.0,12420.03
8870.0,11509.15,4359.0,12756.54,41568.0,11504.43,1663.0,11750.02,54485.0,11883.5,9178.0,12418.12,1931.0,12456.96
4359.0,11506.32,41568.0,12742.95,1663.0,11533.78,54485.0,11796.56,9178.0,11951.66,1931.0,12453.14,9531.0,12503.37
41568.0,11543.75,1663.0,12765.72,54485.0,11574.7,9178.0,11841.59,1931.0,11979.71,9531.0,12431.71,921.0,12488.86
1663.0,11438.07,54485.0,12758.52,9178.0,11586.99,1931.0,11841.15,9531.0,12190.54,921.0,12751.6,56879.0,12809.31
54485.0,11474.03,9178.0,12727.09,1931.0,11666.41,9531.0,11973.54,921.0,12303.53,56879.0,12741.71,3816.0,12830.83
9178.0,11420.37,1931.0,12765.52,9531.0,11763.94,921.0,12059.81,56879.0,12611.14,3816.0,13082.77,3142.0,13185.69
1931.0,11528.79,9531.0,12796.67,921.0,11914.52,56879.0,12252.96,3816.0,12759.98,3142.0,13042.73,69782.0,13184.79
9531.0,11720.25,921.0,12941.78,56879.0,12059.96,3816.0,12381.74,3142.0,12769.55,69782.0,12880.7,3216.0,13034.68
921.0,11874.42,56879.0,13102.9,3816.0,12133.44,3142.0,12404.23,69782.0,12695.29,3216.0,12742.79,4577.0,12883.44
56879.0,11988.47,3816.0,13227.88,3142.0,12135.65,69782.0,12349.82,3216.0,12524.27,4577.0,12567.01,24178.0,12681.3
3816.0,11820.75,3142.0,13232.82,69782.0,12030.35,3216.0,12179.34,4577.0,12588.17,24178.0,12907.12,4701.0,12983.85
3142.0,11785.25,69782.0,13133.81,3216.0,11999.44,4577.0,12202.41,24178.0,12576.43,4701.0,12869.21,35588.0,12961.06
69782.0,11827.06,3216.0,13126.86,4577.0,12012.69,24178.0,12229.7,4701.0,12525.81,35588.0,12749.15,8176.0,12847.94
3216.0,11647.35,4577.0,13069.73,24178.0,12005.62,4701.0,12218.89,35588.0,12804.21,8176.0,13173.85,6729.0,13275.75
4577.0,11699.11,24178.0,13026.89,4701.0,12069.48,35588.0,12340.12,8176.0,12853.2,6729.0,13089.29,58508.0,13222.74
24178.0,11807.86,4701.0,13039.32,35588.0,12188.31,8176.0,12499.15,6729.0,12914.81,58508.0,12944.86,4876.0,13113.01
4701.0,11924.69,35588.0,13197.45,8176.0,12239.98,6729.0,12490.51,58508.0,12863.59,4876.0,12887.98,9444.0,13036.88
35588.0,12018.4,8176.0,13301.22,6729.0,12227.96,58508.0,12429.43,4876.0,12697.79,9444.0,12733.31,5337.0,12856.86
8176.0,11960.81,6729.0,13328.66,58508.0,12156.15,4876.0,12309.81,9444.0,12649.18,5337.0,12829.65,1408.0,12924.62
6729.0,11935.29,58508.0,13287.46,4876.0,12091.59,9444.0,12249.95,5337.0,12546.42,1408.0,12763.84,5108.0,12850.03
58508.0,11949.44,4876.0,13244.61,9444.0,12099.25,5337.0,12288.84,1408.0,12526.34,5108.0,12667.25,25148.0,12766.68
4876.0,11767.15,9444.0,13204.49,5337.0,12013.6,1408.0,12168.07,5108.0,12645.9,25148.0,13017.39,2541.0,13094.63
9444.0,11747.56,5337.0,13103.59,1408.0,12013.78,5108.0,12232.07,25148.0,12668.07,2541.0,12968.17,36747.0,13070.14
5337.0,11780.84,1408.0,13030.39,5108.0,12095.95,25148.0,12385.82,2541.0,12766.55,36747.0,12878.47,5706.0,13023.25
1408.0,11911.29,5108.0,13159.81,25148.0,12137.91,2541.0,12382.83,36747.0,12656.41,5706.0,12722.18,4442.0,12851.58
5108.0,12000.79,25148.0,13260.43,2541.0,12116.71,36747.0,12307.67,5706.0,12468.77,4442.0,12547.21,7277.0,12648.72
25148.0,12017.32,2541.0,13293.51,36747.0,12053.61,5706.0,12206.44,4442.0,12301.32,7277.0,12432.96,9652.0,12509.08
2541.0,11903.54,36747.0,13268.65,5706.0,11913.6,4442.0,12019.67,7277.0,12187.68,9652.0,12525.96,5791.0,12565.62
36747.0,11835.9,5706.0,13152.46,4442.0,11851.03,7277.0,12004.59,9652.0,12152.53,5791.0,12492.84,9392.0,12541.42
5706.0,11669.09,4442.0,13061.55,7277.0,11761.4,9652.0,11916.02,5791.0,12231.9,9392.0,12736.31,7821.0,12776.09
4442.0,11619.99,7277.0,12947.3,9652.0,11755.64,5791.0,11975.25,9392.0,12288.89,7821.0,12739.51,4270.0,12804.26
7277.0,11598.12,9652.0,12810.3,5791.0,11811.21,9392.0,12127.48,7821.0,12415.85,4270.0,12691.65,9124.0,12804.98
9652.0,11722.06,5791.0,12935.27,9392.0,11887.71,7821.0,12168.97,4270.0,12389.71,9124.0,12596.33,4680.0,12704.62
5791.0,11795.94,9392.0,13030.42,7821.0,11910.0,4270.0,12150.87,9124.0,12327.85,4680.0,12532.25,7554.0,12626.12
9392.0,11836.05,7821.0,13091.1,4270.0,11884.7,9124.0,12086.83,4680.0,12212.64,7554.0,12453.47,35286.0,12526.77
7821.0,11819.34,4270.0,13107.04,9124.0,11817.34,4680.0,11985.52,7554.0,12094.45,35286.0,12420.77,1409.0,12470.87
4270.0,11770.94,9124.0,13071.04,4680.0,11742.99,7554.0,11903.01,35286.0,12007.32,1409.0,12406.53,3748.0,12443.08
9124.0,11722.74,4680.0,12995.44,7554.0,11694.87,35286.0,11880.95,1409.0,11971.48,3748.0,12377.98,12888.0,12418.07
4680.0,11681.13,7554.0,12967.18,35286.0,11644.0,1409.0,11824.61,3748.0,11925.02,12888.0,12386.67,2506.0,12418.08
7554.0,11620.25,35286.0,12853.21,1409.0,11625.37,3748.0,11864.44,12888.0,11972.31,2506.0,12391.11,1667.0,12443.48
35286.0,11626.04,1409.0,12867.61,3748.0,11621.58,12888.0,11850.99,2506.0,11955.84,1667.0,12385.78,834.0,12433.78
1409.0,11504.63,3748.0,12836.37,12888.0,11587.23,2506.0,11804.3,1667.0,12090.34,834.0,12658.64,8964.0,12700.15
3748.0,11501.93,12888.0,12767.27,2506.0,11630.27,1667.0,11907.02,834.0,12183.63,8964.0,12658.24,37098.0,12728.73
12888.0,11577.03,2506.0,12797.06,1667.0,11716.95,834.0,12011.98,8964.0,12243.91,37098.0,12595.35,49978.0,12685.03
2506.0,11647.51,1667.0,12878.6,834.0,11776.8,8964.0,12049.2,37098.0,12266.24,49978.0,12575.97,6801.0,12664.88
1667.0,11723.18,834.0,12943.75,8964.0,11812.39,37098.0,12067.41,49978.0,12223.22,6801.0,12487.89,1090.0,12573.23
834.0,11785.64,8964.0,13010.19,37098.0,11812.46,49978.0,12035.36,6801.0,12122.62,1090.0,12382.52,8640.0,12453.49
8964.0,11815.52,37098.0,13055.82,49978.0,11767.89,6801.0,11951.64,1090.0,11974.36,8640.0,12277.59,7485.0,12325.72
37098.0,11769.56,49978.0,13045.71,6801.0,11685.43,1090.0,11841.34,8640.0,11868.6,7485.0,12273.44,5203.0,12299.81
49978.0,11554.62,6801.0,12943.06,1090.0,11560.18,8640.0,11707.08,7485.0,11956.78,5203.0,12603.72,65471.0,12612.7
6801.0,11302.09,1090.0,12746.88,8640.0,11532.21,7485.0,11754.45,5203.0,12310.76,65471.0,13077.22,6246.0,13115.67
1090.0,11310.3,8640.0,12582.89,7485.0,11702.82,5203.0,12075.04,65471.0,12632.35,6246.0,13091.13,4735.0,13218.72
8640.0,11537.75,7485.0,12734.84,5203.0,11928.16,65471.0,12305.21,6246.0,12748.53,4735.0,12940.29,4802.0,13101.38
7485.0,11758.37,5203.0,12953.06,65471.0,12073.16,6246.0,12396.32,4735.0,12727.61,4802.0,12788.62,9004.0,12944.67
5203.0,11906.79,65471.0,13121.56,6246.0,12129.38,4735.0,12392.05,4802.0,12629.08,9004.0,12654.98,2561.0,12790.78
65471.0,11992.88,6246.0,13248.06,4735.0,12094.06,4802.0,12284.04,9004.0,12427.63,2561.0,12511.52,5852.0,12609.5
6246.0,11737.04,4735.0,13199.05,4802.0,11947.24,9004.0,12077.13,2561.0,12541.5,5852.0,12980.85,8562.0,13038.58
4735.0,11663.39,4802.0,13039.17,9004.0,11919.52,2561.0,12137.06,5852.0,12595.18,8562.0,12989.8,614.0,13077.54
4802.0,11724.58,9004.0,13023.45,2561.0,11989.21,5852.0,12244.74,8562.0,12631.35,614.0,12883.6,6553.0,12997.21
9004.0,11805.63,2561.0,13050.04,5852.0,12041.52,8562.0,12308.31,614.0,12604.34,6553.0,12742.36,1969.0,12867.27
2561.0,11850.97,5852.0,13061.34,8562.0,12083.37,614.0,12361.35,6553.0,12613.97,1969.0,12671.45,1948.0,12806.99
5852.0,11959.25,8562.0,13194.52,614.0,12078.77,6553.0,12292.38,1969.0,12441.68,1948.0,12516.61,22339.0,12622.0
8562.0,11983.56,614.0,13263.64,6553.0,11995.43,1969.0,12144.07,1948.0,12225.26,22339.0,12402.11,7288.0,12468.16
614.0,11928.77,6553.0,13245.01,1969.0,11879.55,1948.0,11994.47,22339.0,12058.74,7288.0,12361.54,2435.0,12398.12
6553.0,11863.26,1969.0,13177.27,1948.0,11762.75,22339.0,11873.07,7288.0,11898.26,2435.0,12289.19,454.0,12307.35
1969.0,11766.16,1948.0,13090.47,22339.0,11643.5,7288.0,11754.72,2435.0,11785.25,454.0,12281.92,7239.0,12284.9
1948.0,11592.0,22339.0,12815.93,7288.0,11539.36,2435.0,11770.35,454.0,11820.09,7239.0,12291.05,1701.0,12327.46
391.0,11770.84,6733.0,13080.44,18032.0,11613.56,3379.0,11721.26,8567.0,11703.64,777.0,12201.86,1027.0,12198.95
6733.0,11600.31,18032.0,12816.91,3379.0,11501.25,8567.0,11720.04,777.0,11716.32,1027.0,12202.89,53234.0,12228.55
18032.0,11570.16,3379.0,12806.39,8567.0,11465.74,777.0,11674.91,1027.0,11689.0,53234.0,12225.72,7258.0,12243.28
3379.0,11476.04,8567.0,12762.67,777.0,11415.9,1027.0,11622.68,53234.0,11741.75,7258.0,12384.15,9015.0,12395.64
8567.0,11435.91,777.0,12685.82,1027.0,11424.46,53234.0,11679.14,7258.0,11823.51,9015.0,12428.88,9594.0,12460.28
777.0,11441.57,1027.0,12673.63,53234.0,11474.54,7258.0,11752.62,9015.0,11921.4,9594.0,12468.53,2803.0,12516.89
1027.0,11500.52,53234.0,12693.69,7258.0,11547.66,9015.0,11844.69,9594.0,11980.76,2803.0,12423.69,4234.0,12489.23
53234.0,11590.0,7258.0,12778.34,9015.0,11602.26,9594.0,11876.22,2803.0,11956.36,4234.0,12342.14,3152.0,12404.92
7258.0,11424.08,9015.0,12778.42,9594.0,11575.76,2803.0,11808.61,4234.0,12186.54,3152.0,12790.17,8400.0,12837.94
9015.0,11410.56,9594.0,12702.48,2803.0,11634.67,4234.0,11937.2,3152.0,12341.3,8400.0,12853.85,2242.0,12937.19
9594.0,11507.19,2803.0,12747.84,4234.0,11770.14,3152.0,12097.82,8400.0,12474.04,2242.0,12823.53,9867.0,12937.08
2803.0,11646.62,4234.0,12870.68,3152.0,11889.36,8400.0,12197.77,2242.0,12513.72,9867.0,12744.13,2917.0,12865.82
4234.0,11782.75,3152.0,12997.06,8400.0,11960.05,2242.0,12233.49,9867.0,12453.79,2917.0,12607.37,72998.0,12722.43
3152.0,11869.15,8400.0,13088.35,2242.0,11980.48,9867.0,12217.17,2917.0,12362.52,72998.0,12493.52,105.0,12594.75
8400.0,11918.61,2242.0,13170.16,9867.0,11930.25,2917.0,12108.09,72998.0,12177.18,105.0,12371.45,9636.0,12440.2
2242.0,11885.25,9867.0,13176.09,2917.0,11836.06,72998.0,11974.72,105.0,12025.72,9636.0,12331.69,4259.0,12371.77
9867.0,11825.41,2917.0,13129.5,72998.0,11722.41,105.0,11844.89,9636.0,11867.09,4259.0,12277.01,1437.0,12294.67
2917.0,11718.9,72998.0,13046.6,105.0,11606.73,9636.0,11727.72,4259.0,11781.71,1437.0,12312.9,3514.0,12315.18
72998.0,11574.7,105.0,12817.37,9636.0,11527.54,4259.0,11751.54,1437.0,11826.93,3514.0,12331.74,66829.0,12364.06
105.0,11251.15,9636.0,12704.9,4259.0,11477.19,1437.0,11692.97,3514.0,12248.18,66829.0,13055.01,116.0,13083.43
9636.0,11244.28,4259.0,12541.02,1437.0,11606.97,3514.0,11968.44,66829.0,12528.31,116.0,13090.0,2538.0,13196.56
4259.0,11424.88,1437.0,12639.16,3514.0,11847.81,66829.0,12241.71,116.0,12747.83,2538.0,13025.06,6249.0,13181.71
1437.0,11671.29,3514.0,12855.44,66829.0,12035.85,116.0,12392.48,2538.0,12773.87,6249.0,12859.26,7609.0,13024.67
3514.0,11879.25,66829.0,13072.56,116.0,12123.84,2538.0,12410.16,6249.0,12651.96,7609.0,12661.7,8653.0,12806.08
66829.0,11998.77,116.0,13232.7,2538.0,12108.26,6249.0,12312.26,7609.0,12441.6,8653.0,12489.76,3422.0,12594.87
116.0,11754.1,2538.0,13203.38,6249.0,11974.06,7609.0,12111.14,8653.0,12568.19,3422.0,12969.75,48716.0,13033.93
2538.0,11699.05,6249.0,13058.54,7609.0,11940.74,8653.0,12158.62,3422.0,12581.28,48716.0,12938.12,6428.0,13027.74
6249.0,11762.74,7609.0,13052.64,8653.0,11994.93,3422.0,12241.47,48716.0,12582.29,6428.0,12814.68,11395.0,12923.59
7609.0,11848.54,8653.0,13119.01,3422.0,12026.69,48716.0,12254.28,6428.0,12510.4,11395.0,12683.13,7127.0,12787.97
8653.0,11810.44,3422.0,13010.04,48716.0,12032.03,6428.0,12320.79,11395.0,12560.92,7127.0,12643.24,31495.0,12775.34
3422.0,11907.84,48716.0,13153.54,6428.0,12024.09,11395.0,12239.31,7127.0,12404.88,31495.0,12532.28,7315.0,12630.89
48716.0,11939.68,6428.0,13205.87,11395.0,11971.94,7127.0,12144.1,31495.0,12242.21,7315.0,12424.59,9581.0,12496.89
6428.0,11727.13,11395.0,13146.56,7127.0,11833.06,31495.0,11962.63,7315.0,12299.02,9581.0,12770.8,8623.0,12810.86
11395.0,11641.45,7127.0,12999.2,31495.0,11791.28,7315.0,11993.28,9581.0,12342.35,8623.0,12801.82,1023.0,12864.0
7127.0,11647.2,31495.0,12956.85,7315.0,11831.93,9581.0,12071.65,8623.0,12409.45,1023.0,12784.52,1543.0,12868.78
31495.0,11627.93,7315.0,12825.85,9581.0,11896.13,8623.0,12229.72,1023.0,12548.82,1543.0,12745.48,13881.0,12879.4
7315.0,11705.25,9581.0,12975.52,8623.0,11964.07,1023.0,12237.72,1543.0,12597.31,13881.0,12816.33,41720.0,12935.57
9581.0,11788.84,8623.0,13053.43,1023.0,12000.31,1543.0,12252.99,13881.0,12551.48,41720.0,12737.92,41167.0,12851.37
8623.0,11850.72,1023.0,13120.75,1543.0,12010.58,13881.0,12234.92,41720.0,12478.3,41167.0,12656.64,3462.0,12758.61
1023.0,11884.67,1543.0,13165.04,13881.0,11988.67,41720.0,12184.14,41167.0,12376.91,3462.0,12576.62,4452.0,12662.69
1543.0,11910.05,13881.0,13185.85,41720.0,11943.47,41167.0,12115.39,3462.0,12230.6,4452.0,12451.85,5748.0,12520.55
13881.0,11907.48,41720.0,13192.53,41167.0,11865.29,3462.0,12006.07,4452.0,12054.53,5748.0,12336.82,2564.0,12381.47
41720.0,11801.44,41167.0,13080.82,3462.0,11785.34,4452.0,11956.11,5748.0,12046.03,2564.0,12382.28,67240.0,12429.17
41167.0,11598.47,3462.0,12994.38,4452.0,11676.81,5748.0,11835.39,2564.0,12152.89,67240.0,12721.56,6087.0,12751.89
3462.0,11421.17,4452.0,12832.4,5748.0,11673.33,2564.0,11906.08,67240.0,12436.29,6087.0,13054.47,2634.0,13116.76
4452.0,11474.85,5748.0,12766.9,2564.0,11806.59,67240.0,12125.21,6087.0,12615.88,2634.0,13010.87,3456.0,13128.64
5748.0,11619.76,2564.0,12823.46,67240.0,11973.05,6087.0,12324.36,2634.0,12726.36,3456.0,12884.91,6212.0,13040.21
2564.0,11812.39,67240.0,13013.1,6087.0,12083.06,2634.0,12382.96,3456.0,12670.26,6212.0,12724.95,3209.0,12871.23
67240.0,11948.28,6087.0,13167.58,2634.0,12107.36,3456.0,12343.15,6212.0,12517.41,3209.0,12557.73,8603.0,12677.47
6087.0,11751.2,2634.0,13176.29,3456.0,12014.42,6212.0,12180.11,3209.0,12658.78,8603.0,13006.57,1012.0,13089.08
2634.0,11716.07,3456.0,13072.24,6212.0,11995.1,3209.0,12222.88,8603.0,12675.51,1012.0,12988.88,793.0,13091.52
3456.0,11786.72,6212.0,13080.45,3209.0,12045.4,8603.0,12292.88,1012.0,12658.4,793.0,12859.93,8543.0,12977.43
6212.0,11884.38,3209.0,13147.51,8603.0,12080.05,1012.0,12311.41,793.0,12571.81,8543.0,12697.83,7711.0,12812.14
3209.0,11920.35,8603.0,13166.46,1012.0,12065.85,793.0,12286.82,8543.0,12477.56,7711.0,12581.16,3873.0,12688.37
8603.0,11950.36,1012.0,13178.48,793.0,12060.37,8543.0,12276.76,7711.0,12411.44,3873.0,12489.5,1793.0,12593.12
1012.0,11965.27,793.0,13246.63,8543.0,11977.51,7711.0,12128.36,3873.0,12214.14,1793.0,12404.77,5077.0,12469.37
793.0,11934.0,8543.0,13233.09,7711.0,11865.03,3873.0,11983.78,1793.0,12012.65,5077.0,12305.6,6189.0,12340.88
8543.0,11872.54,7711.0,13179.07,3873.0,11742.43,1793.0,11845.14,5077.0,11831.68,6189.0,12224.62,5006.0,12236.67
7711.0,11756.46,3873.0,13089.52,1793.0,11605.54,5077.0,11702.07,6189.0,11713.23,5006.0,12245.65,1378.0,12237.85
3873.0,11525.34,1793.0,12766.51,5077.0,11475.95,6189.0,11708.05,5006.0,11789.34,1378.0,12332.0,228.0,12360.91
1793.0,11518.67,5077.0,12747.62,6189.0,11481.88,5006.0,11727.53,1378.0,11812.3,228.0,12339.32,35329.0,12374.28
5077.0,11539.7,6189.0,12757.1,5006.0,11497.24,1378.0,11744.75,228.0,11809.44,35329.0,12310.01,35757.0,12347.43
6189.0,11552.54,5006.0,12774.18,1378.0,11504.4,228.0,11744.66,35329.0,11804.3,35757.0,12301.42,4769.0,12337.05
5006.0,11549.53,1378.0,12776.59,228.0,11503.8,35329.0,11741.89,35757.0,11809.28,4769.0,12312.79,4061.0,12347.66
1378.0,11549.03,228.0,12780.03,35329.0,11500.84,35757.0,11735.96,4769.0,11804.91,4061.0,12316.04,9698.0,12349.28
228.0,11557.61,35329.0,12772.05,35757.0,11507.76,4769.0,11751.78,4061.0,11803.18,9698.0,12289.6,79488.0,12326.9
35329.0,11585.08,35757.0,12797.65,4769.0,11507.04,4061.0,11738.15,9698.0,11754.69,79488.0,12235.72,4970.0,12267.24
35757.0,11442.13,4769.0,12769.34,4061.0,11452.03,9698.0,11658.09,79488.0,11881.04,4970.0,12544.5,1146.0,12562.31
4769.0,11285.29,4061.0,12640.81,9698.0,11470.68,79488.0,11740.85,4970.0,12186.13,1146.0,12893.62,2949.0,12942.2
4061.0,11338.35,9698.0,12590.88,79488.0,11625.39,4970.0,11979.87,1146.0,12421.3,2949.0,12905.43,1113.0,13011.5
9698.0,11516.43,79488.0,12710.78,4970.0,11813.59,1146.0,12174.99,2949.0,12538.28,1113.0,12802.97,6358.0,12938.07
79488.0,11696.06,4970.0,12894.65,1146.0,11940.08,2949.0,12254.79,1113.0,12538.6,6358.0,12696.7,9963.0,12828.36
1131.0,11675.26,9186.0,12948.85,40241.0,11564.36,67910.0,11729.33,6959.0,11748.01,7607.0,12247.97,6523.0,12261.34
9186.0,11624.54,40241.0,12889.34,67910.0,11501.66,6959.0,11677.1,7607.0,11687.05,6523.0,12229.78,66112.0,12238.5
40241.0,11526.32,67910.0,12770.96,6959.0,11454.86,7607.0,11677.01,6523.0,11739.36,66112.0,12300.64,4409.0,12322.5
67910.0,11347.74,6959.0,12693.15,7607.0,11421.77,6523.0,11652.14,66112.0,11969.74,4409.0,12687.73,3707.0,12712.23
6959.0,11121.32,7607.0,12559.81,6523.0,11499.76,66112.0,11793.74,4409.0,12506.63,3707.0,13300.51,27197.0,13366.62
7607.0,11230.56,6523.0,12516.83,66112.0,11740.82,4409.0,12142.75,3707.0,12825.91,27197.0,13284.89,7663.0,13434.27
6523.0,11502.51,66112.0,12708.51,4409.0,12024.97,3707.0,12428.74,27197.0,12998.86,7663.0,13142.1,1500.0,13334.07
66112.0,11784.39,4409.0,12976.58,3707.0,12208.11,27197.0,12551.58,7663.0,12971.13,1500.0,12943.04,8568.0,13131.19
4409.0,11811.39,3707.0,13154.97,27197.0,12267.89,7663.0,12524.67,1500.0,13100.87,8568.0,13190.89,7418.0,13352.04
3707.0,11918.94,27197.0,13228.12,7663.0,12298.55,1500.0,12545.4,8568.0,13011.57,7418.0,13051.27,48704.0,13208.14
27197.0,12028.71,7663.0,13318.98,1500.0,12312.16,8568.0,12527.41,7418.0,12869.22,48704.0,12866.0,126.0,13008.64
7663.0,12032.26,1500.0,13378.83,8568.0,12258.12,7418.0,12422.13,48704.0,12759.22,126.0,12847.68,5487.0,12961.19
1500.0,12036.85,8568.0,13378.33,7418.0,12195.6,48704.0,12343.35,126.0,12612.77,5487.0,12738.24,780.0,12834.53
8568.0,12034.41,7418.0,13345.45,48704.0,12127.43,126.0,12274.35,5487.0,12453.48,780.0,12585.39,7306.0,12670.2
7418.0,12001.27,48704.0,13276.2,126.0,12091.66,5487.0,12265.37,780.0,12415.4,7306.0,12524.06,508.0,12614.88
48704.0,11985.94,126.0,13293.45,5487.0,11996.56,780.0,12127.47,7306.0,12232.18,508.0,12442.39,21948.0,12501.84
126.0,11741.25,5487.0,13188.88,780.0,11839.78,7306.0,11946.42,508.0,12297.5,21948.0,12798.9,7314.0,12830.86
5487.0,11659.41,780.0,13016.52,7306.0,11798.58,508.0,11993.83,21948.0,12327.84,7314.0,12782.76,864.0,12843.01
780.0,11640.74,7306.0,12875.76,508.0,11851.81,21948.0,12147.02,7314.0,12445.55,864.0,12717.23,56184.0,12826.94
7306.0,11766.63,508.0,12982.52,21948.0,11916.22,7314.0,12184.15,864.0,12383.19,56184.0,12571.32,1759.0,12676.94
508.0,11842.19,21948.0,13083.75,7314.0,11916.98,864.0,12133.43,56184.0,12268.98,1759.0,12471.94,129.0,12555.63
21948.0,11869.91,7314.0,13098.23,864.0,11898.32,56184.0,12104.42,1759.0,12178.48,129.0,12373.01,1572.0,12448.71
7314.0,11804.98,864.0,13113.58,56184.0,11810.52,1759.0,11968.59,129.0,12103.03,1572.0,12453.77,2547.0,12499.61
864.0,11735.17,56184.0,13050.95,1759.0,11724.84,129.0,11887.44,1572.0,12029.96,2547.0,12465.17,976.0,12500.35
56184.0,11704.97,1759.0,12987.57,129.0,11683.8,1572.0,11869.05,2547.0,11978.07,976.0,12409.88,22865.0,12447.86
1759.0,11456.52,129.0,12882.18,1572.0,11610.07,2547.0,11792.37,976.0,12226.12,22865.0,12891.65,8703.0,12923.65
129.0,11391.97,1572.0,12645.52,2547.0,11695.07,976.0,12044.47,22865.0,12488.97,8703.0,12918.6,1518.0,13031.46
1572.0,11571.54,2547.0,12770.34,976.0,11858.49,22865.0,12206.21,8703.0,12552.83,1518.0,12786.88,9399.0,12921.04
2547.0,11753.48,976.0,12939.62,22865.0,11965.62,8703.0,12270.4,1518.0,12501.69,9399.0,12622.68,65852.0,12751.57
976.0,11884.8,22865.0,13098.48,8703.0,11984.27,1518.0,12217.99,9399.0,12342.83,65852.0,12462.8,5947.0,12562.55
22865.0,11939.74,8703.0,13182.16,1518.0,11934.47,9399.0,12108.57,65852.0,12147.5,5947.0,12324.32,6188.0,12391.42
8703.0,11835.54,1518.0,13176.23,9399.0,11796.55,65852.0,11913.29,5947.0,12024.85,6188.0,12418.35,4706.0,12445.57
1518.0,11731.08,9399.0,13056.97,65852.0,11712.19,5947.0,11866.16,6188.0,12009.59,4706.0,12464.98,57365.0,12494.92
9399.0,11688.03,65852.0,12979.6,5947.0,11666.05,6188.0,11848.3,4706.0,11967.72,57365.0,12424.77,9690.0,12459.17
65852.0,11650.61,5947.0,12941.2,6188.0,11633.97,4706.0,11822.99,57365.0,11952.07,9690.0,12432.35,7890.0,12465.87
5947.0,11300.65,6188.0,12674.38,4706.0,11596.74,57365.0,11877.68,9690.0,12425.32,7890.0,13049.5,2840.0,13122.4
6188.0,11365.56,4706.0,12641.4,57365.0,11740.9,9690.0,12099.05,7890.0,12632.07,2840.0,13059.5,79771.0,13184.44
4706.0,11553.63,57365.0,12772.78,9690.0,11932.12,7890.0,12292.49,2840.0,12742.64,79771.0,12954.34,75854.0,13107.53
57365.0,11759.68,9690.0,12962.76,7890.0,12064.76,2840.0,12381.84,79771.0,12712.6,75854.0,12790.54,9734.0,12941.74
9690.0,11744.33,7890.0,13090.38,2840.0,12094.94,79771.0,12337.6,75854.0,12834.98,9734.0,13046.09,8911.0,13173.12
7890.0,11806.7,2840.0,13120.83,79771.0,12127.42,75854.0,12376.67,9734.0,12815.54,8911.0,12979.88,5765.0,13111.79
2840.0,11906.1,79771.0,13182.69,75854.0,12189.09,9734.0,12434.04,8911.0,12786.98,5765.0,12856.51,28322.0,12994.38
79771.0,12003.06,75854.0,13273.82,9734.0,12189.69,8911.0,12394.9,5765.0,12633.93,28322.0,12682.57,4999.0,12801.5
75854.0,11748.76,9734.0,13236.09,8911.0,12086.59,5765.0,12234.33,28322.0,12833.8,4999.0,13209.91,5708.0,13295.98
9734.0,11571.16,8911.0,13087.88,5765.0,12100.36,28322.0,12315.03,4999.0,13152.33,5708.0,13589.54,1689.0,13708.11
8911.0,11711.15,5765.0,13037.22,28322.0,12311.44,4999.0,12627.89,5708.0,13339.27,1689.0,13421.2,3466.0,13619.9
5765.0,11934.37,28322.0,13212.35,4999.0,12448.07,5708.0,12735.35,1689.0,13289.05,3466.0,13204.72,9979.0,13408.45
28322.0,12114.2,4999.0,13389.23,5708.0,12487.53,1689.0,12714.64,3466.0,13108.04,9979.0,12971.22,4831.0,13149.58
4999.0,12156.95,5708.0,13502.22,1689.0,12433.52,3466.0,12587.77,9979.0,12947.54,4831.0,12911.98,8358.0,13049.35
5708.0,12176.58,1689.0,13486.75,3466.0,12413.12,9979.0,12574.95,4831.0,12861.53,8358.0,12797.4,6958.0,12932.75
1689.0,12196.24,3466.0,13529.44,9979.0,12315.02,4831.0,12426.32,8358.0,12617.55,6958.0,12636.5,4235.0,12734.1
3466.0,12169.92,9979.0,13517.64,4831.0,12179.17,8358.0,12250.84,6958.0,12351.56,4235.0,12474.11,49713.0,12534.9
9979.0,12089.75,4831.0,13455.68,8358.0,12011.22,6958.0,12053.62,4235.0,12096.57,49713.0,12356.2,6587.0,12381.97
4831.0,11909.28,8358.0,13263.24,6958.0,11810.38,4235.0,11885.45,49713.0,11935.3,6587.0,12333.2,64627.0,12344.9
8358.0,11733.01,6958.0,13000.42,4235.0,11688.21,49713.0,11870.12,6587.0,11937.05,64627.0,12337.64,8260.0,12374.96
6958.0,11681.9,4235.0,12959.49,49713.0,11631.13,6587.0,11813.18,64627.0,11893.51,8260.0,12352.18,21559.0,12382.06
4235.0,11631.98,49713.0,12906.43,6587.0,11586.82,64627.0,11781.28,8260.0,11874.57,21559.0,12368.21,45300.0,12397.13
49713.0,11604.69,6587.0,12865.58,64627.0,11562.2,8260.0,11770.58,21559.0,11859.81,45300.0,12359.52,6872.0,12390.54
6587.0,11375.69,64627.0,12729.48,8260.0,11532.38,21559.0,11776.39,45300.0,12170.42,6872.0,12813.56,1316.0,12860.04
64627.0,11382.76,8260.0,12658.58,21559.0,11625.37,45300.0,11947.07,6872.0,12359.62,1316.0,12863.7,3356.0,12954.47
8260.0,11333.6,21559.0,12696.98,45300.0,11779.48,6872.0,12103.0,1316.0,12774.89,3356.0,13265.76,720.0,13385.04
21559.0,11495.72,45300.0,12762.85,6872.0,11980.28,1316.0,12345.69,3356.0,12943.13,720.0,13187.38,9256.0,13353.75
45300.0,11701.85,6872.0,12952.3,1316.0,12166.27,3356.0,12501.48,720.0,13029.01,9256.0,13106.02,4187.0,13286.19
6872.0,11816.76,1316.0,13123.9,3356.0,12280.14,720.0,12562.56,9256.0,13119.79,4187.0,13170.35,917.0,13344.9
1316.0,11964.28,3356.0,13250.88,720.0,12341.33,9256.0,12592.29,4187.0,13030.13,917.0,13010.9,646.0,13177.32
3356.0,12086.97,720.0,13365.44,9256.0,12344.18,4187.0,12548.59,917.0,12845.72,646.0,12800.02,217.0,12943.16
720.0,12148.94,9256.0,13446.83,4187.0,12278.26,917.0,12423.61,646.0,12603.84,217.0,12609.48,4587.0,12715.75
9256.0,12150.6,4187.0,13471.45,917.0,12157.2,646.0,12248.49,217.0,12327.13,4587.0,12432.09,4985.0,12497.6
4187.0,12069.32,917.0,13406.29,646.0,12026.39,217.0,12104.44,4587.0,12163.3,4985.0,12376.06,9054.0,12418.32
917.0,11968.59,646.0,13324.21,217.0,11862.12,4587.0,11923.58,4985.0,11955.66,9054.0,12314.43,2575.0,12327.38
646.0,11856.8,217.0,13152.82,4587.0,11750.53,4985.0,11871.62,9054.0,11876.9,2575.0,12253.71,5673.0,12274.34
217.0,11789.38,4587.0,13084.43,4985.0,11640.16,9054.0,11757.76,2575.0,11732.63,5673.0,12192.97,48411.0,12197.18
4587.0,11699.74,4985.0,12975.51,9054.0,11531.01,2575.0,11669.43,5673.0,11626.6,48411.0,12151.12,3550.0,12148.78
4985.0,11552.78,9054.0,12774.0,2575.0,11440.92,5673.0,11660.1,48411.0,11657.2,3550.0,12196.11,57103.0,12214.01
9054.0,11520.44,2575.0,12749.2,5673.0,11414.72,48411.0,11637.08,3550.0,11654.06,57103.0,12224.96,1145.0,12240.81
211.0,11339.22,5415.0,12697.57,297.0,11555.78,9113.0,11819.35,10249.0,12277.23,2936.0,12912.22,445.0,12970.76
5415.0,11390.22,297.0,12649.55,9113.0,11675.44,10249.0,12016.95,2936.0,12450.68,445.0,12901.69,6588.0,13008.04
297.0,11546.73,9113.0,12751.49,10249.0,11843.62,2936.0,12194.42,445.0,12560.22,6588.0,12812.89,7897.0,12946.79
9113.0,11734.95,10249.0,12921.43,2936.0,11958.91,445.0,12269.91,6588.0,12516.37,7897.0,12645.2,3471.0,12776.14
10249.0,11853.92,2936.0,13078.3,445.0,11986.05,6588.0,12228.03,7897.0,12399.85,3471.0,12534.58,1758.0,12639.12
2936.0,11886.34,445.0,13156.09,6588.0,11941.96,7897.0,12127.79,3471.0,12261.79,1758.0,12473.37,3824.0,12548.03
445.0,11880.02,6588.0,13166.09,7897.0,11864.14,3471.0,12018.67,1758.0,12100.09,3824.0,12386.44,5253.0,12436.61
6588.0,11859.86,7897.0,13130.68,3471.0,11801.93,1758.0,11955.74,3824.0,11986.58,5253.0,12298.84,6565.0,12339.45
7897.0,11801.6,3471.0,13099.33,1758.0,11698.93,3824.0,11829.12,5253.0,11850.18,6565.0,12270.08,7423.0,12287.77
3471.0,11706.28,1758.0,13021.74,3824.0,11592.19,5253.0,11722.75,6565.0,11766.98,7423.0,12295.05,7310.0,12298.99
1758.0,11557.0,3824.0,12779.44,5253.0,11527.14,6565.0,11772.57,7423.0,11850.34,7310.0,12332.21,5832.0,12373.19
3824.0,11580.64,5253.0,12802.26,6565.0,11528.54,7423.0,11763.3,7310.0,11814.08,5832.0,12291.81,773.0,12328.21
5253.0,11585.68,6565.0,12809.57,7423.0,11521.24,7310.0,11749.31,5832.0,11788.66,773.0,12272.2,40009.0,12304.9
6565.0,11578.47,7423.0,12817.34,7310.0,11499.75,5832.0,11714.53,773.0,11754.41,40009.0,12271.33,7199.0,12295.95
7423.0,11544.42,7310.0,12784.36,5832.0,11479.24,773.0,11703.7,40009.0,11764.76,7199.0,12301.6,3774.0,12327.61
7310.0,11514.24,5832.0,12749.83,773.0,11475.49,40009.0,11716.68,7199.0,11805.92,3774.0,12344.29,5190.0,12376.85
5832.0,11506.0,773.0,12743.27,40009.0,11483.93,7199.0,11730.91,3774.0,11839.46,5190.0,12375.92,6864.0,12412.18
773.0,11514.92,40009.0,12749.23,7199.0,11502.06,3774.0,11752.28,5190.0,11865.19,6864.0,12385.44,1993.0,12425.49
40009.0,11546.53,7199.0,12756.83,3774.0,11532.21,5190.0,11791.9,6864.0,11875.81,1993.0,12343.28,49439.0,12390.69
7199.0,11424.44,3774.0,12739.69,5190.0,11525.4,6864.0,11770.32,1993.0,12072.2,49439.0,12671.01,1532.0,12715.7
3774.0,11423.16,5190.0,12689.89,6864.0,11588.12,1993.0,11887.47,49439.0,12213.87,1532.0,12726.34,2137.0,12801.18
5190.0,11518.98,6864.0,12739.58,1993.0,11700.78,49439.0,12017.03,1532.0,12299.63,2137.0,12670.6,31302.0,12767.82
6864.0,11640.67,1993.0,12845.59,49439.0,11794.94,1532.0,12092.04,2137.0,12310.61,31302.0,12580.98,8866.0,12682.52
1993.0,11735.89,49439.0,12953.38,1532.0,11838.42,2137.0,12096.52,31302.0,12258.85,8866.0,12499.34,34096.0,12589.89
49439.0,11801.45,1532.0,13029.0,2137.0,11834.88,31302.0,12055.04,8866.0,12147.87,34096.0,12393.65,15227.0,12466.76
1532.0,11622.2,2137.0,13003.24,31302.0,11748.94,8866.0,11926.21,34096.0,12268.76,15227.0,12762.9,28774.0,12811.24
2137.0,11588.13,31302.0,12896.34,8866.0,11753.6,34096.0,12000.51,15227.0,12331.63,28774.0,12763.01,5722.0,12838.31
31302.0,11653.59,8866.0,12906.53,34096.0,11818.76,15227.0,12088.13,28774.0,12357.19,5722.0,12672.52,3228.0,12765.66
8866.0,11654.48,34096.0,12960.37,15227.0,11854.23,28774.0,12098.05,5722.0,12442.83,3228.0,12786.0,35345.0,12875.94
34096.0,11674.33,15227.0,12913.07,28774.0,11921.33,5722.0,12218.09,3228.0,12546.65,35345.0,12767.78,36037.0,12889.2
15227.0,11703.21,28774.0,13000.78,5722.0,11974.6,3228.0,12236.44,35345.0,12633.5,36037.0,12878.96,7648.0,12994.98
28774.0,11759.35,5722.0,13051.51,3228.0,12017.37,35345.0,12271.45,36037.0,12644.33,7648.0,12856.38,1999.0,12974.32
5722.0,11778.82,3228.0,13100.36,35345.0,12048.28,36037.0,12283.56,7648.0,12689.06,1999.0,12911.09,5984.0,13026.52
3228.0,11848.55,35345.0,13137.58,36037.0,12079.85,7648.0,12313.26,1999.0,12642.3,5984.0,12803.6,2381.0,12921.02
35345.0,11925.75,36037.0,13202.18,7648.0,12081.6,1999.0,12287.36,5984.0,12518.01,2381.0,12652.69,3930.0,12756.9
36037.0,11853.12,7648.0,13168.1,1999.0,12069.04,5984.0,12278.42,2381.0,12610.14,3930.0,12794.39,2690.0,12901.03
7648.0,11784.66,1999.0,13159.93,5984.0,12031.48,2381.0,12226.19,3930.0,12655.49,2690.0,12947.57,15344.0,13043.5
1999.0,11802.03,5984.0,13130.11,2381.0,12042.18,3930.0,12262.34,2690.0,12643.09,15344.0,12882.75,9490.0,12989.66
5984.0,11879.24,2381.0,13148.21,3930.0,12085.63,2690.0,12318.76,15344.0,12599.77,9490.0,12730.95,4852.0,12847.95
2381.0,11946.58,3930.0,13218.36,2690.0,12074.41,15344.0,12270.72,9490.0,12465.44,4852.0,12593.77,1785.0,12692.42
3930.0,11968.93,2690.0,13228.68,15344.0,12034.24,9490.0,12215.01,4852.0,12333.84,1785.0,12467.13,7791.0,12552.44
2690.0,11968.85,15344.0,13248.79,9490.0,11954.42,4852.0,12096.8,1785.0,12155.3,7791.0,12361.57,3980.0,12419.4
15344.0,11934.75,9490.0,13214.6,4852.0,11873.45,1785.0,12006.42,7791.0,12025.63,3980.0,12288.05,4892.0,12330.42
9490.0,11820.82,4852.0,13159.18,1785.0,11732.76,7791.0,11837.7,3980.0,11903.78,4892.0,12343.26,6882.0,12356.57
4852.0,11692.05,1785.0,13037.64,7791.0,11613.7,3980.0,11740.18,4892.0,11849.36,6882.0,12402.23,34452.0,12408.01
1785.0,11577.57,7791.0,12861.46,3980.0,11548.06,4892.0,11750.7,6882.0,11878.1,34452.0,12420.56,3047.0,12447.72
7791.0,11535.9,3980.0,12743.69,4892.0,11560.97,6882.0,11836.26,34452.0,11957.58,3047.0,12404.26,1845.0,12462.52
3980.0,11575.34,4892.0,12787.51,6882.0,11597.88,34452.0,11862.32,3047.0,11976.33,1845.0,12393.71,4603.0,12452.85
4892.0,11617.38,6882.0,12837.25,34452.0,11611.43,3047.0,11855.44,1845.0,11941.16,4603.0,12353.29,21037.0,12405.43
6882.0,11633.71,34452.0,12861.41,3047.0,11606.2,1845.0,11835.75,4603.0,11904.52,21037.0,12326.86,8519.0,12372.2
34452.0,11626.19,3047.0,12872.32,1845.0,11580.38,4603.0,11793.53,21037.0,11862.38,8519.0,12325.26,73950.0,12360.58
3047.0,11480.53,1845.0,12819.27,4603.0,11526.85,21037.0,11732.04,8519.0,11994.16,73950.0,12615.8,2372.0,12643.82
1845.0,11454.36,4603.0,12732.71,21037.0,11558.63,8519.0,11827.81,73950.0,12102.26,2372.0,12647.98,3629.0,12705.34
4603.0,11517.07,21037.0,12728.13,8519.0,11656.26,73950.0,11966.48,2372.0,12201.23,3629.0,12591.72,2050.0,12679.29
21037.0,11623.82,8519.0,12817.13,73950.0,11743.78,2372.0,12040.86,3629.0,12219.91,2050.0,12511.85,6674.0,12605.49
8519.0,11658.96,73950.0,12908.13,2372.0,11771.69,3629.0,12025.25,2050.0,12239.26,6674.0,12566.88,6457.0,12647.59
73950.0,11687.8,2372.0,12947.62,3629.0,11775.69,2050.0,12012.37,6674.0,12209.55,6457.0,12548.79,1635.0,12622.2
2372.0,11437.38,3629.0,12884.37,2050.0,11748.15,6674.0,11965.45,6457.0,12563.64,1635.0,13153.1,7112.0,13220.66
3629.0,11462.58,2050.0,12779.98,6674.0,11850.44,6457.0,12170.71,1635.0,12733.2,7112.0,13128.72,5889.0,13252.93
2050.0,11634.49,6674.0,12875.53,6457.0,12021.02,1635.0,12356.23,7112.0,12816.98,5889.0,12989.66,37975.0,13144.68
6674.0,11829.95,6457.0,13044.36,1635.0,12132.89,7112.0,12430.01,5889.0,12754.29,37975.0,12795.0,6574.0,12947.06
6457.0,11941.25,1635.0,13150.85,7112.0,12181.91,5889.0,12446.21,37975.0,12686.87,6574.0,12669.53,1242.0,12813.17
1635.0,12030.92,7112.0,13289.65,5889.0,12141.36,37975.0,12324.85,6574.0,12471.47,1242.0,12523.59,1113.0,12625.33
2969.0,11588.34,6769.0,12800.99,3898.0,11530.69,7182.0,11767.94,57527.0,11803.67,79999.0,12268.68,28527.0,12306.08
6769.0,11601.27,3898.0,12821.04,7182.0,11519.74,57527.0,11741.85,79999.0,11757.37,28527.0,12234.62,2804.0,12264.44
3898.0,11576.92,7182.0,12814.0,57527.0,11490.04,79999.0,11703.26,28527.0,11733.62,2804.0,12253.79,1652.0,12276.47
7182.0,11547.91,57527.0,12779.53,79999.0,11468.78,28527.0,11693.75,2804.0,11733.74,1652.0,12267.59,2678.0,12291.98
57527.0,11521.46,79999.0,12766.22,28527.0,11449.5,2804.0,11672.71,1652.0,11736.37,2678.0,12303.15,7052.0,12324.62
79999.0,11261.54,28527.0,12664.78,2804.0,11409.34,1652.0,11635.99,2678.0,12081.65,7052.0,12881.58,6484.0,12904.21
28527.0,11036.19,2804.0,12524.03,1652.0,11530.74,2678.0,11835.88,7052.0,12704.06,6484.0,13542.2,11032.0,13618.91
2804.0,11172.85,1652.0,12507.21,2678.0,11840.12,7052.0,12250.23,6484.0,13114.22,11032.0,13566.48,3755.0,13740.89
1652.0,11508.7,2678.0,12729.95,7052.0,12178.65,6484.0,12592.82,11032.0,13294.94,3755.0,13360.19,22993.0,13588.47
2678.0,11849.79,7052.0,13043.36,6484.0,12381.48,11032.0,12729.29,3755.0,13228.04,22993.0,13091.22,2556.0,13312.99
7052.0,12091.98,6484.0,13315.11,11032.0,12434.79,3755.0,12685.54,22993.0,13001.46,2556.0,12831.93,5021.0,13011.35
6484.0,12197.78,11032.0,13478.93,3755.0,12371.68,22993.0,12527.45,2556.0,12720.54,5021.0,12638.64,44884.0,12764.08
11032.0,12195.16,3755.0,13526.51,22993.0,12239.74,2556.0,12327.25,5021.0,12441.49,44884.0,12498.34,1052.0,12574.8
3755.0,12096.74,22993.0,13476.66,2556.0,12059.08,5021.0,12105.88,44884.0,12200.98,1052.0,12442.33,2724.0,12477.13
22993.0,11978.99,2556.0,13359.38,5021.0,11889.39,44884.0,11938.33,1052.0,12005.68,2724.0,12378.24,5138.0,12390.2
2556.0,11758.06,5021.0,13159.06,44884.0,11710.1,1052.0,11797.15,2724.0,11966.68,5138.0,12508.52,3124.0,12512.82
5021.0,11537.79,44884.0,12802.87,1052.0,11584.27,2724.0,11830.02,5138.0,12021.99,3124.0,12522.74,3148.0,12573.08
44884.0,11549.29,1052.0,12754.75,2724.0,11644.77,5138.0,11940.36,3124.0,12123.27,3148.0,12507.19,20238.0,12586.5
1052.0,11477.56,2724.0,12796.59,5138.0,11674.65,3124.0,11937.0,3148.0,12321.73,20238.0,12814.66,464.0,12888.51
2724.0,11533.01,5138.0,12789.77,3124.0,11752.04,3148.0,12054.56,20238.0,12400.84,464.0,12778.02,4736.0,12877.43
5138.0,11652.34,3124.0,12873.39,3148.0,11848.07,20238.0,12145.58,464.0,12415.22,4736.0,12670.96,8945.0,12780.65
3124.0,11763.69,3148.0,12981.43,20238.0,11904.58,464.0,12169.33,4736.0,12362.57,8945.0,12558.63,77493.0,12661.4
3148.0,11842.9,20238.0,13073.97,464.0,11905.94,4736.0,12125.77,8945.0,12241.34,77493.0,12439.42,3476.0,12522.5
20238.0,11870.62,464.0,13119.65,4736.0,11861.57,8945.0,12042.69,77493.0,12099.05,3476.0,12342.07,59549.0,12402.44
464.0,11782.21,4736.0,13105.99,8945.0,11753.91,77493.0,11895.05,3476.0,12014.67,59549.0,12426.07,4096.0,12457.26
4736.0,11727.57,8945.0,13010.28,77493.0,11701.57,3476.0,11881.74,59549.0,11982.03,4096.0,12395.8,43218.0,12434.11
8945.0,11696.86,77493.0,12975.43,3476.0,11652.68,59549.0,11833.9,4096.0,11918.14,43218.0,12364.81,5095.0,12396.85
77493.0,11648.93,3476.0,12933.18,59549.0,11606.3,4096.0,11791.38,43218.0,11890.56,5095.0,12380.64,6814.0,12408.54
3476.0,11252.1,59549.0,12687.46,4096.0,11557.66,43218.0,11807.83,5095.0,12419.58,6814.0,13144.54,5560.0,13199.25
59549.0,11286.17,4096.0,12586.59,43218.0,11701.5,5095.0,12066.93,6814.0,12669.03,5560.0,13163.79,8821.0,13286.7
4096.0,11375.58,43218.0,12707.29,5095.0,11944.28,6814.0,12307.76,5560.0,13051.26,8821.0,13396.52,7027.0,13559.5
43218.0,11624.43,5095.0,12867.42,6814.0,12174.43,5560.0,12543.51,8821.0,13149.86,7027.0,13226.89,8580.0,13425.68
5095.0,11809.62,6814.0,13097.99,5560.0,12329.96,8821.0,12635.81,7027.0,13225.64,8580.0,13227.44,3386.0,13421.03
6814.0,11996.9,5560.0,13270.02,8821.0,12404.89,7027.0,12663.97,8580.0,13109.5,3386.0,13032.46,1242.0,13212.55
5560.0,12122.79,8821.0,13398.92,7027.0,12417.64,8580.0,12625.6,3386.0,12947.21,1242.0,12848.17,9448.0,13004.69
8821.0,12184.08,7027.0,13493.46,8580.0,12338.62,3386.0,12477.92,1242.0,12685.77,9448.0,12663.48,3577.0,12776.51
7027.0,12159.08,8580.0,13507.64,3386.0,12207.86,1242.0,12294.23,9448.0,12437.98,3577.0,12543.13,1794.0,12614.8
8580.0,12078.87,3386.0,13449.05,1242.0,12052.45,9448.0,12113.48,3577.0,12216.6,1794.0,12456.56,5845.0,12496.0
3386.0,11965.11,1242.0,13299.4,9448.0,11938.26,3577.0,12043.04,1794.0,12138.37,5845.0,12421.9,4021.0,12462.86
1242.0,11887.76,9448.0,13223.46,3577.0,11813.35,1794.0,11913.9,5845.0,11978.46,4021.0,12359.66,42939.0,12381.48
9448.0,11786.4,3577.0,13059.02,1794.0,11716.03,5845.0,11876.86,4021.0,11912.23,42939.0,12295.53,9730.0,12327.58
3577.0,11718.47,1794.0,13016.22,5845.0,11630.06,4021.0,11778.9,42939.0,11830.79,9730.0,12309.32,5930.0,12325.72
1794.0,11616.59,5845.0,12853.18,4021.0,11576.58,42939.0,11799.5,9730.0,11867.7,5930.0,12324.14,8733.0,12362.72
5845.0,11621.01,4021.0,12852.62,42939.0,11560.85,9730.0,11779.7,5930.0,11823.17,8733.0,12284.88,196.0,12319.22
4021.0,11604.4,42939.0,12843.85,9730.0,11536.26,5930.0,11749.87,8733.0,11795.34,196.0,12284.01,2532.0,12313.15
42939.0,11585.77,9730.0,12825.99,5930.0,11511.45,8733.0,11725.84,196.0,11770.02,2532.0,12280.1,3304.0,12306.12
9730.0,11389.82,5930.0,12745.38,8733.0,11458.81,196.0,11673.4,2532.0,11985.53,3304.0,12682.8,35731.0,12706.0
5930.0,11343.26,8733.0,12632.4,196.0,11520.25,2532.0,11821.99,3304.0,12194.0,35731.0,12790.82,79389.0,12857.83
8733.0,11435.02,196.0,12654.9,2532.0,11670.99,3304.0,12015.82,35731.0,12363.08,79389.0,12764.24,4044.0,12870.84
196.0,11583.2,2532.0,12784.19,3304.0,11809.42,35731.0,12137.74,79389.0,12429.94,4044.0,12693.14,7101.0,12811.74
2532.0,11740.38,3304.0,12935.12,35731.0,11891.04,79389.0,12176.08,4044.0,12362.11,7101.0,12542.79,3287.0,12652.34
3304.0,11839.15,35731.0,13048.78,79389.0,11907.57,4044.0,12142.5,7101.0,12244.32,3287.0,12415.0,865.0,12504.51
35731.0,11877.96,79389.0,13123.09,4044.0,11853.85,7101.0,12031.03,3287.0,12067.58,865.0,12308.67,44729.0,12366.28
79389.0,11706.56,4044.0,13080.95,7101.0,11715.51,3287.0,11847.15,865.0,12058.31,44729.0,12560.58,5732.0,12584.25
4044.0,11313.66,7101.0,12862.24,3287.0,11625.64,865.0,11798.78,44729.0,12504.0,5732.0,13313.77,764.0,13345.56
7101.0,11304.1,3287.0,12663.8,865.0,11764.1,44729.0,12099.09,5732.0,12787.83,764.0,13313.65,6823.0,13434.74
3287.0,11470.71,865.0,12688.95,44729.0,12009.8,5732.0,12415.11,764.0,13014.79,6823.0,13187.36,20102.0,13377.76
865.0,11755.97,44729.0,12938.84,5732.0,12209.58,764.0,12569.11,6823.0,13009.6,20102.0,12974.32,7034.0,13170.15
44729.0,11986.65,5732.0,13186.52,764.0,12286.6,6823.0,12562.01,20102.0,12837.91,7034.0,12741.15,5052.0,12906.41
5732.0,11976.37,764.0,13313.42,6823.0,12240.84,20102.0,12426.14,7034.0,12793.4,5052.0,12874.64,2043.0,12996.24
764.0,11982.35,6823.0,13317.89,20102.0,12170.31,7034.0,12339.95,5052.0,12640.72,2043.0,12780.05,2838.0,12881.61
6823.0,11998.43,20102.0,13314.54,7034.0,12107.94,5052.0,12263.61,2043.0,12469.59,2838.0,12626.65,553.0,12711.9
20102.0,11984.53,7034.0,13307.58,5052.0,12024.96,2043.0,12155.4,2838.0,12301.76,553.0,12518.19,3559.0,12581.39
7034.0,11875.21,5052.0,13228.38,2043.0,11909.54,2838.0,12036.44,553.0,12223.66,3559.0,12559.58,5910.0,12606.81
5052.0,11741.12,2043.0,12987.4,2838.0,11863.03,553.0,12109.17,3559.0,12315.76,5910.0,12573.8,2528.0,12663.41
2043.0,11787.69,2838.0,13039.84,553.0,11856.96,3559.0,12076.09,5910.0,12229.3,2528.0,12493.6,73576.0,12570.18
2838.0,11817.93,553.0,13070.47,3559.0,11829.17,5910.0,12024.58,2528.0,12115.98,73576.0,12395.25,9407.0,12457.3
553.0,11819.06,3559.0,13084.91,5910.0,11769.28,2528.0,11935.48,73576.0,11978.07,9407.0,12311.77,46799.0,12353.37
3559.0,11796.66,5910.0,13071.7,2528.0,11688.54,73576.0,11832.2,9407.0,11829.12,46799.0,12231.41,11356.0,12252.68
5910.0,11701.64,2528.0,12933.37,73576.0,11618.11,9407.0,11814.66,46799.0,11817.97,11356.0,12226.07,693.0,12258.98
2528.0,11661.85,73576.0,12917.58,9407.0,11553.79,46799.0,11733.67,11356.0,11742.53,693.0,12228.7,2762.0,12246.49
5865.0,11831.05,39567.0,13091.17,2061.0,12305.77,8549.0,12614.98,43834.0,13137.04,20747.0,13127.54,825.0,13317.23
39567.0,12016.67,2061.0,13273.16,8549.0,12369.3,43834.0,12620.96,20747.0,12996.63,825.0,12918.6,18141.0,13088.53
2061.0,12033.57,8549.0,13368.03,43834.0,12356.54,20747.0,12551.15,825.0,12965.51,18141.0,12973.8,836.0,13117.74
8549.0,12086.32,43834.0,13409.6,20747.0,12311.85,825.0,12481.12,18141.0,12788.4,836.0,12814.97,4952.0,12937.9
43834.0,12098.54,20747.0,13432.48,825.0,12234.91,18141.0,12369.6,836.0,12598.76,4952.0,12682.3,8842.0,12778.27
20747.0,11965.71,825.0,13383.72,18141.0,12151.4,836.0,12268.73,4952.0,12639.73,8842.0,12880.5,6409.0,12960.26
825.0,11870.92,18141.0,13277.66,836.0,12074.47,4952.0,12223.13,8842.0,12623.57,6409.0,12924.65,6937.0,13006.03
18141.0,11871.88,836.0,13193.86,4952.0,12064.0,8842.0,12261.56,6409.0,12576.83,6937.0,12789.38,1956.0,12888.41
836.0,11839.61,4952.0,13102.0,8842.0,12078.93,6409.0,12330.89,6937.0,12642.77,1956.0,12768.22,4240.0,12893.44
4952.0,11931.18,8842.0,13189.64,6409.0,12080.37,6937.0,12294.46,1956.0,12501.19,4240.0,12611.86,4716.0,12718.78
8842.0,11971.49,6409.0,13244.4,6937.0,12036.84,1956.0,12209.46,4240.0,12340.08,4716.0,12487.32,1690.0,12569.7
6409.0,11946.8,6937.0,13254.64,1956.0,11941.7,4240.0,12073.44,4716.0,12170.49,1690.0,12421.91,45520.0,12474.32
6937.0,11891.23,1956.0,13183.14,4240.0,11874.43,4716.0,12022.73,1690.0,12106.21,45520.0,12389.7,2456.0,12439.17
1956.0,11829.99,4240.0,13142.9,4716.0,11769.89,1690.0,11900.61,45520.0,11972.15,2456.0,12360.11,6819.0,12388.18
4240.0,11767.25,4716.0,13068.46,1690.0,11679.52,45520.0,11818.8,2456.0,11865.31,6819.0,12311.52,5020.0,12330.33
4716.0,11666.35,1690.0,12918.11,45520.0,11604.01,2456.0,11801.08,6819.0,11850.31,5020.0,12300.16,9430.0,12331.86
1690.0,11629.67,45520.0,12865.37,2456.0,11575.25,6819.0,11791.53,5020.0,11841.98,9430.0,12295.94,6547.0,12331.5
45520.0,11629.26,2456.0,12868.72,6819.0,11546.23,5020.0,11750.77,9430.0,11776.85,6547.0,12256.69,4120.0,12283.19
2456.0,11408.25,6819.0,12763.83,5020.0,11484.56,9430.0,11697.76,6547.0,12012.09,4120.0,12686.91,8847.0,12713.18
6819.0,11380.19,5020.0,12662.1,9430.0,11532.86,6547.0,11826.27,4120.0,12162.09,8847.0,12739.18,38260.0,12803.45
5020.0,11461.16,9430.0,12687.96,6547.0,11660.89,4120.0,11987.37,8847.0,12301.92,38260.0,12714.99,9483.0,12811.35
9430.0,11592.31,6547.0,12787.36,4120.0,11783.79,8847.0,12105.02,38260.0,12357.79,9483.0,12630.41,6799.0,12741.15
6547.0,11706.91,4120.0,12916.22,8847.0,11854.86,38260.0,12135.73,9483.0,12338.43,6799.0,12561.36,47971.0,12664.49
4120.0,11783.34,8847.0,13011.66,38260.0,11871.66,9483.0,12111.11,6799.0,12260.57,47971.0,12484.26,1611.0,12571.47
8847.0,11821.32,38260.0,13072.17,9483.0,11836.93,6799.0,12033.92,47971.0,12126.92,1611.0,12396.16,1373.0,12460.11
38260.0,11796.52,9483.0,13078.29,6799.0,11767.76,47971.0,11934.78,1611.0,12016.75,1373.0,12371.4,6861.0,12413.85
9483.0,11607.66,6799.0,12994.82,47971.0,11661.58,1611.0,11816.72,1373.0,12102.24,6861.0,12671.95,8521.0,12698.37
6799.0,11528.48,47971.0,12864.33,1611.0,11650.82,1373.0,11876.48,6861.0,12203.0,8521.0,12744.58,21019.0,12797.58
47971.0,11522.41,1611.0,12748.48,1373.0,11738.79,6861.0,12060.38,8521.0,12379.38,21019.0,12730.11,8370.0,12836.06
1611.0,11516.14,1373.0,12831.99,6861.0,11830.39,8521.0,12120.96,21019.0,12604.11,8370.0,12985.61,36719.0,13095.23
1373.0,11630.74,6861.0,12879.87,8521.0,11944.15,21019.0,12259.2,8370.0,12666.0,36719.0,12894.56,4337.0,13028.58
6861.0,11787.46,8521.0,13008.5,21019.0,12036.54,8370.0,12325.11,36719.0,12617.81,4337.0,12733.12,2533.0,12866.76
8521.0,11900.03,21019.0,13134.46,8370.0,12064.98,36719.0,12302.88,4337.0,12507.14,2533.0,12600.45,1037.0,12715.1
21019.0,11946.7,8370.0,13216.47,36719.0,12025.52,4337.0,12208.24,2533.0,12353.17,1037.0,12504.75,9540.0,12589.97
8370.0,11881.76,36719.0,13218.29,4337.0,11927.61,2533.0,12068.67,1037.0,12252.94,9540.0,12553.26,2399.0,12608.86
36719.0,11815.83,4337.0,13147.79,2533.0,11846.18,1037.0,11997.83,9540.0,12178.07,2399.0,12542.6,4648.0,12590.59
4337.0,11662.08,2533.0,13029.01,1037.0,11802.05,9540.0,11989.65,2399.0,12331.92,4648.0,12778.67,5210.0,12838.14
2533.0,11654.18,1037.0,12957.85,9540.0,11820.8,2399.0,12059.61,4648.0,12376.83,5210.0,12750.31,122.0,12832.3
1037.0,11719.45,9540.0,12977.52,2399.0,11868.71,4648.0,12118.61,5210.0,12365.23,122.0,12644.61,3236.0,12737.04
9540.0,11760.47,2399.0,12949.54,4648.0,11920.12,5210.0,12207.67,122.0,12393.01,3236.0,12545.22,40174.0,12659.97
2399.0,11842.39,4648.0,13076.92,5210.0,11917.08,122.0,12137.72,3236.0,12267.18,40174.0,12459.3,17535.0,12545.0
4648.0,11869.7,5210.0,13129.87,122.0,11859.0,3236.0,12032.95,40174.0,12098.38,17535.0,12357.15,59790.0,12414.48
5210.0,11840.84,122.0,13122.78,3236.0,11772.62,40174.0,11918.52,17535.0,11952.53,59790.0,12298.4,6960.0,12332.37
122.0,11775.54,3236.0,13070.83,40174.0,11674.09,17535.0,11811.09,59790.0,11837.24,6960.0,12275.16,4990.0,12292.27
3236.0,11711.33,40174.0,12981.21,17535.0,11595.28,59790.0,11755.09,6960.0,11758.39,4990.0,12230.5,2719.0,12245.48
40174.0,11653.4,17535.0,12921.81,59790.0,11522.99,6960.0,11687.96,4990.0,11686.87,2719.0,12214.3,8780.0,12221.78
17535.0,11388.82,59790.0,12722.46,6960.0,11437.95,4990.0,11660.65,2719.0,11935.7,8780.0,12621.44,1433.0,12644.68
59790.0,11318.61,6960.0,12622.1,4990.0,11487.54,2719.0,11781.91,8780.0,12163.52,1433.0,12799.89,7215.0,12859.61
6960.0,11230.71,4990.0,12605.5,2719.0,11630.03,8780.0,11952.03,1433.0,12612.64,7215.0,13232.82,7048.0,13329.79
4990.0,11382.94,2719.0,12644.26,8780.0,11855.65,1433.0,12239.72,7215.0,12842.06,7048.0,13175.74,26382.0,13332.59
2719.0,11630.0,8780.0,12829.6,1433.0,12079.69,7215.0,12452.02,7048.0,12931.68,26382.0,13015.29,3128.0,13198.36
8780.0,11870.08,1433.0,13067.41,7215.0,12200.84,7048.0,12506.8,26382.0,12833.59,3128.0,12804.3,24553.0,12971.68
1433.0,12010.68,7215.0,13250.56,7048.0,12212.31,26382.0,12436.13,3128.0,12656.53,24553.0,12646.98,569.0,12777.89
7215.0,12075.01,7048.0,13347.18,26382.0,12146.37,3128.0,12302.33,24553.0,12415.88,569.0,12477.01,3759.0,12567.7
7048.0,12042.9,26382.0,13364.26,3128.0,12011.0,24553.0,12108.04,569.0,12170.14,3759.0,12378.45,40189.0,12425.94
26382.0,11945.54,3128.0,13296.35,24553.0,11853.85,569.0,11928.0,3759.0,11975.84,40189.0,12336.71,8846.0,12353.68
3128.0,11737.62,24553.0,13129.45,569.0,11703.93,3759.0,11806.19,40189.0,11987.03,8846.0,12521.09,33748.0,12530.74
24553.0,11628.68,569.0,12961.08,3759.0,11632.56,40189.0,11806.25,8846.0,11997.05,33748.0,12535.33,28176.0,12562.84
569.0,11459.9,3759.0,12729.7,40189.0,11619.21,8846.0,11907.2,33748.0,12222.56,28176.0,12707.58,8159.0,12782.86
3759.0,11549.08,40189.0,12765.17,8846.0,11718.66,33748.0,12029.2,28176.0,12291.04,8159.0,12639.89,655.0,12737.09
40189.0,11666.34,8846.0,12868.98,33748.0,11799.47,28176.0,12087.8,8159.0,12279.99,655.0,12540.97,3980.0,12639.04
8846.0,11623.51,33748.0,12936.26,28176.0,11804.64,8159.0,12042.84,655.0,12380.86,3980.0,12761.36,8856.0,12842.62
33748.0,11644.08,28176.0,12924.4,8159.0,11842.5,655.0,12106.69,3980.0,12434.52,8856.0,12761.96,2641.0,12857.91
28176.0,11629.96,8159.0,12953.98,655.0,11882.9,3980.0,12136.28,8856.0,12554.28,2641.0,12903.52,2919.0,13002.9
8159.0,11644.89,655.0,12967.37,3980.0,11952.03,8856.0,12219.05,2641.0,12684.46,2919.0,12987.74,38968.0,13103.92
655.0,11743.5,3980.0,13019.74,8856.0,12039.74,2641.0,12315.19,2919.0,12711.79,38968.0,12897.26,4212.0,13028.62
3980.0,11866.65,8856.0,13096.06,2641.0,12112.24,2919.0,12380.96,38968.0,12664.1,4212.0,12730.74,4854.0,12867.44
8856.0,11973.66,2641.0,13221.77,2919.0,12108.62,38968.0,12316.51,4212.0,12491.04,4854.0,12563.98,38533.0,12672.17
2641.0,11994.68,2919.0,13266.72,38968.0,12063.81,4212.0,12233.16,4854.0,12361.02,38533.0,12483.26,27335.0,12568.52
2919.0,11983.77,38968.0,13284.49,4212.0,11956.19,4854.0,12078.89,38533.0,12140.38,27335.0,12369.32,23498.0,12419.44
38968.0,11924.06,4212.0,13242.36,4854.0,11827.25,38533.0,11924.82,27335.0,11944.4,23498.0,12287.76,9030.0,12309.91
4212.0,11669.96,4854.0,13074.04,38533.0,11677.66,27335.0,11795.17,23498.0,12036.67,9030.0,12605.88,31314.0,12619.08
4854.0,11565.02,38533.0,12904.29,27335.0,11630.14,23498.0,11830.0,9030.0,12097.68,31314.0,12653.97,4300.0,12692.36
38533.0,11541.38,27335.0,12792.72,23498.0,11669.18,9030.0,11946.97,31314.0,12201.69,4300.0,12629.23,5821.0,12705.26
27335.0,11487.08,23498.0,12770.39,9030.0,11742.79,31314.0,12043.1,4300.0,12450.52,5821.0,12858.11,2345.0,12957.79
23498.0,11532.37,9030.0,12817.17,31314.0,11854.0,4300.0,12165.72,5821.0,12630.03,2345.0,12964.02,3624.0,13085.32
9030.0,11626.45,31314.0,12909.03,4300.0,11970.9,5821.0,12274.36,2345.0,12741.63,3624.0,12988.02,1765.0,13123.16
31314.0,11761.41,4300.0,13016.6,5821.0,12071.94,2345.0,12360.5,3624.0,12747.86,1765.0,12883.8,3448.0,13025.63
4300.0,11822.32,5821.0,13122.02,2345.0,12124.19,3624.0,12372.64,1765.0,12779.26,3448.0,12919.63,3229.0,13052.45
5821.0,11910.58,2345.0,13193.76,3624.0,12143.35,1765.0,12369.75,3448.0,12682.77,3229.0,12787.76,6025.0,12911.24
2345.0,11973.57,3624.0,13260.31,1765.0,12121.95,3448.0,12311.1,3229.0,12534.84,6025.0,12648.36,6832.0,12751.3
3624.0,12008.6,1765.0,13273.77,3448.0,12101.8,3229.0,12281.34,6025.0,12424.97,6832.0,12517.5,6668.0,12612.18
1765.0,12014.94,3448.0,13308.71,3229.0,12008.23,6025.0,12136.72,6832.0,12206.34,6668.0,12389.59,2053.0,12449.34
8532.0,11532.37,1435.0,12762.67,6701.0,11517.28,19280.0,11765.88,4356.0,11868.87,5725.0,12369.3,12387.0,12410.81
1435.0,11530.8,6701.0,12765.0,19280.0,11531.35,4356.0,11782.98,5725.0,11905.09,12387.0,12400.64,6776.0,12445.56
6701.0,11561.38,19280.0,12778.38,4356.0,11555.56,5725.0,11811.48,12387.0,11906.85,6776.0,12363.64,8910.0,12412.89
19280.0,11583.5,4356.0,12812.73,5725.0,11564.0,12387.0,11803.5,6776.0,11891.31,8910.0,12352.04,3060.0,12395.93
4356.0,11534.17,5725.0,12805.4,12387.0,11552.29,6776.0,11784.44,8910.0,11953.71,3060.0,12474.9,16536.0,12515.85
5725.0,11533.94,12387.0,12782.19,6776.0,11570.66,8910.0,11824.95,3060.0,11994.16,16536.0,12482.07,6485.0,12533.83
12387.0,11562.6,6776.0,12791.14,8910.0,11610.56,3060.0,11875.56,16536.0,12031.97,6485.0,12465.03,4585.0,12526.54
6776.0,11582.35,8910.0,12824.47,3060.0,11638.91,16536.0,11893.99,6485.0,12065.78,4585.0,12489.92,6398.0,12551.89
8910.0,11610.31,3060.0,12844.41,16536.0,11666.89,6485.0,11922.87,4585.0,12082.84,6398.0,12475.99,8143.0,12541.83
3060.0,11636.69,16536.0,12882.24,6485.0,11679.03,4585.0,11918.87,6398.0,12070.05,8143.0,12464.71,33416.0,12525.55
16536.0,11665.66,6485.0,12898.0,4585.0,11689.26,6398.0,11927.01,8143.0,12043.14,33416.0,12412.59,20656.0,12473.22
6485.0,11643.09,4585.0,12909.33,6398.0,11675.66,8143.0,11897.67,33416.0,12055.5,20656.0,12472.91,7605.0,12526.41
4585.0,11638.35,6398.0,12903.81,8143.0,11663.12,33416.0,11885.08,20656.0,12037.16,7605.0,12467.49,1137.0,12518.69
6398.0,11645.83,8143.0,12896.72,33416.0,11663.17,20656.0,11890.58,7605.0,12020.99,1137.0,12434.14,6135.0,12487.16
8143.0,11647.82,33416.0,12880.35,20656.0,11672.15,7605.0,11912.7,1137.0,12032.85,6135.0,12415.48,6260.0,12475.09
33416.0,11658.65,20656.0,12905.48,7605.0,11664.6,1137.0,11888.34,6135.0,12001.13,6260.0,12403.43,4731.0,12455.18
20656.0,11545.35,7605.0,12875.35,1137.0,11626.17,6135.0,11837.37,6260.0,12112.93,4731.0,12647.84,47161.0,12692.15
7605.0,11480.97,1137.0,12791.99,6135.0,11657.11,6260.0,11922.27,4731.0,12287.31,47161.0,12794.36,4621.0,12865.83
1137.0,11538.42,6135.0,12794.03,6260.0,11755.79,4731.0,12057.32,47161.0,12401.54,4621.0,12774.51,21175.0,12874.92
6135.0,11665.35,6260.0,12875.94,4731.0,11860.34,47161.0,12161.27,4621.0,12419.02,21175.0,12652.44,234.0,12765.86
6260.0,11780.72,4731.0,13000.75,47161.0,11909.59,4621.0,12165.94,21175.0,12346.76,234.0,12539.22,8377.0,12639.56
4731.0,11836.41,47161.0,13067.89,4621.0,11911.95,21175.0,12136.0,234.0,12265.35,8377.0,12459.26,73294.0,12545.66
47161.0,11861.08,4621.0,13118.23,21175.0,11863.99,234.0,12045.63,8377.0,12123.47,73294.0,12375.9,9363.0,12437.36
4621.0,11650.29,21175.0,13055.95,234.0,11739.87,8377.0,11885.68,73294.0,12209.82,9363.0,12737.83,15269.0,12771.86
21175.0,11577.9,234.0,12912.65,8377.0,11722.34,73294.0,11947.78,9363.0,12284.43,15269.0,12770.68,65773.0,12833.02
234.0,11566.74,8377.0,12877.4,73294.0,11780.44,9363.0,12041.16,15269.0,12422.28,65773.0,12839.02,54209.0,12925.91
8377.0,11636.5,73294.0,12856.76,9363.0,11873.13,15269.0,12184.05,65773.0,12493.4,54209.0,12734.45,4808.0,12854.68
73294.0,11750.45,9363.0,12956.27,15269.0,11958.4,65773.0,12250.51,54209.0,12497.54,4808.0,12644.84,7211.0,12768.4
9363.0,11598.54,15269.0,13001.53,65773.0,11955.04,54209.0,12185.63,4808.0,12758.45,7211.0,13136.46,927.0,13239.24
15269.0,11633.26,65773.0,12961.24,54209.0,12014.64,4808.0,12299.83,7211.0,12836.07,927.0,13112.09,6196.0,13244.28
65773.0,11749.42,54209.0,13037.5,4808.0,12126.18,7211.0,12413.68,927.0,12890.01,6196.0,13033.96,9184.0,13183.7
54209.0,11731.97,4808.0,13119.36,7211.0,12197.65,927.0,12447.37,6196.0,13089.66,9184.0,13291.2,9752.0,13438.88
4808.0,11760.8,7211.0,13161.86,927.0,12287.8,6196.0,12540.74,9184.0,13249.68,9752.0,13416.02,63860.0,13580.25
7211.0,11912.92,927.0,13206.83,6196.0,12423.71,9184.0,12706.89,9752.0,13278.81,63860.0,13228.86,1184.0,13426.86
927.0,12082.85,6196.0,13365.96,9184.0,12469.19,9752.0,12701.87,63860.0,13122.73,1184.0,13010.98,3997.0,13189.34
6196.0,12199.74,9184.0,13484.21,9752.0,12447.64,63860.0,12624.04,1184.0,12895.2,3997.0,12779.83,2407.0,12926.64
9184.0,12231.81,9752.0,13558.44,63860.0,12337.27,1184.0,12441.46,3997.0,12606.94,2407.0,12598.52,3035.0,12696.63
9752.0,12171.62,63860.0,13540.63,1184.0,12177.65,3997.0,12233.36,2407.0,12348.82,3035.0,12494.26,4377.0,12549.46
63860.0,12083.97,1184.0,13432.15,3997.0,12088.1,2407.0,12172.74,3035.0,12285.76,4377.0,12472.27,2754.0,12526.2
1184.0,11732.62,3997.0,13261.25,2407.0,11885.28,3035.0,11954.85,4377.0,12421.48,2754.0,12986.26,4971.0,13010.56
3997.0,11626.23,2407.0,13022.59,3035.0,11854.19,4377.0,12054.89,2754.0,12509.08,4971.0,12980.68,6631.0,13052.21
2407.0,11621.18,3035.0,12888.66,4377.0,11903.76,2754.0,12199.6,4971.0,12592.99,6631.0,12876.32,4784.0,12995.33
3035.0,11699.87,4377.0,12878.56,2754.0,12003.43,4971.0,12344.07,6631.0,12661.03,4784.0,12756.81,6406.0,12908.94
4377.0,11877.79,2754.0,13075.4,4971.0,12067.62,6631.0,12337.21,4784.0,12532.94,6406.0,12582.07,4677.0,12710.28
2754.0,11967.74,4971.0,13204.46,6631.0,12043.15,4784.0,12240.76,6406.0,12346.5,4677.0,12442.35,8766.0,12535.36
4971.0,11979.85,6631.0,13258.62,4784.0,11943.36,6406.0,12077.38,4677.0,12110.12,8766.0,12318.7,2789.0,12370.95
6631.0,11917.49,4784.0,13229.15,6406.0,11811.02,4677.0,11910.75,8766.0,11915.84,2789.0,12259.56,5749.0,12280.11
4784.0,11807.45,6406.0,13138.41,4677.0,11670.87,8766.0,11766.32,2789.0,11780.84,5749.0,12258.72,22327.0,12259.0
6406.0,11688.46,4677.0,13012.58,8766.0,11550.12,2789.0,11669.66,5749.0,11700.97,22327.0,12273.09,2276.0,12266.74
4677.0,11481.37,8766.0,12702.74,2789.0,11453.44,5749.0,11712.62,22327.0,11806.26,2276.0,12348.18,61333.0,12384.98
8766.0,11502.52,2789.0,12721.68,5749.0,11478.77,22327.0,11737.19,2276.0,11828.72,61333.0,12348.14,1946.0,12388.0
2789.0,11508.91,5749.0,12736.27,22327.0,11499.73,2276.0,11756.18,61333.0,11867.21,1946.0,12379.42,9204.0,12421.82
5749.0,11537.22,22327.0,12755.43,2276.0,11523.95,61333.0,11780.63,1946.0,11874.59,9204.0,12357.37,1568.0,12402.67
22327.0,11559.14,2276.0,12781.64,61333.0,11539.83,1946.0,11787.85,9204.0,11874.97,1568.0,12347.77,6811.0,12391.77
2276.0,11503.52,61333.0,12779.11,1946.0,11532.25,9204.0,11769.77,1568.0,11958.51,6811.0,12501.74,3367.0,12542.48
61333.0,11513.24,1946.0,12756.51,9204.0,11561.34,1568.0,11825.88,6811.0,12005.63,3367.0,12497.66,5774.0,12552.34
1946.0,11327.89,9204.0,12716.66,1568.0,11583.44,6811.0,11840.67,3367.0,12361.88,5774.0,13014.47,45115.0,13074.92
9204.0,11378.5,1568.0,12650.33,6811.0,11720.3,3367.0,12070.36,5774.0,12567.89,45115.0,13005.33,953.0,13123.09
1568.0,11550.5,6811.0,12769.81,3367.0,11907.23,5774.0,12262.82,45115.0,12694.3,953.0,12922.04,6715.0,13069.07
6811.0,11752.86,3367.0,12946.74,5774.0,12039.71,45115.0,12358.86,953.0,12665.86,6715.0,12749.8,6016.0,12897.64
3367.0,11899.47,5774.0,13119.66,45115.0,12081.94,953.0,12332.64,6715.0,12539.05,6016.0,12603.02,4656.0,12725.63
5774.0,11975.04,45115.0,13223.25,953.0,12051.8,6715.0,12242.03,6016.0,12359.14,4656.0,12463.89,1048.0,12555.25
45115.0,11973.51,953.0,13263.89,6715.0,11953.74,6016.0,12087.22,4656.0,12148.55,1048.0,12365.83,63932.0,12419.81
953.0,11731.46,6715.0,13165.84,6016.0,11784.37,4656.0,11886.31,1048.0,12183.89,63932.0,12707.04,6556.0,12728.99
6715.0,11640.86,6016.0,12983.61,4656.0,11745.8,1048.0,11943.74,63932.0,12237.49,6556.0,12710.65,78084.0,12764.01
6016.0,11648.19,4656.0,12941.71,1048.0,11773.36,63932.0,12005.56,6556.0,12272.72,78084.0,12668.06,9177.0,12739.6
4656.0,11616.64,1048.0,12812.12,63932.0,11812.12,6556.0,12130.09,78084.0,12382.26,9177.0,12632.6,2551.0,12746.04
1048.0,11745.91,63932.0,12952.45,6556.0,11872.4,78084.0,12142.46,9177.0,12315.18,2551.0,12519.35,6734.0,12619.7
63932.0,11829.7,6556.0,13045.6,78084.0,11878.44,9177.0,12105.57,2551.0,12196.49,6734.0,12395.32,37865.0,12477.2
6556.0,11584.96,78084.0,13015.0,9177.0,11766.44,2551.0,11932.2,6734.0,12368.95,37865.0,12907.93,1537.0,12954.99
78084.0,11528.8,9177.0,12869.7,2551.0,11783.08,6734.0,12044.33,37865.0,12495.53,1537.0,12953.32,59192.0,13040.09
9177.0,11395.92,2551.0,12841.02,6734.0,11887.31,37865.0,12161.35,1537.0,12929.12,59192.0,13435.76,5925.0,13549.27
2551.0,11533.63,6734.0,12846.13,37865.0,12076.98,1537.0,12420.74,59192.0,13100.24,5925.0,13334.21,2507.0,13506.81
6734.0,11735.43,37865.0,12946.03,1537.0,12271.36,59192.0,12634.89,5925.0,13177.11,2507.0,13142.09,5376.0,13352.64
37865.0,11980.4,1537.0,13202.56,59192.0,12369.92,5925.0,12654.73,2507.0,13035.33,5376.0,12918.93,14969.0,13103.96
1537.0,12037.97,59192.0,13359.68,5925.0,12356.62,2507.0,12556.48,5376.0,12953.01,14969.0,12944.57,4424.0,13090.24
59192.0,12094.04,5925.0,13411.56,2507.0,12306.91,5376.0,12474.69,14969.0,12762.48,4424.0,12783.09,4780.0,12904.06
5925.0,11919.91,2507.0,13375.08,5376.0,12194.97,14969.0,12321.67,4424.0,12814.42,4780.0,13074.89,60879.0,13166.1
2507.0,11886.02,5376.0,13269.36,14969.0,12156.02,4424.0,12335.44,4780.0,12773.43,60879.0,12999.37,4406.0,13105.04
5376.0,11946.53,14969.0,13247.88,4424.0,12187.2,4780.0,12398.64,60879.0,12726.19,4406.0,12825.73,46108.0,12948.0
14969.0,12008.36,4424.0,13304.3,4780.0,12163.16,60879.0,12341.65,4406.0,12570.24,46108.0,12665.79,9750.0,12769.56
4424.0,11946.61,4780.0,13205.0,60879.0,12129.85,4406.0,12349.41,46108.0,12582.41,9750.0,12653.26,28477.0,12770.43
4780.0,11991.52,60879.0,13269.88,4406.0,12082.74,46108.0,12256.59,9750.0,12412.72,28477.0,12533.36,2035.0,12622.93
60879.0,11983.65,4406.0,13287.56,46108.0,11986.37,9750.0,12117.57,28477.0,12211.92,2035.0,12426.2,967.0,12484.03
4406.0,11675.44,46108.0,13160.48,9750.0,11816.54,28477.0,11920.56,2035.0,12350.94,967.0,12916.18,970.0,12944.69
46108.0,11589.32,9750.0,12944.03,28477.0,11821.43,2035.0,12057.59,967.0,12489.3,970.0,12932.86,6428.0,13014.32
4960.0,11806.36,4962.0,13150.35,3056.0,11715.48,1813.0,11817.96,2896.0,11888.51,1777.0,12354.85,7752.0,12364.52
4962.0,11597.42,3056.0,12825.36,1813.0,11600.67,2896.0,11846.12,1777.0,11952.26,7752.0,12384.69,2186.0,12436.25
3056.0,11617.78,1813.0,12852.96,2896.0,11599.72,1777.0,11830.31,7752.0,11918.17,2186.0,12357.41,4395.0,12402.55
1813.0,11627.55,2896.0,12855.5,1777.0,11595.34,7752.0,11824.39,2186.0,11890.29,4395.0,12322.62,1370.0,12366.15
2896.0,11640.67,1777.0,12867.08,7752.0,11581.53,2186.0,11800.49,4395.0,11836.14,1370.0,12274.19,2849.0,12311.33
1777.0,11638.79,7752.0,12874.46,2186.0,11550.46,4395.0,11753.85,1370.0,11769.24,2849.0,12239.28,1845.0,12265.83
7752.0,11618.15,2186.0,12849.55,4395.0,11514.76,1370.0,11719.47,2849.0,11720.78,1845.0,12213.15,27817.0,12235.19
2186.0,11569.91,4395.0,12815.79,1370.0,11472.83,2849.0,11678.3,1845.0,11708.06,27817.0,12251.61,8777.0,12268.9
4395.0,11540.53,1370.0,12777.58,2849.0,11446.76,1845.0,11664.77,27817.0,11697.0,8777.0,12255.1,8923.0,12273.54
1370.0,11518.2,2849.0,12753.02,1845.0,11432.59,27817.0,11658.24,8777.0,11700.63,8923.0,12268.98,9289.0,12288.73
2849.0,11510.85,1845.0,12725.47,27817.0,11435.35,8777.0,11678.62,8923.0,11714.67,9289.0,12258.5,45898.0,12285.45
1845.0,11519.21,27817.0,12730.19,8777.0,11442.09,8923.0,11685.46,9289.0,11714.68,45898.0,12247.19,8896.0,12275.09
27817.0,11529.93,8777.0,12737.96,8923.0,11444.99,9289.0,11685.93,45898.0,11702.88,8896.0,12228.04,772.0,12255.2
8777.0,11423.55,8923.0,12715.64,9289.0,11412.41,45898.0,11638.85,8896.0,11817.61,772.0,12471.72,75366.0,12491.63
8923.0,11380.88,9289.0,12648.44,45898.0,11438.74,8896.0,11712.85,772.0,11948.68,75366.0,12570.55,5011.0,12613.09
9289.0,11412.02,45898.0,12646.48,8896.0,11527.44,772.0,11833.9,75366.0,12088.37,5011.0,12606.4,16334.0,12675.03
45898.0,11492.2,8896.0,12709.34,772.0,11630.39,75366.0,11940.21,5011.0,12184.22,16334.0,12599.04,18816.0,12683.56
8896.0,11446.38,772.0,12754.91,75366.0,11705.61,5011.0,11997.08,16334.0,12436.14,18816.0,12899.86,5681.0,12991.39
772.0,11525.54,75366.0,12786.15,5011.0,11815.91,16334.0,12135.96,18816.0,12552.49,5681.0,12890.18,4252.0,13008.16
75366.0,11677.54,5011.0,12893.12,16334.0,11935.73,18816.0,12248.81,5681.0,12566.69,4252.0,12755.52,7954.0,12885.84
5011.0,11567.15,16334.0,12964.59,18816.0,11976.26,5681.0,12229.71,4252.0,12851.84,7954.0,13216.36,7766.0,13332.66
16334.0,11651.61,18816.0,12959.37,5681.0,12071.32,4252.0,12374.13,7954.0,12922.53,7766.0,13137.51,1731.0,13286.29
18816.0,11790.51,5681.0,13073.28,4252.0,12182.48,7954.0,12469.32,7766.0,12946.2,1731.0,13042.92,3366.0,13200.84
5681.0,11908.84,4252.0,13181.56,7954.0,12263.0,7766.0,12526.26,1731.0,12939.14,3366.0,12954.86,2783.0,13113.8
4252.0,12025.15,7954.0,13300.27,7766.0,12277.08,1731.0,12493.09,3366.0,12793.19,2783.0,12789.31,642.0,12927.33
7954.0,12090.07,7766.0,13380.95,1731.0,12229.06,3366.0,12392.34,2783.0,12587.01,642.0,12621.28,5189.0,12727.99
7766.0,12081.99,1731.0,13404.67,3366.0,12126.39,2783.0,12241.51,642.0,12373.41,5189.0,12507.87,2707.0,12579.47
1731.0,12034.03,3366.0,13353.2,2783.0,12044.86,642.0,12159.84,5189.0,12265.1,2707.0,12451.48,814.0,12511.26
3366.0,11981.81,2783.0,13308.49,642.0,11919.88,5189.0,12014.74,2707.0,12065.03,814.0,12350.85,7769.0,12384.51
2783.0,11897.88,642.0,13234.58,5189.0,11781.19,2707.0,11863.58,814.0,11883.49,7769.0,12284.74,20811.0,12294.73
642.0,11730.14,5189.0,12983.99,2707.0,11647.92,814.0,11826.2,7769.0,11844.88,20811.0,12257.26,41823.0,12287.05
5189.0,11702.94,2707.0,12959.08,814.0,11582.99,7769.0,11751.46,20811.0,11740.42,41823.0,12204.51,2654.0,12221.24
2707.0,11635.04,814.0,12890.98,7769.0,11513.57,20811.0,11692.99,41823.0,11694.02,2654.0,12213.39,7074.0,12225.46
814.0,11575.59,7769.0,12811.17,20811.0,11468.82,41823.0,11677.18,2654.0,11687.93,7074.0,12222.94,5484.0,12240.36
7769.0,11557.15,20811.0,12784.61,41823.0,11442.65,2654.0,11656.94,7074.0,11657.0,5484.0,12204.28,667.0,12220.24
20811.0,11515.59,41823.0,12758.88,2654.0,11412.73,7074.0,11627.12,5484.0,11660.05,667.0,12250.84,46846.0,12263.54
41823.0,11409.36,2654.0,12692.15,7074.0,11385.83,5484.0,11617.9,667.0,11781.68,46846.0,12449.15,39920.0,12467.25
2654.0,11243.92,7074.0,12592.56,5484.0,11411.61,667.0,11686.17,46846.0,12115.09,39920.0,12858.14,9872.0,12900.58
7074.0,11294.96,5484.0,12544.43,667.0,11560.5,46846.0,11918.29,39920.0,12345.38,9872.0,12876.06,28507.0,12973.83
5484.0,11461.38,667.0,12657.3,46846.0,11755.83,39920.0,12124.76,9872.0,12497.26,28507.0,12808.56,8740.0,12938.73
667.0,11654.24,46846.0,12837.75,39920.0,11900.39,9872.0,12231.93,28507.0,12512.04,8740.0,12684.72,5762.0,12817.67
46846.0,11818.14,39920.0,13013.84,9872.0,11960.18,28507.0,12228.59,8740.0,12391.56,5762.0,12516.25,45451.0,12628.24
39920.0,11730.64,9872.0,13075.13,28507.0,11910.72,8740.0,12109.5,5762.0,12451.1,45451.0,12780.61,62697.0,12860.46
9872.0,11613.8,28507.0,13007.58,8740.0,11883.92,5762.0,12102.22,45451.0,12599.08,62697.0,13029.09,6108.0,13114.2
28507.0,11642.25,8740.0,12964.59,5762.0,11951.62,45451.0,12220.3,62697.0,12688.4,6108.0,13000.44,4988.0,13116.51
8740.0,11703.46,5762.0,13016.86,45451.0,12048.17,62697.0,12319.27,6108.0,12798.74,4988.0,13024.49,3148.0,13157.02
5762.0,11812.32,45451.0,13080.26,62697.0,12131.65,6108.0,12405.17,4988.0,12801.14,3148.0,12908.66,9110.0,13052.98
45451.0,11911.39,62697.0,13136.95,6108.0,12201.25,4988.0,12474.62,3148.0,12784.93,9110.0,12782.41,4399.0,12935.33
62697.0,11896.5,6108.0,13243.12,4988.0,12174.75,3148.0,12373.64,9110.0,12781.82,4399.0,12928.84,1426.0,13047.76
6108.0,11759.21,4988.0,13205.85,3148.0,12145.19,9110.0,12336.43,4399.0,12956.75,1426.0,13257.11,9887.0,13370.7
4988.0,11806.62,3148.0,13159.19,9110.0,12198.76,4399.0,12442.32,1426.0,12981.94,9887.0,13154.23,8929.0,13296.81
3148.0,11922.96,9110.0,13223.43,4399.0,12258.6,1426.0,12497.75,9887.0,12916.7,8929.0,12975.66,4558.0,13123.53
9110.0,12017.23,4399.0,13279.38,1426.0,12274.67,9887.0,12499.9,8929.0,12793.62,4558.0,12779.42,77.0,12921.32
4399.0,12067.9,1426.0,13336.23,9887.0,12250.88,8929.0,12442.72,4558.0,12661.29,77.0,12655.64,50775.0,12778.56
1426.0,12097.91,9887.0,13396.44,8929.0,12167.92,4558.0,12302.94,77.0,12434.53,50775.0,12511.27,8441.0,12596.91
9887.0,12087.84,8929.0,13390.84,4558.0,12080.57,77.0,12189.86,50775.0,12251.16,8441.0,12388.51,922.0,12450.19
8929.0,12002.38,4558.0,13350.02,77.0,11926.66,50775.0,11998.32,8441.0,12047.25,922.0,12346.54,3172.0,12372.45
4558.0,11868.65,77.0,13237.47,50775.0,11763.7,8441.0,11834.37,922.0,11899.7,3172.0,12353.62,9955.0,12357.34
77.0,11717.71,50775.0,13042.66,8441.0,11624.96,922.0,11755.28,3172.0,11826.96,9955.0,12346.02,9589.0,12354.24
50775.0,11575.15,8441.0,12788.35,922.0,11553.62,3172.0,11804.52,9955.0,11878.46,9589.0,12330.97,9268.0,12377.52
8441.0,11393.22,922.0,12752.42,3172.0,11524.47,9955.0,11753.75,9589.0,12123.83,9268.0,12775.56,8139.0,12814.55
922.0,11374.08,3172.0,12662.12,9955.0,11598.58,9589.0,11909.28,9268.0,12317.28,8139.0,12854.69,5605.0,12936.72
3172.0,11498.84,9955.0,12715.38,9589.0,11748.2,9268.0,12087.99,8139.0,12431.48,5605.0,12770.13,4916.0,12885.07
9955.0,11660.45,9589.0,12847.35,9268.0,11875.03,8139.0,12195.82,5605.0,12448.81,4916.0,12642.77,7057.0,12766.23
9589.0,11781.69,9268.0,12997.18,8139.0,11927.86,5605.0,12191.55,4916.0,12382.97,7057.0,12554.7,11474.0,12660.67
9268.0,11836.02,8139.0,13091.68,5605.0,11908.97,4916.0,12117.6,7057.0,12266.01,11474.0,12489.77,5947.0,12569.5
8139.0,11830.24,5605.0,13109.07,4916.0,11860.61,7057.0,12043.1,11474.0,12173.27,5947.0,12458.06,8927.0,12520.05
5605.0,11799.66,4916.0,13090.96,7057.0,11799.6,11474.0,11970.01,5947.0,12088.38,8927.0,12434.44,3573.0,12482.9
4916.0,11762.73,7057.0,13055.54,11474.0,11735.73,5947.0,11902.43,8927.0,12003.15,3573.0,12400.97,5869.0,12438.94
7057.0,11725.87,11474.0,13017.77,5947.0,11676.66,8927.0,11841.89,3573.0,11926.44,5869.0,12369.01,303.0,12398.29
11474.0,11621.98,5947.0,12849.62,8927.0,11635.83,3573.0,11880.26,5869.0,11990.88,303.0,12394.8,3022.0,12450.97
5947.0,11616.79,8927.0,12863.04,3573.0,11633.83,5869.0,11868.4,303.0,11999.56,3022.0,12425.99,9862.0,12478.34
8927.0,11621.49,3573.0,12872.55,5869.0,11625.12,303.0,11852.33,3022.0,11974.86,9862.0,12415.44,87.0,12463.17
3573.0,11612.09,5869.0,12870.47,303.0,11616.06,3022.0,11839.96,9862.0,11970.68,87.0,12427.34,538.0,12472.71
5869.0,11617.17,303.0,12856.17,3022.0,11620.17,9862.0,11855.36,87.0,11967.28,538.0,12398.78,56023.0,12448.83
303.0,11626.46,3022.0,12860.88,9862.0,11623.41,87.0,11857.62,538.0,11957.29,56023.0,12378.32,8063.0,12428.38
3022.0,11652.53,9862.0,12872.29,87.0,11624.32,538.0,11855.56,56023.0,11912.9,8063.0,12312.96,4796.0,12361.11
9862.0,11665.76,87.0,12890.27,538.0,11607.1,56023.0,11822.85,8063.0,11851.73,4796.0,12265.43,8719.0,12304.76
87.0,11630.94,538.0,12886.66,56023.0,11561.52,8063.0,11759.33,4796.0,11811.88,8719.0,12296.51,6755.0,12323.14
538.0,11610.78,56023.0,12855.02,8063.0,11526.05,4796.0,11730.62,8719.0,11763.61,6755.0,12266.33,8831.0,12290.06
56023.0,11598.7,8063.0,12829.92,4796.0,11500.76,8719.0,11711.01,6755.0,11721.7,8831.0,12228.18,6560.0,12250.44
8063.0,11324.15,4796.0,12721.06,8719.0,11426.74,6755.0,11632.59,8831.0,12017.6,6560.0,12789.25,4507.0,12805.26
4796.0,11269.46,8719.0,12572.09,6755.0,11503.68,8831.0,11824.69,6560.0,12272.64,4507.0,12907.09,76448.0,12980.35
8719.0,11391.46,6755.0,12605.84,8831.0,11696.43,6560.0,12068.92,4507.0,12479.86,76448.0,12863.65,3740.0,12986.76
6755.0,11581.2,8831.0,12771.17,6560.0,11869.73,4507.0,12220.52,76448.0,12558.16,3740.0,12768.74,637.0,12906.48
8831.0,11751.36,6560.0,12947.75,4507.0,11971.92,76448.0,12272.7,3740.0,12521.85,637.0,12648.08,17389.0,12777.22
6560.0,11858.08,4507.0,13093.8,76448.0,11985.38,3740.0,12218.6,637.0,12396.31,17389.0,12544.23,1329.0,12645.38
4507.0,11892.84,76448.0,13160.37,3740.0,11938.51,637.0,12122.04,17389.0,12244.28,1329.0,12456.44,6095.0,12529.47
76448.0,11884.2,3740.0,13165.97,637.0,11869.74,17389.0,12026.8,1329.0,12105.31,6095.0,12381.63,6081.0,12433.69
3740.0,11500.14,637.0,13022.4,17389.0,11708.32,1329.0,11834.16,6095.0,12383.81,6081.0,13080.87,8782.0,13104.16
637.0,11419.14,17389.0,12796.14,1329.0,11743.56,6095.0,12016.79,6081.0,12579.06,8782.0,13124.89,6265.0,13212.6
17389.0,11499.83,1329.0,12714.45,6095.0,11915.75,6081.0,12295.23,8782.0,12781.36,6265.0,13007.69,17251.0,13167.34
1329.0,11703.55,6095.0,12915.65,6081.0,12081.2,8782.0,12419.08,6265.0,12831.62,17251.0,12914.23,8102.0,13078.84
6095.0,11894.62,6081.0,13108.0,8782.0,12160.68,6265.0,12438.46,17251.0,12716.36,8102.0,12725.86,1070.0,12872.65
6081.0,12002.98,8782.0,13248.34,6265.0,12153.62,17251.0,12362.33,8102.0,12541.19,1070.0,12575.21,9468.0,12689.63
1824.0,11716.2,4582.0,13054.17,6147.0,11817.59,8568.0,12004.38,40669.0,12275.58,7509.0,12684.92,2264.0,12743.52
4582.0,11705.74,6147.0,12930.84,8568.0,11861.68,40669.0,12137.12,7509.0,12363.22,2264.0,12606.81,1461.0,12707.99
6147.0,11791.72,8568.0,13021.98,40669.0,11884.46,7509.0,12123.07,2264.0,12276.76,1461.0,12496.81,7238.0,12584.93
8568.0,11831.73,40669.0,13088.68,7509.0,11854.59,2264.0,12047.64,1461.0,12149.76,7238.0,12413.47,67414.0,12478.3
40669.0,11808.51,7509.0,13091.54,2264.0,11788.53,1461.0,11955.02,7238.0,12043.24,67414.0,12383.91,7887.0,12429.04
7509.0,11614.53,2264.0,12970.02,1461.0,11723.19,7238.0,11914.64,67414.0,12223.32,7887.0,12709.13,5612.0,12759.09
2264.0,11576.56,1461.0,12885.8,7238.0,11727.77,67414.0,11972.0,7887.0,12294.36,5612.0,12744.01,56581.0,12815.04
1461.0,11635.11,7238.0,12891.12,67414.0,11789.94,7887.0,12057.61,5612.0,12324.46,56581.0,12664.93,8716.0,12753.75
7238.0,11731.8,67414.0,12963.27,7887.0,11842.18,5612.0,12094.53,56581.0,12277.23,8716.0,12538.5,34555.0,12627.12
67414.0,11745.85,7887.0,12941.2,5612.0,11874.05,56581.0,12150.81,8716.0,12314.25,34555.0,12502.01,6576.0,12605.48
7887.0,11559.96,5612.0,12968.22,56581.0,11821.83,8716.0,12029.22,34555.0,12526.88,6576.0,13004.32,667.0,13077.25
5612.0,11549.4,56581.0,12878.71,8716.0,11863.52,34555.0,12144.7,6576.0,12636.8,667.0,13023.64,19454.0,13131.26
56581.0,11662.77,8716.0,12926.68,34555.0,11981.67,6576.0,12283.66,667.0,12701.29,19454.0,12922.08,247.0,13055.42
8716.0,11659.88,34555.0,13012.64,6576.0,12064.41,667.0,12331.95,19454.0,12901.26,247.0,13156.22,7196.0,13290.52
34555.0,11770.31,6576.0,13065.31,667.0,12157.26,19454.0,12439.37,247.0,12927.15,7196.0,13056.37,7586.0,13208.74
6576.0,11837.64,667.0,13127.92,19454.0,12261.01,247.0,12541.94,7196.0,13045.42,7586.0,13088.05,5714.0,13257.01
667.0,11976.72,19454.0,13253.82,247.0,12311.26,7196.0,12555.92,7586.0,12944.04,5714.0,12929.38,16967.0,13086.96
19454.0,12084.95,247.0,13363.28,7196.0,12293.17,7586.0,12485.2,5714.0,12736.46,16967.0,12720.68,4209.0,12849.75
247.0,12077.18,7196.0,13415.66,7586.0,12202.23,5714.0,12333.42,16967.0,12559.02,4209.0,12665.03,5277.0,12755.61
7196.0,12058.13,7586.0,13392.21,5714.0,12096.89,16967.0,12207.61,4209.0,12349.29,5277.0,12523.68,5434.0,12589.18
7586.0,12003.25,5714.0,13301.76,16967.0,12032.83,4209.0,12172.53,5277.0,12284.37,5434.0,12459.02,5889.0,12527.09
5714.0,11950.88,16967.0,13275.6,4209.0,11918.01,5277.0,12029.29,5434.0,12113.04,5889.0,12400.29,6082.0,12440.88
16967.0,11868.94,4209.0,13203.26,5277.0,11794.75,5434.0,11899.39,5889.0,11966.68,6082.0,12359.91,499.0,12380.97
4209.0,11701.14,5277.0,13014.84,5434.0,11684.34,5889.0,11850.45,6082.0,11990.37,499.0,12451.48,41374.0,12483.27
5277.0,11650.88,5434.0,12939.9,5889.0,11641.67,6082.0,11835.55,499.0,11972.7,41374.0,12446.42,7375.0,12482.94
5434.0,11611.88,5889.0,12845.11,6082.0,11644.87,499.0,11894.05,41374.0,12030.6,7375.0,12438.91,8573.0,12498.38
5889.0,11641.66,6082.0,12872.68,499.0,11658.45,41374.0,11898.62,7375.0,12011.39,8573.0,12402.7,5474.0,12460.1
6082.0,11661.52,499.0,12905.39,41374.0,11649.38,7375.0,11868.63,8573.0,11960.58,5474.0,12370.1,67477.0,12417.56
499.0,11648.81,41374.0,12880.79,7375.0,11642.59,8573.0,11873.64,5474.0,11963.67,67477.0,12364.08,4265.0,12415.38
41374.0,11671.7,7375.0,12905.53,8573.0,11622.53,5474.0,11834.99,67477.0,11880.81,4265.0,12296.16,3101.0,12336.33
7375.0,11495.03,8573.0,12850.14,5474.0,11552.72,67477.0,11746.89,4265.0,12028.07,3101.0,12646.04,1462.0,12673.52
8573.0,11441.87,5474.0,12737.51,67477.0,11578.36,4265.0,11848.36,3101.0,12169.91,1462.0,12722.43,6428.0,12783.4
5474.0,11494.85,67477.0,12741.38,4265.0,11679.31,3101.0,11984.05,1462.0,12296.47,6428.0,12715.83,3257.0,12805.79
67477.0,11597.78,4265.0,12799.95,3101.0,11792.38,1462.0,12109.47,6428.0,12371.34,3257.0,12646.15,2959.0,12756.72
4265.0,11492.14,3101.0,12864.01,1462.0,11840.71,6428.0,12106.54,3257.0,12666.41,2959.0,13099.74,2642.0,13201.17
3101.0,11570.83,1462.0,12856.36,6428.0,11947.25,3257.0,12266.48,2959.0,12771.81,2642.0,13048.98,7575.0,13186.17
1462.0,11735.88,6428.0,12972.1,3257.0,12074.55,2959.0,12385.51,2642.0,12782.22,7575.0,12899.88,3517.0,13050.51
6428.0,11899.08,3257.0,13123.72,2959.0,12139.93,2642.0,12404.63,7575.0,12670.18,3517.0,12708.53,7249.0,12846.05
3257.0,11994.56,2959.0,13249.12,2642.0,12125.31,7575.0,12324.28,3517.0,12494.64,7249.0,12559.84,1926.0,12665.97
2959.0,12023.65,2642.0,13312.16,7575.0,12042.27,3517.0,12180.48,7249.0,12267.15,1926.0,12420.36,1286.0,12488.64
2642.0,11993.15,7575.0,13270.52,3517.0,11973.46,7249.0,12111.68,1926.0,12157.0,1286.0,12342.91,52701.0,12401.08
7575.0,11947.99,3517.0,13251.83,7249.0,11848.3,1926.0,11950.26,1286.0,11949.01,52701.0,12254.96,8812.0,12281.2
3517.0,11840.2,7249.0,13172.94,1926.0,11701.86,1286.0,11789.57,52701.0,11796.67,8812.0,12250.12,3568.0,12251.52
7249.0,11723.22,1926.0,13052.89,1286.0,11571.32,52701.0,11676.26,8812.0,11691.42,3568.0,12250.68,2599.0,12241.31
1926.0,11494.99,1286.0,12724.62,52701.0,11450.49,8812.0,11696.73,3568.0,11778.85,2599.0,12330.46,5906.0,12361.52
1286.0,11510.04,52701.0,12724.84,8812.0,11469.8,3568.0,11724.68,2599.0,11795.26,5906.0,12315.45,4811.0,12352.22
52701.0,11541.65,8812.0,12748.03,3568.0,11489.38,2599.0,11740.19,5906.0,11785.02,4811.0,12276.98,45748.0,12314.4
8812.0,11335.98,3568.0,12708.13,2599.0,11448.7,5906.0,11672.62,4811.0,12045.8,45748.0,12772.08,3388.0,12798.43
3568.0,11300.35,2599.0,12590.18,5906.0,11531.71,4811.0,11855.11,45748.0,12284.38,3388.0,12879.24,930.0,12957.44
2599.0,11428.22,5906.0,12643.07,4811.0,11707.7,45748.0,12067.76,3388.0,12450.08,930.0,12822.32,3499.0,12941.1
5906.0,11616.89,4811.0,12799.24,45748.0,11861.44,3388.0,12199.91,930.0,12484.32,3499.0,12688.2,5366.0,12818.04
4811.0,11773.83,45748.0,12972.47,3388.0,11937.77,930.0,12217.9,3499.0,12411.97,5366.0,12559.75,9150.0,12674.01
45748.0,11862.6,3388.0,13087.92,930.0,11940.33,3499.0,12164.31,5366.0,12284.1,9150.0,12447.78,4468.0,12537.62
3388.0,11717.07,930.0,13092.35,3499.0,11844.43,5366.0,12010.73,9150.0,12332.32,4468.0,12744.45,692.0,12801.15
930.0,11676.77,3499.0,12997.08,5366.0,11823.33,9150.0,12042.67,4468.0,12350.33,692.0,12737.22,8348.0,12810.52
3499.0,11720.02,5366.0,12991.16,9150.0,11850.18,4468.0,12087.16,692.0,12327.04,8348.0,12635.12,939.0,12718.62
5366.0,11783.29,9150.0,13038.69,4468.0,11866.8,692.0,12087.4,8348.0,12255.05,939.0,12521.35,57627.0,12599.79
9150.0,11758.04,4468.0,12961.56,692.0,11863.76,8348.0,12127.22,939.0,12274.5,57627.0,12477.85,4085.0,12573.76
4468.0,11804.17,692.0,13042.53,8348.0,11852.1,939.0,12068.95,57627.0,12183.79,4085.0,12427.24,4783.0,12501.97
692.0,11812.4,8348.0,13074.74,939.0,11796.62,57627.0,11977.77,4085.0,12052.08,4783.0,12362.06,2345.0,12413.8
8348.0,11797.26,939.0,13066.54,57627.0,11723.02,4085.0,11883.09,4783.0,11909.61,2345.0,12281.63,76688.0,12314.11
939.0,11730.78,57627.0,13023.64,4085.0,11633.69,4783.0,11781.19,2345.0,11818.31,76688.0,12286.36,39256.0,12302.38
57627.0,11673.14,4085.0,12954.67,4783.0,11558.66,2345.0,11717.49,76688.0,11739.66,39256.0,12257.16,2771.0,12267.13
4085.0,11315.6,4783.0,12698.68,2345.0,11467.75,76688.0,11699.36,39256.0,12121.03,2771.0,12847.4,8167.0,12880.01
4783.0,11304.33,2345.0,12588.62,76688.0,11562.93,39256.0,11896.45,2771.0,12344.2,8167.0,12912.04,23760.0,12998.92
2345.0,11446.58,76688.0,12662.29,39256.0,11744.95,2771.0,12105.99,8167.0,12501.7,23760.0,12847.54,1582.0,12972.2
76688.0,11641.33,39256.0,12825.12,2771.0,11897.64,8167.0,12234.03,23760.0,12525.12,1582.0,12703.69,75604.0,12837.84
39256.0,11538.6,2771.0,12921.15,8167.0,11950.32,23760.0,12216.7,1582.0,12829.74,75604.0,13193.03,4334.0,13310.89
2771.0,11567.82,8167.0,12924.38,23760.0,12062.22,1582.0,12367.7,75604.0,13040.31,4334.0,13318.59,7307.0,13469.87
8167.0,11746.06,23760.0,13023.57,1582.0,12216.44,75604.0,12531.03,4334.0,13081.28,7307.0,13159.15,41736.0,13337.02
23760.0,11928.44,1582.0,13186.79,75604.0,12306.56,4334.0,12579.66,7307.0,12997.04,41736.0,12971.63,824.0,13141.89
1582.0,12020.64,75604.0,13322.32,4334.0,12319.25,7307.0,12531.03,41736.0,12898.1,824.0,12897.27,754.0,13041.73
75604.0,12093.64,4334.0,13398.85,7307.0,12276.58,41736.0,12442.95,824.0,12691.86,754.0,12715.96,9510.0,12831.88
4334.0,11861.55,7307.0,13305.55,41736.0,12233.73,824.0,12399.91,754.0,12976.36,9510.0,13195.51,3692.0,13310.94
7307.0,11868.98,41736.0,13234.44,824.0,12222.87,754.0,12438.86,9510.0,12940.05,3692.0,13103.32,1777.0,13234.71
41736.0,11943.74,824.0,13264.46,754.0,12248.66,9510.0,12465.46,3692.0,12868.87,1777.0,12954.8,475.0,13089.42
824.0,11920.6,754.0,13300.8,9510.0,12233.97,3692.0,12419.08,1777.0,12885.55,475.0,13041.81,7732.0,13163.02
754.0,11930.54,9510.0,13210.89,3692.0,12238.69,1777.0,12482.79,475.0,12856.69,7732.0,12897.77,3159.0,13043.19
9510.0,12031.86,3692.0,13277.56,1777.0,12269.57,475.0,12497.74,7732.0,12754.8,3159.0,12719.66,6503.0,12860.56
3692.0,12086.73,1777.0,13378.27,475.0,12204.17,7732.0,12360.61,3159.0,12534.31,6503.0,12581.97,4421.0,12681.88
5486.0,12044.13,4058.0,13316.1,1690.0,12076.5,54987.0,12225.53,7433.0,12305.8,5542.0,12411.56,659.0,12488.88
4058.0,12001.29,1690.0,13317.97,54987.0,11936.91,7433.0,12033.42,5542.0,12067.27,659.0,12322.48,36033.0,12358.99
1690.0,11906.0,54987.0,13245.13,7433.0,11780.5,5542.0,11857.4,659.0,11869.33,36033.0,12270.44,855.0,12277.96
54987.0,11798.77,7433.0,13132.71,5542.0,11640.91,659.0,11727.4,36033.0,11723.84,855.0,12230.62,4635.0,12223.12
7433.0,11318.01,5542.0,12708.94,659.0,11433.36,36033.0,11648.55,855.0,12042.73,4635.0,12804.26,4925.0,12825.1
5542.0,11277.35,659.0,12567.02,36033.0,11524.78,855.0,11856.23,4635.0,12303.86,4925.0,12907.02,12632.0,12987.86
659.0,11412.01,36033.0,12626.89,855.0,11715.24,4635.0,12083.65,4925.0,12489.9,12632.0,12858.7,7581.0,12982.76
36033.0,11616.46,855.0,12791.57,4635.0,11881.46,4925.0,12229.36,12632.0,12525.44,7581.0,12707.97,649.0,12845.03
855.0,11690.2,4635.0,12956.72,4925.0,11953.42,12632.0,12231.85,7581.0,12592.08,649.0,12812.62,1268.0,12932.21
4635.0,11790.35,4925.0,13036.62,12632.0,11995.49,7581.0,12257.19,649.0,12531.48,1268.0,12699.28,3773.0,12814.8
4925.0,11870.97,12632.0,13122.59,7581.0,11999.7,649.0,12222.86,1268.0,12415.1,3773.0,12575.81,5053.0,12674.22
12632.0,11909.44,7581.0,13177.24,649.0,11960.61,1268.0,12143.24,3773.0,12267.8,5053.0,12466.26,6533.0,12541.59
7581.0,11873.44,649.0,13182.38,1268.0,11876.29,3773.0,12022.8,5053.0,12143.14,6533.0,12447.89,3348.0,12497.41
649.0,11812.65,1268.0,13134.12,3773.0,11784.24,5053.0,11922.87,6533.0,12036.08,3348.0,12428.34,4508.0,12461.96
1268.0,11739.75,3773.0,12979.5,5053.0,11744.59,6533.0,11959.47,3348.0,12049.24,4508.0,12380.31,1721.0,12438.6
3773.0,11757.18,5053.0,12997.69,6533.0,11712.57,3348.0,11907.56,4508.0,11945.9,1721.0,12296.03,24380.0,12341.26
5053.0,11741.23,6533.0,12997.82,3348.0,11652.72,4508.0,11824.93,1721.0,11837.04,24380.0,12247.4,2140.0,12275.35
6533.0,11692.5,3348.0,12970.17,4508.0,11573.87,1721.0,11730.15,24380.0,11740.68,2140.0,12237.08,2261.0,12248.26
3348.0,11588.33,4508.0,12827.88,1721.0,11520.14,24380.0,11736.54,2140.0,11785.54,2261.0,12286.42,46170.0,12314.61
4508.0,11571.56,1721.0,12814.61,24380.0,11493.08,2140.0,11707.1,2261.0,11753.15,46170.0,12281.77,9818.0,12305.1
1721.0,11549.55,24380.0,12789.86,2140.0,11475.13,2261.0,11695.7,46170.0,11747.42,9818.0,12288.51,4445.0,12312.12
24380.0,11544.5,2140.0,12771.97,2261.0,11469.13,46170.0,11698.37,9818.0,11738.77,4445.0,12270.21,3834.0,12296.23
2140.0,11444.99,2261.0,12721.12,46170.0,11450.67,9818.0,11689.62,4445.0,11867.25,3834.0,12474.65,4280.0,12504.71
2261.0,11443.76,46170.0,12675.64,9818.0,11492.86,4445.0,11776.46,3834.0,11960.65,4280.0,12495.12,7647.0,12548.15
46170.0,11509.51,9818.0,12716.8,4445.0,11560.73,3834.0,11849.06,4280.0,12000.04,7647.0,12450.29,32789.0,12514.1
9818.0,11411.03,4445.0,12738.19,3834.0,11585.96,4280.0,11847.09,7647.0,12229.53,32789.0,12801.2,3019.0,12861.94
4445.0,11435.3,3834.0,12707.8,4280.0,11678.01,7647.0,11993.16,32789.0,12393.17,3019.0,12849.14,1625.0,12944.56
3834.0,11561.37,4280.0,12781.71,7647.0,11814.8,32789.0,12143.2,3019.0,12482.78,1625.0,12771.42,14036.0,12891.26
4280.0,11712.61,7647.0,12914.11,32789.0,11918.25,3019.0,12219.4,1625.0,12468.42,14036.0,12644.26,925.0,12765.64
7647.0,11832.54,32789.0,13050.3,3019.0,11952.2,1625.0,12198.7,14036.0,12358.28,925.0,12512.16,8987.0,12613.7
32789.0,11877.9,3019.0,13132.95,1625.0,11917.49,14036.0,12108.84,925.0,12216.28,8987.0,12428.27,5434.0,12501.52
3019.0,11754.05,1625.0,13115.2,14036.0,11810.73,925.0,11959.62,8987.0,12198.22,5434.0,12617.26,56971.0,12661.05
1625.0,11709.16,14036.0,13009.88,925.0,11793.13,8987.0,12000.42,5434.0,12226.4,56971.0,12604.53,9154.0,12667.98
14036.0,11730.41,925.0,13000.01,8987.0,11790.03,5434.0,12005.0,56971.0,12175.34,9154.0,12518.01,7986.0,12583.36
925.0,11721.33,8987.0,13009.26,5434.0,11771.49,56971.0,11971.61,9154.0,12148.67,7986.0,12521.3,3321.0,12578.96
8987.0,11691.5,5434.0,12905.82,56971.0,11772.29,9154.0,12034.0,7986.0,12182.43,3321.0,12471.13,48137.0,12553.46
5434.0,11731.41,56971.0,12964.66,9154.0,11778.21,7986.0,12010.72,3321.0,12135.39,48137.0,12433.7,9773.0,12504.75
56971.0,11748.76,9154.0,12999.22,7986.0,11749.44,3321.0,11954.26,48137.0,12047.17,9773.0,12383.93,4186.0,12439.14
9154.0,11507.04,7986.0,12927.2,3321.0,11657.72,48137.0,11835.31,9773.0,12253.5,4186.0,12869.68,5837.0,12906.29
7986.0,11451.27,3321.0,12785.82,48137.0,11696.28,9773.0,11971.17,4186.0,12423.84,5837.0,12942.57,8405.0,13023.65
3321.0,11540.12,48137.0,12799.98,9773.0,11831.62,4186.0,12148.64,5837.0,12560.78,8405.0,12890.39,3454.0,13009.08
48137.0,11673.05,9773.0,12863.39,4186.0,11968.27,5837.0,12305.06,8405.0,12632.13,3454.0,12768.45,3444.0,12914.31
9773.0,11705.19,4186.0,13012.2,5837.0,12028.7,8405.0,12295.18,3454.0,12742.57,3444.0,12957.56,73105.0,13084.69
4186.0,11783.5,5837.0,13073.13,8405.0,12071.54,3454.0,12330.76,3444.0,12722.64,73105.0,12894.57,802.0,13022.3
5837.0,11885.34,8405.0,13146.84,3454.0,12119.29,3444.0,12363.89,73105.0,12661.99,802.0,12759.46,8580.0,12886.06
8405.0,11959.55,3454.0,13232.15,3444.0,12102.25,73105.0,12301.11,802.0,12508.56,8580.0,12618.28,4062.0,12721.66
3454.0,11976.58,3444.0,13272.7,73105.0,12042.72,802.0,12200.18,8580.0,12351.02,4062.0,12521.37,8705.0,12598.66
3444.0,11959.56,73105.0,13268.01,802.0,11950.33,8580.0,12078.32,4062.0,12169.36,8705.0,12416.93,1096.0,12468.63
73105.0,11896.75,802.0,13159.05,8580.0,11888.86,4062.0,12057.7,8705.0,12122.23,1096.0,12360.16,61863.0,12419.5
802.0,11543.19,8580.0,13037.44,4062.0,11737.22,8705.0,11870.39,1096.0,12376.7,61863.0,13014.64,71773.0,13044.76
8580.0,11471.34,4062.0,12828.67,8705.0,11760.93,1096.0,12029.8,61863.0,12535.35,71773.0,13038.64,5559.0,13125.8
4062.0,11567.99,8705.0,12844.62,1096.0,11900.36,61863.0,12211.98,71773.0,12667.15,5559.0,12969.48,3965.0,13095.72
8705.0,11679.72,1096.0,12869.98,61863.0,12027.5,71773.0,12375.39,5559.0,12746.0,3965.0,12843.29,2594.0,13003.19
1096.0,11856.23,61863.0,13063.09,71773.0,12114.01,5559.0,12399.72,3965.0,12670.77,2594.0,12704.27,8251.0,12847.76
61863.0,11980.97,71773.0,13213.81,5559.0,12110.69,3965.0,12324.9,2594.0,12476.86,8251.0,12526.14,6800.0,12636.15
71773.0,11777.55,5559.0,13206.63,3965.0,11990.84,2594.0,12136.3,8251.0,12568.31,6800.0,12935.05,9973.0,13004.76
5559.0,11536.11,3965.0,13046.74,2594.0,11957.63,8251.0,12154.91,6800.0,12896.9,9973.0,13418.6,55084.0,13507.39
3965.0,11595.8,2594.0,12955.93,8251.0,12085.24,6800.0,12379.78,9973.0,13045.83,55084.0,13326.76,8452.0,13477.69
2594.0,11786.07,8251.0,13062.3,6800.0,12241.82,9973.0,12543.62,55084.0,13068.94,8452.0,13127.84,2838.0,13304.19
8251.0,11875.72,6800.0,13066.92,9973.0,12320.87,55084.0,12651.79,8452.0,13070.19,2838.0,12961.29,9730.0,13161.48
6800.0,12069.31,9973.0,13305.88,55084.0,12350.34,8452.0,12584.67,2838.0,12862.28,9730.0,12758.59,8727.0,12916.04
9973.0,12145.56,55084.0,13429.25,8452.0,12288.99,2838.0,12445.49,9730.0,12623.21,8727.0,12600.21,9742.0,12712.96
55084.0,12121.17,8452.0,13458.25,2838.0,12155.88,9730.0,12250.91,8727.0,12376.46,9742.0,12501.69,6357.0,12569.3
8452.0,11833.02,2838.0,13327.84,9730.0,11961.03,8727.0,12029.98,9742.0,12429.54,6357.0,12894.31,5009.0,12928.18
2838.0,11705.45,9730.0,13117.42,8727.0,11890.51,9742.0,12056.43,6357.0,12471.2,5009.0,12924.79,5565.0,12986.88
1350.0,11961.99,4185.0,13245.62,2171.0,11994.29,21664.0,12151.65,2864.0,12261.02,1227.0,12447.3,5811.0,12516.93
4185.0,11945.34,2171.0,13239.01,21664.0,11901.01,2864.0,12029.84,1227.0,12076.4,5811.0,12338.85,9156.0,12383.2
2171.0,11883.48,21664.0,13196.44,2864.0,11779.55,1227.0,11885.25,5811.0,11901.21,9156.0,12275.04,8517.0,12293.74
21664.0,11798.29,2864.0,13112.29,1227.0,11656.5,5811.0,11762.19,9156.0,11758.2,8517.0,12229.29,65084.0,12231.41
2864.0,11534.3,1227.0,12809.02,5811.0,11523.79,9156.0,11743.94,8517.0,11887.8,65084.0,12430.57,3438.0,12462.58
1227.0,11517.88,5811.0,12768.34,9156.0,11526.8,8517.0,11773.95,65084.0,11921.87,3438.0,12444.76,8046.0,12487.12
5811.0,11550.46,9156.0,12774.08,8517.0,11559.2,65084.0,11817.48,3438.0,11934.68,8046.0,12400.49,1070.0,12451.25
9156.0,11583.98,8517.0,12806.95,65084.0,11584.05,3438.0,11833.43,8046.0,11933.84,1070.0,12374.31,45096.0,12424.97
8517.0,11588.91,65084.0,12821.0,3438.0,11592.65,8046.0,11836.33,1070.0,11947.13,45096.0,12389.34,9614.0,12439.29
65084.0,11587.56,3438.0,12823.38,8046.0,11599.42,1070.0,11844.08,45096.0,11967.0,9614.0,12409.26,2955.0,12460.68
3438.0,11342.44,8046.0,12759.84,1070.0,11567.88,45096.0,11795.01,9614.0,12308.2,2955.0,12999.93,9882.0,13045.53
8046.0,11347.16,1070.0,12648.65,45096.0,11673.21,9614.0,12006.58,2955.0,12521.75,9882.0,13030.53,3784.0,13134.22
1070.0,11503.17,45096.0,12733.58,9614.0,11866.18,2955.0,12224.3,9882.0,12679.76,3784.0,12955.24,5296.0,13097.78
45096.0,11715.58,9614.0,12911.67,2955.0,12015.69,9882.0,12342.65,3784.0,12669.98,5296.0,12778.11,24140.0,12926.29
9614.0,11744.22,2955.0,13028.78,9882.0,12084.46,3784.0,12362.01,5296.0,12796.7,24140.0,12944.92,8666.0,13084.61
2955.0,11837.72,9882.0,13118.44,3784.0,12120.84,5296.0,12374.82,24140.0,12743.41,8666.0,12865.16,903.0,12997.27
9882.0,11928.41,3784.0,13200.66,5296.0,12126.27,24140.0,12347.23,8666.0,12612.93,903.0,12713.14,3697.0,12829.82
3784.0,11968.3,5296.0,13259.92,24140.0,12090.09,8666.0,12269.5,903.0,12472.08,3697.0,12609.64,854.0,12703.1
5296.0,11979.21,24140.0,13278.12,8666.0,12022.86,903.0,12171.34,3697.0,12302.44,854.0,12490.11,7864.0,12560.4
24140.0,11947.23,8666.0,13260.73,903.0,11923.95,3697.0,12045.91,854.0,12129.56,7864.0,12401.62,35598.0,12447.23
8666.0,11785.91,903.0,13092.03,3697.0,11846.57,854.0,12027.32,7864.0,12217.33,35598.0,12544.52,7171.0,12605.38
903.0,11742.35,3697.0,13050.86,854.0,11790.14,7864.0,11975.14,35598.0,12166.73,7171.0,12548.9,45903.0,12602.84
3697.0,11741.09,854.0,13016.85,7864.0,11768.04,35598.0,11967.29,7171.0,12110.24,45903.0,12472.56,6030.0,12528.26
854.0,11749.1,7864.0,13018.16,35598.0,11740.9,7171.0,11930.28,45903.0,12029.88,6030.0,12399.48,2837.0,12447.2
7864.0,11708.89,35598.0,12918.71,7171.0,11715.87,45903.0,11954.49,6030.0,12024.67,2837.0,12342.37,3769.0,12406.26
35598.0,11718.3,7171.0,12954.45,45903.0,11690.33,6030.0,11899.19,2837.0,11956.64,3769.0,12317.85,9267.0,12366.39
7171.0,11567.63,45903.0,12916.96,6030.0,11606.03,2837.0,11787.07,3769.0,12033.08,9267.0,12599.14,7085.0,12628.12
45903.0,11507.38,6030.0,12805.7,2837.0,11609.8,3769.0,11857.58,9267.0,12137.94,7085.0,12663.26,3248.0,12718.94
6030.0,11404.68,2837.0,12764.4,3769.0,11664.04,9267.0,11931.76,7085.0,12424.54,3248.0,12987.64,1567.0,13063.36
2837.0,11480.2,3769.0,12750.16,9267.0,11800.27,7085.0,12128.78,3248.0,12587.96,1567.0,12956.99,9691.0,13077.3
3769.0,11634.23,9267.0,12830.74,7085.0,11961.42,3248.0,12308.9,1567.0,12678.32,9691.0,12832.88,3593.0,12983.63
9267.0,11818.84,7085.0,13012.76,3248.0,12060.59,1567.0,12356.61,9691.0,12610.19,3593.0,12669.75,20778.0,12809.96
7085.0,11927.37,3248.0,13167.87,1567.0,12059.87,9691.0,12279.26,3593.0,12452.26,20778.0,12548.88,941.0,12654.91
3248.0,11952.78,1567.0,13232.35,9691.0,11993.8,3593.0,12157.61,20778.0,12273.72,941.0,12455.8,2816.0,12528.51
1567.0,11928.63,9691.0,13230.35,3593.0,11889.91,20778.0,12018.18,941.0,12081.0,2816.0,12362.57,5608.0,12405.7
9691.0,11875.99,3593.0,13181.3,20778.0,11780.03,941.0,11894.99,2816.0,11914.31,5608.0,12281.14,171.0,12303.56
3593.0,11764.23,20778.0,13067.71,941.0,11670.62,2816.0,11806.52,5608.0,11849.27,171.0,12299.58,5451.0,12316.18
20778.0,11685.99,941.0,12983.6,2816.0,11582.0,5608.0,11731.82,171.0,11775.71,5451.0,12294.04,9778.0,12303.96
941.0,11503.96,2816.0,12780.05,5608.0,11515.99,171.0,11748.1,5451.0,11921.56,9778.0,12477.39,6150.0,12513.4
2816.0,11510.47,5608.0,12746.68,171.0,11544.82,5451.0,11810.12,9778.0,11971.24,6150.0,12466.87,8786.0,12519.24
5608.0,11560.83,171.0,12777.22,5451.0,11590.54,9778.0,11857.83,6150.0,11986.18,8786.0,12419.6,7330.0,12478.65
171.0,11606.3,5451.0,12825.12,9778.0,11618.68,6150.0,11870.74,8786.0,11974.8,7330.0,12383.06,7464.0,12439.66
5451.0,11649.81,9778.0,12857.13,6150.0,11632.12,8786.0,11874.83,7330.0,11931.33,7464.0,12310.77,8180.0,12364.56
9778.0,11664.53,6150.0,12889.7,8786.0,11615.53,7330.0,11834.05,7464.0,11872.79,8180.0,12280.11,7182.0,12321.91
6150.0,11631.39,8786.0,12890.36,7330.0,11568.14,7464.0,11766.11,8180.0,11827.68,7182.0,12311.55,3869.0,12339.19
8786.0,11588.54,7330.0,12855.32,7464.0,11524.74,8180.0,11725.48,7182.0,11802.96,3869.0,12335.38,66289.0,12358.18
7330.0,11538.6,7464.0,12799.47,8180.0,11505.04,7182.0,11727.72,3869.0,11839.15,66289.0,12385.19,12302.0,12414.58
7464.0,11520.17,8180.0,12772.39,7182.0,11510.23,3869.0,11748.89,66289.0,11878.95,12302.0,12414.69,3216.0,12451.47
8180.0,11506.32,7182.0,12724.4,3869.0,11546.29,66289.0,11824.48,12302.0,11974.91,3216.0,12445.28,463.0,12503.46
7182.0,11546.79,3869.0,12771.88,66289.0,11585.68,12302.0,11852.3,3216.0,11999.8,463.0,12445.57,1716.0,12504.46
3869.0,11580.59,66289.0,12809.57,12302.0,11613.4,3216.0,11870.16,463.0,12008.8,1716.0,12435.9,1316.0,12494.4
66289.0,11617.49,12302.0,12840.38,3216.0,11634.32,463.0,11883.96,1716.0,11994.81,1316.0,12396.15,143.0,12454.05
12302.0,11373.38,3216.0,12795.55,463.0,11589.99,1716.0,11805.51,1316.0,12307.36,143.0,12985.22,2820.0,13029.04
3216.0,11348.99,463.0,12672.14,1716.0,11685.9,1316.0,12008.55,143.0,12552.08,2820.0,13075.03,2443.0,13176.51
463.0,11505.56,1716.0,12734.35,1316.0,11883.4,143.0,12245.59,2820.0,12712.65,2443.0,12975.62,7760.0,13122.86
1716.0,11723.6,1316.0,12913.4,143.0,12037.94,2820.0,12370.65,2443.0,12703.56,7760.0,12789.13,2821.0,12943.32
1316.0,11900.25,143.0,13098.84,2820.0,12102.51,2443.0,12370.78,7760.0,12574.58,2821.0,12600.99,9238.0,12733.92
143.0,12003.03,2820.0,13235.3,2443.0,12076.81,7760.0,12270.15,2821.0,12362.81,9238.0,12427.97,9270.0,12523.72
2820.0,12027.35,2443.0,13295.52,7760.0,11982.24,2821.0,12111.12,9238.0,12115.16,9270.0,12278.5,5749.0,12333.64
2443.0,11973.11,7760.0,13278.9,2821.0,11839.6,9238.0,11923.08,9270.0,11883.26,5749.0,12191.22,5000.0,12208.85
7760.0,11866.58,2821.0,13194.58,9238.0,11676.26,9270.0,11743.28,5749.0,11688.06,5000.0,12148.92,1593.0,12138.28
2821.0,11710.04,9238.0,13060.24,9270.0,11511.82,5749.0,11587.8,5000.0,11575.84,1593.0,12199.79,8913.0,12171.43
9238.0,11452.53,9270.0,12691.52,5749.0,11350.14,5000.0,11578.9,1593.0,11622.38,8913.0,12263.72,4069.0,12273.48
9270.0,11404.83,5749.0,12631.73,5000.0,11362.53,1593.0,11626.21,8913.0,11726.0,4069.0,12348.14,2788.0,12374.49
5749.0,11402.15,5000.0,12627.31,1593.0,11404.13,8913.0,11683.5,4069.0,11824.68,2788.0,12415.76,5687.0,12454.72
5000.0,11437.88,1593.0,12652.1,8913.0,11463.08,4069.0,11750.83,2788.0,11897.65,5687.0,12431.15,3520.0,12481.59
1593.0,11492.65,8913.0,12698.16,4069.0,11523.73,2788.0,11809.46,5687.0,11943.08,3520.0,12416.59,21409.0,12474.37
8913.0,11562.14,4069.0,12760.42,2788.0,11570.74,5687.0,11842.42,3520.0,11934.26,21409.0,12357.56,4592.0,12415.3
4069.0,11592.43,2788.0,12818.25,5687.0,11580.79,3520.0,11823.05,21409.0,11913.08,4592.0,12355.09,67602.0,12402.6
2788.0,11606.0,5687.0,12837.61,3520.0,11575.23,21409.0,11806.07,4592.0,11880.95,67602.0,12333.6,2182.0,12375.29
5687.0,11614.73,3520.0,12847.9,21409.0,11561.95,4592.0,11783.25,67602.0,11836.52,2182.0,12299.93,17765.0,12335.58
3520.0,11600.87,21409.0,12838.25,4592.0,11542.86,67602.0,11761.84,2182.0,11816.22,17765.0,12298.48,3651.0,12330.78
19104.0,11807.78,7397.0,13107.41,5032.0,11731.49,1633.0,11868.85,19022.0,11916.87,936.0,12314.0,31633.0,12339.34
7397.0,11668.23,5032.0,13014.74,1633.0,11617.26,19022.0,11756.21,936.0,11897.25,31633.0,12447.11,5389.0,12458.95
5032.0,11576.58,1633.0,12898.04,19022.0,11563.67,936.0,11747.6,31633.0,11923.44,5389.0,12500.58,1664.0,12522.97
1633.0,11489.13,19022.0,12707.89,936.0,11572.94,31633.0,11867.01,5389.0,12063.1,1664.0,12521.16,7070.0,12590.11
19022.0,11579.25,936.0,12777.28,31633.0,11645.12,5389.0,11931.28,1664.0,12073.52,7070.0,12444.81,2449.0,12519.58
936.0,11595.82,31633.0,12834.19,5389.0,11676.68,1664.0,11938.14,7070.0,12125.35,2449.0,12513.3,2566.0,12583.72
31633.0,11648.07,5389.0,12878.26,1664.0,11693.81,7070.0,11942.94,2449.0,12081.76,2566.0,12448.0,279.0,12514.09
5389.0,11577.0,1664.0,12885.7,7070.0,11677.27,2449.0,11903.24,2566.0,12173.15,279.0,12644.42,33185.0,12701.54
1664.0,11579.79,7070.0,12855.72,2449.0,11698.64,2566.0,11953.16,279.0,12215.39,33185.0,12644.43,3427.0,12715.1
7070.0,11643.02,2449.0,12877.58,2566.0,11754.14,279.0,12021.02,33185.0,12226.49,3427.0,12562.16,32436.0,12644.79
2449.0,11704.57,2566.0,12935.58,279.0,11788.22,33185.0,12037.83,3427.0,12200.89,32436.0,12497.14,6137.0,12577.07
2566.0,11752.51,279.0,12969.38,33185.0,11803.44,3427.0,12043.94,32436.0,12153.81,6137.0,12414.93,8007.0,12492.32
279.0,11793.38,33185.0,13025.15,3427.0,11780.04,32436.0,11984.08,6137.0,12037.11,8007.0,12324.58,2366.0,12383.04
33185.0,11801.63,3427.0,13048.12,32436.0,11719.56,6137.0,11890.28,8007.0,11887.58,2366.0,12232.03,3444.0,12268.09
3427.0,11621.98,32436.0,12987.16,6137.0,11588.38,8007.0,11725.86,2366.0,11904.49,3444.0,12495.24,3464.0,12503.66
32436.0,11524.93,6137.0,12825.56,8007.0,11554.52,2366.0,11775.22,3444.0,11984.58,3464.0,12549.33,1414.0,12585.16
6137.0,11428.79,8007.0,12766.28,2366.0,11575.71,3444.0,11821.85,3464.0,12188.39,1414.0,12787.66,6031.0,12839.92
8007.0,11440.4,2366.0,12672.36,3444.0,11687.08,3464.0,12026.7,1414.0,12393.77,6031.0,12796.4,895.0,12903.5
2366.0,11585.09,3444.0,12790.09,3464.0,11827.41,1414.0,12157.55,6031.0,12468.33,895.0,12724.63,3329.0,12846.98
3444.0,11739.87,3464.0,12940.2,1414.0,11912.25,6031.0,12200.25,895.0,12412.24,3329.0,12585.92,3459.0,12700.33
3464.0,11842.77,1414.0,13059.3,6031.0,11931.51,895.0,12167.92,3329.0,12295.21,3459.0,12458.81,61181.0,12552.78
1414.0,11886.27,6031.0,13135.41,895.0,11882.21,3329.0,12062.14,3459.0,12120.61,61181.0,12347.86,4602.0,12410.78
6031.0,11874.84,895.0,13148.31,3329.0,11790.33,3459.0,11930.11,61181.0,11933.45,4602.0,12252.5,8541.0,12286.03
895.0,11800.6,3329.0,13106.75,3459.0,11667.66,61181.0,11781.6,4602.0,11779.95,8541.0,12230.53,7471.0,12237.64
3329.0,11703.62,3459.0,12974.03,61181.0,11572.42,4602.0,11727.97,8541.0,11718.45,7471.0,12206.6,1315.0,12216.81
3459.0,11639.25,61181.0,12914.41,4602.0,11493.39,8541.0,11651.19,7471.0,11643.92,1315.0,12201.81,395.0,12202.45
61181.0,11537.3,4602.0,12767.35,8541.0,11435.54,7471.0,11655.53,1315.0,11674.02,395.0,12231.26,6811.0,12248.89
4602.0,11241.63,8541.0,12658.45,7471.0,11372.3,1315.0,11586.47,395.0,12028.11,6811.0,12870.55,7204.0,12882.9
8541.0,11202.24,7471.0,12493.87,1315.0,11482.66,395.0,11833.58,6811.0,12325.44,7204.0,12970.68,3503.0,13054.21
7471.0,11354.76,1315.0,12569.68,395.0,11708.03,6811.0,12097.42,7204.0,12557.56,3503.0,12937.96,45803.0,13071.29
1315.0,11573.93,395.0,12756.87,6811.0,11906.27,7204.0,12272.72,3503.0,12643.86,45803.0,12823.4,63548.0,12974.14
395.0,11783.3,6811.0,12965.25,7204.0,12019.96,3503.0,12327.76,45803.0,12571.43,63548.0,12646.63,25762.0,12785.46
6811.0,11927.27,7204.0,13137.66,3503.0,12032.86,45803.0,12262.81,63548.0,12382.02,25762.0,12460.75,55022.0,12565.86
7204.0,11961.08,3503.0,13222.24,45803.0,11964.42,63548.0,12125.45,25762.0,12185.03,55022.0,12359.94,8122.0,12426.56
3503.0,11910.46,45803.0,13218.74,63548.0,11837.06,25762.0,11951.84,55022.0,11988.66,8122.0,12311.24,2785.0,12341.72
45803.0,11825.37,63548.0,13145.94,25762.0,11707.9,55022.0,11814.42,8122.0,11836.1,2785.0,12275.46,4741.0,12284.9
63548.0,11528.74,25762.0,12980.63,55022.0,11545.32,8122.0,11655.99,2785.0,11970.3,4741.0,12706.7,7453.0,12699.82
25762.0,11157.6,55022.0,12596.21,8122.0,11528.98,2785.0,11816.25,4741.0,12518.18,7453.0,13290.12,8735.0,13357.22
55022.0,11236.22,8122.0,12559.61,2785.0,11771.0,4741.0,12155.0,7453.0,12891.58,8735.0,13369.3,1267.0,13516.85
8122.0,11424.93,2785.0,12734.46,4741.0,12076.82,7453.0,12457.31,8735.0,13244.22,1267.0,13475.53,228.0,13671.85
2785.0,11719.71,4741.0,12961.35,7453.0,12319.58,8735.0,12677.76,1267.0,13307.68,228.0,13281.28,357.0,13502.15
4741.0,11986.7,7453.0,13218.01,8735.0,12439.45,1267.0,12729.5,228.0,13174.99,357.0,13030.28,20394.0,13232.26
7453.0,12154.48,8735.0,13416.64,1267.0,12436.3,228.0,12640.98,357.0,12929.85,20394.0,12798.31,2839.0,12956.76
8735.0,12209.96,1267.0,13518.42,228.0,12349.67,357.0,12478.5,20394.0,12664.3,2839.0,12628.21,5676.0,12738.96
1267.0,12174.36,228.0,13527.56,357.0,12206.23,20394.0,12280.4,2839.0,12407.47,5676.0,12515.57,323.0,12582.25
228.0,12099.93,357.0,13464.59,20394.0,12040.01,2839.0,12088.84,5676.0,12148.69,323.0,12387.72,1163.0,12420.08
357.0,12009.49,20394.0,13355.29,2839.0,11891.42,5676.0,11947.53,323.0,11950.28,1163.0,12274.25,2474.0,12288.57
20394.0,11891.11,2839.0,13199.37,5676.0,11739.33,323.0,11829.14,1163.0,11790.85,2474.0,12184.71,4107.0,12191.32
2839.0,11692.09,5676.0,13051.54,323.0,11568.0,1163.0,11666.82,2474.0,11739.18,4107.0,12333.02,14941.0,12322.21
5676.0,11509.37,323.0,12763.75,1163.0,11482.15,2474.0,11716.55,4107.0,11834.7,14941.0,12393.98,26077.0,12424.69
323.0,11504.57,1163.0,12737.3,2474.0,11505.48,4107.0,11763.15,14941.0,11889.99,26077.0,12408.1,9039.0,12451.57
1163.0,11549.63,2474.0,12759.85,4107.0,11542.2,14941.0,11803.65,26077.0,11893.26,9039.0,12353.97,1248.0,12403.36
2474.0,11598.92,4107.0,12802.09,14941.0,11565.92,26077.0,11814.81,9039.0,11862.9,1248.0,12290.09,6474.0,12337.18
4107.0,11625.58,14941.0,12834.1,26077.0,11563.65,9039.0,11795.06,1248.0,11814.3,6474.0,12243.53,63400.0,12283.06
14941.0,11622.6,26077.0,12843.49,9039.0,11539.75,1248.0,11757.11,6474.0,11767.94,63400.0,12227.5,3038.0,12258.18
26077.0,11555.7,9039.0,12828.98,1248.0,11483.24,6474.0,11681.4,63400.0,11761.3,3038.0,12329.62,4541.0,12346.27
9039.0,11418.91,1248.0,12748.47,6474.0,11437.31,63400.0,11651.45,3038.0,11893.76,4541.0,12579.22,7537.0,12598.01
1248.0,11381.29,6474.0,12664.9,63400.0,11484.1,3038.0,11761.21,4541.0,12053.13,7537.0,12665.26,366.0,12716.24
6474.0,11440.6,63400.0,12637.1,3038.0,11606.82,4541.0,11946.02,7537.0,12207.9,366.0,12624.6,7390.0,12718.26
63400.0,11575.34,3038.0,12762.78,4541.0,11722.1,7537.0,12038.15,366.0,12246.4,7390.0,12552.04,4585.0,12651.47
3038.0,11458.56,4541.0,12816.77,7537.0,11758.47,366.0,12025.04,7390.0,12535.2,4585.0,13011.34,7009.0,13100.78
4541.0,11520.83,7537.0,12801.48,366.0,11850.79,7390.0,12169.9,4585.0,12638.76,7009.0,12979.63,6955.0,13101.96
7537.0,11668.4,366.0,12903.36,7390.0,11976.6,4585.0,12292.38,7009.0,12673.38,6955.0,12860.74,46790.0,12998.73
366.0,11814.25,7390.0,13045.52,4585.0,12054.11,7009.0,12329.25,6955.0,12616.55,46790.0,12727.0,4603.0,12857.18
7390.0,11932.59,4585.0,13169.22,7009.0,12067.16,6955.0,12289.31,46790.0,12459.82,4603.0,12550.98,6653.0,12658.38
4585.0,11965.86,7009.0,13232.19,6955.0,12017.55,46790.0,12190.1,4603.0,12300.71,6653.0,12449.69,4276.0,12529.01
7009.0,11954.83,6955.0,13229.64,46790.0,11953.73,4603.0,12106.52,6653.0,12176.05,4276.0,12376.97,5501.0,12438.73
6955.0,11905.6,46790.0,13211.61,4603.0,11844.46,6653.0,11966.08,4276.0,12014.44,5501.0,12331.25,499.0,12365.42
46790.0,11814.48,4603.0,13142.27,6653.0,11717.0,4276.0,11827.56,5501.0,11877.48,499.0,12320.56,70327.0,12333.21
4603.0,11522.17,6653.0,12973.87,4276.0,11567.35,5501.0,11689.03,499.0,12032.43,70327.0,12754.23,6845.0,12754.96
6653.0,11352.97,4276.0,12622.41,5501.0,11576.68,499.0,11902.03,70327.0,12297.6,6845.0,12832.25,1410.0,12917.44
4276.0,11479.04,5501.0,12694.58,499.0,11735.81,70327.0,12081.15,6845.0,12434.39,1410.0,12780.79,3586.0,12896.96
5501.0,11644.6,499.0,12836.84,70327.0,11866.21,6845.0,12188.24,1410.0,12456.05,3586.0,12663.95,78359.0,12787.28
499.0,11779.23,70327.0,12981.62,6845.0,11931.42,1410.0,12205.38,3586.0,12391.64,78359.0,12547.28,1829.0,12658.0
2496.0,11564.06,9557.0,12793.16,5331.0,11519.71,1752.0,11754.47,3353.0,11821.98,7619.0,12315.52,5459.0,12351.18
9557.0,11570.69,5331.0,12791.72,1752.0,11519.99,3353.0,11757.03,7619.0,11810.36,5459.0,12293.93,4396.0,12330.2
5331.0,11552.61,1752.0,12791.63,3353.0,11509.76,7619.0,11740.5,5459.0,11820.36,4396.0,12332.58,39974.0,12365.6
1752.0,11542.84,3353.0,12782.87,7619.0,11503.72,5459.0,11737.28,4396.0,11824.42,39974.0,12345.63,3884.0,12378.83
3353.0,11552.39,7619.0,12776.87,5459.0,11511.14,4396.0,11752.42,39974.0,11822.0,3884.0,12319.84,1859.0,12356.72
7619.0,11564.25,5459.0,12779.07,4396.0,11521.15,39974.0,11765.62,3884.0,11822.04,1859.0,12298.32,228.0,12337.78
5459.0,11564.94,4396.0,12800.07,39974.0,11513.45,3884.0,11741.71,1859.0,11807.25,228.0,12311.26,32753.0,12343.55
4396.0,11551.33,39974.0,12785.79,3884.0,11505.84,1859.0,11739.25,228.0,11813.37,32753.0,12324.64,1481.0,12357.95
39974.0,11547.34,3884.0,12773.29,1859.0,11509.11,228.0,11751.21,32753.0,11825.97,1481.0,12325.96,48793.0,12363.12
3884.0,11401.8,1859.0,12741.33,228.0,11479.24,32753.0,11705.55,1481.0,12011.05,48793.0,12674.89,28183.0,12705.54
1859.0,11388.6,228.0,12654.55,32753.0,11546.05,1481.0,11849.37,48793.0,12174.75,28183.0,12721.83,6097.0,12792.34
228.0,11494.68,32753.0,12704.64,1481.0,11672.48,48793.0,11997.76,28183.0,12271.18,6097.0,12652.74,1300.0,12749.58
32753.0,11634.94,1481.0,12812.87,48793.0,11780.93,28183.0,12092.86,6097.0,12279.68,1300.0,12528.43,9179.0,12633.45
1481.0,11646.39,48793.0,12917.02,28183.0,11809.31,6097.0,12064.84,1300.0,12344.6,9179.0,12669.96,2160.0,12758.03
48793.0,11700.14,28183.0,12953.08,6097.0,11827.56,1300.0,12078.65,9179.0,12304.26,2160.0,12601.63,4201.0,12688.05
28183.0,11588.68,6097.0,12954.65,1300.0,11814.86,9179.0,12039.08,2160.0,12471.3,4201.0,12912.44,3363.0,12990.0
6097.0,11558.39,1300.0,12903.68,9179.0,11873.21,2160.0,12143.24,4201.0,12650.79,3363.0,13043.72,1057.0,13149.67
1300.0,11663.43,9179.0,12938.67,2160.0,11990.38,4201.0,12287.64,3363.0,12725.3,1057.0,12953.43,9753.0,13087.48
9179.0,11817.93,2160.0,13055.05,4201.0,12081.68,3363.0,12358.38,1057.0,12673.42,9753.0,12776.92,6042.0,12913.05
2160.0,11899.69,4201.0,13118.44,3363.0,12131.88,1057.0,12396.29,9753.0,12648.17,6042.0,12679.57,6061.0,12816.86
4201.0,11999.56,3363.0,13246.72,1057.0,12108.46,9753.0,12304.56,6042.0,12447.29,6061.0,12513.1,32906.0,12615.64
3363.0,12016.3,1057.0,13303.24,9753.0,12014.22,6042.0,12148.1,6061.0,12215.35,32906.0,12384.7,6515.0,12447.39
1057.0,11965.78,9753.0,13283.36,6042.0,11877.72,6061.0,11971.47,32906.0,11990.37,6515.0,12292.44,565.0,12319.93
9753.0,11890.22,6042.0,13193.89,6061.0,11763.96,32906.0,11866.76,6515.0,11851.27,565.0,12222.74,45429.0,12237.92
6042.0,11767.27,6061.0,13105.62,32906.0,11618.64,6515.0,11710.85,565.0,11727.04,45429.0,12254.51,7524.0,12246.95
6061.0,11587.43,32906.0,12869.82,6515.0,11490.82,565.0,11670.14,45429.0,11728.74,7524.0,12304.08,2358.0,12313.62
32906.0,11505.7,6515.0,12742.62,565.0,11469.37,45429.0,11712.09,7524.0,11806.7,2358.0,12353.49,6135.0,12385.78
6515.0,11392.96,565.0,12701.5,45429.0,11467.83,7524.0,11715.89,2358.0,11996.39,6135.0,12635.51,7722.0,12673.04
565.0,11398.04,45429.0,12657.62,7524.0,11539.05,2358.0,11839.86,6135.0,12142.98,7722.0,12685.15,9942.0,12753.64
45429.0,11498.54,7524.0,12695.94,2358.0,11663.46,6135.0,11992.37,7722.0,12242.53,9942.0,12613.96,7998.0,12710.82
7524.0,11484.45,2358.0,12783.86,6135.0,11742.28,7722.0,12032.57,9942.0,12454.55,7998.0,12878.48,30470.0,12974.21
2358.0,11567.28,6135.0,12822.03,7722.0,11843.14,9942.0,12156.11,7998.0,12545.88,30470.0,12852.99,794.0,12971.03
6135.0,11707.03,7722.0,12929.46,9942.0,11942.81,7998.0,12241.18,30470.0,12538.96,794.0,12726.56,497.0,12850.91
7722.0,11824.91,9942.0,13056.14,7998.0,11984.67,30470.0,12236.29,794.0,12448.01,497.0,12600.18,12814.0,12709.24
9942.0,11883.97,7998.0,13136.92,30470.0,11973.65,794.0,12181.05,497.0,12334.05,12814.0,12508.16,5506.0,12596.41
7998.0,11882.78,30470.0,13170.25,794.0,11911.98,497.0,12079.24,12814.0,12205.04,5506.0,12459.45,64657.0,12522.4
30470.0,11841.29,794.0,13147.44,497.0,11828.57,12814.0,11977.71,5506.0,12087.8,64657.0,12426.94,67640.0,12470.83
794.0,11692.83,497.0,13041.19,12814.0,11759.29,5506.0,11930.8,64657.0,12181.32,67640.0,12629.94,19235.0,12675.8
497.0,11665.84,12814.0,12962.44,5506.0,11741.87,64657.0,11956.23,67640.0,12179.43,19235.0,12595.16,9022.0,12654.45
12814.0,11701.56,5506.0,12961.53,64657.0,11755.67,67640.0,11978.98,19235.0,12140.3,9022.0,12499.1,1033.0,12563.16
5506.0,11660.58,64657.0,12883.93,67640.0,11764.51,19235.0,12031.82,9022.0,12215.17,1033.0,12520.83,4792.0,12605.4
64657.0,11716.49,67640.0,12945.97,19235.0,11782.72,9022.0,12026.38,1033.0,12169.62,4792.0,12463.78,18733.0,12540.22
67640.0,11495.49,19235.0,12915.24,9022.0,11725.2,1033.0,11927.53,4792.0,12418.98,18733.0,12986.52,7292.0,13043.56
19235.0,11323.1,9022.0,12787.24,1033.0,11791.37,4792.0,12062.93,18733.0,12845.0,7292.0,13448.92,1051.0,13547.41
9022.0,11443.39,1033.0,12776.07,4792.0,12015.15,18733.0,12367.01,7292.0,13106.99,1051.0,13413.72,109.0,13583.79
1033.0,11695.0,4792.0,12946.7,18733.0,12245.41,7292.0,12594.74,1051.0,13197.12,109.0,13233.13,64871.0,13435.99
4792.0,11944.61,18733.0,13169.29,7292.0,12371.33,1051.0,12667.58,109.0,13090.9,64871.0,12984.37,6565.0,13177.26
18733.0,12091.64,7292.0,13320.64,1051.0,12406.15,109.0,12647.82,64871.0,12944.62,6565.0,12797.72,8239.0,12968.08
7292.0,12149.45,1051.0,13460.67,109.0,12328.98,64871.0,12477.46,6565.0,12713.61,8239.0,12697.12,9778.0,12814.13
1051.0,12127.79,109.0,13475.21,64871.0,12197.95,6565.0,12297.21,8239.0,12466.65,9778.0,12580.65,2642.0,12656.49
109.0,12085.83,64871.0,13432.17,6565.0,12072.73,8239.0,12153.03,9778.0,12247.5,2642.0,12446.95,920.0,12496.22
64871.0,12018.92,6565.0,13364.28,8239.0,11927.23,9778.0,11991.27,2642.0,12018.02,920.0,12318.54,9477.0,12340.94
6565.0,11581.07,8239.0,13094.74,9778.0,11685.95,2642.0,11771.81,920.0,12203.72,9477.0,12901.51,1199.0,12904.92
8239.0,11394.19,9778.0,12717.75,2642.0,11672.38,920.0,11972.06,9477.0,12453.99,1199.0,12982.68,485.0,13070.82
9778.0,11505.12,2642.0,12740.27,920.0,11845.73,9477.0,12196.04,1199.0,12635.98,485.0,12929.6,128.0,13065.03
2642.0,11680.74,920.0,12891.28,9477.0,11993.5,1199.0,12321.75,485.0,12681.5,128.0,12823.24,5632.0,12969.47
920.0,11851.33,9477.0,13065.88,1199.0,12065.38,485.0,12336.79,128.0,12577.49,5632.0,12654.27,114.0,12783.85
9477.0,11960.07,1199.0,13194.57,485.0,12057.3,128.0,12264.7,5632.0,12392.02,114.0,12480.79,27777.0,12580.1
1199.0,11969.08,485.0,13240.94,128.0,11997.44,5632.0,12158.43,114.0,12250.5,27777.0,12416.14,3255.0,12487.86
485.0,11949.77,128.0,13241.59,5632.0,11894.22,114.0,12019.34,27777.0,12051.84,3255.0,12313.95,3256.0,12355.87
128.0,11893.58,5632.0,13199.92,114.0,11765.5,27777.0,11865.41,3255.0,11849.49,3256.0,12223.44,3613.0,12237.49
5632.0,11813.33,114.0,13125.38,27777.0,11634.06,3255.0,11724.6,3256.0,11677.74,3613.0,12159.3,6967.0,12152.1
114.0,11605.37,27777.0,12847.11,3255.0,11484.04,3256.0,11677.76,3613.0,11672.62,6967.0,12198.56,7696.0,12212.25
27777.0,11573.88,3255.0,12808.19,3256.0,11441.52,3613.0,11642.36,6967.0,11627.31,7696.0,12180.84,7341.0,12191.19
3255.0,11421.52,3256.0,12731.55,3613.0,11378.46,6967.0,11583.19,7696.0,11747.01,7341.0,12447.53,5795.0,12453.91
3256.0,11369.69,3613.0,12622.34,6967.0,11404.36,7696.0,11682.85,7341.0,11886.11,5795.0,12517.81,2428.0,12556.69
3613.0,11421.43,6967.0,12632.04,7696.0,11493.93,7341.0,11801.13,5795.0,11992.2,2428.0,12505.24,4444.0,12568.17
6967.0,11515.53,7696.0,12709.09,7341.0,11583.22,5795.0,11883.16,2428.0,12035.02,4444.0,12451.4,4600.0,12523.3
7696.0,11585.11,7341.0,12780.04,5795.0,11643.89,2428.0,11928.33,4444.0,12058.83,4600.0,12422.19,37517.0,12496.06
7341.0,11637.75,5795.0,12858.7,2428.0,11661.1,4444.0,11909.98,4600.0,12020.16,37517.0,12394.86,3972.0,12456.26
5795.0,11651.82,2428.0,12895.88,4444.0,11645.28,4600.0,11868.32,37517.0,11968.26,3972.0,12380.42,3905.0,12428.95
2428.0,11645.54,4444.0,12900.88,4600.0,11617.52,37517.0,11827.74,3972.0,11918.48,3905.0,12365.78,4752.0,12405.12
4444.0,11641.24,4600.0,12886.85,37517.0,11597.39,3972.0,11809.32,3905.0,11876.94,4752.0,12328.49,6848.0,12365.32
4600.0,11634.6,37517.0,12886.44,3972.0,11570.64,3905.0,11772.32,4752.0,11826.27,6848.0,12303.88,8525.0,12332.99
37517.0,11590.06,3972.0,12808.86,3905.0,11556.29,4752.0,11796.68,6848.0,11860.18,8525.0,12312.21,8307.0,12355.06
3972.0,11454.56,3905.0,12783.68,4752.0,11516.79,6848.0,11736.61,8525.0,12009.2,8307.0,12627.34,7585.0,12660.18
822.0,11738.94,4672.0,13016.23,5835.0,11626.83,1530.0,11777.66,6245.0,11784.57,29816.0,12234.14,8833.0,12250.37
4672.0,11676.24,5835.0,12954.74,1530.0,11537.98,6245.0,11690.65,29816.0,11686.9,8833.0,12212.66,9048.0,12217.12
5835.0,11601.11,1530.0,12881.76,6245.0,11462.76,29816.0,11626.14,8833.0,11638.83,9048.0,12230.38,64875.0,12229.29
1530.0,11480.95,6245.0,12704.1,29816.0,11418.18,8833.0,11665.04,9048.0,11726.76,64875.0,12295.19,6343.0,12321.76
6245.0,11496.92,29816.0,12711.46,8833.0,11432.98,9048.0,11682.52,64875.0,11732.62,6343.0,12279.96,7902.0,12309.27
29816.0,11498.26,8833.0,12716.86,9048.0,11444.8,64875.0,11694.46,6343.0,11757.35,7902.0,12299.14,21702.0,12330.51
8833.0,11397.98,9048.0,12694.67,64875.0,11434.32,6343.0,11677.22,7902.0,11910.26,21702.0,12558.01,38967.0,12588.22
9048.0,11379.56,64875.0,12637.73,6343.0,11492.14,7902.0,11788.78,21702.0,12068.04,38967.0,12641.7,4514.0,12701.62
64875.0,11444.53,6343.0,12673.43,7902.0,11598.82,21702.0,11914.41,38967.0,12193.71,4514.0,12651.65,32684.0,12734.61
6343.0,11338.94,7902.0,12709.24,21702.0,11688.23,38967.0,11980.63,4514.0,12569.16,32684.0,13125.54,3897.0,13217.06
7902.0,11439.73,21702.0,12705.28,38967.0,11856.66,4514.0,12218.1,32684.0,12765.41,3897.0,13094.51,2863.0,13238.83
21702.0,11642.96,38967.0,12866.19,4514.0,12036.36,32684.0,12382.49,3897.0,12833.35,2863.0,12970.47,8204.0,13133.25
38967.0,11800.97,4514.0,13047.83,32684.0,12144.69,3897.0,12438.3,2863.0,12837.1,8204.0,12907.02,2935.0,13061.84
4514.0,11846.96,32684.0,13167.89,3897.0,12181.94,2863.0,12421.64,8204.0,12871.02,2935.0,12993.37,39248.0,13131.25
32684.0,11928.66,3897.0,13228.22,2863.0,12194.68,8204.0,12417.57,2935.0,12772.61,39248.0,12863.15,7192.0,12992.84
3897.0,11917.94,2863.0,13269.34,8204.0,12172.37,2935.0,12361.3,39248.0,12752.3,7192.0,12913.02,49388.0,13026.16
2863.0,11964.75,8204.0,13270.93,2935.0,12179.52,39248.0,12378.36,7192.0,12684.94,49388.0,12788.7,1350.0,12904.94
8204.0,12013.89,2935.0,13310.52,39248.0,12143.76,7192.0,12314.77,49388.0,12521.66,1350.0,12629.39,3387.0,12727.1
2935.0,12010.64,39248.0,13326.01,7192.0,12063.64,49388.0,12198.52,1350.0,12346.66,3387.0,12523.74,4129.0,12594.85
39248.0,11966.27,7192.0,13231.96,49388.0,12011.28,1350.0,12182.81,3387.0,12288.04,4129.0,12442.25,2441.0,12520.29
7192.0,11806.68,49388.0,13196.46,1350.0,11882.06,3387.0,12008.73,4129.0,12278.16,2441.0,12675.42,1560.0,12720.54
49388.0,11723.06,1350.0,13073.38,3387.0,11819.36,4129.0,11996.17,2441.0,12273.49,1560.0,12692.98,3999.0,12748.25
1350.0,11556.43,3387.0,12964.23,4129.0,11805.74,2441.0,12015.65,1560.0,12511.97,3999.0,13017.84,4306.0,13088.96
3387.0,11586.02,4129.0,12860.85,2441.0,11901.96,1560.0,12209.74,3999.0,12650.3,4306.0,12945.64,28652.0,13070.81
4129.0,11738.21,2441.0,12970.63,1560.0,12014.47,3999.0,12310.97,4306.0,12647.6,28652.0,12798.68,8773.0,12933.6
2441.0,11854.45,1560.0,13057.46,3999.0,12087.47,4306.0,12369.82,28652.0,12616.68,8773.0,12665.15,79102.0,12803.05
1560.0,11969.99,3999.0,13202.37,4306.0,12080.38,28652.0,12291.06,8773.0,12427.07,79102.0,12496.64,4888.0,12600.92
3999.0,12007.54,4306.0,13275.86,28652.0,11999.56,8773.0,12144.7,79102.0,12190.86,4888.0,12348.1,12773.0,12412.8
4306.0,11966.75,28652.0,13269.42,8773.0,11874.87,79102.0,11976.65,4888.0,11978.11,12773.0,12261.78,66153.0,12291.82
28652.0,11871.05,8773.0,13200.11,79102.0,11722.58,4888.0,11803.54,12773.0,11790.92,66153.0,12222.34,342.0,12223.73
8773.0,11626.31,79102.0,13006.04,4888.0,11562.33,12773.0,11680.3,66153.0,11842.34,342.0,12471.01,79217.0,12467.76
79102.0,11494.91,4888.0,12833.49,12773.0,11504.52,66153.0,11698.42,342.0,11926.32,79217.0,12575.79,22802.0,12594.56
4888.0,11133.95,12773.0,12564.3,66153.0,11533.23,342.0,11831.99,79217.0,12547.26,22802.0,13301.21,58338.0,13374.3
12773.0,11246.18,66153.0,12526.59,342.0,11757.98,79217.0,12161.88,22802.0,12836.38,58338.0,13274.32,3320.0,13425.56
66153.0,11506.12,342.0,12721.98,79217.0,12034.2,22802.0,12433.91,58338.0,13016.64,3320.0,13163.61,6160.0,13354.37
342.0,11647.26,79217.0,12958.78,22802.0,12226.25,58338.0,12556.97,3320.0,13242.42,6160.0,13346.18,3473.0,13537.02
79217.0,11866.46,22802.0,13129.08,58338.0,12354.24,3320.0,12659.24,6160.0,13187.34,3473.0,13145.67,6538.0,13340.09
22802.0,11858.39,58338.0,13262.73,3320.0,12401.22,6160.0,12636.12,3473.0,13337.16,6538.0,13415.66,2538.0,13588.55
58338.0,11954.87,3320.0,13318.07,6160.0,12457.14,3473.0,12694.69,6538.0,13315.31,2538.0,13321.14,9941.0,13501.83
3320.0,11985.22,6160.0,13396.11,3473.0,12501.03,6538.0,12707.3,2538.0,13377.52,9941.0,13402.72,4341.0,13578.27
6160.0,12106.42,3473.0,13450.68,6538.0,12542.1,2538.0,12747.63,9941.0,13266.5,4341.0,13185.99,3010.0,13364.99
3473.0,12202.13,6538.0,13533.1,2538.0,12515.93,9941.0,12682.45,4341.0,13059.47,3010.0,12964.38,5097.0,13119.17
6538.0,12241.37,2538.0,13540.82,9941.0,12476.2,4341.0,12632.2,3010.0,12896.3,5097.0,12776.0,19429.0,12918.33
2538.0,12254.69,9941.0,13595.14,4341.0,12352.47,3010.0,12441.42,5097.0,12607.0,19429.0,12603.08,6183.0,12697.13
9941.0,12206.54,4341.0,13569.43,3010.0,12193.32,5097.0,12240.24,19429.0,12323.88,6183.0,12449.24,1624.0,12502.42
4341.0,12109.42,3010.0,13476.39,5097.0,12064.48,19429.0,12115.06,6183.0,12189.31,1624.0,12409.41,131.0,12446.17
3010.0,11988.29,5097.0,13368.22,19429.0,11883.12,6183.0,11925.01,1624.0,11974.32,131.0,12347.75,8996.0,12356.07
5097.0,11835.62,19429.0,13156.53,6183.0,11726.82,1624.0,11834.07,131.0,11862.24,8996.0,12289.41,4427.0,12301.73
19429.0,11728.78,6183.0,13037.3,1624.0,11611.8,131.0,11742.06,8996.0,11772.84,4427.0,12277.8,46079.0,12283.94
6183.0,11509.05,1624.0,12776.16,131.0,11515.59,8996.0,11750.75,4427.0,11910.12,46079.0,12454.76,9623.0,12491.79
1624.0,11500.5,131.0,12750.67,8996.0,11534.75,4427.0,11792.58,46079.0,11967.65,9623.0,12486.3,587.0,12534.72
131.0,11542.9,8996.0,12759.94,4427.0,11584.41,46079.0,11858.19,9623.0,12002.44,587.0,12443.71,33944.0,12504.84
8996.0,11614.76,4427.0,12816.16,46079.0,11626.35,9623.0,11888.05,587.0,11974.64,33944.0,12357.75,22768.0,12418.82
4427.0,11639.66,46079.0,12864.54,9623.0,11630.52,587.0,11865.85,33944.0,11947.33,22768.0,12347.26,4711.0,12398.63
46079.0,11649.28,9623.0,12888.14,587.0,11609.83,33944.0,11825.65,22768.0,11889.29,4711.0,12320.19,8947.0,12360.44
9623.0,11452.39,587.0,12818.26,33944.0,11550.24,22768.0,11756.86,4711.0,12092.66,8947.0,12728.52,1771.0,12761.32
587.0,11407.02,33944.0,12710.28,22768.0,11596.09,4711.0,11882.37,8947.0,12265.98,1771.0,12819.5,13141.0,12890.64
33944.0,11506.77,22768.0,12735.01,4711.0,11725.54,8947.0,12048.85,1771.0,12373.92,13141.0,12741.59,3055.0,12845.99
22768.0,11557.79,4711.0,12831.09,8947.0,11832.1,1771.0,12132.04,13141.0,12534.89,3055.0,12865.09,5192.0,12977.21
4711.0,11621.56,8947.0,12882.41,1771.0,11942.1,13141.0,12252.78,3055.0,12677.82,5192.0,12914.95,5452.0,13047.94
8947.0,11761.68,1771.0,12997.42,13141.0,12036.12,3055.0,12327.3,5192.0,12663.03,5452.0,12797.37,3341.0,12933.47
1771.0,11871.73,13141.0,13121.34,3055.0,12067.9,5192.0,12310.9,5452.0,12565.65,3341.0,12680.15,6098.0,12798.61
13141.0,11946.97,3055.0,13207.52,5192.0,12043.45,5452.0,12237.93,3341.0,12393.1,6098.0,12526.45,3336.0,12619.11
3055.0,11932.94,5192.0,13235.65,5452.0,11969.14,3341.0,12120.02,6098.0,12255.93,3336.0,12484.58,33182.0,12549.16
5192.0,11899.55,5452.0,13209.09,3341.0,11875.16,6098.0,12008.11,3336.0,12097.86,33182.0,12404.24,1065.0,12447.66
5452.0,11837.83,3341.0,13111.56,6098.0,11815.95,3336.0,11983.42,33182.0,12056.92,1065.0,12365.61,9544.0,12414.57
3341.0,11798.85,6098.0,13084.19,3336.0,11738.91,33182.0,11892.83,1065.0,11946.95,9544.0,12326.39,75739.0,12359.26
6098.0,11748.93,3336.0,13040.94,33182.0,11654.24,1065.0,11800.14,9544.0,11835.52,75739.0,12288.8,1141.0,12306.81
3336.0,11651.27,33182.0,12913.55,1065.0,11579.23,9544.0,11768.76,75739.0,11820.68,1141.0,12301.34,34498.0,12326.84
33182.0,11607.11,1065.0,12840.68,9544.0,11552.41,75739.0,11774.05,1141.0,11827.3,34498.0,12298.25,377.0,12332.81
1065.0,11472.33,9544.0,12797.61,75739.0,11504.95,1141.0,11715.6,34498.0,11954.47,377.0,12576.35,58313.0,12603.32
9544.0,11451.58,75739.0,12709.77,1141.0,11541.68,34498.0,11819.97,377.0,12064.15,58313.0,12597.22,3017.0,12655.45
75739.0,11500.98,1141.0,12737.07,34498.0,11621.99,377.0,11913.98,58313.0,12156.94,3017.0,12600.39,220.0,12675.86
1141.0,11308.98,34498.0,12712.41,377.0,11687.37,58313.0,11969.8,3017.0,12613.21,220.0,13207.16,1554.0,13294.57
34498.0,11407.07,377.0,12684.73,58313.0,11850.64,3017.0,12216.34,220.0,12801.6,1554.0,13154.81,21375.0,13299.9
377.0,11566.09,58313.0,12838.69,3017.0,12056.82,220.0,12408.48,1554.0,13001.9,21375.0,13188.18,4418.0,13359.55
58313.0,11792.01,3017.0,13017.22,220.0,12210.27,1554.0,12535.12,21375.0,12981.72,4418.0,12993.02,7746.0,13172.34
3017.0,11833.83,220.0,13176.76,1554.0,12268.28,21375.0,12519.46,4418.0,13076.02,7746.0,13168.15,12644.0,13325.78
220.0,11945.29,1554.0,13247.84,21375.0,12307.28,4418.0,12549.58,7746.0,12990.26,12644.0,13014.29,3417.0,13170.17
1554.0,12055.99,21375.0,13341.66,4418.0,12305.93,7746.0,12510.17,12644.0,12811.65,3417.0,12803.36,71730.0,12939.7
9157.0,11646.32,8804.0,12910.01,2631.0,11946.36,6556.0,12245.77,9047.0,12650.46,9440.0,12886.41,6997.0,13014.91
8804.0,11766.63,2631.0,13019.67,6556.0,12024.3,9047.0,12299.55,9440.0,12634.61,6997.0,12795.88,5375.0,12923.62
2631.0,11864.22,6556.0,13126.1,9047.0,12052.4,9440.0,12286.67,6997.0,12546.38,5375.0,12686.9,17142.0,12799.73
6556.0,11931.03,9047.0,13172.47,9440.0,12068.25,6997.0,12288.88,5375.0,12468.51,17142.0,12564.22,9768.0,12671.93
9047.0,11965.11,9440.0,13239.97,6997.0,12009.41,5375.0,12175.22,17142.0,12288.44,9768.0,12454.53,575.0,12530.24
9440.0,11925.06,6997.0,13239.96,5375.0,11900.53,17142.0,12025.28,9768.0,12114.2,575.0,12403.68,6527.0,12447.59
6997.0,11837.03,5375.0,13173.22,17142.0,11782.35,9768.0,11898.12,575.0,11993.3,6527.0,12400.15,6367.0,12424.49
5375.0,11730.11,17142.0,13018.68,9768.0,11705.81,575.0,11881.58,6527.0,11987.94,6367.0,12404.19,29287.0,12441.99
17142.0,11690.58,9768.0,12962.26,575.0,11665.37,6527.0,11858.32,6367.0,11956.94,29287.0,12386.62,9946.0,12425.63
9768.0,11617.84,575.0,12914.58,6527.0,11622.14,6367.0,11819.72,29287.0,11981.72,9946.0,12477.04,6474.0,12513.36
575.0,11563.88,6527.0,12823.17,6367.0,11624.49,29287.0,11873.78,9946.0,12069.21,6474.0,12527.74,2543.0,12585.57
6527.0,11608.71,6367.0,12831.62,29287.0,11665.34,9946.0,11929.0,6474.0,12079.9,2543.0,12464.29,4726.0,12532.62
6367.0,11653.55,29287.0,12875.64,9946.0,11692.54,6474.0,11943.03,2543.0,12066.49,4726.0,12422.04,1334.0,12488.57
29287.0,11683.33,9946.0,12921.48,6474.0,11687.93,2543.0,11912.47,4726.0,12011.15,1334.0,12383.91,1570.0,12438.93
9946.0,11588.76,6474.0,12904.02,2543.0,11644.61,4726.0,11850.53,1334.0,12081.73,1570.0,12581.39,7865.0,12625.46
6474.0,11551.39,2543.0,12838.28,4726.0,11653.84,1334.0,11901.19,1570.0,12163.24,7865.0,12637.46,51981.0,12699.22
2543.0,11585.74,4726.0,12833.81,1334.0,11711.1,1570.0,11983.54,7865.0,12226.25,51981.0,12613.2,4502.0,12693.06
4726.0,11665.79,1334.0,12887.3,1570.0,11768.65,7865.0,12036.94,51981.0,12218.37,4502.0,12523.95,2715.0,12609.12
1334.0,11735.57,1570.0,12961.52,7865.0,11790.55,51981.0,12029.25,4502.0,12154.42,2715.0,12438.18,9886.0,12513.45
1570.0,11775.44,7865.0,12994.42,51981.0,11786.33,4502.0,12009.04,2715.0,12077.68,9886.0,12348.86,6682.0,12416.04
7865.0,11798.67,51981.0,13031.56,4502.0,11746.97,2715.0,11936.81,9886.0,11952.34,6682.0,12261.72,9742.0,12309.48
51981.0,11756.63,4502.0,13033.76,2715.0,11655.35,9886.0,11807.06,6682.0,11821.13,9742.0,12249.54,46537.0,12270.05
4502.0,11456.61,2715.0,12894.6,9886.0,11515.2,6682.0,11660.43,9742.0,12016.24,46537.0,12760.58,973.0,12763.88
2715.0,11361.87,9886.0,12694.96,6682.0,11537.87,9742.0,11808.16,46537.0,12212.13,973.0,12851.36,1520.0,12907.5
9886.0,11422.05,6682.0,12636.33,9742.0,11687.74,46537.0,12045.19,973.0,12415.1,1520.0,12801.98,3926.0,12916.5
6682.0,11583.26,9742.0,12773.27,46537.0,11844.72,973.0,12188.18,1520.0,12500.84,3926.0,12726.92,38208.0,12857.36
9742.0,11739.64,46537.0,12936.96,973.0,11938.46,1520.0,12234.91,3926.0,12467.17,38208.0,12617.32,72181.0,12739.45
46537.0,11833.1,973.0,13069.0,1520.0,11951.32,3926.0,12186.08,38208.0,12360.34,72181.0,12533.37,232.0,12630.33
973.0,11709.34,1520.0,13080.06,3926.0,11885.55,38208.0,12071.76,72181.0,12438.7,232.0,12820.48,7537.0,12891.67
1520.0,11698.77,3926.0,13011.3,38208.0,11876.78,72181.0,12106.51,232.0,12433.06,7537.0,12774.05,7229.0,12859.56
3926.0,11758.52,38208.0,13027.23,72181.0,11908.16,232.0,12145.68,7537.0,12394.31,7229.0,12656.22,1290.0,12748.38
38208.0,11822.42,72181.0,13077.4,232.0,11918.68,7537.0,12136.84,7229.0,12308.83,1290.0,12534.74,117.0,12619.57
72181.0,11693.37,232.0,12987.1,7537.0,11901.53,7229.0,12147.63,1290.0,12480.45,117.0,12764.85,4780.0,12862.86
232.0,11512.84,7537.0,12955.82,7229.0,11903.82,1290.0,12136.38,117.0,12795.31,4780.0,13268.78,1316.0,13365.49
7537.0,11582.75,7229.0,12900.21,1290.0,12014.01,117.0,12324.81,4780.0,12905.46,1316.0,13180.26,8231.0,13325.3
7229.0,11755.7,1290.0,13011.78,117.0,12160.63,4780.0,12471.13,1316.0,12941.17,8231.0,13027.13,1062.0,13192.62
1290.0,11924.86,117.0,13171.41,4780.0,12237.46,1316.0,12502.08,8231.0,12848.58,1062.0,12849.67,1413.0,13003.93
117.0,12047.14,4780.0,13302.05,1316.0,12235.64,8231.0,12441.12,1062.0,12656.28,1413.0,12649.42,5719.0,12775.22
4780.0,12093.1,1316.0,13331.76,8231.0,12222.41,1062.0,12411.86,1413.0,12544.99,5719.0,12515.92,2627.0,12631.56
1316.0,12108.2,8231.0,13404.97,1062.0,12099.33,1413.0,12207.47,5719.0,12255.86,2627.0,12367.66,4476.0,12431.44
8231.0,12046.06,1062.0,13377.12,1413.0,11932.72,5719.0,11994.11,2627.0,11981.34,4476.0,12250.83,11202.0,12272.56
1062.0,11906.19,1413.0,13274.04,5719.0,11744.64,2627.0,11788.08,4476.0,11786.61,11202.0,12244.17,4043.0,12234.28
1413.0,11748.04,5719.0,13081.98,2627.0,11576.56,4476.0,11667.25,11202.0,11661.08,4043.0,12218.9,19997.0,12204.4
5719.0,11522.81,2627.0,12738.11,4476.0,11436.3,11202.0,11673.6,4043.0,11697.25,19997.0,12239.47,14029.0,12263.96
2627.0,11516.59,4476.0,12745.45,11202.0,11428.38,4043.0,11656.86,19997.0,11691.28,14029.0,12254.45,7819.0,12274.76
4476.0,11505.18,11202.0,12723.04,4043.0,11426.77,19997.0,11667.85,14029.0,11704.92,7819.0,12258.4,7840.0,12283.42
11202.0,11499.94,4043.0,12714.22,19997.0,11432.86,14029.0,11680.8,7819.0,11726.73,7840.0,12271.56,7727.0,12300.33
4043.0,11476.82,19997.0,12717.08,14029.0,11430.51,7819.0,11672.12,7840.0,11765.04,7727.0,12343.85,30409.0,12370.67
19997.0,11476.19,14029.0,12708.29,7819.0,11444.5,7840.0,11696.94,7727.0,11797.94,30409.0,12360.99,32664.0,12393.8
14029.0,11429.18,7819.0,12692.52,7840.0,11463.69,7727.0,11723.56,30409.0,11922.32,32664.0,12510.52,6719.0,12550.9
7819.0,11420.56,7840.0,12679.92,7727.0,11515.86,30409.0,11799.12,32664.0,12054.83,6719.0,12606.3,8099.0,12664.06
7840.0,11470.61,7727.0,12693.68,30409.0,11610.23,32664.0,11921.0,6719.0,12176.87,8099.0,12615.74,4221.0,12698.03
7727.0,11564.54,30409.0,12778.72,32664.0,11699.35,6719.0,11998.22,8099.0,12222.96,4221.0,12577.62,2488.0,12666.98
30409.0,11650.24,32664.0,12871.09,6719.0,11755.32,8099.0,12026.93,4221.0,12212.74,2488.0,12525.06,483.0,12610.24
32664.0,11621.96,6719.0,12915.11,8099.0,11763.65,4221.0,12004.34,2488.0,12291.67,483.0,12680.24,8083.0,12756.01
6719.0,11561.38,8099.0,12898.34,4221.0,11778.64,2488.0,12025.43,483.0,12435.06,8083.0,12875.85,2149.0,12957.77
8099.0,11611.32,4221.0,12890.71,2488.0,11854.83,483.0,12137.25,8083.0,12513.42,2149.0,12840.03,2852.0,12946.88
4221.0,11712.95,2488.0,12957.34,483.0,11944.38,8083.0,12226.93,2149.0,12540.38,2852.0,12752.29,40320.0,12871.14
2488.0,11825.18,483.0,13062.66,8083.0,11990.04,2149.0,12238.88,2852.0,12461.59,40320.0,12619.2,156.0,12728.53
483.0,11896.33,8083.0,13129.1,2149.0,11993.53,2852.0,12213.16,40320.0,12352.85,156.0,12489.91,5585.0,12585.98
8083.0,11942.38,2149.0,13187.28,2852.0,11951.36,40320.0,12128.2,156.0,12183.99,5585.0,12354.3,3413.0,12425.45
2149.0,11911.24,2852.0,13201.29,40320.0,11848.78,156.0,11978.39,5585.0,12009.81,3413.0,12302.29,4069.0,12340.45
2852.0,11846.37,40320.0,13149.21,156.0,11730.51,5585.0,11845.38,3413.0,11849.12,4069.0,12247.92,50508.0,12263.64
40320.0,11759.85,156.0,13065.84,5585.0,11613.52,3413.0,11730.14,4069.0,11723.72,50508.0,12219.24,39070.0,12219.86
156.0,11469.16,5585.0,12863.69,3413.0,11466.68,4069.0,11619.65,50508.0,11881.14,39070.0,12611.54,7619.0,12610.45
5585.0,11368.8,3413.0,12634.73,4069.0,11488.7,50508.0,11784.41,39070.0,12078.31,7619.0,12669.13,4627.0,12727.67
3413.0,11447.41,4069.0,12660.21,50508.0,11612.35,39070.0,11940.07,7619.0,12212.84,4627.0,12643.69,6236.0,12733.0
4069.0,11575.34,50508.0,12759.47,39070.0,11728.89,7619.0,12049.25,4627.0,12260.46,6236.0,12558.59,1803.0,12660.33
50508.0,11697.42,39070.0,12890.26,7619.0,11793.26,4627.0,12071.03,6236.0,12211.92,1803.0,12457.91,4619.0,12549.74
39070.0,11580.56,7619.0,12931.45,4627.0,11760.23,6236.0,11979.3,1803.0,12353.13,4619.0,12808.02,5446.0,12875.58
7619.0,11478.43,4627.0,12859.85,6236.0,11777.29,1803.0,12033.24,4619.0,12570.3,5446.0,13074.11,22648.0,13160.61
4627.0,11555.03,6236.0,12843.81,1803.0,11910.07,4619.0,12224.56,5446.0,12719.66,22648.0,13029.57,7820.0,13160.37
6236.0,11720.3,1803.0,12958.72,4619.0,12044.19,5446.0,12351.88,22648.0,12741.42,7820.0,12883.59,9950.0,13029.43
1803.0,11874.68,4619.0,13110.73,5446.0,12113.43,22648.0,12373.81,7820.0,12652.98,9950.0,12723.86,12380.0,12857.12
4619.0,11953.22,5446.0,13163.84,22648.0,12145.49,7820.0,12394.45,9950.0,12590.46,12380.0,12596.13,931.0,12727.47
5446.0,12026.96,22648.0,13287.16,7820.0,12084.49,9950.0,12251.65,12380.0,12350.26,931.0,12440.6,9837.0,12527.17
22648.0,12006.99,7820.0,13309.32,9950.0,11968.35,12380.0,12081.67,931.0,12127.84,9837.0,12344.86,5401.0,12392.81
7820.0,11850.74,9950.0,13231.88,12380.0,11800.3,931.0,11884.68,9837.0,12017.68,5401.0,12458.16,9968.0,12473.34
9950.0,11718.15,12380.0,13082.52,931.0,11683.92,9837.0,11808.91,5401.0,11972.13,9968.0,12499.22,2035.0,12514.2
12380.0,11582.6,931.0,12877.09,9837.0,11617.33,5401.0,11832.72,9968.0,12029.77,2035.0,12536.33,4028.0,12579.14
931.0,11527.64,9837.0,12763.95,5401.0,11647.02,9968.0,11933.7,2035.0,12170.56,4028.0,12590.94,44083.0,12668.16
9837.0,11615.0,5401.0,12820.9,9968.0,11718.45,2035.0,12005.1,4028.0,12183.19,44083.0,12509.63,8947.0,12595.47
5401.0,11678.52,9968.0,12903.7,2035.0,11751.25,4028.0,12005.51,44083.0,12158.42,8947.0,12473.19,2829.0,12550.08
9968.0,11718.74,2035.0,12953.76,4028.0,11752.46,44083.0,11982.4,8947.0,12099.55,2829.0,12420.31,212.0,12486.64
2035.0,11715.86,4028.0,12980.53,44083.0,11718.0,8947.0,11919.65,2829.0,12033.11,212.0,12411.95,6217.0,12462.12
4028.0,11711.22,44083.0,12970.36,8947.0,11682.11,2829.0,11878.48,212.0,11958.31,6217.0,12358.79,3659.0,12401.08
44083.0,11695.73,8947.0,12955.68,2829.0,11641.07,212.0,11830.53,6217.0,11888.55,3659.0,12319.5,3456.0,12353.27
8947.0,11482.83,2829.0,12844.12,212.0,11571.97,6217.0,11773.84,3659.0,12092.06,3456.0,12704.88,366.0,12738.59
2829.0,11437.76,212.0,12736.68,6217.0,11611.6,3659.0,11891.02,3456.0,12250.84,366.0,12784.61,37464.0,12854.79
212.0,11521.67,6217.0,12749.62,3659.0,11731.01,3456.0,12049.67,366.0,12363.39,37464.0,12723.7,8867.0,12826.78
6217.0,11662.99,3659.0,12850.16,3456.0,11842.46,366.0,12153.45,37464.0,12374.57,8867.0,12590.76,4471.0,12704.8
2788.0,11806.83,2889.0,13070.88,3091.0,12294.88,30096.0,12606.74,9998.0,13145.92,2985.0,13154.1,72736.0,13344.12
2889.0,11982.42,3091.0,13210.04,30096.0,12374.18,9998.0,12655.25,2985.0,13042.54,72736.0,12931.84,1234.0,13116.46
3091.0,12121.3,30096.0,13363.87,9998.0,12378.92,2985.0,12594.42,72736.0,12846.08,1234.0,12727.03,1455.0,12879.98
30096.0,12190.56,9998.0,13468.44,2985.0,12314.38,72736.0,12459.78,1234.0,12603.28,1455.0,12551.95,6893.0,12663.19
9998.0,12082.98,2985.0,13472.4,72736.0,12153.02,1234.0,12230.51,1455.0,12440.41,6893.0,12628.68,8303.0,12690.6
2985.0,11963.49,72736.0,13359.56,1234.0,11997.91,1455.0,12083.72,6893.0,12292.33,8303.0,12615.57,1558.0,12657.95
72736.0,11885.35,1234.0,13246.59,1455.0,11894.24,6893.0,12006.52,8303.0,12174.61,1558.0,12539.59,7649.0,12577.78
1234.0,11478.73,1455.0,12972.11,6893.0,11739.26,8303.0,11904.12,1558.0,12484.97,7649.0,13135.28,46926.0,13179.24
1455.0,11395.04,6893.0,12662.74,8303.0,11825.35,1558.0,12195.82,7649.0,12762.91,46926.0,13122.28,58526.0,13265.54
6893.0,11618.27,8303.0,12822.6,1558.0,12024.54,7649.0,12388.47,46926.0,12835.73,58526.0,12962.65,9908.0,13130.79
8303.0,11827.5,1558.0,13030.92,7649.0,12141.92,46926.0,12449.17,58526.0,12774.5,9908.0,12793.85,56318.0,12951.72
1558.0,11964.64,7649.0,13204.28,46926.0,12161.98,58526.0,12393.9,9908.0,12619.0,56318.0,12646.82,4860.0,12773.13
7649.0,12033.65,46926.0,13301.88,58526.0,12107.18,9908.0,12274.13,56318.0,12394.5,4860.0,12481.56,3780.0,12570.88
46926.0,12010.73,58526.0,13323.4,9908.0,11990.99,56318.0,12103.58,4860.0,12176.53,3780.0,12391.76,8420.0,12442.6
58526.0,11765.98,9908.0,13200.52,56318.0,11848.12,4860.0,11953.91,3780.0,12273.07,8420.0,12748.42,1664.0,12780.72
9908.0,11487.03,56318.0,12988.68,4860.0,11777.88,3780.0,11952.28,8420.0,12578.04,1664.0,13219.49,6335.0,13272.4
56318.0,11489.37,4860.0,12851.7,3780.0,11888.59,8420.0,12177.82,1664.0,12785.64,6335.0,13209.14,45615.0,13327.85
4860.0,11458.68,3780.0,12758.18,8420.0,12062.48,1664.0,12435.86,6335.0,13167.62,45615.0,13389.91,23045.0,13577.98
3780.0,11731.54,8420.0,12971.5,1664.0,12273.33,6335.0,12622.63,45615.0,13200.76,23045.0,13198.8,57170.0,13404.76
8420.0,11971.04,1664.0,13204.05,6335.0,12378.29,45615.0,12662.7,23045.0,13073.28,57170.0,12968.06,5269.0,13155.63
1664.0,12113.14,6335.0,13377.56,45615.0,12378.78,23045.0,12586.6,57170.0,12870.72,5269.0,12779.78,45118.0,12930.15
6335.0,12180.94,45615.0,13473.92,23045.0,12305.15,57170.0,12445.08,5269.0,12608.0,45118.0,12584.95,2306.0,12692.82
45615.0,12156.61,23045.0,13494.87,57170.0,12161.24,5269.0,12239.32,45118.0,12329.55,2306.0,12449.63,485.0,12510.8
23045.0,11890.42,57170.0,13369.02,5269.0,11947.0,45118.0,11993.74,2306.0,12301.19,485.0,12751.4,6007.0,12773.87
57170.0,11702.22,5269.0,13132.41,45118.0,11856.07,2306.0,12002.28,485.0,12405.38,6007.0,12896.67,8562.0,12946.23
5269.0,11519.88,45118.0,12952.87,2306.0,11884.71,485.0,12117.1,6007.0,12748.29,8562.0,13235.59,557.0,13329.5
45118.0,11603.1,2306.0,12915.83,485.0,12016.46,6007.0,12320.56,8562.0,12877.91,557.0,13143.91,9554.0,13287.54
2306.0,11643.44,485.0,12924.34,6007.0,12170.41,8562.0,12509.64,557.0,13128.4,9554.0,13239.63,8529.0,13425.4
485.0,11865.06,6007.0,13108.86,8562.0,12303.48,557.0,12608.36,9554.0,13077.56,8529.0,13043.95,5235.0,13230.34
6007.0,12045.58,8562.0,13289.75,557.0,12343.24,9554.0,12584.06,8529.0,12892.99,5235.0,12811.49,77566.0,12971.0
8562.0,12135.76,557.0,13413.7,9554.0,12298.44,8529.0,12467.05,5235.0,12662.44,77566.0,12631.52,3061.0,12750.99
557.0,12131.35,9554.0,13458.71,8529.0,12178.05,5235.0,12281.65,77566.0,12409.52,3061.0,12509.45,351.0,12583.8
9554.0,12082.96,8529.0,13423.95,5235.0,12033.26,77566.0,12104.57,3061.0,12158.09,351.0,12374.26,6464.0,12414.3
8529.0,11974.26,5235.0,13322.57,77566.0,11894.33,3061.0,11969.05,351.0,12020.26,6464.0,12346.44,7742.0,12369.2
5235.0,11844.4,77566.0,13198.62,3061.0,11747.22,351.0,11834.73,6464.0,11900.71,7742.0,12351.5,633.0,12359.54
77566.0,11703.36,3061.0,12996.8,351.0,11638.94,6464.0,11802.76,7742.0,11879.25,633.0,12350.92,9202.0,12374.31
3061.0,11307.56,351.0,12824.59,6464.0,11529.99,7742.0,11693.57,633.0,12285.49,9202.0,13124.28,2288.0,13138.6
351.0,11233.28,6464.0,12527.67,7742.0,11654.75,633.0,12033.54,9202.0,12644.85,2288.0,13170.84,5593.0,13293.06
6464.0,11460.62,7742.0,12662.31,633.0,11905.91,9202.0,12305.48,2288.0,12812.04,5593.0,13033.97,9372.0,13201.89
7742.0,11715.91,633.0,12901.7,9202.0,12084.48,2288.0,12433.02,5593.0,12810.04,9372.0,12860.18,4373.0,13029.05
633.0,11901.68,9202.0,13112.78,2288.0,12158.31,5593.0,12433.08,9372.0,12697.56,4373.0,12702.11,8529.0,12847.11
9202.0,12018.13,2288.0,13254.18,5593.0,12146.35,9372.0,12351.43,4373.0,12496.89,8529.0,12522.15,21681.0,12633.21
2288.0,12027.72,5593.0,13324.16,9372.0,12042.98,4373.0,12174.21,8529.0,12263.21,21681.0,12421.55,8651.0,12487.23
5593.0,11984.28,9372.0,13299.48,4373.0,11920.55,8529.0,12021.7,21681.0,12058.99,8651.0,12327.54,2544.0,12363.48
9372.0,11893.95,4373.0,13228.06,8529.0,11780.3,21681.0,11866.9,8651.0,11888.92,2544.0,12285.73,9222.0,12297.08
4373.0,11761.85,8529.0,13113.0,21681.0,11638.54,8651.0,11732.38,2544.0,11785.66,9222.0,12317.89,7812.0,12313.74
8529.0,11527.24,21681.0,12751.88,8651.0,11513.88,2544.0,11768.18,9222.0,11869.77,7812.0,12367.96,8002.0,12411.07
21681.0,11534.25,8651.0,12767.25,2544.0,11529.45,9222.0,11779.66,7812.0,11895.01,8002.0,12390.38,1725.0,12434.32
8651.0,11486.88,2544.0,12767.2,9222.0,11531.32,7812.0,11773.81,8002.0,11985.4,1725.0,12538.46,1518.0,12581.33
2544.0,11483.73,9222.0,12737.31,7812.0,11574.83,8002.0,11850.51,1725.0,12085.63,1518.0,12583.06,220.0,12645.36
9222.0,11549.17,7812.0,12763.19,8002.0,11651.37,1725.0,11944.02,1518.0,12141.65,220.0,12532.93,5575.0,12612.14
7812.0,11620.21,8002.0,12844.01,1725.0,11703.29,1518.0,11971.46,220.0,12144.66,5575.0,12499.53,2098.0,12575.75
8002.0,11665.49,1725.0,12893.39,1518.0,11731.35,220.0,11984.33,5575.0,12136.13,2098.0,12469.7,68997.0,12543.22
1725.0,11694.83,1518.0,12941.33,220.0,11727.75,5575.0,11954.23,2098.0,12085.61,68997.0,12439.83,8082.0,12501.64
1518.0,11717.87,220.0,12959.88,5575.0,11712.02,2098.0,11925.57,68997.0,12011.44,8082.0,12369.87,3753.0,12423.3
220.0,11729.57,5575.0,12967.99,2098.0,11684.59,68997.0,11885.46,8082.0,11927.37,3753.0,12297.72,302.0,12341.66
5575.0,11730.81,2098.0,12974.0,68997.0,11635.64,8082.0,11816.12,3753.0,11812.32,302.0,12220.95,4591.0,12249.56
2098.0,11683.34,68997.0,12944.63,8082.0,11563.79,3753.0,11731.85,302.0,11729.05,4591.0,12212.87,8873.0,12227.25
68997.0,11618.64,8082.0,12858.54,3753.0,11506.86,302.0,11703.31,4591.0,11703.92,8873.0,12211.38,8120.0,12229.1
8082.0,11257.81,3753.0,12716.25,302.0,11406.4,4591.0,11594.69,8873.0,12081.04,8120.0,12943.23,5585.0,12949.96
3753.0,11188.93,302.0,12520.6,4591.0,11500.28,8873.0,11836.3,8120.0,12391.67,5585.0,13074.16,66406.0,13154.44
302.0,11344.66,4591.0,12562.39,8873.0,11742.56,8120.0,12141.52,5585.0,12643.81,66406.0,13007.69,1477.0,13151.19
4591.0,11596.52,8873.0,12759.87,8120.0,11957.44,5585.0,12337.28,66406.0,12709.47,1477.0,12831.5,1120.0,12995.56
8873.0,11814.46,8120.0,12989.22,5585.0,12073.53,66406.0,12384.9,1477.0,12634.18,1120.0,12660.61,43091.0,12808.9
8120.0,11940.28,5585.0,13170.56,66406.0,12075.52,1477.0,12299.02,1120.0,12460.62,43091.0,12530.94,35930.0,12640.38
5585.0,11963.06,66406.0,13245.13,1477.0,11996.36,1120.0,12154.14,43091.0,12261.73,35930.0,12441.78,9180.0,12512.02
66406.0,11920.06,1477.0,13232.52,1120.0,11878.69,43091.0,12000.79,35930.0,12071.77,9180.0,12373.55,5878.0,12412.64
1477.0,11556.44,1120.0,13066.9,43091.0,11704.31,35930.0,11812.15,9180.0,12289.33,5878.0,12973.44,3913.0,12988.23
1120.0,11462.55,43091.0,12836.14,35930.0,11715.16,9180.0,11963.85,5878.0,12450.86,3913.0,13007.77,2218.0,13080.24
43091.0,11462.83,35930.0,12661.9,9180.0,11834.19,5878.0,12219.07,3913.0,12659.72,2218.0,12925.15,18962.0,13074.31
35930.0,11586.12,9180.0,12844.96,5878.0,12001.8,3913.0,12340.11,2218.0,12849.02,18962.0,13044.08,6330.0,13199.57
6278.0,12041.08,2015.0,13341.6,9065.0,12118.3,242.0,12265.02,7618.0,12416.8,8104.0,12533.85,1720.0,12617.19
2015.0,12006.61,9065.0,13332.94,242.0,12003.94,7618.0,12114.76,8104.0,12218.3,1720.0,12444.78,5317.0,12496.99
9065.0,11968.24,242.0,13266.57,7618.0,11936.48,8104.0,12062.6,1720.0,12120.95,5317.0,12362.4,6547.0,12410.65
242.0,11886.29,7618.0,13218.07,8104.0,11804.83,1720.0,11905.61,5317.0,11959.6,6547.0,12337.84,9857.0,12358.58
7618.0,11806.36,8104.0,13126.84,1720.0,11687.98,5317.0,11796.7,6547.0,11820.3,9857.0,12278.83,3143.0,12286.43
8104.0,11604.46,1720.0,12832.95,5317.0,11574.14,6547.0,11806.91,9857.0,11879.12,3143.0,12327.64,7282.0,12370.05
1720.0,11591.49,5317.0,12837.86,6547.0,11555.4,9857.0,11777.39,3143.0,11862.78,7282.0,12347.48,7781.0,12383.21
5317.0,11592.42,6547.0,12830.75,9857.0,11542.98,3143.0,11766.1,7282.0,11831.95,7781.0,12318.69,12116.0,12352.58
6547.0,11582.83,9857.0,12819.78,3143.0,11532.18,7282.0,11756.9,7781.0,11821.68,12116.0,12314.3,5671.0,12347.51
9857.0,11565.45,3143.0,12802.17,7282.0,11522.86,7781.0,11753.16,12116.0,11828.91,5671.0,12329.16,1830.0,12363.6
3143.0,11538.74,7282.0,12783.17,7781.0,11517.59,12116.0,11754.37,5671.0,11862.92,1830.0,12378.64,5453.0,12415.54
7282.0,11544.95,7781.0,12773.15,12116.0,11530.41,5671.0,11779.24,1830.0,11879.47,5453.0,12368.87,2407.0,12411.94
7781.0,11554.83,12116.0,12789.28,5671.0,11541.04,1830.0,11783.97,5453.0,11887.78,2407.0,12374.84,1863.0,12417.21
12116.0,11553.54,5671.0,12785.53,1830.0,11554.22,5453.0,11803.53,2407.0,11919.38,1863.0,12393.85,2979.0,12440.84
5671.0,11546.6,1830.0,12800.46,5453.0,11559.19,2407.0,11799.31,1863.0,11946.87,2979.0,12444.16,4799.0,12488.72
1830.0,11553.17,5453.0,12790.32,2407.0,11581.04,1863.0,11836.05,2979.0,11983.05,4799.0,12447.07,6319.0,12500.4
5453.0,11594.15,2407.0,12808.91,1863.0,11614.73,2979.0,11874.7,4799.0,11986.66,6319.0,12396.16,15720.0,12455.46
2407.0,11632.18,1863.0,12857.24,2979.0,11625.29,4799.0,11863.14,6319.0,11949.51,15720.0,12356.84,103.0,12408.42
1863.0,11654.98,2979.0,12881.52,4799.0,11617.31,6319.0,11840.59,15720.0,11894.05,103.0,12305.53,7868.0,12349.58
2979.0,11663.08,4799.0,12892.14,6319.0,11593.15,15720.0,11802.86,103.0,11825.51,7868.0,12255.03,67337.0,12289.93
4799.0,11648.64,6319.0,12881.27,15720.0,11557.2,103.0,11759.92,7868.0,11767.69,67337.0,12227.22,5900.0,12254.32
6319.0,11616.8,15720.0,12866.18,103.0,11506.58,7868.0,11697.57,67337.0,11708.16,5900.0,12227.01,16478.0,12242.77
15720.0,11560.82,103.0,12816.65,7868.0,11459.25,67337.0,11658.64,5900.0,11694.97,16478.0,12262.65,38943.0,12275.67
103.0,11469.2,7868.0,12748.37,67337.0,11423.26,5900.0,11640.96,16478.0,11769.16,38943.0,12400.42,20195.0,12417.26
7868.0,11452.59,67337.0,12677.74,5900.0,11450.4,16478.0,11720.86,38943.0,11848.97,20195.0,12405.07,3554.0,12446.12
67337.0,11478.38,5900.0,12694.0,16478.0,11502.11,38943.0,11781.43,20195.0,11919.44,3554.0,12421.77,7635.0,12473.99
5900.0,11260.54,16478.0,12663.34,38943.0,11516.0,20195.0,11773.08,3554.0,12314.36,7635.0,13034.06,611.0,13085.24
16478.0,11291.75,38943.0,12576.07,20195.0,11661.64,3554.0,12025.16,7635.0,12573.73,611.0,13074.68,3794.0,13190.57
38943.0,11463.65,20195.0,12697.9,3554.0,11882.88,7635.0,12258.26,611.0,12774.13,3794.0,13044.97,77128.0,13199.35
20195.0,11614.01,3554.0,12884.5,7635.0,12060.65,611.0,12395.23,3794.0,12940.04,77128.0,13111.07,11376.0,13275.1
3554.0,11777.56,7635.0,13046.86,611.0,12187.02,3794.0,12487.52,77128.0,12971.76,11376.0,13045.95,32922.0,13212.34
7635.0,11939.16,611.0,13194.01,3794.0,12253.08,77128.0,12511.73,11376.0,12867.36,32922.0,12866.68,3196.0,13021.34
611.0,12041.04,3794.0,13314.26,77128.0,12245.1,11376.0,12446.16,32922.0,12696.88,3196.0,12707.01,3212.0,12833.4
3794.0,12098.13,77128.0,13380.37,11376.0,12191.39,32922.0,12344.61,3196.0,12485.69,3212.0,12530.93,8116.0,12627.32
77128.0,12085.96,11376.0,13403.16,32922.0,12067.04,3196.0,12163.75,3212.0,12227.05,8116.0,12391.2,2423.0,12446.25
11376.0,11655.72,32922.0,13219.7,3196.0,11837.28,3212.0,11900.8,8116.0,12429.78,2423.0,13070.63,4324.0,13086.49
32922.0,11532.0,3196.0,12909.31,3212.0,11869.73,8116.0,12129.93,2423.0,12686.4,4324.0,13129.68,49188.0,13229.57
3196.0,11578.74,3212.0,12919.68,8116.0,12005.05,2423.0,12299.91,4324.0,12896.04,49188.0,13198.83,9685.0,13336.44
3212.0,11743.4,8116.0,13003.3,2423.0,12148.31,4324.0,12457.74,49188.0,12933.04,9685.0,13032.7,3215.0,13196.51
8116.0,11890.19,2423.0,13103.44,4324.0,12238.9,49188.0,12536.44,9685.0,12890.26,3215.0,12854.51,2238.0,13024.32
2423.0,12022.96,4324.0,13256.85,49188.0,12267.69,9685.0,12503.99,3215.0,12755.95,2238.0,12704.24,6201.0,12849.26
4324.0,12103.43,49188.0,13375.74,9685.0,12205.63,3215.0,12365.55,2238.0,12502.9,6201.0,12523.53,46116.0,12624.68
49188.0,12096.29,9685.0,13407.17,3215.0,12087.05,2238.0,12189.04,6201.0,12253.34,46116.0,12393.7,33082.0,12453.46
9685.0,11814.79,3215.0,13289.5,2238.0,11871.54,6201.0,11933.16,46116.0,12250.41,33082.0,12752.28,3624.0,12770.29
3215.0,11661.39,2238.0,13070.59,6201.0,11782.27,46116.0,11937.83,33082.0,12297.99,3624.0,12823.83,9910.0,12866.01
2238.0,11587.81,6201.0,12848.94,46116.0,11792.67,33082.0,12078.82,3624.0,12405.0,9910.0,12756.67,9391.0,12854.63
6201.0,11700.4,46116.0,12920.11,33082.0,11877.36,3624.0,12161.24,9910.0,12401.67,9391.0,12630.12,45815.0,12737.94
46116.0,11771.44,33082.0,12967.65,3624.0,11932.24,9910.0,12213.34,9391.0,12402.87,45815.0,12551.29,9442.0,12665.19
33082.0,11703.88,3624.0,13041.79,9910.0,11902.8,9391.0,12116.13,45815.0,12475.35,9442.0,12806.25,54330.0,12891.24
3624.0,11630.23,9910.0,12997.29,9391.0,11897.02,45815.0,12128.73,9442.0,12597.42,54330.0,12987.21,22188.0,13079.5
9910.0,11692.44,9391.0,12983.97,45815.0,11972.93,9442.0,12244.68,54330.0,12649.96,22188.0,12905.33,49320.0,13024.52
9391.0,11792.98,45815.0,13060.98,9442.0,12040.22,54330.0,12299.1,22188.0,12632.51,49320.0,12801.3,59188.0,12923.89
45815.0,11879.44,9442.0,13149.62,54330.0,12064.79,22188.0,12289.84,49320.0,12550.14,59188.0,12691.41,6436.0,12802.09
9442.0,11774.36,54330.0,13098.42,22188.0,12068.33,49320.0,12305.6,59188.0,12730.05,6436.0,12931.71,4549.0,13051.87
54330.0,11827.39,22188.0,13126.28,49320.0,12095.6,59188.0,12336.78,6436.0,12711.44,4549.0,12873.76,77459.0,12997.1
22188.0,11751.9,49320.0,13145.89,59188.0,12095.72,6436.0,12309.32,4549.0,12847.23,77459.0,13120.75,1007.0,13235.68
49320.0,11774.09,59188.0,13130.46,6436.0,12141.03,4549.0,12382.04,77459.0,12908.94,1007.0,13120.27,28677.0,13253.25
59188.0,11777.11,6436.0,13164.19,4549.0,12208.72,77459.0,12444.49,1007.0,13054.23,28677.0,13252.23,3833.0,13395.67
6436.0,11772.15,4549.0,13159.11,77459.0,12307.09,1007.0,12566.67,28677.0,13268.74,3833.0,13403.19,7385.0,13574.94
4549.0,11933.31,77459.0,13233.82,1007.0,12432.61,28677.0,12705.95,3833.0,13271.34,7385.0,13221.14,9632.0,13416.43
77459.0,12097.02,1007.0,13382.86,28677.0,12469.03,3833.0,12694.2,7385.0,13102.64,9632.0,12993.12,4879.0,13168.11
1007.0,11976.05,28677.0,13426.23,3833.0,12415.38,7385.0,12576.75,9632.0,13204.97,4879.0,13313.8,9731.0,13455.96
28677.0,12016.94,3833.0,13387.47,7385.0,12404.06,9632.0,12598.75,4879.0,13109.32,9731.0,13152.67,25994.0,13303.27
3833.0,12059.46,7385.0,13418.75,9632.0,12424.4,4879.0,12613.4,9731.0,13087.49,25994.0,13093.43,1915.0,13244.61
7385.0,12126.21,9632.0,13461.41,4879.0,12396.04,9731.0,12563.09,25994.0,12915.72,1915.0,12905.02,8821.0,13040.24
9632.0,12164.83,4879.0,13487.76,9731.0,12349.01,25994.0,12492.64,1915.0,12745.38,8821.0,12738.26,63063.0,12855.05
4879.0,12151.21,9731.0,13497.12,25994.0,12243.96,1915.0,12347.66,8821.0,12534.13,63063.0,12616.63,7019.0,12700.93
9731.0,12101.01,25994.0,13437.89,1915.0,12131.21,8821.0,12229.51,63063.0,12356.2,7019.0,12503.6,2304.0,12568.83
25994.0,12038.79,1915.0,13363.94,8821.0,12053.54,63063.0,12165.12,7019.0,12278.28,2304.0,12465.35,4793.0,12525.03
9529.0,11691.73,7760.0,12979.37,9725.0,11538.26,5546.0,11676.48,5826.0,11661.81,5832.0,12195.04,3915.0,12193.96
7760.0,11577.2,9725.0,12878.66,5546.0,11444.12,5826.0,11599.44,5832.0,11639.78,3915.0,12270.91,49021.0,12264.72
9725.0,11433.91,5546.0,12670.39,5826.0,11400.1,5832.0,11655.86,3915.0,11766.8,49021.0,12370.5,46843.0,12398.9
5546.0,11425.77,5826.0,12657.82,5832.0,11437.07,3915.0,11711.15,49021.0,11862.73,46843.0,12436.15,306.0,12477.64
5826.0,11460.35,5832.0,12677.01,3915.0,11494.47,49021.0,11779.7,46843.0,11932.76,306.0,12444.68,4354.0,12498.51
5832.0,11515.12,3915.0,12728.2,49021.0,11549.8,46843.0,11827.98,306.0,11967.13,4354.0,12428.72,664.0,12487.13
3915.0,11562.54,49021.0,12772.53,46843.0,11593.58,306.0,11864.58,4354.0,11987.97,664.0,12408.24,3499.0,12469.55
49021.0,11612.44,46843.0,12829.96,306.0,11613.04,4354.0,11861.58,664.0,11952.75,3499.0,12362.12,11650.0,12416.39
46843.0,11442.94,306.0,12805.71,4354.0,11573.52,664.0,11793.06,3499.0,12157.8,11650.0,12774.05,5804.0,12815.82
306.0,11302.56,4354.0,12697.3,664.0,11627.33,3499.0,11909.0,11650.0,12511.01,5804.0,13151.83,6606.0,13229.26
4354.0,11412.52,664.0,12679.17,3499.0,11814.1,11650.0,12174.96,5804.0,12715.8,6606.0,13082.64,3737.0,13221.11
664.0,11626.23,3499.0,12828.96,11650.0,12012.01,5804.0,12370.01,6606.0,12797.84,3737.0,12929.7,4301.0,13094.25
3499.0,11842.37,11650.0,13032.68,5804.0,12126.86,6606.0,12430.86,3737.0,12714.42,4301.0,12726.4,521.0,12880.56
11650.0,11983.83,5804.0,13202.4,6606.0,12144.34,3737.0,12374.23,4301.0,12540.95,521.0,12551.52,4643.0,12673.84
5804.0,12013.23,6606.0,13296.05,3737.0,12068.95,4301.0,12223.4,521.0,12342.37,4643.0,12468.9,8622.0,12548.58
6606.0,11976.08,3737.0,13291.61,4301.0,11951.71,521.0,12067.36,4643.0,12146.02,8622.0,12395.13,5354.0,12441.93
3737.0,11894.39,4301.0,13228.68,521.0,11821.62,4643.0,11922.86,8622.0,11986.63,5354.0,12356.96,1025.0,12380.13
4301.0,11804.09,521.0,13134.66,4643.0,11702.61,8622.0,11811.14,5354.0,11860.9,1025.0,12321.72,59269.0,12331.58
521.0,11665.61,4643.0,12944.66,8622.0,11584.63,5354.0,11757.61,1025.0,11811.89,59269.0,12309.41,1256.0,12328.94
4643.0,11579.15,8622.0,12776.11,5354.0,11556.04,1025.0,11815.67,59269.0,11872.41,1256.0,12301.34,6516.0,12351.62
8622.0,11609.4,5354.0,12827.17,1025.0,11552.22,59269.0,11782.23,1256.0,11818.0,6516.0,12268.26,66035.0,12306.01
5354.0,11587.4,1025.0,12830.69,59269.0,11523.56,1256.0,11738.86,6516.0,11795.18,66035.0,12297.5,4746.0,12325.93
1025.0,11561.27,59269.0,12812.78,1256.0,11494.88,6516.0,11709.12,66035.0,11776.3,4746.0,12314.69,17496.0,12338.72
59269.0,11553.72,1256.0,12788.51,6516.0,11485.4,66035.0,11711.09,4746.0,11763.34,17496.0,12291.81,7194.0,12318.68
1256.0,11289.17,6516.0,12686.19,66035.0,11442.9,4746.0,11669.91,17496.0,12109.01,7194.0,12873.18,57735.0,12900.58
6516.0,11280.95,66035.0,12559.97,4746.0,11549.42,17496.0,11892.22,7194.0,12347.83,57735.0,12922.84,5832.0,13011.8
66035.0,11429.03,4746.0,12636.3,17496.0,11748.39,7194.0,12122.35,57735.0,12531.91,5832.0,12866.69,8980.0,12997.79
4746.0,11446.3,17496.0,12775.39,7194.0,11907.67,57735.0,12236.24,5832.0,12868.91,8980.0,13217.0,754.0,13356.52
17496.0,11617.13,7194.0,12872.4,57735.0,12070.4,5832.0,12416.63,8980.0,12953.4,754.0,13108.76,6833.0,13277.6
7194.0,11797.2,57735.0,13052.01,5832.0,12196.04,8980.0,12499.58,754.0,12956.17,6833.0,13007.38,380.0,13174.84
57735.0,11951.27,5832.0,13206.27,8980.0,12252.31,754.0,12505.75,6833.0,12846.35,380.0,12843.65,32519.0,12994.99
5832.0,11886.07,8980.0,13273.87,754.0,12225.59,6833.0,12417.51,380.0,12918.72,32519.0,13082.22,9615.0,13206.42
8980.0,11919.87,754.0,13260.49,6833.0,12220.68,380.0,12429.8,32519.0,12854.16,9615.0,12980.69,3225.0,13108.57
754.0,11973.86,6833.0,13294.94,380.0,12214.2,32519.0,12408.82,9615.0,12749.29,3225.0,12850.33,5133.0,12970.02
6833.0,12042.33,380.0,13310.99,32519.0,12228.41,9615.0,12427.64,3225.0,12656.54,5133.0,12673.56,6631.0,12795.48
380.0,12074.84,32519.0,13376.48,9615.0,12150.88,3225.0,12290.64,5133.0,12436.11,6631.0,12532.01,23284.0,12617.05
32519.0,12060.76,9615.0,13376.73,3225.0,12035.61,5133.0,12135.39,6631.0,12195.98,23284.0,12383.54,13272.0,12435.18
9615.0,11869.01,3225.0,13225.55,5133.0,11923.57,6631.0,12054.69,23284.0,12263.66,13272.0,12585.93,1546.0,12637.66
3225.0,11778.85,5133.0,13129.21,6631.0,11831.64,23284.0,11985.36,13272.0,12210.1,1546.0,12610.99,39024.0,12657.99
5133.0,11752.23,6631.0,13054.9,23284.0,11805.16,13272.0,11993.61,1546.0,12182.37,39024.0,12551.89,5065.0,12608.72
6631.0,11751.41,23284.0,13033.72,13272.0,11783.94,1546.0,11977.44,39024.0,12127.2,5065.0,12484.92,4500.0,12540.81
23284.0,11678.33,13272.0,12890.87,1546.0,11763.76,39024.0,12029.63,5065.0,12182.91,4500.0,12475.1,3057.0,12558.34
13272.0,11667.2,1546.0,12942.6,39024.0,11758.0,5065.0,11987.32,4500.0,12202.5,3057.0,12568.77,6927.0,12637.71
1546.0,11653.92,39024.0,12933.63,5065.0,11759.37,4500.0,11994.84,3057.0,12233.33,6927.0,12611.04,9973.0,12682.45
39024.0,11691.67,5065.0,12946.79,4500.0,11771.66,3057.0,12008.9,6927.0,12194.8,9973.0,12535.92,4566.0,12608.49
5065.0,11600.28,4500.0,12939.47,3057.0,11758.57,6927.0,11978.15,9973.0,12323.59,4566.0,12772.89,2844.0,12839.84
4500.0,11616.24,3057.0,12907.05,6927.0,11793.72,9973.0,12049.44,4566.0,12371.82,2844.0,12751.67,4645.0,12837.11
3057.0,11674.44,6927.0,12896.73,9973.0,11875.6,4566.0,12169.97,2844.0,12442.04,4645.0,12676.9,6453.0,12789.67
6927.0,11788.79,9973.0,13002.92,4566.0,11929.68,2844.0,12192.49,4645.0,12378.22,6453.0,12550.35,29469.0,12655.9
9973.0,11854.78,4566.0,13098.84,2844.0,11916.8,4645.0,12126.14,6453.0,12250.35,29469.0,12454.22,3041.0,12534.94
4566.0,11847.51,2844.0,13129.6,4645.0,11853.37,6453.0,12022.38,29469.0,12127.63,3041.0,12418.1,60623.0,12473.51
2844.0,11813.14,4645.0,13104.39,6453.0,11775.66,29469.0,11931.06,3041.0,12009.69,60623.0,12370.38,4733.0,12409.06
4645.0,11771.1,6453.0,13042.48,29469.0,11716.6,3041.0,11886.38,60623.0,11939.63,4733.0,12322.4,1256.0,12358.36
6453.0,11729.07,29469.0,13000.16,3041.0,11653.01,60623.0,11822.52,4733.0,11862.48,1256.0,12292.96,2218.0,12320.17
29469.0,11674.9,3041.0,12959.88,60623.0,11582.88,4733.0,11746.63,1256.0,11793.4,2218.0,12296.01,9947.0,12311.75
3041.0,11476.3,60623.0,12779.98,4733.0,11520.27,1256.0,11748.37,2218.0,11979.87,9947.0,12565.8,2511.0,12601.81
60623.0,11470.22,4733.0,12725.39,1256.0,11558.72,2218.0,11835.36,9947.0,12072.14,2511.0,12586.37,51876.0,12646.4
4733.0,11319.84,1256.0,12699.55,2218.0,11615.95,9947.0,11892.28,2511.0,12445.62,51876.0,13067.61,3444.0,13141.08
1256.0,11397.29,2218.0,12670.09,9947.0,11770.7,2511.0,12124.55,51876.0,12647.8,3444.0,13049.78,3435.0,13177.43
2218.0,11597.48,9947.0,12801.43,2511.0,11961.07,51876.0,12318.99,3444.0,12733.46,3435.0,12903.64,159.0,13059.42
9947.0,11801.92,2511.0,12989.84,51876.0,12082.13,3444.0,12394.26,3435.0,12679.64,159.0,12722.11,1544.0,12872.74
2511.0,11931.79,51876.0,13162.84,3444.0,12103.51,3435.0,12338.72,159.0,12538.15,1544.0,12595.26,3056.0,12714.43
51876.0,11993.03,3444.0,13256.66,3435.0,12048.85,159.0,12220.13,1544.0,12327.49,3056.0,12450.43,5452.0,12533.37
3444.0,11774.57,3435.0,13205.35,159.0,11899.31,1544.0,12018.7,3056.0,12372.32,5452.0,12806.2,1441.0,12851.58
3435.0,11694.98,159.0,13054.13,1544.0,11851.22,3056.0,12045.28,5452.0,12390.83,1441.0,12805.92,972.0,12872.86
159.0,11725.44,1544.0,13007.38,3056.0,11894.92,5452.0,12135.56,1441.0,12420.35,972.0,12711.39,5667.0,12803.34
1544.0,11808.72,3056.0,13060.16,5452.0,11923.23,1441.0,12151.25,972.0,12339.5,5667.0,12562.32,8181.0,12651.82
3056.0,11794.51,5452.0,12977.0,1441.0,11929.19,972.0,12207.28,5667.0,12354.61,8181.0,12485.76,3673.0,12596.81
5452.0,11883.74,1441.0,13103.23,972.0,11913.16,5667.0,12121.97,8181.0,12185.09,3673.0,12355.24,9578.0,12434.04
1441.0,11884.05,972.0,13152.74,5667.0,11822.94,8181.0,11971.65,3673.0,11990.92,9578.0,12278.04,1096.0,12319.81
972.0,11833.08,5667.0,13123.32,8181.0,11706.27,3673.0,11827.9,9578.0,11812.35,1096.0,12213.3,301.0,12228.03
5667.0,11757.66,8181.0,13048.29,3673.0,11594.99,9578.0,11716.55,1096.0,11681.21,301.0,12170.42,3084.0,12170.01
8181.0,11656.03,3673.0,12960.61,9578.0,11484.0,1096.0,11609.6,301.0,11597.09,3084.0,12193.92,48916.0,12180.85
3673.0,11455.2,9578.0,12686.93,1096.0,11386.9,301.0,11630.57,3084.0,11699.4,48916.0,12302.5,6054.0,12323.8
9578.0,11452.58,1096.0,12672.71,301.0,11405.16,3084.0,11664.07,48916.0,11744.14,6054.0,12323.19,8723.0,12352.96
1096.0,11448.25,301.0,12674.98,3084.0,11431.86,48916.0,11696.7,6054.0,11812.51,8723.0,12379.53,8406.0,12416.07
301.0,11486.41,3084.0,12695.79,48916.0,11471.84,6054.0,11742.36,8723.0,11837.58,8406.0,12353.84,6463.0,12397.51
3084.0,11541.22,48916.0,12738.88,6054.0,11508.78,8723.0,11771.49,8406.0,11827.64,6463.0,12296.41,7111.0,12341.36
48916.0,11578.05,6054.0,12783.22,8723.0,11521.15,8406.0,11764.54,6463.0,11795.7,7111.0,12257.43,6601.0,12296.16
6054.0,11379.42,8723.0,12738.59,8406.0,11469.55,6463.0,11688.54,7111.0,12022.71,6601.0,12713.7,299.0,12740.53
75689.0,11639.26,2765.0,12856.28,35988.0,11600.36,7308.0,11832.27,4710.0,11879.63,2259.0,12293.98,5656.0,12338.96
2765.0,11304.17,35988.0,12763.5,7308.0,11523.3,4710.0,11723.8,2259.0,12265.33,5656.0,13036.74,4770.0,13065.14
35988.0,11272.12,7308.0,12595.0,4710.0,11617.52,2259.0,11954.46,5656.0,12516.35,4770.0,13098.12,1462.0,13195.12
7308.0,11371.98,4710.0,12667.62,2259.0,11841.89,5656.0,12206.69,4770.0,12835.64,1462.0,13213.9,8562.0,13359.41
4710.0,11587.56,2259.0,12801.9,5656.0,12066.99,4770.0,12445.09,1462.0,12971.43,8562.0,13084.75,7041.0,13268.89
2259.0,11834.99,5656.0,13039.06,4770.0,12212.01,1462.0,12531.23,8562.0,12912.28,7041.0,12888.69,30204.0,13064.68
5656.0,12012.11,4770.0,13236.81,1462.0,12247.66,8562.0,12489.66,7041.0,12727.47,30204.0,12680.34,4476.0,12824.21
4770.0,12088.94,1462.0,13357.19,8562.0,12194.1,7041.0,12359.89,30204.0,12499.12,4476.0,12522.94,35784.0,12624.94
1462.0,12080.12,8562.0,13392.17,7041.0,12070.44,30204.0,12174.5,4476.0,12242.88,35784.0,12397.21,61879.0,12455.58
8562.0,12018.66,7041.0,13350.39,30204.0,11922.26,4476.0,11994.66,35784.0,12006.17,61879.0,12289.34,7542.0,12314.13
7041.0,11889.47,30204.0,13253.59,4476.0,11749.67,35784.0,11806.5,61879.0,11827.54,7542.0,12281.19,34683.0,12277.35
30204.0,11680.16,4476.0,12971.8,35784.0,11590.08,61879.0,11750.01,7542.0,11804.23,34683.0,12308.16,1575.0,12323.37
4476.0,11503.96,35784.0,12867.58,61879.0,11502.97,7542.0,11673.16,34683.0,11907.17,1575.0,12575.89,26253.0,12586.07
35784.0,11413.34,61879.0,12668.32,7542.0,11528.44,34683.0,11822.23,1575.0,12094.57,26253.0,12637.25,8247.0,12700.82
61879.0,11388.25,7542.0,12680.09,34683.0,11627.62,1575.0,11935.16,26253.0,12355.31,8247.0,12866.36,1657.0,12952.97
7542.0,11330.18,34683.0,12700.31,1575.0,11766.17,26253.0,12084.4,8247.0,12756.28,1657.0,13264.24,195.0,13379.73
34683.0,11486.71,1575.0,12756.73,26253.0,11968.16,8247.0,12332.4,1657.0,12932.41,195.0,13189.27,5298.0,13354.02
1575.0,11664.46,26253.0,12937.58,8247.0,12161.34,1657.0,12496.34,195.0,13080.01,5298.0,13188.63,8453.0,13369.91
26253.0,11879.01,8247.0,13118.27,1657.0,12284.4,195.0,12582.56,5298.0,13016.25,8453.0,12987.35,2225.0,13166.81
8247.0,11990.25,1657.0,13283.51,195.0,12311.37,5298.0,12539.01,8453.0,12925.34,2225.0,12922.56,6532.0,13073.59
1657.0,12061.93,195.0,13365.63,5298.0,12287.7,8453.0,12472.95,2225.0,12768.33,6532.0,12786.78,7835.0,12913.51
195.0,12103.14,5298.0,13410.96,8453.0,12220.0,2225.0,12364.17,6532.0,12550.98,7835.0,12611.42,649.0,12708.81
5298.0,12116.3,8453.0,13420.52,2225.0,12142.26,6532.0,12257.24,7835.0,12347.99,649.0,12447.63,6297.0,12520.52
8453.0,12061.51,2225.0,13399.47,6532.0,11994.88,7835.0,12065.5,649.0,12103.24,6297.0,12341.04,4504.0,12375.66
2225.0,11935.7,6532.0,13287.02,7835.0,11831.92,649.0,11902.63,6297.0,11940.29,4504.0,12316.6,2130.0,12329.39
6532.0,11802.73,7835.0,13093.51,649.0,11711.81,6297.0,11851.1,4504.0,11878.62,2130.0,12282.51,76688.0,12305.48
7835.0,11722.0,649.0,13023.11,6297.0,11614.17,4504.0,11754.18,2130.0,11789.85,76688.0,12283.78,2764.0,12294.17
649.0,11611.5,6297.0,12881.1,4504.0,11544.24,2130.0,11737.75,76688.0,11809.18,2764.0,12327.81,55171.0,12350.38
6297.0,11592.45,4504.0,12845.27,2130.0,11517.72,76688.0,11722.85,2764.0,11776.32,55171.0,12299.4,1063.0,12322.47
4504.0,11540.42,2130.0,12760.93,76688.0,11507.51,2764.0,11755.37,55171.0,11831.06,1063.0,12326.1,2186.0,12365.46
2130.0,11550.6,76688.0,12766.56,2764.0,11519.93,55171.0,11769.95,1063.0,11842.07,2186.0,12321.42,2428.0,12363.26
76688.0,11575.61,2764.0,12792.79,55171.0,11524.06,1063.0,11762.56,2186.0,11810.86,2428.0,12286.28,763.0,12323.6
2764.0,11236.25,55171.0,12703.37,1063.0,11457.37,2186.0,11664.0,2428.0,12225.57,763.0,13061.25,835.0,13083.09
55171.0,11208.91,1063.0,12523.43,2186.0,11578.0,2428.0,11935.92,763.0,12522.71,835.0,13129.13,5317.0,13230.1
1063.0,11286.43,2186.0,12607.29,2428.0,11839.34,763.0,12220.24,835.0,12955.78,5317.0,13369.16,8248.0,13523.97
2186.0,11551.57,2428.0,12776.75,763.0,12094.42,835.0,12484.22,5317.0,13080.17,8248.0,13195.83,70693.0,13391.48
2428.0,11826.03,763.0,13023.9,835.0,12265.38,5317.0,12602.25,8248.0,13032.7,70693.0,12972.26,57584.0,13165.77
763.0,12029.08,835.0,13245.5,5317.0,12318.81,8248.0,12575.44,70693.0,12850.74,57584.0,12749.17,5911.0,12910.87
835.0,12141.77,5317.0,13401.71,8248.0,12263.38,70693.0,12429.22,57584.0,12565.2,5911.0,12530.79,15136.0,12642.5
5317.0,12155.65,8248.0,13457.19,70693.0,12139.48,57584.0,12233.78,5911.0,12269.42,15136.0,12356.74,6197.0,12420.18
8248.0,12074.76,70693.0,13423.56,57584.0,11960.01,5911.0,12003.53,15136.0,11997.81,6197.0,12265.52,2713.0,12284.27
70693.0,11919.51,57584.0,13303.69,5911.0,11758.28,15136.0,11788.36,6197.0,11797.93,2713.0,12264.6,9188.0,12251.53
57584.0,11388.07,5911.0,12918.72,15136.0,11520.11,6197.0,11635.28,2713.0,12141.86,9188.0,12995.49,55432.0,12988.06
5911.0,11144.6,15136.0,12648.79,6197.0,11570.72,2713.0,11833.35,9188.0,12640.84,55432.0,13471.69,1636.0,13534.46
15136.0,11205.83,6197.0,12468.46,2713.0,11830.53,9188.0,12268.5,55432.0,13027.61,1636.0,13402.18,64120.0,13585.97
6197.0,11542.27,2713.0,12746.85,9188.0,12148.33,55432.0,12558.57,1636.0,13188.14,64120.0,13244.93,37592.0,13462.57
2713.0,11853.64,9188.0,13050.76,55432.0,12331.58,1636.0,12669.0,64120.0,13126.04,37592.0,13019.54,13052.0,13226.25
9188.0,12070.17,55432.0,13296.1,1636.0,12376.21,64120.0,12622.43,37592.0,12913.38,13052.0,12783.21,14430.0,12950.45
55432.0,12155.99,1636.0,13442.84,64120.0,12306.79,37592.0,12461.5,13052.0,12647.57,14430.0,12616.22,47099.0,12731.28
1636.0,11946.61,64120.0,13405.71,37592.0,12132.5,13052.0,12223.53,14430.0,12627.88,47099.0,12924.29,51504.0,12991.53
64120.0,11871.48,37592.0,13259.05,13052.0,12053.3,14430.0,12206.95,47099.0,12567.45,51504.0,12864.6,7298.0,12943.36
37592.0,11674.15,13052.0,13151.4,14430.0,12014.65,47099.0,12185.31,51504.0,12798.94,7298.0,13234.35,1207.0,13319.48
13052.0,11602.0,14430.0,12984.96,47099.0,12071.82,51504.0,12348.68,7298.0,13018.11,1207.0,13323.45,9502.0,13464.6
14430.0,11718.05,47099.0,12982.69,51504.0,12236.32,7298.0,12571.01,1207.0,13156.32,9502.0,13207.54,42113.0,13400.58
47099.0,11923.29,51504.0,13181.06,7298.0,12352.78,1207.0,12637.22,9502.0,13101.49,42113.0,13045.77,6326.0,13230.95
51504.0,11976.8,7298.0,13315.17,1207.0,12386.55,9502.0,12610.08,42113.0,13118.88,6326.0,13120.91,4409.0,13284.67
7298.0,11960.04,1207.0,13364.92,9502.0,12383.23,42113.0,12576.05,6326.0,13162.47,4409.0,13248.97,1596.0,13399.08
1207.0,12025.1,9502.0,13380.54,42113.0,12391.12,6326.0,12589.2,4409.0,13070.5,1596.0,13100.58,6003.0,13251.74
9502.0,12110.23,42113.0,13430.47,6326.0,12377.85,4409.0,12555.82,1596.0,12897.08,6003.0,12882.93,3348.0,13020.65
42113.0,12153.52,6326.0,13467.19,4409.0,12338.02,1596.0,12488.85,6003.0,12736.16,3348.0,12724.98,79859.0,12843.79
6326.0,12026.21,4409.0,13450.71,1596.0,12206.06,6003.0,12306.4,3348.0,12666.58,79859.0,12874.34,4353.0,12955.41
4409.0,11971.42,1596.0,13319.26,6003.0,12161.11,3348.0,12325.6,79859.0,12643.07,4353.0,12806.86,3977.0,12905.97
1596.0,12003.21,6003.0,13309.82,3348.0,12153.27,79859.0,12326.23,4353.0,12563.29,3977.0,12678.56,7233.0,12778.67
6003.0,12029.18,3348.0,13329.93,79859.0,12092.81,4353.0,12237.79,3977.0,12380.09,7233.0,12521.23,5436.0,12599.86
3348.0,12002.44,79859.0,13320.27,4353.0,11990.76,3977.0,12103.92,7233.0,12191.28,5436.0,12417.71,9818.0,12469.04
79859.0,11921.76,4353.0,13219.83,3977.0,11872.28,7233.0,11999.61,5436.0,12048.92,9818.0,12338.38,8286.0,12378.69
4353.0,11492.81,3977.0,12981.61,7233.0,11745.02,5436.0,11905.98,9818.0,12467.99,8286.0,13095.86,3233.0,13138.94
3977.0,11442.78,7233.0,12796.27,5436.0,11795.69,9818.0,12088.65,8286.0,12653.02,3233.0,13129.72,5971.0,13232.92
7233.0,11577.86,5436.0,12840.86,9818.0,11958.22,8286.0,12288.2,3233.0,12772.05,5971.0,13019.77,6239.0,13163.0
5436.0,11757.3,9818.0,12984.58,8286.0,12089.27,3233.0,12398.12,5971.0,12773.15,6239.0,12866.15,4293.0,13017.8
9818.0,11868.77,8286.0,13064.59,3233.0,12164.82,5971.0,12463.78,6239.0,12755.97,4293.0,12743.66,3972.0,12900.85
8286.0,11989.64,3233.0,13233.0,5971.0,12167.04,6239.0,12386.16,4293.0,12590.02,3972.0,12613.09,2495.0,12734.5
3233.0,12021.12,5971.0,13310.67,6239.0,12092.78,4293.0,12248.0,3972.0,12388.06,2495.0,12508.9,3427.0,12591.93
5971.0,11996.47,6239.0,13309.95,4293.0,11976.51,3972.0,12091.96,2495.0,12169.44,3427.0,12399.41,38714.0,12449.12
6239.0,11923.56,4293.0,13255.94,3972.0,11846.93,2495.0,11942.81,3427.0,11994.7,38714.0,12342.2,1251.0,12366.46
4293.0,11821.94,3972.0,13163.34,2495.0,11716.09,3427.0,11812.4,38714.0,11862.76,1251.0,12323.72,7489.0,12330.78
27204.0,11630.12,7640.0,12870.22,4353.0,11576.03,8093.0,11789.01,4883.0,11842.74,32134.0,12298.51,14330.0,12333.1
7640.0,11510.98,4353.0,12832.5,8093.0,11514.11,4883.0,11712.42,32134.0,11914.08,14330.0,12521.82,812.0,12544.46
4353.0,11458.1,8093.0,12735.83,4883.0,11529.96,32134.0,11789.4,14330.0,12032.77,812.0,12594.41,4674.0,12643.6
8093.0,11500.94,4883.0,12734.24,32134.0,11604.31,14330.0,11893.33,812.0,12118.37,4674.0,12572.42,9687.0,12643.9
4883.0,11573.6,32134.0,12794.99,14330.0,11678.7,812.0,11962.51,4674.0,12163.1,9687.0,12539.59,2116.0,12619.22
32134.0,11639.01,14330.0,12837.25,812.0,11742.26,4674.0,12028.94,9687.0,12194.24,2116.0,12489.38,3582.0,12578.51
14330.0,11613.63,812.0,12903.94,4674.0,11745.16,9687.0,11985.44,2116.0,12261.12,3582.0,12657.85,5280.0,12730.68
812.0,11605.5,4674.0,12898.25,9687.0,11756.58,2116.0,12005.71,3582.0,12308.1,5280.0,12710.75,7173.0,12788.3
4674.0,11667.24,9687.0,12914.12,2116.0,11808.01,3582.0,12072.48,5280.0,12313.18,7173.0,12624.81,9058.0,12714.61
9687.0,11743.1,2116.0,12983.05,3582.0,11838.96,5280.0,12080.59,7173.0,12256.36,9058.0,12526.74,8962.0,12610.53
2116.0,11772.89,3582.0,13028.1,5280.0,11832.36,7173.0,12047.6,9058.0,12195.44,8962.0,12480.18,8950.0,12552.14
3582.0,11786.18,5280.0,13016.86,7173.0,11825.04,9058.0,12047.66,8962.0,12151.92,8950.0,12410.4,38889.0,12483.41
5280.0,11807.18,7173.0,13053.9,9058.0,11785.86,8962.0,11975.7,8950.0,12031.78,38889.0,12331.54,9645.0,12385.15
7173.0,11783.03,9058.0,13054.24,8962.0,11711.63,8950.0,11873.28,38889.0,11906.76,9645.0,12288.43,8854.0,12320.48
9058.0,11717.87,8962.0,13005.95,8950.0,11627.31,38889.0,11782.7,9645.0,11825.41,8854.0,12293.88,2456.0,12312.25
8962.0,11632.63,8950.0,12932.39,38889.0,11549.61,9645.0,11714.3,8854.0,11791.65,2456.0,12340.5,64688.0,12352.52
8950.0,11528.49,38889.0,12785.61,9645.0,11512.41,8854.0,11744.74,2456.0,11871.74,64688.0,12409.33,9651.0,12443.89
38889.0,11508.21,9645.0,12745.4,8854.0,11536.17,2456.0,11798.54,64688.0,11954.37,9651.0,12454.3,6363.0,12504.7
9645.0,11409.25,8854.0,12735.09,2456.0,11552.11,64688.0,11806.6,9651.0,12161.93,6363.0,12759.42,6714.0,12812.39
8854.0,11426.21,2456.0,12696.0,64688.0,11642.87,9651.0,11953.95,6363.0,12330.44,6714.0,12809.16,3570.0,12897.94
2456.0,11532.3,64688.0,12754.6,9651.0,11781.59,6363.0,12112.3,6714.0,12455.97,3570.0,12771.35,3476.0,12888.04
64688.0,11687.69,9651.0,12889.22,6363.0,11888.51,6714.0,12192.5,3570.0,12442.55,3476.0,12641.8,3418.0,12760.44
9651.0,11583.76,6363.0,12956.63,6714.0,11905.57,3570.0,12149.02,3476.0,12669.92,3418.0,13051.26,7006.0,13151.94
6363.0,11629.21,6714.0,12937.04,3570.0,11976.85,3476.0,12266.31,3418.0,12755.99,7006.0,13032.02,4334.0,13160.28
6714.0,11758.18,3570.0,13018.87,3476.0,12080.51,3418.0,12369.59,7006.0,12770.85,4334.0,12910.74,28988.0,13052.91
3570.0,11889.6,3476.0,13138.6,3418.0,12139.02,7006.0,12393.4,4334.0,12692.26,28988.0,12761.34,64553.0,12895.32
3476.0,11985.71,3418.0,13243.65,7006.0,12134.15,4334.0,12338.22,28988.0,12531.54,64553.0,12598.92,6372.0,12708.94
3418.0,12022.82,7006.0,13303.6,4334.0,12068.47,28988.0,12220.46,64553.0,12327.46,6372.0,12455.95,2505.0,12533.89
7006.0,12003.78,4334.0,13278.88,28988.0,12002.7,64553.0,12146.51,6372.0,12206.21,2505.0,12369.56,4469.0,12434.38
4334.0,11951.16,28988.0,13263.5,64553.0,11879.97,6372.0,11985.64,2505.0,12019.64,4469.0,12313.63,2719.0,12346.28
28988.0,11862.09,64553.0,13188.47,6372.0,11745.52,2505.0,11841.96,4469.0,11861.66,2719.0,12276.87,50255.0,12287.47
64553.0,11643.76,6372.0,13049.02,2505.0,11587.72,4469.0,11687.98,2719.0,11875.05,50255.0,12517.1,1979.0,12510.53
6372.0,11215.71,2505.0,12657.54,4469.0,11500.45,2719.0,11751.29,50255.0,12365.41,1979.0,13152.25,9584.0,13199.1
2505.0,11259.9,4469.0,12551.8,2719.0,11685.67,50255.0,12062.06,1979.0,12672.95,9584.0,13172.44,43829.0,13299.82
4469.0,11491.1,2719.0,12692.28,50255.0,11938.28,1979.0,12332.76,9584.0,12836.69,43829.0,13032.65,5651.0,13204.48
2719.0,11744.99,50255.0,12925.01,1979.0,12112.6,9584.0,12458.55,43829.0,12824.91,5651.0,12846.79,7527.0,13019.5
50255.0,11942.75,1979.0,13146.3,9584.0,12174.14,43829.0,12439.19,5651.0,12666.01,7527.0,12647.18,6267.0,12790.03
1979.0,11873.43,9584.0,13236.47,43829.0,12108.26,5651.0,12286.9,7527.0,12668.26,6267.0,12873.76,1614.0,12973.66
9584.0,11871.72,43829.0,13199.92,5651.0,12064.38,7527.0,12259.21,6267.0,12579.08,1614.0,12792.9,5615.0,12889.91
43829.0,11887.57,5651.0,13201.05,7527.0,12043.76,6267.0,12234.17,1614.0,12504.04,5615.0,12711.98,6278.0,12803.75
5651.0,11774.62,7527.0,13171.36,6267.0,11991.45,1614.0,12163.43,5615.0,12580.31,6278.0,12924.08,8950.0,13004.26
7527.0,11765.16,6267.0,13087.26,1614.0,11996.9,5615.0,12223.76,6278.0,12595.6,8950.0,12861.68,5084.0,12964.25
6267.0,11784.4,1614.0,13012.08,5615.0,12063.22,6278.0,12355.97,8950.0,12682.85,5084.0,12787.06,2505.0,12927.47
1614.0,11905.85,5615.0,13144.9,6278.0,12095.92,8950.0,12337.39,5084.0,12569.24,2505.0,12648.25,1548.0,12769.5
5615.0,11981.04,6278.0,13239.27,8950.0,12060.89,5084.0,12245.58,2505.0,12375.09,1548.0,12488.33,6068.0,12578.88
6278.0,11981.58,8950.0,13274.05,5084.0,11970.15,2505.0,12103.7,1548.0,12173.93,6068.0,12383.6,4205.0,12440.09
8950.0,11919.37,5084.0,13242.33,2505.0,11842.9,1548.0,11945.23,6068.0,11989.95,4205.0,12327.94,7208.0,12354.51
5084.0,11808.99,2505.0,13105.42,1548.0,11754.02,6068.0,11900.64,4205.0,11967.03,7208.0,12345.91,3940.0,12378.21
2505.0,11740.92,1548.0,13044.98,6068.0,11661.07,4205.0,11806.21,7208.0,11868.97,3940.0,12332.86,6749.0,12351.74
1548.0,11679.44,6068.0,12965.34,4205.0,11591.13,7208.0,11755.16,3940.0,11805.81,6749.0,12306.21,1688.0,12322.92
6068.0,11592.8,4205.0,12808.41,7208.0,11548.6,3940.0,11787.38,6749.0,11837.64,1688.0,12292.78,6257.0,12333.55
4205.0,11595.24,7208.0,12823.14,3940.0,11538.69,6749.0,11764.74,1688.0,11812.8,6257.0,12286.63,4490.0,12321.19
7208.0,11585.93,3940.0,12815.84,6749.0,11522.5,1688.0,11747.02,6257.0,11792.64,4490.0,12281.78,44232.0,12313.4
3940.0,11562.34,6749.0,12802.6,1688.0,11502.96,6257.0,11726.23,4490.0,11789.73,44232.0,12307.52,58332.0,12336.31
6749.0,11550.53,1688.0,12790.43,6257.0,11489.08,4490.0,11714.21,44232.0,11778.21,58332.0,12308.97,2895.0,12336.44
1688.0,11530.79,6257.0,12770.48,4490.0,11483.27,44232.0,11716.09,58332.0,11796.93,2895.0,12333.58,2130.0,12363.67
6257.0,11537.28,4490.0,12758.6,44232.0,11492.96,58332.0,11737.64,2895.0,11804.34,2130.0,12312.92,9531.0,12348.7
4490.0,11538.4,44232.0,12757.8,58332.0,11503.76,2895.0,11752.15,2130.0,11825.7,9531.0,12321.98,3950.0,12361.04
44232.0,11549.98,58332.0,12769.98,2895.0,11512.08,2130.0,11757.35,9531.0,11826.3,3950.0,12316.13,9395.0,12354.95
58332.0,11385.03,2895.0,12733.23,2130.0,11479.81,9531.0,11707.91,3950.0,12038.9,9395.0,12712.39,6869.0,12744.23
2895.0,11196.96,2130.0,12619.63,9531.0,11539.19,3950.0,11823.16,9395.0,12480.15,6869.0,13223.04,9907.0,13289.72
2130.0,11300.38,9531.0,12573.96,3950.0,11757.61,9395.0,12144.82,6869.0,12759.72,9907.0,13185.2,4279.0,13328.8
9531.0,11554.37,3950.0,12749.87,9395.0,12003.61,6869.0,12390.81,9907.0,12879.58,4279.0,13018.44,4705.0,13196.73
3950.0,11792.64,9395.0,12986.1,6869.0,12156.83,9907.0,12485.87,4279.0,12852.87,4705.0,12855.16,2736.0,13027.24
9395.0,11970.86,6869.0,13190.75,9907.0,12201.25,4279.0,12451.62,4705.0,12687.8,2736.0,12667.79,27362.0,12808.63
6869.0,12039.98,9907.0,13310.34,4279.0,12154.66,4705.0,12330.54,2736.0,12490.57,27362.0,12547.06,5191.0,12648.17
9907.0,12027.88,4279.0,13340.56,4705.0,12041.76,2736.0,12162.8,27362.0,12266.27,5191.0,12447.39,7361.0,12509.14
37195.0,11890.33,23259.0,13154.67,8309.0,11850.04,3458.0,12007.73,66829.0,12042.84,2228.0,12307.57,8646.0,12356.7
23259.0,11694.26,8309.0,13083.95,3458.0,11704.8,66829.0,11829.13,2228.0,12057.01,8646.0,12586.65,9872.0,12605.98
8309.0,11530.76,3458.0,12916.36,66829.0,11641.62,2228.0,11831.75,8646.0,12189.2,9872.0,12790.38,18845.0,12827.97
3458.0,11512.04,66829.0,12820.77,2228.0,11697.26,8646.0,11960.48,9872.0,12325.1,18845.0,12807.46,6707.0,12883.41
66829.0,11537.56,2228.0,12726.89,8646.0,11805.44,9872.0,12159.03,18845.0,12487.68,6707.0,12748.2,8281.0,12878.08
2228.0,11503.39,8646.0,12846.56,9872.0,11905.48,18845.0,12200.79,6707.0,12782.61,8281.0,13139.02,2906.0,13263.36
8646.0,11626.92,9872.0,12897.54,18845.0,12020.48,6707.0,12342.93,8281.0,12839.74,2906.0,13044.78,6609.0,13194.34
9872.0,11787.07,18845.0,13033.66,6707.0,12129.14,8281.0,12426.19,2906.0,12826.3,6609.0,12913.44,3213.0,13066.29
18845.0,11919.08,6707.0,13171.48,8281.0,12179.64,2906.0,12429.88,6609.0,12736.38,3213.0,12778.56,9164.0,12916.83
6707.0,11967.29,8281.0,13269.47,2906.0,12154.02,6609.0,12345.34,3213.0,12618.62,9164.0,12725.53,1686.0,12834.77
8281.0,11984.55,2906.0,13296.56,6609.0,12096.43,3213.0,12257.35,9164.0,12465.79,1686.0,12622.06,2411.0,12709.04
2906.0,11969.67,6609.0,13268.88,3213.0,12049.49,9164.0,12211.03,1686.0,12379.94,2411.0,12550.87,5666.0,12630.97
6609.0,11968.24,3213.0,13260.88,9164.0,11989.55,1686.0,12137.02,2411.0,12243.42,5666.0,12445.43,3385.0,12510.36
3213.0,11926.18,9164.0,13239.46,1686.0,11886.87,2411.0,12007.66,5666.0,12080.18,3385.0,12378.03,35072.0,12417.97
9164.0,11861.4,1686.0,13181.01,2411.0,11772.75,5666.0,11883.04,3385.0,11924.55,35072.0,12316.01,4502.0,12336.02
1686.0,11704.87,2411.0,12960.28,5666.0,11678.78,3385.0,11878.79,35072.0,11958.6,4502.0,12353.42,34920.0,12397.14
2411.0,11693.42,5666.0,12950.36,3385.0,11632.72,35072.0,11822.99,4502.0,11873.57,34920.0,12306.58,2499.0,12339.36
5666.0,11670.64,3385.0,12921.83,35072.0,11589.28,4502.0,11779.9,34920.0,11809.47,2499.0,12268.46,6549.0,12295.24
3385.0,11629.15,35072.0,12883.94,4502.0,11542.0,34920.0,11734.95,2499.0,11769.94,6549.0,12270.04,6908.0,12291.64
35072.0,11584.68,4502.0,12817.99,34920.0,11512.0,2499.0,11731.56,6549.0,11771.52,6908.0,12272.95,9387.0,12301.04
4502.0,11431.67,34920.0,12760.31,2499.0,11464.3,6549.0,11679.11,6908.0,11928.03,9387.0,12586.67,4254.0,12609.91
34920.0,11399.2,2499.0,12664.53,6549.0,11509.37,6908.0,11797.75,9387.0,12077.01,4254.0,12646.74,1885.0,12705.27
2499.0,11371.23,6549.0,12671.03,6908.0,11606.19,9387.0,11910.63,4254.0,12336.97,1885.0,12875.43,485.0,12957.54
6549.0,11480.94,6908.0,12705.83,9387.0,11753.55,4254.0,12097.37,1885.0,12473.76,485.0,12819.1,9400.0,12937.71
6908.0,11642.63,9387.0,12846.19,4254.0,11886.15,1885.0,12207.65,485.0,12506.84,9400.0,12715.65,30258.0,12842.41
9387.0,11776.29,4254.0,12984.6,1885.0,11960.11,485.0,12239.99,9400.0,12462.38,30258.0,12607.63,2141.0,12725.76
4254.0,11854.28,1885.0,13100.32,485.0,11956.99,9400.0,12177.5,30258.0,12342.67,2141.0,12522.18,9343.0,12613.95
1885.0,11881.1,485.0,13149.62,9400.0,11905.39,30258.0,12083.77,2141.0,12189.04,9343.0,12426.85,6493.0,12492.94
485.0,11873.06,9400.0,13151.71,30258.0,11829.62,2141.0,11980.78,9343.0,12030.26,6493.0,12332.0,9535.0,12375.84
9400.0,11840.01,30258.0,13125.52,2141.0,11734.54,9343.0,11865.14,6493.0,11865.16,9535.0,12243.33,3359.0,12265.6
30258.0,11731.39,2141.0,13014.7,9343.0,11633.44,6493.0,11786.44,9535.0,11814.12,3359.0,12268.96,26635.0,12287.21
2141.0,11543.87,9343.0,12911.36,6493.0,11522.19,9535.0,11676.22,3359.0,11885.47,26635.0,12538.42,5531.0,12544.61
9343.0,11452.28,6493.0,12712.33,9535.0,11533.34,3359.0,11807.8,26635.0,12045.45,5531.0,12586.02,4734.0,12641.53
6493.0,11495.76,9535.0,12732.1,3359.0,11610.61,26635.0,11901.67,5531.0,12140.51,4734.0,12592.71,8458.0,12666.21
9535.0,11572.45,3359.0,12787.99,26635.0,11690.74,5531.0,11982.55,4734.0,12190.8,8458.0,12552.34,4945.0,12636.99
3359.0,11642.06,26635.0,12863.74,5531.0,11744.75,4734.0,12016.22,8458.0,12201.34,4945.0,12521.72,53848.0,12605.31
26635.0,11708.4,5531.0,12925.8,4734.0,11774.14,8458.0,12026.6,4945.0,12160.48,53848.0,12447.82,2990.0,12526.55
5531.0,11666.78,4734.0,12960.95,8458.0,11746.05,4945.0,11960.09,53848.0,12180.77,2990.0,12576.68,5997.0,12637.8
4734.0,11659.14,8458.0,12938.66,4945.0,11733.65,53848.0,11959.39,2990.0,12167.73,5997.0,12565.56,6539.0,12628.52
8458.0,11681.0,4945.0,12944.08,53848.0,11739.54,2990.0,11966.47,5997.0,12140.22,6539.0,12513.49,18227.0,12577.24
4945.0,11692.68,53848.0,12951.21,2990.0,11740.72,5997.0,11964.36,6539.0,12120.67,18227.0,12483.52,8528.0,12546.19
53848.0,11694.75,2990.0,12918.76,5997.0,11753.21,6539.0,12001.6,18227.0,12137.16,8528.0,12448.36,6165.0,12522.59
2990.0,11527.24,5997.0,12908.84,6539.0,11707.09,18227.0,11915.36,8528.0,12325.71,6165.0,12860.65,8630.0,12916.86
5997.0,11523.66,6539.0,12818.23,18227.0,11761.54,8528.0,12047.7,6165.0,12445.94,8630.0,12863.69,76998.0,12957.96
6539.0,11624.93,18227.0,12867.97,8528.0,11870.11,6165.0,12172.11,8630.0,12511.92,76998.0,12783.9,5063.0,12899.89
18227.0,11747.67,8528.0,12972.74,6165.0,11952.36,8630.0,12233.1,76998.0,12495.48,5063.0,12672.77,2152.0,12790.38
8528.0,11809.23,6165.0,13077.13,8630.0,11970.06,76998.0,12201.22,5063.0,12448.62,2152.0,12651.34,67458.0,12750.84
6165.0,11838.62,8630.0,13094.1,76998.0,11981.8,5063.0,12211.69,2152.0,12427.31,67458.0,12605.28,1180.0,12705.06
8630.0,11875.91,76998.0,13145.75,5063.0,11952.51,2152.0,12147.75,67458.0,12306.21,1180.0,12516.67,53035.0,12596.85
76998.0,11866.69,5063.0,13158.89,2152.0,11889.76,67458.0,12055.41,1180.0,12183.51,53035.0,12462.4,8415.0,12521.5
5063.0,11514.61,2152.0,13024.26,67458.0,11765.82,1180.0,11911.51,53035.0,12490.06,8415.0,13131.86,4235.0,13171.63
2152.0,11461.85,67458.0,12829.79,1180.0,11817.17,53035.0,12097.55,8415.0,12673.24,4235.0,13152.79,2031.0,13254.64
67458.0,11571.03,1180.0,12790.77,53035.0,11998.48,8415.0,12365.87,4235.0,12854.56,2031.0,13023.59,8407.0,13190.47
1180.0,11628.48,53035.0,12964.39,8415.0,12138.58,4235.0,12444.64,2031.0,13094.51,8407.0,13282.04,5790.0,13446.1
53035.0,11803.58,8415.0,13074.92,4235.0,12257.4,2031.0,12562.56,8407.0,13080.26,5790.0,13115.75,45594.0,13293.76
8415.0,11864.01,4235.0,13211.5,2031.0,12326.55,8407.0,12578.5,5790.0,13161.6,45594.0,13225.32,4804.0,13391.88
4235.0,11986.89,2031.0,13293.25,8407.0,12386.78,5790.0,12628.74,45594.0,13100.68,4804.0,13076.11,62215.0,13244.97
2031.0,12101.48,8407.0,13397.76,5790.0,12389.06,45594.0,12588.91,4804.0,12927.87,62215.0,12875.89,18633.0,13023.97
8407.0,12169.02,5790.0,13474.94,45594.0,12327.22,4804.0,12472.98,62215.0,12684.41,18633.0,12669.48,2316.0,12783.14
5790.0,12154.56,45594.0,13495.6,4804.0,12206.9,62215.0,12299.63,18633.0,12440.5,2316.0,12538.12,60740.0,12612.12
45594.0,12092.06,4804.0,13399.7,62215.0,12129.94,18633.0,12250.35,2316.0,12359.61,60740.0,12470.33,21638.0,12544.16
4804.0,11863.64,62215.0,13313.07,18633.0,11947.75,2316.0,12028.24,60740.0,12344.04,21638.0,12761.25,5718.0,12797.14
62215.0,11750.61,18633.0,13137.57,2316.0,11860.96,60740.0,12013.22,21638.0,12328.4,5718.0,12764.39,869.0,12815.54
18633.0,11520.69,2316.0,12947.72,60740.0,11854.49,21638.0,12080.65,5718.0,12674.34,869.0,13170.13,3043.0,13256.08
2316.0,11557.02,60740.0,12900.07,21638.0,11966.06,5718.0,12259.7,869.0,12848.15,3043.0,13184.4,9321.0,13315.72
60740.0,11678.29,21638.0,12896.63,5718.0,12127.09,869.0,12480.88,3043.0,12969.06,9321.0,13039.64,64156.0,13221.44
21638.0,11753.98,5718.0,13077.27,869.0,12240.54,3043.0,12527.58,9321.0,13126.43,64156.0,13222.17,8872.0,13393.38
5718.0,11877.4,869.0,13190.82,3043.0,12319.37,9321.0,12585.26,64156.0,13120.84,8872.0,13154.96,2624.0,13326.28
869.0,12011.42,3043.0,13305.55,9321.0,12358.7,64156.0,12590.45,8872.0,12999.84,2624.0,12975.28,4274.0,13134.74
8098.0,11498.49,3797.0,12700.9,6701.0,11672.3,55537.0,12000.61,1680.0,12262.86,7391.0,12633.22,1571.0,12731.1
3797.0,11618.51,6701.0,12820.71,55537.0,11766.93,1680.0,12067.64,7391.0,12282.25,1571.0,12569.02,3517.0,12668.1
6701.0,11722.74,55537.0,12934.52,1680.0,11810.11,7391.0,12069.84,1571.0,12215.56,3517.0,12470.3,28183.0,12557.09
55537.0,11771.58,1680.0,13010.64,7391.0,11798.44,1571.0,12014.34,3517.0,12117.01,28183.0,12403.56,40308.0,12470.2
1680.0,11556.84,7391.0,12958.93,1571.0,11718.16,3517.0,11902.7,28183.0,12306.74,40308.0,12853.17,9693.0,12900.92
7391.0,11527.51,1571.0,12841.61,3517.0,11744.61,28183.0,12012.32,40308.0,12407.37,9693.0,12860.62,16937.0,12944.28
1571.0,11607.69,3517.0,12862.98,28183.0,11848.44,40308.0,12144.52,9693.0,12493.92,16937.0,12797.54,6351.0,12907.92
3517.0,11742.65,28183.0,12968.78,40308.0,11932.26,9693.0,12208.6,16937.0,12457.94,6351.0,12652.6,57358.0,12764.99
28183.0,11812.8,40308.0,13004.76,9693.0,11982.32,16937.0,12261.36,6351.0,12446.61,57358.0,12552.42,5991.0,12672.27
40308.0,11820.74,9693.0,13112.77,16937.0,11949.38,6351.0,12152.93,57358.0,12386.71,5991.0,12622.98,8773.0,12708.16
9693.0,11696.16,16937.0,13078.91,6351.0,11886.19,57358.0,12073.5,5991.0,12469.74,8773.0,12871.67,3956.0,12943.25
16937.0,11682.43,6351.0,13009.33,57358.0,11906.09,5991.0,12142.85,8773.0,12529.11,3956.0,12869.06,995.0,12963.21
6351.0,11718.33,57358.0,13022.97,5991.0,11957.81,8773.0,12205.14,3956.0,12578.61,995.0,12852.94,870.0,12959.52
57358.0,11798.48,5991.0,13071.34,8773.0,12005.83,3956.0,12249.44,995.0,12548.9,870.0,12744.85,4822.0,12855.6
5991.0,11664.27,8773.0,12994.39,3956.0,12042.8,995.0,12315.36,870.0,12839.93,4822.0,13076.1,3156.0,13209.84
8773.0,11764.77,3956.0,13052.08,995.0,12109.83,870.0,12387.91,4822.0,12833.11,3156.0,12982.72,15292.0,13125.41
3956.0,11881.55,995.0,13151.05,870.0,12168.36,4822.0,12422.39,3156.0,12777.23,15292.0,12854.56,9295.0,12993.75
995.0,11980.02,870.0,13250.0,4822.0,12169.27,3156.0,12379.38,15292.0,12624.71,9295.0,12688.19,43378.0,12806.66
870.0,12038.82,4822.0,13319.37,3156.0,12117.55,15292.0,12277.63,9295.0,12414.17,43378.0,12512.51,2954.0,12600.95
4822.0,12037.39,3156.0,13321.02,15292.0,12029.69,9295.0,12159.89,43378.0,12213.89,2954.0,12368.14,3954.0,12431.11
3156.0,11988.33,15292.0,13274.08,9295.0,11937.42,43378.0,12060.16,2954.0,12082.83,3954.0,12301.69,13482.0,12348.82
15292.0,11923.07,9295.0,13234.01,43378.0,11803.32,2954.0,11897.68,3954.0,11887.71,13482.0,12235.02,2909.0,12252.37
9295.0,11770.5,43378.0,13122.89,2954.0,11652.09,3954.0,11745.71,13482.0,11803.63,2909.0,12322.02,4499.0,12319.91
43378.0,11625.48,2954.0,12972.84,3954.0,11537.11,13482.0,11670.0,2909.0,11783.83,4499.0,12401.59,5984.0,12399.58
2954.0,11306.05,3954.0,12656.5,13482.0,11458.84,2909.0,11716.99,4499.0,12120.94,5984.0,12825.22,1348.0,12867.23
3954.0,11340.36,13482.0,12593.83,2909.0,11585.58,4499.0,11928.14,5984.0,12331.53,1348.0,12843.69,6690.0,12937.93
13482.0,11492.95,2909.0,12684.25,4499.0,11763.0,5984.0,12123.61,1348.0,12463.99,6690.0,12761.35,2112.0,12887.98
2909.0,11650.08,4499.0,12851.95,5984.0,11889.32,1348.0,12208.86,6690.0,12500.12,2112.0,12699.87,39858.0,12826.33
4499.0,11790.22,5984.0,13001.6,1348.0,11945.25,6690.0,12213.2,2112.0,12408.98,39858.0,12565.88,6386.0,12676.14
5984.0,11868.35,1348.0,13108.05,6690.0,11930.2,2112.0,12140.11,39858.0,12257.79,6386.0,12446.23,6540.0,12528.83
1348.0,11876.48,6690.0,13147.09,2112.0,11865.44,39858.0,12031.48,6386.0,12104.48,6540.0,12370.01,2380.0,12425.24
6690.0,11851.7,2112.0,13135.17,39858.0,11774.59,6386.0,11914.77,6540.0,11939.34,2380.0,12285.81,8193.0,12317.52
2112.0,11777.92,39858.0,13073.67,6386.0,11675.21,6540.0,11810.85,2380.0,11835.37,8193.0,12272.17,77593.0,12288.96
39858.0,11705.78,6386.0,12994.64,6540.0,11583.44,2380.0,11729.18,8193.0,11743.26,77593.0,12247.04,40564.0,12255.19
6386.0,11434.61,6540.0,12776.61,2380.0,11488.34,8193.0,11700.01,77593.0,11978.43,40564.0,12633.7,4723.0,12659.37
6540.0,11395.78,2380.0,12680.41,8193.0,11528.57,77593.0,11811.98,40564.0,12129.42,4723.0,12709.35,2421.0,12768.94
2380.0,11464.4,8193.0,12696.55,77593.0,11643.38,40564.0,11960.43,4723.0,12260.76,2421.0,12691.67,6741.0,12781.54
8193.0,11586.53,77593.0,12773.74,40564.0,11763.66,4723.0,12086.85,2421.0,12320.96,6741.0,12599.05,3517.0,12707.48
77593.0,11706.03,40564.0,12911.53,4723.0,11829.7,2421.0,12106.07,6741.0,12282.91,3517.0,12518.31,6760.0,12615.6
40564.0,11475.46,4723.0,12909.57,2421.0,11798.08,6741.0,12018.39,3517.0,12605.45,6760.0,13136.2,3898.0,13212.16
4723.0,11424.42,2421.0,12816.95,6741.0,11888.96,3517.0,12189.17,6760.0,12892.17,3898.0,13343.71,325.0,13467.4
2421.0,11587.3,6741.0,12872.94,3517.0,12082.08,6760.0,12422.52,3898.0,13028.8,325.0,13221.82,789.0,13392.91
6741.0,11814.56,3517.0,13046.16,6760.0,12238.08,3898.0,12554.8,325.0,13006.93,789.0,13007.9,9053.0,13188.78
3517.0,11998.57,6760.0,13241.46,3898.0,12295.47,325.0,12543.93,789.0,12857.59,9053.0,12807.44,9011.0,12963.32
6760.0,12079.08,3898.0,13317.11,325.0,12298.75,789.0,12515.36,9053.0,12736.03,9011.0,12663.09,8764.0,12803.66
3898.0,12129.62,325.0,13419.45,789.0,12215.12,9053.0,12353.7,9011.0,12484.41,8764.0,12514.72,23968.0,12608.55
325.0,12102.32,789.0,13428.54,9053.0,12079.23,9011.0,12165.52,8764.0,12228.06,23968.0,12391.17,8024.0,12443.57
789.0,12028.48,9053.0,13370.77,9011.0,11915.49,8764.0,11972.87,23968.0,11974.09,8024.0,12273.84,7326.0,12291.73
9053.0,11922.8,9011.0,13269.56,8764.0,11749.1,23968.0,11798.78,8024.0,11763.09,7326.0,12193.38,369.0,12185.92
9011.0,11665.87,8764.0,12963.6,23968.0,11524.24,8024.0,11663.4,7326.0,11673.22,369.0,12230.46,42921.0,12228.47
8764.0,11513.67,23968.0,12764.41,8024.0,11452.73,7326.0,11676.92,369.0,11757.81,42921.0,12329.14,6110.0,12351.78
23968.0,11477.15,8024.0,12727.39,7326.0,11450.57,369.0,11692.79,42921.0,11814.25,6110.0,12393.21,8213.0,12423.18
8024.0,11405.24,7326.0,12694.09,369.0,11464.0,42921.0,11718.99,6110.0,11967.34,8213.0,12588.42,3982.0,12627.6
7326.0,11414.68,369.0,12659.74,42921.0,11540.02,6110.0,11842.44,8213.0,12115.32,3982.0,12636.5,7630.0,12705.63
369.0,11497.29,42921.0,12713.28,6110.0,11646.44,8213.0,11959.49,3982.0,12212.19,7630.0,12615.07,1792.0,12703.35
42921.0,11618.15,6110.0,12805.92,8213.0,11740.12,3982.0,12042.42,7630.0,12220.45,1792.0,12510.26,257.0,12605.68
6110.0,11570.3,8213.0,12877.37,3982.0,11758.0,7630.0,12009.71,1792.0,12357.76,257.0,12767.81,7933.0,12848.48
8213.0,11602.97,3982.0,12878.04,7630.0,11797.95,1792.0,12071.17,257.0,12398.6,7933.0,12755.64,6812.0,12848.93
3982.0,11674.88,7630.0,12930.32,1792.0,11857.23,257.0,12126.63,7933.0,12411.29,6812.0,12697.83,8642.0,12797.38
7630.0,11762.38,1792.0,12998.26,257.0,11904.21,7933.0,12158.87,6812.0,12370.76,8642.0,12590.69,9957.0,12689.54
1792.0,11820.8,257.0,13068.68,7933.0,11908.17,6812.0,12128.83,8642.0,12287.71,9957.0,12507.99,8099.0,12592.66
257.0,11856.85,7933.0,13110.02,6812.0,11875.35,8642.0,12065.3,9957.0,12155.54,8099.0,12398.86,52361.0,12465.21
7933.0,11863.16,6812.0,13105.8,8642.0,11832.68,9957.0,12012.35,8099.0,12044.07,52361.0,12300.37,5859.0,12355.8
6812.0,11823.87,8642.0,13104.35,9957.0,11741.49,8099.0,11885.88,52361.0,11907.42,5859.0,12272.25,9053.0,12301.5
8642.0,11743.3,9957.0,13044.29,8099.0,11636.66,52361.0,11773.8,5859.0,11806.52,9053.0,12280.09,1761.0,12292.38
9957.0,11644.18,8099.0,12959.04,52361.0,11542.26,5859.0,11688.59,9053.0,11757.83,1761.0,12328.88,66394.0,12332.53
8099.0,11503.9,52361.0,12759.45,5859.0,11491.35,9053.0,11729.97,1761.0,11863.93,66394.0,12417.24,7998.0,12451.56
52361.0,11495.55,5859.0,12738.0,9053.0,11516.22,1761.0,11775.07,66394.0,11931.04,7998.0,12453.71,71745.0,12499.89
5859.0,11331.37,9053.0,12690.85,1761.0,11537.22,66394.0,11799.38,7998.0,12252.31,71745.0,12904.48,934.0,12959.92
9053.0,11369.1,1761.0,12639.0,66394.0,11661.64,7998.0,12002.04,71745.0,12456.9,934.0,12931.53,7179.0,13036.43
1761.0,11518.93,66394.0,12734.45,7998.0,11840.83,71745.0,12195.79,934.0,12600.02,7179.0,12870.32,838.0,13007.15
66394.0,11713.47,7998.0,12906.65,71745.0,11971.45,934.0,12290.7,7179.0,12579.42,838.0,12711.56,8831.0,12849.34
7998.0,11640.49,71745.0,13011.06,934.0,11994.91,7179.0,12239.05,838.0,12776.8,8831.0,13089.6,7185.0,13203.52
71745.0,11701.28,934.0,13007.32,7179.0,12061.31,838.0,12343.01,8831.0,12828.64,7185.0,13039.21,6677.0,13176.1
934.0,11648.96,7179.0,13057.33,838.0,12141.49,8831.0,12399.25,7185.0,13097.28,6677.0,13367.44,491.0,13510.51
7179.0,11785.59,838.0,13092.76,8831.0,12256.59,7185.0,12547.97,6677.0,13118.18,491.0,13202.77,481.0,13375.81
838.0,11952.72,8831.0,13226.41,7185.0,12341.06,6677.0,12603.72,491.0,13039.58,481.0,13010.06,1177.0,13180.75
8831.0,12090.62,7185.0,13359.89,6677.0,12348.34,491.0,12556.56,481.0,12842.24,1177.0,12782.34,9255.0,12927.17
9042.0,11505.3,2968.0,12805.36,5936.0,11572.81,652.0,11807.11,2417.0,12054.27,2382.0,12600.6,8260.0,12646.18
2968.0,11501.47,5936.0,12763.9,652.0,11621.44,2417.0,11897.23,2382.0,12163.74,8260.0,12638.41,1286.0,12707.66
5936.0,11574.31,652.0,12793.72,2417.0,11703.26,2382.0,11995.91,8260.0,12218.16,1286.0,12577.94,2659.0,12664.87
652.0,11660.38,2417.0,12869.92,2382.0,11767.09,8260.0,12044.32,1286.0,12219.1,2659.0,12509.46,48885.0,12598.28
2417.0,11746.64,2382.0,12956.12,8260.0,11791.44,1286.0,12035.68,2659.0,12134.46,48885.0,12396.14,7186.0,12473.26
2382.0,11791.04,8260.0,13018.22,1286.0,11768.1,2659.0,11972.18,48885.0,12012.2,7186.0,12302.2,8979.0,12358.94
8260.0,11789.37,1286.0,13040.94,2659.0,11701.05,48885.0,11868.29,7186.0,11866.33,8979.0,12230.09,35442.0,12262.46
1286.0,11720.8,2659.0,13012.0,48885.0,11598.85,7186.0,11740.34,8979.0,11753.52,35442.0,12243.06,35716.0,12251.99
2659.0,11643.24,48885.0,12909.82,7186.0,11524.29,8979.0,11697.16,35442.0,11709.26,35716.0,12235.03,2118.0,12245.8
48885.0,11592.7,7186.0,12851.76,8979.0,11470.73,35442.0,11655.6,35716.0,11667.99,2118.0,12229.63,6139.0,12237.96
7186.0,11315.9,8979.0,12687.13,35442.0,11397.45,35716.0,11616.41,2118.0,11964.87,6139.0,12731.15,3287.0,12748.08
8979.0,11274.04,35442.0,12554.57,35716.0,11482.72,2118.0,11809.84,6139.0,12215.5,3287.0,12837.45,50347.0,12910.06
35442.0,11387.41,35716.0,12607.34,2118.0,11661.46,6139.0,12023.6,3287.0,12413.34,50347.0,12826.41,1097.0,12939.87
35716.0,11480.78,2118.0,12735.44,6139.0,11826.86,3287.0,12169.25,50347.0,12634.94,1097.0,12955.26,1517.0,13086.46
2118.0,11575.47,6139.0,12864.12,3287.0,11965.01,50347.0,12283.18,1097.0,12803.0,1517.0,13061.09,3955.0,13203.02
6139.0,11740.31,3287.0,12983.8,50347.0,12085.07,1097.0,12392.46,1517.0,12803.14,3955.0,12920.42,61594.0,13072.63
3287.0,11889.3,50347.0,13130.18,1097.0,12145.94,1517.0,12407.07,3955.0,12706.52,61594.0,12761.44,3249.0,12899.97
50347.0,11992.07,1097.0,13244.19,1517.0,12143.38,3955.0,12350.85,61594.0,12541.4,3249.0,12595.24,5057.0,12708.31
1097.0,11851.14,1517.0,13254.73,3955.0,12037.9,61594.0,12181.77,3249.0,12559.32,5057.0,12863.62,4201.0,12939.01
1517.0,11817.52,3955.0,13164.02,61594.0,11991.18,3249.0,12177.76,5057.0,12506.2,4201.0,12798.97,6665.0,12882.55
3955.0,11862.8,61594.0,13129.11,3249.0,12032.21,5057.0,12259.78,4201.0,12505.18,6665.0,12668.37,73998.0,12773.7
61594.0,11921.92,3249.0,13188.91,5057.0,12014.09,4201.0,12207.42,6665.0,12367.57,73998.0,12531.7,4455.0,12619.21
3249.0,11698.38,5057.0,13138.76,4201.0,11910.12,6665.0,12061.12,73998.0,12516.46,4455.0,12962.85,5891.0,13023.78
5057.0,11656.54,4201.0,12980.22,6665.0,11929.52,73998.0,12185.25,4455.0,12614.96,5891.0,12939.87,5581.0,13044.98
4201.0,11755.0,6665.0,12999.56,73998.0,12039.97,4455.0,12330.14,5891.0,12682.8,5581.0,12828.63,1464.0,12963.81
6665.0,11881.28,73998.0,13122.5,4455.0,12081.54,5891.0,12329.07,5581.0,12576.18,1464.0,12672.71,14582.0,12793.92
73998.0,11953.14,4455.0,13216.83,5891.0,12062.25,5581.0,12256.91,1464.0,12423.73,14582.0,12545.85,4460.0,12641.11
4455.0,11673.72,5891.0,13156.69,5581.0,11940.0,1464.0,12081.98,14582.0,12624.45,4460.0,13098.93,3832.0,13161.22
5891.0,11661.35,5581.0,12982.27,1464.0,12026.52,14582.0,12307.44,4460.0,12816.73,3832.0,13073.54,5842.0,13204.48
5581.0,11781.86,1464.0,13055.35,14582.0,12113.92,4460.0,12393.84,3832.0,12809.44,5842.0,12941.73,2586.0,13084.21
1464.0,11910.91,14582.0,13170.88,4460.0,12161.87,3832.0,12406.19,5842.0,12710.87,2586.0,12777.28,59374.0,12909.77
14582.0,12008.99,4460.0,13274.32,3832.0,12149.18,5842.0,12341.68,2586.0,12527.61,59374.0,12592.29,3047.0,12699.13
4460.0,11970.22,3832.0,13222.91,5842.0,12126.94,2586.0,12337.63,59374.0,12534.0,3047.0,12594.1,4506.0,12706.29
3832.0,11998.71,5842.0,13285.33,2586.0,12050.32,59374.0,12205.29,3047.0,12328.13,4506.0,12476.58,9780.0,12553.18
5842.0,11972.28,2586.0,13280.71,59374.0,11941.93,3047.0,12061.27,4506.0,12128.85,9780.0,12378.17,8190.0,12424.59
2586.0,11898.51,59374.0,13226.69,3047.0,11813.86,4506.0,11913.95,9780.0,11959.28,8190.0,12326.9,4974.0,12348.3
59374.0,11811.42,3047.0,13136.02,4506.0,11692.14,9780.0,11796.71,8190.0,11821.6,4974.0,12280.7,1661.0,12287.36
3047.0,11362.78,4506.0,12758.03,9780.0,11527.54,8190.0,11747.34,4974.0,12181.99,1661.0,12874.47,13365.0,12910.7
4506.0,11349.05,9780.0,12640.76,8190.0,11612.14,4974.0,11934.98,1661.0,12384.78,13365.0,12922.64,4322.0,13011.9
9780.0,11485.03,8190.0,12703.53,4974.0,11785.42,1661.0,12139.01,13365.0,12531.76,4322.0,12849.05,2608.0,12976.16
8190.0,11654.88,4974.0,12858.32,1661.0,11926.49,13365.0,12252.88,4322.0,12573.47,2608.0,12752.9,8082.0,12887.67
4974.0,11799.78,1661.0,13020.99,13365.0,11994.42,4322.0,12265.31,2608.0,12503.93,8082.0,12638.77,6310.0,12758.02
1661.0,11885.08,13365.0,13116.88,4322.0,12008.08,2608.0,12238.04,8082.0,12402.91,6310.0,12528.9,8437.0,12631.44
13365.0,11935.57,4322.0,13190.54,2608.0,11958.7,8082.0,12135.59,6310.0,12215.86,8437.0,12394.62,4995.0,12466.85
4322.0,11883.47,2608.0,13194.38,8082.0,11851.22,6310.0,11982.83,8437.0,12068.1,4995.0,12387.93,43134.0,12427.78
2608.0,11812.82,8082.0,13128.77,6310.0,11745.67,8437.0,11875.24,4995.0,11946.02,43134.0,12357.1,7612.0,12381.2
8082.0,11747.68,6310.0,13054.39,8437.0,11656.58,4995.0,11794.28,43134.0,11845.76,7612.0,12317.42,10666.0,12332.49
6310.0,11599.96,8437.0,12833.64,4995.0,11584.77,43134.0,11819.98,7612.0,11912.44,10666.0,12361.12,73422.0,12406.24
8437.0,11600.55,4995.0,12842.71,43134.0,11575.91,7612.0,11802.83,10666.0,11893.88,73422.0,12359.41,61776.0,12399.91
4995.0,11584.61,43134.0,12835.96,7612.0,11563.72,10666.0,11788.6,73422.0,11894.46,61776.0,12381.42,5838.0,12419.71
43134.0,11576.95,7612.0,12814.57,10666.0,11565.35,73422.0,11803.55,61776.0,11908.27,5838.0,12380.05,2114.0,12423.77
7612.0,11424.54,10666.0,12767.74,73422.0,11546.36,61776.0,11780.04,5838.0,12125.75,2114.0,12743.28,544.0,12786.76
10666.0,11418.56,73422.0,12697.42,61776.0,11618.18,5838.0,11920.48,2114.0,12290.43,544.0,12798.44,3832.0,12879.48
73422.0,11509.79,61776.0,12750.08,5838.0,11745.33,2114.0,12065.16,544.0,12416.1,3832.0,12780.68,119.0,12887.39
61776.0,11414.33,5838.0,12790.39,2114.0,11857.21,544.0,12157.25,3832.0,12819.39,119.0,13256.95,10241.0,13377.33
5838.0,11445.14,2114.0,12831.38,544.0,12028.85,3832.0,12353.78,119.0,13149.72,10241.0,13494.59,4596.0,13653.84
2114.0,11664.74,544.0,12951.93,3832.0,12242.89,119.0,12584.39,10241.0,13249.89,4596.0,13333.17,8074.0,13532.65
544.0,11910.44,3832.0,13151.49,119.0,12387.16,10241.0,12691.76,4596.0,13182.44,8074.0,13092.6,6814.0,13293.23
3832.0,12102.49,119.0,13347.41,10241.0,12422.37,4596.0,12656.14,8074.0,12973.66,6814.0,12838.97,1529.0,13008.26
119.0,12198.8,10241.0,13480.96,4596.0,12363.54,8074.0,12517.32,6814.0,12704.54,1529.0,12631.08,2147.0,12754.08
10241.0,12214.72,4596.0,13533.16,8074.0,12233.69,6814.0,12317.7,1529.0,12391.64,2147.0,12435.51,29663.0,12509.01
4596.0,12143.69,8074.0,13490.93,6814.0,12113.48,1529.0,12174.9,2147.0,12238.28,29663.0,12396.18,1598.0,12443.94
8074.0,12034.88,6814.0,13406.69,1529.0,11931.68,2147.0,11971.64,29663.0,12006.24,1598.0,12328.84,35513.0,12342.72
6814.0,11884.18,1529.0,13268.51,2147.0,11753.46,29663.0,11800.92,1598.0,11848.88,35513.0,12327.17,9855.0,12320.32
1529.0,11661.12,2147.0,12985.24,29663.0,11560.6,1598.0,11698.12,35513.0,11772.51,9855.0,12341.75,2346.0,12344.28
2147.0,11493.79,29663.0,12699.74,1598.0,11490.75,35513.0,11765.62,9855.0,11867.1,2346.0,12365.2,69496.0,12413.35
29663.0,11545.44,1598.0,12740.44,35513.0,11532.58,9855.0,11802.27,2346.0,11873.77,69496.0,12321.23,2120.0,12372.62
1598.0,11478.46,35513.0,12762.55,9855.0,11524.05,2346.0,11764.24,69496.0,11978.99,2120.0,12537.53,53218.0,12578.81
2587.0,11705.81,6185.0,12915.06,5345.0,11830.76,69831.0,12105.83,9116.0,12288.43,133.0,12529.93,7566.0,12626.84
6185.0,11789.13,5345.0,13007.54,69831.0,11845.43,9116.0,12080.34,133.0,12189.5,7566.0,12419.47,3621.0,12500.46
5345.0,11814.42,69831.0,13063.83,9116.0,11804.82,133.0,11995.18,7566.0,12063.2,3621.0,12351.38,28546.0,12408.15
69831.0,11791.52,9116.0,13062.98,133.0,11734.05,7566.0,11898.91,3621.0,11944.74,28546.0,12310.25,5074.0,12346.78
9116.0,11428.05,133.0,12920.47,7566.0,11590.72,3621.0,11734.56,28546.0,12232.3,5074.0,12985.54,3310.0,12999.69
133.0,11336.17,7566.0,12701.49,3621.0,11639.96,28546.0,11929.1,5074.0,12479.81,3310.0,13089.53,7151.0,13169.62
7566.0,11446.0,3621.0,12663.54,28546.0,11838.17,5074.0,12219.53,3310.0,12698.47,7151.0,12986.49,39184.0,13135.67
3621.0,11669.87,28546.0,12859.97,5074.0,12016.56,3310.0,12365.54,7151.0,12736.82,39184.0,12841.57,2952.0,13000.68
28546.0,11858.92,5074.0,13055.16,3310.0,12105.78,7151.0,12394.26,39184.0,12644.86,2952.0,12671.56,2609.0,12814.66
5074.0,11898.76,3310.0,13185.06,7151.0,12093.31,39184.0,12306.11,2952.0,12581.54,2609.0,12708.93,6205.0,12818.95
3310.0,11924.71,7151.0,13220.37,39184.0,12045.61,2952.0,12230.12,2609.0,12443.72,6205.0,12618.89,2357.0,12708.09
7151.0,11931.36,39184.0,13229.06,2952.0,11979.75,2609.0,12139.57,6205.0,12284.2,2357.0,12505.75,34315.0,12574.43
39184.0,11902.17,2952.0,13212.56,2609.0,11896.93,6205.0,12035.27,2357.0,12143.49,34315.0,12436.33,2869.0,12484.86
2952.0,11705.9,2609.0,13118.52,6205.0,11770.57,2357.0,11895.37,34315.0,12192.51,2869.0,12707.75,7781.0,12736.98
2609.0,11577.96,6205.0,12837.99,2357.0,11762.58,34315.0,12046.19,2869.0,12355.6,7781.0,12722.68,4585.0,12815.14
6205.0,11675.14,2357.0,12897.97,34315.0,11841.4,2869.0,12126.14,7781.0,12366.37,4585.0,12624.74,43629.0,12727.63
2357.0,11765.84,34315.0,12997.64,2869.0,11873.16,7781.0,12119.33,4585.0,12293.69,43629.0,12526.6,4802.0,12616.96
34315.0,11825.36,2869.0,13063.14,7781.0,11865.12,4585.0,12076.79,43629.0,12179.99,4802.0,12415.94,3711.0,12489.84
2869.0,11715.63,7781.0,13062.02,4585.0,11782.37,43629.0,11949.61,4802.0,12191.43,3711.0,12616.22,9619.0,12663.66
7781.0,11679.16,4585.0,12958.52,43629.0,11783.4,4802.0,12015.1,3711.0,12246.98,9619.0,12608.9,49391.0,12681.16
4585.0,11701.89,43629.0,12968.58,4802.0,11794.46,3711.0,12026.33,9619.0,12231.37,49391.0,12568.38,6011.0,12642.02
43629.0,11738.51,4802.0,12995.37,3711.0,11798.34,9619.0,12019.52,49391.0,12176.84,6011.0,12494.54,7454.0,12563.77
4802.0,11605.78,3711.0,12970.36,9619.0,11754.89,49391.0,11953.34,6011.0,12308.46,7454.0,12787.02,11452.0,12844.92
3711.0,11585.91,9619.0,12844.53,49391.0,11818.7,6011.0,12115.12,7454.0,12465.88,11452.0,12791.91,37714.0,12898.46
9619.0,11698.51,49391.0,12929.19,6011.0,11898.82,7454.0,12184.32,11452.0,12458.71,37714.0,12685.74,6893.0,12797.74
49391.0,11787.22,6011.0,13029.97,7454.0,11934.53,11452.0,12182.06,37714.0,12399.95,6893.0,12602.58,4868.0,12702.98
6011.0,11681.41,7454.0,13049.65,11452.0,11904.72,37714.0,12110.56,6893.0,12524.28,4868.0,12895.15,387.0,12977.9
7454.0,11691.29,11452.0,13006.5,37714.0,11925.19,6893.0,12169.82,4868.0,12551.88,387.0,12864.18,7854.0,12964.1
11452.0,11764.88,37714.0,13015.88,6893.0,12011.52,4868.0,12286.13,387.0,12609.19,7854.0,12778.43,39660.0,12902.93
37714.0,11850.6,6893.0,13113.57,4868.0,12038.96,387.0,12275.23,7854.0,12538.15,39660.0,12689.9,6474.0,12801.26
6893.0,11802.01,4868.0,13148.74,387.0,12012.35,7854.0,12209.77,39660.0,12574.11,6474.0,12839.78,5591.0,12933.41
4868.0,11814.11,387.0,13130.6,7854.0,12004.39,39660.0,12215.32,6474.0,12535.73,5591.0,12781.6,37750.0,12878.0
387.0,11861.94,7854.0,13117.02,39660.0,12051.02,6474.0,12290.98,5591.0,12546.21,37750.0,12681.3,67233.0,12795.62
7854.0,11940.46,39660.0,13195.01,6474.0,12035.97,5591.0,12235.16,37750.0,12385.12,67233.0,12517.9,113.0,12611.08
39660.0,11949.56,6474.0,13238.15,5591.0,11963.74,37750.0,12113.57,67233.0,12211.92,113.0,12426.19,2086.0,12488.8
6474.0,11761.35,5591.0,13165.6,37750.0,11827.99,67233.0,11949.75,113.0,12231.37,2086.0,12688.45,400.0,12724.32
5591.0,11679.22,37750.0,12983.19,67233.0,11826.07,113.0,12055.18,2086.0,12349.12,400.0,12712.38,8290.0,12790.49
37750.0,11716.51,67233.0,12987.79,113.0,11853.46,2086.0,12093.3,400.0,12341.78,8290.0,12645.57,3607.0,12731.39
67233.0,11656.45,113.0,12995.08,2086.0,11856.83,400.0,12080.26,8290.0,12454.62,3607.0,12832.52,7902.0,12915.07
113.0,11491.56,2086.0,12928.96,400.0,11886.94,8290.0,12127.73,3607.0,12791.83,7902.0,13278.33,39182.0,13376.74
2086.0,11582.94,400.0,12857.6,8290.0,12052.07,3607.0,12395.56,7902.0,12971.34,39182.0,13169.14,558.0,13335.75
400.0,11797.45,8290.0,13023.24,3607.0,12200.62,7902.0,12520.66,39182.0,12953.73,558.0,12972.7,9303.0,13148.22
8290.0,11984.93,3607.0,13209.19,7902.0,12258.01,39182.0,12515.14,558.0,12793.16,9303.0,12746.8,57318.0,12899.37
3607.0,12077.38,7902.0,13349.42,39182.0,12217.12,558.0,12392.74,9303.0,12570.89,57318.0,12588.26,4628.0,12698.35
7902.0,12088.92,39182.0,13393.6,558.0,12115.93,9303.0,12234.9,57318.0,12330.93,4628.0,12447.93,6062.0,12518.99
39182.0,12041.03,558.0,13354.05,9303.0,12030.78,57318.0,12140.74,4628.0,12216.86,6062.0,12401.68,8504.0,12457.07
558.0,11816.41,9303.0,13251.1,57318.0,11849.91,4628.0,11932.06,6062.0,12196.48,8504.0,12668.11,61446.0,12690.57
9303.0,11710.58,57318.0,13075.37,4628.0,11768.62,6062.0,11925.31,8504.0,12179.1,61446.0,12655.6,50177.0,12695.01
57318.0,11649.47,4628.0,12951.2,6062.0,11747.98,8504.0,11966.66,61446.0,12215.68,50177.0,12636.38,7874.0,12698.76
4628.0,11404.83,6062.0,12725.52,8504.0,11765.45,61446.0,12081.75,50177.0,12627.53,7874.0,13066.86,2386.0,13179.16
6062.0,11536.47,8504.0,12789.34,61446.0,11910.68,50177.0,12254.06,7874.0,12735.22,2386.0,13001.07,2247.0,13143.9
8504.0,11716.62,61446.0,12940.04,50177.0,12045.72,7874.0,12364.98,2386.0,12745.76,2247.0,12866.98,42642.0,13017.29
61446.0,11866.23,50177.0,13101.32,7874.0,12107.51,2386.0,12371.79,2247.0,12654.66,42642.0,12727.86,287.0,12861.44
50177.0,11764.09,7874.0,13153.44,2386.0,12084.2,2247.0,12289.03,42642.0,12792.82,287.0,13058.19,861.0,13167.43
7874.0,11686.68,2386.0,13107.76,2247.0,12100.74,42642.0,12328.7,287.0,12967.4,861.0,13281.12,7932.0,13403.69
2386.0,11777.66,2247.0,13108.46,42642.0,12199.11,287.0,12466.82,861.0,13018.35,7932.0,13167.55,9935.0,13321.76
2247.0,11938.69,42642.0,13199.1,287.0,12303.74,861.0,12571.06,7932.0,12977.98,9935.0,12957.14,806.0,13124.41
42642.0,12075.47,287.0,13340.95,861.0,12308.42,7932.0,12514.99,9935.0,12778.01,806.0,12738.76,8270.0,12877.06
287.0,12004.12,861.0,13385.64,7932.0,12219.89,9935.0,12360.85,806.0,12720.33,8270.0,12868.73,6722.0,12968.7
861.0,12009.27,7932.0,13308.72,9935.0,12228.66,806.0,12423.96,8270.0,12717.16,6722.0,12774.34,1553.0,12895.57
7932.0,12055.23,9935.0,13353.05,806.0,12169.81,8270.0,12328.17,6722.0,12511.68,1553.0,12598.32,885.0,12693.44
9935.0,12040.22,806.0,13363.49,8270.0,12070.09,6722.0,12187.47,1553.0,12313.03,885.0,12490.79,3173.0,12554.87
806.0,11966.7,8270.0,13316.19,6722.0,11942.3,1553.0,12036.8,885.0,12145.74,3173.0,12445.68,7389.0,12483.24
8270.0,11859.84,6722.0,13153.5,1553.0,11820.86,885.0,11965.92,3173.0,12034.92,7389.0,12363.95,5935.0,12404.24
6722.0,11777.09,1553.0,13033.81,885.0,11766.16,3173.0,11958.08,7389.0,12038.85,5935.0,12366.64,5797.0,12418.79
1553.0,11747.77,885.0,13020.92,3173.0,11706.54,7389.0,11883.49,5935.0,11955.79,5797.0,12348.34,6379.0,12386.19
885.0,11720.32,3173.0,12991.76,7389.0,11644.94,5935.0,11816.37,5797.0,11859.5,6379.0,12298.62,8952.0,12325.33
3173.0,11692.31,7389.0,12958.37,5935.0,11586.59,5797.0,11755.13,6379.0,11768.49,8952.0,12245.49,1396.0,12262.9
7389.0,11604.32,5935.0,12813.78,5797.0,11543.73,6379.0,11778.88,8952.0,11805.1,1396.0,12252.24,5121.0,12290.67
5935.0,11593.3,5797.0,12833.35,6379.0,11512.71,8952.0,11723.46,1396.0,11759.36,5121.0,12264.71,707.0,12289.56
5797.0,11559.54,6379.0,12812.96,8952.0,11476.47,1396.0,11684.03,5121.0,11736.74,707.0,12289.85,45547.0,12308.6
6379.0,11520.62,8952.0,12765.94,1396.0,11459.05,5121.0,11685.64,707.0,11760.23,45547.0,12322.22,30120.0,12346.39
8952.0,11498.14,1396.0,12730.09,5121.0,11466.16,707.0,11714.62,45547.0,11810.48,30120.0,12354.42,79015.0,12388.63
9263.0,11925.64,25214.0,13202.19,716.0,12400.18,7816.0,12683.55,244.0,13204.44,657.0,13147.66,6889.0,13340.32
25214.0,12084.47,716.0,13361.45,7816.0,12435.64,244.0,12663.21,657.0,13044.84,6889.0,12943.42,4694.0,13113.09
716.0,12125.95,7816.0,13445.47,244.0,12411.26,657.0,12589.43,6889.0,12940.32,4694.0,12891.01,67497.0,13034.92
7816.0,12171.03,244.0,13494.16,657.0,12337.4,6889.0,12474.24,4694.0,12708.68,67497.0,12707.46,4137.0,12819.63
244.0,12158.19,657.0,13501.05,6889.0,12231.65,4694.0,12329.95,67497.0,12493.32,4137.0,12578.94,75155.0,12658.86
657.0,12114.4,6889.0,13463.97,4694.0,12088.47,67497.0,12156.75,4137.0,12235.02,75155.0,12424.61,9178.0,12471.24
6889.0,12050.93,4694.0,13368.62,67497.0,11976.56,4137.0,12060.1,75155.0,12074.88,9178.0,12302.23,571.0,12338.74
4694.0,11945.03,67497.0,13297.92,4137.0,11808.11,75155.0,11863.54,9178.0,11866.19,571.0,12258.91,3603.0,12262.19
67497.0,11751.93,4137.0,13045.86,75155.0,11635.91,9178.0,11772.59,571.0,11787.78,3603.0,12252.78,5764.0,12264.6
4137.0,11355.94,75155.0,12818.13,9178.0,11512.53,571.0,11686.25,3603.0,12167.2,5764.0,12947.59,67320.0,12963.01
75155.0,11292.09,9178.0,12627.76,571.0,11579.85,3603.0,11890.62,5764.0,12409.74,67320.0,13031.23,3736.0,13111.42
9178.0,11237.32,571.0,12637.07,3603.0,11787.78,5764.0,12127.22,67320.0,12933.87,3736.0,13473.73,66873.0,13603.08
571.0,11435.84,3603.0,12688.51,5764.0,12056.65,67320.0,12464.18,3736.0,13170.85,66873.0,13356.43,2279.0,13557.8
3603.0,11751.27,5764.0,12955.91,67320.0,12281.44,3736.0,12644.13,66873.0,13172.47,2279.0,13122.17,5368.0,13333.6
5764.0,11994.65,67320.0,13205.42,3736.0,12376.83,66873.0,12663.41,2279.0,13023.1,5368.0,12887.05,12787.0,13073.47
67320.0,12138.73,3736.0,13397.73,66873.0,12352.49,2279.0,12544.8,5368.0,12768.1,12787.0,12680.59,5387.0,12818.54
3736.0,11932.62,66873.0,13396.87,2279.0,12203.46,5368.0,12316.93,12787.0,12804.37,5387.0,13059.53,6528.0,13146.99
66873.0,11882.31,2279.0,13270.45,5368.0,12147.47,12787.0,12323.18,5387.0,12759.37,6528.0,12995.57,7222.0,13097.52
2279.0,11727.57,5368.0,13198.46,12787.0,12133.43,5387.0,12317.98,6528.0,12977.36,7222.0,13323.09,2243.0,13431.49
5368.0,11801.04,12787.0,13127.84,5387.0,12225.26,6528.0,12492.22,7222.0,13035.59,2243.0,13161.88,2750.0,13318.02
12787.0,11944.16,5387.0,13230.43,6528.0,12294.11,7222.0,12541.42,2243.0,12954.65,2750.0,12970.67,4759.0,13126.66
5387.0,11976.38,6528.0,13211.16,7222.0,12328.17,2243.0,12598.75,2750.0,12958.81,4759.0,12880.2,56269.0,13051.71
6528.0,12097.96,7222.0,13361.68,2243.0,12316.6,2750.0,12515.91,4759.0,12757.75,56269.0,12703.44,9540.0,12839.25
7222.0,12132.45,2243.0,13440.61,2750.0,12220.19,4759.0,12349.03,56269.0,12499.83,9540.0,12551.38,7481.0,12641.94
2243.0,12086.61,2750.0,13430.99,4759.0,12080.02,56269.0,12163.57,9540.0,12262.65,7481.0,12451.09,3279.0,12503.01
2750.0,12007.94,4759.0,13359.79,56269.0,11929.03,9540.0,11996.13,7481.0,12044.74,3279.0,12352.14,2890.0,12376.24
4759.0,11900.45,56269.0,13209.9,9540.0,11803.56,7481.0,11911.31,3279.0,11928.12,2890.0,12279.8,3479.0,12302.5
56269.0,11810.12,9540.0,13133.32,7481.0,11675.27,3279.0,11775.27,2890.0,11783.64,3479.0,12250.65,9349.0,12253.31
9540.0,11389.3,7481.0,12789.07,3279.0,11516.32,2890.0,11718.07,3479.0,12117.56,9349.0,12820.89,9710.0,12847.8
7481.0,11336.64,3279.0,12653.78,2890.0,11577.93,3479.0,11881.22,9349.0,12336.45,9710.0,12928.4,9677.0,13004.87
3279.0,11443.96,2890.0,12683.11,3479.0,11748.09,9349.0,12096.78,9710.0,12519.76,9677.0,12891.87,4077.0,13012.5
2890.0,11621.9,3479.0,12810.48,9349.0,11910.24,9710.0,12254.94,9677.0,12583.69,4077.0,12762.74,74667.0,12903.54
3479.0,11800.7,9349.0,12992.39,9710.0,12000.23,9677.0,12289.5,4077.0,12504.94,74667.0,12601.84,5177.0,12729.38
9349.0,11911.44,9710.0,13132.25,9677.0,12004.35,4077.0,12226.86,74667.0,12346.84,5177.0,12457.5,6967.0,12555.74
9710.0,11925.58,9677.0,13196.94,4077.0,11935.91,74667.0,12099.13,5177.0,12182.28,6967.0,12392.74,29153.0,12456.81
9677.0,11865.95,4077.0,13180.07,74667.0,11820.75,5177.0,11949.47,6967.0,12029.02,29153.0,12376.42,3622.0,12410.76
4077.0,11768.82,74667.0,13101.24,5177.0,11708.11,6967.0,11836.54,29153.0,11936.69,3622.0,12398.13,2691.0,12417.23
74667.0,11692.78,5177.0,13005.48,6967.0,11631.3,29153.0,11784.72,3622.0,11881.96,2691.0,12386.52,5101.0,12404.97
5177.0,11261.38,6967.0,12701.86,29153.0,11540.38,3622.0,11778.64,2691.0,12370.02,5101.0,13115.23,4654.0,13162.33
6967.0,11281.84,29153.0,12578.9,3622.0,11689.02,2691.0,12055.06,5101.0,12648.16,4654.0,13147.73,18868.0,13269.22
29153.0,11484.62,3622.0,12700.14,2691.0,11926.87,5101.0,12314.2,4654.0,12827.74,18868.0,13047.62,1833.0,13213.63
3622.0,11676.77,2691.0,12915.43,5101.0,12102.15,4654.0,12439.86,18868.0,12924.68,1833.0,13026.15,48707.0,13196.06
2691.0,11870.89,5101.0,13101.22,4654.0,12199.2,18868.0,12486.99,1833.0,12843.41,48707.0,12853.58,6515.0,13012.56
5101.0,12009.14,4654.0,13255.12,18868.0,12210.74,1833.0,12432.86,48707.0,12660.79,6515.0,12663.09,8349.0,12792.44
4654.0,12065.81,18868.0,13343.0,1833.0,12153.71,48707.0,12313.77,6515.0,12450.22,8349.0,12514.5,4832.0,12608.12
18868.0,12054.58,1833.0,13363.24,48707.0,12045.58,6515.0,12156.9,8349.0,12228.68,4832.0,12399.14,4194.0,12456.95
1833.0,11929.86,48707.0,13301.26,6515.0,11890.08,8349.0,11971.33,4832.0,12091.2,4194.0,12451.49,7070.0,12477.22
48707.0,11827.83,6515.0,13179.31,8349.0,11763.82,4832.0,11868.18,4194.0,11968.63,7070.0,12412.18,2340.0,12428.94
6515.0,11500.24,8349.0,12882.31,4832.0,11646.86,4194.0,11850.63,7070.0,12237.5,2340.0,12821.6,9888.0,12866.98
8349.0,11481.04,4832.0,12785.08,4194.0,11700.18,7070.0,11982.01,2340.0,12379.6,9888.0,12855.79,8368.0,12939.83
4832.0,11569.91,4194.0,12818.73,7070.0,11818.52,2340.0,12126.41,9888.0,12484.78,8368.0,12804.73,4247.0,12916.68
4194.0,11684.33,7070.0,12879.48,2340.0,11934.53,9888.0,12255.58,8368.0,12544.72,4247.0,12705.88,9417.0,12839.19
7070.0,11829.73,2340.0,13038.94,9888.0,11989.53,8368.0,12252.98,4247.0,12442.95,9417.0,12563.08,898.0,12677.68
2340.0,11898.91,9888.0,13146.98,8368.0,11964.96,4247.0,12165.25,9417.0,12287.78,898.0,12458.03,70238.0,12541.77
9888.0,11912.31,8368.0,13182.91,4247.0,11893.46,9417.0,12050.86,898.0,12108.93,70238.0,12351.81,7939.0,12407.04
8368.0,11849.48,4247.0,13159.7,9417.0,11782.47,898.0,11908.68,70238.0,11966.32,7939.0,12337.18,9726.0,12365.19
4247.0,11755.65,9417.0,13068.88,898.0,11684.42,70238.0,11823.91,7939.0,11899.86,9726.0,12355.16,4729.0,12375.24
9417.0,11684.81,898.0,12989.5,70238.0,11606.59,7939.0,11761.0,9726.0,11836.76,4729.0,12348.39,6278.0,12363.71
898.0,11556.53,70238.0,12799.36,7939.0,11556.27,9726.0,11797.79,4729.0,11921.52,6278.0,12407.41,58060.0,12451.67
70238.0,11582.48,7939.0,12803.53,9726.0,11575.04,4729.0,11824.14,6278.0,11917.06,58060.0,12362.92,3326.0,12412.04
7939.0,11309.13,9726.0,12732.48,4729.0,11543.36,6278.0,11772.34,58060.0,12300.49,3326.0,13017.84,8960.0,13060.91
9726.0,11303.53,4729.0,12611.49,6278.0,11658.5,58060.0,12002.23,3326.0,12555.73,8960.0,13085.5,8834.0,13191.97
4729.0,11468.25,6278.0,12701.73,58060.0,11871.99,3326.0,12243.49,8960.0,12743.75,8834.0,13022.73,2963.0,13173.06
6278.0,11689.3,58060.0,12885.44,3326.0,12045.79,8960.0,12390.68,8834.0,12773.73,2963.0,12865.28,3890.0,13027.3
58060.0,11876.84,3326.0,13089.34,8960.0,12125.81,8834.0,12402.45,2963.0,12667.51,3890.0,12699.08,3983.0,12840.44
3326.0,11796.61,8960.0,13165.86,8834.0,12100.44,2963.0,12307.2,3890.0,12771.49,3983.0,12997.49,7503.0,13109.37
8960.0,11831.06,8834.0,13147.98,2963.0,12109.0,3890.0,12341.49,3983.0,12738.54,7503.0,12915.97,1296.0,13036.64
8834.0,11893.03,2963.0,13191.1,3890.0,12122.4,3983.0,12342.4,7503.0,12666.75,1296.0,12806.44,7670.0,12922.83
2963.0,11945.81,3890.0,13240.9,3983.0,12112.18,7503.0,12306.44,1296.0,12558.59,7670.0,12691.96,3707.0,12795.31
3890.0,11982.67,3983.0,13279.5,7503.0,12064.09,1296.0,12224.55,7670.0,12388.85,3707.0,12549.17,2035.0,12630.55
3983.0,11932.35,7503.0,13170.0,1296.0,12022.99,7670.0,12231.4,3707.0,12361.17,2035.0,12478.31,6989.0,12573.43
7503.0,11955.54,1296.0,13224.08,7670.0,11953.9,3707.0,12110.32,2035.0,12173.91,6989.0,12367.78,8890.0,12431.04
1296.0,11908.29,7670.0,13211.48,3707.0,11845.56,2035.0,11967.72,6989.0,12011.39,8890.0,12323.25,7302.0,12357.91
7670.0,11841.2,3707.0,13150.26,2035.0,11726.55,6989.0,11838.83,8890.0,11850.2,7302.0,12261.52,8478.0,12275.57
3707.0,11734.81,2035.0,13058.06,6989.0,11605.94,8890.0,11721.16,7302.0,11751.32,8478.0,12275.88,4320.0,12275.48
2035.0,11570.49,6989.0,12806.61,8890.0,11513.28,7302.0,11738.75,8478.0,11799.33,4320.0,12305.68,4170.0,12336.53
6989.0,11572.61,8890.0,12802.13,7302.0,11504.99,8478.0,11730.82,4320.0,11774.96,4170.0,12279.77,8263.0,12309.34
8890.0,11551.78,7302.0,12784.74,8478.0,11493.7,4320.0,11723.52,4170.0,11783.58,8263.0,12300.96,11741.0,12331.06
7302.0,11523.22,8478.0,12761.89,4320.0,11487.71,4170.0,11726.2,8263.0,11819.05,11741.0,12350.58,5353.0,12383.86
8478.0,11512.59,4320.0,12753.14,4170.0,11492.98,8263.0,11737.55,11741.0,11850.01,5353.0,12383.13,42663.0,12419.72
4320.0,11507.85,4170.0,12747.56,8263.0,11510.5,11741.0,11763.36,5353.0,11897.23,42663.0,12418.08,1906.0,12460.75
4170.0,11530.98,8263.0,12756.1,11741.0,11541.72,5353.0,11802.58,42663.0,11926.83,1906.0,12406.98,2460.0,12456.89
8263.0,11565.58,11741.0,12778.73,5353.0,11575.2,42663.0,11837.23,1906.0,11942.58,2460.0,12379.84,5908.0,12434.58
11741.0,11589.69,5353.0,12820.86,42663.0,11586.29,1906.0,11828.4,2460.0,11931.9,5908.0,12377.86,20252.0,12426.22
5353.0,11575.11,42663.0,12822.86,1906.0,11585.76,2460.0,11824.38,5908.0,11959.02,20252.0,12425.91,9460.0,12473.35
42663.0,11582.04,1906.0,12824.24,2460.0,11592.29,5908.0,11833.91,20252.0,11962.95,9460.0,12421.04,3087.0,12470.18
1906.0,11443.85,2460.0,12793.07,5908.0,11574.3,20252.0,11803.97,9460.0,12159.96,3087.0,12764.03,7063.0,12809.82
2460.0,11455.1,5908.0,12722.24,20252.0,11648.28,9460.0,11949.94,3087.0,12296.59,7063.0,12767.53,47690.0,12852.04
5908.0,11567.74,20252.0,12778.46,9460.0,11770.56,3087.0,12090.04,7063.0,12373.01,47690.0,12679.52,4730.0,12788.0
20252.0,11695.64,9460.0,12898.28,3087.0,11857.8,7063.0,12148.89,47690.0,12361.36,4730.0,12579.01,7804.0,12686.81
4825.0,11633.94,8070.0,12822.32,596.0,11788.86,5005.0,12097.48,9638.0,12303.28,4853.0,12559.25,5615.0,12664.55
8070.0,11745.69,596.0,12950.05,5005.0,11832.59,9638.0,12092.55,4853.0,12226.37,5615.0,12453.64,3191.0,12543.61
596.0,11789.05,5005.0,13032.15,9638.0,11809.36,4853.0,12017.45,5615.0,12113.72,3191.0,12394.3,34972.0,12459.33
5005.0,11800.85,9638.0,13053.01,4853.0,11757.9,5615.0,11938.62,3191.0,11980.02,34972.0,12306.61,6231.0,12352.39
9638.0,11767.52,4853.0,13044.9,5615.0,11675.16,3191.0,11828.3,34972.0,11849.55,6231.0,12266.06,2243.0,12289.61
4853.0,11680.47,5615.0,12978.92,3191.0,11583.86,34972.0,11736.4,6231.0,11789.18,2243.0,12304.72,6129.0,12316.35
5615.0,11590.32,3191.0,12848.23,34972.0,11532.37,6231.0,11740.47,2243.0,11815.55,6129.0,12332.31,7004.0,12358.99
3191.0,11566.75,34972.0,12824.6,6231.0,11511.94,2243.0,11724.64,6129.0,11806.94,7004.0,12342.03,9139.0,12367.91
34972.0,11537.31,6231.0,12751.16,2243.0,11519.85,6129.0,11777.83,7004.0,11863.72,9139.0,12343.96,5529.0,12389.1
6231.0,11435.42,2243.0,12742.28,6129.0,11512.2,7004.0,11754.26,9139.0,12025.82,5529.0,12624.57,5906.0,12665.77
2243.0,11434.13,6129.0,12698.75,7004.0,11565.28,9139.0,11854.35,5529.0,12145.77,5906.0,12670.65,1672.0,12737.58
6129.0,11519.68,7004.0,12734.34,9139.0,11668.38,5529.0,11978.86,5906.0,12225.49,1672.0,12611.32,7781.0,12700.94
7004.0,11624.51,9139.0,12825.14,5529.0,11756.14,5906.0,12052.14,1672.0,12248.91,7781.0,12541.11,5490.0,12636.41
9139.0,11712.99,5529.0,12933.57,5906.0,11791.15,1672.0,12044.05,7781.0,12190.79,5490.0,12469.11,9061.0,12550.68
5529.0,11743.3,5906.0,12991.16,1672.0,11779.4,7781.0,11997.44,5490.0,12122.62,9061.0,12435.79,5131.0,12501.2
5906.0,11747.07,1672.0,13002.02,7781.0,11750.78,5490.0,11954.15,9061.0,12054.54,5131.0,12396.29,2334.0,12451.22
1672.0,11732.84,7781.0,12999.63,5490.0,11704.18,9061.0,11891.98,5131.0,11974.35,2334.0,12364.3,8161.0,12406.32
7781.0,11717.47,5490.0,12978.87,9061.0,11656.74,5131.0,11839.92,2334.0,11889.26,8161.0,12308.77,6985.0,12341.91
5490.0,11673.02,9061.0,12950.84,5131.0,11597.66,2334.0,11771.93,8161.0,11829.12,6985.0,12312.9,1329.0,12334.97
9061.0,11593.47,5131.0,12826.84,2334.0,11563.8,8161.0,11795.84,6985.0,11875.69,1329.0,12339.68,2624.0,12380.44
5131.0,11576.46,2334.0,12822.02,8161.0,11553.14,6985.0,11782.32,1329.0,11882.43,2624.0,12369.93,6328.0,12408.47
2334.0,11572.1,8161.0,12816.33,6985.0,11547.36,1329.0,11778.06,2624.0,11877.02,6328.0,12369.79,5199.0,12407.93
8161.0,11582.25,6985.0,12811.0,1329.0,11552.82,2624.0,11790.07,6328.0,11868.69,5199.0,12338.81,4955.0,12379.93
6985.0,11577.3,1329.0,12813.63,2624.0,11551.34,6328.0,11785.05,5199.0,11873.86,4955.0,12352.09,3512.0,12392.03
1329.0,11568.21,2624.0,12803.56,6328.0,11551.56,5199.0,11790.72,4955.0,11889.88,3512.0,12368.06,8214.0,12410.33
2624.0,11587.92,6328.0,12809.89,5199.0,11559.17,4955.0,11800.07,3512.0,11872.32,8214.0,12328.66,1671.0,12372.01
6328.0,11607.45,5199.0,12826.51,4955.0,11559.82,3512.0,11792.88,8214.0,11839.96,1671.0,12288.72,2772.0,12328.7
5199.0,11604.23,4955.0,12842.48,3512.0,11538.4,8214.0,11753.38,1671.0,11799.88,2772.0,12285.19,38108.0,12315.26
4955.0,11580.37,3512.0,12820.52,8214.0,11514.66,1671.0,11732.84,2772.0,11786.42,38108.0,12294.23,6590.0,12322.39
3512.0,11560.39,8214.0,12800.43,1671.0,11496.95,2772.0,11719.46,38108.0,11779.38,6590.0,12302.84,9665.0,12330.35
8214.0,11548.15,1671.0,12775.62,2772.0,11492.53,38108.0,11727.82,6590.0,11786.91,9665.0,12300.58,14916.0,12332.51
1671.0,11532.4,2772.0,12769.36,38108.0,11488.4,6590.0,11723.67,9665.0,11804.96,14916.0,12333.38,41478.0,12365.25
2772.0,11542.17,38108.0,12768.04,6590.0,11493.74,9665.0,11733.44,14916.0,11799.29,41478.0,12311.97,9509.0,12345.84
38108.0,11552.37,6590.0,12766.54,9665.0,11503.33,14916.0,11748.3,41478.0,11800.84,9509.0,12290.57,3159.0,12327.74
6590.0,11412.93,9665.0,12732.58,14916.0,11476.96,41478.0,11709.89,9509.0,11983.41,3159.0,12623.07,3257.0,12655.78
9665.0,11393.88,14916.0,12665.73,41478.0,11527.53,9509.0,11819.51,3159.0,12127.08,3257.0,12691.86,7327.0,12754.82
14916.0,11459.27,41478.0,12693.86,9509.0,11640.13,3159.0,11957.16,3257.0,12262.67,7327.0,12697.77,3622.0,12787.39
41478.0,11547.88,9509.0,12774.86,3159.0,11752.41,3257.0,12065.21,7327.0,12368.08,3622.0,12702.99,4043.0,12807.17
9509.0,11548.34,3159.0,12851.73,3257.0,11830.22,7327.0,12115.43,3622.0,12553.96,4043.0,12917.54,6114.0,13024.1
3159.0,11634.76,3257.0,12899.91,7327.0,11924.33,3622.0,12223.43,4043.0,12623.65,6114.0,12881.24,194.0,13005.72
3257.0,11766.33,7327.0,13002.71,3622.0,12006.75,4043.0,12287.88,6114.0,12592.17,194.0,12747.58,1101.0,12874.29
7327.0,11881.36,3622.0,13114.53,4043.0,12041.12,6114.0,12281.94,194.0,12485.07,1101.0,12596.7,4252.0,12709.26
3622.0,11935.87,4043.0,13202.21,6114.0,12004.42,194.0,12187.89,1101.0,12322.36,4252.0,12486.0,5933.0,12568.57
4043.0,11936.59,6114.0,13226.33,194.0,11921.85,1101.0,12063.83,4252.0,12137.67,5933.0,12382.73,1040.0,12436.06
6114.0,11891.67,194.0,13164.28,1101.0,11855.68,4252.0,12009.52,5933.0,12056.61,1040.0,12328.76,43818.0,12377.39
194.0,11836.81,1101.0,13135.22,4252.0,11750.84,5933.0,11880.6,1040.0,11912.15,43818.0,12292.54,1259.0,12317.26
1101.0,11775.29,4252.0,13066.28,5933.0,11652.12,1040.0,11784.55,43818.0,11785.61,1259.0,12235.4,3720.0,12247.26
4252.0,11703.4,5933.0,12980.83,1040.0,11559.44,43818.0,11705.19,1259.0,11688.06,3720.0,12194.99,6880.0,12199.56
5933.0,11582.18,1040.0,12810.87,43818.0,11482.08,1259.0,11695.5,3720.0,11704.71,6880.0,12220.65,2748.0,12241.94
1040.0,11545.07,43818.0,12779.2,1259.0,11453.8,3720.0,11673.21,6880.0,11703.71,2748.0,12250.36,2074.0,12270.53
43818.0,11534.04,1259.0,12760.98,3720.0,11437.61,6880.0,11662.38,2748.0,11684.56,2074.0,12238.06,10381.0,12257.77
1259.0,11335.14,3720.0,12691.69,6880.0,11387.38,2748.0,11604.53,2074.0,11911.22,10381.0,12666.82,6696.0,12681.15
3720.0,11306.22,6880.0,12569.5,2748.0,11460.37,2074.0,11777.8,10381.0,12112.68,6696.0,12727.63,20102.0,12791.84
6880.0,11415.14,2748.0,12617.29,2074.0,11613.75,10381.0,11962.46,6696.0,12262.5,20102.0,12684.55,3203.0,12783.36
2748.0,11562.24,2074.0,12748.1,10381.0,11747.81,6696.0,12077.8,20102.0,12322.13,3203.0,12610.52,29899.0,12719.74
2074.0,11700.5,10381.0,12886.64,6696.0,11827.86,20102.0,12118.32,3203.0,12282.05,29899.0,12497.07,18129.0,12599.42
10381.0,11798.95,6696.0,13011.12,20102.0,11833.64,3203.0,12063.97,29899.0,12144.09,18129.0,12371.49,44913.0,12448.3
6696.0,11797.82,20102.0,13063.2,3203.0,11770.2,29899.0,11947.12,18129.0,12014.39,44913.0,12344.76,1344.0,12391.45
20102.0,11749.25,3203.0,13036.62,29899.0,11688.62,18129.0,11849.74,44913.0,11915.18,1344.0,12336.46,9407.0,12365.5
3203.0,11628.16,29899.0,12959.59,18129.0,11602.4,44913.0,11766.34,1344.0,11927.09,9407.0,12474.6,9476.0,12494.61
29899.0,11575.58,18129.0,12870.6,44913.0,11574.91,1344.0,11780.23,9407.0,11945.51,9476.0,12484.3,75351.0,12516.55
18129.0,11431.69,44913.0,12708.12,1344.0,11589.45,9407.0,11876.79,9476.0,12200.78,75351.0,12714.65,2325.0,12785.85
44913.0,11464.31,1344.0,12731.94,9407.0,11681.68,9476.0,11987.58,75351.0,12355.38,2325.0,12796.53,8945.0,12888.93
1344.0,11454.56,9407.0,12777.77,9476.0,11792.57,75351.0,12096.14,2325.0,12621.26,8945.0,13046.82,3804.0,13157.48
9407.0,11589.97,9476.0,12832.86,75351.0,11939.67,2325.0,12273.8,8945.0,12716.04,3804.0,12946.55,53734.0,13089.71
9476.0,11755.45,75351.0,12984.06,2325.0,12055.2,8945.0,12357.13,3804.0,12709.67,53734.0,12825.0,4123.0,12969.23
75351.0,11883.0,2325.0,13128.24,8945.0,12099.14,3804.0,12347.47,53734.0,12613.73,4123.0,12701.37,38750.0,12827.08
2325.0,11697.77,8945.0,13135.01,3804.0,12058.29,53734.0,12252.96,4123.0,12842.52,38750.0,13183.72,5306.0,13286.24
8945.0,11726.96,3804.0,13065.2,53734.0,12098.44,4123.0,12358.97,38750.0,12877.89,5306.0,13104.14,3802.0,13237.37
3804.0,11846.1,53734.0,13129.29,4123.0,12191.57,38750.0,12457.93,5306.0,12883.14,3802.0,12969.78,6736.0,13118.4
53734.0,11970.78,4123.0,13239.67,38750.0,12222.44,5306.0,12451.19,3802.0,12753.79,6736.0,12786.09,8827.0,12920.9
4123.0,11881.26,38750.0,13262.16,5306.0,12184.39,3802.0,12371.22,6736.0,12832.51,8827.0,13014.76,8065.0,13129.84
38750.0,11908.01,5306.0,13235.24,3802.0,12180.43,6736.0,12391.76,8827.0,12778.94,8065.0,12914.91,880.0,13037.02
5306.0,11897.55,3802.0,13241.12,6736.0,12224.35,8827.0,12441.12,8065.0,12894.29,880.0,13013.65,317.0,13146.7
3802.0,11957.68,6736.0,13274.18,8827.0,12221.26,8065.0,12428.76,880.0,12791.12,317.0,12883.32,6620.0,13009.82
6736.0,12021.57,8827.0,13322.36,8065.0,12201.81,880.0,12383.82,317.0,12640.84,6620.0,12717.64,3726.0,12828.84
8827.0,12042.64,8065.0,13354.32,880.0,12136.02,317.0,12280.51,6620.0,12458.35,3726.0,12582.55,8479.0,12667.95
8065.0,11984.68,880.0,13249.96,317.0,12094.29,6620.0,12282.19,3726.0,12445.0,8479.0,12541.9,26401.0,12639.45
880.0,11977.78,317.0,13282.4,6620.0,12000.78,3726.0,12138.9,8479.0,12254.94,26401.0,12459.84,7503.0,12523.07
317.0,11945.11,6620.0,13252.68,3726.0,11897.71,8479.0,12016.54,26401.0,12072.6,7503.0,12355.29,63088.0,12395.49
6620.0,11891.75,3726.0,13201.59,8479.0,11780.31,26401.0,11883.69,7503.0,11887.56,63088.0,12258.22,42078.0,12275.95
3726.0,11763.62,8479.0,13042.55,26401.0,11661.52,7503.0,11810.53,63088.0,11823.79,42078.0,12250.85,8836.0,12270.99
8479.0,11696.42,26401.0,12984.04,7503.0,11570.93,63088.0,11717.86,42078.0,11729.61,8836.0,12240.42,7003.0,12247.47
26401.0,11571.4,7503.0,12820.43,63088.0,11506.11,42078.0,11720.14,8836.0,11783.54,7003.0,12307.93,8350.0,12333.5
7503.0,11453.68,63088.0,12763.19,42078.0,11469.31,8836.0,11689.15,7003.0,11904.17,8350.0,12537.53,8099.0,12562.83
63088.0,11422.72,42078.0,12692.47,8836.0,11504.74,7003.0,11777.85,8350.0,12030.49,8099.0,12605.22,2188.0,12656.76
42078.0,11259.7,8836.0,12647.48,7003.0,11579.6,8350.0,11866.47,8099.0,12458.48,2188.0,13121.95,782.0,13195.44
8836.0,11276.17,7003.0,12618.48,8350.0,11773.05,8099.0,12132.48,2188.0,12845.94,782.0,13332.69,1954.0,13468.06
7003.0,11498.16,8350.0,12741.98,8099.0,12034.8,2188.0,12421.42,782.0,13041.78,1954.0,13223.37,5359.0,13410.51
8350.0,11766.94,8099.0,12979.85,2188.0,12224.79,782.0,12567.02,1954.0,13041.38,5359.0,13031.91,8393.0,13224.1
8099.0,11973.31,2188.0,13205.61,782.0,12299.93,1954.0,12566.32,5359.0,12903.36,8393.0,12840.44,2514.0,13006.05
2188.0,12082.54,782.0,13351.54,1954.0,12280.72,5359.0,12473.68,8393.0,12704.86,2514.0,12680.01,6986.0,12808.3
1093.0,11988.63,31809.0,13243.16,13459.0,12084.08,3488.0,12272.75,6569.0,12410.23,63302.0,12498.29,530.0,12594.49
31809.0,12000.77,13459.0,13286.33,3488.0,11984.67,6569.0,12117.78,63302.0,12173.28,530.0,12362.4,4189.0,12420.38
13459.0,11825.16,3488.0,13219.4,6569.0,11819.77,63302.0,11914.33,530.0,12106.17,4189.0,12549.82,7063.0,12572.47
3488.0,11680.17,6569.0,13061.23,63302.0,11716.32,530.0,11860.56,4189.0,12113.97,7063.0,12643.28,76222.0,12671.26
6569.0,11614.81,63302.0,12907.93,530.0,11699.6,4189.0,11926.28,7063.0,12163.51,76222.0,12612.16,41388.0,12671.07
63302.0,11594.75,530.0,12806.54,4189.0,11739.76,7063.0,12037.71,76222.0,12263.18,41388.0,12585.0,6805.0,12679.44
530.0,11468.18,4189.0,12836.1,7063.0,11775.06,76222.0,12036.38,41388.0,12560.39,6805.0,13037.47,5563.0,13127.16
4189.0,11540.95,7063.0,12810.65,76222.0,11885.72,41388.0,12211.57,6805.0,12680.07,5563.0,12983.03,8851.0,13113.47
7063.0,11700.62,76222.0,12929.78,41388.0,12010.46,6805.0,12324.59,5563.0,12695.52,8851.0,12849.63,330.0,12991.63
76222.0,11846.01,41388.0,13077.28,6805.0,12076.56,5563.0,12343.8,8851.0,12616.32,330.0,12707.88,2515.0,12837.57
41388.0,11677.62,6805.0,13105.36,5563.0,12051.24,8851.0,12258.44,330.0,12853.59,2515.0,13189.73,2380.0,13296.09
6805.0,11640.79,5563.0,13049.34,8851.0,12097.47,330.0,12351.28,2515.0,13024.24,2380.0,13335.03,7047.0,13468.28
5563.0,11785.3,8851.0,13084.49,330.0,12254.69,2515.0,12549.96,2380.0,13112.82,7047.0,13187.94,2639.0,13363.31
8851.0,11964.04,330.0,13228.19,2515.0,12344.69,2380.0,12608.75,7047.0,13027.77,2639.0,12982.53,9279.0,13154.8
330.0,12086.9,2515.0,13368.83,2380.0,12345.6,7047.0,12547.12,2639.0,12847.11,9279.0,12802.12,44371.0,12944.63
2515.0,12153.94,2380.0,13451.13,7047.0,12278.7,2639.0,12421.31,9279.0,12594.21,44371.0,12597.54,45760.0,12702.74
2380.0,12148.54,7047.0,13420.33,2639.0,12241.09,9279.0,12389.38,44371.0,12506.62,45760.0,12497.74,6490.0,12599.0
7047.0,12133.57,2639.0,13452.0,9279.0,12092.55,44371.0,12171.61,45760.0,12202.28,6490.0,12342.25,5450.0,12393.32
2639.0,12028.04,9279.0,13389.95,44371.0,11907.36,45760.0,11948.46,6490.0,11958.16,5450.0,12283.32,49196.0,12294.35
9279.0,11893.58,44371.0,13260.47,45760.0,11727.9,6490.0,11772.65,5450.0,11768.9,49196.0,12241.93,840.0,12230.12
44371.0,11640.0,45760.0,12950.19,6490.0,11516.82,5450.0,11659.19,49196.0,11703.88,840.0,12286.59,18870.0,12285.09
45760.0,11335.34,6490.0,12700.24,5450.0,11427.76,49196.0,11652.8,840.0,12005.63,18870.0,12743.15,10325.0,12766.71
6490.0,11192.66,5450.0,12574.29,49196.0,11513.14,840.0,11818.76,18870.0,12425.12,10325.0,13143.47,994.0,13215.27
5450.0,11310.26,49196.0,12567.84,840.0,11739.5,18870.0,12128.22,10325.0,12703.62,994.0,13119.93,6829.0,13261.21
49196.0,11550.89,840.0,12740.58,18870.0,11979.86,10325.0,12366.96,994.0,12834.6,6829.0,12980.33,5127.0,13154.85
840.0,11684.12,18870.0,12965.4,10325.0,12125.09,994.0,12438.35,6829.0,12972.61,5127.0,13101.42,19947.0,13265.98
18870.0,11854.86,10325.0,13106.78,994.0,12211.67,6829.0,12496.79,5127.0,12902.6,19947.0,12934.59,4012.0,13095.31
10325.0,11954.07,994.0,13239.58,6829.0,12231.34,5127.0,12460.12,19947.0,12806.24,4012.0,12849.61,5579.0,12987.39
994.0,12011.99,6829.0,13312.56,5127.0,12207.38,19947.0,12395.4,4012.0,12668.71,5579.0,12738.6,9789.0,12853.94
6829.0,12048.44,5127.0,13350.39,19947.0,12143.22,4012.0,12294.21,5579.0,12465.02,9789.0,12573.42,1248.0,12662.16
5127.0,12028.2,19947.0,13350.63,4012.0,12042.27,5579.0,12157.03,9789.0,12269.53,1248.0,12465.61,7840.0,12525.04
19947.0,11959.68,4012.0,13269.38,5579.0,11934.21,9789.0,12055.9,1248.0,12131.96,7840.0,12389.95,1697.0,12436.85
4012.0,11836.53,5579.0,13163.05,9789.0,11843.1,1248.0,11985.36,7840.0,12131.52,1697.0,12480.54,6688.0,12524.6
5579.0,11775.75,9789.0,13090.47,1248.0,11762.61,7840.0,11918.02,1697.0,12049.01,6688.0,12454.3,8070.0,12491.6
9789.0,11727.92,1248.0,13029.24,7840.0,11704.16,1697.0,11871.81,6688.0,11989.24,8070.0,12425.55,4755.0,12459.75
1248.0,11637.24,7840.0,12885.08,1697.0,11670.21,6688.0,11905.48,8070.0,12049.32,4755.0,12452.49,69950.0,12510.1
7840.0,11670.61,1697.0,12910.0,6688.0,11670.57,8070.0,11895.35,4755.0,11993.58,69950.0,12384.45,7363.0,12436.9
1697.0,11661.34,6688.0,12895.92,8070.0,11663.5,4755.0,11893.12,69950.0,11990.48,7363.0,12378.02,635.0,12431.75
6688.0,11678.95,8070.0,12906.23,4755.0,11654.36,69950.0,11877.65,7363.0,11939.89,635.0,12323.71,9794.0,12372.86
8070.0,11672.18,4755.0,12923.65,69950.0,11615.82,7363.0,11814.1,635.0,11867.75,9794.0,12306.4,1924.0,12340.36
4755.0,11629.33,69950.0,12894.32,7363.0,11570.16,635.0,11766.18,9794.0,11837.77,1924.0,12329.9,5821.0,12357.06
69950.0,11594.9,7363.0,12854.83,635.0,11537.45,9794.0,11743.39,1924.0,11819.53,5821.0,12335.2,8512.0,12361.76
7363.0,11265.82,635.0,12702.84,9794.0,11489.08,1924.0,11713.45,5821.0,12251.5,8512.0,13029.26,33062.0,13062.85
635.0,11254.77,9794.0,12565.28,1924.0,11614.49,5821.0,11965.38,8512.0,12534.06,33062.0,13103.78,2159.0,13207.44
9794.0,11444.59,1924.0,12654.68,5821.0,11846.38,8512.0,12234.42,33062.0,12715.06,2159.0,12988.48,28344.0,13141.95
1924.0,11667.71,5821.0,12854.5,8512.0,12029.5,33062.0,12384.28,2159.0,12766.34,28344.0,12857.99,32682.0,13021.96
5821.0,11873.08,8512.0,13072.11,33062.0,12114.41,2159.0,12397.62,28344.0,12643.34,32682.0,12666.56,2166.0,12808.46
8512.0,11981.03,33062.0,13217.67,2159.0,12106.3,28344.0,12316.44,32682.0,12467.19,2166.0,12522.04,45393.0,12629.97
33062.0,11993.75,2159.0,13284.32,28344.0,12014.96,32682.0,12157.99,2166.0,12255.11,45393.0,12429.38,4848.0,12496.17
2159.0,11830.38,28344.0,13223.66,32682.0,11869.29,2166.0,11979.12,45393.0,12213.08,4848.0,12621.88,3478.0,12657.62
28344.0,11748.69,32682.0,13093.28,2166.0,11794.72,45393.0,11955.02,4848.0,12173.99,3478.0,12601.2,29447.0,12645.39
32682.0,11637.3,2166.0,13005.5,45393.0,11754.33,4848.0,11937.6,3478.0,12263.03,29447.0,12753.89,4823.0,12804.33
2166.0,11466.28,45393.0,12758.33,4848.0,11773.55,3478.0,12087.2,29447.0,12556.51,4823.0,12960.24,44906.0,13071.23
45393.0,11606.61,4848.0,12834.98,3478.0,11915.36,29447.0,12245.34,4823.0,12634.69,44906.0,12860.66,1776.0,12997.37
4848.0,11652.67,3478.0,12962.08,29447.0,12006.32,4823.0,12289.23,44906.0,12779.33,1776.0,13023.14,9750.0,13155.17
3478.0,11771.17,29447.0,13034.18,4823.0,12095.41,44906.0,12381.45,1776.0,12785.44,9750.0,12914.65,29438.0,13058.41
29447.0,11902.09,4823.0,13153.72,44906.0,12140.57,1776.0,12388.76,9750.0,12678.83,29438.0,12749.51,4055.0,12881.04
4823.0,11911.12,44906.0,13231.36,1776.0,12116.72,9750.0,12311.26,29438.0,12628.47,4055.0,12785.34,3308.0,12891.77
44906.0,11933.87,1776.0,13241.74,9750.0,12082.35,29438.0,12265.92,4055.0,12516.12,3308.0,12684.95,18307.0,12779.89
1776.0,11817.58,9750.0,13198.59,29438.0,12043.11,4055.0,12220.79,3308.0,12625.61,18307.0,12909.01,7041.0,12999.15
9750.0,11824.74,29438.0,13151.02,4055.0,12029.58,3308.0,12236.99,18307.0,12577.25,7041.0,12820.48,4705.0,12918.8
29438.0,11859.56,4055.0,13150.91,3308.0,12045.54,18307.0,12262.6,7041.0,12547.17,4705.0,12731.16,3150.0,12835.32
4055.0,11830.96,3308.0,13151.69,18307.0,12040.4,7041.0,12249.75,4705.0,12586.54,3150.0,12803.56,4455.0,12905.48
3308.0,11867.59,18307.0,13167.55,7041.0,12029.27,4705.0,12232.84,3150.0,12501.24,4455.0,12704.4,4959.0,12800.47
18307.0,11902.18,7041.0,13151.35,4705.0,12047.11,3150.0,12270.88,4455.0,12470.85,4959.0,12594.78,5085.0,12700.76
7041.0,11900.95,4705.0,13203.34,3150.0,11994.64,4455.0,12169.41,4959.0,12367.01,5085.0,12582.64,1203.0,12661.42
4705.0,11879.6,3150.0,13191.23,4455.0,11924.55,4959.0,12082.82,5085.0,12246.91,1203.0,12526.44,6164.0,12587.8
3150.0,11853.09,4455.0,13140.7,4959.0,11875.47,5085.0,12046.37,1203.0,12172.78,6164.0,12459.64,38626.0,12518.7
4455.0,11836.78,4959.0,13125.02,5085.0,11808.44,1203.0,11964.4,6164.0,12044.17,38626.0,12378.47,7036.0,12421.79
4959.0,11781.15,5085.0,13030.85,1203.0,11759.13,6164.0,11951.33,38626.0,12014.81,7036.0,12340.08,42045.0,12391.15
5085.0,11760.63,1203.0,13031.82,6164.0,11691.99,38626.0,11858.32,7036.0,11899.07,42045.0,12297.95,53734.0,12329.32
1203.0,11706.72,6164.0,12983.59,38626.0,11618.54,7036.0,11783.78,42045.0,11821.27,53734.0,12284.83,3982.0,12305.81
6164.0,11650.66,38626.0,12886.68,7036.0,11576.47,42045.0,11782.87,53734.0,11810.57,3982.0,12262.22,2420.0,12293.51
38626.0,11621.79,7036.0,12873.28,42045.0,11533.61,53734.0,11729.82,3982.0,11762.73,2420.0,12265.09,76239.0,12286.82
7036.0,11429.94,42045.0,12792.44,53734.0,11458.87,3982.0,11650.25,2420.0,11923.72,76239.0,12626.32,7573.0,12639.67
