Actual_Day_1,Pred_Day_1,Actual_Day_2,Pred_Day_2,Actual_Day_3,Pred_Day_3,Actual_Day_4,Pred_Day_4,Actual_Day_5,Pred_Day_5,Actual_Day_6,Pred_Day_6,Actual_Day_7,Pred_Day_7
4321.0,12137.87,3368.0,12246.42,9734.0,11507.81,725.0,12185.15,16181.0,11812.02,77543.0,10791.76,4117.0,11764.14
3368.0,12265.14,9734.0,12220.76,725.0,11419.14,16181.0,12121.63,77543.0,11893.21,4117.0,10767.61,2778.0,11654.76
9734.0,12224.14,725.0,12122.78,16181.0,11342.03,77543.0,12197.22,4117.0,11938.5,2778.0,10645.26,1639.0,11622.34
725.0,12174.41,16181.0,12120.77,77543.0,11450.16,4117.0,12179.01,2778.0,11847.91,1639.0,10742.32,4964.0,11761.68
16181.0,12127.88,77543.0,12177.35,4117.0,11397.46,2778.0,12153.85,1639.0,11881.58,4964.0,10676.16,5150.0,11700.42
77543.0,12167.64,4117.0,12133.04,2778.0,11470.74,1639.0,12138.52,4964.0,11831.6,5150.0,10855.22,3018.0,11827.38
4117.0,12087.3,2778.0,12105.1,1639.0,11867.24,4964.0,11866.62,5150.0,12024.67,3018.0,11741.83,26728.0,12250.84
2778.0,12154.52,1639.0,12480.94,4964.0,11351.63,5150.0,12326.88,3018.0,12848.36,26728.0,11451.02,4986.0,12136.79
1639.0,12657.16,4964.0,11972.59,5150.0,11804.19,3018.0,13000.91,26728.0,12358.47,4986.0,11635.82,1210.0,12865.64
4964.0,12249.49,5150.0,12136.12,3018.0,12296.28,26728.0,12307.64,4986.0,12219.36,1210.0,11707.16,5959.0,12368.85
5150.0,12225.35,3018.0,12706.72,26728.0,11501.3,4986.0,12245.75,1210.0,12385.64,5959.0,11348.06,43252.0,11773.19
3018.0,12839.7,26728.0,12135.39,4986.0,11563.18,1210.0,12627.94,5959.0,12419.09,43252.0,11201.56,5243.0,11953.77
26728.0,12291.48,4986.0,11999.46,1210.0,11754.63,5959.0,12498.61,43252.0,12028.68,5243.0,10877.71,30590.0,11941.82
4986.0,12044.38,1210.0,12331.16,5959.0,11693.49,43252.0,12048.62,5243.0,11658.84,30590.0,11086.75,37994.0,11916.64
1210.0,12325.56,5959.0,12358.96,43252.0,11352.45,5243.0,12059.17,30590.0,12122.26,37994.0,10964.69,3165.0,11692.45
5959.0,12393.31,43252.0,12017.38,5243.0,11341.18,30590.0,12433.21,37994.0,12089.96,3165.0,10822.24,26706.0,11875.05
43252.0,12212.15,5243.0,12088.0,30590.0,11694.93,37994.0,12218.25,3165.0,11943.91,26706.0,11003.75,9692.0,11940.14
5243.0,12085.38,30590.0,12285.22,37994.0,11678.16,3165.0,12007.37,26706.0,12027.3,9692.0,11374.96,39367.0,11983.41
3864.0,12253.38,9835.0,12134.65,8855.0,11913.34,1979.0,12329.26,60680.0,11999.77,5855.0,11270.94,49122.0,12151.8
9835.0,12210.7,8855.0,12450.9,1979.0,11537.72,60680.0,12152.97,5855.0,12120.33,49122.0,11091.28,8924.0,11745.8
8855.0,12494.5,1979.0,12182.26,60680.0,11445.27,5855.0,12365.19,49122.0,12172.44,8924.0,11000.71,75916.0,11801.63
1979.0,12299.1,60680.0,12067.93,5855.0,11613.31,49122.0,12346.08,8924.0,12052.41,75916.0,10926.66,6760.0,11897.88
60680.0,12120.2,5855.0,12241.81,49122.0,11501.98,8924.0,12233.88,75916.0,11862.2,6760.0,10812.13,5167.0,11821.28
5855.0,12222.33,49122.0,12143.09,8924.0,11816.1,75916.0,11952.38,6760.0,11857.48,5167.0,11550.03,4167.0,12166.72
49122.0,12170.9,8924.0,12390.37,75916.0,11365.32,6760.0,12171.92,5167.0,12634.71,4167.0,11258.8,3011.0,11886.03
8924.0,12505.02,75916.0,12014.79,6760.0,11851.78,5167.0,12643.37,4167.0,12292.06,3011.0,11916.51,77097.0,12819.83
75916.0,12258.75,6760.0,12245.82,5167.0,12113.56,4167.0,12333.69,3011.0,12673.69,77097.0,11932.88,7776.0,12489.53
6760.0,12318.65,5167.0,12416.98,4167.0,12090.13,3011.0,12422.37,77097.0,12524.03,7776.0,12556.74,15522.0,12909.95
5167.0,12681.53,4167.0,12437.68,3011.0,11991.08,77097.0,12634.75,7776.0,13296.51,15522.0,12333.8,4391.0,12634.82
4167.0,12733.63,3011.0,12207.29,77097.0,12023.02,7776.0,13202.13,15522.0,12782.96,4391.0,12072.28,4749.0,12969.87
3011.0,12584.86,77097.0,12240.25,7776.0,12438.48,15522.0,12582.84,4391.0,12399.48,4749.0,12060.84,6591.0,12570.67
77097.0,12435.21,7776.0,12666.68,15522.0,11726.66,4391.0,12381.32,4749.0,12483.38,6591.0,11530.33,3429.0,11898.77
7776.0,12735.99,15522.0,12114.78,4391.0,12004.21,4749.0,12358.94,6591.0,12332.14,3429.0,12105.32,49059.0,12398.01
15522.0,12372.85,4391.0,12395.64,4749.0,11720.24,6591.0,12448.2,3429.0,12914.73,49059.0,11641.32,936.0,12197.6
4391.0,12547.67,4749.0,12149.97,6591.0,11793.15,3429.0,12901.25,49059.0,12212.55,936.0,11697.44,3084.0,12785.28
4749.0,12479.01,6591.0,12204.27,3429.0,12247.98,49059.0,12251.86,936.0,12295.11,3084.0,11854.13,5630.0,12382.16
6591.0,12300.13,3429.0,12565.44,49059.0,11469.53,936.0,12340.66,3084.0,12495.45,5630.0,11383.69,2226.0,11830.18
3429.0,12827.93,49059.0,12166.37,936.0,11672.39,3084.0,12620.38,5630.0,12467.43,2226.0,11397.05,937.0,12073.8
49059.0,12348.22,936.0,12072.94,3084.0,11786.85,5630.0,12525.88,2226.0,12194.07,937.0,11049.99,3930.0,11988.86
936.0,12121.21,3084.0,12289.04,5630.0,11870.72,2226.0,12094.56,937.0,11795.93,3930.0,11479.43,47179.0,12154.25
3084.0,12341.28,5630.0,12457.93,2226.0,11421.39,937.0,12158.89,3930.0,12425.08,47179.0,11201.56,5749.0,11844.08
5630.0,12522.12,2226.0,11999.7,937.0,11475.4,3930.0,12664.98,47179.0,12154.71,5749.0,11094.45,7345.0,12202.0
2226.0,12266.72,937.0,12102.68,3930.0,11937.45,47179.0,12207.34,5749.0,12037.68,7345.0,11287.24,6443.0,12072.82
937.0,12153.99,3930.0,12480.71,47179.0,11400.52,5749.0,12191.1,7345.0,12185.17,6443.0,11001.46,24475.0,11682.52
3930.0,12571.92,47179.0,12132.17,5749.0,11455.82,7345.0,12460.63,6443.0,12147.27,24475.0,10925.34,2653.0,11843.71
47179.0,12226.67,5749.0,12028.1,7345.0,11637.31,6443.0,12323.94,24475.0,11912.42,2653.0,10771.33,3412.0,11822.89
5749.0,12010.02,7345.0,12251.78,6443.0,11702.87,24475.0,11940.08,2653.0,11733.83,3412.0,11239.88,5192.0,11961.02
7345.0,12256.72,6443.0,12397.31,24475.0,11322.28,2653.0,12123.58,3412.0,12371.2,5192.0,11095.01,1449.0,11815.43
6443.0,12453.12,24475.0,11969.08,2653.0,11512.47,3412.0,12624.63,5192.0,12159.24,1449.0,11128.7,20997.0,12271.18
24475.0,12188.66,2653.0,12117.51,3412.0,11929.51,5192.0,12221.68,1449.0,12060.78,20997.0,11319.68,4264.0,12145.94
2653.0,12150.43,3412.0,12455.58,5192.0,11588.44,1449.0,12136.83,20997.0,12209.16,4264.0,11378.02,980.0,11943.33
3412.0,12549.56,5192.0,12235.09,1449.0,11495.07,20997.0,12478.11,4264.0,12471.91,980.0,11221.75,5145.0,11986.77
5192.0,12381.85,1449.0,12024.04,20997.0,11729.61,4264.0,12593.71,980.0,12123.66,5145.0,11091.29,4266.0,12169.52
1449.0,12136.99,20997.0,12266.05,4264.0,11753.52,980.0,12194.7,5145.0,11871.98,4266.0,11068.16,1624.0,11929.31
20997.0,12294.26,4264.0,12379.98,980.0,11402.24,5145.0,12153.86,4266.0,12023.46,1624.0,10894.13,4460.0,11666.04
4264.0,12393.2,980.0,12051.0,5145.0,11497.68,4266.0,12257.56,1624.0,12018.81,4460.0,10980.84,8287.0,11831.23
980.0,12168.42,5145.0,12187.89,4266.0,11501.7,1624.0,12223.41,4460.0,12097.08,8287.0,10889.13,46499.0,11812.94
5145.0,12228.66,4266.0,12195.12,1624.0,11443.5,4460.0,12335.04,8287.0,11915.11,46499.0,10840.56,7414.0,11905.96
4266.0,12258.18,1624.0,12121.91,4460.0,11600.54,8287.0,12170.67,46499.0,11893.92,7414.0,10912.24,2250.0,11838.52
1624.0,12138.61,4460.0,12251.23,8287.0,11391.15,46499.0,12138.88,7414.0,11987.29,2250.0,10782.85,28555.0,11651.72
4460.0,12304.66,8287.0,12169.6,46499.0,11380.63,7414.0,12273.63,2250.0,11981.09,28555.0,10754.87,14825.0,11738.59
8287.0,12207.78,46499.0,12071.44,7414.0,11503.73,2250.0,12241.26,28555.0,11876.25,14825.0,10723.99,59288.0,11774.58
46499.0,12079.58,7414.0,12203.6,2250.0,11456.7,28555.0,12105.78,14825.0,11809.83,59288.0,10743.67,2721.0,11715.45
7414.0,12163.74,2250.0,12163.14,28555.0,11620.39,14825.0,11985.33,59288.0,11913.04,2721.0,11268.77,3790.0,11991.0
2250.0,12179.33,28555.0,12273.89,14825.0,11389.94,59288.0,12228.91,2721.0,12421.72,3790.0,11128.38,1743.0,11937.66
28555.0,12390.87,14825.0,12080.42,59288.0,11592.93,2721.0,12622.58,3790.0,12162.16,1743.0,11207.11,77481.0,12347.48
14825.0,12219.07,59288.0,12099.34,2721.0,12068.29,3790.0,12174.28,1743.0,12061.75,77481.0,11617.67,543.0,12305.62
59288.0,12156.6,2721.0,12552.32,3790.0,11533.79,1743.0,12174.69,77481.0,12487.83,543.0,11440.43,58808.0,11926.58
2721.0,12621.01,3790.0,12099.75,1743.0,11888.12,77481.0,12508.45,543.0,12461.95,58808.0,12028.82,3360.0,12620.33
3790.0,12322.62,1743.0,12250.16,77481.0,11908.27,543.0,12551.42,58808.0,12791.83,3360.0,11726.84,9427.0,12439.32
1743.0,12434.18,77481.0,12323.38,543.0,11837.57,58808.0,12767.69,3360.0,12269.3,9427.0,11666.28,6902.0,12612.92
77481.0,12562.41,543.0,12239.96,58808.0,12065.98,3360.0,12348.6,9427.0,12304.47,6902.0,11656.94,6998.0,12200.96
543.0,12283.91,58808.0,12342.87,3360.0,11963.54,9427.0,12103.48,6902.0,12371.86,6998.0,12097.04,8471.0,12265.54
58808.0,12550.08,3360.0,12512.72,9427.0,11496.1,6902.0,12561.83,6998.0,13074.97,8471.0,11656.41,5347.0,12154.48
3360.0,12697.43,9427.0,11871.45,6902.0,12244.89,6998.0,12936.31,8471.0,12327.25,5347.0,12278.69,468.0,13236.43
9427.0,12159.76,6902.0,12429.35,6998.0,12260.16,8471.0,12246.04,5347.0,12651.65,468.0,12088.89,13867.0,12485.75
6902.0,12595.69,6998.0,12643.24,8471.0,11612.99,5347.0,12680.87,468.0,12618.15,13867.0,11894.15,29039.0,12437.32
6998.0,12938.6,8471.0,12002.06,5347.0,12087.16,468.0,12689.38,13867.0,12684.27,29039.0,11858.69,425.0,12365.11
8471.0,12295.77,5347.0,12380.13,468.0,11846.99,13867.0,12540.34,29039.0,12457.76,425.0,11436.78,2839.0,12079.3
5347.0,12529.6,468.0,12355.32,13867.0,11712.86,29039.0,12487.67,425.0,12139.16,2839.0,11320.16,3808.0,12051.9
468.0,12485.13,13867.0,12180.81,29039.0,11702.85,425.0,12350.69,2839.0,12106.8,3808.0,11092.5,4800.0,11910.76
13867.0,12228.57,29039.0,12213.73,425.0,11443.57,2839.0,12270.18,3808.0,11913.69,4800.0,10789.94,30637.0,11704.35
29039.0,12350.77,425.0,12214.76,2839.0,11544.88,3808.0,12125.62,4800.0,11892.75,30637.0,10983.64,8540.0,11802.26
425.0,12197.8,2839.0,12130.76,3808.0,11512.11,4800.0,12090.38,30637.0,12070.69,8540.0,11085.36,2832.0,11817.37
2839.0,12251.01,3808.0,12273.18,4800.0,11387.05,30637.0,12321.6,8540.0,12255.43,2832.0,10994.19,1842.0,11914.89
7466.0,12223.68,2461.0,12165.24,7976.0,11829.42,1204.0,12223.11,28650.0,12095.4,7273.0,11289.74,5081.0,12067.19
2461.0,12234.94,7976.0,12403.97,1204.0,11497.72,28650.0,12250.7,7273.0,12226.54,5081.0,11151.9,1395.0,11857.34
7976.0,12496.23,1204.0,12145.3,28650.0,11536.32,7273.0,12462.96,5081.0,12205.55,1395.0,11049.2,6643.0,11946.94
1204.0,12254.76,28650.0,12097.36,7273.0,11689.0,5081.0,12338.94,1395.0,11986.56,6643.0,10982.1,1806.0,11946.89
28650.0,12149.19,7273.0,12309.33,5081.0,11492.27,1395.0,12176.3,6643.0,11908.15,1806.0,10843.9,1502.0,11741.32
7273.0,12312.8,5081.0,12166.34,1395.0,11565.32,6643.0,12127.37,1806.0,11922.78,1502.0,11111.09,1099.0,11903.08
5081.0,12204.03,1395.0,12195.92,6643.0,11438.47,1806.0,12193.5,1502.0,12217.32,1099.0,10971.42,8142.0,11801.1
1395.0,12293.77,6643.0,12161.71,1806.0,11491.21,1502.0,12422.28,1099.0,12053.24,8142.0,11013.28,73333.0,12062.37
6643.0,12263.56,1806.0,12118.58,1502.0,11688.47,1099.0,12260.07,8142.0,12000.04,73333.0,11037.28,4220.0,11962.0
1806.0,12167.44,1502.0,12297.19,1099.0,11497.13,8142.0,12182.05,73333.0,12022.19,4220.0,10954.02,2560.0,11771.63
1502.0,12352.02,1099.0,12204.58,8142.0,11428.42,73333.0,12289.68,4220.0,12076.03,2560.0,10862.68,1261.0,11753.08
1099.0,12268.02,8142.0,12093.36,73333.0,11496.87,4220.0,12321.64,2560.0,11943.96,1261.0,10744.08,7222.0,11790.57
8142.0,12126.01,73333.0,12177.68,4220.0,11471.56,2560.0,12171.56,1261.0,11778.66,7222.0,10669.69,7087.0,11697.56
73333.0,12175.88,4220.0,12210.82,2560.0,11404.83,1261.0,12077.11,7222.0,11797.45,7087.0,10711.01,4141.0,11653.08
4220.0,12128.48,2560.0,12058.49,1261.0,11739.4,7222.0,11886.08,7087.0,11912.64,4141.0,11509.16,1513.0,12100.29
2560.0,12118.08,1261.0,12419.2,7222.0,11332.32,7087.0,12231.72,4141.0,12697.2,1513.0,11276.79,407.0,12005.73
1261.0,12548.17,7222.0,11998.07,7087.0,11672.54,4141.0,12889.22,1513.0,12245.04,407.0,11431.86,2321.0,12698.29
7222.0,12242.46,7087.0,12099.44,4141.0,12194.18,1513.0,12263.17,407.0,12134.36,2321.0,11564.35,1738.0,12296.09
7087.0,12166.37,4141.0,12642.86,1513.0,11483.21,407.0,12190.7,2321.0,12321.94,1738.0,11275.03,514.0,11751.52
4141.0,12755.8,1513.0,12153.73,407.0,11528.86,2321.0,12567.2,1738.0,12395.82,514.0,11184.29,1899.0,11941.19
1513.0,12298.61,407.0,12000.7,2321.0,11740.09,1738.0,12501.21,514.0,12065.0,1899.0,10916.05,9971.0,11982.59
407.0,12064.71,2321.0,12331.51,1738.0,11567.77,514.0,12175.1,1899.0,11700.14,9971.0,10810.84,4041.0,11798.6
2321.0,12334.68,1738.0,12270.39,514.0,11384.23,1899.0,12080.65,9971.0,11837.81,4041.0,10743.6,7311.0,11614.45
1738.0,12258.64,514.0,12064.84,1899.0,11286.49,9971.0,12173.06,4041.0,11916.01,7311.0,10572.74,5792.0,11535.64
514.0,12171.44,1899.0,12139.97,9971.0,11369.54,4041.0,12166.33,7311.0,11857.21,5792.0,10609.59,7298.0,11639.69
1899.0,12141.01,9971.0,12134.56,4041.0,11361.71,7311.0,12168.33,5792.0,11801.76,7298.0,10561.81,46244.0,11641.43
9971.0,12125.67,4041.0,12135.84,7311.0,11370.82,5792.0,12122.82,7298.0,11755.7,46244.0,10559.88,9244.0,11632.07
4041.0,12105.94,7311.0,12138.78,5792.0,11381.4,7298.0,12065.52,46244.0,11775.4,9244.0,10644.2,2224.0,11648.71
7311.0,12122.78,5792.0,12166.92,7298.0,11323.32,46244.0,12114.36,9244.0,11890.34,2224.0,10638.7,4219.0,11651.8
5792.0,12165.62,7298.0,12102.44,46244.0,11402.21,9244.0,12194.89,2224.0,11864.64,4219.0,10723.25,452.0,11788.24
7298.0,12118.36,46244.0,12139.72,9244.0,11469.59,2224.0,12142.71,4219.0,11893.7,452.0,10780.43,23255.0,11780.9
46244.0,12142.58,9244.0,12198.05,2224.0,11425.76,4219.0,12165.95,452.0,11931.93,23255.0,10819.02,52935.0,11783.67
9244.0,12180.99,2224.0,12103.25,4219.0,11702.78,452.0,12067.56,23255.0,11981.36,52935.0,11351.89,3183.0,12091.31
2224.0,12144.37,4219.0,12327.14,452.0,11473.33,23255.0,12235.01,52935.0,12446.3,3183.0,11233.71,6115.0,12004.01
4219.0,12425.66,452.0,12121.59,23255.0,11601.78,52935.0,12649.41,3183.0,12211.16,6115.0,11265.78,7457.0,12368.18
452.0,12290.32,23255.0,12109.42,52935.0,11950.39,3183.0,12309.14,6115.0,12087.9,7457.0,11349.19,3522.0,12175.72
23255.0,12185.17,52935.0,12463.78,3183.0,11497.97,6115.0,12218.37,7457.0,12191.44,3522.0,11075.39,71326.0,11746.63
52935.0,12532.41,3183.0,12156.79,6115.0,11598.97,7457.0,12362.94,3522.0,12160.9,71326.0,11226.56,9447.0,11970.42
3183.0,12214.7,6115.0,12081.41,7457.0,11896.63,3522.0,12171.78,71326.0,12205.33,9447.0,11585.68,4622.0,12226.83
6115.0,12162.99,7457.0,12448.17,3522.0,11485.88,71326.0,12383.03,9447.0,12451.62,4622.0,11332.85,5225.0,12159.65
7457.0,12590.69,3522.0,12078.59,71326.0,11792.21,9447.0,12649.09,4622.0,12173.81,5225.0,11504.57,39411.0,12526.41
3522.0,12255.85,71326.0,12179.38,9447.0,11951.18,4622.0,12221.88,5225.0,12231.68,39411.0,11473.51,5284.0,12091.74
71326.0,12322.14,9447.0,12525.4,4622.0,11457.1,5225.0,12320.34,39411.0,12379.22,5284.0,11241.41,8643.0,11820.8
9447.0,12600.62,4622.0,12002.08,5225.0,12019.42,39411.0,12342.37,5284.0,12285.45,8643.0,11963.32,78671.0,12467.06
4622.0,12148.32,5225.0,12390.36,39411.0,11706.58,5284.0,12383.16,8643.0,12765.25,78671.0,11555.46,1094.0,12203.12
5225.0,12539.12,39411.0,12244.28,5284.0,11721.3,8643.0,12849.51,78671.0,12228.4,1094.0,11589.08,8973.0,12692.23
39411.0,12483.08,5284.0,12094.3,8643.0,12193.1,78671.0,12308.48,1094.0,12210.05,8973.0,11699.86,27774.0,12331.05
5284.0,12176.14,8643.0,12527.04,78671.0,11705.12,1094.0,12114.34,8973.0,12396.89,27774.0,11714.67,5182.0,11986.87
8643.0,12727.4,78671.0,12360.6,1094.0,11515.14,8973.0,12595.75,27774.0,12800.68,5182.0,11529.31,6055.0,12100.98
78671.0,12570.1,1094.0,11929.36,8973.0,11909.34,27774.0,12851.06,5182.0,12306.9,6055.0,11394.64,75893.0,12488.08
1094.0,12051.59,8973.0,12216.93,27774.0,12418.67,5182.0,11978.51,6055.0,11931.42,75893.0,12242.49,9907.0,12626.34
8973.0,12292.7,27774.0,12851.28,5182.0,11380.52,6055.0,12207.31,75893.0,12990.76,9907.0,11717.07,9062.0,12007.17
27774.0,13022.41,5182.0,11898.99,6055.0,11716.9,75893.0,13174.61,9907.0,12599.52,9062.0,11755.93,960.0,12815.74
5182.0,12314.93,6055.0,12005.52,75893.0,12587.19,9907.0,12339.32,9062.0,12335.98,960.0,12108.56,5144.0,12630.93
6055.0,12128.14,75893.0,12894.2,9907.0,11528.43,9062.0,12281.45,960.0,12605.39,5144.0,11600.45,9636.0,11934.89
75893.0,13070.75,9907.0,12128.02,9062.0,11685.22,960.0,12846.71,5144.0,12544.4,9636.0,11563.46,3150.0,12324.56
9907.0,12300.32,9062.0,11870.21,960.0,12448.71,5144.0,12273.56,9636.0,12209.91,3150.0,12125.65,8854.0,12620.08
9062.0,12019.47,960.0,12851.62,5144.0,11552.06,9636.0,12201.76,3150.0,12733.69,8854.0,11721.7,9442.0,12114.49
960.0,13011.61,5144.0,12126.22,9636.0,11724.16,3150.0,12992.6,8854.0,12535.9,9442.0,11839.7,5355.0,12795.21
5144.0,12434.75,9636.0,11935.26,3150.0,12276.74,8854.0,12494.79,9442.0,12387.62,5355.0,11702.56,7781.0,12391.81
9636.0,12172.42,3150.0,12725.09,8854.0,11631.96,9442.0,12265.3,5355.0,12315.29,7781.0,11450.19,8744.0,11900.53
31079.0,12212.6,2437.0,12135.58,3455.0,11503.49,3777.0,12224.65,8424.0,11967.9,5968.0,10900.25,33728.0,11879.12
2437.0,12147.44,3455.0,12149.21,3777.0,11651.56,8424.0,12116.94,5968.0,11979.93,33728.0,11216.27,7406.0,12024.57
3455.0,12205.05,3777.0,12313.3,8424.0,11448.35,5968.0,12247.5,33728.0,12298.65,7406.0,11094.18,5527.0,11916.42
3777.0,12396.74,8424.0,12102.0,5968.0,11573.72,33728.0,12516.69,7406.0,12117.52,5527.0,11106.88,1393.0,12150.44
8424.0,12231.31,5968.0,12143.96,33728.0,11769.54,7406.0,12252.2,5527.0,12031.9,1393.0,11113.17,399.0,11971.94
5968.0,12189.79,33728.0,12364.13,7406.0,11486.12,5527.0,12194.7,1393.0,12065.53,399.0,11005.37,2857.0,11772.08
33728.0,12415.06,7406.0,12165.85,5527.0,11474.28,1393.0,12332.59,399.0,12103.65,2857.0,10939.96,1773.0,11828.17
7406.0,12211.82,5527.0,12060.68,1393.0,11728.98,399.0,12207.51,2857.0,11965.47,1773.0,11200.78,6264.0,12057.9
5527.0,12113.57,1393.0,12349.5,399.0,11497.31,2857.0,12170.69,1773.0,12184.82,6264.0,11105.79,10584.0,11912.76
1393.0,12415.66,399.0,12169.39,2857.0,11521.99,1773.0,12448.22,6264.0,12120.87,10584.0,11146.95,3783.0,12134.98
399.0,12293.51,2857.0,12088.05,1773.0,11722.52,6264.0,12297.93,10584.0,12098.24,3783.0,11112.74,9850.0,11984.02
2857.0,12196.3,1773.0,12348.53,6264.0,11492.0,10584.0,12245.86,3783.0,12085.22,9850.0,10962.83,8259.0,11773.89
1773.0,12409.9,6264.0,12174.1,10584.0,11482.91,3783.0,12333.06,9850.0,12045.96,8259.0,10881.48,2761.0,11778.34
6264.0,12235.3,10584.0,12113.83,3783.0,11508.92,9850.0,12276.28,8259.0,11925.54,2761.0,10713.28,8478.0,11725.71
10584.0,12127.9,3783.0,12199.67,9850.0,11441.2,8259.0,12149.53,2761.0,11753.78,8478.0,10682.18,9477.0,11691.99
3783.0,12194.59,9850.0,12182.93,8259.0,11416.23,2761.0,12069.11,8478.0,11827.94,9477.0,10753.63,24254.0,11686.74
9850.0,12170.38,8259.0,12142.38,2761.0,11322.05,8478.0,12159.45,9477.0,11937.82,24254.0,10678.68,4734.0,11673.62
8259.0,12192.92,2761.0,12109.69,8478.0,11460.6,9477.0,12193.89,24254.0,11893.87,4734.0,10830.18,2763.0,11840.92
2761.0,12137.09,8478.0,12167.82,9477.0,11491.63,24254.0,12148.26,4734.0,11974.62,2763.0,10880.31,2502.0,11811.14
8478.0,12195.08,9477.0,12209.99,24254.0,11417.31,4734.0,12244.76,2763.0,12012.07,2502.0,10843.03,3432.0,11814.61
9477.0,12250.14,24254.0,12115.4,4734.0,11542.68,2763.0,12254.37,2502.0,11957.92,3432.0,10915.62,4143.0,11887.73
24254.0,12148.22,4734.0,12195.02,2763.0,11528.92,2502.0,12172.99,3432.0,11982.61,4143.0,10917.63,444.0,11820.17
4734.0,12204.97,2763.0,12202.8,2502.0,11554.62,3432.0,12170.2,4143.0,12009.74,444.0,11121.82,7984.0,11953.47
2763.0,12253.0,2502.0,12208.06,3432.0,11497.06,4143.0,12280.8,444.0,12202.5,7984.0,11042.48,51950.0,11935.27
2502.0,12284.8,3432.0,12139.11,4143.0,11559.74,444.0,12408.21,7984.0,12043.09,51950.0,11019.49,4125.0,12046.14
3432.0,12240.59,4143.0,12186.28,444.0,11653.99,7984.0,12227.68,51950.0,11994.17,4125.0,11024.2,6576.0,11900.31
4143.0,12229.34,444.0,12281.76,7984.0,11450.02,51950.0,12214.82,4125.0,12041.56,6576.0,10886.33,7727.0,11723.22
444.0,12334.88,7984.0,12150.55,51950.0,11452.56,4125.0,12295.6,6576.0,12005.74,7727.0,10818.59,2756.0,11761.26
7984.0,12205.58,51950.0,12127.0,4125.0,11476.89,6576.0,12254.9,7727.0,11892.83,2756.0,10693.8,3168.0,11735.92
51950.0,12134.96,4125.0,12178.29,6576.0,11457.22,7727.0,12132.33,2756.0,11761.52,3168.0,10720.0,2352.0,11718.23
4125.0,12136.77,6576.0,12144.25,7727.0,11661.29,2756.0,11916.47,3168.0,11881.44,2352.0,11298.89,842.0,11972.94
6576.0,12158.75,7727.0,12333.39,2756.0,11304.0,3168.0,12217.86,2352.0,12472.11,842.0,11085.47,58674.0,11880.63
7727.0,12453.67,2756.0,12017.13,3168.0,11626.29,2352.0,12671.25,842.0,12148.71,58674.0,11266.27,4565.0,12437.31
2756.0,12188.43,3168.0,12125.5,2352.0,11994.81,842.0,12216.75,58674.0,12096.49,4565.0,11402.75,6696.0,12175.01
3168.0,12186.76,2352.0,12530.16,842.0,11448.88,58674.0,12232.72,4565.0,12269.02,6696.0,11154.26,36012.0,11791.84
2352.0,12629.18,842.0,12119.58,58674.0,11538.36,4565.0,12522.49,6696.0,12247.2,36012.0,11076.51,2027.0,11947.48
842.0,12241.68,58674.0,12059.84,4565.0,11687.82,6696.0,12379.33,36012.0,11994.18,2027.0,10863.29,3405.0,11879.12
58674.0,12104.59,4565.0,12326.68,6696.0,11473.39,36012.0,12161.44,2027.0,11760.97,3405.0,10738.79,289.0,11699.78
4565.0,12275.59,6696.0,12131.76,36012.0,11719.02,2027.0,11922.28,3405.0,11837.35,289.0,11396.44,5876.0,12010.83
6696.0,12143.36,36012.0,12323.71,2027.0,11291.28,3405.0,12172.03,289.0,12535.88,5876.0,11070.47,9644.0,11794.39
36012.0,12473.36,2027.0,12052.16,3405.0,11571.59,289.0,12715.96,5876.0,12154.11,9644.0,11269.12,27897.0,12465.49
2027.0,12211.95,3405.0,12033.37,289.0,12227.38,5876.0,12128.43,9644.0,12094.13,27897.0,11799.32,4482.0,12422.31
3405.0,12106.68,289.0,12687.57,5876.0,11421.44,9644.0,12221.4,27897.0,12612.0,4482.0,11393.8,534.0,11877.42
289.0,12836.4,5876.0,12085.23,9644.0,11618.95,27897.0,12831.52,4482.0,12428.41,534.0,11404.39,9474.0,12345.44
5876.0,12315.16,9644.0,11998.96,27897.0,12027.58,4482.0,12457.98,534.0,12142.89,9474.0,11216.51,4817.0,12127.72
9644.0,12070.69,27897.0,12525.64,4482.0,11542.45,534.0,12168.44,9474.0,11913.56,4817.0,11009.97,54407.0,11751.62
27897.0,12565.01,4482.0,12232.63,534.0,11468.17,9474.0,12244.24,4817.0,12072.07,54407.0,11002.51,2939.0,11761.12
4482.0,12251.86,534.0,11997.82,9474.0,11593.77,4817.0,12235.97,54407.0,12039.25,2939.0,11031.62,38882.0,11896.99
534.0,12121.3,9474.0,12315.8,4817.0,11476.84,54407.0,12208.91,2939.0,12085.94,38882.0,11004.92,2703.0,11906.92
9474.0,12374.33,4817.0,12159.3,54407.0,11508.4,2939.0,12380.29,38882.0,12022.65,2703.0,11006.4,3952.0,12024.08
4817.0,12238.3,54407.0,12096.75,2939.0,11671.78,38882.0,12198.34,2703.0,12000.75,3952.0,11060.27,38153.0,11901.98
54407.0,12185.14,2939.0,12346.15,38882.0,11442.09,2703.0,12184.56,3952.0,12131.18,38153.0,10963.09,2611.0,11738.48
2939.0,12351.47,38882.0,12080.04,2703.0,11762.83,3952.0,12208.42,38153.0,12081.99,2611.0,11529.21,5622.0,12215.23
38882.0,12175.46,2703.0,12311.51,3952.0,11560.95,38153.0,12309.57,2611.0,12523.54,5622.0,11261.66,5984.0,12045.68
2703.0,12379.27,3952.0,12118.36,38153.0,11843.11,2611.0,12543.89,5622.0,12106.42,5984.0,11731.1,2109.0,12660.9
3952.0,12310.48,38153.0,12290.99,2611.0,11938.34,5622.0,12249.03,5984.0,12514.72,2109.0,11676.92,54776.0,12244.1
38153.0,12411.66,2611.0,12393.93,5622.0,11555.04,5984.0,12595.83,2109.0,12436.83,54776.0,11440.97,31660.0,12195.43
2611.0,12603.52,5622.0,12069.46,5984.0,12114.57,2109.0,12397.48,54776.0,12338.64,31660.0,11889.89,7270.0,12414.42
5622.0,12223.83,5984.0,12463.26,2109.0,11646.01,54776.0,12407.11,31660.0,12614.95,7270.0,11388.18,974.0,12005.85
5984.0,12597.94,2109.0,12205.68,54776.0,11669.61,31660.0,12713.09,7270.0,12167.64,974.0,11347.05,8718.0,12322.61
2109.0,12398.85,54776.0,12108.93,31660.0,11965.49,7270.0,12286.17,974.0,12084.45,8718.0,11305.62,1591.0,12071.96
54776.0,12157.53,31660.0,12440.47,7270.0,11406.76,974.0,12203.69,8718.0,12083.41,1591.0,10950.74,4714.0,11666.14
31660.0,12529.29,7270.0,12119.66,974.0,11780.51,8718.0,12168.43,1591.0,12092.24,4714.0,11609.18,4028.0,12173.94
7270.0,12178.66,974.0,12223.51,8718.0,11672.0,1591.0,12223.22,4714.0,12591.22,4028.0,11545.41,4063.0,12138.71
974.0,12386.09,8718.0,12289.42,1591.0,11619.27,4714.0,12693.78,4028.0,12421.42,4063.0,11562.23,21586.0,12557.26
8718.0,12517.3,1591.0,12083.02,4714.0,12072.49,4028.0,12533.25,4063.0,12271.6,21586.0,11677.82,2285.0,12517.68
1591.0,12228.96,4714.0,12413.66,4028.0,11789.73,4063.0,12262.01,21586.0,12319.42,2285.0,11488.85,5276.0,12001.9
4714.0,12584.57,4028.0,12397.44,4063.0,11523.44,21586.0,12461.44,2285.0,12454.13,5276.0,11278.8,73343.0,11880.23
4028.0,12545.88,4063.0,12036.08,21586.0,11688.36,2285.0,12597.73,5276.0,12205.13,73343.0,11048.05,6060.0,12000.68
4063.0,12149.92,21586.0,12204.68,2285.0,11685.85,5276.0,12273.76,73343.0,11831.44,6060.0,10877.16,3902.0,11847.97
21586.0,12228.05,2285.0,12341.22,5276.0,11433.02,73343.0,12096.49,6060.0,11800.49,3902.0,10794.9,8592.0,11668.5
5867.0,12143.84,2755.0,12183.95,8998.0,11422.46,9814.0,12206.23,7612.0,11870.27,8870.0,10720.63,4359.0,11701.98
2755.0,12255.9,8998.0,12204.75,9814.0,11448.14,7612.0,12139.62,8870.0,11868.01,4359.0,10807.14,41568.0,11734.04
8998.0,12206.23,9814.0,12132.76,7612.0,11373.74,8870.0,12179.79,4359.0,11948.15,41568.0,10691.09,1663.0,11658.36
9814.0,12180.21,7612.0,12140.68,8870.0,11437.99,4359.0,12186.06,41568.0,11879.66,1663.0,10774.46,54485.0,11767.62
7612.0,12161.21,8870.0,12161.84,4359.0,11474.73,41568.0,12144.72,1663.0,11929.8,54485.0,10837.01,9178.0,11785.07
8870.0,12167.7,4359.0,12180.52,41568.0,11429.24,1663.0,12200.85,54485.0,11966.43,9178.0,10841.13,1931.0,11813.56
4359.0,12216.59,41568.0,12144.02,1663.0,11509.17,54485.0,12220.63,9178.0,11969.21,1931.0,10923.53,9531.0,11886.99
41568.0,12183.44,1663.0,12183.5,54485.0,11493.14,9178.0,12218.2,1931.0,12009.15,9531.0,10894.71,921.0,11836.93
1663.0,12194.49,54485.0,12144.01,9178.0,11706.13,1931.0,12114.66,9531.0,11986.48,921.0,11352.59,56879.0,12094.58
54485.0,12206.0,9178.0,12331.15,1931.0,11460.01,9531.0,12259.06,921.0,12423.67,56879.0,11149.99,3816.0,11928.23
9178.0,12375.62,1931.0,12038.7,9531.0,11894.25,921.0,12430.21,56879.0,12122.91,3816.0,11797.61,3142.0,12618.35
1931.0,12203.93,9531.0,12346.85,921.0,11869.68,56879.0,12243.07,3816.0,12636.33,3142.0,11717.83,69782.0,12271.68
9531.0,12475.81,921.0,12358.69,56879.0,11596.21,3816.0,12742.7,3142.0,12471.37,69782.0,11547.71,3216.0,12431.8
921.0,12605.98,56879.0,12055.17,3816.0,12113.76,3142.0,12507.82,69782.0,12319.47,3216.0,11691.57,4577.0,12377.15
56879.0,12214.93,3816.0,12466.75,3142.0,11667.99,69782.0,12337.27,3216.0,12358.53,4577.0,11255.94,24178.0,11866.46
3816.0,12529.51,3142.0,12210.68,69782.0,11860.04,3216.0,12315.3,4577.0,12152.27,24178.0,11772.4,4701.0,12296.38
3142.0,12360.62,69782.0,12304.58,3216.0,11657.82,4577.0,12372.59,24178.0,12650.86,4701.0,11388.86,35588.0,12058.66
69782.0,12421.52,3216.0,12163.9,4577.0,11616.94,24178.0,12734.95,4701.0,12109.09,35588.0,11276.42,8176.0,12396.98
3216.0,12346.45,4577.0,12082.44,24178.0,12412.31,4701.0,11972.88,35588.0,12050.63,8176.0,12254.66,6729.0,12592.46
4577.0,12141.98,24178.0,12748.01,4701.0,11339.98,35588.0,12229.76,8176.0,13031.93,6729.0,11590.59,58508.0,11887.18
24178.0,13003.7,4701.0,12030.44,35588.0,11697.7,8176.0,13166.16,6729.0,12587.62,58508.0,11716.76,4876.0,12781.91
4701.0,12357.6,35588.0,11923.2,8176.0,12552.88,6729.0,12416.13,58508.0,12260.99,4876.0,11941.28,9444.0,12595.81
35588.0,12027.45,8176.0,12859.99,6729.0,11542.5,58508.0,12195.27,4876.0,12412.57,9444.0,11453.52,5337.0,11853.84
8176.0,12969.94,6729.0,12160.22,58508.0,11756.54,4876.0,12596.47,9444.0,12433.52,5337.0,11795.65,1408.0,12380.03
6729.0,12358.21,58508.0,12031.55,4876.0,11898.37,9444.0,12502.24,5337.0,12543.76,1408.0,11416.31,5108.0,12172.92
58508.0,12231.07,4876.0,12440.17,9444.0,11677.29,5337.0,12484.72,1408.0,12081.09,5108.0,11366.1,25148.0,12244.34
4876.0,12536.04,9444.0,12155.97,5337.0,12129.41,1408.0,12112.54,5108.0,12181.7,25148.0,12058.28,2541.0,12437.58
9444.0,12249.97,5337.0,12470.91,1408.0,11469.15,5108.0,12349.69,25148.0,12874.16,2541.0,11496.1,36747.0,11975.72
5337.0,12731.92,1408.0,12127.04,5108.0,11754.07,25148.0,12918.0,2541.0,12406.52,36747.0,11658.6,5706.0,12659.89
1408.0,12395.4,5108.0,12083.0,25148.0,12215.19,2541.0,12403.7,36747.0,12276.44,5706.0,11638.27,4442.0,12337.9
5108.0,12188.65,25148.0,12602.98,2541.0,11530.95,36747.0,12292.97,5706.0,12253.68,4442.0,11236.53,7277.0,11821.66
25148.0,12747.2,2541.0,12190.61,36747.0,11582.18,5706.0,12488.42,4442.0,12249.32,7277.0,11185.92,9652.0,11932.49
2541.0,12290.4,36747.0,12015.74,5706.0,11778.49,4442.0,12312.92,7277.0,12072.09,9652.0,11137.63,5791.0,11965.68
36747.0,12117.04,5706.0,12409.62,4442.0,11464.49,7277.0,12204.94,9652.0,12039.44,5791.0,10963.08,9392.0,11816.12
5706.0,12434.35,4442.0,12115.0,7277.0,11696.05,9652.0,12237.32,5791.0,11973.52,9392.0,11395.32,7821.0,12198.37
4442.0,12192.62,7277.0,12212.56,9652.0,11573.32,5791.0,12196.21,9392.0,12369.1,7821.0,11204.17,4270.0,11922.95
7277.0,12366.59,9652.0,12269.91,5791.0,11514.79,9392.0,12509.58,7821.0,12215.08,4270.0,11231.19,9124.0,12172.19
9652.0,12420.8,5791.0,12078.57,9392.0,11844.71,7821.0,12360.01,4270.0,12171.08,9124.0,11311.11,4680.0,12114.5
5791.0,12172.67,9392.0,12347.38,7821.0,11599.67,4270.0,12257.28,9124.0,12179.45,4680.0,11141.34,7554.0,11873.39
9392.0,12426.69,7821.0,12249.97,4270.0,11520.53,9124.0,12381.85,4680.0,12145.24,7554.0,11070.57,35286.0,11915.31
7821.0,12336.04,4270.0,12091.85,9124.0,11651.08,4680.0,12341.52,7554.0,12032.98,35286.0,11011.64,1409.0,11953.75
4270.0,12144.11,9124.0,12240.37,4680.0,11543.42,7554.0,12190.58,35286.0,11936.51,1409.0,10937.64,3748.0,11826.55
9124.0,12304.9,4680.0,12254.89,7554.0,11452.02,35286.0,12210.32,1409.0,12003.97,3748.0,10924.59,12888.0,11805.3
4680.0,12286.55,7554.0,12093.06,35286.0,11496.0,1409.0,12253.06,3748.0,12006.74,12888.0,10900.8,2506.0,11823.17
7554.0,12185.7,35286.0,12202.68,1409.0,11494.18,3748.0,12211.33,12888.0,12005.56,2506.0,10880.65,1667.0,11802.33
35286.0,12237.75,1409.0,12184.85,3748.0,11479.82,12888.0,12244.24,2506.0,11964.19,1667.0,10891.32,834.0,11839.98
1409.0,12201.4,3748.0,12121.36,12888.0,11687.31,2506.0,12108.67,1667.0,11978.7,834.0,11245.58,8964.0,12019.45
3748.0,12169.76,12888.0,12325.03,2506.0,11414.43,1667.0,12245.86,834.0,12308.22,8964.0,11045.17,37098.0,11880.21
12888.0,12412.81,2506.0,12095.13,1667.0,11570.83,834.0,12529.27,8964.0,12068.92,37098.0,11104.61,49978.0,12184.52
2506.0,12214.32,1667.0,12119.01,834.0,11843.85,8964.0,12182.44,37098.0,12022.28,49978.0,11234.2,6801.0,12025.68
1667.0,12170.94,834.0,12436.97,8964.0,11406.25,37098.0,12207.11,49978.0,12193.08,6801.0,11006.25,1090.0,11740.29
834.0,12516.46,8964.0,12112.66,37098.0,11486.58,49978.0,12466.07,6801.0,12114.66,1090.0,10950.25,8640.0,11920.91
8964.0,12210.42,37098.0,12064.7,49978.0,11639.8,6801.0,12295.59,1090.0,11920.3,8640.0,10804.49,7485.0,11826.54
37098.0,12089.08,49978.0,12304.17,6801.0,11466.35,1090.0,12095.15,8640.0,11786.38,7485.0,10797.41,5203.0,11696.94
49978.0,12276.34,6801.0,12169.99,1090.0,11555.66,8640.0,12025.24,7485.0,11958.96,5203.0,11166.06,65471.0,11883.05
6801.0,12152.01,1090.0,12148.83,8640.0,11635.06,7485.0,12100.64,5203.0,12309.62,65471.0,11529.15,6246.0,12171.19
1090.0,12281.48,8640.0,12289.46,7485.0,11566.23,5203.0,12508.48,65471.0,12565.55,6246.0,11517.61,4735.0,12411.84
8640.0,12477.39,7485.0,12087.47,5203.0,11917.63,65471.0,12682.35,6246.0,12307.94,4735.0,11626.9,4802.0,12618.22
7485.0,12282.71,5203.0,12299.75,65471.0,11998.63,6246.0,12291.93,4735.0,12295.72,4802.0,11633.73,9004.0,12195.35
5203.0,12428.97,65471.0,12488.64,6246.0,11570.12,4735.0,12378.83,4802.0,12478.25,9004.0,11386.32,2561.0,11895.96
65471.0,12636.37,6246.0,12117.19,4735.0,11649.4,4802.0,12634.42,9004.0,12339.84,2561.0,11181.98,5852.0,12044.5
6246.0,12204.38,4735.0,12049.19,4802.0,12137.3,9004.0,12186.02,2561.0,11951.09,5852.0,11751.43,8562.0,12407.75
4735.0,12111.92,4802.0,12616.0,9004.0,11495.5,2561.0,12147.25,5852.0,12523.71,8562.0,11425.75,614.0,11992.56
4802.0,12722.93,9004.0,12101.44,2561.0,11572.44,5852.0,12788.28,8562.0,12317.45,614.0,11459.28,6553.0,12500.41
9004.0,12372.2,2561.0,11998.12,5852.0,12101.86,8562.0,12341.57,614.0,12230.03,6553.0,11526.45,1969.0,12243.96
2561.0,12152.72,5852.0,12595.9,8562.0,11554.53,614.0,12216.6,6553.0,12310.56,1969.0,11321.0,1948.0,11836.25
5852.0,12714.67,8562.0,12209.37,614.0,11522.69,6553.0,12555.54,1969.0,12378.94,1948.0,11182.12,22339.0,11948.52
8562.0,12349.62,614.0,11995.91,6553.0,11750.66,1969.0,12492.42,1948.0,12057.1,22339.0,10966.34,7288.0,11995.23
614.0,12067.88,6553.0,12323.12,1969.0,11609.66,1948.0,12136.63,22339.0,11771.62,7288.0,10917.57,2435.0,11810.68
6553.0,12340.26,1969.0,12310.19,1948.0,11362.04,22339.0,12133.22,7288.0,11951.62,2435.0,10810.62,454.0,11661.04
1969.0,12316.74,1948.0,12023.75,22339.0,11386.54,7288.0,12253.95,2435.0,11945.08,454.0,10725.32,7239.0,11706.74
1948.0,12145.0,22339.0,12168.39,7288.0,11457.95,2435.0,12158.91,454.0,11913.94,7239.0,10737.67,1701.0,11711.36
391.0,12251.81,6733.0,12083.98,18032.0,11312.35,3379.0,12202.51,8567.0,11927.53,777.0,10617.27,1027.0,11592.17
6733.0,12183.94,18032.0,12139.95,3379.0,11393.71,8567.0,12179.7,777.0,11861.18,1027.0,10633.15,53234.0,11661.8
18032.0,12141.96,3379.0,12139.45,8567.0,11410.66,777.0,12143.63,1027.0,11804.7,53234.0,10658.78,7258.0,11687.39
3379.0,12118.48,8567.0,12148.59,777.0,11459.32,1027.0,12065.36,53234.0,11845.75,7258.0,10824.82,9015.0,11753.01
8567.0,12150.36,777.0,12206.46,1027.0,11349.94,53234.0,12173.38,7258.0,12018.96,9015.0,10772.43,9594.0,11753.01
777.0,12229.32,1027.0,12083.52,53234.0,11489.43,7258.0,12284.17,9015.0,11921.83,9594.0,10885.43,2803.0,11942.5
1027.0,12144.72,53234.0,12176.8,7258.0,11537.5,9015.0,12170.76,9594.0,11974.65,2803.0,10870.39,4234.0,11814.68
53234.0,12198.52,7258.0,12236.52,9015.0,11400.58,9594.0,12234.53,2803.0,11964.63,4234.0,10792.89,3152.0,11747.81
7258.0,12235.05,9015.0,12063.34,9594.0,11785.11,2803.0,12056.07,4234.0,11944.76,3152.0,11411.41,8400.0,12099.37
9015.0,12098.3,9594.0,12381.25,2803.0,11422.64,4234.0,12201.17,3152.0,12486.22,8400.0,11170.41,2242.0,11909.51
9594.0,12464.36,2803.0,12093.95,4234.0,11601.06,3152.0,12681.18,8400.0,12155.43,2242.0,11307.75,9867.0,12447.21
2803.0,12266.51,4234.0,12082.51,3152.0,12033.44,8400.0,12246.81,2242.0,12115.57,9867.0,11466.05,2917.0,12239.65
4234.0,12154.25,3152.0,12527.5,8400.0,11470.85,2242.0,12227.32,9867.0,12281.11,2917.0,11189.64,72998.0,11815.6
3152.0,12650.68,8400.0,12159.36,2242.0,11549.6,9867.0,12515.93,2917.0,12279.11,72998.0,11161.24,105.0,11981.85
8400.0,12291.69,2242.0,12050.6,9867.0,11708.98,2917.0,12409.59,72998.0,12078.05,105.0,10938.29,9636.0,11910.61
2242.0,12111.04,9867.0,12318.1,2917.0,11549.05,72998.0,12183.22,105.0,11814.01,9636.0,10887.85,4259.0,11797.86
9867.0,12338.02,2917.0,12244.88,72998.0,11417.34,105.0,12159.15,9636.0,11940.4,4259.0,10809.21,1437.0,11695.49
2917.0,12242.26,72998.0,12063.83,105.0,11413.57,9636.0,12214.22,4259.0,11910.26,1437.0,10752.69,3514.0,11728.58
72998.0,12158.98,105.0,12192.45,9636.0,11439.77,4259.0,12149.04,1437.0,11929.76,3514.0,10775.55,66829.0,11731.62
105.0,12145.85,9636.0,12085.94,4259.0,11817.94,1437.0,11966.08,3514.0,11915.95,66829.0,11623.23,116.0,12239.67
9636.0,12146.23,4259.0,12436.45,1437.0,11389.32,3514.0,12233.1,66829.0,12735.66,116.0,11317.07,2538.0,11990.78
4259.0,12564.13,1437.0,12026.0,3514.0,11694.22,66829.0,12884.19,116.0,12257.81,2538.0,11508.09,6249.0,12708.5
1437.0,12271.94,3514.0,12104.48,66829.0,12210.71,116.0,12267.61,2538.0,12209.94,6249.0,11633.65,7609.0,12313.2
3514.0,12189.58,66829.0,12648.97,116.0,11460.22,2538.0,12278.6,6249.0,12358.18,7609.0,11250.39,8653.0,11796.02
66829.0,12775.31,116.0,12115.31,2538.0,11581.15,6249.0,12592.55,7609.0,12313.35,8653.0,11166.48,3422.0,11970.66
116.0,12208.99,2538.0,11969.82,6249.0,12122.11,7609.0,12183.08,8653.0,12029.93,3422.0,11678.73,48716.0,12325.26
2538.0,12031.47,6249.0,12634.7,7609.0,11411.41,8653.0,12196.08,3422.0,12476.02,48716.0,11263.61,6428.0,11928.94
6249.0,12747.99,7609.0,12078.94,8653.0,11605.13,3422.0,12778.35,48716.0,12175.33,6428.0,11374.4,11395.0,12507.22
7609.0,12270.78,8653.0,11974.79,3422.0,12059.86,48716.0,12227.53,6428.0,12110.2,11395.0,11388.16,7127.0,12108.22
8653.0,12125.45,3422.0,12651.26,48716.0,11432.34,6428.0,12141.99,11395.0,12276.21,7127.0,11208.45,31495.0,11722.7
3422.0,12734.86,48716.0,12117.64,6428.0,11505.56,11395.0,12551.9,7127.0,12351.08,31495.0,11165.33,7315.0,11968.01
48716.0,12269.7,6428.0,11999.47,11395.0,11743.64,7127.0,12465.7,31495.0,12074.66,7315.0,10935.4,9581.0,11991.83
6428.0,12021.02,11395.0,12289.82,7127.0,11837.62,31495.0,12011.9,7315.0,11743.15,9581.0,11433.82,8623.0,12139.25
11395.0,12314.5,7127.0,12460.51,31495.0,11408.86,7315.0,12112.56,9581.0,12451.54,8623.0,11271.27,1023.0,11870.55
7127.0,12525.26,31495.0,11991.88,7315.0,11529.61,9581.0,12670.68,8623.0,12282.33,1023.0,11271.49,1543.0,12312.43
31495.0,12267.37,7315.0,12117.18,9581.0,11991.91,8623.0,12301.12,1023.0,12181.52,1543.0,11453.19,13881.0,12233.98
7315.0,12170.78,9581.0,12451.31,8623.0,11700.95,1023.0,12184.75,1543.0,12253.08,13881.0,11559.5,41720.0,12084.16
9581.0,12562.99,8623.0,12289.79,1023.0,11579.0,1543.0,12476.63,13881.0,12568.2,41720.0,11426.86,41167.0,12091.56
8623.0,12452.9,1023.0,12052.1,1543.0,11796.99,13881.0,12654.04,41720.0,12263.09,41167.0,11336.05,3462.0,12326.32
1023.0,12210.39,1543.0,12266.77,13881.0,11870.9,41720.0,12276.79,41167.0,12039.77,3462.0,11332.18,4452.0,12108.72
1543.0,12350.9,13881.0,12425.28,41720.0,11503.1,41167.0,12253.88,3462.0,12177.7,4452.0,11120.89,5748.0,11823.87
13881.0,12500.98,41720.0,12100.95,41167.0,11489.31,3462.0,12421.74,4452.0,12131.07,5748.0,10939.26,2564.0,11824.37
41720.0,12243.84,41167.0,12123.05,3462.0,11661.46,4452.0,12238.51,5748.0,11963.25,2564.0,10983.97,67240.0,11865.91
41167.0,12124.24,3462.0,12258.52,4452.0,11654.36,5748.0,12040.63,2564.0,11980.39,67240.0,11308.42,6087.0,11981.64
3462.0,12274.37,4452.0,12271.08,5748.0,11629.66,2564.0,12164.96,67240.0,12382.62,6087.0,11612.12,2634.0,12228.99
4452.0,12386.96,5748.0,12181.38,2564.0,11606.97,67240.0,12602.62,6087.0,12557.33,2634.0,11495.61,3456.0,12423.75
5748.0,12419.88,2564.0,12124.96,67240.0,11975.21,6087.0,12590.07,2634.0,12260.52,3456.0,11648.88,6212.0,12550.42
2564.0,12307.04,67240.0,12381.02,6087.0,11880.88,2634.0,12281.3,3456.0,12345.73,6212.0,11558.19,3209.0,12083.04
67240.0,12510.2,6087.0,12395.05,2634.0,11531.28,3456.0,12472.9,6212.0,12441.49,3209.0,11260.3,8603.0,11884.56
6087.0,12495.01,2634.0,12003.22,3456.0,12071.27,6212.0,12343.42,3209.0,12189.26,8603.0,11860.03,1012.0,12430.72
2634.0,12127.89,3456.0,12472.7,6212.0,11639.01,3209.0,12307.93,8603.0,12616.65,1012.0,11444.01,793.0,12097.25
3456.0,12591.4,6212.0,12203.11,3209.0,11637.06,8603.0,12786.98,1012.0,12176.5,793.0,11445.34,8543.0,12546.38
6212.0,12432.36,3209.0,12051.4,8603.0,12092.28,1012.0,12272.53,793.0,12147.91,8543.0,11515.67,7711.0,12197.36
3209.0,12172.46,8603.0,12555.78,1012.0,11461.65,793.0,12188.87,8543.0,12312.61,7711.0,11198.7,3873.0,11702.87
8603.0,12710.25,1012.0,12191.42,793.0,11484.1,8543.0,12539.62,7711.0,12342.19,3873.0,11118.12,1793.0,11901.38
1012.0,12324.64,793.0,11979.05,8543.0,11749.38,7711.0,12458.23,3873.0,12035.43,1793.0,10945.61,5077.0,11977.46
793.0,12041.0,8543.0,12340.29,7711.0,11532.2,3873.0,12155.45,1793.0,11767.41,5077.0,10793.6,6189.0,11751.55
8543.0,12349.79,7711.0,12260.35,3873.0,11373.03,1793.0,12138.04,5077.0,11843.34,6189.0,10751.17,5006.0,11667.08
7711.0,12250.31,3873.0,12032.83,1793.0,11388.01,5077.0,12150.02,6189.0,11902.12,5006.0,10684.48,1378.0,11622.99
3873.0,12124.41,1793.0,12199.89,5077.0,11391.77,6189.0,12124.14,5006.0,11929.63,1378.0,10747.61,228.0,11690.98
1793.0,12212.04,5077.0,12150.51,6189.0,11388.57,5006.0,12232.92,1378.0,11933.85,228.0,10745.67,35329.0,11777.38
5077.0,12179.93,6189.0,12107.83,5006.0,11473.68,1378.0,12218.23,228.0,11878.16,35329.0,10737.58,35757.0,11792.16
6189.0,12121.36,5006.0,12185.41,1378.0,11449.67,228.0,12134.8,35329.0,11849.3,35757.0,10750.64,4769.0,11726.32
5006.0,12192.49,1378.0,12193.43,228.0,11400.21,35329.0,12144.68,35757.0,11925.65,4769.0,10764.86,4061.0,11703.0
1378.0,12204.83,228.0,12128.51,35329.0,11406.88,35757.0,12218.82,4769.0,11944.43,4061.0,10737.65,9698.0,11745.37
228.0,12161.75,35329.0,12140.66,35757.0,11440.93,4769.0,12216.23,4061.0,11879.84,9698.0,10710.08,79488.0,11761.31
35329.0,12155.3,35757.0,12170.26,4769.0,11422.44,4061.0,12171.14,9698.0,11831.1,79488.0,10674.65,4970.0,11706.81
35757.0,12140.52,4769.0,12122.23,4061.0,11588.67,9698.0,12017.66,79488.0,11836.48,4970.0,11064.04,1146.0,11875.15
4769.0,12107.0,4061.0,12257.17,9698.0,11532.68,79488.0,12039.25,4970.0,12249.95,1146.0,11315.91,2949.0,11982.64
4061.0,12321.48,9698.0,12210.16,79488.0,11464.36,4970.0,12519.7,1146.0,12412.78,2949.0,11264.31,1113.0,12259.92
9698.0,12372.84,79488.0,12033.78,4970.0,11889.99,1146.0,12538.94,2949.0,12141.08,1113.0,11416.4,6358.0,12439.22
79488.0,12165.07,4970.0,12346.8,1146.0,11832.42,2949.0,12184.62,1113.0,12176.06,6358.0,11417.59,9963.0,12043.32
1131.0,12229.07,9186.0,12159.24,40241.0,11426.28,67910.0,12165.14,6959.0,11821.58,7607.0,10732.85,6523.0,11727.78
9186.0,12165.33,40241.0,12140.7,67910.0,11376.59,6959.0,12134.58,7607.0,11883.88,6523.0,10645.31,66112.0,11631.52
40241.0,12165.9,67910.0,12154.81,6959.0,11396.68,7607.0,12151.65,6523.0,11850.04,66112.0,10731.1,4409.0,11727.29
67910.0,12135.9,6959.0,12101.68,7607.0,11630.65,6523.0,12021.61,66112.0,11927.27,4409.0,11184.19,3707.0,11965.44
6959.0,12069.04,7607.0,12238.3,6523.0,11759.37,66112.0,11992.52,4409.0,12321.03,3707.0,11827.27,27197.0,12342.61
7607.0,12329.81,6523.0,12346.43,66112.0,11547.91,4409.0,12572.76,3707.0,12838.87,27197.0,11715.57,7663.0,12526.22
6523.0,12580.89,66112.0,12019.08,4409.0,12077.3,3707.0,12881.26,27197.0,12442.49,7663.0,11943.49,1500.0,12961.66
66112.0,12284.57,4409.0,12347.69,3707.0,12210.35,27197.0,12337.61,7663.0,12446.85,1500.0,11925.3,8568.0,12382.45
4409.0,12438.66,3707.0,12533.87,27197.0,11965.92,7663.0,12256.5,1500.0,12603.47,8568.0,12306.24,7418.0,12397.65
3707.0,12744.5,27197.0,12361.42,7663.0,11698.44,1500.0,12768.95,8568.0,13175.83,7418.0,11839.87,48704.0,12341.98
27197.0,12643.8,7663.0,12021.32,1500.0,12037.68,8568.0,13106.61,7418.0,12352.91,48704.0,11673.6,126.0,12838.37
7663.0,12267.14,1500.0,12282.14,8568.0,12395.88,7418.0,12165.92,48704.0,12002.8,126.0,11954.21,5487.0,12438.26
1500.0,12356.72,8568.0,12752.55,7418.0,11429.63,48704.0,12157.44,126.0,12588.52,5487.0,11491.77,780.0,11754.37
8568.0,12934.16,7418.0,12045.29,48704.0,11494.05,126.0,12822.37,5487.0,12542.16,780.0,11291.45,7306.0,12129.98
7418.0,12354.6,48704.0,11960.08,126.0,12030.98,5487.0,12494.88,780.0,12103.25,7306.0,11253.38,508.0,12190.16
48704.0,12043.61,126.0,12514.1,5487.0,11594.37,780.0,12124.67,7306.0,11928.97,508.0,11070.96,21948.0,11790.13
126.0,12515.11,5487.0,12230.18,780.0,11673.8,7306.0,12116.2,508.0,12101.29,21948.0,11546.22,7314.0,12083.04
5487.0,12311.94,780.0,12177.9,7306.0,11445.77,508.0,12382.48,21948.0,12569.53,7314.0,11131.62,864.0,11924.41
780.0,12381.2,7306.0,12130.27,508.0,11675.4,21948.0,12634.93,7314.0,12062.96,864.0,11268.76,56184.0,12385.48
7306.0,12295.24,508.0,12192.0,21948.0,11897.82,7314.0,12200.47,864.0,12078.03,56184.0,11291.6,1759.0,12028.21
508.0,12235.32,21948.0,12420.63,7314.0,11425.65,864.0,12227.87,56184.0,12186.32,1759.0,11051.61,129.0,11718.97
21948.0,12539.46,7314.0,12142.2,864.0,11479.75,56184.0,12435.94,1759.0,12190.5,129.0,10941.36,1572.0,11823.86
7314.0,12221.52,864.0,12039.4,56184.0,11718.6,1759.0,12293.76,129.0,11915.52,1572.0,11012.67,2547.0,11978.05
864.0,12070.81,56184.0,12341.58,1759.0,11495.94,129.0,12101.87,1572.0,11952.0,2547.0,10933.57,976.0,11787.38
56184.0,12369.2,1759.0,12213.96,129.0,11383.01,1572.0,12300.11,2547.0,12006.02,976.0,10883.0,22865.0,11865.05
1759.0,12227.22,129.0,11960.21,1572.0,11875.42,2547.0,12059.85,976.0,11956.02,22865.0,11523.9,8703.0,12194.99
129.0,12078.15,1572.0,12512.1,2547.0,11409.68,976.0,12169.21,22865.0,12597.95,8703.0,11267.74,1518.0,11898.55
1572.0,12614.06,2547.0,12082.28,976.0,11548.75,22865.0,12826.42,8703.0,12269.09,1518.0,11283.75,9399.0,12434.42
2547.0,12305.97,976.0,12010.96,22865.0,12091.1,8703.0,12329.23,1518.0,12070.51,9399.0,11337.94,65852.0,12184.33
976.0,12067.94,22865.0,12572.89,8703.0,11457.18,1518.0,12146.39,9399.0,12103.94,65852.0,11020.19,5947.0,11661.02
22865.0,12641.35,8703.0,12192.4,1518.0,11406.9,9399.0,12422.89,65852.0,12155.39,5947.0,10916.36,6188.0,11765.7
8703.0,12256.32,1518.0,11940.61,9399.0,11709.66,65852.0,12290.78,5947.0,11925.41,6188.0,10939.68,4706.0,11914.54
1518.0,11988.14,9399.0,12363.97,65852.0,11467.71,5947.0,12074.23,6188.0,11900.27,4706.0,10882.84,57365.0,11766.18
9399.0,12380.29,65852.0,12220.23,5947.0,11373.68,6188.0,12276.47,4706.0,11978.98,57365.0,10888.39,9690.0,11878.3
65852.0,12259.81,5947.0,11991.97,6188.0,11582.69,4706.0,12223.92,57365.0,11964.94,9690.0,10928.47,7890.0,11870.44
5947.0,12046.35,6188.0,12234.99,4706.0,11831.4,57365.0,11913.4,9690.0,12044.4,7890.0,11678.11,2840.0,12173.92
6188.0,12282.73,4706.0,12455.6,57365.0,11382.4,9690.0,12344.46,7890.0,12787.72,2840.0,11433.98,79771.0,12079.73
4706.0,12615.56,57365.0,11959.44,9690.0,11792.36,7890.0,12934.76,2840.0,12342.22,79771.0,11535.3,75854.0,12730.17
57365.0,12204.28,9690.0,12158.85,7890.0,12207.15,2840.0,12293.0,79771.0,12137.22,75854.0,11613.12,9734.0,12331.82
9690.0,12188.08,7890.0,12592.14,2840.0,11820.42,79771.0,12028.14,75854.0,12311.86,9734.0,11960.56,8911.0,12165.06
7890.0,12710.67,2840.0,12351.98,79771.0,11519.72,75854.0,12578.88,9734.0,12998.93,8911.0,11671.85,5765.0,12163.63
2840.0,12608.27,79771.0,11943.06,75854.0,11934.22,9734.0,13005.57,8911.0,12421.99,5765.0,11578.9,28322.0,12721.5
79771.0,12201.79,75854.0,12279.28,9734.0,12173.67,8911.0,12316.94,5765.0,12031.82,28322.0,11584.04,4999.0,12319.9
75854.0,12283.41,9734.0,12520.96,8911.0,11977.59,5765.0,11910.74,28322.0,12234.14,4999.0,12224.69,5708.0,12299.94
9734.0,12558.6,8911.0,12352.32,5765.0,11815.86,28322.0,12274.81,4999.0,13200.79,5708.0,12538.61,1689.0,12566.76
8911.0,12700.86,5765.0,12220.31,28322.0,11892.63,4999.0,13222.28,5708.0,13311.27,1689.0,12337.81,3466.0,13229.12
5765.0,12641.33,28322.0,12060.58,4999.0,12663.87,5708.0,13052.38,1689.0,12539.01,3466.0,12596.79,9979.0,13461.89
28322.0,12393.79,4999.0,12700.06,5708.0,12339.94,1689.0,12326.68,3466.0,12688.1,9979.0,12369.1,4831.0,12450.24
4999.0,12874.81,5708.0,12579.0,1689.0,11747.82,3466.0,12627.21,9979.0,12946.01,4831.0,12115.87,8358.0,12187.78
5708.0,12954.39,1689.0,12115.99,3466.0,11934.42,9979.0,12950.37,4831.0,12914.1,8358.0,11717.26,6958.0,12340.81
1689.0,12383.64,3466.0,12177.89,9979.0,12017.05,4831.0,12748.05,8358.0,12103.31,6958.0,11379.95,4235.0,12369.84
3466.0,12340.01,9979.0,12444.6,4831.0,11825.91,8358.0,12173.79,6958.0,11860.1,4235.0,11242.86,49713.0,11930.09
9979.0,12466.24,4831.0,12323.79,8358.0,11356.97,6958.0,12164.84,4235.0,12077.13,49713.0,10917.81,6587.0,11568.26
4831.0,12459.09,8358.0,12064.97,6958.0,11410.76,4235.0,12289.54,49713.0,12093.14,6587.0,10865.86,64627.0,11692.14
8358.0,12222.6,6958.0,12141.03,4235.0,11496.77,49713.0,12264.03,6587.0,12008.03,64627.0,10815.73,8260.0,11783.74
6958.0,12177.37,4235.0,12184.35,49713.0,11490.45,6587.0,12216.86,64627.0,11856.42,8260.0,10841.63,21559.0,11835.37
4235.0,12216.64,49713.0,12188.83,6587.0,11489.74,64627.0,12138.94,8260.0,11929.48,21559.0,10871.06,45300.0,11784.67
49713.0,12203.14,6587.0,12174.75,64627.0,11393.7,8260.0,12208.15,21559.0,11983.82,45300.0,10798.7,6872.0,11747.06
6587.0,12204.1,64627.0,12089.6,8260.0,11747.7,21559.0,12070.59,45300.0,11962.92,6872.0,11407.34,1316.0,12126.22
64627.0,12139.15,8260.0,12358.34,21559.0,11456.79,45300.0,12220.16,6872.0,12486.48,1316.0,11224.59,3356.0,11961.97
8260.0,12401.65,21559.0,12040.15,45300.0,11958.05,6872.0,12460.72,1316.0,12198.33,3356.0,12027.38,720.0,12809.69
21559.0,12232.74,45300.0,12355.68,6872.0,11956.61,1316.0,12307.79,3356.0,12812.59,720.0,11924.85,9256.0,12433.41
45300.0,12501.75,6872.0,12360.89,1316.0,11803.97,3356.0,12785.44,720.0,12577.02,9256.0,11994.33,4187.0,12745.99
6872.0,12628.54,1316.0,12126.83,3356.0,12442.09,720.0,12440.7,9256.0,12662.16,4187.0,12498.93,917.0,12803.21
1316.0,12339.71,3356.0,12627.1,720.0,11780.78,9256.0,12608.66,4187.0,12999.25,917.0,11938.1,646.0,12350.95
3356.0,12897.55,720.0,12214.9,9256.0,11926.99,4187.0,13007.99,917.0,12557.0,646.0,11840.49,217.0,12661.75
720.0,12519.14,9256.0,12149.54,4187.0,12212.77,917.0,12509.4,646.0,12295.82,217.0,11622.12,4587.0,12280.16
9256.0,12269.26,4187.0,12557.36,917.0,11551.72,646.0,12291.61,217.0,12160.22,4587.0,11149.42,4985.0,11722.28
4187.0,12712.97,917.0,12219.35,646.0,11546.43,217.0,12389.76,4587.0,12147.35,4985.0,11103.82,9054.0,11830.38
917.0,12301.57,646.0,12032.7,217.0,11537.47,4587.0,12334.12,4985.0,12025.75,9054.0,10769.49,2575.0,11723.33
646.0,12154.3,217.0,12276.89,4587.0,11441.16,4985.0,12189.22,9054.0,11770.8,2575.0,10727.28,5673.0,11731.57
217.0,12291.83,4587.0,12163.23,4985.0,11398.3,9054.0,12123.99,2575.0,11820.34,5673.0,10684.82,48411.0,11640.32
4587.0,12177.5,4985.0,12122.46,9054.0,11310.44,2575.0,12134.6,5673.0,11866.08,48411.0,10558.31,3550.0,11546.41
4985.0,12173.68,9054.0,12143.24,2575.0,11354.14,5673.0,12142.84,48411.0,11828.57,3550.0,10616.82,57103.0,11633.18
9054.0,12142.8,2575.0,12123.13,5673.0,11381.65,48411.0,12140.07,3550.0,11841.61,57103.0,10621.27,1145.0,11659.81
211.0,12137.54,5415.0,12064.97,297.0,11926.72,9113.0,11980.33,10249.0,11914.52,2936.0,11560.67,445.0,12211.65
5415.0,12100.37,297.0,12517.45,9113.0,11335.73,10249.0,12193.43,2936.0,12606.04,445.0,11214.66,6588.0,11865.01
297.0,12631.88,9113.0,12024.19,10249.0,11610.9,2936.0,12817.96,445.0,12246.78,6588.0,11337.51,7897.0,12487.81
9113.0,12243.14,10249.0,12053.02,2936.0,12073.08,445.0,12301.48,6588.0,12106.73,7897.0,11336.93,3471.0,12163.89
10249.0,12103.75,2936.0,12569.53,445.0,11485.08,6588.0,12166.16,7897.0,12109.84,3471.0,11134.55,1758.0,11759.19
2936.0,12641.62,445.0,12175.6,6588.0,11513.54,7897.0,12395.05,3471.0,12253.43,1758.0,11129.23,3824.0,11882.77
445.0,12274.45,6588.0,12032.32,7897.0,11595.48,3471.0,12431.75,1758.0,12089.48,3824.0,10853.92,5253.0,11894.34
6588.0,12123.24,7897.0,12261.32,3471.0,11546.05,1758.0,12226.21,3824.0,11761.12,5253.0,10814.86,6565.0,11836.84
7897.0,12277.88,3471.0,12233.26,1758.0,11476.51,3824.0,12078.14,5253.0,11853.53,6565.0,10840.85,7423.0,11697.46
3471.0,12218.24,1758.0,12142.92,3824.0,11331.23,5253.0,12149.53,6565.0,11991.12,7423.0,10728.44,7310.0,11613.96
1758.0,12238.64,3824.0,12146.4,5253.0,11400.89,6565.0,12248.92,7423.0,11974.18,7310.0,10757.09,5832.0,11769.74
3824.0,12175.34,5253.0,12106.32,6565.0,11472.66,7423.0,12241.3,7310.0,11870.4,5832.0,10723.68,773.0,11792.83
5253.0,12127.54,6565.0,12191.02,7423.0,11458.92,7310.0,12131.33,5832.0,11825.2,773.0,10734.86,40009.0,11722.04
6565.0,12183.74,7423.0,12190.89,7310.0,11380.33,5832.0,12132.26,773.0,11895.2,40009.0,10720.67,7199.0,11668.86
7423.0,12202.17,7310.0,12126.2,5832.0,11398.72,773.0,12189.98,40009.0,11921.5,7199.0,10727.07,3774.0,11723.49
7310.0,12149.32,5832.0,12134.37,773.0,11452.64,40009.0,12182.74,7199.0,11892.91,3774.0,10766.63,5190.0,11780.45
5832.0,12145.67,773.0,12176.79,40009.0,11453.79,7199.0,12162.43,3774.0,11900.58,5190.0,10810.07,6864.0,11793.8
773.0,12187.53,40009.0,12169.55,7199.0,11442.18,3774.0,12186.59,5190.0,11945.78,6864.0,10825.3,1993.0,11794.46
40009.0,12202.81,7199.0,12159.11,3774.0,11432.86,5190.0,12229.42,6864.0,11960.78,1993.0,10775.68,49439.0,11773.54
7199.0,12163.84,3774.0,12106.52,5190.0,11689.41,6864.0,12082.58,1993.0,11902.39,49439.0,11234.74,1532.0,12025.06
3774.0,12139.06,5190.0,12337.54,6864.0,11437.37,1993.0,12170.94,49439.0,12340.98,1532.0,11106.11,2137.0,11872.78
5190.0,12404.92,6864.0,12114.16,1993.0,11519.01,49439.0,12578.86,1532.0,12144.15,2137.0,11121.31,31302.0,12225.4
6864.0,12257.35,1993.0,12077.84,49439.0,11870.68,1532.0,12275.01,2137.0,12022.06,31302.0,11215.91,8866.0,12099.67
1993.0,12133.14,49439.0,12424.18,1532.0,11504.1,2137.0,12160.38,31302.0,12112.44,8866.0,11068.72,34096.0,11775.49
49439.0,12490.07,1532.0,12201.68,2137.0,11437.34,31302.0,12389.57,8866.0,12178.76,34096.0,10965.96,15227.0,11826.14
1532.0,12256.19,2137.0,11984.79,31302.0,11881.35,8866.0,12208.02,34096.0,11989.48,15227.0,11413.78,28774.0,12190.88
2137.0,12051.83,31302.0,12453.09,8866.0,11466.52,34096.0,12183.25,15227.0,12343.8,28774.0,11139.46,5722.0,11897.99
31302.0,12532.83,8866.0,12147.76,34096.0,11531.34,15227.0,12613.09,28774.0,12104.48,5722.0,11190.9,3228.0,12284.21
8866.0,12270.48,34096.0,11992.01,15227.0,12057.22,28774.0,12142.44,5722.0,12058.35,3228.0,11554.84,35345.0,12212.17
34096.0,12094.2,15227.0,12601.76,28774.0,11435.07,5722.0,12160.37,3228.0,12471.74,35345.0,11304.69,36037.0,11830.06
15227.0,12687.71,28774.0,12083.04,5722.0,11722.57,3228.0,12608.93,35345.0,12371.3,36037.0,11661.76,7648.0,12447.36
28774.0,12277.98,5722.0,12105.22,3228.0,12004.84,35345.0,12414.92,36037.0,12454.93,7648.0,11603.41,1999.0,12352.06
5722.0,12206.84,3228.0,12435.27,35345.0,11800.52,36037.0,12388.2,7648.0,12247.65,1999.0,11739.19,5984.0,12414.8
3228.0,12609.76,35345.0,12306.9,36037.0,11810.75,7648.0,12445.24,1999.0,12562.18,5984.0,11700.21,2381.0,12283.79
35345.0,12470.29,36037.0,12179.76,7648.0,11727.22,1999.0,12631.6,5984.0,12428.58,2381.0,11408.84,3930.0,12208.53
36037.0,12398.99,7648.0,12226.56,1999.0,12033.87,5984.0,12313.64,2381.0,12198.71,3930.0,11761.61,2690.0,12313.98
7648.0,12317.63,1999.0,12423.66,5984.0,11786.02,2381.0,12235.33,3930.0,12539.6,2690.0,11771.8,15344.0,12183.96
1999.0,12554.16,5984.0,12267.83,2381.0,11614.06,3930.0,12690.03,2690.0,12593.36,15344.0,11561.81,9490.0,12373.06
5984.0,12533.28,2381.0,12075.56,3930.0,11999.11,2690.0,12646.57,15344.0,12261.38,9490.0,11568.6,4852.0,12492.54
2381.0,12244.24,3930.0,12363.97,2690.0,11849.96,15344.0,12255.67,9490.0,12165.93,4852.0,11422.76,1785.0,12027.26
3930.0,12501.15,2690.0,12428.46,15344.0,11490.16,9490.0,12333.75,4852.0,12330.24,1785.0,11200.88,7791.0,11788.64
2690.0,12556.12,15344.0,12061.0,9490.0,11565.94,4852.0,12522.17,1785.0,12207.44,7791.0,10979.45,3980.0,11880.38
15344.0,12199.37,9490.0,12149.01,4852.0,11636.49,1785.0,12308.95,7791.0,11882.82,3980.0,10825.43,4892.0,11828.03
9490.0,12167.13,4852.0,12282.27,1785.0,11523.63,7791.0,12075.96,3980.0,11768.31,4892.0,10897.27,6882.0,11761.78
4852.0,12270.8,1785.0,12205.05,7791.0,11368.37,3980.0,12107.57,4892.0,12009.99,6882.0,10847.11,34452.0,11687.28
1785.0,12263.16,7791.0,12101.22,3980.0,11388.72,4892.0,12287.33,6882.0,12024.7,34452.0,10819.71,3047.0,11828.41
7791.0,12202.15,3980.0,12123.95,4892.0,11536.12,6882.0,12245.64,34452.0,11944.06,3047.0,10865.99,1845.0,11870.88
3980.0,12162.2,4892.0,12214.76,6882.0,11508.85,34452.0,12163.46,3047.0,11939.53,1845.0,10895.5,4603.0,11796.16
4892.0,12239.52,6882.0,12210.15,34452.0,11422.38,3047.0,12213.41,1845.0,12023.95,4603.0,10832.49,21037.0,11739.58
6882.0,12249.92,34452.0,12124.0,3047.0,11466.08,1845.0,12282.3,4603.0,11958.14,21037.0,10797.61,8519.0,11811.29
34452.0,12157.33,3047.0,12148.5,1845.0,11517.02,4603.0,12186.94,21037.0,11873.17,8519.0,10808.84,73950.0,11797.44
3047.0,12136.16,1845.0,12188.58,4603.0,11605.45,21037.0,12040.7,8519.0,11906.21,73950.0,11157.46,2372.0,11939.54
1845.0,12210.46,4603.0,12280.81,21037.0,11377.56,8519.0,12223.86,73950.0,12287.06,2372.0,11009.64,3629.0,11853.15
4603.0,12370.84,21037.0,12070.55,8519.0,11542.16,73950.0,12519.84,2372.0,12074.3,3629.0,11038.32,2050.0,12150.39
21037.0,12195.33,8519.0,12132.5,73950.0,11780.25,2372.0,12211.1,3629.0,11978.35,2050.0,11105.41,6674.0,11976.27
8519.0,12157.41,73950.0,12373.09,2372.0,11534.46,3629.0,12110.4,2050.0,12085.57,6674.0,11160.94,6457.0,11827.0
73950.0,12422.66,2372.0,12207.04,3629.0,11457.36,2050.0,12357.63,6674.0,12289.82,6457.0,11082.42,1635.0,11902.32
2372.0,12247.34,3629.0,11976.94,2050.0,12044.33,6674.0,12219.07,6457.0,12071.09,1635.0,11867.44,7112.0,12554.27
3629.0,12086.46,2050.0,12528.78,6674.0,11603.32,6457.0,12247.44,1635.0,12707.13,7112.0,11574.47,5889.0,12184.16
2050.0,12671.47,6674.0,12172.92,6457.0,11688.23,1635.0,12881.75,7112.0,12380.02,5889.0,11642.63,37975.0,12689.44
6674.0,12445.15,6457.0,12046.72,1635.0,12201.07,7112.0,12390.15,5889.0,12319.91,37975.0,11669.07,6574.0,12305.63
6457.0,12204.22,1635.0,12619.01,7112.0,11571.88,5889.0,12289.02,37975.0,12373.86,6574.0,11332.94,1242.0,11823.48
1635.0,12744.41,7112.0,12196.02,5889.0,11577.14,37975.0,12573.26,6574.0,12340.11,1242.0,11212.25,1113.0,11963.66
2969.0,12200.95,6769.0,12153.47,3898.0,11431.38,7182.0,12220.48,57527.0,11860.46,79999.0,10715.54,28527.0,11756.18
6769.0,12172.0,3898.0,12149.52,7182.0,11443.63,57527.0,12146.09,79999.0,11850.4,28527.0,10698.68,2804.0,11684.8
3898.0,12148.41,7182.0,12179.31,57527.0,11382.28,79999.0,12129.52,28527.0,11871.56,2804.0,10691.42,1652.0,11654.75
7182.0,12190.22,57527.0,12149.74,79999.0,11375.44,28527.0,12182.27,2804.0,11899.23,1652.0,10678.28,2678.0,11698.31
57527.0,12151.91,79999.0,12108.85,28527.0,11438.76,2804.0,12181.37,1652.0,11841.48,2678.0,10717.01,7052.0,11766.11
79999.0,12072.25,28527.0,12115.35,2804.0,11748.84,1652.0,11934.08,2678.0,11869.33,7052.0,11403.29,6484.0,12099.39
28527.0,12058.98,2804.0,12314.88,1652.0,11798.92,2678.0,11922.68,7052.0,12521.46,6484.0,12116.72,11032.0,12455.54
2804.0,12416.22,1652.0,12327.45,2678.0,11694.5,7052.0,12690.85,6484.0,13094.31,11032.0,12222.85,3755.0,12928.53
1652.0,12657.91,2678.0,12057.04,7052.0,12273.7,6484.0,13075.86,11032.0,12820.46,3755.0,12385.45,22993.0,13327.02
2678.0,12414.65,7052.0,12404.98,6484.0,12420.98,11032.0,12601.29,3755.0,12645.02,22993.0,12319.7,2556.0,12747.26
7052.0,12647.11,6484.0,12664.01,11032.0,11857.3,3755.0,12567.19,22993.0,12793.47,2556.0,11910.95,5021.0,12121.19
6484.0,12908.93,11032.0,12212.81,3755.0,11815.48,22993.0,12822.85,2556.0,12649.02,5021.0,11523.91,44884.0,12113.98
11032.0,12437.54,3755.0,12139.81,22993.0,11893.14,2556.0,12594.98,5021.0,12111.32,44884.0,11146.78,1052.0,12049.07
3755.0,12231.04,22993.0,12363.81,2556.0,11674.55,5021.0,12186.24,44884.0,11755.0,1052.0,11014.24,2724.0,11853.34
22993.0,12376.23,2556.0,12275.09,5021.0,11377.63,44884.0,12098.28,1052.0,11921.25,2724.0,10838.73,5138.0,11628.34
2556.0,12332.78,5021.0,12062.5,44884.0,11447.29,1052.0,12149.93,2724.0,11990.26,5138.0,10985.52,3124.0,11795.46
5021.0,12208.79,44884.0,12206.02,1052.0,11428.86,2724.0,12211.19,5138.0,12190.63,3124.0,10940.31,3148.0,11801.03
44884.0,12295.48,1052.0,12146.18,2724.0,11504.6,5138.0,12397.54,3124.0,12038.8,3148.0,10981.26,20238.0,12006.95
1052.0,12196.88,2724.0,12089.54,5138.0,11906.53,3124.0,12086.16,3148.0,11996.33,20238.0,11510.31,464.0,12188.94
2724.0,12141.04,5138.0,12474.88,3124.0,11403.84,3148.0,12236.47,20238.0,12495.68,464.0,11191.28,4736.0,11886.31
5138.0,12579.15,3124.0,12067.36,3148.0,11590.57,20238.0,12714.45,464.0,12186.52,4736.0,11229.82,8945.0,12332.54
3124.0,12250.28,3148.0,12068.72,20238.0,11974.15,464.0,12264.75,4736.0,12045.44,8945.0,11258.36,77493.0,12086.61
3148.0,12120.37,20238.0,12514.12,464.0,11425.05,4736.0,12167.33,8945.0,12101.71,77493.0,10999.54,3476.0,11689.94
20238.0,12587.45,464.0,12150.25,4736.0,11450.24,8945.0,12407.77,77493.0,12133.58,3476.0,10943.08,59549.0,11823.07
464.0,12217.03,4736.0,11996.06,8945.0,11689.85,77493.0,12265.6,3476.0,11945.9,59549.0,10962.79,4096.0,11912.74
4736.0,12056.92,8945.0,12366.65,77493.0,11422.7,3476.0,12139.02,59549.0,11946.28,4096.0,10826.48,43218.0,11741.06
8945.0,12384.05,77493.0,12154.55,3476.0,11432.34,59549.0,12285.12,4096.0,11916.78,43218.0,10874.24,5095.0,11876.41
77493.0,12195.48,3476.0,12057.28,59549.0,11560.1,4096.0,12151.89,43218.0,11955.89,5095.0,10876.4,6814.0,11777.31
3476.0,12064.3,59549.0,12217.41,4096.0,11825.44,43218.0,11901.5,5095.0,12013.07,6814.0,11747.58,5560.0,12231.29
59549.0,12271.74,4096.0,12444.0,43218.0,11388.85,5095.0,12344.31,6814.0,12867.49,5560.0,11462.38,8821.0,12114.21
4096.0,12559.07,43218.0,11895.28,5095.0,12121.75,6814.0,12798.85,5560.0,12323.41,8821.0,12246.0,7027.0,13200.96
43218.0,12179.75,5095.0,12394.45,6814.0,12239.92,5560.0,12291.07,8821.0,12798.48,7027.0,12158.46,8580.0,12570.02
5095.0,12517.8,6814.0,12547.2,5560.0,11889.58,8821.0,12660.75,7027.0,12686.39,8580.0,12364.53,3386.0,12789.02
6814.0,12867.66,5560.0,12210.8,8821.0,12150.3,7027.0,12741.21,8580.0,13081.45,3386.0,12214.39,1242.0,12587.06
5560.0,12511.95,8821.0,12333.68,7027.0,11988.06,8580.0,12910.69,3386.0,12633.01,1242.0,11814.4,9448.0,12562.08
8821.0,12601.76,7027.0,12325.72,8580.0,12096.39,3386.0,12543.92,1242.0,12273.7,9448.0,11719.29,3577.0,12308.36
7027.0,12483.5,8580.0,12411.89,3386.0,11738.79,1242.0,12357.92,9448.0,12292.93,3577.0,11359.66,1794.0,11920.11
8580.0,12511.6,3386.0,12219.72,1242.0,11525.06,9448.0,12420.53,3577.0,12164.77,1794.0,11083.16,5845.0,11829.82
3386.0,12424.68,1242.0,12165.36,9448.0,11647.76,3577.0,12317.0,1794.0,12049.18,5845.0,11053.64,4021.0,11912.49
1242.0,12211.32,9448.0,12198.92,3577.0,11473.1,1794.0,12235.08,5845.0,11949.32,4021.0,10844.73,42939.0,11748.33
9448.0,12318.38,3577.0,12232.98,1794.0,11451.04,5845.0,12205.32,4021.0,11939.66,42939.0,10846.84,9730.0,11758.18
3577.0,12251.56,1794.0,12098.34,5845.0,11462.08,4021.0,12191.88,42939.0,11939.19,9730.0,10814.0,5930.0,11727.08
1794.0,12179.63,5845.0,12212.63,4021.0,11418.19,42939.0,12176.95,9730.0,11978.45,5930.0,10779.41,8733.0,11712.21
5845.0,12236.83,4021.0,12145.24,42939.0,11406.79,9730.0,12264.61,5930.0,11912.35,8733.0,10728.36,196.0,11768.95
4021.0,12178.57,42939.0,12116.11,9730.0,11503.45,5930.0,12170.67,8733.0,11844.17,196.0,10761.91,2532.0,11765.49
42939.0,12122.76,9730.0,12217.23,5930.0,11392.5,8733.0,12121.14,196.0,11886.1,2532.0,10714.74,3304.0,11669.51
9730.0,12192.74,5930.0,12109.43,8733.0,11611.86,196.0,12055.29,2532.0,11907.64,3304.0,11207.14,35731.0,11988.84
5930.0,12141.04,8733.0,12271.2,196.0,11447.46,2532.0,12187.94,3304.0,12354.84,35731.0,11122.69,79389.0,11927.47
8733.0,12349.96,196.0,12124.64,2532.0,11558.24,3304.0,12561.94,35731.0,12149.69,79389.0,11197.49,4044.0,12296.5
196.0,12269.64,2532.0,12111.29,3304.0,11907.36,35731.0,12269.01,79389.0,12088.07,4044.0,11358.84,7101.0,12180.43
2532.0,12183.63,3304.0,12435.98,35731.0,11493.66,79389.0,12242.19,4044.0,12237.47,7101.0,11102.36,3287.0,11804.62
3304.0,12532.2,35731.0,12169.96,79389.0,11514.63,4044.0,12465.02,7101.0,12171.15,3287.0,11028.51,865.0,11907.85
35731.0,12277.57,79389.0,12076.65,4044.0,11654.76,7101.0,12338.6,3287.0,11995.5,865.0,10865.19,44729.0,11841.17
79389.0,12081.36,4044.0,12248.99,7101.0,11656.89,3287.0,12053.69,865.0,11804.07,44729.0,11143.96,5732.0,11921.08
4044.0,12197.38,7101.0,12249.8,3287.0,11823.41,865.0,11882.66,44729.0,12223.11,5732.0,11930.54,764.0,12310.86
7101.0,12318.44,3287.0,12357.72,865.0,11409.49,44729.0,12531.66,5732.0,12948.24,764.0,11606.42,6823.0,12364.51
3287.0,12637.82,865.0,11972.06,44729.0,12031.33,5732.0,12973.46,764.0,12397.54,6823.0,11918.66,20102.0,13037.97
865.0,12271.96,44729.0,12301.07,5732.0,12294.9,764.0,12297.1,6823.0,12414.64,20102.0,11928.92,7034.0,12391.6
44729.0,12437.81,5732.0,12684.46,764.0,11515.48,6823.0,12444.4,20102.0,12603.86,7034.0,11481.82,5052.0,11874.95
5732.0,12848.99,764.0,12016.54,6823.0,11972.07,20102.0,12607.71,7034.0,12445.48,5052.0,11796.3,2043.0,12356.03
764.0,12202.14,6823.0,12276.6,20102.0,11803.66,7034.0,12462.87,5052.0,12465.43,2043.0,11312.11,2838.0,12097.6
6823.0,12389.63,20102.0,12343.25,7034.0,11621.76,5052.0,12563.41,2043.0,11939.65,2838.0,11213.71,553.0,12256.16
20102.0,12472.79,7034.0,12119.16,5052.0,11851.68,2043.0,12166.78,2838.0,11994.17,553.0,11270.4,3559.0,11977.8
7034.0,12174.42,5052.0,12350.73,2043.0,11445.26,2838.0,12094.76,553.0,12201.9,3559.0,11136.52,5910.0,11688.89
5052.0,12521.43,2043.0,12241.68,2838.0,11434.24,553.0,12417.79,3559.0,12362.49,5910.0,11142.84,2528.0,11927.66
2043.0,12364.46,2838.0,11994.29,553.0,11692.92,3559.0,12529.18,5910.0,12113.67,2528.0,11039.77,73576.0,12114.78
2838.0,12098.11,553.0,12261.46,3559.0,11679.65,5910.0,12211.16,2528.0,11864.41,73576.0,10983.52,9407.0,11912.83
553.0,12292.38,3559.0,12339.2,5910.0,11438.84,2528.0,12145.36,73576.0,11967.91,9407.0,10907.95,46799.0,11710.67
3559.0,12362.1,5910.0,12101.63,2528.0,11371.5,73576.0,12281.09,9407.0,12035.61,46799.0,10724.45,11356.0,11655.74
5910.0,12200.04,2528.0,12111.74,73576.0,11470.32,9407.0,12242.89,46799.0,11877.24,11356.0,10696.5,693.0,11728.65
2528.0,12127.11,73576.0,12189.19,9407.0,11441.93,46799.0,12128.3,11356.0,11798.42,693.0,10694.24,2762.0,11689.4
5865.0,13025.31,39567.0,11961.46,2061.0,12231.22,8549.0,13176.24,43834.0,12669.58,20747.0,12315.0,825.0,13233.17
39567.0,12323.66,2061.0,12279.41,8549.0,12454.1,43834.0,12448.09,20747.0,12589.96,825.0,12102.91,18141.0,12498.25
2061.0,12439.55,8549.0,12743.26,43834.0,11826.59,20747.0,12373.01,825.0,12579.57,18141.0,12096.02,836.0,12248.28
8549.0,12981.58,43834.0,12253.6,20747.0,11754.4,825.0,12787.37,18141.0,12940.06,836.0,11715.35,4952.0,12247.18
43834.0,12497.25,20747.0,12009.08,825.0,11968.44,18141.0,12850.78,836.0,12234.36,4952.0,11418.11,8842.0,12451.88
20747.0,12212.87,825.0,12366.03,18141.0,12193.4,836.0,12044.14,4952.0,11931.89,8842.0,11878.1,6409.0,12323.61
825.0,12397.72,18141.0,12599.62,836.0,11464.45,4952.0,12157.28,8842.0,12644.19,6409.0,11614.39,6937.0,11933.78
18141.0,12790.95,836.0,12043.58,4952.0,11542.13,8842.0,12854.93,6409.0,12607.94,6937.0,11433.86,1956.0,12351.45
836.0,12383.33,4952.0,12006.08,8842.0,12200.58,6409.0,12492.4,6937.0,12185.83,1956.0,11679.31,4240.0,12494.04
4952.0,12137.72,8842.0,12594.29,6409.0,11655.92,6937.0,12206.2,1956.0,12298.78,4240.0,11350.27,4716.0,11886.07
8842.0,12704.16,6409.0,12274.16,6937.0,11511.32,1956.0,12534.84,4240.0,12303.8,4716.0,11236.15,1690.0,11990.44
6409.0,12419.13,6937.0,11979.22,1956.0,11772.48,4240.0,12423.7,4716.0,12137.02,1690.0,11075.15,45520.0,11957.25
6937.0,12100.44,1956.0,12361.75,4240.0,11552.71,4716.0,12205.55,1690.0,11933.53,45520.0,10942.61,2456.0,11806.11
1956.0,12391.82,4240.0,12235.45,4716.0,11464.36,1690.0,12226.99,45520.0,11955.95,2456.0,10937.4,6819.0,11810.4
4240.0,12280.71,4716.0,12087.92,1690.0,11455.33,45520.0,12243.12,2456.0,11997.42,6819.0,10778.18,5020.0,11734.08
4716.0,12170.71,1690.0,12187.04,45520.0,11443.54,2456.0,12196.78,6819.0,11885.19,5020.0,10778.88,9430.0,11747.24
1690.0,12234.81,45520.0,12185.81,2456.0,11447.6,6819.0,12163.77,5020.0,11927.84,9430.0,10795.5,6547.0,11726.32
45520.0,12196.59,2456.0,12146.57,6819.0,11383.52,5020.0,12218.1,9430.0,11932.33,6547.0,10686.34,4120.0,11690.3
2456.0,12150.73,6819.0,12090.17,5020.0,11694.45,9430.0,12044.18,6547.0,11848.25,4120.0,11234.32,8847.0,12028.92
6819.0,12111.2,5020.0,12350.0,9430.0,11380.06,6547.0,12159.95,4120.0,12348.82,8847.0,11033.29,38260.0,11835.18
5020.0,12411.24,9430.0,12077.25,6547.0,11530.81,4120.0,12582.54,8847.0,12083.82,38260.0,11140.04,9483.0,12275.42
9430.0,12229.68,6547.0,12091.46,4120.0,11888.04,8847.0,12217.66,38260.0,12058.38,9483.0,11244.83,6799.0,12074.69
6547.0,12137.7,4120.0,12445.87,8847.0,11471.76,38260.0,12186.72,9483.0,12159.15,6799.0,11107.99,47971.0,11799.6
4120.0,12526.05,8847.0,12167.09,38260.0,11513.72,9483.0,12415.08,6799.0,12229.1,47971.0,11085.66,1611.0,11922.89
8847.0,12268.22,38260.0,12068.5,9483.0,11639.56,6799.0,12399.58,47971.0,12052.22,1611.0,10921.6,1373.0,11939.93
38260.0,12124.44,9483.0,12259.51,6799.0,11584.68,47971.0,12183.53,1611.0,11830.05,1373.0,10933.21,6861.0,11859.03
9483.0,12255.47,6799.0,12227.22,47971.0,11647.41,1611.0,12018.75,1373.0,11982.51,6861.0,11309.13,8521.0,11968.22
6799.0,12247.33,47971.0,12248.16,1611.0,11395.82,1373.0,12263.47,6861.0,12401.68,8521.0,11132.78,21019.0,11905.8
47971.0,12404.42,1611.0,12096.74,1373.0,11630.21,6861.0,12565.07,8521.0,12183.6,21019.0,11253.0,8370.0,12305.56
1611.0,12202.49,1373.0,12100.99,6861.0,12116.99,8521.0,12133.64,21019.0,12099.89,8370.0,11827.85,36719.0,12419.76
1373.0,12192.91,6861.0,12604.05,8521.0,11475.56,21019.0,12272.86,8370.0,12687.39,36719.0,11462.78,4337.0,11983.42
6861.0,12759.38,8521.0,12079.83,21019.0,11653.71,8370.0,12876.31,36719.0,12402.06,4337.0,11430.44,2533.0,12446.28
8521.0,12323.58,21019.0,12036.84,8370.0,12124.27,36719.0,12385.6,4337.0,12132.54,2533.0,11416.2,1037.0,12212.1
21019.0,12115.54,8370.0,12585.01,36719.0,11534.68,4337.0,12165.42,2533.0,12120.49,1037.0,11162.96,9540.0,11764.56
8370.0,12641.67,36719.0,12187.7,4337.0,11558.33,2533.0,12368.37,1037.0,12216.15,9540.0,11263.1,2399.0,11973.71
36719.0,12295.32,4337.0,12053.08,2533.0,11637.22,1037.0,12388.53,9540.0,12209.78,2399.0,11043.53,4648.0,11967.96
4337.0,12146.56,2533.0,12241.18,1037.0,11773.39,9540.0,12194.77,2399.0,11930.38,4648.0,11441.43,5210.0,12231.31
2533.0,12328.56,1037.0,12364.18,9540.0,11570.35,2399.0,12209.98,4648.0,12397.56,5210.0,11342.28,122.0,12004.27
1037.0,12459.39,9540.0,12127.59,2399.0,11535.72,4648.0,12590.86,5210.0,12283.0,122.0,11209.14,3236.0,12162.28
9540.0,12358.89,2399.0,12136.4,4648.0,11842.5,5210.0,12360.88,122.0,12138.2,3236.0,11243.53,40174.0,12066.64
2399.0,12212.35,4648.0,12358.98,5210.0,11579.8,122.0,12241.03,3236.0,12105.46,40174.0,11088.76,17535.0,11817.86
4648.0,12424.49,5210.0,12229.83,122.0,11466.97,3236.0,12348.17,40174.0,12119.15,17535.0,10931.8,59790.0,11789.41
5210.0,12303.96,122.0,12081.14,3236.0,11553.69,40174.0,12340.38,17535.0,11933.01,59790.0,10813.17,6960.0,11845.78
122.0,12121.51,3236.0,12201.12,40174.0,11505.0,17535.0,12132.85,59790.0,11794.62,6960.0,10767.72,4990.0,11727.52
3236.0,12226.6,40174.0,12252.6,17535.0,11341.89,59790.0,12124.07,6960.0,11889.94,4990.0,10697.5,2719.0,11632.02
40174.0,12258.09,17535.0,12074.3,59790.0,11360.32,6960.0,12209.96,4990.0,11888.08,2719.0,10649.22,8780.0,11664.94
17535.0,12104.17,59790.0,12092.67,6960.0,11649.26,4990.0,12011.2,2719.0,11860.53,8780.0,11128.32,1433.0,11931.91
59790.0,12089.44,6960.0,12329.16,4990.0,11421.63,2719.0,12115.99,8780.0,12281.78,1433.0,11144.32,7215.0,11908.72
6960.0,12340.5,4990.0,12053.43,2719.0,11848.84,8780.0,12352.21,1433.0,12221.35,7215.0,11871.97,7048.0,12653.03
4990.0,12211.66,2719.0,12305.39,8780.0,11845.94,1433.0,12365.96,7215.0,12729.17,7048.0,11788.73,26382.0,12440.6
2719.0,12482.96,8780.0,12319.26,1433.0,11779.98,7215.0,12771.11,7048.0,12497.76,26382.0,11779.74,3128.0,12640.3
8780.0,12585.9,1433.0,12173.24,7215.0,12123.95,7048.0,12517.59,26382.0,12472.27,3128.0,11782.82,24553.0,12365.41
1433.0,12340.03,7215.0,12452.41,7048.0,11732.96,26382.0,12437.43,3128.0,12430.5,24553.0,11431.7,569.0,11980.85
7215.0,12607.46,7048.0,12275.77,26382.0,11628.49,3128.0,12552.75,24553.0,12279.05,569.0,11187.9,3759.0,11958.82
7048.0,12401.66,26382.0,12101.75,3128.0,11725.33,24553.0,12415.92,569.0,11983.48,3759.0,10991.29,40189.0,11942.4
26382.0,12148.46,3128.0,12270.42,24553.0,11532.94,569.0,12130.8,3759.0,11811.08,40189.0,10846.98,8846.0,11715.91
3128.0,12305.37,24553.0,12244.43,569.0,11494.47,3759.0,12049.35,40189.0,11933.04,8846.0,11086.94,33748.0,11821.88
24553.0,12280.66,569.0,12150.84,3759.0,11353.88,40189.0,12250.11,8846.0,12233.05,33748.0,10903.37,28176.0,11774.8
569.0,12276.32,3759.0,12081.56,40189.0,11662.53,8846.0,12339.98,33748.0,12024.87,28176.0,11249.86,8159.0,12197.62
3759.0,12185.31,40189.0,12259.71,8846.0,11636.14,33748.0,12224.76,28176.0,12229.01,8159.0,11161.73,655.0,11963.61
40189.0,12330.24,8846.0,12258.05,33748.0,11509.19,28176.0,12420.52,8159.0,12129.46,655.0,11091.76,3980.0,12010.46
8846.0,12335.98,33748.0,12073.28,28176.0,11908.12,8159.0,12183.56,655.0,12088.17,3980.0,11526.92,8856.0,12177.97
33748.0,12150.94,28176.0,12429.16,8159.0,11506.75,655.0,12252.83,3980.0,12464.81,8856.0,11262.6,2641.0,11938.06
28176.0,12502.12,8159.0,12107.09,655.0,11765.53,3980.0,12552.48,8856.0,12204.32,2641.0,11629.37,2919.0,12507.95
8159.0,12271.78,655.0,12177.88,3980.0,12054.92,8856.0,12244.92,2641.0,12420.35,2919.0,11828.84,38968.0,12410.64
655.0,12291.07,3980.0,12487.91,8856.0,11596.89,2641.0,12487.31,2919.0,12547.49,38968.0,11613.85,4212.0,12275.83
3980.0,12728.35,8856.0,12149.48,2641.0,11865.82,2919.0,12683.04,38968.0,12466.97,4212.0,11629.28,4854.0,12407.57
8856.0,12351.0,2641.0,12197.37,2919.0,11900.11,38968.0,12461.64,4212.0,12293.0,4854.0,11375.83,38533.0,12095.48
2641.0,12345.02,2919.0,12423.05,38968.0,11643.99,4212.0,12321.72,4854.0,12158.76,38533.0,11235.89,27335.0,11890.46
2919.0,12517.93,38968.0,12211.7,4212.0,11543.23,4854.0,12401.27,38533.0,12166.37,27335.0,11002.25,23498.0,11834.99
38968.0,12285.92,4212.0,12094.02,4854.0,11543.5,38533.0,12344.58,27335.0,11906.56,23498.0,10792.01,9030.0,11804.93
4212.0,12152.63,4854.0,12200.65,38533.0,11714.61,27335.0,11985.98,23498.0,11793.44,9030.0,11224.02,31314.0,11950.17
4854.0,12208.86,38533.0,12360.16,27335.0,11306.73,23498.0,12131.57,9030.0,12315.31,31314.0,11003.52,4300.0,11738.25
38533.0,12458.81,27335.0,12034.62,23498.0,11484.75,9030.0,12564.31,31314.0,12128.24,4300.0,11065.16,5821.0,12168.52
27335.0,12174.38,23498.0,12039.64,9030.0,12045.48,31314.0,12117.82,4300.0,12022.28,5821.0,11584.79,2345.0,12279.22
23498.0,12077.98,9030.0,12555.28,31314.0,11566.04,4300.0,12107.94,5821.0,12492.46,2345.0,11578.18,3624.0,12042.02
9030.0,12652.72,31314.0,12170.72,4300.0,11680.5,5821.0,12674.86,2345.0,12597.29,3624.0,11749.92,1765.0,12532.49
31314.0,12407.6,4300.0,12054.94,5821.0,12076.34,2345.0,12618.0,3624.0,12476.27,1765.0,11725.28,3448.0,12565.45
4300.0,12215.44,5821.0,12427.03,2345.0,12012.25,3624.0,12327.72,1765.0,12279.17,3448.0,11916.5,3229.0,12447.16
5821.0,12587.54,2345.0,12465.13,3624.0,11704.48,1765.0,12445.44,3448.0,12689.01,3229.0,11692.75,6025.0,12156.24
2345.0,12646.54,3624.0,12105.69,1765.0,11752.88,3448.0,12769.26,3229.0,12461.63,6025.0,11449.54,6832.0,12294.89
3624.0,12367.24,1765.0,12208.79,3448.0,11935.43,3229.0,12432.48,6025.0,12146.96,6832.0,11333.28,6668.0,12116.85
1765.0,12307.9,3448.0,12416.99,3229.0,11579.33,6025.0,12267.51,6832.0,12062.71,6668.0,11079.78,2053.0,11803.26
8532.0,12197.73,1435.0,12137.7,6701.0,11466.67,19280.0,12204.48,4356.0,11913.07,5725.0,10829.27,12387.0,11810.46
1435.0,12165.11,6701.0,12171.24,19280.0,11485.99,4356.0,12161.86,5725.0,11963.92,12387.0,10862.76,6776.0,11790.28
6701.0,12198.22,19280.0,12199.48,4356.0,11409.11,5725.0,12245.09,12387.0,11985.25,6776.0,10790.66,8910.0,11786.4
19280.0,12230.48,4356.0,12112.21,5725.0,11512.93,12387.0,12238.1,6776.0,11898.06,8910.0,10841.04,3060.0,11844.74
4356.0,12132.41,5725.0,12179.78,12387.0,11566.26,6776.0,12095.16,8910.0,11934.84,3060.0,10992.11,16536.0,11841.97
5725.0,12197.69,12387.0,12263.88,6776.0,11382.86,8910.0,12217.76,3060.0,12114.82,16536.0,10901.67,6485.0,11798.61
12387.0,12321.24,6776.0,12086.54,8910.0,11525.87,3060.0,12370.36,16536.0,12007.5,6485.0,10948.02,4585.0,11988.99
6776.0,12151.73,8910.0,12143.75,3060.0,11664.23,16536.0,12172.05,6485.0,11957.92,4585.0,11040.41,6398.0,11925.87
8910.0,12179.96,3060.0,12325.49,16536.0,11445.41,6485.0,12182.19,4585.0,12084.62,6398.0,10981.41,8143.0,11803.54
3060.0,12370.8,16536.0,12128.13,6485.0,11509.4,4585.0,12342.57,6398.0,12088.16,8143.0,11005.2,33416.0,11935.82
16536.0,12213.12,6485.0,12132.4,4585.0,11584.86,6398.0,12287.8,8143.0,12029.12,33416.0,10924.52,20656.0,11888.69
6485.0,12175.23,4585.0,12232.73,6398.0,11578.57,8143.0,12182.77,33416.0,11928.08,20656.0,11045.42,7605.0,11912.45
4585.0,12270.56,6398.0,12237.94,8143.0,11483.81,33416.0,12201.93,20656.0,12116.57,7605.0,10990.94,1137.0,11823.66
6398.0,12289.02,8143.0,12137.81,33416.0,11474.17,20656.0,12355.47,7605.0,12053.2,1137.0,10917.42,6135.0,11908.4
8143.0,12230.61,33416.0,12143.33,20656.0,11613.43,7605.0,12240.74,1137.0,11956.9,6135.0,10969.47,6260.0,11905.96
33416.0,12180.03,20656.0,12253.41,7605.0,11497.99,1137.0,12172.84,6135.0,11995.19,6260.0,10932.29,4731.0,11792.46
20656.0,12263.81,7605.0,12156.51,1137.0,11612.21,6135.0,12156.81,6260.0,12036.47,4731.0,11239.06,47161.0,11997.09
7605.0,12214.08,1137.0,12227.53,6135.0,11587.91,6260.0,12230.84,4731.0,12314.6,47161.0,11298.31,4621.0,12061.11
1137.0,12317.85,6135.0,12196.99,6260.0,11599.36,4731.0,12492.98,47161.0,12258.76,4621.0,11299.39,21175.0,12263.51
6135.0,12353.51,6260.0,12158.7,4731.0,11804.39,47161.0,12406.41,4621.0,12164.31,21175.0,11324.95,234.0,12206.34
6260.0,12262.95,4731.0,12308.06,47161.0,11663.6,4621.0,12273.43,21175.0,12165.24,234.0,11219.28,8377.0,11932.68
4731.0,12411.79,47161.0,12278.02,4621.0,11538.72,21175.0,12338.82,234.0,12221.19,8377.0,11105.91,73294.0,11846.26
47161.0,12374.28,4621.0,12132.88,21175.0,11567.23,234.0,12409.97,8377.0,12103.31,73294.0,10943.76,9363.0,11883.4
4621.0,12168.08,21175.0,12123.4,234.0,11836.64,8377.0,12115.0,73294.0,11877.69,9363.0,11387.09,15269.0,12137.13
21175.0,12168.22,234.0,12433.2,8377.0,11435.97,73294.0,12153.08,9363.0,12360.21,15269.0,11176.02,65773.0,11887.16
234.0,12493.29,8377.0,12063.82,73294.0,11618.3,9363.0,12551.52,15269.0,12169.45,65773.0,11402.41,54209.0,12378.56
8377.0,12275.46,73294.0,12150.16,9363.0,11867.88,15269.0,12289.79,65773.0,12300.55,54209.0,11376.92,4808.0,12128.57
73294.0,12257.55,9363.0,12406.1,15269.0,11560.8,65773.0,12371.59,54209.0,12225.43,4808.0,11271.95,7211.0,12011.22
9363.0,12476.96,15269.0,12091.14,65773.0,12090.6,54209.0,12166.16,4808.0,12267.32,7211.0,12076.89,927.0,12455.82
15269.0,12209.83,65773.0,12476.42,54209.0,11584.51,4808.0,12414.56,7211.0,12926.02,927.0,11617.73,6196.0,12187.99
65773.0,12652.27,54209.0,12111.07,4808.0,11860.34,7211.0,12957.87,927.0,12341.56,6196.0,11812.2,9184.0,12890.17
54209.0,12342.08,4808.0,12089.86,7211.0,12662.37,927.0,12120.99,6196.0,12331.35,9184.0,12599.62,9752.0,12865.24
4808.0,12150.42,7211.0,12829.26,927.0,11768.3,6196.0,12190.71,9184.0,13112.41,9752.0,12496.99,63860.0,12453.59
7211.0,13151.31,927.0,12300.9,6196.0,11827.24,9184.0,13241.24,9752.0,13346.74,63860.0,12441.99,1184.0,13047.3
927.0,12732.66,6196.0,11879.07,9184.0,12652.03,9752.0,13123.58,63860.0,12691.78,1184.0,12350.54,3997.0,13193.55
6196.0,12219.73,9184.0,12744.03,9752.0,12205.4,63860.0,12368.59,1184.0,12423.32,3997.0,11999.76,2407.0,12286.96
9184.0,12910.12,9752.0,12585.51,63860.0,11626.38,1184.0,12553.35,3997.0,12606.12,2407.0,11641.35,3035.0,11955.9
9752.0,12788.94,63860.0,11963.47,1184.0,11769.58,3997.0,12696.79,2407.0,12433.6,3035.0,11236.02,4377.0,11983.93
63860.0,12204.4,1184.0,12257.73,3997.0,11763.64,2407.0,12359.71,3035.0,11936.02,4377.0,11057.77,2754.0,11953.89
1184.0,12260.29,3997.0,12287.71,2407.0,11866.48,3035.0,11945.36,4377.0,11852.38,2754.0,11690.75,4971.0,12192.34
3997.0,12339.8,2407.0,12401.18,3035.0,11333.36,4377.0,12224.81,2754.0,12681.77,4971.0,11294.7,6631.0,11890.74
2407.0,12602.04,3035.0,11995.1,4377.0,11611.44,2754.0,12823.65,4971.0,12287.5,6631.0,11381.53,4784.0,12506.42
3035.0,12296.38,4377.0,12116.54,2754.0,12110.43,4971.0,12282.45,6631.0,12180.74,4784.0,11511.53,6406.0,12218.7
4377.0,12197.51,2754.0,12577.05,4971.0,11467.75,6631.0,12256.22,4784.0,12290.72,6406.0,11171.77,4677.0,11748.13
2754.0,12689.56,4971.0,12139.26,6631.0,11540.61,4784.0,12529.64,6406.0,12253.23,4677.0,11079.06,8766.0,11908.38
4971.0,12256.29,6631.0,12039.71,4784.0,11675.72,6406.0,12394.7,4677.0,11975.17,8766.0,10813.81,2789.0,11857.85
6631.0,12076.17,4784.0,12311.49,6406.0,11489.99,4677.0,12125.23,8766.0,11691.36,2789.0,10748.48,5749.0,11716.65
4784.0,12309.72,6406.0,12224.66,4677.0,11382.83,8766.0,12063.9,2789.0,11856.22,5749.0,10764.42,22327.0,11638.97
6406.0,12214.02,4677.0,12075.02,8766.0,11305.76,2789.0,12179.83,5749.0,11950.12,22327.0,10642.17,2276.0,11621.82
4677.0,12174.36,8766.0,12138.54,2789.0,11437.86,5749.0,12183.64,22327.0,11893.27,2276.0,10768.85,61333.0,11781.01
8766.0,12151.66,2789.0,12157.78,5749.0,11443.51,22327.0,12173.36,2276.0,11916.48,61333.0,10770.0,1946.0,11761.72
2789.0,12170.28,5749.0,12167.76,22327.0,11455.28,2276.0,12177.3,61333.0,11916.05,1946.0,10828.1,9204.0,11795.53
5749.0,12191.06,22327.0,12171.98,2276.0,11436.31,61333.0,12203.29,1946.0,11970.49,9204.0,10791.55,1568.0,11768.03
22327.0,12195.48,2276.0,12145.81,61333.0,11462.26,1946.0,12228.89,9204.0,11913.26,1568.0,10802.79,6811.0,11808.34
2276.0,12160.61,61333.0,12148.49,1946.0,11584.58,9204.0,12109.91,1568.0,11920.68,6811.0,11025.19,3367.0,11887.09
61333.0,12171.52,1946.0,12268.19,9204.0,11392.37,1568.0,12209.94,6811.0,12138.64,3367.0,10895.79,5774.0,11795.68
1946.0,12267.51,9204.0,12031.42,1568.0,11849.63,6811.0,12183.55,3367.0,11988.12,5774.0,11646.0,45115.0,12390.05
9204.0,12133.01,1568.0,12395.19,6811.0,11583.13,3367.0,12221.41,5774.0,12633.01,45115.0,11411.63,953.0,12067.96
1568.0,12504.42,6811.0,12174.93,3367.0,11637.98,5774.0,12764.05,45115.0,12292.49,953.0,11496.85,6715.0,12540.79
6811.0,12412.36,3367.0,12095.99,5774.0,12088.6,45115.0,12363.23,953.0,12274.39,6715.0,11550.25,6016.0,12257.17
3367.0,12196.12,5774.0,12507.59,45115.0,11565.09,953.0,12307.71,6715.0,12278.54,6016.0,11244.06,4656.0,11862.81
5774.0,12630.97,45115.0,12209.36,953.0,11571.44,6715.0,12483.86,6016.0,12252.58,4656.0,11140.9,1048.0,11922.25
45115.0,12325.01,953.0,12069.92,6715.0,11674.39,6016.0,12404.79,4656.0,12031.22,1048.0,10918.62,63932.0,11900.96
953.0,12085.19,6715.0,12228.56,6016.0,11762.42,4656.0,12023.82,1048.0,11791.41,63932.0,11320.29,6556.0,12029.03
6715.0,12282.7,6016.0,12430.42,4656.0,11357.14,1048.0,12152.87,63932.0,12375.98,6556.0,11110.26,78084.0,11820.21
6016.0,12487.4,4656.0,11978.65,1048.0,11509.98,63932.0,12617.32,6556.0,12130.97,78084.0,11112.76,9177.0,12219.15
4656.0,12212.9,1048.0,12126.72,63932.0,11903.85,6556.0,12198.54,78084.0,12067.04,9177.0,11274.02,2551.0,12068.2
1048.0,12169.52,63932.0,12461.56,6556.0,11425.07,78084.0,12220.03,9177.0,12183.29,2551.0,11056.11,6734.0,11761.81
63932.0,12554.78,6556.0,12130.43,78084.0,11501.4,9177.0,12455.5,2551.0,12176.09,6734.0,10981.61,37865.0,11887.6
6556.0,12169.76,78084.0,11987.87,9177.0,12000.56,2551.0,12119.77,6734.0,11943.74,37865.0,11574.69,1537.0,12267.86
78084.0,12039.53,9177.0,12561.96,2551.0,11440.43,6734.0,12140.43,37865.0,12495.14,1537.0,11307.67,59192.0,11945.44
9177.0,12584.26,2551.0,12011.87,6734.0,12011.52,37865.0,12503.65,1537.0,12249.21,59192.0,12290.08,5925.0,13008.39
2551.0,12239.62,6734.0,12306.63,37865.0,12045.28,1537.0,12328.12,59192.0,13014.15,5925.0,12119.08,2507.0,12532.74
6734.0,12556.3,37865.0,12479.11,1537.0,11735.98,59192.0,12968.03,5925.0,12721.69,2507.0,11993.37,5376.0,12803.21
37865.0,12825.52,1537.0,12065.03,59192.0,12387.52,5925.0,12679.71,2507.0,12600.76,5376.0,12124.63,14969.0,12632.75
1537.0,12257.79,59192.0,12512.92,5925.0,12029.36,2507.0,12352.14,5376.0,12568.2,14969.0,11956.93,4424.0,12224.24
59192.0,12694.42,5925.0,12497.66,2507.0,11601.93,5376.0,12661.88,14969.0,12694.98,4424.0,11568.88,4780.0,12132.68
5925.0,12670.91,2507.0,11927.36,5376.0,12247.36,14969.0,12606.91,4424.0,12228.9,4780.0,12056.76,60879.0,12780.36
2507.0,12097.74,5376.0,12486.96,14969.0,11841.18,4424.0,12219.72,4780.0,12540.97,60879.0,11659.36,4406.0,12148.56
5376.0,12691.24,14969.0,12435.3,4424.0,11564.7,4780.0,12691.51,60879.0,12408.56,4406.0,11612.56,46108.0,12403.37
14969.0,12667.85,4424.0,11941.12,4780.0,12030.35,60879.0,12502.74,4406.0,12382.1,46108.0,11564.12,9750.0,12218.25
4424.0,12174.74,4780.0,12472.31,60879.0,11710.22,4406.0,12277.72,46108.0,12316.87,9750.0,11379.86,28477.0,11922.34
4780.0,12590.21,60879.0,12322.54,4406.0,11530.98,46108.0,12492.23,9750.0,12315.81,28477.0,11215.6,2035.0,11954.48
60879.0,12457.69,4406.0,12031.11,46108.0,11720.55,9750.0,12495.18,28477.0,12083.73,2035.0,11031.79,967.0,12029.22
4406.0,12058.1,46108.0,12181.35,9750.0,11944.4,28477.0,11975.96,2035.0,11824.69,967.0,11599.17,970.0,12187.42
46108.0,12263.62,9750.0,12580.84,28477.0,11363.19,2035.0,12137.87,967.0,12613.64,970.0,11362.39,6428.0,11899.78
4960.0,12245.11,4962.0,12072.81,3056.0,11421.86,1813.0,12205.3,2896.0,11999.2,1777.0,10808.69,7752.0,11701.56
4962.0,12213.92,3056.0,12227.6,1813.0,11449.3,2896.0,12195.55,1777.0,12004.82,7752.0,10871.4,2186.0,11778.72
3056.0,12257.6,1813.0,12138.6,2896.0,11461.47,1777.0,12272.39,7752.0,11982.04,2186.0,10835.44,4395.0,11820.42
1813.0,12189.45,2896.0,12150.2,1777.0,11499.89,7752.0,12221.68,2186.0,11921.4,4395.0,10802.14,1370.0,11792.27
2896.0,12178.7,1777.0,12204.0,7752.0,11433.18,2186.0,12186.81,4395.0,11891.16,1370.0,10746.05,2849.0,11724.48
1777.0,12218.91,7752.0,12155.52,2186.0,11412.87,4395.0,12185.09,1370.0,11882.94,2849.0,10708.91,1845.0,11694.65
7752.0,12176.58,2186.0,12145.85,4395.0,11394.72,1370.0,12174.92,2849.0,11869.58,1845.0,10648.53,27817.0,11663.35
2186.0,12152.31,4395.0,12144.05,1370.0,11413.95,2849.0,12143.58,1845.0,11821.32,27817.0,10691.89,8777.0,11701.07
4395.0,12147.92,1370.0,12167.92,2849.0,11373.76,1845.0,12139.34,27817.0,11876.04,8777.0,10655.78,8923.0,11668.57
1370.0,12164.99,2849.0,12129.32,1845.0,11383.14,27817.0,12181.28,8777.0,11838.52,8923.0,10669.62,9289.0,11722.57
2849.0,12146.63,1845.0,12141.22,27817.0,11410.76,8777.0,12144.2,8923.0,11854.51,9289.0,10665.41,45898.0,11690.0
1845.0,12140.94,27817.0,12163.98,8777.0,11372.43,8923.0,12155.28,9289.0,11847.13,45898.0,10650.16,8896.0,11675.12
27817.0,12170.08,8777.0,12140.19,8923.0,11384.1,9289.0,12160.42,45898.0,11854.3,8896.0,10639.56,772.0,11668.62
8777.0,12118.29,8923.0,12109.18,9289.0,11534.85,45898.0,12067.66,8896.0,11832.1,772.0,10935.84,75366.0,11842.47
8923.0,12107.45,9289.0,12251.63,45898.0,11396.27,8896.0,12127.64,772.0,12113.24,75366.0,10912.69,5011.0,11799.2
9289.0,12280.26,45898.0,12117.3,8896.0,11485.98,772.0,12379.93,75366.0,12036.13,5011.0,11011.21,16334.0,12073.38
45898.0,12198.27,8896.0,12110.85,772.0,11712.84,75366.0,12222.09,5011.0,12027.58,16334.0,11132.81,18816.0,12031.96
8896.0,12129.2,772.0,12284.93,75366.0,11743.12,5011.0,12068.76,16334.0,12126.82,18816.0,11559.73,5681.0,12141.6
772.0,12358.93,75366.0,12347.84,5011.0,11510.65,16334.0,12371.72,18816.0,12621.49,5681.0,11427.71,4252.0,12101.3
75366.0,12506.65,5011.0,12064.62,16334.0,11722.62,18816.0,12770.4,5681.0,12322.38,4252.0,11357.06,7954.0,12446.81
5011.0,12191.5,16334.0,12084.37,18816.0,12430.16,5681.0,12074.61,4252.0,12043.81,7954.0,12265.96,7766.0,12684.75
16334.0,12176.06,18816.0,12814.63,5681.0,11474.78,4252.0,12212.12,7954.0,13014.58,7766.0,11749.63,1731.0,12024.59
18816.0,12981.95,5681.0,12015.6,4252.0,11756.48,7954.0,13148.06,7766.0,12622.9,1731.0,11880.33,3366.0,12879.57
5681.0,12386.89,4252.0,11991.4,7954.0,12539.38,7766.0,12450.16,1731.0,12411.38,3366.0,12049.37,2783.0,12649.26
4252.0,12131.25,7954.0,12820.88,7766.0,11617.18,1731.0,12320.82,3366.0,12477.65,2783.0,11602.02,642.0,12018.47
7954.0,13000.04,7766.0,12201.93,1731.0,11688.37,3366.0,12711.31,2783.0,12505.28,642.0,11540.22,5189.0,12208.4
7766.0,12411.86,1731.0,11988.6,3366.0,11912.79,2783.0,12523.93,642.0,12251.77,5189.0,11219.44,2707.0,12060.67
1731.0,12144.0,3366.0,12459.66,2783.0,11614.91,642.0,12228.82,5189.0,11945.08,2707.0,11094.67,814.0,11857.61
3366.0,12527.88,2783.0,12265.72,642.0,11473.9,5189.0,12276.25,2707.0,12062.78,814.0,10973.58,7769.0,11788.43
2783.0,12304.97,642.0,12027.97,5189.0,11462.74,2707.0,12303.38,814.0,11964.16,7769.0,10746.79,20811.0,11722.29
642.0,12167.0,5189.0,12235.53,2707.0,11471.44,814.0,12142.68,7769.0,11857.86,20811.0,10772.34,41823.0,11705.56
5189.0,12243.48,2707.0,12191.15,814.0,11350.36,7769.0,12178.62,20811.0,11900.27,41823.0,10669.45,2654.0,11635.61
2707.0,12216.41,814.0,12093.33,7769.0,11407.36,20811.0,12186.86,41823.0,11853.93,2654.0,10663.56,7074.0,11682.29
814.0,12120.14,7769.0,12162.11,20811.0,11392.02,41823.0,12134.04,2654.0,11840.68,7074.0,10634.75,5484.0,11654.81
7769.0,12159.35,20811.0,12164.15,41823.0,11345.1,2654.0,12163.13,7074.0,11820.03,5484.0,10604.46,667.0,11660.44
20811.0,12159.18,41823.0,12104.04,2654.0,11422.36,7074.0,12124.04,5484.0,11805.19,667.0,10678.52,46846.0,11700.03
41823.0,12086.8,2654.0,12157.49,7074.0,11465.22,5484.0,12048.31,667.0,11880.78,46846.0,10871.3,39920.0,11770.99
2654.0,12131.08,7074.0,12175.73,5484.0,11584.94,667.0,12061.83,46846.0,12077.1,39920.0,11310.66,9872.0,12062.4
7074.0,12229.16,5484.0,12246.75,667.0,11468.92,46846.0,12369.98,39920.0,12419.76,9872.0,11207.52,28507.0,12119.05
5484.0,12366.65,667.0,12077.07,46846.0,11753.94,39920.0,12563.71,9872.0,12138.47,28507.0,11356.95,8740.0,12405.87
667.0,12227.67,46846.0,12254.2,39920.0,11865.77,9872.0,12225.48,28507.0,12181.74,8740.0,11379.32,5762.0,12071.75
46846.0,12330.35,39920.0,12417.11,9872.0,11459.31,28507.0,12349.89,8740.0,12291.88,5762.0,11109.72,45451.0,11816.46
39920.0,12492.41,9872.0,12037.93,28507.0,11864.19,8740.0,12334.26,5762.0,12143.08,45451.0,11552.51,62697.0,12231.67
9872.0,12113.67,28507.0,12296.49,8740.0,11819.7,5762.0,12168.35,45451.0,12425.91,62697.0,11651.88,6108.0,12223.22
28507.0,12384.97,8740.0,12365.56,5762.0,11578.62,45451.0,12590.48,62697.0,12465.68,6108.0,11581.98,4988.0,12461.51
8740.0,12556.73,5762.0,12022.23,45451.0,12150.26,62697.0,12510.98,6108.0,12321.06,4988.0,11997.93,3148.0,12730.16
5762.0,12220.76,45451.0,12460.14,62697.0,11856.35,6108.0,12300.46,4988.0,12627.26,3148.0,11775.52,9110.0,12198.05
45451.0,12675.6,62697.0,12398.94,6108.0,11658.07,4988.0,12690.32,3148.0,12614.29,9110.0,11661.25,4399.0,12288.64
62697.0,12603.4,6108.0,12002.37,4988.0,12225.64,3148.0,12514.36,9110.0,12421.89,4399.0,11994.22,1426.0,12542.5
6108.0,12121.02,4988.0,12464.44,3148.0,12073.23,9110.0,12193.31,4399.0,12564.95,1426.0,12225.84,9887.0,12510.38
4988.0,12627.78,3148.0,12517.23,9110.0,11655.7,4399.0,12736.14,1426.0,12914.02,9887.0,11974.46,8929.0,12616.84
3148.0,12800.25,9110.0,11957.5,4399.0,12163.39,1426.0,12953.82,9887.0,12514.85,8929.0,11988.56,4558.0,12897.71
9110.0,12291.57,4399.0,12396.73,1426.0,12156.43,9887.0,12337.58,8929.0,12392.87,4558.0,11824.22,77.0,12252.16
4399.0,12583.38,1426.0,12607.8,9887.0,11592.62,8929.0,12420.37,4558.0,12539.81,77.0,11559.55,50775.0,11919.79
1426.0,12796.27,9887.0,12071.98,8929.0,11683.18,4558.0,12695.41,77.0,12476.22,50775.0,11248.43,8441.0,12011.92
9887.0,12272.45,8929.0,12130.94,4558.0,11762.77,77.0,12483.52,50775.0,11969.58,8441.0,10950.07,922.0,11970.13
8929.0,12196.18,4558.0,12342.06,77.0,11608.5,50775.0,12103.24,8441.0,11715.76,922.0,10943.25,3172.0,11787.17
4558.0,12334.23,77.0,12248.58,50775.0,11361.14,8441.0,12065.56,922.0,11976.13,3172.0,10842.06,9955.0,11606.95
77.0,12306.58,50775.0,12088.31,8441.0,11319.13,922.0,12265.11,3172.0,12041.85,9955.0,10745.73,9589.0,11705.52
50775.0,12221.55,8441.0,12106.26,922.0,11488.08,3172.0,12265.37,9955.0,11931.29,9589.0,10777.06,9268.0,11821.74
8441.0,12097.8,922.0,12126.45,3172.0,11766.72,9955.0,11995.41,9589.0,11858.67,9268.0,11360.76,8139.0,12073.86
922.0,12150.65,3172.0,12414.36,9955.0,11392.92,9589.0,12149.38,9268.0,12477.62,8139.0,11206.78,5605.0,11884.78
3172.0,12502.84,9955.0,12063.68,9589.0,11526.45,9268.0,12727.14,8139.0,12245.21,5605.0,11195.29,4916.0,12356.6
9955.0,12257.79,9589.0,12042.88,9268.0,12004.38,8139.0,12316.47,5605.0,12022.58,4916.0,11307.73,7057.0,12197.09
9589.0,12102.92,9268.0,12514.16,8139.0,11542.13,5605.0,12111.11,4916.0,12130.35,7057.0,11164.89,11474.0,11767.69
9268.0,12567.76,8139.0,12220.33,5605.0,11449.05,4916.0,12399.26,7057.0,12280.62,11474.0,11105.49,5947.0,11863.76
8139.0,12335.34,5605.0,12009.57,4916.0,11668.5,7057.0,12443.14,11474.0,12109.16,5947.0,10992.98,8927.0,12002.32
5605.0,12086.78,4916.0,12261.39,7057.0,11622.05,11474.0,12211.24,5947.0,11859.7,8927.0,10977.2,3573.0,11925.23
4916.0,12294.89,7057.0,12294.0,11474.0,11483.59,5947.0,12151.87,8927.0,11973.79,3573.0,10978.48,5869.0,11813.57
7057.0,12315.17,11474.0,12114.82,5947.0,11425.62,8927.0,12259.82,3573.0,12062.37,5869.0,10864.0,303.0,11763.02
11474.0,12230.88,5947.0,12155.13,8927.0,11517.5,3573.0,12246.43,5869.0,12004.52,303.0,10904.62,3022.0,11834.5
5947.0,12199.32,8927.0,12190.66,3573.0,11529.35,5869.0,12208.29,303.0,11981.4,3022.0,10946.92,9862.0,11852.34
8927.0,12224.33,3573.0,12201.62,5869.0,11479.05,303.0,12235.08,3022.0,12019.67,9862.0,10904.65,87.0,11836.94
3573.0,12239.2,5869.0,12147.87,303.0,11521.22,3022.0,12254.11,9862.0,11969.12,87.0,10934.03,538.0,11893.3
5869.0,12203.31,303.0,12191.52,3022.0,11506.63,9862.0,12209.96,87.0,11995.91,538.0,10895.39,56023.0,11820.75
303.0,12233.18,3022.0,12191.96,9862.0,11470.56,87.0,12236.1,538.0,11976.28,56023.0,10881.78,8063.0,11816.59
3022.0,12245.9,9862.0,12165.16,87.0,11464.86,538.0,12242.05,56023.0,11985.03,8063.0,10800.32,4796.0,11760.48
9862.0,12204.24,87.0,12159.87,538.0,11454.3,56023.0,12231.74,8063.0,11893.8,4796.0,10745.8,8719.0,11746.78
87.0,12179.63,538.0,12162.37,56023.0,11481.74,8063.0,12139.44,4796.0,11863.42,8719.0,10795.46,6755.0,11736.6
538.0,12172.94,56023.0,12203.93,8063.0,11354.58,4796.0,12176.64,8719.0,11938.44,6755.0,10675.84,8831.0,11665.96
56023.0,12221.54,8063.0,12107.08,4796.0,11392.56,8719.0,12242.82,6755.0,11834.88,8831.0,10650.45,6560.0,11737.66
8063.0,12088.08,4796.0,12067.61,8719.0,11778.31,6755.0,11922.06,8831.0,11805.57,6560.0,11333.69,4507.0,12043.92
4796.0,12068.94,8719.0,12439.15,6755.0,11316.88,8831.0,12112.4,6560.0,12483.76,4507.0,11143.9,76448.0,11840.6
8719.0,12526.17,6755.0,12036.9,8831.0,11541.79,6560.0,12739.65,4507.0,12230.43,76448.0,11260.07,3740.0,12445.15
6755.0,12227.53,8831.0,12025.71,6560.0,12079.01,4507.0,12283.82,76448.0,12080.57,3740.0,11440.71,637.0,12275.95
8831.0,12095.64,6560.0,12577.8,4507.0,11516.8,76448.0,12159.62,3740.0,12242.95,637.0,11236.82,17389.0,11817.75
6560.0,12659.24,4507.0,12186.33,76448.0,11523.12,3740.0,12498.27,637.0,12329.56,17389.0,11213.33,1329.0,11985.74
4507.0,12322.07,76448.0,12018.26,3740.0,11737.82,637.0,12455.97,17389.0,12140.24,1329.0,11028.81,6095.0,12007.03
76448.0,12102.8,3740.0,12323.48,637.0,11587.88,17389.0,12231.31,1329.0,11856.37,6095.0,10940.69,6081.0,11875.27
3740.0,12287.74,637.0,12173.26,17389.0,11915.65,1329.0,11906.1,6095.0,11936.5,6081.0,11814.49,8782.0,12266.23
637.0,12209.64,17389.0,12424.65,1329.0,11339.32,6095.0,12256.9,6081.0,12855.85,8782.0,11370.83,6265.0,11950.62
17389.0,12646.04,1329.0,12032.38,6095.0,11668.37,6081.0,12987.09,8782.0,12337.94,6265.0,11495.8,17251.0,12728.25
1329.0,12296.88,6095.0,12037.06,6081.0,12371.48,8782.0,12263.83,6265.0,12143.07,17251.0,11813.74,8102.0,12453.9
6095.0,12125.9,6081.0,12760.1,8782.0,11454.54,6265.0,12194.26,17251.0,12490.22,8102.0,11338.39,1070.0,11743.1
6081.0,12891.66,8782.0,12124.08,6265.0,11546.58,17251.0,12729.3,8102.0,12408.2,1070.0,11281.01,9468.0,12104.25
1824.0,12466.74,4582.0,12236.39,6147.0,11310.28,8568.0,12385.09,40669.0,12611.91,7509.0,11089.78,2264.0,11799.49
4582.0,12447.31,6147.0,11987.24,8568.0,11660.75,40669.0,12723.8,7509.0,12103.85,2264.0,11104.96,1461.0,12319.08
6147.0,12139.62,8568.0,12176.56,40669.0,11920.96,7509.0,12164.43,2264.0,11872.72,1461.0,11177.0,7238.0,12021.46
8568.0,12190.07,40669.0,12499.02,7509.0,11382.49,2264.0,12090.19,1461.0,12085.63,7238.0,10987.08,67414.0,11638.9
40669.0,12541.1,7509.0,12087.71,2264.0,11409.98,1461.0,12386.82,7238.0,12170.9,67414.0,10936.75,7887.0,11805.12
7509.0,12185.65,2264.0,12005.22,1461.0,11823.57,7238.0,12208.39,67414.0,12004.72,7887.0,11294.9,5612.0,12136.06
2264.0,12052.94,1461.0,12421.67,7238.0,11495.9,67414.0,12181.02,7887.0,12228.01,5612.0,11170.76,56581.0,11968.88
1461.0,12496.67,7238.0,12167.23,67414.0,11548.66,7887.0,12518.84,5612.0,12154.59,56581.0,11214.83,8716.0,12227.05
7238.0,12299.84,67414.0,12055.61,7887.0,11791.03,5612.0,12306.52,56581.0,12106.13,8716.0,11165.31,34555.0,12012.1
67414.0,12178.97,7887.0,12406.83,5612.0,11528.58,56581.0,12197.0,8716.0,12123.12,34555.0,11084.85,6576.0,11788.11
7887.0,12410.68,5612.0,12123.48,56581.0,11850.36,8716.0,12149.15,34555.0,12173.64,6576.0,11757.34,667.0,12254.8
5612.0,12222.18,56581.0,12342.24,8716.0,11555.67,34555.0,12385.73,6576.0,12728.94,667.0,11417.23,19454.0,12134.92
56581.0,12486.78,8716.0,12119.04,34555.0,11744.44,6576.0,12825.7,667.0,12186.88,19454.0,11499.13,247.0,12670.63
8716.0,12298.06,34555.0,12097.17,6576.0,12455.74,667.0,12057.02,19454.0,12145.04,247.0,12264.48,7196.0,12641.59
34555.0,12182.1,6576.0,12787.05,667.0,11439.68,19454.0,12243.88,247.0,12982.69,7196.0,11737.0,7586.0,11971.19
6576.0,13010.45,667.0,12036.96,19454.0,11895.22,247.0,13018.2,7196.0,12714.08,7586.0,12130.54,5714.0,12900.14
667.0,12386.3,19454.0,12080.99,247.0,12362.76,7196.0,12607.15,7586.0,12653.51,5714.0,11941.28,16967.0,12607.07
19454.0,12258.45,247.0,12665.83,7196.0,11737.81,7586.0,12541.28,5714.0,12303.45,16967.0,11593.13,4209.0,12252.67
247.0,12844.82,7196.0,12211.38,7586.0,11947.46,5714.0,12438.56,16967.0,12346.74,4209.0,11736.64,5277.0,12222.79
7196.0,12363.38,7586.0,12249.83,5714.0,11604.64,16967.0,12440.98,4209.0,12465.87,5277.0,11142.68,5434.0,11814.98
7586.0,12451.03,5714.0,12259.37,16967.0,11610.44,4209.0,12501.18,5277.0,12021.16,5434.0,11130.23,5889.0,12043.36
5714.0,12377.49,16967.0,12146.61,4209.0,11735.36,5277.0,12223.34,5434.0,11995.94,5889.0,11066.44,6082.0,11884.41
16967.0,12167.14,4209.0,12288.96,5277.0,11385.96,5434.0,12186.14,5889.0,11974.8,6082.0,10830.45,499.0,11675.92
4209.0,12389.57,5277.0,12161.21,5434.0,11525.55,5889.0,12203.2,6082.0,11992.62,499.0,11048.85,41374.0,11885.95
5277.0,12211.86,5434.0,12137.67,5889.0,11470.85,6082.0,12247.55,499.0,12119.71,41374.0,10887.02,7375.0,11803.44
5434.0,12226.91,5889.0,12193.69,6082.0,11496.83,499.0,12305.67,41374.0,11958.53,7375.0,10933.04,8573.0,11928.46
5889.0,12259.8,6082.0,12162.73,499.0,11584.46,41374.0,12202.66,7375.0,11986.44,8573.0,10961.59,5474.0,11857.9
6082.0,12187.61,499.0,12221.14,41374.0,11444.58,7375.0,12213.3,8573.0,12011.59,5474.0,10861.79,67477.0,11756.44
499.0,12283.6,41374.0,12171.62,7375.0,11479.3,8573.0,12256.25,5474.0,11992.0,67477.0,10879.37,4265.0,11820.24
41374.0,12212.7,7375.0,12144.15,8573.0,11471.55,5474.0,12256.19,67477.0,11951.66,4265.0,10762.26,3101.0,11771.98
7375.0,12142.59,8573.0,12130.17,5474.0,11689.39,67477.0,12056.24,4265.0,11839.78,3101.0,11221.77,1462.0,12010.16
8573.0,12158.95,5474.0,12347.78,67477.0,11415.5,4265.0,12135.56,3101.0,12332.88,1462.0,11099.24,6428.0,11844.04
5474.0,12407.09,67477.0,12088.47,4265.0,11516.84,3101.0,12563.65,1462.0,12155.52,6428.0,11162.49,3257.0,12242.48
67477.0,12254.21,4265.0,12092.06,3101.0,11876.93,1462.0,12277.28,6428.0,12087.22,3257.0,11274.3,2959.0,12133.2
4265.0,12096.89,3101.0,12346.56,1462.0,11887.38,6428.0,11994.21,3257.0,12148.21,2959.0,11878.25,2642.0,12266.74
3101.0,12443.86,1462.0,12463.51,6428.0,11462.16,3257.0,12426.1,2959.0,12924.39,2642.0,11582.59,7575.0,12125.83
1462.0,12664.0,6428.0,11964.17,3257.0,11822.67,2959.0,13029.04,2642.0,12402.31,7575.0,11545.72,3517.0,12737.95
6428.0,12235.17,3257.0,12170.63,2959.0,12232.74,2642.0,12319.34,7575.0,12075.13,3517.0,11577.93,7249.0,12308.09
3257.0,12253.16,2959.0,12670.27,2642.0,11512.0,7575.0,12162.02,3517.0,12256.83,7249.0,11284.04,1926.0,11737.42
2959.0,12756.76,2642.0,12132.15,7575.0,11446.17,3517.0,12537.86,7249.0,12357.85,1926.0,11060.39,1286.0,11819.18
2642.0,12318.39,7575.0,11999.12,3517.0,11690.92,7249.0,12464.48,1926.0,12014.31,1286.0,10846.27,52701.0,11911.79
7575.0,12056.4,3517.0,12303.23,7249.0,11533.81,1926.0,12139.03,1286.0,11687.17,52701.0,10748.82,8812.0,11729.89
3517.0,12298.75,7249.0,12262.18,1926.0,11385.9,1286.0,12045.25,52701.0,11826.25,8812.0,10775.59,3568.0,11630.77
7249.0,12243.45,1926.0,12075.99,1286.0,11283.42,52701.0,12174.02,8812.0,11967.56,3568.0,10620.27,2599.0,11583.01
1926.0,12176.68,1286.0,12117.79,52701.0,11429.14,8812.0,12196.64,3568.0,11881.22,2599.0,10745.82,5906.0,11777.01
1286.0,12137.6,52701.0,12160.9,8812.0,11433.07,3568.0,12166.82,2599.0,11896.84,5906.0,10724.76,4811.0,11736.29
52701.0,12171.58,8812.0,12174.14,3568.0,11395.93,2599.0,12193.6,5906.0,11873.32,4811.0,10697.51,45748.0,11724.37
8812.0,12142.07,3568.0,12074.3,2599.0,11729.83,5906.0,11987.12,4811.0,11865.24,45748.0,11320.18,3388.0,12044.84
3568.0,12095.12,2599.0,12381.87,5906.0,11384.95,4811.0,12152.77,45748.0,12462.72,3388.0,11161.32,930.0,11892.66
2599.0,12463.32,5906.0,12076.2,4811.0,11546.83,45748.0,12698.96,3388.0,12200.38,930.0,11231.56,3499.0,12402.21
5906.0,12259.49,4811.0,12059.27,45748.0,12000.01,3388.0,12298.33,930.0,12062.24,3499.0,11340.95,5366.0,12205.65
4811.0,12121.69,45748.0,12507.22,3388.0,11513.05,930.0,12161.17,3499.0,12166.9,5366.0,11142.47,9150.0,11769.8
45748.0,12587.58,3388.0,12205.06,930.0,11466.93,3499.0,12431.65,5366.0,12259.3,9150.0,11060.22,4468.0,11852.92
3388.0,12276.59,930.0,11971.22,3499.0,11891.06,5366.0,12278.0,9150.0,12048.12,4468.0,11389.58,692.0,12190.72
930.0,12046.4,3499.0,12449.78,5366.0,11512.83,9150.0,12201.91,4468.0,12262.22,692.0,11152.12,8348.0,11943.2
3499.0,12523.36,5366.0,12178.11,9150.0,11534.24,4468.0,12551.03,692.0,12084.38,8348.0,11177.76,939.0,12232.56
5366.0,12308.05,9150.0,12030.32,4468.0,11822.35,692.0,12242.88,8348.0,12056.42,939.0,11162.26,57627.0,11973.83
9150.0,12148.34,4468.0,12448.47,692.0,11444.02,8348.0,12163.32,939.0,12142.38,57627.0,11016.1,4085.0,11699.65
4468.0,12513.08,692.0,12154.31,8348.0,11475.42,939.0,12395.4,57627.0,12162.46,4085.0,11005.91,4783.0,11862.49
692.0,12244.63,8348.0,12058.56,939.0,11611.66,57627.0,12354.43,4085.0,12011.77,4783.0,10850.81,2345.0,11884.78
8348.0,12100.26,939.0,12260.73,57627.0,11486.85,4085.0,12198.32,4783.0,11782.64,2345.0,10761.44,76688.0,11781.27
939.0,12273.25,57627.0,12204.18,4085.0,11465.6,4783.0,12095.67,2345.0,11844.17,76688.0,10837.1,39256.0,11725.43
57627.0,12203.74,4085.0,12147.86,4783.0,11319.94,2345.0,12166.48,76688.0,11994.39,39256.0,10663.26,2771.0,11598.97
4085.0,12175.48,4783.0,12065.51,2345.0,11727.94,76688.0,12050.14,39256.0,11892.98,2771.0,11390.07,8167.0,12131.89
4783.0,12109.76,2345.0,12361.76,76688.0,11437.74,39256.0,12186.28,2771.0,12502.99,8167.0,11188.67,23760.0,11940.24
2345.0,12442.91,76688.0,12097.69,39256.0,11572.58,2771.0,12707.98,8167.0,12165.2,23760.0,11269.47,1582.0,12440.91
76688.0,12287.35,39256.0,12082.09,2771.0,12013.93,8167.0,12266.5,23760.0,12095.76,1582.0,11382.14,75604.0,12179.39
39256.0,12077.33,2771.0,12425.06,8167.0,11905.43,23760.0,11939.38,1582.0,12204.79,75604.0,12003.68,4334.0,12244.9
2771.0,12498.96,8167.0,12445.52,23760.0,11636.79,1582.0,12367.01,75604.0,13071.78,4334.0,12069.1,7307.0,12378.35
8167.0,12685.96,23760.0,12052.61,1582.0,11863.14,75604.0,13175.55,4334.0,12835.38,7307.0,11889.33,41736.0,13006.92
23760.0,12387.96,1582.0,12107.98,75604.0,12492.54,4334.0,12634.87,7307.0,12213.5,41736.0,12096.0,824.0,12894.48
1582.0,12285.7,75604.0,12720.32,4334.0,11987.07,7307.0,12109.82,41736.0,12491.64,824.0,12036.44,754.0,12148.98
75604.0,12857.9,4334.0,12423.78,7307.0,11445.73,41736.0,12688.01,824.0,12904.85,754.0,11550.27,9510.0,11976.32
4334.0,12686.44,7307.0,11831.96,41736.0,12365.31,824.0,12647.3,754.0,12388.24,9510.0,12251.01,3692.0,12856.96
7307.0,12044.98,41736.0,12595.64,824.0,11882.75,754.0,12330.9,9510.0,12711.89,3692.0,11753.34,1777.0,12277.92
41736.0,12741.67,824.0,12372.75,754.0,11700.74,9510.0,12840.65,3692.0,12322.02,1777.0,11767.31,475.0,12679.61
824.0,12598.85,754.0,11948.34,9510.0,12406.54,3692.0,12266.79,1777.0,12384.82,475.0,12192.32,7732.0,12538.72
754.0,12179.77,9510.0,12752.92,3692.0,11495.43,1777.0,12348.73,475.0,12861.64,7732.0,11589.14,3159.0,11924.75
9510.0,13000.29,3692.0,12136.42,1777.0,11697.3,475.0,12992.89,7732.0,12509.64,3159.0,11567.76,6503.0,12468.29
3692.0,12406.35,1777.0,11965.57,475.0,12217.01,7732.0,12467.23,3159.0,12168.19,6503.0,11437.25,4421.0,12237.41
5486.0,12333.05,4058.0,11993.34,1690.0,11781.41,54987.0,12503.93,7433.0,12092.05,5542.0,10938.21,659.0,11960.66
4058.0,12053.24,1690.0,12351.85,54987.0,11568.38,7433.0,12171.33,5542.0,11704.25,659.0,10828.26,36033.0,11788.12
1690.0,12352.13,54987.0,12270.34,7433.0,11402.92,5542.0,12080.15,659.0,11851.4,36033.0,10797.8,855.0,11653.9
54987.0,12258.32,7433.0,12062.68,5542.0,11292.85,659.0,12193.36,36033.0,11940.64,855.0,10602.9,4635.0,11580.39
7433.0,12133.62,5542.0,12076.2,659.0,11721.31,36033.0,11983.1,855.0,11862.44,4635.0,11338.99,4925.0,12061.56
5542.0,12106.01,659.0,12381.43,36033.0,11387.02,855.0,12158.56,4635.0,12489.39,4925.0,11178.49,12632.0,11907.25
659.0,12465.73,36033.0,12068.36,855.0,11569.09,4635.0,12710.53,4925.0,12208.31,12632.0,11276.32,7581.0,12440.94
36033.0,12262.42,855.0,12076.34,4635.0,12006.64,4925.0,12303.13,12632.0,12099.2,7581.0,11360.3,649.0,12205.88
855.0,12113.55,4635.0,12470.96,4925.0,11699.19,12632.0,12081.63,7581.0,12172.62,649.0,11529.61,1268.0,11997.49
4635.0,12568.8,4925.0,12336.32,12632.0,11443.24,7581.0,12458.24,649.0,12619.31,1268.0,11280.33,3773.0,11940.73
4925.0,12491.52,12632.0,11961.29,7581.0,11739.45,649.0,12742.91,1268.0,12173.01,3773.0,11154.18,5053.0,12300.95
12632.0,12115.83,7581.0,12227.75,649.0,11891.02,1268.0,12191.2,3773.0,11859.31,5053.0,11155.63,6533.0,12007.02
7581.0,12246.56,649.0,12475.41,1268.0,11450.17,3773.0,12075.4,5053.0,12043.46,6533.0,11085.36,3348.0,11722.42
649.0,12505.03,1268.0,12102.05,3773.0,11394.24,5053.0,12355.54,6533.0,12223.24,3348.0,10958.19,4508.0,11789.62
1268.0,12264.17,3773.0,12070.46,5053.0,11568.65,6533.0,12394.42,3348.0,12038.89,4508.0,10860.42,1721.0,11919.25
3773.0,12136.1,5053.0,12219.94,6533.0,11552.55,3348.0,12210.26,4508.0,11810.89,1721.0,10825.28,24380.0,11818.57
5053.0,12242.91,6533.0,12250.82,3348.0,11439.19,4508.0,12109.33,1721.0,11895.1,24380.0,10794.55,2140.0,11666.42
6533.0,12244.7,3348.0,12132.36,4508.0,11344.12,1721.0,12197.95,24380.0,11954.77,2140.0,10684.67,2261.0,11632.94
3348.0,12196.8,4508.0,12120.35,1721.0,11440.25,24380.0,12205.5,2140.0,11890.05,2261.0,10728.48,46170.0,11751.08
4508.0,12129.86,1721.0,12158.22,24380.0,11426.86,2140.0,12169.61,2261.0,11851.9,46170.0,10698.42,9818.0,11733.13
1721.0,12163.24,24380.0,12170.26,2140.0,11412.99,2261.0,12149.02,46170.0,11842.64,9818.0,10723.97,4445.0,11730.68
24380.0,12178.36,2140.0,12151.96,2261.0,11388.22,46170.0,12157.68,9818.0,11897.14,4445.0,10688.97,3834.0,11683.88
2140.0,12153.27,2261.0,12118.46,46170.0,11521.88,9818.0,12106.7,4445.0,11880.04,3834.0,10950.11,4280.0,11848.78
2261.0,12144.89,46170.0,12241.46,9818.0,11393.46,4445.0,12179.67,3834.0,12120.55,4280.0,10854.21,7647.0,11772.87
46170.0,12275.75,9818.0,12112.39,4445.0,11460.11,3834.0,12390.45,4280.0,11958.54,7647.0,10862.49,32789.0,11972.91
9818.0,12143.48,4445.0,12066.28,3834.0,11898.36,4280.0,12021.59,7647.0,11901.85,32789.0,11447.38,3019.0,12154.58
4445.0,12089.48,3834.0,12488.19,4280.0,11398.0,7647.0,12137.23,32789.0,12481.98,3019.0,11248.59,1625.0,11877.24
3834.0,12583.64,4280.0,12084.32,7647.0,11547.69,32789.0,12726.04,3019.0,12306.7,1625.0,11294.59,14036.0,12370.27
4280.0,12286.52,7647.0,12023.98,32789.0,12016.76,3019.0,12375.3,1625.0,12108.36,14036.0,11341.05,925.0,12231.82
7647.0,12101.93,32789.0,12513.26,3019.0,11549.73,1625.0,12177.8,14036.0,12109.76,925.0,11133.21,8987.0,11800.26
32789.0,12582.83,3019.0,12226.22,1625.0,11491.59,14036.0,12378.9,925.0,12206.53,8987.0,11093.97,5434.0,11858.41
3019.0,12293.52,1625.0,12000.1,14036.0,11766.9,925.0,12293.53,8987.0,12087.73,5434.0,11226.46,56971.0,12052.57
1625.0,12096.31,14036.0,12378.78,925.0,11506.56,8987.0,12236.25,5434.0,12150.21,56971.0,11055.89,9154.0,11918.48
14036.0,12444.25,925.0,12174.8,8987.0,11535.34,5434.0,12433.58,56971.0,12016.31,9154.0,11072.57,7986.0,12091.2
925.0,12257.26,8987.0,12069.95,5434.0,11748.64,56971.0,12172.67,9154.0,12013.57,7986.0,11154.96,3321.0,11940.07
8987.0,12173.48,5434.0,12410.8,56971.0,11390.4,9154.0,12193.1,7986.0,12199.04,3321.0,10964.91,48137.0,11709.48
5434.0,12479.08,56971.0,12099.43,9154.0,11510.36,7986.0,12439.84,3321.0,12090.12,48137.0,11004.41,9773.0,11961.36
56971.0,12194.76,9154.0,12091.44,7986.0,11666.49,3321.0,12263.71,48137.0,11990.89,9773.0,10918.5,4186.0,11880.69
9154.0,12071.34,7986.0,12253.48,3321.0,11760.79,48137.0,11992.79,9773.0,11880.4,4186.0,11493.1,5837.0,12133.99
7986.0,12294.26,3321.0,12391.22,48137.0,11443.27,9773.0,12208.98,4186.0,12576.6,5837.0,11360.49,8405.0,12001.67
3321.0,12502.37,48137.0,12025.67,9773.0,11632.46,4186.0,12755.82,5837.0,12314.77,8405.0,11389.66,3454.0,12492.43
48137.0,12278.96,9773.0,12137.62,4186.0,12057.43,5837.0,12329.39,8405.0,12171.93,3454.0,11516.36,3444.0,12286.23
9773.0,12188.52,4186.0,12471.64,5837.0,11822.36,8405.0,12101.83,3454.0,12278.14,3444.0,11808.04,73105.0,12162.32
4186.0,12583.38,5837.0,12366.47,8405.0,11543.9,3454.0,12498.84,3444.0,12816.82,73105.0,11576.41,802.0,12115.45
5837.0,12581.32,8405.0,12013.33,3454.0,11828.86,3444.0,12892.25,73105.0,12378.51,802.0,11441.24,8580.0,12542.62
8405.0,12225.3,3454.0,12211.26,3444.0,12079.76,73105.0,12323.25,802.0,11992.43,8580.0,11457.76,4062.0,12248.13
3454.0,12292.3,3444.0,12559.68,73105.0,11553.34,802.0,12133.45,8580.0,12189.68,4062.0,11271.35,8705.0,11786.35
3444.0,12631.15,73105.0,12154.12,802.0,11413.68,8580.0,12465.06,4062.0,12322.17,8705.0,11035.45,1096.0,11803.16
73105.0,12350.0,802.0,12033.37,8580.0,11660.55,4062.0,12442.82,8705.0,12052.44,1096.0,10918.66,61863.0,11935.35
802.0,12041.22,8580.0,12181.73,4062.0,11981.82,8705.0,11929.8,1096.0,11799.96,61863.0,11693.28,71773.0,12257.75
8580.0,12221.75,4062.0,12581.57,8705.0,11327.14,1096.0,12159.74,61863.0,12706.44,71773.0,11342.1,5559.0,11908.04
4062.0,12686.28,8705.0,11932.31,1096.0,11619.89,61863.0,12919.11,71773.0,12301.13,5559.0,11442.08,3965.0,12632.57
8705.0,12246.94,1096.0,12074.08,61863.0,12221.81,71773.0,12264.94,5559.0,12186.35,3965.0,11601.43,2594.0,12305.94
1096.0,12152.72,61863.0,12668.01,71773.0,11488.54,5559.0,12218.7,3965.0,12326.74,2594.0,11326.36,8251.0,11821.69
61863.0,12794.44,71773.0,12151.55,5559.0,11540.59,3965.0,12597.86,2594.0,12413.59,8251.0,11192.36,6800.0,11966.58
71773.0,12255.47,5559.0,11925.13,3965.0,12112.11,2594.0,12290.25,8251.0,12046.86,6800.0,11654.31,9973.0,12380.21
5559.0,11944.59,3965.0,12527.71,2594.0,11926.97,8251.0,11915.26,6800.0,12398.31,9973.0,12152.04,55084.0,12436.91
3965.0,12633.01,2594.0,12460.37,8251.0,11515.4,6800.0,12733.45,9973.0,13011.48,55084.0,11965.18,8452.0,12695.92
2594.0,12758.69,8251.0,11837.78,6800.0,12227.53,9973.0,13022.27,55084.0,12570.72,8452.0,12094.68,2838.0,13068.49
8251.0,12244.15,6800.0,12487.29,9973.0,12272.17,55084.0,12326.74,8452.0,12507.06,2838.0,12022.86,9730.0,12365.84
6800.0,12638.98,9973.0,12647.89,55084.0,11599.76,8452.0,12522.33,2838.0,12687.04,9730.0,11661.13,8727.0,11963.23
9973.0,12878.52,55084.0,12049.77,8452.0,11803.79,2838.0,12796.02,9730.0,12545.01,8727.0,11373.79,9742.0,12129.34
55084.0,12232.06,8452.0,12144.27,2838.0,11875.41,9730.0,12478.69,8727.0,11965.66,9742.0,11091.52,6357.0,12060.81
8452.0,12172.73,2838.0,12375.07,9730.0,11883.31,8727.0,11936.0,9742.0,11785.51,6357.0,11614.77,5009.0,12148.38
2838.0,12385.84,9730.0,12414.0,8727.0,11346.18,9742.0,12167.93,6357.0,12575.6,5009.0,11322.52,5565.0,11874.39
1350.0,12312.48,4185.0,12013.19,2171.0,11732.97,21664.0,12496.5,2864.0,12110.16,1227.0,10972.48,5811.0,12008.23
4185.0,12096.5,2171.0,12322.5,21664.0,11585.36,2864.0,12212.19,1227.0,11761.0,5811.0,10875.52,9156.0,11849.58
2171.0,12343.18,21664.0,12265.53,2864.0,11450.34,1227.0,12097.72,5811.0,11881.75,9156.0,10856.74,8517.0,11686.32
21664.0,12268.96,2864.0,12105.82,1227.0,11312.9,5811.0,12196.3,9156.0,11996.06,8517.0,10657.68,65084.0,11576.58
2864.0,12202.5,1227.0,12114.39,5811.0,11521.83,9156.0,12158.38,8517.0,11900.2,65084.0,10930.74,3438.0,11847.16
1227.0,12140.57,5811.0,12217.69,9156.0,11422.92,8517.0,12184.19,65084.0,12060.87,3438.0,10830.67,8046.0,11775.51
5811.0,12247.63,9156.0,12143.0,8517.0,11439.2,65084.0,12337.58,3438.0,11920.24,8046.0,10819.81,1070.0,11913.34
9156.0,12196.97,8517.0,12112.8,65084.0,11601.57,3438.0,12157.46,8046.0,11885.65,1070.0,10894.26,45096.0,11833.04
8517.0,12128.17,65084.0,12275.86,3438.0,11417.83,8046.0,12116.16,1070.0,11990.14,45096.0,10859.72,9614.0,11701.35
65084.0,12305.2,3438.0,12160.8,8046.0,11423.62,1070.0,12267.9,45096.0,12047.48,9614.0,10885.01,2955.0,11819.17
3438.0,12161.07,8046.0,12024.35,1070.0,11896.34,45096.0,12071.1,9614.0,11982.14,2955.0,11604.23,9882.0,12298.98
8046.0,12079.24,1070.0,12470.94,45096.0,11457.12,9614.0,12226.0,2955.0,12594.59,9882.0,11349.78,3784.0,12052.28
1070.0,12587.36,45096.0,12090.03,9614.0,11683.44,2955.0,12786.06,9882.0,12272.36,3784.0,11520.26,5296.0,12619.28
45096.0,12317.39,9614.0,12090.76,2955.0,12096.45,9882.0,12322.36,3784.0,12253.64,5296.0,11534.01,24140.0,12240.54
9614.0,12169.38,2955.0,12523.52,9882.0,11764.88,3784.0,12141.02,5296.0,12297.02,24140.0,11754.72,8666.0,12112.43
2955.0,12649.76,9882.0,12335.55,3784.0,11577.76,5296.0,12524.47,24140.0,12781.56,8666.0,11562.4,903.0,12122.15
9882.0,12528.51,3784.0,12006.21,5296.0,11814.42,24140.0,12861.64,8666.0,12327.31,903.0,11347.44,3697.0,12471.63
3784.0,12201.63,5296.0,12229.26,24140.0,12051.85,8666.0,12269.3,903.0,11915.55,3697.0,11436.26,854.0,12222.68
5296.0,12301.69,24140.0,12555.1,8666.0,11491.79,903.0,12116.6,3697.0,12209.7,854.0,11191.87,7864.0,11725.1
24140.0,12618.75,8666.0,12108.14,903.0,11402.35,3697.0,12478.02,854.0,12266.07,7864.0,11002.4,35598.0,11818.68
8666.0,12297.58,903.0,12021.61,3697.0,11804.05,854.0,12309.66,7864.0,12048.57,35598.0,11183.83,7171.0,12055.37
903.0,12074.39,3697.0,12370.55,854.0,11526.51,7864.0,12182.54,35598.0,12068.26,7171.0,11048.74,45903.0,11875.49
3697.0,12431.38,854.0,12220.31,7864.0,11472.59,35598.0,12373.79,7171.0,12060.26,45903.0,11021.44,6030.0,11983.17
854.0,12297.45,7864.0,12043.82,35598.0,11629.33,7171.0,12278.59,45903.0,12000.91,6030.0,10959.48,2837.0,11885.31
7864.0,12151.34,35598.0,12311.31,7171.0,11458.88,45903.0,12169.27,6030.0,12002.04,2837.0,10857.94,3769.0,11699.72
35598.0,12348.68,7171.0,12179.51,45903.0,11438.55,6030.0,12264.84,2837.0,11994.92,3769.0,10859.25,9267.0,11765.04
7171.0,12196.32,45903.0,12062.73,6030.0,11680.84,2837.0,12134.14,3769.0,11963.3,9267.0,11150.59,7085.0,11971.16
45903.0,12099.98,6030.0,12331.6,2837.0,11434.14,3769.0,12196.25,9267.0,12198.79,7085.0,11035.92,3248.0,11898.21
6030.0,12355.27,2837.0,12075.65,3769.0,11792.58,9267.0,12313.69,7085.0,12062.0,3248.0,11628.8,1567.0,12459.15
2837.0,12200.36,3769.0,12287.01,9267.0,11731.97,7085.0,12244.96,3248.0,12544.14,1567.0,11517.97,9691.0,12164.34
3769.0,12433.67,9267.0,12304.07,7085.0,11597.27,3248.0,12651.72,1567.0,12385.62,9691.0,11454.22,3593.0,12346.37
9267.0,12524.11,7085.0,12100.04,3248.0,11980.24,1567.0,12468.48,9691.0,12294.89,3593.0,11496.36,20778.0,12232.3
7085.0,12219.42,3248.0,12387.55,1567.0,11674.77,9691.0,12318.95,3593.0,12240.04,20778.0,11231.36,941.0,11897.44
3248.0,12482.5,1567.0,12282.2,9691.0,11554.9,3593.0,12406.44,20778.0,12164.66,941.0,11117.6,2816.0,11907.57
1567.0,12379.17,9691.0,12102.18,3593.0,11614.95,20778.0,12382.58,941.0,12034.18,2816.0,10923.52,5608.0,11895.06
9691.0,12159.12,3593.0,12208.94,20778.0,11505.44,941.0,12208.34,2816.0,11819.5,5608.0,10778.28,171.0,11748.66
3593.0,12265.36,20778.0,12240.33,941.0,11460.13,2816.0,12086.27,5608.0,11867.64,171.0,10861.82,5451.0,11709.18
20778.0,12243.98,941.0,12144.0,2816.0,11331.46,5608.0,12184.67,171.0,12020.44,5451.0,10716.96,9778.0,11634.02
941.0,12213.6,2816.0,12098.52,5608.0,11528.46,171.0,12203.7,5451.0,11923.22,9778.0,10962.7,6150.0,11911.73
2816.0,12143.15,5608.0,12214.83,171.0,11465.41,5451.0,12194.72,9778.0,12065.69,6150.0,10870.84,8786.0,11813.95
5608.0,12248.14,171.0,12168.08,5451.0,11458.34,9778.0,12323.3,6150.0,11940.29,8786.0,10871.25,7330.0,11915.48
171.0,12226.73,5451.0,12126.93,9778.0,11592.26,6150.0,12176.04,8786.0,11943.3,7330.0,10917.74,7464.0,11824.86
5451.0,12159.83,9778.0,12268.18,6150.0,11379.88,8786.0,12195.65,7330.0,12003.51,7464.0,10756.49,8180.0,11671.81
9778.0,12301.18,6150.0,12122.87,8786.0,11445.13,7330.0,12273.13,7464.0,11912.9,8180.0,10776.06,7182.0,11779.55
6150.0,12151.94,8786.0,12120.05,7330.0,11525.08,7464.0,12153.6,8180.0,11880.94,7182.0,10789.79,3869.0,11762.11
8786.0,12115.88,7330.0,12234.67,7464.0,11384.0,8180.0,12145.4,7182.0,11892.49,3869.0,10754.98,66289.0,11723.43
7330.0,12253.45,7464.0,12134.89,8180.0,11453.19,7182.0,12195.9,3869.0,11922.86,66289.0,10849.6,12302.0,11829.41
7464.0,12156.78,8180.0,12131.25,7182.0,11478.36,3869.0,12181.04,66289.0,11970.06,12302.0,10848.02,3216.0,11804.46
8180.0,12179.7,7182.0,12209.53,3869.0,11465.5,66289.0,12203.38,12302.0,11981.32,3216.0,10903.62,463.0,11840.99
7182.0,12243.32,3869.0,12155.59,66289.0,11511.3,12302.0,12236.45,3216.0,12018.77,463.0,10939.3,1716.0,11869.47
3869.0,12197.8,66289.0,12173.26,12302.0,11514.35,3216.0,12243.14,463.0,12015.44,1716.0,10923.11,1316.0,11861.77
66289.0,12222.92,12302.0,12197.57,3216.0,11497.36,463.0,12252.66,1716.0,11990.95,1316.0,10894.86,143.0,11847.85
12302.0,12180.66,3216.0,12093.43,463.0,11876.84,1716.0,12014.61,1316.0,11957.82,143.0,11637.19,2820.0,12247.66
3216.0,12142.12,463.0,12445.55,1716.0,11471.18,1316.0,12201.4,143.0,12679.5,2820.0,11446.48,2443.0,12050.44
463.0,12581.09,1716.0,12096.07,1316.0,11637.02,143.0,12867.96,2820.0,12381.38,2443.0,11493.71,7760.0,12630.94
1716.0,12351.18,1316.0,12054.92,143.0,12172.14,2820.0,12403.53,2443.0,12184.48,7760.0,11578.06,2821.0,12371.51
1316.0,12169.47,143.0,12595.26,2820.0,11573.57,2443.0,12218.94,7760.0,12269.42,2821.0,11257.69,9238.0,11789.35
143.0,12704.0,2820.0,12225.83,2443.0,11479.82,7760.0,12512.82,2821.0,12309.77,9238.0,11079.49,9270.0,11828.91
2820.0,12361.37,2443.0,12000.12,7760.0,11650.7,2821.0,12468.38,9238.0,12019.01,9270.0,10775.8,5749.0,11831.36
2443.0,12053.2,7760.0,12270.09,2821.0,11514.03,9238.0,12146.14,9270.0,11638.72,5749.0,10657.24,5000.0,11680.48
7760.0,12256.47,2821.0,12264.88,9238.0,11333.68,9270.0,12021.58,5749.0,11744.38,5000.0,10622.92,1593.0,11541.53
2821.0,12216.97,9238.0,12054.02,9270.0,11264.77,5749.0,12109.7,5000.0,11843.3,1593.0,10553.71,8913.0,11543.85
9238.0,12131.79,9270.0,12127.27,5749.0,11340.6,5000.0,12129.38,1593.0,11868.61,8913.0,10614.17,4069.0,11654.14
9270.0,12129.33,5749.0,12121.41,5000.0,11412.7,1593.0,12152.26,8913.0,11837.04,4069.0,10727.55,2788.0,11767.18
5749.0,12124.44,5000.0,12158.06,1593.0,11454.6,8913.0,12119.91,4069.0,11918.82,2788.0,10816.45,5687.0,11778.33
5000.0,12162.63,1593.0,12183.18,8913.0,11411.58,4069.0,12206.09,2788.0,11980.45,5687.0,10822.27,3520.0,11808.46
1593.0,12215.14,8913.0,12130.75,4069.0,11492.77,2788.0,12246.92,5687.0,11960.47,3520.0,10861.37,21409.0,11863.54
8913.0,12169.3,4069.0,12178.4,2788.0,11485.99,5687.0,12214.56,3520.0,11950.56,21409.0,10812.69,4592.0,11791.92
4069.0,12196.4,2788.0,12182.98,5687.0,11480.85,3520.0,12189.29,21409.0,11914.6,4592.0,10853.35,67602.0,11790.81
2788.0,12209.56,5687.0,12182.56,3520.0,11442.85,21409.0,12194.48,4592.0,11982.68,67602.0,10799.02,2182.0,11742.06
5687.0,12204.76,3520.0,12149.1,21409.0,11423.58,4592.0,12252.9,67602.0,11913.28,2182.0,10741.54,17765.0,11774.06
3520.0,12182.76,21409.0,12140.87,4592.0,11494.02,67602.0,12171.51,2182.0,11855.78,17765.0,10779.67,3651.0,11772.15
19104.0,12097.85,7397.0,12264.28,5032.0,11514.69,1633.0,12132.4,19022.0,11795.57,936.0,10819.42,31633.0,11755.81
7397.0,12257.37,5032.0,12217.91,1633.0,11475.49,19022.0,12087.85,936.0,11913.92,31633.0,10970.29,5389.0,11814.76
5032.0,12221.51,1633.0,12132.79,19022.0,11397.1,936.0,12213.12,31633.0,12097.35,5389.0,10887.37,1664.0,11802.72
1633.0,12245.55,19022.0,12151.52,936.0,11512.5,31633.0,12311.44,5389.0,12026.97,1664.0,10975.15,7070.0,11975.82
19022.0,12220.59,936.0,12163.94,31633.0,11572.35,5389.0,12249.42,1664.0,12014.1,7070.0,10953.98,2449.0,11882.79
936.0,12206.73,31633.0,12219.08,5389.0,11582.97,1664.0,12175.35,7070.0,12009.42,2449.0,11088.4,2566.0,11893.46
31633.0,12267.17,5389.0,12243.48,1664.0,11439.24,7070.0,12276.54,2449.0,12177.3,2566.0,10922.53,279.0,11797.43
5389.0,12282.68,1664.0,12074.1,7070.0,11695.25,2449.0,12299.78,2566.0,11966.14,279.0,11238.08,33185.0,12149.32
1664.0,12146.39,7070.0,12280.25,2449.0,11599.4,2566.0,12174.8,279.0,12209.92,33185.0,11139.58,3427.0,11931.17
7070.0,12341.88,2449.0,12245.38,2566.0,11462.52,279.0,12442.84,33185.0,12114.8,3427.0,11063.87,32436.0,12046.01
2449.0,12363.72,2566.0,12068.67,279.0,11747.32,33185.0,12293.31,3427.0,12052.0,32436.0,11145.79,6137.0,12002.27
2566.0,12154.61,279.0,12330.07,33185.0,11493.76,3427.0,12211.34,32436.0,12108.58,6137.0,10942.76,8007.0,11743.0
279.0,12386.68,33185.0,12198.52,3427.0,11441.22,32436.0,12352.44,6137.0,12023.31,8007.0,10871.75,2366.0,11809.66
33185.0,12270.91,3427.0,12084.71,32436.0,11545.82,6137.0,12277.72,8007.0,11918.99,2366.0,10743.38,3444.0,11767.27
3427.0,12069.83,32436.0,12176.8,6137.0,11601.78,8007.0,12030.98,2366.0,11765.84,3444.0,11027.45,3464.0,11857.85
32436.0,12203.45,6137.0,12337.45,8007.0,11340.21,2366.0,12111.04,3444.0,12188.4,3464.0,10925.84,1414.0,11734.99
6137.0,12340.22,8007.0,11998.95,2366.0,11604.7,3444.0,12375.75,3464.0,12038.79,1414.0,11269.36,6031.0,12238.81
8007.0,12148.17,2366.0,12219.29,3444.0,11732.29,3464.0,12197.21,1414.0,12281.84,6031.0,11305.1,895.0,12081.2
2366.0,12290.16,3444.0,12324.7,3464.0,11538.18,1414.0,12435.1,6031.0,12225.63,895.0,11279.49,3329.0,12145.82
3444.0,12467.3,3464.0,12125.13,1414.0,11759.33,6031.0,12407.6,895.0,12246.01,3329.0,11277.3,3459.0,12080.64
3464.0,12237.95,1414.0,12266.84,6031.0,11615.04,895.0,12354.31,3329.0,12149.2,3459.0,11056.3,61181.0,11893.29
1414.0,12347.6,6031.0,12244.93,895.0,11549.51,3329.0,12322.68,3459.0,12012.81,61181.0,10962.41,4602.0,11834.58
6031.0,12308.69,895.0,12168.17,3329.0,11513.31,3459.0,12269.65,61181.0,11956.17,4602.0,10794.86,8541.0,11747.96
895.0,12181.88,3329.0,12158.82,3459.0,11439.96,61181.0,12182.48,4602.0,11812.73,8541.0,10708.12,7471.0,11687.7
3329.0,12210.52,3459.0,12208.05,61181.0,11382.24,4602.0,12121.2,8541.0,11859.06,7471.0,10671.32,1315.0,11637.25
3459.0,12196.0,61181.0,12109.7,4602.0,11338.5,8541.0,12177.25,7471.0,11838.38,1315.0,10610.51,395.0,11644.66
61181.0,12154.63,4602.0,12133.26,8541.0,11403.92,7471.0,12126.83,1315.0,11834.88,395.0,10652.06,6811.0,11668.06
4602.0,12076.78,8541.0,12093.56,7471.0,11705.31,1315.0,11930.46,395.0,11850.06,6811.0,11358.08,7204.0,12057.71
8541.0,12116.99,7471.0,12390.14,1315.0,11346.37,395.0,12181.45,6811.0,12539.87,7204.0,11173.68,3503.0,11924.74
7471.0,12478.26,1315.0,12019.74,395.0,11626.44,6811.0,12746.7,7204.0,12193.6,3503.0,11344.9,45803.0,12542.09
1315.0,12217.1,395.0,12100.75,6811.0,12089.56,7204.0,12240.75,3503.0,12136.31,45803.0,11515.24,63548.0,12266.7
395.0,12175.27,6811.0,12583.76,7204.0,11463.66,3503.0,12247.33,45803.0,12321.29,63548.0,11212.97,25762.0,11810.48
6811.0,12696.19,7204.0,12128.05,3503.0,11540.71,45803.0,12572.67,63548.0,12289.22,25762.0,11100.67,55022.0,11952.61
7204.0,12265.29,3503.0,12035.1,45803.0,11752.72,63548.0,12387.43,25762.0,11998.23,55022.0,10922.57,8122.0,11910.04
3503.0,12071.03,45803.0,12358.14,63548.0,11502.15,25762.0,12125.59,55022.0,11787.77,8122.0,10826.12,2785.0,11721.78
45803.0,12363.67,63548.0,12226.84,25762.0,11374.46,55022.0,12162.86,8122.0,11912.79,2785.0,10778.01,4741.0,11693.05
63548.0,12194.28,25762.0,11984.49,55022.0,11641.95,8122.0,12062.19,2785.0,11903.02,4741.0,11192.23,7453.0,11973.79
25762.0,12037.69,55022.0,12305.91,8122.0,11755.69,2785.0,11928.94,4741.0,12352.5,7453.0,11831.6,8735.0,12282.39
55022.0,12370.48,8122.0,12329.66,2785.0,11602.28,4741.0,12552.88,7453.0,12848.88,8735.0,11930.61,1267.0,12651.1
8122.0,12545.3,2785.0,11988.37,4741.0,12388.65,7453.0,12718.36,8735.0,12653.8,1267.0,12668.08,228.0,13346.41
2785.0,12290.58,4741.0,12554.03,7453.0,12215.03,8735.0,12530.26,1267.0,13076.41,228.0,12474.06,357.0,12791.63
4741.0,12827.97,7453.0,12495.36,8735.0,11945.92,1267.0,13015.92,228.0,12941.72,357.0,12256.34,20394.0,12785.36
7453.0,12872.1,8735.0,12135.46,1267.0,12336.65,228.0,12833.47,357.0,12736.37,20394.0,12064.94,2839.0,12551.81
8735.0,12389.36,1267.0,12497.0,228.0,11922.13,357.0,12550.55,20394.0,12422.49,2839.0,11553.01,5676.0,12069.81
1267.0,12662.99,228.0,12374.06,357.0,11708.54,20394.0,12493.32,2839.0,12194.04,5676.0,11326.74,323.0,11983.83
228.0,12496.46,357.0,12132.56,20394.0,11624.97,2839.0,12396.85,5676.0,12065.55,323.0,10950.91,1163.0,11820.97
357.0,12242.37,20394.0,12215.96,2839.0,11465.26,5676.0,12219.83,323.0,11808.0,1163.0,10748.66,2474.0,11682.51
20394.0,12317.61,2839.0,12226.04,5676.0,11390.54,323.0,12100.33,1163.0,11849.65,2474.0,10712.4,4107.0,11586.66
2839.0,12228.02,5676.0,12087.56,323.0,11402.48,1163.0,12095.82,2474.0,11901.38,4107.0,10802.02,14941.0,11658.41
5676.0,12169.64,323.0,12203.78,1163.0,11349.3,2474.0,12176.63,4107.0,12058.91,14941.0,10755.16,26077.0,11704.21
323.0,12233.12,1163.0,12090.22,2474.0,11455.35,4107.0,12326.88,14941.0,11895.46,26077.0,10810.44,9039.0,11926.15
1163.0,12141.51,2474.0,12142.14,4107.0,11556.24,14941.0,12152.1,26077.0,11879.41,9039.0,10814.53,1248.0,11798.8
2474.0,12151.13,4107.0,12261.89,14941.0,11366.32,26077.0,12155.56,9039.0,11915.08,1248.0,10731.58,6474.0,11666.99
4107.0,12286.58,14941.0,12123.69,26077.0,11401.84,9039.0,12222.66,1248.0,11935.9,6474.0,10712.1,63400.0,11689.49
14941.0,12152.18,26077.0,12116.54,9039.0,11436.09,1248.0,12198.65,6474.0,11871.02,63400.0,10654.83,3038.0,11693.99
26077.0,12106.63,9039.0,12168.02,1248.0,11465.61,6474.0,12105.21,63400.0,11793.7,3038.0,10785.41,4541.0,11761.92
9039.0,12142.6,1248.0,12179.15,6474.0,11512.13,63400.0,12051.0,3038.0,11953.63,4541.0,11033.43,7537.0,11877.32
1248.0,12184.8,6474.0,12198.08,63400.0,11416.56,3038.0,12244.59,4541.0,12174.31,7537.0,11016.56,366.0,11940.43
6474.0,12297.36,63400.0,12121.23,3038.0,11570.68,4541.0,12407.99,7537.0,12095.16,366.0,11070.94,7390.0,12107.06
63400.0,12214.7,3038.0,12167.38,4541.0,11701.0,7537.0,12250.65,366.0,12035.3,7390.0,11125.21,4585.0,11990.91
3038.0,12175.67,4541.0,12251.24,7537.0,11857.98,366.0,12010.35,7390.0,12128.47,4585.0,11747.93,7009.0,12198.84
4541.0,12328.2,7537.0,12428.74,366.0,11429.94,7390.0,12402.1,4585.0,12797.19,7009.0,11407.89,6955.0,12061.28
7537.0,12592.2,366.0,11988.13,7390.0,11781.99,4585.0,12918.94,7009.0,12256.44,6955.0,11453.6,46790.0,12662.93
366.0,12215.62,7390.0,12163.2,4585.0,12183.84,7009.0,12228.18,6955.0,12060.23,46790.0,11564.02,4603.0,12264.85
7390.0,12228.9,4585.0,12650.2,7009.0,11410.54,6955.0,12193.4,46790.0,12309.57,4603.0,11183.76,6653.0,11696.83
4585.0,12761.44,7009.0,12079.16,6955.0,11518.31,46790.0,12562.71,4603.0,12295.9,6653.0,11120.07,4276.0,11933.32
7009.0,12246.66,6955.0,12029.08,46790.0,11730.35,4603.0,12390.46,6653.0,12045.13,4276.0,10901.57,5501.0,11897.71
6955.0,12077.08,46790.0,12353.95,4603.0,11507.25,6653.0,12161.96,4276.0,11758.14,5501.0,10845.06,499.0,11784.77
46790.0,12362.5,4603.0,12214.35,6653.0,11441.5,4276.0,12119.26,5501.0,11915.89,499.0,10864.73,70327.0,11725.5
4603.0,12181.37,6653.0,12036.39,4276.0,11614.52,5501.0,12056.17,499.0,11986.78,70327.0,11245.09,6845.0,11968.66
6653.0,12161.72,4276.0,12356.91,5501.0,11419.72,499.0,12221.15,70327.0,12424.22,6845.0,11175.43,1410.0,11954.05
4276.0,12447.42,5501.0,12071.71,499.0,11618.03,70327.0,12632.82,6845.0,12180.57,1410.0,11272.29,3586.0,12370.51
5501.0,12239.74,499.0,12127.5,70327.0,11927.86,6845.0,12269.75,1410.0,12115.37,3586.0,11331.44,78359.0,12130.16
499.0,12201.46,70327.0,12468.1,6845.0,11502.24,1410.0,12236.99,3586.0,12200.6,78359.0,11143.23,1829.0,11817.51
2496.0,12243.21,9557.0,12090.52,5331.0,11473.9,1752.0,12231.87,3353.0,11880.46,7619.0,10783.25,5459.0,11807.7
9557.0,12120.42,5331.0,12174.38,1752.0,11452.47,3353.0,12143.63,7619.0,11904.53,5459.0,10728.99,4396.0,11702.61
5331.0,12175.75,1752.0,12192.13,3353.0,11410.76,7619.0,12168.14,5459.0,11880.13,4396.0,10787.14,39974.0,11754.68
1752.0,12209.86,3353.0,12137.47,7619.0,11444.69,5459.0,12182.09,4396.0,11957.23,39974.0,10786.3,3884.0,11758.78
3353.0,12157.87,7619.0,12156.64,5459.0,11411.1,4396.0,12230.89,39974.0,11911.45,3884.0,10725.16,1859.0,11767.26
7619.0,12189.78,5459.0,12151.03,4396.0,11469.98,39974.0,12182.56,3884.0,11858.64,1859.0,10763.64,228.0,11768.43
5459.0,12156.21,4396.0,12173.99,39974.0,11441.62,3884.0,12131.97,1859.0,11899.12,228.0,10771.28,32753.0,11712.67
4396.0,12184.14,39974.0,12178.82,3884.0,11388.36,1859.0,12183.61,228.0,11945.16,32753.0,10751.77,1481.0,11721.39
39974.0,12206.81,3884.0,12126.91,1859.0,11442.79,228.0,12229.56,32753.0,11914.66,1481.0,10758.93,48793.0,11791.61
3884.0,12113.3,1859.0,12105.53,228.0,11683.1,32753.0,12047.92,1481.0,11872.37,48793.0,11205.79,28183.0,12014.92
1859.0,12133.74,228.0,12356.26,32753.0,11392.16,1481.0,12168.56,48793.0,12320.78,28183.0,11065.67,6097.0,11860.97
228.0,12424.5,32753.0,12081.75,1481.0,11515.38,48793.0,12577.15,28183.0,12125.41,6097.0,11089.33,1300.0,12206.16
32753.0,12233.48,1481.0,12088.68,48793.0,11829.14,28183.0,12265.08,6097.0,12012.96,1300.0,11118.2,9179.0,12016.13
1481.0,12110.91,48793.0,12381.56,28183.0,11631.51,6097.0,12061.7,1300.0,12048.53,9179.0,11310.11,2160.0,11902.86
48793.0,12439.74,28183.0,12302.18,6097.0,11393.87,1300.0,12359.28,9179.0,12436.94,2160.0,11095.08,4201.0,11851.66
28183.0,12370.55,6097.0,11933.43,1300.0,11907.04,9179.0,12455.16,2160.0,12068.76,4201.0,11579.39,3363.0,12492.63
6097.0,12048.26,1300.0,12363.18,9179.0,11903.94,2160.0,12090.57,4201.0,12375.21,3363.0,11731.15,1057.0,12278.34
1300.0,12453.25,9179.0,12443.67,2160.0,11521.06,4201.0,12578.57,3363.0,12555.11,1057.0,11610.55,9753.0,12382.58
9179.0,12668.15,2160.0,11990.77,4201.0,11969.95,3363.0,12674.93,1057.0,12429.02,9753.0,11633.41,6042.0,12456.6
2160.0,12232.07,4201.0,12349.21,3363.0,11912.42,1057.0,12345.41,9753.0,12306.85,6042.0,11497.44,6061.0,12099.11
4201.0,12470.09,3363.0,12444.07,1057.0,11550.27,9753.0,12417.96,6042.0,12324.8,6061.0,11239.56,32906.0,11877.16
3363.0,12573.54,1057.0,12091.23,9753.0,11650.02,6042.0,12524.02,6061.0,12158.49,32906.0,11039.58,6515.0,11957.02
1057.0,12178.51,9753.0,12154.16,6042.0,11621.77,6061.0,12270.82,32906.0,11854.87,6515.0,10819.93,565.0,11788.96
9753.0,12218.19,6042.0,12330.24,6061.0,11412.03,32906.0,12107.62,6515.0,11803.55,565.0,10745.79,45429.0,11646.2
6042.0,12311.1,6061.0,12102.62,32906.0,11368.59,6515.0,12138.3,565.0,11879.78,45429.0,10725.36,7524.0,11638.03
6061.0,12167.81,32906.0,12130.24,6515.0,11380.66,565.0,12144.95,45429.0,11949.81,7524.0,10708.74,2358.0,11668.2
32906.0,12170.6,6515.0,12157.59,565.0,11402.02,45429.0,12209.84,7524.0,11900.16,2358.0,10759.77,6135.0,11786.96
6515.0,12161.87,565.0,12100.29,45429.0,11652.02,7524.0,12080.91,2358.0,11909.55,6135.0,11158.06,7722.0,11997.99
565.0,12120.7,45429.0,12304.99,7524.0,11424.17,2358.0,12179.87,6135.0,12260.74,7722.0,11052.43,9942.0,11875.59
45429.0,12382.47,7524.0,12130.49,2358.0,11507.39,6135.0,12512.55,7722.0,12125.53,9942.0,11064.47,7998.0,12137.89
7524.0,12215.52,2358.0,12038.48,6135.0,12039.22,7722.0,12127.97,9942.0,12010.07,7998.0,11633.7,30470.0,12307.07
2358.0,12099.36,6135.0,12556.83,7722.0,11469.32,9942.0,12176.17,7998.0,12553.89,30470.0,11355.66,794.0,11909.5
6135.0,12671.92,7722.0,12125.19,9942.0,11561.82,7998.0,12785.24,30470.0,12356.81,794.0,11336.21,497.0,12369.02
7722.0,12333.05,9942.0,11990.09,7998.0,12061.47,30470.0,12402.1,794.0,12102.2,497.0,11355.35,12814.0,12231.0
9942.0,12074.25,7998.0,12539.31,30470.0,11564.67,794.0,12141.32,497.0,12088.75,12814.0,11152.54,5506.0,11788.24
7998.0,12600.04,30470.0,12243.19,794.0,11472.61,497.0,12369.31,12814.0,12218.92,5506.0,11130.67,64657.0,11876.88
30470.0,12341.76,794.0,12005.27,497.0,11627.08,12814.0,12405.03,5506.0,12122.21,64657.0,10958.33,67640.0,11926.06
794.0,12089.4,497.0,12238.34,12814.0,11721.08,5506.0,12137.1,64657.0,11880.67,67640.0,11243.58,19235.0,12057.14
497.0,12290.49,12814.0,12369.5,5506.0,11446.03,64657.0,12196.44,67640.0,12249.89,19235.0,11101.97,9022.0,11869.02
12814.0,12431.12,5506.0,12062.19,64657.0,11486.76,67640.0,12508.02,19235.0,12114.99,9022.0,10993.44,1033.0,12029.91
5506.0,12229.83,64657.0,12118.04,67640.0,11797.14,19235.0,12198.27,9022.0,11992.32,1033.0,11169.11,4792.0,11984.06
64657.0,12164.34,67640.0,12399.38,19235.0,11432.48,9022.0,12180.44,1033.0,12152.82,4792.0,10985.9,18733.0,11732.22
67640.0,12398.2,19235.0,12059.92,9022.0,11827.38,1033.0,12203.99,4792.0,12088.42,18733.0,11688.07,7292.0,12324.47
19235.0,12107.04,9022.0,12256.91,1033.0,11969.97,4792.0,12078.28,18733.0,12633.78,7292.0,12153.72,1051.0,12540.78
9022.0,12381.68,1033.0,12436.07,4792.0,11691.18,18733.0,12733.2,7292.0,12922.98,1051.0,12130.54,109.0,12888.24
1033.0,12757.48,4792.0,12056.81,18733.0,12318.89,7292.0,12928.53,1051.0,12711.24,109.0,12399.51,64871.0,13196.17
4792.0,12382.64,18733.0,12433.79,7292.0,12239.03,1051.0,12534.64,109.0,12722.24,64871.0,12144.66,6565.0,12508.65
18733.0,12700.04,7292.0,12593.28,1051.0,11797.48,109.0,12643.68,64871.0,12733.63,6565.0,11836.83,8239.0,12164.09
7292.0,12832.0,1051.0,12134.92,109.0,11964.12,64871.0,12728.09,6565.0,12564.78,8239.0,11643.65,9778.0,12228.75
1051.0,12325.3,109.0,12265.23,64871.0,11823.25,6565.0,12516.39,8239.0,12198.55,9778.0,11226.53,2642.0,12048.92
109.0,12386.28,64871.0,12350.78,6565.0,11620.02,8239.0,12341.55,9778.0,11883.24,2642.0,11052.02,920.0,11948.63
64871.0,12408.82,6565.0,12164.9,8239.0,11512.26,9778.0,12178.69,2642.0,11909.06,920.0,10862.69,9477.0,11694.54
6565.0,12202.93,8239.0,12124.18,9778.0,11722.36,2642.0,11913.11,920.0,11958.73,9477.0,11501.06,1199.0,11985.22
8239.0,12245.65,9778.0,12429.32,2642.0,11328.71,920.0,12230.52,9477.0,12713.48,1199.0,11287.16,485.0,11902.98
9778.0,12571.81,2642.0,11976.83,920.0,11666.03,9477.0,12878.33,1199.0,12282.79,485.0,11406.97,128.0,12623.69
2642.0,12210.86,920.0,12093.27,9477.0,12203.12,1199.0,12262.88,485.0,12101.26,128.0,11607.54,5632.0,12359.62
920.0,12165.06,9477.0,12655.38,1199.0,11480.71,485.0,12199.1,128.0,12332.69,5632.0,11288.08,114.0,11808.84
9477.0,12769.85,1199.0,12136.49,485.0,11513.78,128.0,12600.38,5632.0,12363.23,114.0,11157.93,27777.0,11962.65
1199.0,12306.69,485.0,11995.53,128.0,11807.01,5632.0,12429.33,114.0,12057.48,27777.0,11011.68,3255.0,11977.6
485.0,12062.33,128.0,12395.43,5632.0,11504.22,114.0,12166.76,27777.0,11835.96,3255.0,10823.4,3256.0,11726.03
128.0,12410.31,5632.0,12224.45,114.0,11386.63,27777.0,12208.0,3255.0,11873.34,3256.0,10757.9,3613.0,11701.23
5632.0,12230.37,114.0,12028.0,27777.0,11384.47,3255.0,12185.9,3256.0,11860.31,3613.0,10573.53,6967.0,11587.34
114.0,12108.37,27777.0,12206.04,3255.0,11374.72,3256.0,12087.26,3613.0,11790.52,6967.0,10640.86,7696.0,11618.84
27777.0,12198.57,3255.0,12160.68,3256.0,11307.63,3613.0,12146.52,6967.0,11871.98,7696.0,10580.47,7341.0,11599.31
3255.0,12140.8,3256.0,12049.72,3613.0,11520.84,6967.0,12097.22,7696.0,11803.09,7341.0,10888.77,5795.0,11849.22
3256.0,12063.89,3613.0,12254.93,6967.0,11381.12,7696.0,12105.79,7341.0,12070.82,5795.0,10823.49,2428.0,11746.87
3613.0,12272.71,6967.0,12132.53,7696.0,11415.43,7341.0,12369.72,5795.0,11963.6,2428.0,10873.32,4444.0,11980.7
6967.0,12202.8,7696.0,12077.97,7341.0,11650.02,5795.0,12195.28,2428.0,11942.88,4444.0,10943.22,4600.0,11892.5
7696.0,12108.47,7341.0,12309.52,5795.0,11440.05,2428.0,12145.11,4444.0,12002.88,4600.0,10885.54,37517.0,11730.81
7341.0,12337.01,5795.0,12169.79,2428.0,11445.54,4444.0,12278.26,4600.0,12050.34,37517.0,10901.46,3972.0,11814.88
5795.0,12218.72,2428.0,12094.68,4444.0,11544.87,4600.0,12283.18,37517.0,11984.76,3972.0,10857.91,3905.0,11867.48
2428.0,12124.45,4444.0,12211.52,4600.0,11501.75,37517.0,12193.29,3972.0,11878.23,3905.0,10844.8,4752.0,11825.83
4444.0,12240.51,4600.0,12215.01,37517.0,11445.55,3972.0,12179.64,3905.0,11934.35,4752.0,10827.34,6848.0,11768.38
4600.0,12229.0,37517.0,12125.78,3972.0,11428.72,3905.0,12213.79,4752.0,11944.25,6848.0,10771.47,8525.0,11735.25
37517.0,12187.15,3972.0,12170.47,3905.0,11451.58,4752.0,12187.45,6848.0,11930.53,8525.0,10777.22,8307.0,11739.67
3972.0,12159.11,3905.0,12129.75,4752.0,11626.14,6848.0,12081.67,8525.0,11913.05,8307.0,11163.66,7585.0,11968.81
822.0,12074.82,4672.0,12234.43,5835.0,11485.56,1530.0,12085.24,6245.0,11717.26,29816.0,10733.39,8833.0,11699.82
4672.0,12220.78,5835.0,12237.99,1530.0,11312.44,6245.0,12094.94,29816.0,11893.26,8833.0,10650.23,9048.0,11592.46
5835.0,12223.46,1530.0,12051.51,6245.0,11338.45,29816.0,12219.56,8833.0,11855.43,9048.0,10616.24,64875.0,11686.4
1530.0,12112.37,6245.0,12129.13,29816.0,11461.22,8833.0,12110.85,9048.0,11832.82,64875.0,10710.75,6343.0,11720.58
6245.0,12117.66,29816.0,12210.04,8833.0,11338.25,9048.0,12144.34,64875.0,11883.19,6343.0,10657.62,7902.0,11665.86
29816.0,12215.7,8833.0,12109.54,9048.0,11420.03,64875.0,12190.47,6343.0,11868.2,7902.0,10728.56,21702.0,11754.39
8833.0,12099.51,9048.0,12111.22,64875.0,11590.13,6343.0,12056.8,7902.0,11896.11,21702.0,11032.09,38967.0,11891.07
9048.0,12121.03,64875.0,12295.32,6343.0,11399.18,7902.0,12170.86,21702.0,12180.94,38967.0,10998.8,4514.0,11862.88
64875.0,12343.31,6343.0,12096.79,7902.0,11551.05,21702.0,12434.62,38967.0,12091.45,4514.0,11111.56,32684.0,12156.28
6343.0,12144.02,7902.0,12062.2,21702.0,12094.79,38967.0,12039.28,4514.0,12066.32,32684.0,11887.79,3897.0,12446.74
7902.0,12141.65,21702.0,12609.11,38967.0,11470.33,4514.0,12258.69,32684.0,12813.98,3897.0,11583.81,2863.0,12094.88
21702.0,12768.62,38967.0,12056.74,4514.0,11747.54,32684.0,12973.06,3897.0,12494.0,2863.0,11691.44,8204.0,12735.13
38967.0,12330.18,4514.0,12043.69,32684.0,12377.86,3897.0,12376.15,2863.0,12299.75,8204.0,11908.73,2935.0,12529.1
4514.0,12132.04,32684.0,12693.26,3897.0,11784.67,2863.0,12164.22,8204.0,12485.97,2935.0,11916.79,39248.0,12179.22
32684.0,12850.63,3897.0,12323.33,2863.0,11607.64,8204.0,12733.0,2935.0,12839.96,39248.0,11699.0,7192.0,12316.85
3897.0,12552.24,2863.0,11899.7,8204.0,12188.42,2935.0,12742.52,39248.0,12350.54,7192.0,11861.71,49388.0,12720.76
2863.0,12141.08,8204.0,12531.17,2935.0,11936.08,39248.0,12262.13,7192.0,12357.18,49388.0,11653.35,1350.0,12189.38
8204.0,12656.5,2935.0,12439.02,39248.0,11562.37,7192.0,12545.62,49388.0,12384.72,1350.0,11462.99,3387.0,12130.03
2935.0,12621.51,39248.0,11993.75,7192.0,11837.09,49388.0,12499.25,1350.0,12310.31,3387.0,11331.74,4129.0,12057.8
39248.0,12204.19,7192.0,12358.18,49388.0,11626.07,1350.0,12320.22,3387.0,12152.92,4129.0,11070.26,2441.0,11840.59
7192.0,12402.96,49388.0,12217.94,1350.0,11723.76,3387.0,12224.45,4129.0,11994.58,2441.0,11410.76,1560.0,12089.41
49388.0,12301.26,1350.0,12256.02,3387.0,11549.66,4129.0,12251.97,2441.0,12373.15,1560.0,11176.7,3999.0,11917.71
1350.0,12310.96,3387.0,12105.23,4129.0,11792.7,2441.0,12368.5,1560.0,12089.07,3999.0,11678.03,4306.0,12475.68
3387.0,12307.29,4129.0,12343.99,2441.0,11769.81,1560.0,12272.83,3999.0,12584.5,4306.0,11592.89,28652.0,12205.07
4129.0,12468.11,2441.0,12252.02,1560.0,11612.04,3999.0,12692.14,4306.0,12380.7,28652.0,11448.67,8773.0,12345.41
2441.0,12511.52,1560.0,12133.68,3999.0,11997.82,4306.0,12423.58,28652.0,12286.56,8773.0,11515.74,79102.0,12197.43
1560.0,12256.08,3999.0,12418.12,4306.0,11591.03,28652.0,12352.49,8773.0,12270.8,79102.0,11135.19,4888.0,11822.6
3999.0,12517.98,4306.0,12213.82,28652.0,11533.47,8773.0,12454.08,79102.0,12079.26,4888.0,10975.04,12773.0,11855.74
4306.0,12310.74,28652.0,12098.54,8773.0,11620.04,79102.0,12286.78,4888.0,11902.18,12773.0,10807.95,66153.0,11787.34
28652.0,12106.28,8773.0,12246.76,79102.0,11401.29,4888.0,12111.49,12773.0,11758.72,66153.0,10665.02,342.0,11614.38
8773.0,12265.98,79102.0,12175.88,4888.0,11496.74,12773.0,12015.54,66153.0,11853.48,342.0,11007.16,79217.0,11805.32
79102.0,12173.48,4888.0,12163.37,12773.0,11350.11,66153.0,12168.2,342.0,12187.62,79217.0,10891.89,22802.0,11763.55
4888.0,12205.58,12773.0,12041.88,66153.0,11937.36,342.0,12135.02,79217.0,12046.37,22802.0,11924.79,58338.0,12591.3
12773.0,12153.32,66153.0,12446.54,342.0,11644.58,79217.0,12275.13,22802.0,12885.44,58338.0,11712.76,3320.0,12282.79
66153.0,12602.95,342.0,12163.6,79217.0,11792.01,22802.0,12952.03,58338.0,12499.77,3320.0,11864.67,6160.0,12882.52
342.0,12416.02,79217.0,12052.86,22802.0,12698.8,58338.0,12232.17,3320.0,12467.6,6160.0,12700.71,3473.0,12935.1
79217.0,12218.73,22802.0,12904.9,58338.0,11573.82,3320.0,12474.0,6160.0,13223.67,3473.0,11953.65,6538.0,12189.81
22802.0,13094.26,58338.0,11977.2,3320.0,12350.38,6160.0,13022.16,3473.0,12665.87,6538.0,12863.42,2538.0,13413.93
58338.0,12356.1,3320.0,12328.36,6160.0,12542.2,3473.0,12491.78,6538.0,13188.26,2538.0,12607.12,9941.0,12836.36
3320.0,12491.38,6160.0,12650.73,3473.0,12083.55,6538.0,12825.14,2538.0,12760.15,9941.0,12809.26,4341.0,13200.78
6160.0,13083.05,3473.0,12319.89,6538.0,12388.27,2538.0,12825.42,9941.0,13291.72,4341.0,12728.34,3010.0,12955.74
3473.0,12658.18,6538.0,12335.5,2538.0,12101.37,9941.0,13056.98,4341.0,12897.26,3010.0,12180.88,5097.0,12746.75
6538.0,12796.38,2538.0,12424.34,9941.0,12258.98,4341.0,12665.47,3010.0,12579.33,5097.0,12099.24,19429.0,12448.4
2538.0,12657.4,9941.0,12441.82,4341.0,11834.92,3010.0,12572.07,5097.0,12543.16,19429.0,11553.28,6183.0,12006.07
9941.0,12620.51,4341.0,12230.12,3010.0,11650.03,5097.0,12577.18,19429.0,12205.54,6183.0,11146.13,1624.0,11895.38
4341.0,12442.78,3010.0,12197.69,5097.0,11728.85,19429.0,12307.8,6183.0,11940.18,1624.0,11051.99,131.0,11890.91
3010.0,12218.52,5097.0,12247.07,19429.0,11417.66,6183.0,12146.96,1624.0,11883.51,131.0,10779.99,8996.0,11622.44
5097.0,12364.82,19429.0,12213.24,6183.0,11368.21,1624.0,12177.48,131.0,11927.08,8996.0,10789.4,4427.0,11692.65
19429.0,12252.63,6183.0,12052.14,1624.0,11412.72,131.0,12202.46,8996.0,11935.42,4427.0,10723.12,46079.0,11687.14
6183.0,12135.8,1624.0,12181.14,131.0,11517.02,8996.0,12101.76,4427.0,11916.44,46079.0,10946.81,9623.0,11820.62
1624.0,12196.73,131.0,12226.18,8996.0,11406.01,4427.0,12204.26,46079.0,12096.91,9623.0,10900.72,587.0,11808.45
131.0,12278.64,8996.0,12111.48,4427.0,11483.98,46079.0,12365.83,9623.0,12004.65,587.0,10881.3,33944.0,11949.88
8996.0,12180.79,4427.0,12139.94,46079.0,11584.71,9623.0,12223.71,587.0,11905.06,33944.0,10860.09,22768.0,11845.07
4427.0,12165.0,46079.0,12260.09,9623.0,11472.14,587.0,12125.87,33944.0,11924.4,22768.0,10871.17,4711.0,11726.35
46079.0,12277.29,9623.0,12186.61,587.0,11387.32,33944.0,12222.28,22768.0,12034.15,4711.0,10791.42,8947.0,11704.81
9623.0,12193.18,587.0,12046.36,33944.0,11714.09,22768.0,12139.01,4711.0,11926.95,8947.0,11275.32,1771.0,12100.59
587.0,12088.45,33944.0,12338.49,22768.0,11502.38,4711.0,12162.36,8947.0,12322.95,1771.0,11189.37,13141.0,11971.18
33944.0,12411.92,22768.0,12168.34,4711.0,11516.61,8947.0,12577.95,1771.0,12177.22,13141.0,11189.1,3055.0,12271.97
22768.0,12296.69,4711.0,12023.11,8947.0,12069.11,1771.0,12200.64,13141.0,12078.94,3055.0,11658.07,5192.0,12336.26
4711.0,12108.72,8947.0,12543.16,1771.0,11609.83,13141.0,12134.26,3055.0,12535.74,5192.0,11572.04,5452.0,12000.12
8947.0,12668.77,1771.0,12232.1,13141.0,11548.56,3055.0,12746.45,5192.0,12576.52,5452.0,11472.89,3341.0,12332.38
1771.0,12457.7,13141.0,11965.42,3055.0,12073.71,5192.0,12606.36,5452.0,12222.29,3341.0,11495.6,6098.0,12436.65
13141.0,12100.45,3055.0,12472.76,5192.0,11738.55,5452.0,12221.37,3341.0,12098.61,6098.0,11252.31,3336.0,11933.34
3055.0,12544.98,5192.0,12349.06,5452.0,11534.45,3341.0,12309.62,6098.0,12180.04,3336.0,11246.81,33182.0,11898.78
5192.0,12448.62,5452.0,12063.74,3341.0,11557.51,6098.0,12409.5,3336.0,12244.22,33182.0,10971.96,1065.0,11832.87
5452.0,12201.96,3341.0,12195.08,6098.0,11569.52,3336.0,12338.84,33182.0,11919.62,1065.0,10901.98,9544.0,11902.5
3341.0,12256.62,6098.0,12232.96,3336.0,11557.34,33182.0,12154.31,1065.0,11880.57,9544.0,10912.5,75739.0,11796.38
6098.0,12239.55,3336.0,12200.78,33182.0,11377.41,1065.0,12177.67,9544.0,11969.63,75739.0,10761.73,1141.0,11664.75
3336.0,12262.14,33182.0,12127.16,1065.0,11424.55,9544.0,12222.97,75739.0,11934.07,1141.0,10781.43,34498.0,11747.49
33182.0,12183.92,1065.0,12148.91,9544.0,11454.92,75739.0,12193.88,1141.0,11926.38,34498.0,10751.48,377.0,11740.84
1065.0,12138.32,9544.0,12139.34,75739.0,11594.43,1141.0,12084.18,34498.0,11872.39,377.0,11096.85,58313.0,11937.89
9544.0,12176.24,75739.0,12291.22,1141.0,11395.78,34498.0,12187.53,377.0,12234.61,58313.0,10958.59,3017.0,11817.7
75739.0,12335.81,1141.0,12075.5,34498.0,11534.58,377.0,12459.92,58313.0,12022.46,3017.0,11055.48,220.0,12134.97
1141.0,12131.08,34498.0,12064.64,377.0,12171.72,58313.0,11931.69,3017.0,12037.98,220.0,11997.67,1554.0,12454.76
34498.0,12122.16,377.0,12673.34,58313.0,11350.38,3017.0,12279.87,220.0,12936.61,1554.0,11527.58,21375.0,12035.04
377.0,12825.11,58313.0,11937.65,3017.0,11944.09,220.0,12993.45,1554.0,12447.02,21375.0,12046.75,4418.0,13051.77
58313.0,12262.84,3017.0,12181.32,220.0,12337.46,1554.0,12390.0,21375.0,12588.67,4418.0,11919.19,7746.0,12489.14
3017.0,12258.96,220.0,12623.65,1554.0,11917.8,21375.0,12335.9,4418.0,12407.5,7746.0,12238.63,12644.0,12532.9
220.0,12858.27,1554.0,12366.46,21375.0,11823.03,4418.0,12625.52,7746.0,13103.35,12644.0,11980.26,3417.0,12345.54
1554.0,12619.68,21375.0,12076.01,4418.0,11879.56,7746.0,13067.3,12644.0,12529.75,3417.0,11572.04,71730.0,12607.5
9157.0,12186.87,8804.0,12145.36,2631.0,12135.99,6556.0,12268.88,9047.0,12102.08,9440.0,11729.94,6997.0,12458.24
8804.0,12237.56,2631.0,12589.33,6556.0,11610.16,9047.0,12218.08,9440.0,12481.99,6997.0,11545.33,5375.0,12020.02
2631.0,12712.64,6556.0,12163.5,9047.0,11618.97,9440.0,12669.78,6997.0,12504.15,5375.0,11463.68,17142.0,12226.13
6556.0,12408.4,9047.0,12074.4,9440.0,11911.94,6997.0,12537.1,5375.0,12278.69,17142.0,11308.21,9768.0,12177.56
9047.0,12192.49,9440.0,12387.52,6997.0,11681.62,5375.0,12300.78,17142.0,12007.69,9768.0,11149.96,575.0,11941.49
9440.0,12452.92,6997.0,12281.15,5375.0,11563.22,17142.0,12244.81,9768.0,12072.87,575.0,11093.72,6527.0,11832.69
6997.0,12330.76,5375.0,12121.37,17142.0,11494.19,9768.0,12295.97,575.0,12084.54,6527.0,10922.99,6367.0,11797.43
5375.0,12235.27,17142.0,12188.88,9768.0,11521.09,575.0,12254.88,6527.0,11970.22,6367.0,10926.37,29287.0,11863.29
17142.0,12250.23,9768.0,12193.64,575.0,11509.2,6527.0,12215.63,6367.0,11965.14,29287.0,10914.18,9946.0,11837.8
9768.0,12223.94,575.0,12159.93,6527.0,11539.75,6367.0,12168.97,29287.0,11982.4,9946.0,11019.99,6474.0,11867.08
575.0,12226.89,6527.0,12227.38,6367.0,11487.7,29287.0,12210.2,9946.0,12135.33,6474.0,11023.92,2543.0,11864.18
6527.0,12295.26,6367.0,12162.05,29287.0,11479.64,9946.0,12381.31,6474.0,12092.22,2543.0,10937.32,4726.0,11939.94
6367.0,12248.25,29287.0,12123.33,9946.0,11644.3,6474.0,12275.31,2543.0,11945.05,4726.0,10991.38,1334.0,11947.31
29287.0,12166.07,9946.0,12270.01,6474.0,11511.94,2543.0,12151.62,4726.0,11997.12,1334.0,10924.57,1570.0,11758.89
9946.0,12279.79,6474.0,12180.99,2543.0,11557.86,4726.0,12177.78,1334.0,12032.81,1570.0,11162.78,7865.0,11941.24
6474.0,12242.74,2543.0,12193.77,4726.0,11527.35,1334.0,12272.41,1570.0,12251.02,7865.0,11100.33,51981.0,11956.21
2543.0,12274.61,4726.0,12162.56,1334.0,11578.87,1570.0,12432.19,7865.0,12076.25,51981.0,11114.89,4502.0,12139.74
4726.0,12274.67,1334.0,12181.47,1570.0,11709.22,7865.0,12261.12,51981.0,12045.21,4502.0,11141.76,2715.0,12007.61
1334.0,12242.31,1570.0,12293.71,7865.0,11507.68,51981.0,12234.33,4502.0,12103.06,2715.0,11015.5,9886.0,11802.08
1570.0,12378.96,7865.0,12189.81,51981.0,11471.77,4502.0,12336.51,2715.0,12106.36,9886.0,10904.28,6682.0,11788.9
7865.0,12268.46,51981.0,12117.72,4502.0,11526.47,2715.0,12321.98,9886.0,11947.45,6682.0,10773.79,9742.0,11791.82
51981.0,12143.54,4502.0,12187.88,2715.0,11506.58,9886.0,12152.55,6682.0,11789.65,9742.0,10760.34,46537.0,11732.4
4502.0,12148.1,2715.0,12173.24,9886.0,11664.14,6682.0,11931.95,9742.0,11875.89,46537.0,11310.32,973.0,11978.78
2715.0,12185.69,9886.0,12322.21,6682.0,11316.01,9742.0,12217.53,46537.0,12460.74,973.0,11093.26,1520.0,11881.37
9886.0,12450.72,6682.0,12026.83,9742.0,11595.56,46537.0,12671.82,973.0,12147.36,1520.0,11211.57,3926.0,12393.88
6682.0,12198.81,9742.0,12108.88,46537.0,11997.29,973.0,12206.33,1520.0,12052.94,3926.0,11396.26,38208.0,12169.16
9742.0,12168.03,46537.0,12533.78,973.0,11461.7,1520.0,12182.54,3926.0,12282.64,38208.0,11185.8,72181.0,11776.86
46537.0,12619.16,973.0,12129.87,1520.0,11538.2,3926.0,12519.91,38208.0,12293.33,72181.0,11166.37,232.0,12005.33
973.0,12227.95,1520.0,12003.77,3926.0,11989.64,38208.0,12264.45,72181.0,12080.77,232.0,11522.52,7537.0,12288.0
1520.0,12078.72,3926.0,12517.91,38208.0,11504.44,72181.0,12236.8,232.0,12333.91,7537.0,11237.1,7229.0,11985.86
3926.0,12612.96,38208.0,12143.6,72181.0,11591.61,232.0,12609.47,7537.0,12150.56,7229.0,11273.37,1290.0,12290.74
38208.0,12303.56,72181.0,12047.69,232.0,11869.3,7537.0,12261.6,7229.0,12111.56,1290.0,11218.57,117.0,11987.24
72181.0,12142.04,232.0,12442.38,7537.0,11647.16,7229.0,12077.49,1290.0,12159.36,117.0,11456.78,4780.0,11945.94
232.0,12459.45,7537.0,12207.37,7229.0,11856.08,1290.0,12201.91,117.0,12544.24,4780.0,12077.72,1316.0,12441.24
7537.0,12374.1,7229.0,12284.74,1290.0,11651.52,117.0,12731.07,4780.0,12931.89,1316.0,11677.75,8231.0,12538.49
7229.0,12536.51,1290.0,12085.6,117.0,12115.67,4780.0,12879.59,1316.0,12223.33,8231.0,11903.8,1062.0,12968.86
1290.0,12343.1,117.0,12390.51,4780.0,12202.4,1316.0,12187.67,8231.0,12378.46,1062.0,11905.25,1413.0,12257.32
117.0,12507.31,4780.0,12594.78,1316.0,11416.65,8231.0,12466.4,1062.0,12648.9,1413.0,11393.48,5719.0,11803.48
4780.0,12855.42,1316.0,12028.06,8231.0,11719.28,1062.0,12780.59,1413.0,12407.66,5719.0,11221.05,2627.0,12091.45
1316.0,12195.92,8231.0,12102.39,1062.0,11844.83,1413.0,12402.46,5719.0,11898.67,2627.0,10929.18,4476.0,11927.79
8231.0,12135.88,1062.0,12447.43,1413.0,11449.38,5719.0,12074.64,2627.0,11707.8,4476.0,10758.54,11202.0,11618.71
1062.0,12425.25,1413.0,12154.63,5719.0,11331.26,2627.0,12113.81,4476.0,11863.7,11202.0,10718.63,4043.0,11594.26
1413.0,12193.22,5719.0,12044.66,2627.0,11304.89,4476.0,12169.45,11202.0,11925.11,4043.0,10556.04,19997.0,11564.44
5719.0,12144.18,2627.0,12168.95,4476.0,11368.1,11202.0,12172.52,4043.0,11807.76,19997.0,10636.71,14029.0,11703.52
2627.0,12164.88,4476.0,12119.7,11202.0,11427.46,4043.0,12118.28,19997.0,11826.46,14029.0,10688.88,7819.0,11689.64
4476.0,12118.46,11202.0,12179.15,4043.0,11347.82,19997.0,12133.47,14029.0,11889.1,7819.0,10638.7,7840.0,11640.65
11202.0,12183.65,4043.0,12129.39,19997.0,11384.16,14029.0,12193.19,7819.0,11854.46,7840.0,10674.74,7727.0,11725.77
4043.0,12131.04,19997.0,12116.11,14029.0,11480.45,7819.0,12125.69,7840.0,11850.94,7727.0,10775.52,30409.0,11769.36
19997.0,12111.03,14029.0,12210.86,7819.0,11378.98,7840.0,12145.28,7727.0,11932.31,30409.0,10742.07,32664.0,11723.61
14029.0,12212.85,7819.0,12116.43,7840.0,11520.74,7727.0,12177.75,30409.0,11917.31,32664.0,10982.85,6719.0,11925.96
7819.0,12140.75,7840.0,12183.31,7727.0,11539.03,30409.0,12153.05,32664.0,12102.48,6719.0,11049.88,8099.0,11906.72
7840.0,12230.76,7727.0,12222.12,30409.0,11489.08,32664.0,12328.11,6719.0,12127.88,8099.0,11070.54,4221.0,12015.21
7727.0,12306.04,30409.0,12126.12,32664.0,11666.22,6719.0,12329.81,8099.0,12092.89,4221.0,11150.27,2488.0,12066.58
30409.0,12199.9,32664.0,12242.9,6719.0,11610.83,8099.0,12252.41,4221.0,12105.47,2488.0,11100.89,483.0,11930.59
32664.0,12289.03,6719.0,12222.44,8099.0,11674.54,4221.0,12216.95,2488.0,12115.23,483.0,11353.7,8083.0,12063.64
6719.0,12279.96,8099.0,12224.38,4221.0,11714.63,2488.0,12242.83,483.0,12358.31,8083.0,11525.78,2149.0,12178.88
8099.0,12332.61,4221.0,12258.8,2488.0,11615.75,483.0,12520.37,8083.0,12426.35,2149.0,11409.53,2852.0,12289.34
4221.0,12433.13,2488.0,12141.27,483.0,11881.53,8083.0,12519.44,2149.0,12207.24,2852.0,11519.53,40320.0,12405.4
2488.0,12290.19,483.0,12317.74,8083.0,11786.34,2149.0,12287.23,2852.0,12264.28,40320.0,11385.44,156.0,12029.44
483.0,12442.48,8083.0,12349.22,2149.0,11526.94,2852.0,12408.03,40320.0,12294.64,156.0,11176.8,5585.0,11882.62
8083.0,12489.86,2149.0,12113.02,2852.0,11617.36,40320.0,12473.96,156.0,12149.8,5585.0,10987.49,3413.0,11895.98
2149.0,12202.22,2852.0,12172.48,40320.0,11625.88,156.0,12265.39,5585.0,11874.26,3413.0,10871.77,4069.0,11816.79
2852.0,12204.4,40320.0,12293.59,156.0,11421.45,5585.0,12130.57,3413.0,11855.92,4069.0,10750.9,50508.0,11655.13
40320.0,12297.67,156.0,12133.38,5585.0,11349.83,3413.0,12196.88,4069.0,11869.4,50508.0,10666.87,39070.0,11660.99
156.0,12146.12,5585.0,12049.0,3413.0,11631.43,4069.0,12012.72,50508.0,11846.25,39070.0,11115.72,7619.0,11914.6
5585.0,12101.89,3413.0,12359.45,4069.0,11317.29,50508.0,12149.82,39070.0,12294.79,7619.0,10942.13,4627.0,11772.49
3413.0,12417.03,4069.0,12046.68,50508.0,11510.76,39070.0,12552.39,7619.0,12048.02,4627.0,11056.91,6236.0,12203.0
4069.0,12182.69,50508.0,12090.62,39070.0,11828.24,7619.0,12196.88,4627.0,12010.9,6236.0,11120.89,1803.0,11992.9
50508.0,12123.57,39070.0,12433.28,7619.0,11407.1,4627.0,12180.87,6236.0,12077.78,1803.0,10951.34,4619.0,11722.02
39070.0,12448.28,7619.0,12076.85,4627.0,11754.48,6236.0,12201.07,1803.0,12105.28,4619.0,11508.97,5446.0,12155.86
7619.0,12128.18,4627.0,12231.57,6236.0,11745.18,1803.0,12197.77,4619.0,12503.17,5446.0,11613.07,22648.0,12231.39
4627.0,12344.19,6236.0,12319.68,1803.0,11614.05,4619.0,12641.69,5446.0,12463.49,22648.0,11583.82,7820.0,12538.84
6236.0,12536.92,1803.0,12083.62,4619.0,12062.92,5446.0,12574.43,22648.0,12300.34,7820.0,11748.41,9950.0,12600.54
1803.0,12250.1,4619.0,12389.86,5446.0,11843.74,22648.0,12290.64,7820.0,12376.02,9950.0,11554.13,12380.0,12063.62
4619.0,12574.02,5446.0,12424.76,22648.0,11552.34,7820.0,12485.52,9950.0,12474.13,12380.0,11339.56,931.0,11926.5
5446.0,12582.94,22648.0,12051.83,7820.0,11717.89,9950.0,12606.68,12380.0,12247.86,931.0,11109.25,9837.0,12012.9
22648.0,12173.52,7820.0,12209.9,9950.0,11702.2,12380.0,12301.45,931.0,11874.75,9837.0,10917.08,5401.0,11866.19
7820.0,12222.18,9950.0,12317.72,12380.0,11564.34,931.0,12054.48,9837.0,11813.34,5401.0,11050.7,9968.0,11819.94
9950.0,12318.29,12380.0,12205.12,931.0,11360.72,9837.0,12160.72,5401.0,12133.9,9968.0,10917.6,2035.0,11727.96
12380.0,12302.86,931.0,12077.32,9837.0,11480.34,5401.0,12348.14,9968.0,12055.8,2035.0,10985.96,4028.0,11980.0
931.0,12200.51,9837.0,12155.18,5401.0,11677.86,9968.0,12203.21,2035.0,12046.17,4028.0,11150.52,44083.0,12005.55
9837.0,12217.48,5401.0,12309.58,9968.0,11467.64,2035.0,12268.82,4028.0,12164.11,44083.0,11011.49,8947.0,11856.75
5401.0,12380.56,9968.0,12127.14,2035.0,11584.73,4028.0,12366.68,44083.0,12069.76,8947.0,11068.22,2829.0,11980.46
9968.0,12214.48,2035.0,12180.43,4028.0,11611.09,44083.0,12250.16,8947.0,12063.64,2829.0,10976.39,212.0,11859.16
2035.0,12215.91,4028.0,12251.14,44083.0,11497.39,8947.0,12250.23,2829.0,11971.48,212.0,10953.92,6217.0,11859.18
4028.0,12307.07,44083.0,12171.7,8947.0,11502.52,2829.0,12251.8,212.0,12014.8,6217.0,10887.28,3659.0,11818.73
44083.0,12210.6,8947.0,12147.94,2829.0,11472.11,212.0,12249.7,6217.0,11926.37,3659.0,10804.3,3456.0,11789.6
8947.0,12172.28,2829.0,12146.15,212.0,11717.59,6217.0,12021.63,3659.0,11909.45,3456.0,11314.46,366.0,12018.87
2829.0,12176.64,212.0,12352.68,6217.0,11403.68,3659.0,12191.51,3456.0,12420.59,366.0,11158.57,37464.0,11891.8
212.0,12447.24,6217.0,12077.26,3659.0,11550.09,3456.0,12643.65,366.0,12190.93,37464.0,11180.52,8867.0,12302.68
6217.0,12257.12,3659.0,12094.67,3456.0,11906.86,366.0,12303.86,37464.0,12038.49,8867.0,11231.64,4471.0,12123.72
2788.0,12704.52,2889.0,11932.02,3091.0,12432.9,30096.0,12947.53,9998.0,12495.07,2985.0,12273.5,72736.0,13174.78
2889.0,12268.7,3091.0,12594.97,30096.0,12190.65,9998.0,12286.83,2985.0,12578.8,72736.0,12058.85,1234.0,12275.56
3091.0,12791.74,30096.0,12605.86,9998.0,11552.94,2985.0,12628.12,72736.0,12785.1,1234.0,11638.95,1455.0,11950.92
30096.0,12876.34,9998.0,11978.81,2985.0,11853.57,72736.0,12855.5,1234.0,12493.97,1455.0,11296.88,6893.0,12127.72
9998.0,12144.18,2985.0,12175.48,72736.0,12001.66,1234.0,12323.32,1455.0,11850.53,6893.0,11277.92,8303.0,12118.4
2985.0,12214.41,72736.0,12545.42,1234.0,11506.92,1455.0,12051.06,6893.0,11997.58,8303.0,11133.69,1558.0,11799.56
72736.0,12562.11,1234.0,12118.67,1455.0,11358.79,6893.0,12386.4,8303.0,12122.31,1558.0,10976.44,7649.0,11896.49
1234.0,12239.63,1455.0,11924.74,6893.0,12052.2,8303.0,12026.86,1558.0,12036.26,7649.0,11856.23,46926.0,12379.63
1455.0,12090.99,6893.0,12646.17,8303.0,11417.61,1558.0,12206.76,7649.0,12871.35,46926.0,11516.88,58526.0,12001.34
6893.0,12802.98,8303.0,12048.16,1558.0,11657.25,7649.0,13059.25,46926.0,12454.77,58526.0,11573.11,9908.0,12721.32
8303.0,12347.58,1558.0,11985.25,7649.0,12363.16,46926.0,12390.16,58526.0,12198.73,9908.0,11676.66,56318.0,12404.04
1558.0,12072.45,7649.0,12735.01,46926.0,11538.81,58526.0,12168.55,9908.0,12276.5,56318.0,11313.6,4860.0,11769.68
7649.0,12840.23,46926.0,12213.54,58526.0,11474.58,9908.0,12580.74,56318.0,12370.74,4860.0,11165.27,3780.0,11926.16
46926.0,12355.34,58526.0,11912.89,9908.0,11772.55,56318.0,12484.32,4860.0,12033.37,3780.0,10932.59,8420.0,11975.53
58526.0,11969.22,9908.0,12328.95,56318.0,11810.68,4860.0,11946.13,3780.0,11748.33,8420.0,11379.19,1664.0,12038.87
9908.0,12295.54,56318.0,12410.07,4860.0,11648.71,3780.0,11948.21,8420.0,12418.81,1664.0,11858.85,6335.0,12210.59
56318.0,12495.55,4860.0,12158.99,3780.0,11507.72,8420.0,12687.86,1664.0,12870.08,6335.0,11668.98,45615.0,12496.9
4860.0,12465.15,3780.0,11980.34,8420.0,12431.5,1664.0,12629.45,6335.0,12420.3,45615.0,12541.6,23045.0,13245.74
3780.0,12232.46,8420.0,12638.01,1664.0,12067.37,6335.0,12364.05,45615.0,13008.81,23045.0,12258.81,57170.0,12507.39
8420.0,12862.02,1664.0,12430.87,6335.0,11777.22,45615.0,13025.9,23045.0,12863.81,57170.0,12034.55,5269.0,12663.24
1664.0,12796.61,6335.0,12023.0,45615.0,12355.1,23045.0,12764.0,57170.0,12598.05,5269.0,11952.26,45118.0,12534.04
6335.0,12246.12,45615.0,12562.06,23045.0,11811.74,57170.0,12457.12,5269.0,12338.59,45118.0,11391.18,2306.0,11969.81
45615.0,12691.02,23045.0,12337.56,57170.0,11629.43,5269.0,12479.55,45118.0,12114.97,2306.0,11228.06,485.0,11946.1
23045.0,12416.9,57170.0,12027.25,5269.0,11892.12,45118.0,12175.92,2306.0,12046.22,485.0,11436.5,6007.0,12060.14
57170.0,12110.46,5269.0,12419.28,45118.0,11495.92,2306.0,12131.41,485.0,12322.3,6007.0,11336.97,8562.0,11946.26
5269.0,12532.36,45118.0,12145.89,2306.0,11857.08,485.0,12388.82,6007.0,12346.1,8562.0,12046.4,557.0,12699.94
45118.0,12341.99,2306.0,12225.21,485.0,11872.88,6007.0,12473.22,8562.0,12833.18,557.0,11860.56,9554.0,12475.25
2306.0,12459.69,485.0,12301.17,6007.0,12093.26,8562.0,12633.29,557.0,12526.37,9554.0,12354.31,8529.0,12931.88
485.0,12588.32,6007.0,12399.58,8562.0,12078.86,557.0,12556.36,9554.0,12993.28,8529.0,12143.84,5235.0,12490.82
6007.0,12646.01,8562.0,12356.37,557.0,11830.12,9554.0,12940.76,8529.0,12672.95,5235.0,11750.53,77566.0,12492.19
8562.0,12654.61,557.0,12175.51,9554.0,12158.81,8529.0,12595.67,5235.0,12305.01,77566.0,11676.56,3061.0,12314.09
557.0,12325.65,9554.0,12459.53,8529.0,11725.87,5235.0,12316.05,77566.0,12224.7,3061.0,11269.95,351.0,11852.42
9554.0,12548.59,8529.0,12279.88,5235.0,11451.98,77566.0,12422.39,3061.0,12108.38,351.0,10970.23,6464.0,11775.12
8529.0,12423.45,5235.0,12054.34,77566.0,11636.2,3061.0,12304.74,351.0,11929.12,6464.0,10921.42,7742.0,11856.34
5235.0,12100.87,77566.0,12230.92,3061.0,11461.0,351.0,12094.21,6464.0,11866.41,7742.0,10805.86,633.0,11669.11
77566.0,12309.43,3061.0,12263.62,351.0,11359.83,6464.0,12166.33,7742.0,11975.7,633.0,10849.1,9202.0,11736.89
3061.0,12224.85,351.0,11950.15,6464.0,11881.71,7742.0,12005.25,633.0,11996.06,9202.0,11702.61,2288.0,12288.24
351.0,12071.76,6464.0,12503.4,7742.0,11431.28,633.0,12226.36,9202.0,12790.96,2288.0,11428.02,5593.0,12060.8
6464.0,12641.74,7742.0,12068.36,633.0,11661.8,9202.0,12975.48,2288.0,12334.83,5593.0,11520.54,9372.0,12740.79
7742.0,12334.93,633.0,12032.69,9202.0,12311.24,2288.0,12316.08,5593.0,12177.23,9372.0,11693.5,4373.0,12381.97
633.0,12119.55,9202.0,12702.15,2288.0,11509.59,5593.0,12182.5,9372.0,12373.15,4373.0,11328.23,8529.0,11752.86
9202.0,12828.01,2288.0,12190.13,5593.0,11484.62,9372.0,12641.99,4373.0,12415.62,8529.0,11163.26,21681.0,11952.08
2288.0,12343.96,5593.0,11923.79,9372.0,11835.21,4373.0,12498.4,8529.0,12010.97,21681.0,10975.6,8651.0,12030.93
5593.0,11992.87,9372.0,12402.81,4373.0,11547.12,8529.0,12095.34,21681.0,11739.23,8651.0,10821.03,2544.0,11722.33
9372.0,12402.22,4373.0,12282.53,8529.0,11354.89,21681.0,12121.79,8651.0,11885.68,2544.0,10825.34,9222.0,11676.94
4373.0,12283.06,8529.0,11997.66,21681.0,11398.21,8651.0,12192.04,2544.0,11986.7,9222.0,10738.03,7812.0,11667.93
8529.0,12122.61,21681.0,12206.75,8651.0,11417.33,2544.0,12182.03,9222.0,11952.36,7812.0,10778.47,8002.0,11756.01
21681.0,12225.41,8651.0,12150.54,2544.0,11473.29,9222.0,12219.34,7812.0,11917.63,8002.0,10861.5,1725.0,11847.16
8651.0,12163.81,2544.0,12135.85,9222.0,11590.02,7812.0,12125.9,8002.0,11971.14,1725.0,11049.58,1518.0,11910.02
2544.0,12164.59,9222.0,12263.47,7812.0,11447.96,8002.0,12212.92,1725.0,12147.07,1518.0,11016.28,220.0,11884.46
9222.0,12334.52,7812.0,12140.79,8002.0,11526.52,1725.0,12401.5,1518.0,12092.95,220.0,11021.76,5575.0,12033.27
7812.0,12222.3,8002.0,12122.71,1725.0,11693.66,1518.0,12255.48,220.0,11998.62,5575.0,11081.43,2098.0,11983.24
8002.0,12180.09,1725.0,12318.5,1518.0,11516.34,220.0,12179.62,5575.0,12080.3,2098.0,11025.35,68997.0,11812.9
1725.0,12364.29,1518.0,12186.64,220.0,11482.19,5575.0,12329.21,2098.0,12109.02,68997.0,10992.61,8082.0,11883.78
1518.0,12266.62,220.0,12111.11,5575.0,11560.15,2098.0,12329.3,68997.0,12021.99,8082.0,10882.72,3753.0,11878.11
220.0,12171.17,5575.0,12216.52,2098.0,11509.84,68997.0,12224.89,8082.0,11872.75,3753.0,10813.96,302.0,11794.96
5575.0,12245.24,2098.0,12210.41,68997.0,11426.22,8082.0,12166.1,3753.0,11890.28,302.0,10737.32,4591.0,11671.4
2098.0,12222.79,68997.0,12134.77,8082.0,11391.02,3753.0,12175.81,302.0,11886.61,4591.0,10682.82,8873.0,11650.11
68997.0,12169.28,8082.0,12151.15,3753.0,11379.01,302.0,12169.89,4591.0,11871.49,8873.0,10633.78,8120.0,11651.66
8082.0,12100.9,3753.0,12061.94,302.0,11784.51,4591.0,11932.42,8873.0,11809.57,8120.0,11455.94,5585.0,12148.99
3753.0,12075.01,302.0,12423.96,4591.0,11373.17,8873.0,12130.35,8120.0,12591.18,5585.0,11264.99,66406.0,11950.58
302.0,12525.66,4591.0,12055.89,8873.0,11576.78,8120.0,12818.8,5585.0,12275.49,66406.0,11380.58,1477.0,12590.89
4591.0,12293.02,8873.0,12043.71,8120.0,12137.02,5585.0,12327.19,66406.0,12150.39,1477.0,11512.04,1120.0,12310.17
8873.0,12134.83,8120.0,12595.82,5585.0,11530.84,66406.0,12198.73,1477.0,12271.96,1120.0,11240.24,43091.0,11781.56
8120.0,12689.73,5585.0,12193.94,66406.0,11528.69,1477.0,12500.86,1120.0,12333.29,43091.0,11180.22,35930.0,11913.6
5585.0,12322.42,66406.0,12021.1,1477.0,11717.96,1120.0,12459.49,43091.0,12105.18,35930.0,10963.22,9180.0,11965.54
66406.0,12079.7,1477.0,12299.99,1120.0,11572.72,43091.0,12209.98,35930.0,11775.96,9180.0,10875.97,5878.0,11856.28
1477.0,12266.46,1120.0,12191.16,43091.0,11832.94,35930.0,11887.61,9180.0,11881.74,5878.0,11653.95,3913.0,12174.84
1120.0,12211.55,43091.0,12377.31,35930.0,11291.07,9180.0,12228.97,5878.0,12730.18,3913.0,11237.52,2218.0,11869.29
43091.0,12596.69,35930.0,12031.02,9180.0,11628.08,5878.0,12876.59,3913.0,12285.1,2218.0,11386.57,18962.0,12584.83
35930.0,12237.78,9180.0,12016.24,5878.0,12405.5,3913.0,12150.33,2218.0,12119.96,18962.0,11993.63,6330.0,12528.22
6278.0,12893.12,2015.0,12218.45,9065.0,11509.37,242.0,12549.04,7618.0,12413.34,8104.0,11285.8,1720.0,11960.71
2015.0,12369.32,9065.0,11919.25,242.0,11748.37,7618.0,12524.06,8104.0,12149.25,1720.0,10974.88,5317.0,11988.68
9065.0,12058.01,242.0,12369.34,7618.0,11591.84,8104.0,12191.25,1720.0,11773.58,5317.0,10903.7,6547.0,11842.86
242.0,12384.98,7618.0,12272.48,8104.0,11470.55,1720.0,12105.13,5317.0,11909.17,6547.0,10947.84,9857.0,11741.18
7618.0,12283.53,8104.0,12096.76,1720.0,11325.16,5317.0,12228.52,6547.0,12066.79,9857.0,10691.99,3143.0,11605.57
8104.0,12224.33,1720.0,12134.29,5317.0,11466.83,6547.0,12251.12,9857.0,11898.68,3143.0,10804.16,7282.0,11814.28
1720.0,12163.29,5317.0,12159.9,6547.0,11510.59,9857.0,12146.8,3143.0,11911.94,7282.0,10830.98,7781.0,11772.22
5317.0,12169.07,6547.0,12218.56,9857.0,11374.79,3143.0,12201.33,7282.0,11942.22,7781.0,10739.35,12116.0,11727.6
6547.0,12245.67,9857.0,12109.95,3143.0,11463.94,7282.0,12224.74,7781.0,11885.37,12116.0,10785.26,5671.0,11799.61
9857.0,12138.66,3143.0,12160.23,7282.0,11474.82,7781.0,12139.35,12116.0,11908.03,5671.0,10785.43,1830.0,11736.84
3143.0,12169.0,7282.0,12203.68,7781.0,11417.48,12116.0,12163.96,5671.0,11934.83,1830.0,10829.76,5453.0,11765.67
7282.0,12234.62,7781.0,12146.83,12116.0,11438.49,5671.0,12234.53,1830.0,11990.86,5453.0,10806.29,2407.0,11798.1
7781.0,12173.47,12116.0,12126.09,5671.0,11497.56,1830.0,12228.9,5453.0,11904.26,2407.0,10831.31,1863.0,11842.32
12116.0,12161.28,5671.0,12203.49,1830.0,11499.43,5453.0,12145.8,2407.0,11935.46,1863.0,10880.38,2979.0,11796.5
5671.0,12211.19,1830.0,12188.58,5453.0,11461.28,2407.0,12191.65,1863.0,12001.48,2979.0,10925.24,4799.0,11827.86
1830.0,12233.03,5453.0,12155.99,2407.0,11482.24,1863.0,12258.2,2979.0,12047.54,4799.0,10909.01,6319.0,11862.34
5453.0,12214.42,2407.0,12164.16,1863.0,11504.6,2979.0,12285.47,4799.0,11974.91,6319.0,10868.62,15720.0,11875.44
2407.0,12206.93,1863.0,12175.58,2979.0,11532.65,4799.0,12203.59,6319.0,11919.37,15720.0,10881.18,103.0,11819.76
1863.0,12207.92,2979.0,12217.77,4799.0,11432.6,6319.0,12186.74,15720.0,11974.54,103.0,10793.25,7868.0,11709.84
2979.0,12246.79,4799.0,12149.59,6319.0,11406.83,15720.0,12252.67,103.0,11926.66,7868.0,10719.55,67337.0,11726.05
4799.0,12187.02,6319.0,12126.48,15720.0,11462.1,103.0,12192.74,7868.0,11846.99,67337.0,10693.74,5900.0,11719.38
6319.0,12127.77,15720.0,12183.34,103.0,11402.2,7868.0,12124.92,67337.0,11819.59,5900.0,10669.03,16478.0,11664.73
15720.0,12179.64,103.0,12162.24,7868.0,11376.78,67337.0,12132.0,5900.0,11857.79,16478.0,10693.21,38943.0,11681.78
103.0,12157.51,7868.0,12113.0,67337.0,11454.13,5900.0,12126.93,16478.0,11890.8,38943.0,10828.61,20195.0,11787.74
7868.0,12139.8,67337.0,12197.3,5900.0,11381.54,16478.0,12192.8,38943.0,12001.94,20195.0,10760.4,3554.0,11759.63
67337.0,12223.54,5900.0,12115.49,16478.0,11490.22,38943.0,12261.0,20195.0,11896.55,3554.0,10866.42,7635.0,11903.01
5900.0,12097.85,16478.0,12095.98,38943.0,11905.57,20195.0,11918.96,3554.0,11967.55,7635.0,11652.01,611.0,12216.5
16478.0,12132.52,38943.0,12508.22,20195.0,11356.76,3554.0,12246.73,7635.0,12731.69,611.0,11370.07,3794.0,12010.57
38943.0,12636.14,20195.0,11985.43,3554.0,11775.36,7635.0,12878.18,611.0,12333.54,3794.0,11651.27,77128.0,12776.98
20195.0,12206.56,3554.0,12092.87,7635.0,12419.24,611.0,12196.52,3794.0,12299.32,77128.0,12121.55,11376.0,12621.7
3554.0,12181.72,7635.0,12768.47,611.0,11606.47,3794.0,12291.1,77128.0,12760.67,11376.0,11875.81,32922.0,12185.66
7635.0,12980.0,611.0,12149.18,3794.0,11763.8,77128.0,12953.68,11376.0,12785.37,32922.0,11803.31,3196.0,12570.4
611.0,12448.08,3794.0,12001.92,77128.0,12217.88,11376.0,12682.28,32922.0,12352.32,3196.0,11644.55,3212.0,12480.82
3794.0,12187.53,77128.0,12596.75,11376.0,11759.92,32922.0,12279.32,3196.0,12140.09,3212.0,11353.88,8116.0,11946.25
77128.0,12689.84,11376.0,12320.13,32922.0,11525.84,3196.0,12402.76,3212.0,12216.88,8116.0,11159.37,2423.0,11836.82
11376.0,12356.02,32922.0,11926.74,3196.0,12011.97,3212.0,12131.42,8116.0,12086.4,2423.0,11765.02,4324.0,12263.57
32922.0,12086.13,3196.0,12575.7,3212.0,11492.49,8116.0,12206.94,2423.0,12698.2,4324.0,11497.6,49188.0,12063.86
3196.0,12678.68,3212.0,12064.16,8116.0,11820.8,2423.0,12811.58,4324.0,12339.76,49188.0,11928.73,9685.0,12916.74
3212.0,12352.4,8116.0,12136.07,2423.0,12219.59,4324.0,12365.81,49188.0,12559.54,9685.0,11919.84,3215.0,12492.76
8116.0,12328.48,2423.0,12613.91,4324.0,11628.39,49188.0,12513.14,9685.0,12532.75,3215.0,11640.92,2238.0,12181.74
2423.0,12854.3,4324.0,12161.24,49188.0,11887.42,9685.0,12632.27,3215.0,12539.68,2238.0,11645.89,6201.0,12221.94
4324.0,12357.46,49188.0,12207.61,9685.0,11783.36,3215.0,12546.96,2238.0,12341.64,6201.0,11178.88,46116.0,11978.16
49188.0,12331.16,9685.0,12325.8,3215.0,11638.08,2238.0,12390.22,6201.0,11907.86,46116.0,11027.54,33082.0,11921.65
9685.0,12352.57,3215.0,12159.14,2238.0,11851.44,6201.0,12022.67,46116.0,11905.17,33082.0,11459.43,3624.0,12058.8
3215.0,12166.95,2238.0,12365.18,6201.0,11336.05,46116.0,12161.12,33082.0,12422.09,3624.0,11130.45,9910.0,11793.57
2238.0,12553.2,6201.0,12110.46,46116.0,11535.74,33082.0,12639.8,3624.0,12221.35,9910.0,11259.1,9391.0,12332.32
6201.0,12291.85,46116.0,12028.23,33082.0,11926.15,3624.0,12325.18,9910.0,12104.44,9391.0,11285.52,45815.0,12140.28
46116.0,12142.08,33082.0,12486.3,3624.0,11535.85,9910.0,12175.29,9391.0,12157.31,45815.0,11149.67,9442.0,11791.09
33082.0,12521.94,3624.0,12160.73,9910.0,11721.82,9391.0,12267.7,45815.0,12244.88,9442.0,11564.06,54330.0,12130.43
3624.0,12251.02,9910.0,12183.03,9391.0,11765.83,45815.0,12333.07,9442.0,12528.99,54330.0,11579.89,22188.0,12251.69
9910.0,12319.17,9391.0,12300.13,45815.0,11663.34,9442.0,12633.42,54330.0,12354.14,22188.0,11480.94,49320.0,12472.16
9391.0,12487.42,45815.0,12136.85,9442.0,12027.16,54330.0,12453.53,22188.0,12176.45,49320.0,11682.99,59188.0,12482.21
45815.0,12268.31,9442.0,12390.82,54330.0,11747.4,22188.0,12226.33,49320.0,12387.41,59188.0,11491.41,6436.0,11969.65
9442.0,12528.72,54330.0,12309.57,22188.0,11767.03,49320.0,12361.71,59188.0,12469.01,6436.0,11827.12,4549.0,12253.91
54330.0,12494.96,22188.0,12216.86,49320.0,11757.12,59188.0,12592.49,6436.0,12724.97,4549.0,11570.52,77459.0,12275.36
22188.0,12355.22,49320.0,12127.68,59188.0,12139.96,6436.0,12548.23,4549.0,12195.68,77459.0,12067.59,1007.0,12832.39
49320.0,12306.15,59188.0,12472.56,6436.0,12030.49,4549.0,12226.44,77459.0,12652.71,1007.0,12098.67,28677.0,12461.4
59188.0,12582.86,6436.0,12346.14,4549.0,11902.06,77459.0,12606.05,1007.0,12736.65,28677.0,12356.14,3833.0,12794.43
6436.0,12644.56,4549.0,12184.31,77459.0,12409.37,1007.0,12541.03,28677.0,13028.4,3833.0,12858.16,7385.0,13054.18
4549.0,12518.0,77459.0,12571.52,1007.0,12001.81,28677.0,12910.92,3833.0,13274.32,7385.0,12420.39,9632.0,12888.2
77459.0,12941.78,1007.0,12231.7,28677.0,12303.0,3833.0,13132.72,7385.0,12760.14,9632.0,12397.47,4879.0,13076.59
1007.0,12535.57,28677.0,12273.57,3833.0,12793.19,7385.0,12315.78,9632.0,12602.38,4879.0,12960.22,9731.0,12926.64
28677.0,12486.55,3833.0,12917.86,7385.0,11592.93,9632.0,12584.57,4879.0,13355.7,9731.0,12075.0,25994.0,12171.13
3833.0,13256.66,7385.0,11999.62,9632.0,12124.94,4879.0,13308.76,9731.0,12699.43,25994.0,12312.44,1915.0,13161.34
7385.0,12398.43,9632.0,12131.0,4879.0,12513.53,9731.0,12498.86,25994.0,12524.0,1915.0,12008.48,8821.0,12516.46
9632.0,12339.49,4879.0,12830.02,9731.0,11620.99,25994.0,12399.18,1915.0,12355.25,8821.0,11645.64,63063.0,12057.23
4879.0,13035.08,9731.0,12134.54,25994.0,11766.56,1915.0,12575.46,8821.0,12522.6,63063.0,11576.18,7019.0,12083.91
9731.0,12367.84,25994.0,12105.84,1915.0,11725.28,8821.0,12526.99,63063.0,12329.24,7019.0,11118.51,2304.0,11933.17
25994.0,12288.56,1915.0,12344.61,8821.0,11657.94,63063.0,12324.31,7019.0,11915.62,2304.0,11129.54,4793.0,11969.04
9529.0,12205.19,7760.0,12229.26,9725.0,11326.18,5546.0,12074.34,5826.0,11820.92,5832.0,10647.65,3915.0,11597.28
7760.0,12209.68,9725.0,12070.25,5546.0,11351.72,5826.0,12144.78,5832.0,11875.82,3915.0,10673.28,49021.0,11665.31
9725.0,12122.0,5546.0,12143.61,5826.0,11418.78,5832.0,12138.26,3915.0,11915.7,49021.0,10752.21,46843.0,11746.63
5546.0,12148.02,5826.0,12161.36,5832.0,11440.6,3915.0,12183.51,49021.0,11922.51,46843.0,10839.46,306.0,11834.19
5826.0,12186.98,5832.0,12159.0,3915.0,11481.98,49021.0,12202.14,46843.0,11981.72,306.0,10875.86,4354.0,11847.23
5832.0,12185.2,3915.0,12169.29,49021.0,11482.35,46843.0,12230.77,306.0,11977.4,4354.0,10880.87,664.0,11848.03
3915.0,12213.41,49021.0,12179.55,46843.0,11506.13,306.0,12219.1,4354.0,11985.64,664.0,10899.07,3499.0,11833.24
49021.0,12213.52,46843.0,12184.25,306.0,11470.94,4354.0,12238.23,664.0,11988.58,3499.0,10842.69,11650.0,11796.15
46843.0,12180.0,306.0,12110.16,4354.0,11748.64,664.0,12074.07,3499.0,11935.77,11650.0,11376.34,5804.0,12103.66
306.0,12115.11,4354.0,12318.28,664.0,11689.29,3499.0,12058.58,11650.0,12438.83,5804.0,11694.04,6606.0,12218.31
4354.0,12421.92,664.0,12281.07,3499.0,11518.14,11650.0,12687.82,5804.0,12659.33,6606.0,11534.78,3737.0,12481.76
664.0,12523.75,3499.0,11996.75,11650.0,12095.26,5804.0,12703.73,6606.0,12268.18,3737.0,11730.33,4301.0,12701.54
3499.0,12203.32,11650.0,12437.57,5804.0,11928.31,6606.0,12240.15,3737.0,12325.89,4301.0,11541.08,521.0,12045.4
11650.0,12552.71,5804.0,12464.69,6606.0,11481.81,3737.0,12456.38,4301.0,12416.22,521.0,11264.53,4643.0,11839.0
5804.0,12615.66,6606.0,12015.01,3737.0,11732.47,4301.0,12555.99,521.0,12237.24,4643.0,11138.28,8622.0,12000.07
6606.0,12125.44,3737.0,12216.11,4301.0,11659.37,521.0,12302.54,4643.0,11918.48,8622.0,10895.46,5354.0,11866.14
3737.0,12247.73,4301.0,12317.62,521.0,11483.54,4643.0,12153.49,8622.0,11788.93,5354.0,10890.06,1025.0,11801.23
4301.0,12328.13,521.0,12135.54,4643.0,11409.08,8622.0,12142.72,5354.0,11955.8,1025.0,10796.03,59269.0,11677.85
521.0,12206.55,4643.0,12138.49,8622.0,11371.51,5354.0,12197.53,1025.0,11968.75,59269.0,10746.35,1256.0,11688.8
4643.0,12232.94,8622.0,12165.44,5354.0,11426.79,1025.0,12224.58,59269.0,11953.25,1256.0,10753.76,6516.0,11739.54
8622.0,12185.66,5354.0,12129.21,1025.0,11455.51,59269.0,12214.28,1256.0,11880.6,6516.0,10726.39,66035.0,11742.11
5354.0,12142.08,1025.0,12175.42,59269.0,11458.8,1256.0,12132.71,6516.0,11858.82,66035.0,10763.62,4746.0,11726.93
1025.0,12172.9,59269.0,12187.78,1256.0,11387.55,6516.0,12163.28,66035.0,11916.39,4746.0,10738.04,17496.0,11720.52
59269.0,12202.0,1256.0,12124.64,6516.0,11400.63,66035.0,12225.12,4746.0,11894.74,17496.0,10699.96,7194.0,11752.89
1256.0,12106.34,6516.0,12069.72,66035.0,11796.64,4746.0,11962.38,17496.0,11845.56,7194.0,11426.71,57735.0,12130.44
6516.0,12098.27,66035.0,12443.59,4746.0,11339.53,17496.0,12162.38,7194.0,12551.5,57735.0,11162.02,5832.0,11867.89
66035.0,12537.22,4746.0,12030.7,17496.0,11586.54,7194.0,12769.63,57735.0,12199.47,5832.0,11300.69,8980.0,12486.62
4746.0,12177.44,17496.0,11989.1,7194.0,12442.95,57735.0,12034.86,5832.0,12102.9,8980.0,12172.32,754.0,12625.75
17496.0,12060.98,7194.0,12844.59,57735.0,11404.67,5832.0,12226.05,8980.0,12935.9,754.0,11653.84,6833.0,11998.04
7194.0,13013.92,57735.0,12011.1,5832.0,11798.43,8980.0,13091.37,754.0,12600.32,6833.0,11894.44,380.0,12859.06
57735.0,12344.14,5832.0,12005.21,8980.0,12406.34,754.0,12496.55,6833.0,12426.43,380.0,11814.68,32519.0,12510.82
5832.0,12084.91,8980.0,12683.73,754.0,11931.74,6833.0,12139.81,380.0,12261.8,32519.0,12099.9,9615.0,12353.8
8980.0,12846.88,754.0,12446.53,6833.0,11631.12,380.0,12558.9,32519.0,13009.67,9615.0,11851.49,3225.0,12245.2
754.0,12670.27,6833.0,11921.34,380.0,11907.74,32519.0,13021.37,9615.0,12507.45,3225.0,11613.63,5133.0,12654.78
6833.0,12268.84,380.0,12311.19,32519.0,12167.62,9615.0,12352.76,3225.0,12116.85,5133.0,11618.57,6631.0,12296.85
380.0,12405.28,32519.0,12582.38,9615.0,11568.1,3225.0,12242.74,5133.0,12263.17,6631.0,11337.75,23284.0,11823.95
32519.0,12688.56,9615.0,12123.87,3225.0,11472.6,5133.0,12506.98,6631.0,12328.86,23284.0,11029.44,13272.0,11782.43
9615.0,12307.26,3225.0,12040.99,5133.0,11829.99,6631.0,12316.32,23284.0,11998.98,13272.0,11235.89,1546.0,12078.68
3225.0,12096.6,5133.0,12384.84,6631.0,11533.55,23284.0,12142.58,13272.0,12100.93,1546.0,11086.02,39024.0,11857.05
5133.0,12450.3,6631.0,12219.65,23284.0,11454.76,13272.0,12406.9,1546.0,12082.96,39024.0,11066.88,5065.0,12042.04
6631.0,12317.14,23284.0,12017.54,13272.0,11687.58,1546.0,12280.58,39024.0,12032.03,5065.0,11060.3,4500.0,11954.58
23284.0,12148.3,13272.0,12349.28,1546.0,11514.28,39024.0,12157.52,5065.0,12083.24,4500.0,11024.28,3057.0,11781.19
13272.0,12383.99,1546.0,12185.32,39024.0,11550.56,5065.0,12271.89,4500.0,12136.74,3057.0,11185.96,6927.0,11948.05
1546.0,12271.26,39024.0,12146.45,5065.0,11619.03,4500.0,12325.47,3057.0,12233.39,6927.0,11142.07,9973.0,12011.82
39024.0,12224.17,5065.0,12221.03,4500.0,11561.53,3057.0,12403.78,6927.0,12054.13,9973.0,11041.7,4566.0,12056.98
5065.0,12285.78,4500.0,12144.24,3057.0,11886.0,6927.0,12134.57,9973.0,11971.66,4566.0,11534.98,2844.0,12230.29
4500.0,12200.19,3057.0,12403.67,6927.0,11473.12,9973.0,12198.44,4566.0,12490.43,2844.0,11258.95,4645.0,11871.63
3057.0,12543.95,6927.0,12146.16,9973.0,11549.71,4566.0,12668.15,2844.0,12285.24,4645.0,11262.42,6453.0,12260.25
6927.0,12338.48,9973.0,12055.88,4566.0,11932.48,2844.0,12376.05,4645.0,12111.83,6453.0,11259.73,29469.0,12130.52
9973.0,12127.72,4566.0,12437.46,2844.0,11552.67,4645.0,12195.66,6453.0,12058.68,29469.0,11070.3,3041.0,11796.45
4566.0,12494.3,2844.0,12225.67,4645.0,11495.64,6453.0,12313.25,29469.0,12127.24,3041.0,11058.42,60623.0,11843.75
2844.0,12304.64,4645.0,12073.33,6453.0,11546.5,29469.0,12350.89,3041.0,12073.81,60623.0,10870.02,4733.0,11846.16
4645.0,12152.46,6453.0,12212.62,29469.0,11513.04,3041.0,12239.02,60623.0,11845.78,4733.0,10822.15,1256.0,11826.24
6453.0,12254.48,29469.0,12219.29,3041.0,11480.64,60623.0,12132.82,4733.0,11884.29,1256.0,10840.39,2218.0,11741.87
29469.0,12218.29,3041.0,12150.52,60623.0,11381.51,4733.0,12170.45,1256.0,11963.19,2218.0,10755.24,9947.0,11669.9
3041.0,12200.15,60623.0,12126.78,4733.0,11570.52,1256.0,12127.54,2218.0,11957.83,9947.0,11085.11,2511.0,11925.86
60623.0,12165.52,4733.0,12244.25,1256.0,11433.32,2218.0,12236.35,9947.0,12199.78,2511.0,10960.4,51876.0,11868.49
4733.0,12253.41,1256.0,12053.45,2218.0,11879.96,9947.0,12223.22,2511.0,11998.25,51876.0,11714.96,3444.0,12481.36
1256.0,12162.35,2218.0,12399.05,9947.0,11656.3,2511.0,12212.95,51876.0,12660.22,3444.0,11540.48,3435.0,12137.6
2218.0,12528.15,9947.0,12223.38,2511.0,11595.78,51876.0,12806.85,3444.0,12399.1,3435.0,11478.53,159.0,12496.44
9947.0,12479.67,2511.0,12055.51,51876.0,12121.12,3444.0,12439.19,3435.0,12246.5,159.0,11560.89,1544.0,12297.26
2511.0,12167.14,51876.0,12510.57,3444.0,11634.15,3435.0,12248.31,159.0,12261.54,1544.0,11269.34,3056.0,11834.63
51876.0,12607.92,3444.0,12270.61,3435.0,11488.21,159.0,12479.68,1544.0,12261.47,3056.0,11089.09,5452.0,11867.97
3444.0,12348.37,3435.0,11960.11,159.0,11962.74,1544.0,12271.54,3056.0,12005.2,5452.0,11491.79,1441.0,12260.24
3435.0,12029.88,159.0,12466.82,1544.0,11498.19,3056.0,12158.08,5452.0,12314.51,1441.0,11181.64,972.0,11903.32
159.0,12575.49,1544.0,12199.65,3056.0,11522.13,5452.0,12585.11,1441.0,12139.24,972.0,11269.03,5667.0,12295.39
1544.0,12356.76,3056.0,11996.87,5452.0,11860.98,1441.0,12296.61,972.0,12137.52,5667.0,11212.49,8181.0,12015.75
3056.0,12145.68,5452.0,12470.37,1441.0,11461.58,972.0,12211.28,5667.0,12149.22,8181.0,11014.78,3673.0,11715.1
5452.0,12544.39,1441.0,12168.07,972.0,11468.86,5667.0,12410.48,8181.0,12132.7,3673.0,10934.3,9578.0,11800.0
1441.0,12247.29,972.0,12046.56,5667.0,11597.29,8181.0,12326.27,3673.0,11938.65,9578.0,10763.92,1096.0,11801.25
972.0,12067.66,5667.0,12263.91,8181.0,11431.77,3673.0,12140.65,9578.0,11728.18,1096.0,10654.05,301.0,11675.29
5667.0,12265.7,8181.0,12200.59,3673.0,11355.67,9578.0,12104.18,1096.0,11787.12,301.0,10644.1,3084.0,11628.72
8181.0,12174.73,3673.0,12067.3,9578.0,11334.86,1096.0,12115.84,301.0,11836.71,3084.0,10588.97,48916.0,11585.87
3673.0,12122.29,9578.0,12168.98,1096.0,11373.13,301.0,12100.44,3084.0,11869.81,48916.0,10695.56,6054.0,11674.09
9578.0,12166.0,1096.0,12142.2,301.0,11365.41,3084.0,12189.87,48916.0,11916.75,6054.0,10690.66,8723.0,11728.58
1096.0,12152.89,301.0,12106.55,3084.0,11480.56,48916.0,12183.54,6054.0,11863.05,8723.0,10797.18,8406.0,11828.77
301.0,12120.49,3084.0,12200.02,48916.0,11424.9,6054.0,12152.94,8723.0,11930.78,8406.0,10753.75,6463.0,11737.29
3084.0,12212.76,48916.0,12166.89,6054.0,11390.86,8723.0,12234.16,8406.0,11904.52,6463.0,10719.03,7111.0,11749.58
48916.0,12193.64,6054.0,12113.66,8723.0,11468.4,8406.0,12182.61,6463.0,11872.07,7111.0,10717.06,6601.0,11719.94
6054.0,12083.27,8723.0,12141.31,8406.0,11668.08,6463.0,11978.02,7111.0,11868.23,6601.0,11237.8,299.0,11969.59
75689.0,12179.7,2765.0,12124.54,35988.0,11489.82,7308.0,12240.27,4710.0,11952.64,2259.0,10743.61,5656.0,11758.2
2765.0,12083.04,35988.0,12118.8,7308.0,11872.7,4710.0,11928.05,2259.0,11824.74,5656.0,11629.42,4770.0,12237.89
35988.0,12151.83,7308.0,12488.24,4710.0,11364.43,2259.0,12171.72,5656.0,12731.08,4770.0,11327.5,1462.0,11948.86
7308.0,12567.87,4710.0,11961.63,2259.0,11801.3,5656.0,12815.49,4770.0,12281.9,1462.0,11805.42,8562.0,12882.88
4710.0,12242.86,2259.0,12188.81,5656.0,12241.05,4770.0,12278.34,1462.0,12508.11,8562.0,11916.33,7041.0,12482.35
2259.0,12309.94,5656.0,12626.51,4770.0,11576.62,1462.0,12523.07,8562.0,12542.22,7041.0,11614.65,30204.0,12200.51
5656.0,12852.33,4770.0,12110.89,1462.0,11879.12,8562.0,12679.52,7041.0,12509.29,30204.0,11579.09,4476.0,12251.77
4770.0,12310.47,1462.0,12201.38,8562.0,11841.64,7041.0,12491.6,30204.0,12255.61,4476.0,11209.45,35784.0,12005.66
1462.0,12303.11,8562.0,12381.76,7041.0,11592.97,30204.0,12319.77,4476.0,11956.22,35784.0,11035.14,61879.0,11845.95
8562.0,12455.57,7041.0,12201.38,30204.0,11517.91,4476.0,12264.01,35784.0,11970.02,61879.0,10862.67,7542.0,11750.54
7041.0,12208.32,30204.0,12093.58,4476.0,11433.11,35784.0,12187.56,61879.0,11838.62,7542.0,10716.18,34683.0,11664.8
30204.0,12204.28,4476.0,12244.58,35784.0,11420.89,61879.0,12083.53,7542.0,11897.35,34683.0,10803.52,1575.0,11690.26
4476.0,12215.7,35784.0,12097.84,61879.0,11499.6,7542.0,12122.79,34683.0,11965.15,1575.0,11050.68,26253.0,11889.84
35784.0,12182.15,61879.0,12224.7,7542.0,11453.85,34683.0,12226.3,1575.0,12223.25,26253.0,11012.31,8247.0,11901.26
61879.0,12264.47,7542.0,12093.54,34683.0,11733.57,1575.0,12325.15,26253.0,12053.62,8247.0,11446.14,1657.0,12330.32
7542.0,12153.87,34683.0,12225.26,1575.0,12040.5,26253.0,12032.72,8247.0,12392.19,1657.0,12081.32,195.0,12482.88
34683.0,12330.39,1575.0,12513.36,26253.0,11539.64,8247.0,12565.7,1657.0,12948.16,195.0,11806.83,5298.0,12437.5
1575.0,12743.55,26253.0,11981.29,8247.0,12220.83,1657.0,12891.72,195.0,12547.35,5298.0,12307.62,8453.0,13121.25
26253.0,12292.24,8247.0,12400.87,1657.0,12226.21,195.0,12446.56,5298.0,12744.59,8453.0,12047.91,2225.0,12481.19
8247.0,12560.63,1657.0,12544.06,195.0,11837.17,5298.0,12627.97,8453.0,12564.5,2225.0,12012.93,6532.0,12456.47
1657.0,12815.16,195.0,12202.71,5298.0,12006.9,8453.0,12643.24,2225.0,12742.23,6532.0,11830.15,7835.0,12325.02
195.0,12413.97,5298.0,12276.59,8453.0,11782.57,2225.0,12694.22,6532.0,12358.53,7835.0,11357.62,649.0,12192.41
5298.0,12494.9,8453.0,12295.25,2225.0,11822.0,6532.0,12406.12,7835.0,12015.55,649.0,11264.16,6297.0,12040.95
8453.0,12380.09,2225.0,12279.3,6532.0,11572.68,7835.0,12211.02,649.0,12039.81,6297.0,10990.0,4504.0,11703.3
2225.0,12350.03,6532.0,12207.08,7835.0,11394.82,649.0,12234.37,6297.0,12011.5,4504.0,10843.8,2130.0,11652.96
6532.0,12335.59,7835.0,12142.09,649.0,11446.72,6297.0,12268.3,4504.0,11986.91,2130.0,10775.44,76688.0,11746.72
7835.0,12168.91,649.0,12105.71,6297.0,11466.42,4504.0,12211.33,2130.0,11821.78,76688.0,10733.47,2764.0,11761.86
649.0,12160.93,6297.0,12222.14,4504.0,11461.68,2130.0,12078.95,76688.0,11866.58,2764.0,10819.37,55171.0,11727.93
6297.0,12217.45,4504.0,12178.54,2130.0,11322.31,76688.0,12198.7,2764.0,11979.69,55171.0,10703.56,1063.0,11674.89
4504.0,12234.44,2130.0,12086.03,76688.0,11466.68,2764.0,12237.74,55171.0,11899.82,1063.0,10778.66,2186.0,11804.32
2130.0,12119.01,76688.0,12172.68,2764.0,11471.86,55171.0,12148.54,1063.0,11904.96,2186.0,10762.11,2428.0,11732.94
76688.0,12178.63,2764.0,12208.81,55171.0,11376.81,1063.0,12196.46,2186.0,11901.43,2428.0,10716.62,763.0,11717.74
2764.0,12158.46,55171.0,12023.07,1063.0,11885.83,2186.0,11937.34,2428.0,11877.58,763.0,11635.36,835.0,12248.8
55171.0,12060.68,1063.0,12484.12,2186.0,11357.75,2428.0,12182.98,763.0,12730.38,835.0,11302.65,5317.0,11960.85
1063.0,12558.2,2186.0,11973.96,2428.0,11938.28,763.0,12739.39,835.0,12262.21,5317.0,12087.69,8248.0,13058.45
2186.0,12244.85,2428.0,12265.76,763.0,12196.1,835.0,12313.9,5317.0,12763.32,8248.0,12012.28,70693.0,12512.34
2428.0,12422.97,763.0,12569.81,835.0,11629.36,5317.0,12743.18,8248.0,12585.93,70693.0,11736.67,57584.0,12429.79
763.0,12860.51,835.0,12092.96,5317.0,12100.98,8248.0,12651.32,70693.0,12526.14,57584.0,11759.3,5911.0,12342.25
835.0,12283.62,5317.0,12357.35,8248.0,11753.1,70693.0,12488.74,57584.0,12346.31,5911.0,11195.35,15136.0,11893.2
5317.0,12481.12,8248.0,12329.86,70693.0,11571.64,57584.0,12439.62,5911.0,11977.52,15136.0,10992.36,6197.0,11840.01
8248.0,12414.58,70693.0,12123.59,57584.0,11608.3,5911.0,12240.77,15136.0,11881.78,6197.0,10815.89,2713.0,11730.98
70693.0,12108.17,57584.0,12193.89,5911.0,11356.72,15136.0,12092.07,6197.0,11764.43,2713.0,10632.07,9188.0,11558.82
57584.0,12224.38,5911.0,12146.9,15136.0,11736.19,6197.0,11853.06,2713.0,11874.46,9188.0,11553.36,55432.0,12114.23
5911.0,12104.4,15136.0,12266.96,6197.0,11614.67,2713.0,12038.42,9188.0,12691.2,55432.0,11871.24,1636.0,12301.77
15136.0,12473.95,6197.0,12263.53,2713.0,11633.98,9188.0,12858.35,55432.0,12877.31,1636.0,11909.75,64120.0,12877.85
6197.0,12566.67,2713.0,11988.2,9188.0,12417.55,55432.0,12796.97,1636.0,12495.38,64120.0,12297.52,37592.0,13126.14
2713.0,12250.34,9188.0,12597.83,55432.0,12117.9,1636.0,12342.29,64120.0,12693.04,37592.0,12072.5,13052.0,12332.72
9188.0,12791.26,55432.0,12525.26,1636.0,11646.32,64120.0,12741.81,37592.0,12783.7,13052.0,11712.01,14430.0,12155.6
55432.0,12787.87,1636.0,12002.36,64120.0,12006.01,37592.0,12795.89,13052.0,12449.73,14430.0,11483.47,47099.0,12270.56
1636.0,12131.17,64120.0,12262.91,37592.0,12130.81,13052.0,12196.7,14430.0,11989.98,47099.0,11740.44,51504.0,12303.6
64120.0,12341.51,37592.0,12631.28,13052.0,11451.2,14430.0,12233.9,47099.0,12461.91,51504.0,11375.8,7298.0,11947.0
37592.0,12686.3,13052.0,11917.7,14430.0,11956.17,47099.0,12514.62,51504.0,12231.5,7298.0,12051.18,1207.0,12755.3
13052.0,12178.22,14430.0,12304.19,47099.0,12112.46,51504.0,12142.48,7298.0,12814.38,1207.0,12242.66,9502.0,12508.7
14430.0,12525.89,47099.0,12573.11,51504.0,11653.02,7298.0,12814.28,1207.0,12948.89,9502.0,12124.09,42113.0,12739.05
47099.0,12914.11,51504.0,11991.35,7298.0,12362.38,1207.0,12915.46,9502.0,12769.27,42113.0,12339.23,6326.0,12973.26
51504.0,12267.86,7298.0,12413.9,1207.0,12392.81,9502.0,12405.16,42113.0,12655.34,6326.0,12436.05,4409.0,12663.56
7298.0,12575.52,1207.0,12653.6,9502.0,11994.48,42113.0,12483.34,6326.0,12944.19,4409.0,12546.64,1596.0,12643.22
1207.0,12944.89,9502.0,12252.75,42113.0,11978.5,6326.0,13049.12,4409.0,13142.72,1596.0,12212.98,6003.0,12841.33
9502.0,12609.76,42113.0,12109.15,6326.0,12278.57,4409.0,12952.96,1596.0,12467.68,6003.0,11993.35,3348.0,12835.28
42113.0,12446.56,6326.0,12549.89,4409.0,12156.23,1596.0,12302.78,6003.0,12316.59,3348.0,11927.73,79859.0,12254.93
6326.0,12641.46,4409.0,12446.43,1596.0,11748.68,6003.0,12308.81,3348.0,12588.29,79859.0,11888.66,4353.0,12053.06
4409.0,12709.14,1596.0,12230.87,6003.0,11637.67,3348.0,12698.33,79859.0,12809.26,4353.0,11518.52,3977.0,12159.03
1596.0,12491.54,6003.0,12072.68,3348.0,11903.75,79859.0,12781.21,4353.0,12163.54,3977.0,11391.53,7233.0,12466.68
6003.0,12262.89,3348.0,12322.05,79859.0,11924.33,4353.0,12200.32,3977.0,11947.35,7233.0,11320.68,5436.0,12036.01
3348.0,12376.21,79859.0,12443.91,4353.0,11412.77,3977.0,12160.23,7233.0,12158.25,5436.0,11077.84,9818.0,11652.7
79859.0,12567.69,4353.0,12097.09,3977.0,11416.13,7233.0,12411.59,5436.0,12231.59,9818.0,10916.1,8286.0,11742.26
4353.0,12185.28,3977.0,11978.49,7233.0,12044.89,5436.0,12089.97,9818.0,11967.66,8286.0,11758.47,3233.0,12375.28
3977.0,12046.56,7233.0,12583.36,5436.0,11451.99,9818.0,12185.14,8286.0,12672.89,3233.0,11421.68,5971.0,12039.58
7233.0,12699.0,5436.0,12076.58,9818.0,11640.95,8286.0,12911.45,3233.0,12296.81,5971.0,11537.51,6239.0,12714.94
5436.0,12336.41,9818.0,12000.72,8286.0,12256.38,3233.0,12292.91,5971.0,12211.61,6239.0,11683.35,4293.0,12345.58
9818.0,12143.08,8286.0,12708.88,3233.0,11496.28,5971.0,12207.97,6239.0,12420.46,4293.0,11356.2,3972.0,11784.84
8286.0,12834.93,3233.0,12151.54,5971.0,11575.84,6239.0,12639.49,4293.0,12438.63,3972.0,11317.36,2495.0,12052.67
3233.0,12326.86,5971.0,11993.69,6239.0,11850.53,4293.0,12503.6,3972.0,12148.85,2495.0,11080.75,3427.0,12064.78
5971.0,12068.06,6239.0,12392.3,4293.0,11579.58,3972.0,12214.34,2495.0,11799.56,3427.0,10931.6,38714.0,11857.85
6239.0,12425.61,4293.0,12260.97,3972.0,11482.65,2495.0,12142.19,3427.0,11921.41,38714.0,10950.36,1251.0,11766.57
4293.0,12269.42,3972.0,12077.79,2495.0,11384.33,3427.0,12203.75,38714.0,12032.76,1251.0,10766.08,7489.0,11649.92
27204.0,12302.35,7640.0,12133.57,4353.0,11429.05,8093.0,12233.54,4883.0,11905.26,32134.0,10797.04,14330.0,11773.86
7640.0,12137.41,4353.0,12083.04,8093.0,11608.37,4883.0,12097.72,32134.0,11927.64,14330.0,11013.78,812.0,11886.87
4353.0,12101.69,8093.0,12301.98,4883.0,11399.83,32134.0,12180.32,14330.0,12113.08,812.0,10962.09,4674.0,11862.45
8093.0,12355.32,4883.0,12113.46,32134.0,11524.06,14330.0,12396.64,812.0,12050.13,4674.0,11040.02,9687.0,12080.74
4883.0,12199.16,32134.0,12113.68,14330.0,11700.02,812.0,12222.15,4674.0,12026.1,9687.0,11095.66,2116.0,11973.36
32134.0,12183.61,14330.0,12346.77,812.0,11475.44,4674.0,12205.36,9687.0,12117.27,2116.0,11014.6,3582.0,11801.58
14330.0,12382.78,812.0,12125.49,4674.0,11662.02,9687.0,12272.57,2116.0,12116.23,3582.0,11309.64,5280.0,12072.2
812.0,12200.06,4674.0,12213.18,9687.0,11631.28,2116.0,12283.39,3582.0,12305.12,5280.0,11231.94,7173.0,12035.03
4674.0,12305.68,9687.0,12247.08,2116.0,11557.18,3582.0,12486.74,5280.0,12138.81,7173.0,11150.1,9058.0,12162.77
9687.0,12366.52,2116.0,12125.11,3582.0,11781.06,5280.0,12317.43,7173.0,12030.74,9058.0,11213.8,8962.0,12084.5
2116.0,12197.78,3582.0,12312.82,5280.0,11570.15,7173.0,12167.72,9058.0,12125.77,8962.0,11100.74,8950.0,11792.86
3582.0,12405.14,5280.0,12263.65,7173.0,11419.51,9058.0,12356.4,8962.0,12195.18,8950.0,10966.01,38889.0,11800.4
5280.0,12357.13,7173.0,12050.23,9058.0,11586.93,8962.0,12407.39,8950.0,12001.56,38889.0,10872.76,9645.0,11908.41
7173.0,12107.38,9058.0,12201.05,8962.0,11569.17,8950.0,12166.56,38889.0,11817.64,9645.0,10811.0,8854.0,11774.95
9058.0,12208.75,8962.0,12278.86,8950.0,11400.47,38889.0,12102.23,9645.0,11879.58,8854.0,10805.3,2456.0,11686.28
8962.0,12279.98,8950.0,12107.33,38889.0,11395.83,9645.0,12194.38,8854.0,11975.83,2456.0,10795.32,64688.0,11732.59
8950.0,12169.32,38889.0,12125.48,9645.0,11472.66,8854.0,12205.0,2456.0,11962.26,64688.0,10842.68,9651.0,11821.9
38889.0,12166.4,9645.0,12189.95,8854.0,11495.18,2456.0,12194.47,64688.0,11957.32,9651.0,10916.42,6363.0,11868.15
9645.0,12190.61,8854.0,12143.51,2456.0,11688.93,64688.0,12102.6,9651.0,12014.04,6363.0,11336.88,6714.0,12086.66
8854.0,12194.09,2456.0,12306.09,64688.0,11499.11,9651.0,12252.28,6363.0,12405.26,6714.0,11249.14,3570.0,12010.96
2456.0,12413.12,64688.0,12131.07,9651.0,11645.82,6363.0,12575.95,6714.0,12233.64,3570.0,11334.75,3476.0,12338.1
64688.0,12293.45,9651.0,12156.68,6363.0,11870.25,6714.0,12343.31,3570.0,12173.36,3476.0,11330.48,3418.0,12149.92
9651.0,12188.22,6363.0,12319.68,6714.0,11931.18,3570.0,12069.51,3476.0,12165.03,3418.0,11899.53,7006.0,12295.31
6363.0,12424.28,6714.0,12457.94,3570.0,11531.88,3476.0,12392.67,3418.0,12886.38,7006.0,11627.67,4334.0,12128.49
6714.0,12647.59,3570.0,12025.15,3476.0,11794.57,3418.0,12982.85,7006.0,12431.19,4334.0,11583.87,28988.0,12710.32
3570.0,12294.52,3476.0,12146.01,3418.0,12244.46,7006.0,12355.58,4334.0,12128.17,28988.0,11678.9,64553.0,12398.3
3476.0,12252.7,3418.0,12652.42,7006.0,11551.62,4334.0,12204.41,28988.0,12323.28,64553.0,11346.06,6372.0,11809.58
3418.0,12765.84,7006.0,12159.58,4334.0,11495.45,28988.0,12566.24,64553.0,12372.03,6372.0,11159.19,2505.0,11898.93
7006.0,12358.96,4334.0,12018.02,28988.0,11735.34,64553.0,12464.81,6372.0,12084.4,2505.0,10940.42,4469.0,11927.64
4334.0,12085.45,28988.0,12316.82,64553.0,11560.37,6372.0,12171.69,2505.0,11762.48,4469.0,10846.24,2719.0,11772.66
28988.0,12335.12,64553.0,12270.89,6372.0,11404.15,2505.0,12109.73,4469.0,11892.9,2719.0,10809.16,50255.0,11670.38
64553.0,12241.98,6372.0,12033.86,2505.0,11490.88,4469.0,12123.66,2719.0,11939.57,50255.0,10977.7,1979.0,11821.26
6372.0,12092.14,2505.0,12185.99,4469.0,11782.39,2719.0,11957.02,50255.0,12172.04,1979.0,11703.11,9584.0,12245.32
2505.0,12258.33,4469.0,12390.11,2719.0,11457.28,50255.0,12441.34,1979.0,12754.1,9584.0,11536.22,43829.0,12304.24
4469.0,12587.78,2719.0,12011.01,50255.0,11895.11,1979.0,12871.44,9584.0,12373.46,43829.0,11685.0,5651.0,12784.63
2719.0,12265.68,50255.0,12239.16,1979.0,12171.82,9584.0,12317.7,43829.0,12283.12,5651.0,11712.04,7527.0,12311.06
50255.0,12354.71,1979.0,12609.92,9584.0,11532.47,43829.0,12342.97,5651.0,12446.65,7527.0,11358.64,6267.0,11830.04
1979.0,12713.69,9584.0,12058.67,43829.0,11895.73,5651.0,12472.8,7527.0,12352.85,6267.0,11741.64,1614.0,12299.8
9584.0,12224.04,43829.0,12276.64,5651.0,11705.21,7527.0,12450.58,6267.0,12516.68,1614.0,11272.46,5615.0,12074.51
43829.0,12391.82,5651.0,12253.75,7527.0,11698.17,6267.0,12586.18,1614.0,11953.34,5615.0,11333.92,6278.0,12388.02
5651.0,12365.83,7527.0,12132.85,6267.0,12119.28,1614.0,12008.14,5615.0,12100.75,6278.0,11845.32,8950.0,12282.27
7527.0,12214.0,6267.0,12568.2,1614.0,11338.26,5615.0,12265.66,6278.0,12726.96,8950.0,11387.69,5084.0,11853.26
6267.0,12809.34,1614.0,12053.26,5615.0,11693.71,6278.0,12862.38,8950.0,12454.06,5084.0,11534.08,2505.0,12495.26
1614.0,12300.82,5615.0,12043.94,6278.0,12125.86,8950.0,12434.98,5084.0,12219.59,2505.0,11456.49,1548.0,12271.43
5615.0,12139.54,6278.0,12584.05,8950.0,11548.99,5084.0,12248.08,2505.0,12111.34,1548.0,11161.9,6068.0,11830.94
6278.0,12672.84,8950.0,12198.56,5084.0,11542.76,2505.0,12401.06,1548.0,12168.3,6068.0,11106.76,4205.0,11879.12
8950.0,12282.62,5084.0,12034.94,2505.0,11588.38,1548.0,12336.2,6068.0,12046.49,4205.0,10845.52,7208.0,11783.58
5084.0,12139.15,2505.0,12294.11,1548.0,11504.37,6068.0,12170.42,4205.0,11840.38,7208.0,10875.07,3940.0,11794.02
2505.0,12311.13,1548.0,12198.71,6068.0,11435.6,4205.0,12171.33,7208.0,11949.98,3940.0,10843.36,6749.0,11751.43
1548.0,12223.26,6068.0,12105.25,4205.0,11399.66,7208.0,12232.08,3940.0,11948.15,6749.0,10733.48,1688.0,11727.76
6068.0,12192.92,4205.0,12171.46,7208.0,11449.55,3940.0,12189.24,6749.0,11894.49,1688.0,10758.34,6257.0,11743.86
4205.0,12188.67,7208.0,12164.32,3940.0,11436.23,6749.0,12165.0,1688.0,11898.72,6257.0,10756.94,4490.0,11713.56
7208.0,12182.06,3940.0,12167.5,6749.0,11402.35,1688.0,12180.46,6257.0,11922.14,4490.0,10719.29,44232.0,11699.4
3940.0,12182.4,6749.0,12137.6,1688.0,11436.93,6257.0,12195.64,4490.0,11877.28,44232.0,10748.3,58332.0,11766.53
6749.0,12149.69,1688.0,12157.45,6257.0,11436.28,4490.0,12162.94,44232.0,11883.13,58332.0,10735.75,2895.0,11741.55
1688.0,12165.37,6257.0,12167.82,4490.0,11425.56,44232.0,12163.48,58332.0,11880.88,2895.0,10771.22,2130.0,11759.37
6257.0,12188.01,4490.0,12159.95,44232.0,11410.27,58332.0,12182.21,2895.0,11934.46,2130.0,10737.14,9531.0,11724.68
4490.0,12182.04,44232.0,12141.3,58332.0,11440.38,2895.0,12200.0,2130.0,11894.34,9531.0,10763.76,3950.0,11766.86
44232.0,12163.62,58332.0,12165.59,2895.0,11446.42,2130.0,12166.61,9531.0,11912.56,3950.0,10759.78,9395.0,11735.74
58332.0,12140.78,2895.0,12125.44,2130.0,11653.89,9531.0,12050.34,3950.0,11905.27,9395.0,11241.86,6869.0,12020.69
2895.0,12102.71,2130.0,12250.96,9531.0,11735.77,3950.0,12008.97,9395.0,12358.52,6869.0,11756.39,9907.0,12274.82
2130.0,12348.43,9531.0,12328.29,3950.0,11511.56,9395.0,12614.43,6869.0,12755.03,9907.0,11597.63,4279.0,12478.2
9531.0,12561.59,3950.0,12003.52,9395.0,12047.87,6869.0,12816.88,9907.0,12340.04,4279.0,11775.27,4705.0,12808.56
3950.0,12239.16,9395.0,12359.4,6869.0,12124.13,9907.0,12254.49,4279.0,12336.01,4705.0,11774.44,2736.0,12242.66
9395.0,12478.44,6869.0,12579.94,9907.0,11506.72,4279.0,12423.79,4705.0,12561.62,2736.0,11410.07,27362.0,11863.07
6869.0,12753.51,9907.0,12044.3,4279.0,11726.65,4705.0,12702.42,2736.0,12365.67,27362.0,11268.58,5191.0,12120.78
9907.0,12199.82,4279.0,12136.2,4705.0,11822.11,2736.0,12382.98,27362.0,11973.5,5191.0,11033.75,7361.0,11990.78
37195.0,12287.88,23259.0,12002.08,8309.0,11651.61,3458.0,12403.94,66829.0,11936.16,2228.0,10818.45,8646.0,11901.07
23259.0,12013.86,8309.0,12245.25,3458.0,11719.08,66829.0,11975.68,2228.0,11731.98,8646.0,11168.6,9872.0,11937.25
8309.0,12229.12,3458.0,12387.24,66829.0,11424.1,2228.0,12037.88,8646.0,12261.77,9872.0,11255.06,18845.0,11887.72
3458.0,12439.15,66829.0,12061.54,2228.0,11467.62,8646.0,12544.7,9872.0,12352.3,18845.0,11220.89,6707.0,12213.78
66829.0,12290.55,2228.0,12080.87,8646.0,11873.39,9872.0,12428.95,18845.0,12160.17,6707.0,11358.72,8281.0,12298.66
2228.0,12133.12,8646.0,12309.74,9872.0,12055.91,18845.0,12019.62,6707.0,12164.58,8281.0,12037.28,2906.0,12396.08
8646.0,12412.04,9872.0,12564.68,18845.0,11462.09,6707.0,12411.8,8281.0,12998.74,2906.0,11632.65,6609.0,12086.76
9872.0,12765.45,18845.0,11960.76,6707.0,11842.82,8281.0,13081.35,2906.0,12457.53,6609.0,11649.96,3213.0,12783.25
18845.0,12252.03,6707.0,12141.37,8281.0,12339.03,2906.0,12329.85,6609.0,12154.56,3213.0,11732.46,9164.0,12405.66
6707.0,12211.48,8281.0,12710.96,2906.0,11593.05,6609.0,12163.93,3213.0,12324.47,9164.0,11530.07,1686.0,11910.94
8281.0,12829.15,2906.0,12179.82,6609.0,11537.07,3213.0,12594.92,9164.0,12545.31,1686.0,11365.46,2411.0,12037.36
2906.0,12401.2,6609.0,11986.41,3213.0,11836.2,9164.0,12585.31,1686.0,12203.66,2411.0,11195.84,5666.0,12177.95
6609.0,12130.38,3213.0,12366.85,9164.0,11697.6,1686.0,12229.91,2411.0,11914.02,5666.0,11095.06,3385.0,11931.18
3213.0,12419.88,9164.0,12325.31,1686.0,11492.52,2411.0,12193.98,5666.0,12033.48,3385.0,11039.56,35072.0,11787.07
9164.0,12366.3,1686.0,12084.55,2411.0,11423.56,5666.0,12300.73,3385.0,12096.81,35072.0,10820.17,4502.0,11704.36
1686.0,12223.5,2411.0,12161.95,5666.0,11530.12,3385.0,12247.52,35072.0,11939.16,4502.0,10880.72,34920.0,11834.59
2411.0,12196.53,5666.0,12205.78,3385.0,11455.53,35072.0,12198.4,4502.0,11934.2,34920.0,10787.63,2499.0,11744.83
5666.0,12233.91,3385.0,12165.42,35072.0,11421.22,4502.0,12219.84,34920.0,11884.65,2499.0,10741.47,6549.0,11746.0
3385.0,12191.72,35072.0,12131.54,4502.0,11455.28,34920.0,12152.69,2499.0,11871.34,6549.0,10745.9,6908.0,11710.36
35072.0,12159.09,4502.0,12197.61,34920.0,11379.49,2499.0,12152.64,6549.0,11911.84,6908.0,10703.35,9387.0,11672.47
4502.0,12182.64,34920.0,12095.22,2499.0,11585.13,6549.0,12094.89,6908.0,11885.9,9387.0,11093.95,4254.0,11944.74
34920.0,12129.32,2499.0,12268.33,6549.0,11424.34,6908.0,12177.84,9387.0,12235.22,4254.0,10984.43,1885.0,11851.2
2499.0,12291.12,6549.0,12084.04,6908.0,11688.59,9387.0,12363.06,4254.0,12040.57,1885.0,11417.58,485.0,12348.75
6549.0,12212.1,6908.0,12252.86,9387.0,11732.32,4254.0,12238.49,1885.0,12376.79,485.0,11365.09,9400.0,12101.98
6908.0,12339.38,9387.0,12291.02,4254.0,11567.02,1885.0,12509.08,485.0,12251.05,9400.0,11299.59,30258.0,12180.17
9387.0,12457.07,4254.0,12134.83,1885.0,11837.7,485.0,12379.03,9400.0,12232.68,30258.0,11355.15,2141.0,12105.65
4254.0,12230.58,1885.0,12315.24,485.0,11617.83,9400.0,12324.41,30258.0,12201.05,2141.0,11147.3,9343.0,11908.39
1885.0,12401.54,485.0,12239.46,9400.0,11551.55,30258.0,12382.8,2141.0,12098.28,9343.0,11045.55,6493.0,11915.04
485.0,12330.6,9400.0,12138.4,30258.0,11591.51,2141.0,12325.26,9343.0,11988.76,6493.0,10901.31,9535.0,11866.55
9400.0,12179.82,30258.0,12206.62,2141.0,11464.67,9343.0,12197.1,6493.0,11853.02,9535.0,10747.71,3359.0,11698.14
30258.0,12262.36,2141.0,12211.07,9343.0,11446.23,6493.0,12116.75,9535.0,11876.65,3359.0,10816.76,26635.0,11696.04
2141.0,12190.78,9343.0,12108.33,6493.0,11510.68,9535.0,12086.14,3359.0,11978.06,26635.0,11023.07,5531.0,11824.83
9343.0,12180.75,6493.0,12250.91,9535.0,11385.4,3359.0,12254.7,26635.0,12197.31,5531.0,10928.16,4734.0,11865.71
6493.0,12307.35,9535.0,12067.65,3359.0,11595.41,26635.0,12415.23,5531.0,11974.26,4734.0,11068.32,8458.0,12148.06
9535.0,12161.02,3359.0,12193.15,26635.0,11706.26,5531.0,12148.66,4734.0,12036.09,8458.0,11117.49,4945.0,11934.87
3359.0,12228.04,26635.0,12337.79,5531.0,11442.98,4734.0,12232.47,8458.0,12140.74,4945.0,11056.44,53848.0,11832.43
26635.0,12424.81,5531.0,12125.42,4734.0,11532.52,8458.0,12392.16,4945.0,12170.65,53848.0,11003.03,2990.0,11916.06
5531.0,12191.38,4734.0,12099.23,8458.0,11741.93,4945.0,12253.57,53848.0,11978.6,2990.0,11182.42,5997.0,12062.16
4734.0,12152.52,8458.0,12356.51,4945.0,11516.29,53848.0,12181.11,2990.0,12142.05,5997.0,11077.07,6539.0,11878.62
8458.0,12406.98,4945.0,12170.11,53848.0,11496.5,2990.0,12414.78,5997.0,12089.64,6539.0,11051.66,18227.0,12026.89
4945.0,12270.24,53848.0,12080.59,2990.0,11700.43,5997.0,12255.49,6539.0,12031.44,18227.0,11084.1,8528.0,11955.71
53848.0,12170.27,2990.0,12340.64,5997.0,11486.28,6539.0,12197.93,18227.0,12086.43,8528.0,10986.71,6165.0,11790.74
2990.0,12345.37,5997.0,12111.74,6539.0,11768.78,18227.0,12164.95,8528.0,12071.34,6165.0,11552.68,8630.0,12195.43
5997.0,12209.09,6539.0,12322.61,18227.0,11527.84,8528.0,12311.26,6165.0,12565.94,8630.0,11270.59,76998.0,12020.26
6539.0,12436.23,18227.0,12129.78,8528.0,11650.85,6165.0,12697.04,8630.0,12140.11,76998.0,11329.4,5063.0,12444.39
18227.0,12322.29,8528.0,12142.97,6165.0,12012.59,8630.0,12232.26,76998.0,12117.06,5063.0,11450.67,2152.0,12164.88
8528.0,12191.4,6165.0,12473.12,8630.0,11530.43,76998.0,12189.41,5063.0,12276.84,2152.0,11306.46,67458.0,11848.71
6165.0,12604.21,8630.0,12204.55,76998.0,11545.94,5063.0,12490.8,2152.0,12403.69,67458.0,11260.86,1180.0,12017.23
8630.0,12348.2,76998.0,12044.64,5063.0,11744.13,2152.0,12522.86,67458.0,12143.98,1180.0,11107.13,53035.0,12124.04
76998.0,12141.22,5063.0,12286.93,2152.0,11704.18,67458.0,12213.88,1180.0,11889.1,53035.0,11102.04,8415.0,11966.0
5063.0,12268.06,2152.0,12249.37,67458.0,11909.11,1180.0,11904.84,53035.0,12060.58,8415.0,11912.24,4235.0,12272.54
2152.0,12310.02,67458.0,12419.08,1180.0,11369.65,53035.0,12360.12,8415.0,12951.69,4235.0,11491.96,2031.0,12054.39
67458.0,12674.05,1180.0,12003.82,53035.0,11784.82,8415.0,13039.78,4235.0,12395.88,2031.0,11614.97,8407.0,12829.21
1180.0,12228.07,53035.0,12039.46,8415.0,12698.26,4235.0,12095.44,2031.0,12160.35,8407.0,12496.72,5790.0,12828.52
53035.0,12145.68,8415.0,12994.63,4235.0,11427.51,2031.0,12245.22,8407.0,13105.68,5790.0,11806.81,45594.0,11961.0
8415.0,13164.62,4235.0,11948.21,2031.0,12015.92,8407.0,13109.9,5790.0,12711.94,45594.0,12397.02,4804.0,13125.16
4235.0,12351.72,2031.0,12116.14,8407.0,12487.8,5790.0,12562.62,45594.0,12849.61,4804.0,12153.39,62215.0,12680.86
2031.0,12303.76,8407.0,12747.72,5790.0,11729.49,45594.0,12681.03,4804.0,12415.93,62215.0,11803.03,18633.0,12453.0
8407.0,13015.33,5790.0,12178.08,45594.0,12043.46,4804.0,12589.16,62215.0,12493.51,18633.0,11808.93,2316.0,12309.95
5790.0,12355.92,45594.0,12236.68,4804.0,11743.05,62215.0,12461.93,18633.0,12398.18,2316.0,11266.56,60740.0,11878.25
45594.0,12462.58,4804.0,12387.87,62215.0,11597.1,18633.0,12411.01,2316.0,12127.7,60740.0,11171.94,21638.0,11903.23
4804.0,12458.75,62215.0,12085.4,18633.0,11873.97,2316.0,12224.08,60740.0,12052.4,21638.0,11490.49,5718.0,12160.36
62215.0,12140.75,18633.0,12342.47,2316.0,11460.78,60740.0,12232.08,21638.0,12335.56,5718.0,11130.95,869.0,11874.45
18633.0,12461.17,2316.0,12126.82,60740.0,11915.84,21638.0,12328.54,5718.0,12114.08,869.0,11976.35,3043.0,12667.21
2316.0,12266.39,60740.0,12290.02,21638.0,11868.83,5718.0,12241.88,869.0,12810.28,3043.0,11904.42,9321.0,12334.65
60740.0,12519.48,21638.0,12387.06,5718.0,11648.46,869.0,12847.57,3043.0,12685.18,9321.0,11775.14,64156.0,12612.19
21638.0,12638.34,5718.0,11985.19,869.0,12562.41,3043.0,12470.41,9321.0,12446.54,64156.0,12567.48,8872.0,12959.4
5718.0,12178.87,869.0,12708.04,3043.0,11895.8,9321.0,12342.02,64156.0,13055.4,8872.0,12137.69,2624.0,12321.33
869.0,12923.82,3043.0,12337.15,9321.0,11752.2,64156.0,13110.29,8872.0,12794.01,2624.0,11980.64,4274.0,12774.18
8098.0,12367.54,3797.0,12098.43,6701.0,11522.11,55537.0,12556.02,1680.0,12079.98,7391.0,11064.92,1571.0,12189.95
3797.0,12225.01,6701.0,12100.14,55537.0,11853.55,1680.0,12210.76,7391.0,11997.5,1571.0,11195.63,3517.0,12043.31
6701.0,12138.87,55537.0,12428.97,1680.0,11431.56,7391.0,12178.97,1571.0,12132.37,3517.0,10987.31,28183.0,11732.61
55537.0,12484.21,1680.0,12136.52,7391.0,11479.39,1571.0,12396.07,3517.0,12108.09,28183.0,10978.94,40308.0,11886.18
1680.0,12184.78,7391.0,12016.18,1571.0,11927.45,3517.0,12115.94,28183.0,11995.06,40308.0,11505.53,9693.0,12214.59
7391.0,12066.0,1571.0,12500.58,3517.0,11410.54,28183.0,12210.49,40308.0,12444.61,9693.0,11206.9,16937.0,11938.5
1571.0,12604.95,3517.0,12083.24,28183.0,11632.52,40308.0,12687.04,9693.0,12175.0,16937.0,11370.36,6351.0,12455.6
3517.0,12263.13,28183.0,12064.16,40308.0,11964.42,9693.0,12267.82,16937.0,12162.56,6351.0,11330.7,57358.0,12093.57
28183.0,12181.41,40308.0,12535.8,9693.0,11459.18,16937.0,12238.22,6351.0,12202.31,57358.0,11124.52,5991.0,11775.13
40308.0,12605.5,9693.0,12104.16,16937.0,11678.17,6351.0,12376.55,57358.0,12221.28,5991.0,11349.29,8773.0,12046.86
9693.0,12183.85,16937.0,12126.22,6351.0,11834.01,57358.0,12248.06,5991.0,12278.26,8773.0,11484.22,3956.0,12187.18
16937.0,12213.66,6351.0,12397.28,57358.0,11576.29,5991.0,12405.48,8773.0,12317.1,3956.0,11402.4,995.0,12252.21
6351.0,12529.93,57358.0,12117.82,5991.0,11875.22,8773.0,12485.93,3956.0,12227.81,995.0,11647.41,870.0,12490.55
57358.0,12270.76,5991.0,12263.49,8773.0,11805.68,3956.0,12298.22,995.0,12394.1,870.0,11498.99,4822.0,12103.0
5991.0,12406.51,8773.0,12336.37,3956.0,11906.67,995.0,12279.0,870.0,12401.61,4822.0,12038.52,3156.0,12419.47
8773.0,12511.29,3956.0,12340.35,995.0,11715.43,870.0,12560.43,4822.0,12926.38,3156.0,11714.92,15292.0,12274.05
3956.0,12555.04,995.0,12129.09,870.0,11895.46,4822.0,12910.24,3156.0,12364.83,15292.0,11651.53,9295.0,12683.39
995.0,12376.46,870.0,12246.93,4822.0,12148.01,3156.0,12342.32,15292.0,12175.65,9295.0,11644.04,43378.0,12290.46
870.0,12347.76,4822.0,12544.73,3156.0,11515.35,15292.0,12290.59,9295.0,12306.79,43378.0,11237.72,2954.0,11781.9
4822.0,12690.02,3156.0,12138.04,15292.0,11517.29,9295.0,12517.99,43378.0,12249.87,2954.0,11048.06,3954.0,11841.95
3156.0,12307.32,15292.0,12071.74,9295.0,11668.76,43378.0,12362.66,2954.0,11987.48,3954.0,10859.78,13482.0,11825.33
15292.0,12115.15,9295.0,12297.4,43378.0,11452.82,2954.0,12151.49,3954.0,11767.57,13482.0,10715.96,2909.0,11663.81
9295.0,12305.16,43378.0,12189.12,2954.0,11442.94,3954.0,12082.03,13482.0,11828.56,2909.0,10845.29,4499.0,11724.56
43378.0,12178.17,2954.0,12110.56,3954.0,11361.87,13482.0,12134.46,2909.0,11999.86,4499.0,10764.81,5984.0,11684.33
2954.0,12168.01,3954.0,12125.1,13482.0,11647.74,2909.0,12105.55,4499.0,11975.68,5984.0,11332.23,1348.0,12130.8
3954.0,12187.69,13482.0,12288.83,2909.0,11495.3,4499.0,12254.79,5984.0,12425.11,1348.0,11214.86,6690.0,12016.19
13482.0,12394.85,2909.0,12130.89,4499.0,11616.76,5984.0,12601.35,1348.0,12188.88,6690.0,11263.61,2112.0,12319.13
2909.0,12286.73,4499.0,12136.22,5984.0,11952.77,1348.0,12255.5,6690.0,12130.91,2112.0,11436.11,39858.0,12163.41
4499.0,12211.82,5984.0,12465.99,1348.0,11489.58,6690.0,12271.59,2112.0,12307.59,39858.0,11146.18,6386.0,11815.98
5984.0,12559.43,1348.0,12137.34,6690.0,11552.57,2112.0,12524.13,39858.0,12171.43,6386.0,11076.46,6540.0,11996.32
1348.0,12256.6,6690.0,12083.08,2112.0,11728.32,39858.0,12313.2,6386.0,11979.7,6540.0,10962.58,2380.0,11915.78
6690.0,12118.81,2112.0,12340.55,39858.0,11438.6,6386.0,12162.8,6540.0,11864.82,2380.0,10792.18,8193.0,11696.77
2112.0,12372.22,39858.0,12174.97,6386.0,11427.66,6540.0,12187.54,2380.0,11909.93,8193.0,10823.48,77593.0,11731.55
39858.0,12200.23,6386.0,12089.3,6540.0,11398.14,2380.0,12196.28,8193.0,11950.06,77593.0,10669.4,40564.0,11650.91
6386.0,12125.4,6540.0,12145.04,2380.0,11621.42,8193.0,12053.2,77593.0,11844.8,40564.0,11159.98,4723.0,11975.97
6540.0,12166.86,2380.0,12299.96,8193.0,11417.4,77593.0,12158.52,40564.0,12301.21,4723.0,11060.9,2421.0,11862.38
2380.0,12357.05,8193.0,12091.55,77593.0,11519.34,40564.0,12533.21,4723.0,12113.66,2421.0,11111.91,6741.0,12212.42
8193.0,12241.52,77593.0,12115.42,40564.0,11821.75,4723.0,12259.64,2421.0,12052.49,6741.0,11193.29,3517.0,12068.08
77593.0,12167.21,40564.0,12386.44,4723.0,11513.02,2421.0,12197.31,6741.0,12115.58,3517.0,11083.45,6760.0,11814.83
40564.0,12386.8,4723.0,12105.23,2421.0,11925.24,6741.0,12100.74,3517.0,12179.74,6760.0,11914.01,3898.0,12351.0
4723.0,12181.8,2421.0,12364.46,6741.0,11745.3,3517.0,12274.62,6760.0,12876.23,3898.0,11934.03,325.0,12412.91
2421.0,12537.01,6741.0,12239.34,3517.0,11756.93,6760.0,12976.34,3898.0,12665.16,325.0,11895.76,789.0,12946.2
6741.0,12566.38,3517.0,12082.24,6760.0,12387.6,3898.0,12638.34,325.0,12384.06,789.0,12087.26,9053.0,12835.59
3517.0,12275.61,6760.0,12594.37,3898.0,11881.35,325.0,12287.04,789.0,12531.83,9053.0,11767.02,9011.0,12050.71
6760.0,12809.48,3898.0,12422.98,325.0,11574.17,789.0,12632.2,9053.0,12666.97,9011.0,11490.16,8764.0,11971.56
3898.0,12638.77,325.0,11984.71,789.0,11842.86,9053.0,12723.87,9011.0,12309.64,8764.0,11191.42,23968.0,12112.18
325.0,12128.57,789.0,12280.71,9053.0,11751.54,9011.0,12301.66,8764.0,11814.27,23968.0,10948.4,8024.0,11896.66
789.0,12308.16,9053.0,12379.58,9011.0,11427.54,8764.0,12104.95,23968.0,11787.52,8024.0,10806.55,7326.0,11653.39
9053.0,12376.21,9011.0,12086.73,8764.0,11302.85,23968.0,12165.24,8024.0,11903.24,7326.0,10618.64,369.0,11536.48
9011.0,12184.67,8764.0,12094.76,23968.0,11387.0,8024.0,12126.91,7326.0,11868.91,369.0,10674.09,42921.0,11627.28
8764.0,12141.19,23968.0,12183.96,8024.0,11386.64,7326.0,12124.65,369.0,11910.99,42921.0,10742.64,6110.0,11699.91
23968.0,12188.48,8024.0,12133.97,7326.0,11422.5,369.0,12204.51,42921.0,11929.27,6110.0,10797.92,8213.0,11814.84
8024.0,12140.39,7326.0,12112.62,369.0,11594.07,42921.0,12132.07,6110.0,11927.24,8213.0,11062.6,3982.0,11969.72
7326.0,12145.25,369.0,12271.1,42921.0,11474.06,6110.0,12181.75,8213.0,12161.28,3982.0,11056.17,7630.0,11909.65
369.0,12327.66,42921.0,12150.23,6110.0,11536.95,8213.0,12396.63,3982.0,12128.73,7630.0,11111.14,1792.0,12078.68
42921.0,12262.89,6110.0,12146.54,8213.0,11666.83,3982.0,12316.56,7630.0,12102.82,1792.0,11065.12,257.0,11975.32
6110.0,12179.32,8213.0,12229.25,3982.0,11774.22,7630.0,12125.82,1792.0,12027.26,257.0,11460.21,7933.0,12109.4
8213.0,12295.09,3982.0,12371.04,7630.0,11488.48,1792.0,12277.44,257.0,12493.71,7933.0,11262.31,6812.0,11942.6
3982.0,12471.82,7630.0,12075.54,1792.0,11632.05,257.0,12666.2,7933.0,12199.76,6812.0,11256.33,8642.0,12333.93
7630.0,12250.26,1792.0,12137.79,257.0,11920.43,7933.0,12279.66,6812.0,12052.06,8642.0,11293.21,9957.0,12125.21
1792.0,12204.03,257.0,12453.11,7933.0,11513.48,6812.0,12188.67,8642.0,12135.15,9957.0,11140.71,8099.0,11812.27
257.0,12534.12,7933.0,12175.76,6812.0,11464.22,8642.0,12403.94,9957.0,12222.01,8099.0,11006.22,52361.0,11828.59
7933.0,12303.99,6812.0,12067.74,8642.0,11586.62,9957.0,12400.78,8099.0,12014.78,52361.0,10822.14,5859.0,11854.14
6812.0,12120.82,8642.0,12225.36,9957.0,11555.6,8099.0,12158.87,52361.0,11769.23,5859.0,10815.72,9053.0,11766.25
8642.0,12233.49,9957.0,12265.65,8099.0,11401.54,52361.0,12084.58,5859.0,11903.83,9053.0,10789.3,1761.0,11657.1
9957.0,12250.37,8099.0,12096.46,52361.0,11357.97,5859.0,12213.22,9053.0,11948.68,1761.0,10741.92,66394.0,11720.39
8099.0,12175.36,52361.0,12121.91,5859.0,11502.36,9053.0,12178.08,1761.0,11928.58,66394.0,10863.81,7998.0,11841.98
52361.0,12143.12,5859.0,12199.1,9053.0,11465.34,1761.0,12176.35,66394.0,11970.85,7998.0,10891.76,71745.0,11833.53
5859.0,12195.3,9053.0,12124.26,1761.0,11757.81,66394.0,12066.94,7998.0,12016.47,71745.0,11505.78,934.0,12187.59
9053.0,12186.32,1761.0,12354.43,66394.0,11483.19,7998.0,12274.7,71745.0,12572.05,934.0,11320.16,7179.0,12042.43
1761.0,12477.13,66394.0,12099.52,7998.0,11691.06,71745.0,12714.3,934.0,12258.88,7179.0,11440.73,838.0,12509.21
66394.0,12302.73,7998.0,12151.64,71745.0,12012.74,934.0,12327.94,7179.0,12204.5,838.0,11461.61,8831.0,12216.73
7998.0,12175.66,71745.0,12409.65,934.0,11909.66,7179.0,12066.7,838.0,12229.22,8831.0,11964.53,7185.0,12276.65
71745.0,12534.84,934.0,12445.33,7179.0,11535.81,838.0,12468.32,8831.0,12966.75,7185.0,11671.0,6677.0,12154.98
934.0,12593.28,7179.0,11907.73,838.0,12241.08,8831.0,12793.66,7185.0,12415.13,6677.0,12388.74,491.0,13195.21
7179.0,12200.12,838.0,12478.86,8831.0,12169.04,7185.0,12368.87,6677.0,12844.78,491.0,12147.1,481.0,12583.37
838.0,12669.52,8831.0,12515.22,7185.0,11763.76,6677.0,12857.55,491.0,12619.83,481.0,12007.21,1177.0,12687.34
8831.0,12841.54,7185.0,12071.31,6677.0,12202.36,491.0,12635.65,481.0,12645.08,1177.0,11907.97,9255.0,12374.76
9042.0,12263.54,2968.0,12121.1,5936.0,11550.11,652.0,12267.19,2417.0,11980.67,2382.0,11108.6,8260.0,12043.04
2968.0,12194.02,5936.0,12184.41,652.0,11612.9,2417.0,12203.48,2382.0,12160.52,8260.0,11133.66,1286.0,11980.37
5936.0,12249.31,652.0,12249.42,2417.0,11493.83,2382.0,12367.9,8260.0,12127.71,1286.0,11066.84,2659.0,12008.45
652.0,12355.64,2417.0,12133.45,2382.0,11675.75,8260.0,12318.95,1286.0,12080.0,2659.0,11132.72,48885.0,12003.94
2417.0,12214.56,2382.0,12256.96,8260.0,11530.92,1286.0,12265.92,2659.0,12103.27,48885.0,10938.66,7186.0,11790.76
2382.0,12317.48,8260.0,12206.97,1286.0,11471.54,2659.0,12319.43,48885.0,11980.02,7186.0,10851.4,8979.0,11794.04
8260.0,12263.63,1286.0,12131.02,2659.0,11518.72,48885.0,12235.36,7186.0,11904.67,8979.0,10756.32,35442.0,11738.04
1286.0,12132.68,2659.0,12186.06,48885.0,11429.49,7186.0,12138.64,8979.0,11810.5,35442.0,10710.18,35716.0,11680.42
2659.0,12209.5,48885.0,12199.2,7186.0,11356.99,8979.0,12137.63,35442.0,11879.25,35716.0,10671.51,2118.0,11652.94
48885.0,12199.64,7186.0,12093.47,8979.0,11367.18,35442.0,12199.08,35716.0,11845.79,2118.0,10631.96,6139.0,11692.76
7186.0,12089.66,8979.0,12085.33,35442.0,11698.07,35716.0,11955.98,2118.0,11828.22,6139.0,11242.5,3287.0,11997.04
8979.0,12097.74,35442.0,12384.02,35716.0,11344.65,2118.0,12138.66,6139.0,12413.03,3287.0,11102.15,50347.0,11856.93
35442.0,12452.79,35716.0,12044.06,2118.0,11566.43,6139.0,12646.23,3287.0,12180.7,50347.0,11248.62,1097.0,12386.01
35716.0,12191.31,2118.0,12052.26,6139.0,12151.73,3287.0,12164.4,50347.0,12111.74,1097.0,11737.22,1517.0,12407.28
2118.0,12091.36,6139.0,12588.13,3287.0,11666.1,50347.0,12125.41,1097.0,12549.94,1517.0,11799.75,3955.0,12169.51
6139.0,12736.69,3287.0,12254.64,50347.0,11599.82,1097.0,12791.13,1517.0,12785.8,3955.0,11662.01,61594.0,12445.05
3287.0,12516.63,50347.0,11956.37,1097.0,12126.36,1517.0,12768.22,3955.0,12330.85,61594.0,11633.66,3249.0,12600.19
50347.0,12154.91,1097.0,12479.88,1517.0,11912.22,3955.0,12249.44,61594.0,12150.08,3249.0,11456.12,5057.0,12049.26
1097.0,12521.95,1517.0,12395.1,3955.0,11769.69,61594.0,12190.44,3249.0,12286.32,5057.0,11792.28,4201.0,12137.0
1517.0,12524.06,3955.0,12226.02,61594.0,11526.28,3249.0,12528.26,5057.0,12746.71,4201.0,11322.35,6665.0,12004.92
3955.0,12456.04,61594.0,12085.1,3249.0,11754.33,5057.0,12777.58,4201.0,12105.5,6665.0,11266.51,73998.0,12432.78
61594.0,12266.37,3249.0,12218.86,5057.0,11978.55,4201.0,12169.1,6665.0,11932.37,73998.0,11318.07,4455.0,12050.45
3249.0,12200.25,5057.0,12426.43,4201.0,11707.71,6665.0,11925.1,73998.0,12173.53,4455.0,11716.93,5891.0,11992.91
5057.0,12546.55,4201.0,12347.89,6665.0,11354.67,73998.0,12476.16,4455.0,12878.68,5891.0,11393.67,5581.0,11999.44
4201.0,12581.41,6665.0,11911.08,73998.0,11835.64,4455.0,12953.1,5891.0,12272.04,5581.0,11416.31,1464.0,12665.62
6665.0,12133.64,73998.0,12218.75,4455.0,12147.44,5891.0,12212.37,5581.0,11971.35,1464.0,11481.72,14582.0,12225.5
73998.0,12272.8,4455.0,12645.18,5891.0,11443.49,5581.0,12130.01,1464.0,12246.6,14582.0,11239.74,4460.0,11718.31
4455.0,12659.9,5891.0,11993.14,5581.0,11862.32,1464.0,12282.47,14582.0,12355.96,4460.0,11917.39,3832.0,12327.09
5891.0,12215.37,5581.0,12329.91,1464.0,11657.95,14582.0,12471.85,4460.0,12862.01,3832.0,11505.26,5842.0,12216.41
5581.0,12489.54,1464.0,12180.21,14582.0,11796.17,4460.0,12888.72,3832.0,12153.43,5842.0,11589.24,2586.0,12765.34
1464.0,12423.16,14582.0,12173.76,4460.0,12224.9,3832.0,12221.01,5842.0,12181.94,2586.0,11729.26,59374.0,12304.49
14582.0,12246.8,4460.0,12590.62,3832.0,11401.23,5842.0,12266.49,2586.0,12436.35,59374.0,11222.52,3047.0,11686.48
4460.0,12793.47,3832.0,12123.96,5842.0,11628.96,2586.0,12581.45,59374.0,12359.82,3047.0,11324.84,4506.0,12053.81
3832.0,12282.15,5842.0,12058.47,2586.0,11765.93,59374.0,12452.97,3047.0,12171.04,4506.0,11008.7,9780.0,11966.33
5842.0,12127.57,2586.0,12349.15,59374.0,11548.09,3047.0,12262.92,4506.0,11779.91,9780.0,10902.47,8190.0,11880.73
2586.0,12387.29,59374.0,12217.72,3047.0,11524.71,4506.0,12114.33,9780.0,11895.87,8190.0,10926.85,4974.0,11755.64
59374.0,12220.81,3047.0,12138.4,4506.0,11321.29,9780.0,12185.66,8190.0,12008.96,4974.0,10693.44,1661.0,11594.03
3047.0,12213.48,4506.0,12092.84,9780.0,11754.9,8190.0,12032.7,4974.0,11933.57,1661.0,11470.29,13365.0,12141.54
4506.0,12143.95,9780.0,12365.86,8190.0,11421.21,4974.0,12229.63,1661.0,12570.74,13365.0,11206.8,4322.0,11946.87
9780.0,12468.12,8190.0,12075.61,4974.0,11607.89,1661.0,12750.92,13365.0,12164.12,4322.0,11297.31,2608.0,12485.84
8190.0,12270.96,4974.0,12091.11,1661.0,12092.59,13365.0,12222.88,4322.0,12089.34,2608.0,11500.26,8082.0,12234.74
4974.0,12145.03,1661.0,12562.89,13365.0,11467.65,4322.0,12187.08,2608.0,12312.46,8082.0,11228.38,6310.0,11780.56
1661.0,12678.36,13365.0,12158.36,4322.0,11520.22,2608.0,12556.33,8082.0,12335.57,6310.0,11171.55,8437.0,11998.21
13365.0,12306.58,4322.0,12016.32,2608.0,11746.59,8082.0,12463.87,6310.0,12064.38,8437.0,10951.48,4995.0,11987.25
4322.0,12071.59,2608.0,12320.82,8082.0,11621.82,6310.0,12133.08,8437.0,11770.04,4995.0,10978.44,43134.0,11849.14
2608.0,12341.15,8082.0,12312.47,6310.0,11400.94,8437.0,12117.63,4995.0,12031.4,43134.0,10904.46,7612.0,11692.57
8082.0,12327.04,6310.0,12050.2,8437.0,11362.45,4995.0,12334.34,43134.0,12019.61,7612.0,10737.95,10666.0,11752.84
6310.0,12180.16,8437.0,12119.65,4995.0,11576.82,43134.0,12188.94,7612.0,11879.38,10666.0,10871.88,73422.0,11844.46
8437.0,12134.16,4995.0,12257.1,43134.0,11433.47,7612.0,12130.58,10666.0,11950.54,73422.0,10829.13,61776.0,11725.54
4995.0,12271.67,43134.0,12159.04,7612.0,11426.26,10666.0,12234.27,73422.0,11982.39,61776.0,10858.33,5838.0,11807.51
43134.0,12208.5,7612.0,12116.76,10666.0,11501.41,73422.0,12238.05,61776.0,11979.46,5838.0,10838.77,2114.0,11828.08
7612.0,12119.73,10666.0,12149.48,73422.0,11707.32,61776.0,12068.54,5838.0,11915.78,2114.0,11312.35,544.0,12077.09
10666.0,12190.43,73422.0,12353.45,61776.0,11457.31,5838.0,12195.0,2114.0,12400.78,544.0,11209.85,3832.0,11947.65
73422.0,12431.09,61776.0,12087.16,5838.0,11604.76,2114.0,12597.24,544.0,12214.44,3832.0,11297.89,119.0,12338.94
61776.0,12202.28,5838.0,12053.6,2114.0,12319.02,544.0,12057.3,3832.0,12155.96,119.0,12207.86,10241.0,12641.61
5838.0,12088.83,2114.0,12659.48,544.0,11817.25,3832.0,12101.86,119.0,12976.27,10241.0,12406.81,4596.0,12524.07
2114.0,12870.59,544.0,12292.05,3832.0,11747.48,119.0,13156.18,10241.0,13241.28,4596.0,12279.37,8074.0,13074.03
544.0,12724.84,3832.0,11925.76,119.0,12591.33,10241.0,13079.56,4596.0,12653.2,8074.0,12361.27,6814.0,13243.09
3832.0,12245.76,119.0,12669.51,10241.0,12225.12,4596.0,12374.0,8074.0,12492.84,6814.0,12033.3,1529.0,12303.71
119.0,12857.74,10241.0,12614.6,4596.0,11616.63,8074.0,12573.94,6814.0,12675.82,1529.0,11635.16,2147.0,11926.93
10241.0,12836.62,4596.0,11989.06,8074.0,11739.61,6814.0,12789.62,1529.0,12444.7,2147.0,11137.9,29663.0,11962.06
4596.0,12195.35,8074.0,12183.14,6814.0,11810.66,1529.0,12367.05,2147.0,11785.1,29663.0,10946.35,1598.0,11921.33
8074.0,12216.44,6814.0,12414.8,1529.0,11465.32,2147.0,12022.42,29663.0,11737.98,1598.0,10819.12,35513.0,11627.72
6814.0,12388.26,1529.0,12138.76,2147.0,11277.59,29663.0,12131.01,1598.0,11911.24,35513.0,10720.39,9855.0,11598.34
1529.0,12237.38,2147.0,12048.2,29663.0,11389.16,1598.0,12170.47,35513.0,11969.64,9855.0,10743.85,2346.0,11694.44
2147.0,12151.14,29663.0,12189.47,1598.0,11403.04,35513.0,12202.61,9855.0,11955.67,2346.0,10761.59,69496.0,11758.36
29663.0,12221.73,1598.0,12142.51,35513.0,11451.13,9855.0,12232.66,2346.0,11912.06,69496.0,10771.3,2120.0,11782.65
1598.0,12145.98,35513.0,12124.2,9855.0,11623.85,2346.0,12082.46,69496.0,11900.08,2120.0,11071.4,53218.0,11905.04
2587.0,12191.81,6185.0,12400.58,5345.0,11482.29,69831.0,12246.18,9116.0,12172.0,133.0,11087.26,7566.0,11840.89
6185.0,12489.14,5345.0,12154.74,69831.0,11531.12,9116.0,12418.06,133.0,12160.39,7566.0,11026.08,3621.0,11910.72
5345.0,12248.16,69831.0,12100.11,9116.0,11634.25,133.0,12320.76,7566.0,11998.46,3621.0,10909.76,28546.0,11869.92
69831.0,12146.47,9116.0,12279.71,133.0,11492.64,7566.0,12177.63,3621.0,11877.22,28546.0,10837.19,5074.0,11754.57
9116.0,12239.76,133.0,12120.23,7566.0,11817.94,3621.0,11954.41,28546.0,11923.14,5074.0,11615.74,3310.0,12187.22
133.0,12153.92,7566.0,12383.08,3621.0,11398.14,28546.0,12215.0,5074.0,12691.11,3310.0,11345.17,7151.0,11995.68
7566.0,12554.61,3621.0,12079.78,28546.0,11624.96,5074.0,12867.82,3310.0,12314.48,7151.0,11432.77,39184.0,12630.65
3621.0,12320.37,28546.0,12049.1,5074.0,12212.96,3310.0,12319.41,7151.0,12141.02,39184.0,11637.17,2952.0,12371.92
28546.0,12148.93,5074.0,12640.94,3310.0,11522.28,7151.0,12189.62,39184.0,12369.95,2952.0,11291.86,2609.0,11761.6
5074.0,12732.27,3310.0,12158.09,7151.0,11645.3,39184.0,12517.0,2952.0,12368.91,2609.0,11469.9,6205.0,12122.39
3310.0,12324.92,7151.0,12083.37,39184.0,11771.4,2952.0,12487.63,2609.0,12344.68,6205.0,11163.73,2357.0,12072.16
7151.0,12178.84,39184.0,12309.16,2952.0,11623.83,2609.0,12407.12,6205.0,11873.68,2357.0,11061.27,34315.0,12088.5
39184.0,12395.76,2952.0,12233.31,2609.0,11688.98,6205.0,12130.24,2357.0,11951.47,34315.0,11145.08,2869.0,11894.37
2952.0,12222.04,2609.0,12197.36,6205.0,11568.74,2357.0,12071.96,34315.0,12147.67,2869.0,11303.16,7781.0,11872.53
2609.0,12355.88,6205.0,12309.61,2357.0,11416.11,34315.0,12370.17,2869.0,12486.77,7781.0,11182.23,4585.0,11956.64
6205.0,12444.71,2357.0,12022.67,34315.0,11685.31,2869.0,12657.96,7781.0,12135.57,4585.0,11170.05,43629.0,12308.67
2357.0,12161.26,34315.0,12185.58,2869.0,11881.72,7781.0,12199.55,4585.0,11949.58,43629.0,11212.8,4802.0,12033.36
34315.0,12232.83,2869.0,12472.6,7781.0,11410.52,4585.0,12159.75,43629.0,12131.74,4802.0,11003.55,3711.0,11686.73
2869.0,12499.98,7781.0,12054.22,4585.0,11618.56,43629.0,12308.61,4802.0,12134.11,3711.0,11274.84,9619.0,12016.3
7781.0,12185.74,4585.0,12202.13,43629.0,11575.06,4802.0,12316.11,3711.0,12298.1,9619.0,11045.77,49391.0,11931.03
4585.0,12271.22,43629.0,12209.29,4802.0,11576.47,3711.0,12442.89,9619.0,11941.3,49391.0,11097.45,6011.0,12155.77
43629.0,12312.44,4802.0,12170.46,3711.0,11737.06,9619.0,12168.57,49391.0,12028.43,6011.0,11150.18,7454.0,11944.44
4802.0,12169.58,3711.0,12262.88,9619.0,11634.04,49391.0,12085.91,6011.0,12127.35,7454.0,11423.24,11452.0,11992.9
3711.0,12391.68,9619.0,12322.33,49391.0,11473.31,6011.0,12369.71,7454.0,12562.16,11452.0,11297.84,37714.0,12010.78
9619.0,12457.96,49391.0,12034.38,6011.0,11700.12,7454.0,12714.42,11452.0,12207.46,37714.0,11246.41,6893.0,12373.75
49391.0,12196.19,6011.0,12179.79,7454.0,11966.8,11452.0,12230.29,37714.0,11985.4,6893.0,11352.88,4868.0,12139.37
6011.0,12196.53,7454.0,12453.04,11452.0,11733.35,37714.0,12004.88,6893.0,12206.6,4868.0,11685.08,387.0,12059.47
7454.0,12532.42,11452.0,12308.9,37714.0,11430.76,6893.0,12489.72,4868.0,12750.32,387.0,11407.21,7854.0,12058.36
11452.0,12533.76,37714.0,11974.32,6893.0,11848.78,4868.0,12818.15,387.0,12278.48,7854.0,11439.62,39660.0,12562.22
37714.0,12166.17,6893.0,12244.68,4868.0,12068.69,387.0,12229.12,7854.0,12047.26,39660.0,11526.76,6474.0,12230.17
6893.0,12288.86,4868.0,12534.37,387.0,11678.53,7854.0,12095.02,39660.0,12312.31,6474.0,11685.69,5591.0,12042.16
4868.0,12643.5,387.0,12223.05,7854.0,11510.22,39660.0,12566.27,6474.0,12715.38,5591.0,11433.32,37750.0,12094.44
387.0,12472.54,7854.0,12021.35,39660.0,11856.76,6474.0,12745.56,5591.0,12266.94,37750.0,11368.98,67233.0,12429.38
7854.0,12201.34,39660.0,12300.39,6474.0,11898.38,5591.0,12278.23,37750.0,11997.55,67233.0,11285.11,113.0,12073.9
39660.0,12361.76,6474.0,12436.31,5591.0,11513.77,37750.0,12188.04,67233.0,12118.62,113.0,11139.38,2086.0,11763.14
6474.0,12474.53,5591.0,12082.58,37750.0,11653.96,67233.0,12248.58,113.0,12209.53,2086.0,11371.52,400.0,11988.88
5591.0,12239.27,37750.0,12255.65,67233.0,11549.21,113.0,12366.57,2086.0,12399.28,400.0,11169.02,8290.0,12006.92
37750.0,12359.38,67233.0,12154.36,113.0,11650.37,2086.0,12543.1,400.0,12030.57,8290.0,11205.55,3607.0,12282.34
67233.0,12259.66,113.0,12145.48,2086.0,12023.5,400.0,12073.04,8290.0,12039.29,3607.0,11664.38,7902.0,12251.63
113.0,12144.93,2086.0,12446.4,400.0,11767.69,8290.0,12003.65,3607.0,12560.94,7902.0,12069.86,39182.0,12278.87
2086.0,12643.1,400.0,12363.03,8290.0,11531.25,3607.0,12799.67,7902.0,13101.55,39182.0,11813.24,558.0,12528.96
400.0,12672.34,8290.0,11902.78,3607.0,12197.51,7902.0,13067.83,39182.0,12428.93,558.0,11874.49,9303.0,12993.46
8290.0,12190.63,3607.0,12429.12,7902.0,12232.6,39182.0,12263.98,558.0,12222.2,9303.0,11752.04,57318.0,12243.66
3607.0,12523.51,7902.0,12657.97,39182.0,11496.42,558.0,12323.56,9303.0,12444.77,57318.0,11416.89,4628.0,11778.05
7902.0,12810.7,39182.0,12031.42,558.0,11583.25,9303.0,12661.06,57318.0,12423.75,4628.0,11107.97,6062.0,11907.88
39182.0,12223.73,558.0,12074.02,9303.0,11766.44,57318.0,12430.13,4628.0,11909.96,6062.0,10921.77,8504.0,11969.58
558.0,12091.66,9303.0,12333.84,57318.0,11742.2,4628.0,11951.44,6062.0,11723.06,8504.0,11288.14,61446.0,11976.6
9303.0,12337.72,57318.0,12378.96,4628.0,11278.68,6062.0,12140.9,8504.0,12337.46,61446.0,11024.77,50177.0,11731.72
57318.0,12477.68,4628.0,11955.59,6062.0,11506.75,8504.0,12558.5,61446.0,12132.98,50177.0,11096.18,7874.0,12160.73
4628.0,12137.65,6062.0,12086.38,8504.0,12152.38,61446.0,12016.17,50177.0,12092.98,7874.0,11869.93,2386.0,12390.87
6062.0,12142.03,8504.0,12650.73,61446.0,11396.6,50177.0,12279.59,7874.0,12769.35,2386.0,11484.86,2247.0,12006.26
8504.0,12814.15,61446.0,12017.02,50177.0,11739.33,7874.0,12955.42,2386.0,12438.11,2247.0,11588.41,42642.0,12650.4
61446.0,12274.31,50177.0,12048.33,7874.0,12238.82,2386.0,12381.51,2247.0,12203.19,42642.0,11590.43,287.0,12339.07
50177.0,12088.88,7874.0,12604.49,2386.0,11870.29,2247.0,12011.36,42642.0,12222.33,287.0,11973.66,861.0,12212.25
7874.0,12675.91,2386.0,12369.26,2247.0,11757.93,42642.0,12380.46,287.0,12964.32,861.0,12206.01,7932.0,12468.07
2386.0,12606.41,2247.0,12081.55,42642.0,11870.26,287.0,13031.46,861.0,12929.58,7932.0,11932.95,9935.0,12873.31
2247.0,12455.26,42642.0,12202.48,287.0,12331.25,861.0,12748.67,7932.0,12317.04,9935.0,12062.53,806.0,12904.94
42642.0,12430.15,287.0,12572.92,861.0,12000.33,7932.0,12293.8,9935.0,12454.76,806.0,11836.96,8270.0,12149.29
287.0,12686.94,861.0,12353.69,7932.0,11769.91,9935.0,12416.89,806.0,12610.09,8270.0,11887.05,6722.0,12120.53
861.0,12640.78,7932.0,12245.21,9935.0,11698.13,806.0,12701.37,8270.0,12795.38,6722.0,11448.87,1553.0,12133.67
7932.0,12446.42,9935.0,12111.32,806.0,11836.93,8270.0,12784.13,6722.0,12034.67,1553.0,11236.76,885.0,12385.74
9935.0,12271.18,806.0,12281.74,8270.0,11948.54,6722.0,12100.48,1553.0,11827.61,885.0,11281.48,3173.0,11981.76
806.0,12287.04,8270.0,12461.71,6722.0,11324.71,1553.0,12067.5,885.0,12156.56,3173.0,11008.34,7389.0,11558.3
8270.0,12588.69,6722.0,12087.83,1553.0,11339.82,885.0,12450.93,3173.0,12243.08,7389.0,10877.75,5935.0,11773.47
6722.0,12249.2,1553.0,11988.2,885.0,11677.4,3173.0,12366.95,7389.0,11937.44,5935.0,10888.29,5797.0,11955.57
1553.0,12034.03,885.0,12314.11,3173.0,11535.28,7389.0,12088.07,5935.0,11825.14,5797.0,10866.07,6379.0,11761.62
885.0,12317.38,3173.0,12266.34,7389.0,11345.28,5935.0,12182.64,5797.0,11973.86,6379.0,10799.75,8952.0,11703.96
3173.0,12290.55,7389.0,12027.89,5935.0,11416.07,5797.0,12280.25,6379.0,11947.82,8952.0,10690.43,1396.0,11723.46
7389.0,12113.82,5935.0,12169.66,5797.0,11471.15,6379.0,12155.46,8952.0,11837.23,1396.0,10707.05,5121.0,11709.68
5935.0,12161.91,5797.0,12208.74,6379.0,11397.1,8952.0,12120.9,1396.0,11855.26,5121.0,10727.02,707.0,11678.29
5797.0,12204.78,6379.0,12136.12,8952.0,11386.42,1396.0,12174.85,5121.0,11918.11,707.0,10711.26,45547.0,11707.42
6379.0,12150.6,8952.0,12121.16,1396.0,11425.98,5121.0,12193.85,707.0,11874.8,45547.0,10725.61,30120.0,11768.3
8952.0,12142.53,1396.0,12167.57,5121.0,11457.38,707.0,12146.47,45547.0,11873.26,30120.0,10788.1,79015.0,11778.69
9263.0,12593.91,25214.0,12678.09,716.0,11672.42,7816.0,12946.53,244.0,13039.52,657.0,12148.49,6889.0,12741.06
25214.0,13058.55,716.0,11974.34,7816.0,12405.88,244.0,12976.66,657.0,12700.61,6889.0,12306.65,4694.0,12910.81
716.0,12300.61,7816.0,12459.05,244.0,12256.86,657.0,12400.59,6889.0,12612.09,4694.0,12060.3,67497.0,12323.14
7816.0,12641.54,244.0,12643.31,657.0,11570.6,6889.0,12625.86,4694.0,12637.81,67497.0,11576.99,4137.0,12045.06
244.0,12888.64,657.0,12002.96,6889.0,11911.39,4694.0,12773.15,67497.0,12312.92,4137.0,11433.68,75155.0,12309.01
657.0,12165.75,6889.0,12203.52,4694.0,11796.42,67497.0,12295.1,4137.0,11965.42,75155.0,11028.98,9178.0,11852.14
6889.0,12344.86,4694.0,12494.9,67497.0,11411.47,4137.0,12147.65,75155.0,11909.93,9178.0,10930.77,571.0,11666.62
4694.0,12512.92,67497.0,12037.77,4137.0,11403.84,75155.0,12253.95,9178.0,12026.78,571.0,10787.74,3603.0,11635.2
67497.0,12161.19,4137.0,12117.16,75155.0,11425.93,9178.0,12208.7,571.0,11940.17,3603.0,10682.72,5764.0,11663.61
4137.0,12115.57,75155.0,12132.72,9178.0,11790.32,571.0,11951.48,3603.0,11820.51,5764.0,11512.76,67320.0,12178.39
75155.0,12158.19,9178.0,12410.67,571.0,11383.03,3603.0,12174.21,5764.0,12615.78,67320.0,11267.55,3736.0,11958.43
9178.0,12448.6,571.0,11946.22,3603.0,12016.52,5764.0,12553.59,67320.0,12231.23,3736.0,12227.07,66873.0,13042.72
571.0,12214.07,3603.0,12391.22,5764.0,12108.42,67320.0,12280.53,3736.0,12977.28,66873.0,12191.0,2279.0,12577.14
3603.0,12573.34,5764.0,12476.02,67320.0,11689.88,3736.0,12985.6,66873.0,12771.97,2279.0,11945.22,5368.0,12741.76
5764.0,12839.64,67320.0,12045.2,3736.0,12372.96,66873.0,12725.5,2279.0,12574.74,5368.0,12051.85,12787.0,12618.31
67320.0,12261.99,3736.0,12534.99,66873.0,11858.98,2279.0,12440.6,5368.0,12485.6,12787.0,11505.46,5387.0,11976.56
3736.0,12616.02,66873.0,12302.32,2279.0,11974.5,5368.0,12340.3,12787.0,12249.08,5387.0,12029.64,6528.0,12379.98
66873.0,12478.83,2279.0,12337.64,5368.0,11688.71,12787.0,12475.63,5387.0,12805.65,6528.0,11523.89,7222.0,12149.81
2279.0,12423.63,5368.0,12040.25,12787.0,12081.15,5387.0,12607.34,6528.0,12103.49,7222.0,12170.57,2243.0,12975.2
5368.0,12365.21,12787.0,12495.58,5387.0,12051.74,6528.0,12198.52,7222.0,12827.21,2243.0,12095.72,2750.0,12409.62
12787.0,12638.0,5387.0,12378.96,6528.0,11582.57,7222.0,12879.83,2243.0,12705.16,2750.0,11789.31,4759.0,12501.53
5387.0,12792.53,6528.0,12051.77,7222.0,12293.08,2243.0,12615.76,2750.0,12576.47,4759.0,12015.88,56269.0,12518.26
6528.0,12260.58,7222.0,12514.02,2243.0,11778.9,2750.0,12481.83,4759.0,12537.63,56269.0,11472.34,9540.0,12012.08
7222.0,12667.2,2243.0,12306.75,2750.0,11682.17,4759.0,12609.74,56269.0,12218.0,9540.0,11335.37,7481.0,12104.98
2243.0,12464.02,2750.0,12104.24,4759.0,11817.02,56269.0,12374.21,9540.0,12080.97,7481.0,11129.15,3279.0,11971.6
2750.0,12154.64,4759.0,12314.47,56269.0,11449.52,9540.0,12205.78,7481.0,11897.0,3279.0,10831.55,2890.0,11687.69
4759.0,12439.67,56269.0,12236.62,9540.0,11437.61,7481.0,12192.72,3279.0,11941.43,2890.0,10870.86,3479.0,11730.95
56269.0,12253.32,9540.0,12050.41,7481.0,11407.17,3279.0,12216.46,2890.0,11960.11,3479.0,10697.32,9349.0,11645.03
9540.0,12112.7,7481.0,12148.63,3279.0,11731.25,2890.0,11976.46,3479.0,11886.38,9349.0,11388.92,9710.0,12067.13
7481.0,12169.9,3279.0,12374.2,2890.0,11401.53,3479.0,12193.13,9349.0,12510.96,9710.0,11239.35,9677.0,11959.32
3279.0,12469.93,2890.0,12047.46,3479.0,11617.25,9349.0,12714.41,9710.0,12233.24,9677.0,11343.15,4077.0,12488.23
2890.0,12255.95,3479.0,12112.25,9349.0,12028.94,9710.0,12296.84,9677.0,12137.97,4077.0,11457.6,74667.0,12254.03
3479.0,12197.33,9349.0,12522.52,9710.0,11520.16,9677.0,12238.96,4077.0,12261.02,74667.0,11213.55,5177.0,11824.29
9349.0,12629.4,9710.0,12173.26,9677.0,11531.74,4077.0,12493.04,74667.0,12283.46,5177.0,11105.67,6967.0,11899.33
9710.0,12296.23,9677.0,12052.49,4077.0,11705.24,74667.0,12397.99,5177.0,12042.45,6967.0,10954.36,29153.0,11922.75
9677.0,12100.23,4077.0,12304.72,74667.0,11554.24,5177.0,12165.82,6967.0,11830.51,29153.0,10901.68,3622.0,11813.38
4077.0,12316.16,74667.0,12240.55,5177.0,11453.97,6967.0,12148.63,29153.0,11938.77,3622.0,10927.52,2691.0,11798.06
74667.0,12259.18,5177.0,12097.34,6967.0,11410.44,29153.0,12233.92,3622.0,12018.44,2691.0,10813.56,5101.0,11761.52
5177.0,12146.8,6967.0,12087.4,29153.0,11909.6,3622.0,11970.18,2691.0,11962.38,5101.0,11750.65,4654.0,12317.87
6967.0,12153.52,29153.0,12489.68,3622.0,11430.12,2691.0,12237.42,5101.0,12816.18,4654.0,11467.95,18868.0,12056.37
29153.0,12637.66,3622.0,12041.55,2691.0,11709.52,5101.0,12965.79,4654.0,12384.62,18868.0,11597.18,1833.0,12769.52
3622.0,12295.06,2691.0,12047.38,5101.0,12439.06,4654.0,12263.19,18868.0,12232.98,1833.0,12024.76,48707.0,12585.71
2691.0,12153.08,5101.0,12787.71,4654.0,11516.22,18868.0,12266.01,1833.0,12653.73,48707.0,11548.34,6515.0,11918.02
5101.0,12954.58,4654.0,12125.16,18868.0,11636.62,1833.0,12864.18,48707.0,12516.99,6515.0,11463.94,8349.0,12299.7
4654.0,12372.14,18868.0,11971.86,1833.0,12055.41,48707.0,12510.62,6515.0,12157.85,8349.0,11253.27,4832.0,12155.13
18868.0,12062.74,1833.0,12534.31,48707.0,11561.64,6515.0,12164.6,8349.0,11898.19,4832.0,11012.0,4194.0,11756.13
1833.0,12570.33,48707.0,12240.39,6515.0,11515.6,8349.0,12201.96,4832.0,12042.49,4194.0,11131.23,7070.0,11838.38
48707.0,12288.18,6515.0,12055.08,8349.0,11426.57,4832.0,12313.19,4194.0,12164.29,7070.0,10800.37,2340.0,11731.3
6515.0,12165.76,8349.0,12142.69,4832.0,11779.8,4194.0,12139.38,7070.0,11869.95,2340.0,11443.56,9888.0,12232.5
8349.0,12207.32,4832.0,12374.73,4194.0,11536.94,7070.0,12149.35,2340.0,12460.2,9888.0,11320.25,8368.0,11972.22
4832.0,12456.99,4194.0,12137.87,7070.0,11544.49,2340.0,12646.47,9888.0,12285.32,8368.0,11322.61,4247.0,12332.63
4194.0,12364.58,7070.0,12093.09,2340.0,11973.45,9888.0,12358.72,8368.0,12205.88,4247.0,11438.88,9417.0,12223.16
7070.0,12190.03,2340.0,12445.83,9888.0,11572.76,8368.0,12288.46,4247.0,12232.65,9417.0,11184.56,898.0,11873.17
2340.0,12540.0,9888.0,12207.73,8368.0,11570.04,4247.0,12429.28,9417.0,12188.32,898.0,11133.45,70238.0,11931.84
9888.0,12319.01,8368.0,12109.57,4247.0,11626.32,9417.0,12372.81,898.0,12070.42,70238.0,10907.53,7939.0,11862.73
8368.0,12155.08,4247.0,12233.09,9417.0,11540.46,898.0,12205.79,70238.0,11815.4,7939.0,10874.9,9726.0,11814.53
4247.0,12276.41,9417.0,12243.93,898.0,11473.73,70238.0,12108.06,7939.0,11942.88,9726.0,10899.41,4729.0,11744.0
9417.0,12245.94,898.0,12131.7,70238.0,11357.53,7939.0,12240.7,9726.0,12004.68,4729.0,10764.76,6278.0,11726.2
898.0,12230.84,70238.0,12122.96,7939.0,11525.35,9726.0,12215.66,4729.0,11933.56,6278.0,10903.34,58060.0,11867.37
70238.0,12162.76,7939.0,12205.36,9726.0,11449.84,4729.0,12195.22,6278.0,11993.42,58060.0,10809.52,3326.0,11755.78
7939.0,12179.18,9726.0,12092.71,4729.0,11842.13,6278.0,12010.2,58060.0,11926.68,3326.0,11636.09,8960.0,12255.47
9726.0,12149.34,4729.0,12427.81,6278.0,11464.16,58060.0,12205.36,3326.0,12716.43,8960.0,11405.6,8834.0,12028.59
4729.0,12544.1,6278.0,12075.15,58060.0,11664.85,3326.0,12867.6,8960.0,12325.78,8834.0,11531.59,2963.0,12686.37
6278.0,12331.16,58060.0,12085.91,3326.0,12214.97,8960.0,12340.75,8834.0,12230.22,2963.0,11683.29,3890.0,12401.49
58060.0,12183.0,3326.0,12611.33,8960.0,11567.14,8834.0,12260.8,2963.0,12362.21,3890.0,11373.74,3983.0,11881.67
3326.0,12696.64,8960.0,12134.56,8834.0,11899.12,2963.0,12377.15,3890.0,12397.37,3983.0,11929.69,7503.0,12359.19
8960.0,12318.33,8834.0,12274.76,2963.0,11710.86,3890.0,12527.14,3983.0,12767.51,7503.0,11452.35,1296.0,12178.42
8834.0,12430.81,2963.0,12204.11,3890.0,11794.81,3983.0,12761.14,7503.0,12082.58,1296.0,11492.18,7670.0,12582.29
2963.0,12413.58,3890.0,12223.41,3983.0,12085.69,7503.0,12182.71,1296.0,12145.27,7670.0,11612.05,3707.0,12196.94
3890.0,12276.94,3983.0,12488.64,7503.0,11385.5,1296.0,12279.74,7670.0,12377.87,3707.0,11160.2,2035.0,11714.95
3983.0,12702.78,7503.0,12126.99,1296.0,11574.32,7670.0,12557.88,3707.0,12290.78,2035.0,11164.32,6989.0,11991.87
7503.0,12269.29,1296.0,12056.49,7670.0,11729.79,3707.0,12397.71,2035.0,12042.33,6989.0,10933.94,8890.0,11909.48
1296.0,12112.14,7670.0,12342.82,3707.0,11524.48,2035.0,12158.85,6989.0,11797.93,8890.0,10871.38,7302.0,11767.64
7670.0,12363.27,3707.0,12230.55,2035.0,11393.12,6989.0,12162.76,8890.0,11941.84,7302.0,10783.18,8478.0,11675.04
3707.0,12235.82,2035.0,12048.62,6989.0,11398.22,8890.0,12217.36,7302.0,11899.09,8478.0,10703.52,4320.0,11698.1
2035.0,12146.31,6989.0,12194.15,8890.0,11437.72,7302.0,12131.86,8478.0,11895.94,4320.0,10753.04,4170.0,11713.89
6989.0,12199.03,8890.0,12172.18,7302.0,11368.9,8478.0,12203.95,4320.0,11906.84,4170.0,10702.09,8263.0,11713.86
8890.0,12196.34,7302.0,12106.03,8478.0,11465.43,4320.0,12179.09,4170.0,11871.75,8263.0,10757.77,11741.0,11758.05
7302.0,12120.5,8478.0,12183.9,4320.0,11443.42,4170.0,12127.78,8263.0,11907.68,11741.0,10786.19,5353.0,11736.36
8478.0,12188.56,4320.0,12180.46,4170.0,11410.11,8263.0,12192.9,11741.0,11948.8,5353.0,10810.36,42663.0,11785.37
4320.0,12205.78,4170.0,12122.26,8263.0,11493.95,11741.0,12217.32,5353.0,11951.25,42663.0,10869.19,1906.0,11858.0
4170.0,12154.22,8263.0,12182.42,11741.0,11476.84,5353.0,12200.48,42663.0,11964.0,1906.0,10850.94,2460.0,11816.89
8263.0,12219.47,11741.0,12189.8,5353.0,11465.06,42663.0,12224.74,1906.0,11960.8,2460.0,10856.99,5908.0,11815.93
11741.0,12219.73,5353.0,12147.13,42663.0,11504.87,1906.0,12207.13,2460.0,11965.44,5908.0,10877.05,20252.0,11809.5
5353.0,12177.96,42663.0,12188.57,1906.0,11497.03,2460.0,12186.06,5908.0,11983.36,20252.0,10915.68,9460.0,11823.33
42663.0,12221.79,1906.0,12192.17,2460.0,11461.51,5908.0,12245.27,20252.0,12017.5,9460.0,10886.52,3087.0,11842.97
1906.0,12199.89,2460.0,12094.85,5908.0,11740.97,20252.0,12129.45,9460.0,11958.38,3087.0,11358.2,7063.0,12141.14
2460.0,12156.7,5908.0,12355.28,20252.0,11467.54,9460.0,12217.56,3087.0,12397.71,7063.0,11166.68,47690.0,11930.98
5908.0,12450.59,20252.0,12126.1,9460.0,11559.31,3087.0,12609.47,7063.0,12159.92,47690.0,11187.42,4730.0,12259.28
20252.0,12286.84,9460.0,12092.53,3087.0,11898.43,7063.0,12267.15,47690.0,12072.47,4730.0,11259.72,7804.0,12069.37
4825.0,12294.19,8070.0,12322.4,596.0,11434.14,5005.0,12409.38,9638.0,12166.47,4853.0,11059.66,5615.0,11964.95
8070.0,12438.53,596.0,12068.48,5005.0,11707.76,9638.0,12369.63,4853.0,12090.94,5615.0,11097.17,3191.0,11986.35
596.0,12136.07,5005.0,12250.0,9638.0,11574.61,4853.0,12222.5,5615.0,12025.94,3191.0,10940.45,34972.0,11793.26
5005.0,12294.68,9638.0,12271.68,4853.0,11416.24,5615.0,12274.09,3191.0,11978.22,34972.0,10827.81,6231.0,11758.39
9638.0,12311.82,4853.0,12079.92,5615.0,11513.58,3191.0,12263.38,34972.0,11892.93,6231.0,10784.26,2243.0,11798.13
4853.0,12099.0,5615.0,12169.52,3191.0,11475.58,34972.0,12103.41,6231.0,11838.36,2243.0,10772.99,6129.0,11705.05
5615.0,12205.27,3191.0,12252.99,34972.0,11360.52,6231.0,12137.97,2243.0,11948.52,6129.0,10782.84,7004.0,11705.71
3191.0,12261.29,34972.0,12075.34,6231.0,11420.77,2243.0,12254.82,6129.0,11952.19,7004.0,10773.5,9139.0,11793.38
34972.0,12139.86,6231.0,12146.33,2243.0,11489.32,6129.0,12188.35,7004.0,11908.92,9139.0,10780.91,5529.0,11783.32
6231.0,12135.66,2243.0,12174.7,6129.0,11614.18,7004.0,12060.93,9139.0,11899.06,5529.0,11164.9,5906.0,11958.64
2243.0,12199.06,6129.0,12286.09,7004.0,11419.87,9139.0,12200.35,5529.0,12302.84,5906.0,11058.26,1672.0,11866.97
6129.0,12358.16,7004.0,12093.59,9139.0,11521.42,5529.0,12536.55,5906.0,12108.38,1672.0,11047.44,7781.0,12157.92
7004.0,12223.17,9139.0,12112.72,5529.0,11816.16,5906.0,12241.1,1672.0,11977.17,7781.0,11156.98,5490.0,12045.54
9139.0,12152.08,5529.0,12394.47,5906.0,11481.92,1672.0,12151.19,7781.0,12098.21,5490.0,11025.14,9061.0,11753.05
5529.0,12443.62,5906.0,12173.25,1672.0,11466.06,7781.0,12353.98,5490.0,12147.06,9061.0,11007.6,5131.0,11865.34
5906.0,12265.4,1672.0,12077.3,7781.0,11601.19,5490.0,12344.61,9061.0,12040.89,5131.0,10910.53,2334.0,11909.24
1672.0,12127.51,7781.0,12237.5,5490.0,11537.23,9061.0,12209.54,5131.0,11863.1,2334.0,10880.98,8161.0,11848.38
7781.0,12271.1,5490.0,12236.0,9061.0,11448.99,5131.0,12167.67,2334.0,11939.95,8161.0,10839.47,6985.0,11743.98
5490.0,12248.64,9061.0,12116.45,5131.0,11429.36,2334.0,12210.19,8161.0,11953.15,6985.0,10796.6,1329.0,11733.63
9061.0,12189.29,5131.0,12173.26,2334.0,11454.61,8161.0,12187.05,6985.0,11961.9,1329.0,10804.67,2624.0,11749.94
5131.0,12195.08,2334.0,12164.44,8161.0,11460.19,6985.0,12212.32,1329.0,11928.61,2624.0,10835.51,6328.0,11812.48
2334.0,12191.17,8161.0,12160.46,6985.0,11473.98,1329.0,12197.76,2624.0,11945.95,6328.0,10828.58,5199.0,11801.35
8161.0,12189.8,6985.0,12178.24,1329.0,11437.99,2624.0,12218.28,6328.0,11931.02,5199.0,10786.79,4955.0,11782.01
6985.0,12206.85,1329.0,12147.4,2624.0,11489.47,6328.0,12182.23,5199.0,11908.53,4955.0,10843.74,3512.0,11793.48
1329.0,12175.54,2624.0,12191.42,6328.0,11449.65,5199.0,12167.32,4955.0,11976.59,3512.0,10830.01,8214.0,11752.09
2624.0,12219.23,6328.0,12171.09,5199.0,11405.82,4955.0,12257.75,3512.0,11964.61,8214.0,10762.33,1671.0,11773.72
6328.0,12211.95,5199.0,12119.44,4955.0,11490.32,3512.0,12230.3,8214.0,11874.65,1671.0,10760.71,2772.0,11792.87
5199.0,12132.69,4955.0,12183.65,3512.0,11459.49,8214.0,12127.06,1671.0,11859.69,2772.0,10756.38,38108.0,11709.1
4955.0,12190.61,3512.0,12201.74,8214.0,11376.54,1671.0,12156.19,2772.0,11923.24,38108.0,10737.99,6590.0,11690.68
3512.0,12216.88,8214.0,12112.74,1671.0,11416.18,2772.0,12220.55,38108.0,11915.42,6590.0,10731.17,9665.0,11756.29
8214.0,12141.31,1671.0,12141.39,2772.0,11451.28,38108.0,12181.15,6590.0,11868.61,9665.0,10726.26,14916.0,11753.96
1671.0,12149.14,2772.0,12182.21,38108.0,11444.38,6590.0,12136.28,9665.0,11864.95,14916.0,10787.18,41478.0,11753.75
2772.0,12191.52,38108.0,12175.88,6590.0,11386.07,9665.0,12179.26,14916.0,11953.6,41478.0,10730.36,9509.0,11707.83
38108.0,12200.45,6590.0,12123.9,9665.0,11419.36,14916.0,12235.33,41478.0,11892.61,9509.0,10716.09,3159.0,11760.37
6590.0,12121.9,9665.0,12107.6,14916.0,11673.13,41478.0,12033.14,9509.0,11859.77,3159.0,11159.74,3257.0,11965.49
9665.0,12117.02,14916.0,12344.08,41478.0,11377.48,9509.0,12153.52,3159.0,12288.28,3257.0,11028.43,7327.0,11830.61
14916.0,12398.29,41478.0,12075.61,9509.0,11543.43,3159.0,12527.82,3257.0,12109.48,7327.0,11151.66,3622.0,12237.62
41478.0,12203.78,9509.0,12095.44,3159.0,11894.14,3257.0,12215.25,7327.0,12078.39,3622.0,11343.76,4043.0,12155.05
9509.0,12121.34,3159.0,12408.85,3257.0,11702.87,7327.0,12097.21,3622.0,12245.66,4043.0,11619.7,6114.0,12127.54
3159.0,12510.08,3257.0,12305.77,7327.0,11560.67,3622.0,12486.03,4043.0,12663.56,6114.0,11523.7,194.0,12202.14
3257.0,12490.98,7327.0,12038.18,3622.0,11828.54,4043.0,12759.39,6114.0,12345.3,194.0,11430.03,1101.0,12470.33
7327.0,12239.1,3622.0,12264.15,4043.0,11964.85,6114.0,12329.98,194.0,12075.03,1101.0,11407.88,4252.0,12174.1
3622.0,12347.57,4043.0,12466.58,6114.0,11568.74,194.0,12221.67,1101.0,12203.38,4252.0,11229.99,5933.0,11815.34
4043.0,12546.78,6114.0,12154.77,194.0,11472.03,1101.0,12442.5,4252.0,12249.31,5933.0,10996.56,1040.0,11807.56
6114.0,12305.0,194.0,12086.22,1101.0,11619.74,4252.0,12386.99,5933.0,11981.34,1040.0,10873.68,43818.0,11887.17
194.0,12137.24,1101.0,12242.86,4252.0,11540.8,5933.0,12153.6,1040.0,11793.96,43818.0,10822.2,1259.0,11764.5
1101.0,12257.78,4252.0,12250.69,5933.0,11356.77,1040.0,12129.38,43818.0,11896.45,1259.0,10717.47,3720.0,11632.1
4252.0,12267.93,5933.0,12082.77,1040.0,11344.34,43818.0,12218.14,1259.0,11890.9,3720.0,10626.45,6880.0,11644.62
5933.0,12149.67,1040.0,12123.96,43818.0,11429.94,1259.0,12141.38,3720.0,11834.3,6880.0,10661.22,2748.0,11670.43
1040.0,12124.12,43818.0,12187.16,1259.0,11372.44,3720.0,12120.32,6880.0,11846.49,2748.0,10666.64,2074.0,11658.11
43818.0,12185.51,1259.0,12143.63,3720.0,11353.44,6880.0,12181.99,2748.0,11872.91,2074.0,10630.42,10381.0,11680.71
1259.0,12112.27,3720.0,12055.83,6880.0,11658.4,2748.0,12025.58,2074.0,11811.88,10381.0,11153.21,6696.0,11996.23
3720.0,12076.21,6880.0,12353.15,2748.0,11354.85,2074.0,12129.64,10381.0,12308.21,6696.0,10984.95,20102.0,11805.13
6880.0,12406.64,2748.0,12078.3,2074.0,11491.13,10381.0,12572.52,6696.0,12075.58,20102.0,11068.68,3203.0,12223.22
2748.0,12214.39,2074.0,12062.6,10381.0,11880.23,6696.0,12209.41,20102.0,12015.22,3203.0,11201.13,29899.0,12054.72
2074.0,12108.35,10381.0,12463.08,6696.0,11418.46,20102.0,12176.53,3203.0,12139.93,29899.0,10984.95,18129.0,11719.95
10381.0,12522.99,6696.0,12140.06,20102.0,11457.74,3203.0,12428.67,29899.0,12121.49,18129.0,10930.1,44913.0,11858.16
6696.0,12218.93,20102.0,12033.02,3203.0,11664.16,29899.0,12289.19,18129.0,11934.38,44913.0,10875.02,1344.0,11875.6
20102.0,12056.3,3203.0,12316.17,29899.0,11459.06,18129.0,12113.8,44913.0,11845.7,1344.0,10813.54,9407.0,11730.7
3203.0,12313.6,29899.0,12185.0,18129.0,11488.15,44913.0,12139.78,1344.0,11939.51,9407.0,11018.74,9476.0,11876.29
29899.0,12209.7,18129.0,12125.38,44913.0,11429.34,1344.0,12233.36,9407.0,12129.64,9476.0,10875.53,75351.0,11802.42
18129.0,12207.97,44913.0,12144.53,1344.0,11659.7,9407.0,12230.56,9476.0,11983.55,75351.0,11269.97,2325.0,12141.49
44913.0,12205.34,1344.0,12257.46,9407.0,11660.99,9476.0,12171.89,75351.0,12302.69,2325.0,11364.22,8945.0,12057.37
1344.0,12300.45,9407.0,12208.01,9476.0,11767.9,75351.0,12351.6,2325.0,12333.81,8945.0,11754.66,3804.0,12441.3
9407.0,12380.27,9476.0,12280.61,75351.0,11765.35,2325.0,12494.49,8945.0,12641.98,3804.0,11619.16,53734.0,12348.58
9476.0,12453.93,75351.0,12209.46,2325.0,11859.44,8945.0,12671.86,3804.0,12327.1,53734.0,11624.94,4123.0,12503.85
75351.0,12407.52,2325.0,12269.87,8945.0,11981.17,3804.0,12342.53,53734.0,12322.5,4123.0,11614.61,38750.0,12184.85
2325.0,12330.09,8945.0,12342.93,3804.0,11997.64,53734.0,12163.89,4123.0,12379.94,38750.0,12149.76,5306.0,12408.75
8945.0,12502.14,3804.0,12447.37,53734.0,11577.93,4123.0,12574.19,38750.0,13023.07,5306.0,11707.86,3802.0,12257.67
3804.0,12697.42,53734.0,12017.33,4123.0,11966.69,38750.0,13039.69,5306.0,12357.74,3802.0,11760.15,6736.0,12893.68
53734.0,12293.33,4123.0,12232.51,38750.0,12268.53,5306.0,12271.65,3802.0,12189.92,6736.0,11750.56,8827.0,12315.1
4123.0,12309.32,38750.0,12629.72,5306.0,11768.14,3802.0,12085.15,6736.0,12410.21,8827.0,11976.84,8065.0,12116.57
38750.0,12796.63,5306.0,12293.32,3802.0,11517.18,6736.0,12659.88,8827.0,13007.41,8065.0,11608.54,880.0,12125.61
5306.0,12560.37,3802.0,11911.95,6736.0,12151.86,8827.0,12859.71,8065.0,12336.08,880.0,11904.98,317.0,12878.55
3802.0,12143.79,6736.0,12444.48,8827.0,12093.02,8065.0,12256.1,880.0,12339.62,317.0,11773.22,6620.0,12330.87
6736.0,12563.74,8827.0,12542.44,8065.0,11561.89,880.0,12499.16,317.0,12414.69,6620.0,11552.87,3726.0,12163.1
8827.0,12733.58,8065.0,12009.92,880.0,11826.9,317.0,12548.26,6620.0,12418.8,3726.0,11442.76,8479.0,12101.07
8065.0,12261.29,880.0,12308.13,317.0,11733.88,6620.0,12379.18,3726.0,12260.4,8479.0,11230.32,26401.0,11949.17
880.0,12400.08,317.0,12306.71,6620.0,11578.91,3726.0,12379.89,8479.0,12081.19,26401.0,11118.28,7503.0,11928.47
317.0,12410.37,6620.0,12156.1,3726.0,11590.85,8479.0,12334.77,26401.0,12038.17,7503.0,10938.82,63088.0,11863.48
6620.0,12199.95,3726.0,12170.15,8479.0,11461.01,26401.0,12236.95,7503.0,11854.76,63088.0,10740.36,42078.0,11711.21
3726.0,12262.67,8479.0,12227.6,26401.0,11460.67,7503.0,12103.48,63088.0,11863.74,42078.0,10813.44,8836.0,11683.95
8479.0,12224.68,26401.0,12148.12,7503.0,11329.63,63088.0,12174.99,42078.0,11968.42,8836.0,10669.86,7003.0,11607.13
26401.0,12208.74,7503.0,12115.58,63088.0,11431.14,42078.0,12214.53,8836.0,11882.61,7003.0,10750.23,8350.0,11774.26
7503.0,12118.01,63088.0,12124.12,42078.0,11589.91,8836.0,12078.65,7003.0,11885.51,8350.0,11023.25,8099.0,11907.2
63088.0,12134.28,42078.0,12280.71,8836.0,11407.44,7003.0,12168.22,8350.0,12141.84,8099.0,10981.48,2188.0,11857.05
42078.0,12282.45,8836.0,12044.23,7003.0,11863.11,8350.0,12194.32,8099.0,12079.28,2188.0,11764.66,782.0,12472.32
8836.0,12128.57,7003.0,12337.65,8350.0,11868.75,8099.0,12144.58,2188.0,12721.62,782.0,12022.5,1954.0,12451.36
7003.0,12491.91,8350.0,12364.76,8099.0,11684.04,2188.0,12832.25,782.0,12836.44,1954.0,11952.72,5359.0,12779.36
8350.0,12674.82,8099.0,12044.32,2188.0,12305.78,782.0,12807.96,1954.0,12564.96,5359.0,12129.44,8393.0,12896.72
8099.0,12292.71,2188.0,12491.43,782.0,12073.45,1954.0,12414.88,5359.0,12540.53,8393.0,11876.26,2514.0,12278.63
2188.0,12669.26,782.0,12497.36,1954.0,11685.65,5359.0,12572.05,8393.0,12572.87,2514.0,11612.84,6986.0,12076.21
1093.0,12607.47,31809.0,12088.89,13459.0,11742.18,3488.0,12549.91,6569.0,12284.4,63302.0,11221.53,530.0,12027.68
31809.0,12212.17,13459.0,12216.15,3488.0,11652.38,6569.0,12369.56,63302.0,12007.9,530.0,10908.13,4189.0,11856.33
13459.0,12240.61,3488.0,12252.37,6569.0,11676.78,63302.0,12111.09,530.0,11781.66,4189.0,11187.31,7063.0,11973.04
3488.0,12266.49,6569.0,12270.73,63302.0,11461.16,530.0,12089.28,4189.0,12211.08,7063.0,11099.95,76222.0,11799.17
6569.0,12354.58,63302.0,12142.36,530.0,11400.22,4189.0,12454.72,7063.0,12181.22,76222.0,11023.48,41388.0,12026.38
63302.0,12322.49,530.0,12072.07,4189.0,11772.19,7063.0,12321.45,76222.0,12051.34,41388.0,11195.98,6805.0,12107.97
530.0,12095.16,4189.0,12260.8,7063.0,11912.32,76222.0,11983.8,41388.0,12119.54,6805.0,11787.31,5563.0,12226.44
4189.0,12348.14,7063.0,12506.02,76222.0,11392.98,41388.0,12390.85,6805.0,12828.28,5563.0,11442.6,8851.0,12040.63
7063.0,12681.88,76222.0,11948.95,41388.0,11792.63,6805.0,12969.76,5563.0,12319.13,8851.0,11477.36,330.0,12671.69
76222.0,12188.92,41388.0,12144.8,6805.0,12205.74,5563.0,12252.18,8851.0,12062.54,330.0,11541.83,2515.0,12255.18
41388.0,12142.7,6805.0,12593.96,5563.0,11867.04,8851.0,11908.98,330.0,12256.59,2515.0,12098.3,2380.0,12214.36
6805.0,12662.57,5563.0,12359.22,8851.0,11639.65,330.0,12458.15,2515.0,13152.09,2380.0,12129.3,7047.0,12421.12
5563.0,12658.19,8851.0,12024.22,330.0,11954.37,2515.0,13173.54,2380.0,12859.03,7047.0,11985.57,2639.0,13068.18
8851.0,12383.79,330.0,12199.4,2515.0,12474.84,2380.0,12641.03,7047.0,12268.22,2639.0,12153.0,9279.0,12910.23
330.0,12398.36,2515.0,12704.56,2380.0,11926.5,7047.0,12230.22,2639.0,12534.95,9279.0,11921.69,44371.0,12107.53
2515.0,12867.8,2380.0,12348.91,7047.0,11507.32,2639.0,12689.41,9279.0,12759.76,44371.0,11451.17,45760.0,11920.19
2380.0,12666.07,7047.0,11994.35,2639.0,11866.44,9279.0,12762.26,44371.0,12309.08,45760.0,11199.72,6490.0,12135.76
7047.0,12138.26,2639.0,12280.35,9279.0,11765.43,44371.0,12295.22,45760.0,11796.09,6490.0,10921.73,5450.0,11852.82
2639.0,12298.54,9279.0,12390.03,44371.0,11438.65,45760.0,12059.87,6490.0,11771.0,5450.0,10836.18,49196.0,11628.75
9279.0,12376.9,44371.0,12101.21,45760.0,11275.27,6490.0,12161.09,5450.0,11953.65,49196.0,10632.28,840.0,11533.98
44371.0,12199.72,45760.0,12065.86,6490.0,11396.99,5450.0,12180.18,49196.0,11871.11,840.0,10701.09,18870.0,11708.26
45760.0,12094.18,6490.0,12135.31,5450.0,11662.04,49196.0,11982.06,840.0,11900.59,18870.0,11251.1,10325.0,12001.03
6490.0,12118.72,5450.0,12293.21,49196.0,11612.02,840.0,12065.98,18870.0,12392.23,10325.0,11615.25,994.0,12201.02
5450.0,12394.02,49196.0,12224.12,840.0,11577.68,18870.0,12627.74,10325.0,12640.3,994.0,11581.05,6829.0,12501.15
49196.0,12453.52,840.0,12058.52,18870.0,12053.06,10325.0,12679.31,994.0,12335.97,6829.0,11749.31,5127.0,12692.64
840.0,12212.78,18870.0,12355.02,10325.0,12226.04,994.0,12145.22,6829.0,12352.02,5127.0,12189.02,19947.0,12478.57
18870.0,12495.74,10325.0,12647.44,994.0,11513.9,6829.0,12501.94,5127.0,12993.38,19947.0,11699.8,4012.0,12075.51
10325.0,12865.77,994.0,11962.68,6829.0,11946.38,5127.0,13022.0,19947.0,12497.12,4012.0,11764.16,5579.0,12716.1
994.0,12241.88,6829.0,12197.17,5127.0,12241.34,19947.0,12369.78,4012.0,12238.19,5579.0,11663.03,9789.0,12335.19
6829.0,12294.34,5127.0,12658.78,19947.0,11513.6,4012.0,12316.09,5579.0,12226.74,9789.0,11303.66,1248.0,11906.66
5127.0,12784.0,19947.0,12090.55,4012.0,11632.78,5579.0,12485.63,9789.0,12252.04,1248.0,11241.62,7840.0,11978.46
19947.0,12264.79,4012.0,12111.62,5579.0,11654.41,9789.0,12335.67,1248.0,12134.02,7840.0,10969.64,1697.0,11817.96
4012.0,12212.54,5579.0,12317.88,9789.0,11572.39,1248.0,12196.51,7840.0,11919.32,1697.0,11099.83,6688.0,11900.6
5579.0,12375.28,9789.0,12219.54,1248.0,11488.5,7840.0,12238.03,1697.0,12139.76,6688.0,10987.91,8070.0,11830.05
9789.0,12263.61,1248.0,12092.94,7840.0,11479.42,1697.0,12353.46,6688.0,11986.83,8070.0,10887.1,4755.0,11902.66
1248.0,12221.12,7840.0,12193.38,1697.0,11631.14,6688.0,12154.93,8070.0,11951.77,4755.0,11041.0,69950.0,11895.46
7840.0,12219.7,1697.0,12268.62,6688.0,11395.67,8070.0,12219.44,4755.0,12091.25,69950.0,10863.77,7363.0,11727.86
1697.0,12334.91,6688.0,12112.78,8070.0,11500.34,4755.0,12320.83,69950.0,11993.82,7363.0,10907.97,635.0,11874.74
6688.0,12184.08,8070.0,12156.0,4755.0,11535.86,69950.0,12221.8,7363.0,11967.09,635.0,10815.42,9794.0,11781.65
8070.0,12170.13,4755.0,12220.11,69950.0,11440.29,7363.0,12197.09,635.0,11867.21,9794.0,10795.05,1924.0,11763.6
4755.0,12245.33,69950.0,12157.81,7363.0,11474.09,635.0,12155.22,9794.0,11928.93,1924.0,10834.68,5821.0,11757.33
69950.0,12171.3,7363.0,12162.03,635.0,11399.83,9794.0,12203.53,1924.0,11957.49,5821.0,10755.84,8512.0,11737.14
7363.0,12151.06,635.0,12074.12,9794.0,11851.7,1924.0,11979.32,5821.0,11905.8,8512.0,11619.0,33062.0,12258.19
635.0,12118.32,9794.0,12443.17,1924.0,11434.97,5821.0,12195.34,8512.0,12697.38,33062.0,11389.61,2159.0,12032.83
9794.0,12569.05,1924.0,12073.14,5821.0,11617.17,8512.0,12891.65,33062.0,12332.8,2159.0,11439.84,28344.0,12632.56
1924.0,12326.86,5821.0,12043.49,8512.0,12251.08,33062.0,12320.59,2159.0,12155.19,28344.0,11677.9,32682.0,12397.8
5821.0,12134.15,8512.0,12658.3,33062.0,11508.25,2159.0,12205.51,28344.0,12384.25,32682.0,11277.57,2166.0,11758.67
8512.0,12774.4,33062.0,12176.41,2159.0,11523.91,28344.0,12614.68,32682.0,12343.78,2166.0,11196.37,45393.0,11992.47
33062.0,12328.86,2159.0,11976.95,28344.0,11819.92,32682.0,12440.15,2166.0,12065.56,45393.0,11005.92,4848.0,11989.49
2159.0,12009.56,28344.0,12353.76,32682.0,11695.2,2166.0,12053.14,45393.0,11791.62,4848.0,11212.79,3478.0,11968.39
28344.0,12385.95,32682.0,12375.78,2166.0,11381.01,45393.0,12175.1,4848.0,12248.44,3478.0,11084.55,29447.0,11827.35
32682.0,12410.69,2166.0,11949.44,45393.0,11636.62,4848.0,12421.39,3478.0,12116.19,29447.0,11296.67,4823.0,12216.34
2166.0,12139.73,45393.0,12237.36,4848.0,11902.77,3478.0,12107.41,29447.0,12294.06,4823.0,11668.91,44906.0,12242.07
45393.0,12330.96,4848.0,12454.46,3478.0,11479.76,29447.0,12483.06,4823.0,12576.66,44906.0,11436.06,1776.0,12172.49
4848.0,12597.84,3478.0,11976.34,29447.0,12106.13,4823.0,12557.71,44906.0,12314.54,1776.0,12000.3,9750.0,12712.15
3478.0,12184.77,29447.0,12431.99,4823.0,11887.79,44906.0,12332.64,1776.0,12672.04,9750.0,11691.75,29438.0,12214.82
29447.0,12575.08,4823.0,12380.07,44906.0,11631.49,1776.0,12744.34,9750.0,12397.06,29438.0,11540.75,4055.0,12373.75
4823.0,12596.26,44906.0,12028.85,1776.0,12196.19,9750.0,12397.32,29438.0,12284.41,4055.0,11821.85,3308.0,12399.89
44906.0,12157.54,1776.0,12525.88,9750.0,11587.28,29438.0,12308.09,4055.0,12474.95,3308.0,11333.15,18307.0,11893.72
1776.0,12651.67,9750.0,12189.88,29438.0,11838.07,4055.0,12491.56,3308.0,12237.26,18307.0,11815.18,7041.0,12471.51
9750.0,12373.21,29438.0,12205.54,4055.0,11823.19,3308.0,12401.23,18307.0,12589.82,7041.0,11481.01,4705.0,12156.28
29438.0,12355.85,4055.0,12311.6,3308.0,11660.16,18307.0,12589.88,7041.0,12176.56,4705.0,11421.74,3150.0,12315.46
4055.0,12511.84,3308.0,12177.12,18307.0,12058.16,7041.0,12222.39,4705.0,12257.72,3150.0,11790.63,4455.0,12285.61
3308.0,12272.87,18307.0,12437.93,7041.0,11491.38,4705.0,12382.04,3150.0,12579.13,4455.0,11311.46,4959.0,11909.51
18307.0,12645.32,7041.0,12147.59,4705.0,11672.32,3150.0,12692.09,4455.0,12256.63,4959.0,11322.76,5085.0,12264.16
7041.0,12315.58,4705.0,12089.53,3150.0,11993.72,4455.0,12293.55,4959.0,12078.31,5085.0,11379.56,1203.0,12142.0
4705.0,12146.2,3150.0,12486.72,4455.0,11477.18,4959.0,12184.47,5085.0,12165.68,1203.0,11117.72,6164.0,11783.02
3150.0,12596.7,4455.0,12180.83,4959.0,11499.18,5085.0,12446.99,1203.0,12178.72,6164.0,11101.48,38626.0,11979.47
4455.0,12286.39,4959.0,12018.75,5085.0,11660.26,1203.0,12348.81,6164.0,12035.21,38626.0,10933.95,7036.0,11896.97
4959.0,12129.12,5085.0,12333.28,1203.0,11511.88,6164.0,12162.72,38626.0,11901.04,7036.0,10899.86,42045.0,11768.17
5085.0,12356.12,1203.0,12209.14,6164.0,11423.27,38626.0,12210.61,7036.0,11993.35,42045.0,10852.18,53734.0,11724.97
1203.0,12247.55,6164.0,12086.42,38626.0,11444.07,7036.0,12254.26,42045.0,11967.58,53734.0,10748.56,3982.0,11735.61
6164.0,12153.39,38626.0,12183.36,7036.0,11440.44,42045.0,12199.99,53734.0,11862.21,3982.0,10713.53,2420.0,11735.59
38626.0,12193.93,7036.0,12167.09,42045.0,11441.46,53734.0,12148.82,3982.0,11834.08,2420.0,10745.4,76239.0,11728.73
7036.0,12138.1,42045.0,12119.37,53734.0,11596.73,3982.0,12011.39,2420.0,11905.11,76239.0,11134.65,7573.0,11904.66
